iter,emax,log_compression
1,266328.6720514161,-0.008298802814695066
2,893.3688013655794,-0.008298802814695066
3,261.21694851098516,-0.008298802814695066
4,218.46241230535094,-0.008298802814695066
5,139.05758401066808,-0.008298802814695066
6,134.12875192960658,-0.008298802814695066
7,14.551319208877757,-0.008298802814695066
8,6.025584096937555,-0.008298802814695066
9,4.681004653057118,-0.008298802814695066
10,2.355624827237054,-0.008298802814695066
11,2.007999463271371,-0.008298802814695066
12,1.6422967318039001,-0.008298802814695066
13,0.6841723589434906,-0.008298802814695066
14,0.3946637479856913,-0.008298802814695066
15,0.3839692963417496,-0.008298802814695066
16,0.2525299124233978,-0.008298802814695066
17,0.10140218225029311,-0.008298802814695066
18,0.09377480871474948,-0.008298802814695066
19,0.08036123670602191,-0.008298802814695066
20,0.07207839492140279,-0.008298802814695066
21,0.02112773629687689,-0.008298802814695066
22,-0.0021335032193113227,-0.008298802814695066
23,-0.0027618887854803267,-0.008298802814695066
24,-0.002876530736704951,-0.008298802814695066
25,-0.003062197219537682,-0.008298802814695066
26,-0.003612983072455468,-0.008298802814695066
27,-0.003655407690498413,-0.008298802814695066
28,-0.0037281084784772556,-0.008298802814695066
29,-0.004619962046066213,-0.008298802814695066
30,-0.004628392351727024,-0.008298802814695066
31,-0.005463018405480417,-0.008298802814695066
32,-0.005503833261086816,-0.008298802814695066
33,-0.0056147309897222105,-0.008298802814695066
34,-0.005731189690797302,-0.008298802814695066
35,-0.005967767110447033,-0.008298802814695066
36,-0.006043587303498074,-0.008298802814695066
37,-0.006181350556604251,-0.008298802814695066
38,-0.006477628543954858,-0.008298802814695066
39,-0.006887285343939412,-0.008298802814695066
40,-0.007031335016401593,-0.008298802814695066
41,-0.00734987753882501,-0.008298802814695066
42,-0.007848062997863232,-0.008298802814695066
43,-0.008020170909670384,-0.008298802814695066
44,-0.008789934329693914,-0.008298802814695066
45,-0.009543949545021479,-0.008298802814695066
46,-0.0095559063573269,-0.008298802814695066
47,-0.010395528496234124,-0.008298802814695066
48,-0.01090046389351818,-0.008298802814695066
49,-0.011251287301550629,-0.008298802814695066
50,-0.011409654567057623,-0.008298802814695066
51,-0.012518846574934428,-0.008298802814695066
52,-0.012578144009831276,-0.008298802814695066
53,-0.012864837794363183,-0.008298802814695066
54,-0.012871518482312378,-0.008298802814695066
55,-0.012954848364009421,-0.008298802814695066
56,-0.013120479145276481,-0.008298802814695066
57,-0.013347868687782937,-0.008298802814695066
58,-0.01377284114269774,-0.008298802814695066
59,-0.013852679494311598,-0.008298802814695066
60,-0.014334396166258786,-0.008298802814695066
61,-0.014494606739609752,-0.008298802814695066
62,-0.014692226225395993,-0.008298802814695066
63,-0.014835150187079666,-0.008298802814695066
64,-0.01502891587779277,-0.008298802814695066
65,-0.0152854366078171,-0.008298802814695066
66,-0.015624972394616878,-0.008298802814695066
67,-0.015881487789182736,-0.008298802814695066
68,-0.01615398844761289,-0.008298802814695066
69,-0.01617361133594498,-0.008298802814695066
70,-0.01637313157427212,-0.008298802814695066
71,-0.016561833790039313,-0.008298802814695066
72,-0.017032027879859767,-0.008298802814695066
73,-0.01746166271091628,-0.008298802814695066
74,-0.017800732715239714,-0.008298802814695066
75,-0.017850285904398487,-0.008298802814695066
76,-0.018213801164156496,-0.008298802814695066
77,-0.01863757027323686,-0.008298802814695066
78,-0.019376695694286274,-0.008298802814695066
79,-0.01938493992479319,-0.008298802814695066
80,-0.0199175672545582,-0.008298802814695066
81,-0.0200768467973457,-0.008298802814695066
82,-0.020514607424759947,-0.008298802814695066
83,-0.020672849708513043,-0.008298802814695066
84,-0.02105496483904425,-0.008298802814695066
85,-0.02121377507167415,-0.008298802814695066
86,-0.02151153765153097,-0.008298802814695066
87,-0.021622365431688537,-0.008298802814695066
88,-0.02233548592577774,-0.008298802814695066
89,-0.02313900948418733,-0.008298802814695066
90,-0.023733450526934447,-0.008298802814695066
91,-0.024368844208409266,-0.008298802814695066
92,-0.02558218374770938,-0.008298802814695066
93,-0.02598535578251321,-0.008298802814695066
94,-0.02629188306309392,-0.008298802814695066
95,-0.02640117706365326,-0.008298802814695066
96,-0.026541046164854257,-0.008298802814695066
97,-0.026621414641026065,-0.008298802814695066
98,-0.026987235099794428,-0.008298802814695066
99,-0.026995947474021155,-0.008298802814695066
100,-0.027202053131798694,-0.008298802814695066
101,-0.027328279127013782,-0.008298802814695066
102,-0.027827828375845114,-0.008298802814695066
103,-0.028140096507470583,-0.008298802814695066
104,-0.028510157957384482,-0.008298802814695066
105,-0.029388995118088325,-0.008298802814695066
106,-0.02949336571915029,-0.008298802814695066
107,-0.03010719515717054,-0.008298802814695066
108,-0.030271647511813073,-0.008298802814695066
109,-0.030336367448326126,-0.008298802814695066
110,-0.030607809014141344,-0.008298802814695066
111,-0.030716957698391424,-0.008298802814695066
112,-0.03076579428290893,-0.008298802814695066
113,-0.03199380672733065,-0.008298802814695066
114,-0.03313964340403185,-0.008298802814695066
115,-0.03378321647916091,-0.008298802814695066
116,-0.035121583294587616,-0.008298802814695066
117,-0.03638785510788313,-0.008298802814695066
118,-0.037315976257869685,-0.008298802814695066
119,-0.03752285774430098,-0.008298802814695066
120,-0.037876699093337254,-0.008298802814695066
121,-0.03859993888352772,-0.008298802814695066
122,-0.03910199164247444,-0.008298802814695066
123,-0.03946147865937356,-0.008298802814695066
124,-0.03976812077643555,-0.008298802814695066
125,-0.040157470120819015,-0.008298802814695066
126,-0.04053256730687074,-0.008298802814695066
127,-0.04079233538966727,-0.008298802814695066
128,-0.04080840973141097,-0.008298802814695066
129,-0.04084755963743382,-0.008298802814695066
130,-0.04214824917699526,-0.008298802814695066
131,-0.04224595175191423,-0.008298802814695066
132,-0.04249634340205368,-0.008298802814695066
133,-0.04330793497054695,-0.008298802814695066
134,-0.04409830831609171,-0.008298802814695066
135,-0.044553677427134286,-0.008298802814695066
136,-0.04538064216338109,-0.008298802814695066
137,-0.0454494354974273,-0.008298802814695066
138,-0.04626935311570203,-0.008298802814695066
139,-0.04671977393883757,-0.008298802814695066
140,-0.0468685017889356,-0.008298802814695066
141,-0.04690163998145887,-0.008298802814695066
142,-0.047628622309268676,-0.008298802814695066
143,-0.04763066870781882,-0.008298802814695066
144,-0.04767776734773546,-0.008298802814695066
145,-0.047897348575175955,-0.008298802814695066
146,-0.04791973608986004,-0.008298802814695066
147,-0.04840210798418616,-0.008298802814695066
148,-0.04878978250909932,-0.008298802814695066
149,-0.04889157395247328,-0.008298802814695066
150,-0.050556918920254545,-0.008298802814695066
151,-0.05123164142074563,-0.008298802814695066
152,-0.05139872811453317,-0.008298802814695066
153,-0.05208483881147831,-0.008298802814695066
154,-0.05236633776164368,-0.008298802814695066
155,-0.054232583874456626,-0.008298802814695066
156,-0.05432691532276546,-0.008298802814695066
157,-0.054412837898816395,-0.008298802814695066
158,-0.055265845586648855,-0.008298802814695066
159,-0.055643100755603324,-0.008298802814695066
160,-0.05566292618374719,-0.008298802814695066
161,-0.05584081263082562,-0.008298802814695066
162,-0.05611323701589683,-0.008298802814695066
163,-0.05631042175833807,-0.008298802814695066
164,-0.05678034390516805,-0.008298802814695066
165,-0.05754420536744228,-0.008298802814695066
166,-0.058444240347504756,-0.008298802814695066
167,-0.05918718823023504,-0.008298802814695066
168,-0.05923575492973179,-0.008298802814695066
169,-0.05971487924917682,-0.008298802814695066
170,-0.05997337138033229,-0.008298802814695066
171,-0.06420031562931597,-0.008298802814695066
172,-0.06442029963509142,-0.008298802814695066
173,-0.06481451174070302,-0.008298802814695066
174,-0.06499755325079096,-0.008298802814695066
175,-0.06549753896219171,-0.008298802814695066
176,-0.06552977835151572,-0.008298802814695066
177,-0.06597355413800407,-0.008298802814695066
178,-0.0670184574042951,-0.008298802814695066
179,-0.06783789443232292,-0.008298802814695066
180,-0.06805335938613247,-0.008298802814695066
181,-0.06840481677203368,-0.008298802814695066
182,-0.06855835999950317,-0.008298802814695066
183,-0.06893652556997071,-0.008298802814695066
184,-0.06921456882665462,-0.008298802814695066
185,-0.06970841031126664,-0.008298802814695066
186,-0.07012128819258963,-0.008298802814695066
187,-0.07092566751510704,-0.008298802814695066
188,-0.07100667248179625,-0.008298802814695066
189,-0.07111320514677517,-0.008298802814695066
190,-0.07178890732157536,-0.008298802814695066
191,-0.07221558394549482,-0.008298802814695066
192,-0.07224962627573464,-0.008298802814695066
193,-0.0723397444503305,-0.008298802814695066
194,-0.07414608985847466,-0.008298802814695066
195,-0.07515031753162997,-0.008298802814695066
196,-0.07637624013597437,-0.008298802814695066
197,-0.07778821131316206,-0.008298802814695066
198,-0.07844440909280095,-0.008298802814695066
199,-0.07854169066915474,-0.008298802814695066
200,-0.0792002918719427,-0.008298802814695066
201,-0.07957061955546056,-0.008298802814695066
202,-0.07988408269392178,-0.008298802814695066
203,-0.08124651730413214,-0.008298802814695066
204,-0.08177931788041215,-0.008298802814695066
205,-0.08275317068539768,-0.008298802814695066
206,-0.08319393401467202,-0.008298802814695066
207,-0.0836680893940074,-0.008298802814695066
208,-0.08459120117996195,-0.008298802814695066
209,-0.0848819396841796,-0.008298802814695066
210,-0.08509056486639717,-0.008298802814695066
211,-0.08517174465270294,-0.008298802814695066
212,-0.08571477938686267,-0.008298802814695066
213,-0.08688137722258212,-0.008298802814695066
214,-0.08695156079200775,-0.008298802814695066
215,-0.0870893171643533,-0.008298802814695066
216,-0.08842244779253033,-0.008298802814695066
217,-0.0885524892375521,-0.008298802814695066
218,-0.08866486601807569,-0.008298802814695066
219,-0.08869993095564037,-0.008298802814695066
220,-0.08878532598807756,-0.008298802814695066
221,-0.08894820823261504,-0.008298802814695066
222,-0.08941312453547767,-0.008298802814695066
223,-0.08956262930584029,-0.008298802814695066
224,-0.08993704606745861,-0.008298802814695066
225,-0.09035641616770848,-0.008298802814695066
226,-0.09097774789210636,-0.008298802814695066
227,-0.09160473891555428,-0.008298802814695066
228,-0.09177946630167438,-0.008298802814695066
229,-0.09189250062112915,-0.008298802814695066
230,-0.09247936408969462,-0.008298802814695066
231,-0.0925929323002255,-0.008298802814695066
232,-0.09273917865773479,-0.008298802814695066
233,-0.09274480693431852,-0.008298802814695066
234,-0.09297381095701084,-0.008298802814695066
235,-0.09316967912616261,-0.008298802814695066
236,-0.09459577120528612,-0.008298802814695066
237,-0.0947688570094875,-0.008298802814695066
238,-0.09507972326285012,-0.008298802814695066
239,-0.09548981831816615,-0.008298802814695066
240,-0.0957601227986897,-0.008298802814695066
241,-0.09588656133724062,-0.008298802814695066
242,-0.09604166153855802,-0.008298802814695066
243,-0.09640451630247569,-0.008298802814695066
244,-0.09690614092536524,-0.008298802814695066
245,-0.09693214468142683,-0.008298802814695066
246,-0.09698705639199448,-0.008298802814695066
247,-0.09811127046620799,-0.008298802814695066
248,-0.09814807202473322,-0.008298802814695066
249,-0.09833129028329096,-0.008298802814695066
250,-0.09836562044188636,-0.008298802814695066
251,-0.09890001388287249,-0.008298802814695066
252,-0.09934350311799726,-0.008298802814695066
253,-0.09958321408233622,-0.008298802814695066
254,-0.0996142880668981,-0.008298802814695066
255,-0.10001529519081587,-0.008298802814695066
256,-0.10006262203431034,-0.008298802814695066
257,-0.10010362753795793,-0.008298802814695066
258,-0.10031096430288879,-0.008298802814695066
259,-0.1003951594839603,-0.008298802814695066
260,-0.10042290035607626,-0.008298802814695066
261,-0.10064132470304327,-0.008298802814695066
262,-0.10094702006148214,-0.008298802814695066
263,-0.10128292738377905,-0.008298802814695066
264,-0.10169255564253446,-0.008298802814695066
265,-0.10207289755544297,-0.008298802814695066
266,-0.10233258137601989,-0.008298802814695066
267,-0.1023907735278359,-0.008298802814695066
268,-0.10332837957126316,-0.008298802814695066
269,-0.1034649212954662,-0.008298802814695066
270,-0.10349693695569245,-0.008298802814695066
271,-0.1035392754696241,-0.008298802814695066
272,-0.1036908397968209,-0.008298802814695066
273,-0.10392694937030574,-0.008298802814695066
274,-0.10447305645373968,-0.008298802814695066
275,-0.10453458454087344,-0.008298802814695066
276,-0.10462105658261557,-0.008298802814695066
277,-0.10526523310576565,-0.008298802814695066
278,-0.10552257903722592,-0.008298802814695066
279,-0.10598163334330549,-0.008298802814695066
280,-0.10614631358197822,-0.008298802814695066
281,-0.10617555818526415,-0.008298802814695066
282,-0.10638500918776266,-0.008298802814695066
283,-0.10676830461121571,-0.008298802814695066
284,-0.10677361049069944,-0.008298802814695066
285,-0.10732709788087264,-0.008298802814695066
286,-0.10782664160392783,-0.008298802814695066
287,-0.10836908104904086,-0.008298802814695066
288,-0.10838217344381249,-0.008298802814695066
289,-0.10868122520480179,-0.008298802814695066
290,-0.10877110400669339,-0.008298802814695066
291,-0.10895941801977249,-0.008298802814695066
292,-0.10917400807908802,-0.008298802814695066
293,-0.1099654487668856,-0.008298802814695066
294,-0.10997266869362629,-0.008298802814695066
295,-0.11060673914062376,-0.008298802814695066
296,-0.11063813648270367,-0.008298802814695066
297,-0.11067421876595983,-0.008298802814695066
298,-0.1106884450987649,-0.008298802814695066
299,-0.11070668984529984,-0.008298802814695066
300,-0.11075509994896927,-0.008298802814695066
301,-0.11086861450271307,-0.008298802814695066
302,-0.11102550775736275,-0.008298802814695066
303,-0.11107662049779984,-0.008298802814695066
304,-0.11117133398860526,-0.008298802814695066
305,-0.11145486276934725,-0.008298802814695066
306,-0.11149913674084634,-0.008298802814695066
307,-0.11229242145846023,-0.008298802814695066
308,-0.112348677374962,-0.008298802814695066
309,-0.11295578207862059,-0.008298802814695066
310,-0.11303807819880125,-0.008298802814695066
311,-0.11328007880123224,-0.008298802814695066
312,-0.11331120551675397,-0.008298802814695066
313,-0.11367876623813666,-0.008298802814695066
314,-0.11400113667718183,-0.008298802814695066
315,-0.11401462948497892,-0.008298802814695066
316,-0.11490150925963981,-0.008298802814695066
317,-0.11515866048403439,-0.008298802814695066
318,-0.11523933601466861,-0.008298802814695066
319,-0.11526899529963207,-0.008298802814695066
320,-0.1154054557494178,-0.008298802814695066
321,-0.11548060495778201,-0.008298802814695066
322,-0.11560077443895644,-0.008298802814695066
323,-0.116037660589279,-0.008298802814695066
324,-0.11608017525946035,-0.008298802814695066
325,-0.11654917811232653,-0.008298802814695066
326,-0.1168331770596729,-0.008298802814695066
327,-0.11862792030280915,-0.008298802814695066
328,-0.11913932839841503,-0.008298802814695066
329,-0.11999820524136479,-0.008298802814695066
330,-0.1214384737670205,-0.008298802814695066
331,-0.12215562522574624,-0.008298802814695066
332,-0.12279777096213168,-0.008298802814695066
333,-0.12331578152881,-0.008298802814695066
334,-0.1233784571334213,-0.008298802814695066
335,-0.12352992228239373,-0.008298802814695066
336,-0.12364436091451944,-0.008298802814695066
337,-0.12368981322587201,-0.008298802814695066
338,-0.12388228419244324,-0.008298802814695066
339,-0.12418288661899951,-0.008298802814695066
340,-0.1245793638310599,-0.008298802814695066
341,-0.12461263148113709,-0.008298802814695066
342,-0.12631231086200617,-0.008298802814695066
343,-0.12647085137532826,-0.008298802814695066
344,-0.1266681348031007,-0.008298802814695066
345,-0.12671958193726393,-0.008298802814695066
346,-0.12687720062935667,-0.008298802814695066
347,-0.1286585886161977,-0.008298802814695066
348,-0.12883739419627233,-0.008298802814695066
349,-0.1293186061523524,-0.008298802814695066
350,-0.12934761123814267,-0.008298802814695066
351,-0.12974579402151412,-0.008298802814695066
352,-0.13021797583314623,-0.008298802814695066
353,-0.13029005184228018,-0.008298802814695066
354,-0.13048152201458924,-0.008298802814695066
355,-0.1310120314171614,-0.008298802814695066
356,-0.13125403729150056,-0.008298802814695066
357,-0.13148185494184964,-0.008298802814695066
358,-0.1316243222499791,-0.008298802814695066
359,-0.13180935892231785,-0.008298802814695066
360,-0.13203594210149974,-0.008298802814695066
361,-0.13218461637343465,-0.008298802814695066
362,-0.13241875313183424,-0.008298802814695066
363,-0.13298444430894957,-0.008298802814695066
364,-0.13308302917424916,-0.008298802814695066
365,-0.13334508672431722,-0.008298802814695066
366,-0.13347755982515974,-0.008298802814695066
367,-0.13349957010016747,-0.008298802814695066
368,-0.13415856692126715,-0.008298802814695066
369,-0.13417463017144066,-0.008298802814695066
370,-0.13473718676150445,-0.008298802814695066
371,-0.13510771568355268,-0.008298802814695066
372,-0.13530923906211156,-0.008298802814695066
373,-0.13660226696163538,-0.008298802814695066
374,-0.13708420610284797,-0.008298802814695066
375,-0.13718062603655184,-0.008298802814695066
376,-0.13755126371769594,-0.008298802814695066
377,-0.1380178209849883,-0.008298802814695066
378,-0.13825062254122036,-0.008298802814695066
379,-0.13863189715782678,-0.008298802814695066
380,-0.13911601254639,-0.008298802814695066
381,-0.13965793855758396,-0.008298802814695066
382,-0.14001692465534654,-0.008298802814695066
383,-0.1405875579069419,-0.008298802814695066
384,-0.14070744375562677,-0.008298802814695066
385,-0.14188465842385978,-0.008298802814695066
386,-0.1427243465110573,-0.008298802814695066
387,-0.14317986062374305,-0.008298802814695066
388,-0.14320120753759208,-0.008298802814695066
389,-0.14389647366393674,-0.008298802814695066
390,-0.14441022772479123,-0.008298802814695066
391,-0.14546635736067648,-0.008298802814695066
392,-0.1461154772268707,-0.008298802814695066
393,-0.1471272745759667,-0.008298802814695066
394,-0.14734616117885435,-0.008298802814695066
395,-0.14784669148096086,-0.008298802814695066
396,-0.14799601020148057,-0.008298802814695066
397,-0.14800365517359193,-0.008298802814695066
398,-0.14930426220779622,-0.008298802814695066
399,-0.14944674729080032,-0.008298802814695066
400,-0.14979751592180338,-0.008298802814695066
401,-0.150333583892047,-0.008298802814695066
402,-0.1506926311832652,-0.008298802814695066
403,-0.15074923450931896,-0.008298802814695066
404,-0.15114423378136924,-0.008298802814695066
405,-0.15114515207621695,-0.008298802814695066
406,-0.15148667394262116,-0.008298802814695066
407,-0.15181491116449627,-0.008298802814695066
408,-0.1519450993507331,-0.008298802814695066
409,-0.1519501670686041,-0.008298802814695066
410,-0.1525646922847299,-0.008298802814695066
411,-0.15272734021034784,-0.008298802814695066
412,-0.1532709919287389,-0.008298802814695066
413,-0.15365832828336512,-0.008298802814695066
414,-0.15369201440471628,-0.008298802814695066
415,-0.1538593227749459,-0.008298802814695066
416,-0.1539869199572671,-0.008298802814695066
417,-0.15405155324016281,-0.008298802814695066
418,-0.15412842198836768,-0.008298802814695066
419,-0.1544575616528746,-0.008298802814695066
420,-0.15494091435809493,-0.008298802814695066
421,-0.15495666420493653,-0.008298802814695066
422,-0.1554189953569387,-0.008298802814695066
423,-0.15555972132272627,-0.008298802814695066
424,-0.1559470197551803,-0.008298802814695066
425,-0.15612369478593807,-0.008298802814695066
426,-0.15641121033734556,-0.008298802814695066
427,-0.1566461791894524,-0.008298802814695066
428,-0.15692666773445227,-0.008298802814695066
429,-0.1575875718035752,-0.008298802814695066
430,-0.1579633576390878,-0.008298802814695066
431,-0.15922257077121332,-0.008298802814695066
432,-0.15981948860455286,-0.008298802814695066
433,-0.16120062165369614,-0.008298802814695066
434,-0.1614201361576439,-0.008298802814695066
435,-0.1618677082850582,-0.008298802814695066
436,-0.16217080151776603,-0.008298802814695066
437,-0.1622100705899168,-0.008298802814695066
438,-0.1623812416547494,-0.008298802814695066
439,-0.16248056322628468,-0.008298802814695066
440,-0.1631312527186049,-0.008298802814695066
441,-0.16321573468877779,-0.008298802814695066
442,-0.1632206222138745,-0.008298802814695066
443,-0.16329865427790569,-0.008298802814695066
444,-0.16351194847100406,-0.008298802814695066
445,-0.16359984688991844,-0.008298802814695066
446,-0.16362310651767484,-0.008298802814695066
447,-0.16364320721285655,-0.008298802814695066
448,-0.16421992309571476,-0.008298802814695066
449,-0.1644322619925436,-0.008298802814695066
450,-0.16449068297519415,-0.008298802814695066
451,-0.1653246496338518,-0.008298802814695066
452,-0.1657962437569517,-0.008298802814695066
453,-0.16591865065363678,-0.008298802814695066
454,-0.1663527296161867,-0.008298802814695066
455,-0.1680127918332639,-0.008298802814695066
456,-0.16804997504469935,-0.008298802814695066
457,-0.1682493471068417,-0.008298802814695066
458,-0.16919354124576497,-0.008298802814695066
459,-0.17050608338997952,-0.008298802814695066
460,-0.17144165974477144,-0.008298802814695066
461,-0.17225930933982436,-0.008298802814695066
462,-0.17260583930732248,-0.008298802814695066
463,-0.17289416316365896,-0.008298802814695066
464,-0.17351521421913552,-0.008298802814695066
465,-0.17358352978287553,-0.008298802814695066
466,-0.1750438875566615,-0.008298802814695066
467,-0.17617299439670803,-0.008298802814695066
468,-0.17654511218168056,-0.008298802814695066
469,-0.17696096722521384,-0.008298802814695066
470,-0.17717767739344994,-0.008298802814695066
471,-0.17720867712676985,-0.008298802814695066
472,-0.17755885556626527,-0.008298802814695066
473,-0.17788314966678326,-0.008298802814695066
474,-0.17817394175642207,-0.008298802814695066
475,-0.1781951608786216,-0.008298802814695066
476,-0.17853820831562153,-0.008298802814695066
477,-0.17862598455708095,-0.008298802814695066
478,-0.17866124635474295,-0.008298802814695066
479,-0.1787179111416813,-0.008298802814695066
480,-0.17891705855193754,-0.008298802814695066
481,-0.17945338057672952,-0.008298802814695066
482,-0.1795161138151043,-0.008298802814695066
483,-0.17994795427975718,-0.008298802814695066
484,-0.17996200116537303,-0.008298802814695066
485,-0.18017990046796026,-0.008298802814695066
486,-0.18129110853525116,-0.008298802814695066
487,-0.1817637715484797,-0.008298802814695066
488,-0.18282043120136454,-0.008298802814695066
489,-0.18317215352850902,-0.008298802814695066
490,-0.18391388584203547,-0.008298802814695066
491,-0.18428560853760395,-0.008298802814695066
492,-0.18438410332104405,-0.008298802814695066
493,-0.18447342379217077,-0.008298802814695066
494,-0.18468517165512102,-0.008298802814695066
495,-0.18502513462292175,-0.008298802814695066
496,-0.18514322696160362,-0.008298802814695066
497,-0.18599980369551458,-0.008298802814695066
498,-0.18650485858767807,-0.008298802814695066
499,-0.1866496315237516,-0.008298802814695066
500,-0.18667950990014268,-0.008298802814695066
501,-0.18739436881468483,-0.008298802814695066
502,-0.18754633187859238,-0.008298802814695066
503,-0.18765987243394422,-0.008298802814695066
504,-0.1887902343806993,-0.008298802814695066
505,-0.18890296654012284,-0.008298802814695066
506,-0.18900573318495698,-0.008298802814695066
507,-0.1890639287408178,-0.008298802814695066
508,-0.18914908378421225,-0.008298802814695066
509,-0.18929166171611872,-0.008298802814695066
510,-0.1900205525110581,-0.008298802814695066
511,-0.19047218726267853,-0.008298802814695066
512,-0.19065412170885349,-0.008298802814695066
513,-0.19080337518064178,-0.008298802814695066
514,-0.19157162797238556,-0.008298802814695066
515,-0.19170550891019614,-0.008298802814695066
516,-0.19192663818472744,-0.008298802814695066
517,-0.19204329346673837,-0.008298802814695066
518,-0.19220095354409286,-0.008298802814695066
519,-0.19223349874497014,-0.008298802814695066
520,-0.1923066975089238,-0.008298802814695066
521,-0.1924331043183713,-0.008298802814695066
522,-0.19249642942189446,-0.008298802814695066
523,-0.192555795352616,-0.008298802814695066
524,-0.19268727811658595,-0.008298802814695066
525,-0.19286493134889252,-0.008298802814695066
526,-0.19286668441427693,-0.008298802814695066
527,-0.19342954779190774,-0.008298802814695066
528,-0.19368691304582464,-0.008298802814695066
529,-0.19388101764712998,-0.008298802814695066
530,-0.1938829955253856,-0.008298802814695066
531,-0.19406652523480447,-0.008298802814695066
532,-0.19420776945718485,-0.008298802814695066
533,-0.19492474172124968,-0.008298802814695066
534,-0.19547592200230085,-0.008298802814695066
535,-0.19557849119412313,-0.008298802814695066
536,-0.19594545154013174,-0.008298802814695066
537,-0.19596949381033923,-0.008298802814695066
538,-0.19614815125496138,-0.008298802814695066
539,-0.19639230149056897,-0.008298802814695066
540,-0.19657469618112672,-0.008298802814695066
541,-0.1966136231596312,-0.008298802814695066
542,-0.19707533955834972,-0.008298802814695066
543,-0.19744025077319627,-0.008298802814695066
544,-0.19812335055899666,-0.008298802814695066
545,-0.1984293649526788,-0.008298802814695066
546,-0.19892226821037615,-0.008298802814695066
547,-0.19955335155393097,-0.008298802814695066
548,-0.2002677154630695,-0.008298802814695066
549,-0.2003724494304296,-0.008298802814695066
550,-0.200480060263139,-0.008298802814695066
551,-0.20082212903194582,-0.008298802814695066
552,-0.2009612982228674,-0.008298802814695066
553,-0.2009807653014762,-0.008298802814695066
554,-0.20129828374268896,-0.008298802814695066
555,-0.20157922933519928,-0.008298802814695066
556,-0.20226850199294005,-0.008298802814695066
557,-0.20251851337661192,-0.008298802814695066
558,-0.20252071420180598,-0.008298802814695066
559,-0.20262646926556435,-0.008298802814695066
560,-0.2026646968694851,-0.008298802814695066
561,-0.20273884585253193,-0.008298802814695066
562,-0.20339356628229172,-0.008298802814695066
563,-0.20378968010468765,-0.008298802814695066
564,-0.20486638420626427,-0.008298802814695066
565,-0.20486830469810596,-0.008298802814695066
566,-0.20508753060230722,-0.008298802814695066
567,-0.2052584635276663,-0.008298802814695066
568,-0.20577421542145738,-0.008298802814695066
569,-0.20647962723290586,-0.008298802814695066
570,-0.2073697026962942,-0.008298802814695066
571,-0.2089411055292567,-0.008298802814695066
572,-0.20928824473061003,-0.008298802814695066
573,-0.2095963700037356,-0.008298802814695066
574,-0.21047996640772684,-0.008298802814695066
575,-0.21079983962720591,-0.008298802814695066
576,-0.2109561702507096,-0.008298802814695066
577,-0.21147299723012536,-0.008298802814695066
578,-0.2114918656230308,-0.008298802814695066
579,-0.2119763832503365,-0.008298802814695066
580,-0.2128197089774485,-0.008298802814695066
581,-0.21333262667518343,-0.008298802814695066
582,-0.2138128148424344,-0.008298802814695066
583,-0.21393759864240133,-0.008298802814695066
584,-0.21420073418541685,-0.008298802814695066
585,-0.21495543638193015,-0.008298802814695066
586,-0.21502353368455582,-0.008298802814695066
587,-0.2156552678168175,-0.008298802814695066
588,-0.21643172310944842,-0.008298802814695066
589,-0.21729701970944243,-0.008298802814695066
590,-0.2179262752177983,-0.008298802814695066
591,-0.2181633995884731,-0.008298802814695066
592,-0.21867180918076362,-0.008298802814695066
593,-0.21926791541639135,-0.008298802814695066
594,-0.2194661024892623,-0.008298802814695066
595,-0.2198941843875291,-0.008298802814695066
596,-0.2199146483275948,-0.008298802814695066
597,-0.22036654448568643,-0.008298802814695066
598,-0.220936053871781,-0.008298802814695066
599,-0.22100546200234433,-0.008298802814695066
600,-0.22123595510034189,-0.008298802814695066
601,-0.22126783551676119,-0.008298802814695066
602,-0.22191255406211619,-0.008298802814695066
603,-0.22195883690872337,-0.008298802814695066
604,-0.22265474005756847,-0.008298802814695066
605,-0.22286947401726379,-0.008298802814695066
606,-0.22301030937580335,-0.008298802814695066
607,-0.22311918540956843,-0.008298802814695066
608,-0.22333158738183623,-0.008298802814695066
609,-0.22350936032647278,-0.008298802814695066
610,-0.22401018723000746,-0.008298802814695066
611,-0.2243104418288374,-0.008298802814695066
612,-0.22479979840287556,-0.008298802814695066
613,-0.22481009655597878,-0.008298802814695066
614,-0.2249125842415058,-0.008298802814695066
615,-0.22520934979842303,-0.008298802814695066
616,-0.225715397128416,-0.008298802814695066
617,-0.2263033902880861,-0.008298802814695066
618,-0.22718349796842957,-0.008298802814695066
619,-0.2274534108745357,-0.008298802814695066
620,-0.22763022250156661,-0.008298802814695066
621,-0.22768482254331923,-0.008298802814695066
622,-0.22887711202087344,-0.008298802814695066
623,-0.22891983788893544,-0.008298802814695066
624,-0.22913535469186064,-0.008298802814695066
625,-0.2291786123988398,-0.008298802814695066
626,-0.22935115980359663,-0.008298802814695066
627,-0.2293759671665936,-0.008298802814695066
628,-0.22979195643646969,-0.008298802814695066
629,-0.2303030604419436,-0.008298802814695066
630,-0.23055720589633616,-0.008298802814695066
631,-0.23068810723097247,-0.008298802814695066
632,-0.2307102368481864,-0.008298802814695066
633,-0.2308766575566539,-0.008298802814695066
634,-0.23119784182842518,-0.008298802814695066
635,-0.23121031299196498,-0.008298802814695066
636,-0.23168374674769293,-0.008298802814695066
637,-0.23209710490846244,-0.008298802814695066
638,-0.23301974921235194,-0.008298802814695066
639,-0.23322178604461144,-0.008298802814695066
640,-0.23372353191349973,-0.008298802814695066
641,-0.23375748456782763,-0.008298802814695066
642,-0.23455012837607278,-0.008298802814695066
643,-0.23481061949740129,-0.008298802814695066
644,-0.23493173266605477,-0.008298802814695066
645,-0.23543305838518866,-0.008298802814695066
646,-0.2360887418181219,-0.008298802814695066
647,-0.23688366869222324,-0.008298802814695066
648,-0.23703822392661184,-0.008298802814695066
649,-0.23706166948131624,-0.008298802814695066
650,-0.2371174820824839,-0.008298802814695066
651,-0.23714003316121285,-0.008298802814695066
652,-0.23741053409057283,-0.008298802814695066
653,-0.23773419115923453,-0.008298802814695066
654,-0.23803194278231996,-0.008298802814695066
655,-0.23841213280674284,-0.008298802814695066
656,-0.23894118702141884,-0.008298802814695066
657,-0.2389640874852965,-0.008298802814695066
658,-0.23908816278187295,-0.008298802814695066
659,-0.23911182670329145,-0.008298802814695066
660,-0.23925811266898314,-0.008298802814695066
661,-0.23984548820540055,-0.008298802814695066
662,-0.24014956149037056,-0.008298802814695066
663,-0.240643125865665,-0.008298802814695066
664,-0.24121332062863166,-0.008298802814695066
665,-0.24187926224555883,-0.008298802814695066
666,-0.24229589928550702,-0.008298802814695066
667,-0.24278022937734903,-0.008298802814695066
668,-0.24306826439069648,-0.008298802814695066
669,-0.24312210677365367,-0.008298802814695066
670,-0.24342244131835022,-0.008298802814695066
671,-0.24344525043378604,-0.008298802814695066
672,-0.2435695700796483,-0.008298802814695066
673,-0.2436035674849684,-0.008298802814695066
674,-0.2436868252261663,-0.008298802814695066
675,-0.24442884321929118,-0.008298802814695066
676,-0.2446455351219327,-0.008298802814695066
677,-0.2450946097359274,-0.008298802814695066
678,-0.24515562340267158,-0.008298802814695066
679,-0.2455053817771695,-0.008298802814695066
680,-0.24604706934628456,-0.008298802814695066
681,-0.24606199470872414,-0.008298802814695066
682,-0.24626928069645357,-0.008298802814695066
683,-0.2465631643505405,-0.008298802814695066
684,-0.2465776482569759,-0.008298802814695066
685,-0.24711811305356574,-0.008298802814695066
686,-0.247302531371701,-0.008298802814695066
687,-0.24759031433948603,-0.008298802814695066
688,-0.2481754319874231,-0.008298802814695066
689,-0.24860659743836222,-0.008298802814695066
690,-0.24892468390330638,-0.008298802814695066
691,-0.24945337031270373,-0.008298802814695066
692,-0.2494593352002031,-0.008298802814695066
693,-0.24992553712417065,-0.008298802814695066
694,-0.2501282485449957,-0.008298802814695066
695,-0.2509397132644621,-0.008298802814695066
696,-0.2513288254473136,-0.008298802814695066
697,-0.2519091593318302,-0.008298802814695066
698,-0.25205857424259015,-0.008298802814695066
699,-0.2523089276995837,-0.008298802814695066
700,-0.252369983326345,-0.008298802814695066
701,-0.2528018566989671,-0.008298802814695066
702,-0.25283200942634265,-0.008298802814695066
703,-0.2528832148405785,-0.008298802814695066
704,-0.2531466127760577,-0.008298802814695066
705,-0.2531717736859884,-0.008298802814695066
706,-0.2533419532856128,-0.008298802814695066
707,-0.2536522308651086,-0.008298802814695066
708,-0.2541683210062331,-0.008298802814695066
709,-0.25417842561800197,-0.008298802814695066
710,-0.2548227930744105,-0.008298802814695066
711,-0.25494547258797173,-0.008298802814695066
712,-0.2558549989101319,-0.008298802814695066
713,-0.25691508138330144,-0.008298802814695066
714,-0.2569312968609213,-0.008298802814695066
715,-0.25707750145382385,-0.008298802814695066
716,-0.2578356782313072,-0.008298802814695066
717,-0.25838688113435226,-0.008298802814695066
718,-0.2589630611524383,-0.008298802814695066
719,-0.2591225584211102,-0.008298802814695066
720,-0.2594178759678281,-0.008298802814695066
721,-0.25965745542492813,-0.008298802814695066
722,-0.25968726106620094,-0.008298802814695066
723,-0.26016695948677193,-0.008298802814695066
724,-0.2606518951629383,-0.008298802814695066
725,-0.26084755373765744,-0.008298802814695066
726,-0.26140439093740014,-0.008298802814695066
727,-0.26150680761915157,-0.008298802814695066
728,-0.2622033257978844,-0.008298802814695066
729,-0.2622841245692638,-0.008298802814695066
730,-0.2628366077044299,-0.008298802814695066
731,-0.26323771418823927,-0.008298802814695066
732,-0.2636535332341262,-0.008298802814695066
733,-0.2642208593842586,-0.008298802814695066
734,-0.264339896668683,-0.008298802814695066
735,-0.2645984143576837,-0.008298802814695066
736,-0.2648338686815572,-0.008298802814695066
737,-0.2665391900813743,-0.008298802814695066
738,-0.26681048618903147,-0.008298802814695066
739,-0.26705266673863726,-0.008298802814695066
740,-0.26717303962541206,-0.008298802814695066
741,-0.26734399929297703,-0.008298802814695066
742,-0.26756550868031287,-0.008298802814695066
743,-0.2676836397564575,-0.008298802814695066
744,-0.26820302348514163,-0.008298802814695066
745,-0.26837153924571644,-0.008298802814695066
746,-0.2688640706765735,-0.008298802814695066
747,-0.2692376522210682,-0.008298802814695066
748,-0.2695550827382404,-0.008298802814695066
749,-0.26987190476664435,-0.008298802814695066
750,-0.2707083006399196,-0.008298802814695066
751,-0.2717773633689464,-0.008298802814695066
752,-0.27179103472775396,-0.008298802814695066
753,-0.271815782460463,-0.008298802814695066
754,-0.2727073216523147,-0.008298802814695066
755,-0.2736947104785769,-0.008298802814695066
756,-0.2737510397841217,-0.008298802814695066
757,-0.2740195578870944,-0.008298802814695066
758,-0.27444769951066483,-0.008298802814695066
759,-0.27464988410007884,-0.008298802814695066
760,-0.2750619718052939,-0.008298802814695066
761,-0.27518409350556416,-0.008298802814695066
762,-0.2755844128470947,-0.008298802814695066
763,-0.27606930717520056,-0.008298802814695066
764,-0.2761722567507626,-0.008298802814695066
765,-0.2767125595707184,-0.008298802814695066
766,-0.2778940272561677,-0.008298802814695066
767,-0.2782281135220428,-0.008298802814695066
768,-0.2785780835004184,-0.008298802814695066
769,-0.27858551843223145,-0.008298802814695066
770,-0.27900094151429006,-0.008298802814695066
771,-0.27903879899186657,-0.008298802814695066
772,-0.2794326857429793,-0.008298802814695066
773,-0.2800752452168142,-0.008298802814695066
774,-0.2804372297534784,-0.008298802814695066
775,-0.280559449476035,-0.008298802814695066
776,-0.28077709009001117,-0.008298802814695066
777,-0.2807860615880969,-0.008298802814695066
778,-0.2808871797841606,-0.008298802814695066
779,-0.28158011934596755,-0.008298802814695066
780,-0.28169771982408676,-0.008298802814695066
781,-0.28181370667551114,-0.008298802814695066
782,-0.2818509590472108,-0.008298802814695066
783,-0.28245085533935843,-0.008298802814695066
784,-0.2829731569731915,-0.008298802814695066
785,-0.2835256274678472,-0.008298802814695066
786,-0.28358078592624125,-0.008298802814695066
787,-0.28406408605967526,-0.008298802814695066
788,-0.2843236350698758,-0.008298802814695066
789,-0.2843573810322537,-0.008298802814695066
790,-0.2844468303771141,-0.008298802814695066
791,-0.28452734230309534,-0.008298802814695066
792,-0.2846672665485982,-0.008298802814695066
793,-0.28536972514510145,-0.008298802814695066
794,-0.28546912990110096,-0.008298802814695066
795,-0.2866971982731402,-0.008298802814695066
796,-0.28698406203958327,-0.008298802814695066
797,-0.28735494288559493,-0.008298802814695066
798,-0.2881207127465084,-0.008298802814695066
799,-0.28831686485475627,-0.008298802814695066
800,-0.2886476159854167,-0.008298802814695066
801,-0.2888189671624984,-0.008298802814695066
802,-0.28898826960632185,-0.008298802814695066
803,-0.28903916613596736,-0.008298802814695066
804,-0.28905579341873794,-0.008298802814695066
805,-0.28911095014352794,-0.008298802814695066
806,-0.28923090022236336,-0.008298802814695066
807,-0.2893368129750198,-0.008298802814695066
808,-0.2896117777430949,-0.008298802814695066
809,-0.28998197058546293,-0.008298802814695066
810,-0.2902589417595876,-0.008298802814695066
811,-0.290276552381905,-0.008298802814695066
812,-0.2903351272247127,-0.008298802814695066
813,-0.29051844485814526,-0.008298802814695066
814,-0.2906750612576213,-0.008298802814695066
815,-0.2908485055169101,-0.008298802814695066
816,-0.29097377320117984,-0.008298802814695066
817,-0.29106997344978436,-0.008298802814695066
818,-0.291446500360463,-0.008298802814695066
819,-0.2916384680579104,-0.008298802814695066
820,-0.29183622155999794,-0.008298802814695066
821,-0.29185381155863127,-0.008298802814695066
822,-0.2918577880588521,-0.008298802814695066
823,-0.29203979189940643,-0.008298802814695066
824,-0.2925031443402611,-0.008298802814695066
825,-0.2927340972933824,-0.008298802814695066
826,-0.2927870778739692,-0.008298802814695066
827,-0.29367569495713886,-0.008298802814695066
828,-0.29369544182595475,-0.008298802814695066
829,-0.29452857038880814,-0.008298802814695066
830,-0.2949889911056297,-0.008298802814695066
831,-0.29519357630051574,-0.008298802814695066
832,-0.29571250826594575,-0.008298802814695066
833,-0.29580534941575803,-0.008298802814695066
834,-0.2969730864598411,-0.008298802814695066
835,-0.29712088119374896,-0.008298802814695066
836,-0.29724431391463496,-0.008298802814695066
837,-0.29794260518706644,-0.008298802814695066
838,-0.2983277974761286,-0.008298802814695066
839,-0.2987186249611313,-0.008298802814695066
840,-0.2989395191115302,-0.008298802814695066
841,-0.2994569526509654,-0.008298802814695066
842,-0.2995686299245587,-0.008298802814695066
843,-0.29966759798329407,-0.008298802814695066
844,-0.29967810597482014,-0.008298802814695066
845,-0.29989299582174833,-0.008298802814695066
846,-0.30021381572336925,-0.008298802814695066
847,-0.30097179818516445,-0.008298802814695066
848,-0.301836126883353,-0.008298802814695066
849,-0.30253483412694554,-0.008298802814695066
850,-0.3025666997419023,-0.008298802814695066
851,-0.30260449019372165,-0.008298802814695066
852,-0.3027579302655178,-0.008298802814695066
853,-0.3028337443375926,-0.008298802814695066
854,-0.30368951857713844,-0.008298802814695066
855,-0.30431121914523235,-0.008298802814695066
856,-0.30449530589307205,-0.008298802814695066
857,-0.30516128029934053,-0.008298802814695066
858,-0.3052275625764144,-0.008298802814695066
859,-0.3060267561446607,-0.008298802814695066
860,-0.3062679349844177,-0.008298802814695066
861,-0.3068063792085285,-0.008298802814695066
862,-0.30694212954738403,-0.008298802814695066
863,-0.3080655797529322,-0.008298802814695066
864,-0.30825514324272185,-0.008298802814695066
865,-0.30831423842653644,-0.008298802814695066
866,-0.3087020756414594,-0.008298802814695066
867,-0.3090654486990705,-0.008298802814695066
868,-0.3094100367707629,-0.008298802814695066
869,-0.3102955613551388,-0.008298802814695066
870,-0.31040733287410655,-0.008298802814695066
871,-0.3106967643502777,-0.008298802814695066
872,-0.3112946764263188,-0.008298802814695066
873,-0.3115914759023536,-0.008298802814695066
874,-0.31162656775141157,-0.008298802814695066
875,-0.3119053995744115,-0.008298802814695066
876,-0.3119700661636437,-0.008298802814695066
877,-0.31200070846127526,-0.008298802814695066
878,-0.3120661463948199,-0.008298802814695066
879,-0.312377981914501,-0.008298802814695066
880,-0.3127371129817268,-0.008298802814695066
881,-0.3128968878502618,-0.008298802814695066
882,-0.3130122294566942,-0.008298802814695066
883,-0.31314622219839444,-0.008298802814695066
884,-0.3134557906051718,-0.008298802814695066
885,-0.31351257171128183,-0.008298802814695066
886,-0.313607974014513,-0.008298802814695066
887,-0.3137712218782446,-0.008298802814695066
888,-0.3138174193951204,-0.008298802814695066
889,-0.31430290933820104,-0.008298802814695066
890,-0.3143148235231228,-0.008298802814695066
891,-0.31462785504117796,-0.008298802814695066
892,-0.3149200512289639,-0.008298802814695066
893,-0.3149959957507756,-0.008298802814695066
894,-0.31510333579479877,-0.008298802814695066
895,-0.31598549804752774,-0.008298802814695066
896,-0.31653373746109803,-0.008298802814695066
897,-0.3166388469759334,-0.008298802814695066
898,-0.3169288122883065,-0.008298802814695066
899,-0.31732129038748885,-0.008298802814695066
900,-0.3174490991550346,-0.008298802814695066
901,-0.3176401912136614,-0.008298802814695066
902,-0.31766630900315124,-0.008298802814695066
903,-0.31787402859620617,-0.008298802814695066
904,-0.3178837536899774,-0.008298802814695066
905,-0.31801759290406517,-0.008298802814695066
906,-0.3180887292383128,-0.008298802814695066
907,-0.3183638350707296,-0.008298802814695066
908,-0.3187273266626413,-0.008298802814695066
909,-0.31880344766930147,-0.008298802814695066
910,-0.3188289650988793,-0.008298802814695066
911,-0.31886014675813384,-0.008298802814695066
912,-0.3193420069545493,-0.008298802814695066
913,-0.3193800517636183,-0.008298802814695066
914,-0.3198110383200915,-0.008298802814695066
915,-0.3203545693452771,-0.008298802814695066
916,-0.32091230171062807,-0.008298802814695066
917,-0.3209128792161856,-0.008298802814695066
918,-0.32100237494561945,-0.008298802814695066
919,-0.32140457661779365,-0.008298802814695066
920,-0.3215779398438606,-0.008298802814695066
921,-0.32164253832070755,-0.008298802814695066
922,-0.32176051491705626,-0.008298802814695066
923,-0.32183146691082964,-0.008298802814695066
924,-0.3218594195507045,-0.008298802814695066
925,-0.3218885320126539,-0.008298802814695066
926,-0.32230364445037496,-0.008298802814695066
927,-0.32243610089374397,-0.008298802814695066
928,-0.32328647305522185,-0.008298802814695066
929,-0.32385264307035255,-0.008298802814695066
930,-0.3272808765680322,-0.008298802814695066
931,-0.3274262386585639,-0.008298802814695066
932,-0.327497602843834,-0.008298802814695066
933,-0.3277768147536596,-0.008298802814695066
934,-0.3281494209931678,-0.008298802814695066
935,-0.32876593645485974,-0.008298802814695066
936,-0.3290573146601012,-0.008298802814695066
937,-0.32949386402904884,-0.008298802814695066
938,-0.33091468466726287,-0.008298802814695066
939,-0.33186466487938626,-0.008298802814695066
940,-0.3322155921418874,-0.008298802814695066
941,-0.33225884453536203,-0.008298802814695066
942,-0.33242357266168254,-0.008298802814695066
943,-0.332580263360995,-0.008298802814695066
944,-0.33397150823710386,-0.008298802814695066
945,-0.334773791352682,-0.008298802814695066
946,-0.33486371126206155,-0.008298802814695066
947,-0.3349637061952466,-0.008298802814695066
948,-0.3359396626914153,-0.008298802814695066
949,-0.3360603696873,-0.008298802814695066
950,-0.33608368928470034,-0.008298802814695066
951,-0.33691844206058885,-0.008298802814695066
952,-0.3373956665816099,-0.008298802814695066
953,-0.3376279018803523,-0.008298802814695066
954,-0.33863107537905457,-0.008298802814695066
955,-0.3388806268346952,-0.008298802814695066
956,-0.3390108959025442,-0.008298802814695066
957,-0.33902359551127714,-0.008298802814695066
958,-0.33978119721560085,-0.008298802814695066
959,-0.3401716149866378,-0.008298802814695066
960,-0.34059465961312935,-0.008298802814695066
961,-0.3409211429002402,-0.008298802814695066
962,-0.341184457866705,-0.008298802814695066
963,-0.341203793301143,-0.008298802814695066
964,-0.3421486042050065,-0.008298802814695066
965,-0.34224533097672555,-0.008298802814695066
966,-0.34281110517051777,-0.008298802814695066
967,-0.3431837648475656,-0.008298802814695066
968,-0.3437825083496186,-0.008298802814695066
969,-0.34406022630388394,-0.008298802814695066
970,-0.3442091800076659,-0.008298802814695066
971,-0.34425783815296074,-0.008298802814695066
972,-0.34452221890203366,-0.008298802814695066
973,-0.345311081009941,-0.008298802814695066
974,-0.3455005677004622,-0.008298802814695066
975,-0.3455673165592438,-0.008298802814695066
976,-0.34580971654710624,-0.008298802814695066
977,-0.3464390226440155,-0.008298802814695066
978,-0.34649301598059,-0.008298802814695066
979,-0.3468442644109404,-0.008298802814695066
980,-0.34688474149964643,-0.008298802814695066
981,-0.34759444219436675,-0.008298802814695066
982,-0.3491034661610101,-0.008298802814695066
983,-0.3495121946434173,-0.008298802814695066
984,-0.35115228181480873,-0.008298802814695066
985,-0.35187119041452436,-0.008298802814695066
986,-0.35261432198076653,-0.008298802814695066
987,-0.35284200032490415,-0.008298802814695066
988,-0.35311236646225486,-0.008298802814695066
989,-0.35328926722533754,-0.008298802814695066
990,-0.3537360817629578,-0.008298802814695066
991,-0.3545816057766038,-0.008298802814695066
992,-0.35470508573695936,-0.008298802814695066
993,-0.3548629820811437,-0.008298802814695066
994,-0.3551880448755664,-0.008298802814695066
995,-0.35531560700160625,-0.008298802814695066
996,-0.3553481946382854,-0.008298802814695066
997,-0.3557069663255473,-0.008298802814695066
998,-0.3561870495734993,-0.008298802814695066
999,-0.3567820420506476,-0.008298802814695066
1000,-0.3568966795824856,-0.008298802814695066
1001,-0.3569677164495269,-0.008298802814695066
1002,-0.3572356635405499,-0.008298802814695066
1003,-0.35740883786896804,-0.008298802814695066
1004,-0.3576307333212211,-0.008298802814695066
1005,-0.35771134193572285,-0.008298802814695066
1006,-0.3577386949541023,-0.008298802814695066
1007,-0.35790329159201606,-0.008298802814695066
1008,-0.35849591699690314,-0.008298802814695066
1009,-0.3586565864194758,-0.008298802814695066
1010,-0.3586909504729128,-0.008298802814695066
1011,-0.3593420804298842,-0.008298802814695066
1012,-0.3596623071071263,-0.008298802814695066
1013,-0.35989021334777904,-0.008298802814695066
1014,-0.35995687509354174,-0.008298802814695066
1015,-0.35996693945525904,-0.008298802814695066
1016,-0.3604216874887634,-0.008298802814695066
1017,-0.36108664004308666,-0.008298802814695066
1018,-0.36120266082795355,-0.008298802814695066
1019,-0.3613541326746651,-0.008298802814695066
1020,-0.3618782897005761,-0.008298802814695066
1021,-0.3622121008596281,-0.008298802814695066
1022,-0.3623112285576513,-0.008298802814695066
1023,-0.36231614191848616,-0.008298802814695066
1024,-0.36257935288187526,-0.008298802814695066
1025,-0.36277276243776624,-0.008298802814695066
1026,-0.362794060479426,-0.008298802814695066
1027,-0.3629086937731565,-0.008298802814695066
1028,-0.36296296217423374,-0.008298802814695066
1029,-0.3632757258247946,-0.008298802814695066
1030,-0.3634689665637544,-0.008298802814695066
1031,-0.36355361404937037,-0.008298802814695066
1032,-0.36367844024880147,-0.008298802814695066
1033,-0.36386959935986296,-0.008298802814695066
1034,-0.3640184526729577,-0.008298802814695066
1035,-0.36424728463171174,-0.008298802814695066
1036,-0.3642500252144726,-0.008298802814695066
1037,-0.3648534598543901,-0.008298802814695066
1038,-0.36494397455852684,-0.008298802814695066
1039,-0.3651818062415684,-0.008298802814695066
1040,-0.36536740894411235,-0.008298802814695066
1041,-0.3654875576832654,-0.008298802814695066
1042,-0.3663551557213569,-0.008298802814695066
1043,-0.3665200696662751,-0.008298802814695066
1044,-0.36657700151538675,-0.008298802814695066
1045,-0.3666695845251762,-0.008298802814695066
1046,-0.3666779194034095,-0.008298802814695066
1047,-0.36668596686147625,-0.008298802814695066
1048,-0.36679623020652463,-0.008298802814695066
1049,-0.3674307944858979,-0.008298802814695066
1050,-0.36803273841158585,-0.008298802814695066
1051,-0.3680333751003821,-0.008298802814695066
1052,-0.36807042124549205,-0.008298802814695066
1053,-0.3686364600933272,-0.008298802814695066
1054,-0.36863951387903393,-0.008298802814695066
1055,-0.3687154731237303,-0.008298802814695066
1056,-0.3687630405885455,-0.008298802814695066
1057,-0.369101227813896,-0.008298802814695066
1058,-0.3698422963642828,-0.008298802814695066
1059,-0.3703589825352929,-0.008298802814695066
1060,-0.37071201973957185,-0.008298802814695066
1061,-0.37093087721238827,-0.008298802814695066
1062,-0.3716985287111524,-0.008298802814695066
1063,-0.37213326074315567,-0.008298802814695066
1064,-0.37354355169108944,-0.008298802814695066
1065,-0.3739647127229187,-0.008298802814695066
1066,-0.3744908359098746,-0.008298802814695066
1067,-0.3745928368862389,-0.008298802814695066
1068,-0.3746392972981068,-0.008298802814695066
1069,-0.37536421791606644,-0.008298802814695066
1070,-0.3759258228148493,-0.008298802814695066
1071,-0.3769049101964326,-0.008298802814695066
1072,-0.37731395099022014,-0.008298802814695066
1073,-0.37826310524513684,-0.008298802814695066
1074,-0.3787970844532226,-0.008298802814695066
1075,-0.3796327874977151,-0.008298802814695066
1076,-0.3799384183034256,-0.008298802814695066
1077,-0.38064054765610034,-0.008298802814695066
1078,-0.38072672127810114,-0.008298802814695066
1079,-0.3808388489132949,-0.008298802814695066
1080,-0.380946309643173,-0.008298802814695066
1081,-0.38106209883310566,-0.008298802814695066
1082,-0.3813117296911466,-0.008298802814695066
1083,-0.3814316891448438,-0.008298802814695066
1084,-0.3824838983162242,-0.008298802814695066
1085,-0.3827245330489694,-0.008298802814695066
1086,-0.3827301529749699,-0.008298802814695066
1087,-0.3828047780132204,-0.008298802814695066
1088,-0.38319624324734525,-0.008298802814695066
1089,-0.38335759805954095,-0.008298802814695066
1090,-0.3836497192142214,-0.008298802814695066
1091,-0.3837717640553429,-0.008298802814695066
1092,-0.3837940797458732,-0.008298802814695066
1093,-0.38392710995105667,-0.008298802814695066
1094,-0.3853096435639582,-0.008298802814695066
1095,-0.3853159291108297,-0.008298802814695066
1096,-0.38549287556015,-0.008298802814695066
1097,-0.3855062122246733,-0.008298802814695066
1098,-0.3862486596198688,-0.008298802814695066
1099,-0.3864024615365992,-0.008298802814695066
1100,-0.3870637060076389,-0.008298802814695066
1101,-0.3870843573693724,-0.008298802814695066
1102,-0.3871196998980939,-0.008298802814695066
1103,-0.3872816192592666,-0.008298802814695066
1104,-0.38743829885914893,-0.008298802814695066
1105,-0.38785086915699885,-0.008298802814695066
1106,-0.387964173567964,-0.008298802814695066
1107,-0.38806688816611623,-0.008298802814695066
1108,-0.388168570198576,-0.008298802814695066
1109,-0.38936754554654324,-0.008298802814695066
1110,-0.3911386032941938,-0.008298802814695066
1111,-0.3913446388660096,-0.008298802814695066
1112,-0.39155000761789815,-0.008298802814695066
1113,-0.3917112660062385,-0.008298802814695066
1114,-0.39177935097908867,-0.008298802814695066
1115,-0.3918056268067585,-0.008298802814695066
1116,-0.3919543047443829,-0.008298802814695066
1117,-0.3924311613191752,-0.008298802814695066
1118,-0.3924636242093452,-0.008298802814695066
1119,-0.3934402349538094,-0.008298802814695066
1120,-0.3937092378443181,-0.008298802814695066
1121,-0.39372216148542283,-0.008298802814695066
1122,-0.39377107945636325,-0.008298802814695066
1123,-0.3938433507704049,-0.008298802814695066
1124,-0.3940671769730713,-0.008298802814695066
1125,-0.3948115565124541,-0.008298802814695066
1126,-0.3949669958883895,-0.008298802814695066
1127,-0.39560369455834793,-0.008298802814695066
1128,-0.3957511112002249,-0.008298802814695066
1129,-0.3958151543867281,-0.008298802814695066
1130,-0.3967432812658599,-0.008298802814695066
1131,-0.3971401187161908,-0.008298802814695066
1132,-0.3972172271553451,-0.008298802814695066
1133,-0.39765213668096444,-0.008298802814695066
1134,-0.3988034786249313,-0.008298802814695066
1135,-0.39885604617082066,-0.008298802814695066
1136,-0.3993010088916249,-0.008298802814695066
1137,-0.3995913626421781,-0.008298802814695066
1138,-0.399696513897589,-0.008298802814695066
1139,-0.400535587832826,-0.008298802814695066
1140,-0.40100496863432333,-0.008298802814695066
1141,-0.401238816177361,-0.008298802814695066
1142,-0.40197493203545687,-0.008298802814695066
1143,-0.40216330857624716,-0.008298802814695066
1144,-0.4023823931634624,-0.008298802814695066
1145,-0.40248853053387473,-0.008298802814695066
1146,-0.40295428877555284,-0.008298802814695066
1147,-0.40304823849791027,-0.008298802814695066
1148,-0.403119711122811,-0.008298802814695066
1149,-0.40319432931426,-0.008298802814695066
1150,-0.4033523551616843,-0.008298802814695066
1151,-0.40431292210380815,-0.008298802814695066
1152,-0.4044053589341906,-0.008298802814695066
1153,-0.40454907761233433,-0.008298802814695066
1154,-0.40463565496842646,-0.008298802814695066
1155,-0.405013049475984,-0.008298802814695066
1156,-0.405440333818328,-0.008298802814695066
1157,-0.4063651504516412,-0.008298802814695066
1158,-0.40655969492257227,-0.008298802814695066
1159,-0.40678089203669415,-0.008298802814695066
1160,-0.4071623207578481,-0.008298802814695066
1161,-0.40773462637357094,-0.008298802814695066
1162,-0.4077808484854828,-0.008298802814695066
1163,-0.408161821731463,-0.008298802814695066
1164,-0.40839457027270654,-0.008298802814695066
1165,-0.4084609303338075,-0.008298802814695066
1166,-0.4086475423482894,-0.008298802814695066
1167,-0.4086905430829352,-0.008298802814695066
1168,-0.4088317214636885,-0.008298802814695066
1169,-0.40888188202807585,-0.008298802814695066
1170,-0.40907757162955083,-0.008298802814695066
1171,-0.41001314306032965,-0.008298802814695066
1172,-0.4100662003847351,-0.008298802814695066
1173,-0.41024328833123946,-0.008298802814695066
1174,-0.4104777993073722,-0.008298802814695066
1175,-0.41068566078945334,-0.008298802814695066
1176,-0.41070811140441976,-0.008298802814695066
1177,-0.41099068386940185,-0.008298802814695066
1178,-0.41205413225092014,-0.008298802814695066
1179,-0.41350720501517796,-0.008298802814695066
1180,-0.41355757289807205,-0.008298802814695066
1181,-0.41413441463967793,-0.008298802814695066
1182,-0.41436463991504696,-0.008298802814695066
1183,-0.41475786011046056,-0.008298802814695066
1184,-0.4151694181456047,-0.008298802814695066
1185,-0.4153274310112152,-0.008298802814695066
1186,-0.41535053500150654,-0.008298802814695066
1187,-0.4165397640812159,-0.008298802814695066
1188,-0.41659911546746864,-0.008298802814695066
1189,-0.4167184524696584,-0.008298802814695066
1190,-0.41695154490171543,-0.008298802814695066
1191,-0.4170978621618111,-0.008298802814695066
1192,-0.4174542785177006,-0.008298802814695066
1193,-0.41746394143842575,-0.008298802814695066
1194,-0.4177675243399051,-0.008298802814695066
1195,-0.41880623891878116,-0.008298802814695066
1196,-0.41929371549244293,-0.008298802814695066
1197,-0.4195142974865509,-0.008298802814695066
1198,-0.42012977867563867,-0.008298802814695066
1199,-0.42053810207964365,-0.008298802814695066
1200,-0.4205679750209024,-0.008298802814695066
1201,-0.4214889298726371,-0.008298802814695066
1202,-0.4216074685185418,-0.008298802814695066
1203,-0.4221835200272089,-0.008298802814695066
1204,-0.4225753756431373,-0.008298802814695066
1205,-0.42262592757597117,-0.008298802814695066
1206,-0.4227091140332231,-0.008298802814695066
1207,-0.4230597598107739,-0.008298802814695066
1208,-0.4239421879152656,-0.008298802814695066
1209,-0.42411676425917166,-0.008298802814695066
1210,-0.42434108566711976,-0.008298802814695066
1211,-0.42437781357307747,-0.008298802814695066
1212,-0.42487248304387437,-0.008298802814695066
1213,-0.4254271608862832,-0.008298802814695066
1214,-0.42560633195249203,-0.008298802814695066
1215,-0.4260094399165042,-0.008298802814695066
1216,-0.4260481305907926,-0.008298802814695066
1217,-0.4260635392423211,-0.008298802814695066
1218,-0.4263231545415061,-0.008298802814695066
1219,-0.4266901751015393,-0.008298802814695066
1220,-0.4269050223368074,-0.008298802814695066
1221,-0.4269243215908454,-0.008298802814695066
1222,-0.4269895498009516,-0.008298802814695066
1223,-0.42702420506188454,-0.008298802814695066
1224,-0.4270651108202712,-0.008298802814695066
1225,-0.4270666319924589,-0.008298802814695066
1226,-0.42732954824613706,-0.008298802814695066
1227,-0.4274778827705745,-0.008298802814695066
1228,-0.42772899783826646,-0.008298802814695066
1229,-0.42799320383690365,-0.008298802814695066
1230,-0.4285116308346689,-0.008298802814695066
1231,-0.4290087188760375,-0.008298802814695066
1232,-0.4297349144412186,-0.008298802814695066
1233,-0.43016326894299384,-0.008298802814695066
1234,-0.4312761134667721,-0.008298802814695066
1235,-0.43183476809485216,-0.008298802814695066
1236,-0.4320747809573278,-0.008298802814695066
1237,-0.4324906377634015,-0.008298802814695066
1238,-0.4327841699338451,-0.008298802814695066
1239,-0.4332718518472961,-0.008298802814695066
1240,-0.4336821768380365,-0.008298802814695066
1241,-0.4343763661663861,-0.008298802814695066
1242,-0.43459730441607664,-0.008298802814695066
1243,-0.4346712044784187,-0.008298802814695066
1244,-0.43623156202166863,-0.008298802814695066
1245,-0.43694978151450115,-0.008298802814695066
1246,-0.43706817028818196,-0.008298802814695066
1247,-0.4371568915640944,-0.008298802814695066
1248,-0.43743101757065406,-0.008298802814695066
1249,-0.4376914775799696,-0.008298802814695066
1250,-0.4378865106730013,-0.008298802814695066
1251,-0.4379265162962519,-0.008298802814695066
1252,-0.43795150103714553,-0.008298802814695066
1253,-0.43814858362018,-0.008298802814695066
1254,-0.4389279978438706,-0.008298802814695066
1255,-0.43908112801662097,-0.008298802814695066
1256,-0.43911322075543924,-0.008298802814695066
1257,-0.43913960739442953,-0.008298802814695066
1258,-0.439512253319923,-0.008298802814695066
1259,-0.43986963865302303,-0.008298802814695066
1260,-0.4416118448484445,-0.008298802814695066
1261,-0.4417948453244979,-0.008298802814695066
1262,-0.44311199724898465,-0.008298802814695066
1263,-0.44321258269630376,-0.008298802814695066
1264,-0.44328301666639014,-0.008298802814695066
1265,-0.4436871613541935,-0.008298802814695066
1266,-0.44384809721231433,-0.008298802814695066
1267,-0.44396239025456397,-0.008298802814695066
1268,-0.4440344594569755,-0.008298802814695066
1269,-0.4441831922823788,-0.008298802814695066
1270,-0.4443969290690663,-0.008298802814695066
1271,-0.4447270102739277,-0.008298802814695066
1272,-0.4449676028678508,-0.008298802814695066
1273,-0.4454583723528125,-0.008298802814695066
1274,-0.4460024266664628,-0.008298802814695066
1275,-0.44605892157401644,-0.008298802814695066
1276,-0.4463774944864034,-0.008298802814695066
1277,-0.44670699293070415,-0.008298802814695066
1278,-0.44670756801861145,-0.008298802814695066
1279,-0.44679043054699963,-0.008298802814695066
1280,-0.4468428662920442,-0.008298802814695066
1281,-0.4469747551886183,-0.008298802814695066
1282,-0.44710267247569835,-0.008298802814695066
1283,-0.44716335452659906,-0.008298802814695066
1284,-0.44756159497872794,-0.008298802814695066
1285,-0.4475785582202966,-0.008298802814695066
1286,-0.4480464882678704,-0.008298802814695066
1287,-0.4482787063603239,-0.008298802814695066
1288,-0.44843628924137724,-0.008298802814695066
1289,-0.44846498774214644,-0.008298802814695066
1290,-0.44869964147652613,-0.008298802814695066
1291,-0.4488339644879106,-0.008298802814695066
1292,-0.44899515875122226,-0.008298802814695066
1293,-0.44909799648272913,-0.008298802814695066
1294,-0.44910082208323476,-0.008298802814695066
1295,-0.449550481748458,-0.008298802814695066
1296,-0.44993751245791264,-0.008298802814695066
1297,-0.45031182175719603,-0.008298802814695066
1298,-0.45038688040694835,-0.008298802814695066
1299,-0.45043010227720204,-0.008298802814695066
1300,-0.4505789935741502,-0.008298802814695066
1301,-0.4508588131271654,-0.008298802814695066
1302,-0.4511611977190524,-0.008298802814695066
1303,-0.45140119432187037,-0.008298802814695066
1304,-0.4518422001047674,-0.008298802814695066
1305,-0.45241769286165856,-0.008298802814695066
1306,-0.4524832619152094,-0.008298802814695066
1307,-0.4526500339978776,-0.008298802814695066
1308,-0.4528763862704498,-0.008298802814695066
1309,-0.4530899449989699,-0.008298802814695066
1310,-0.453147199054685,-0.008298802814695066
1311,-0.45339917487730597,-0.008298802814695066
1312,-0.4537843003607394,-0.008298802814695066
1313,-0.45406919786681516,-0.008298802814695066
1314,-0.45457604054269884,-0.008298802814695066
1315,-0.4547187365138624,-0.008298802814695066
1316,-0.45473921684898244,-0.008298802814695066
1317,-0.45513049457316557,-0.008298802814695066
1318,-0.45538543786797214,-0.008298802814695066
1319,-0.45587113617743824,-0.008298802814695066
1320,-0.4565879418472447,-0.008298802814695066
1321,-0.4570682163239929,-0.008298802814695066
1322,-0.4574812172804609,-0.008298802814695066
1323,-0.4575806111967625,-0.008298802814695066
1324,-0.4576498768166757,-0.008298802814695066
1325,-0.45782157561921427,-0.008298802814695066
1326,-0.45843405095736905,-0.008298802814695066
1327,-0.4592612408195679,-0.008298802814695066
1328,-0.4604390010847636,-0.008298802814695066
1329,-0.461018551791702,-0.008298802814695066
1330,-0.4625737936575276,-0.008298802814695066
1331,-0.46293822887516517,-0.008298802814695066
1332,-0.46365701860165165,-0.008298802814695066
1333,-0.46375947840423737,-0.008298802814695066
1334,-0.4638052324152042,-0.008298802814695066
1335,-0.46491624648421287,-0.008298802814695066
1336,-0.4650511458937227,-0.008298802814695066
1337,-0.46510201424011705,-0.008298802814695066
1338,-0.4651949068450504,-0.008298802814695066
1339,-0.46569007170974747,-0.008298802814695066
1340,-0.46601074764198047,-0.008298802814695066
1341,-0.4660541774827443,-0.008298802814695066
1342,-0.46642865221098234,-0.008298802814695066
1343,-0.46649548326353907,-0.008298802814695066
1344,-0.46672217539314387,-0.008298802814695066
1345,-0.4670366776089735,-0.008298802814695066
1346,-0.4670467128629327,-0.008298802814695066
1347,-0.467317016968572,-0.008298802814695066
1348,-0.4682253319982647,-0.008298802814695066
1349,-0.46888864106397893,-0.008298802814695066
1350,-0.4691519482919314,-0.008298802814695066
1351,-0.4696682321285656,-0.008298802814695066
1352,-0.46982099901158075,-0.008298802814695066
1353,-0.4707708083492847,-0.008298802814695066
1354,-0.4713234705918936,-0.008298802814695066
1355,-0.47172429325331877,-0.008298802814695066
1356,-0.472528177656487,-0.008298802814695066
1357,-0.4726286985473998,-0.008298802814695066
1358,-0.4731342119399266,-0.008298802814695066
1359,-0.4732928546015587,-0.008298802814695066
1360,-0.4734016804261857,-0.008298802814695066
1361,-0.47380084141114,-0.008298802814695066
1362,-0.4740475764905537,-0.008298802814695066
1363,-0.47408030040481575,-0.008298802814695066
1364,-0.47408433442968234,-0.008298802814695066
1365,-0.4754991885351708,-0.008298802814695066
1366,-0.4755295060581855,-0.008298802814695066
1367,-0.4758326677523038,-0.008298802814695066
1368,-0.47618432753554046,-0.008298802814695066
1369,-0.47677776975476305,-0.008298802814695066
1370,-0.47688378062084835,-0.008298802814695066
1371,-0.47693155529559583,-0.008298802814695066
1372,-0.47743990568158945,-0.008298802814695066
1373,-0.47745697131668585,-0.008298802814695066
1374,-0.4781765562288131,-0.008298802814695066
1375,-0.4788225994498909,-0.008298802814695066
1376,-0.47883507941200176,-0.008298802814695066
1377,-0.4788917236309193,-0.008298802814695066
1378,-0.47912475307495717,-0.008298802814695066
1379,-0.4796196522983834,-0.008298802814695066
1380,-0.47966348633318623,-0.008298802814695066
1381,-0.479945598501458,-0.008298802814695066
1382,-0.48002967893344484,-0.008298802814695066
1383,-0.4803958305236912,-0.008298802814695066
1384,-0.4808163373949756,-0.008298802814695066
1385,-0.4818535605740464,-0.008298802814695066
1386,-0.48208751989157456,-0.008298802814695066
1387,-0.4821992527452688,-0.008298802814695066
1388,-0.4825041394375357,-0.008298802814695066
1389,-0.4826507404731843,-0.008298802814695066
1390,-0.4828109316278516,-0.008298802814695066
1391,-0.4829121454951096,-0.008298802814695066
1392,-0.48342391223961517,-0.008298802814695066
1393,-0.48346100109227186,-0.008298802814695066
1394,-0.4834714837182284,-0.008298802814695066
1395,-0.48406715053975297,-0.008298802814695066
1396,-0.48416784194090495,-0.008298802814695066
1397,-0.4842602350311339,-0.008298802814695066
1398,-0.48475829937816395,-0.008298802814695066
1399,-0.4850788774348453,-0.008298802814695066
1400,-0.48623276795572623,-0.008298802814695066
1401,-0.4876924302170529,-0.008298802814695066
1402,-0.4877499422960553,-0.008298802814695066
1403,-0.4881624610419446,-0.008298802814695066
1404,-0.4882192923358732,-0.008298802814695066
1405,-0.4883111898794944,-0.008298802814695066
1406,-0.489146848738007,-0.008298802814695066
1407,-0.4891812532403883,-0.008298802814695066
1408,-0.4893070941363762,-0.008298802814695066
1409,-0.4895669649306338,-0.008298802814695066
1410,-0.49007668317794945,-0.008298802814695066
1411,-0.4902308123145933,-0.008298802814695066
1412,-0.4902689152819537,-0.008298802814695066
1413,-0.49087973101252436,-0.008298802814695066
1414,-0.4912401640507157,-0.008298802814695066
1415,-0.49130174972713275,-0.008298802814695066
1416,-0.4914835282081801,-0.008298802814695066
1417,-0.49242100055313986,-0.008298802814695066
1418,-0.49274742845554953,-0.008298802814695066
1419,-0.4929204839010601,-0.008298802814695066
1420,-0.4932366088729968,-0.008298802814695066
1421,-0.4935162123361031,-0.008298802814695066
1422,-0.49523180427922175,-0.008298802814695066
1423,-0.4954252448159279,-0.008298802814695066
1424,-0.49570802711116746,-0.008298802814695066
1425,-0.49621735677203427,-0.008298802814695066
1426,-0.4963826026052607,-0.008298802814695066
1427,-0.4963895721545055,-0.008298802814695066
1428,-0.49639960810398154,-0.008298802814695066
1429,-0.4964377084727578,-0.008298802814695066
1430,-0.49648614906740435,-0.008298802814695066
1431,-0.4965471318599223,-0.008298802814695066
1432,-0.49679158710355686,-0.008298802814695066
1433,-0.4972222299080702,-0.008298802814695066
1434,-0.49723182600513505,-0.008298802814695066
1435,-0.49780086933128087,-0.008298802814695066
1436,-0.4983735698865923,-0.008298802814695066
1437,-0.4998800233153706,-0.008298802814695066
1438,-0.5002731010127075,-0.008298802814695066
1439,-0.500387419724749,-0.008298802814695066
1440,-0.5003994956262291,-0.008298802814695066
1441,-0.5004551458201517,-0.008298802814695066
1442,-0.5007235211404624,-0.008298802814695066
1443,-0.5008640492908735,-0.008298802814695066
1444,-0.5009920782744857,-0.008298802814695066
1445,-0.5013291312634769,-0.008298802814695066
1446,-0.5013855776139067,-0.008298802814695066
1447,-0.5018771851560753,-0.008298802814695066
1448,-0.5020185876029368,-0.008298802814695066
1449,-0.5023011384270003,-0.008298802814695066
1450,-0.5024375863281347,-0.008298802814695066
1451,-0.5027337596329193,-0.008298802814695066
1452,-0.5036581439491192,-0.008298802814695066
1453,-0.5036922070182441,-0.008298802814695066
1454,-0.5038115246401043,-0.008298802814695066
1455,-0.5039548304635822,-0.008298802814695066
1456,-0.5042342905642672,-0.008298802814695066
1457,-0.5045825278396072,-0.008298802814695066
1458,-0.5045910181564371,-0.008298802814695066
1459,-0.504957796198562,-0.008298802814695066
1460,-0.5055937240345775,-0.008298802814695066
1461,-0.5056303342992183,-0.008298802814695066
1462,-0.5065968151645089,-0.008298802814695066
1463,-0.5069217802115296,-0.008298802814695066
1464,-0.5071509491192666,-0.008298802814695066
1465,-0.5073752616320115,-0.008298802814695066
1466,-0.5091088841492726,-0.008298802814695066
1467,-0.5093160245565269,-0.008298802814695066
1468,-0.5093214812750433,-0.008298802814695066
1469,-0.5097284469726231,-0.008298802814695066
1470,-0.5097657424943749,-0.008298802814695066
1471,-0.5100858374342627,-0.008298802814695066
1472,-0.5103396888891356,-0.008298802814695066
1473,-0.5104745718062922,-0.008298802814695066
1474,-0.5105051984948297,-0.008298802814695066
1475,-0.5105820566711633,-0.008298802814695066
1476,-0.5109403743691031,-0.008298802814695066
1477,-0.5110008521023215,-0.008298802814695066
1478,-0.5113243624706828,-0.008298802814695066
1479,-0.511441289899567,-0.008298802814695066
1480,-0.5115422501088485,-0.008298802814695066
1481,-0.5124864108953087,-0.008298802814695066
1482,-0.5129320730832299,-0.008298802814695066
1483,-0.5131392050790481,-0.008298802814695066
1484,-0.5132955963066127,-0.008298802814695066
1485,-0.5135799783818539,-0.008298802814695066
1486,-0.5136457026795116,-0.008298802814695066
1487,-0.513896088332715,-0.008298802814695066
1488,-0.5139605495793859,-0.008298802814695066
1489,-0.5144080312709154,-0.008298802814695066
1490,-0.5145290202474797,-0.008298802814695066
1491,-0.5145532812694953,-0.008298802814695066
1492,-0.5145662776501307,-0.008298802814695066
1493,-0.5147709029955114,-0.008298802814695066
1494,-0.5160132109287006,-0.008298802814695066
1495,-0.516065599296783,-0.008298802814695066
1496,-0.5162568511496808,-0.008298802814695066
1497,-0.5171086920250773,-0.008298802814695066
1498,-0.5173802067405882,-0.008298802814695066
1499,-0.5175775184739891,-0.008298802814695066
1500,-0.5176336487961339,-0.008298802814695066
1501,-0.5177100882086164,-0.008298802814695066
1502,-0.5178199568210982,-0.008298802814695066
1503,-0.5182773867753584,-0.008298802814695066
1504,-0.5185261434407197,-0.008298802814695066
1505,-0.5185276024333146,-0.008298802814695066
1506,-0.519062637923026,-0.008298802814695066
1507,-0.5190913033055617,-0.008298802814695066
1508,-0.5194610711607648,-0.008298802814695066
1509,-0.5204038271865291,-0.008298802814695066
1510,-0.5207729860891106,-0.008298802814695066
1511,-0.5211710508524067,-0.008298802814695066
1512,-0.5217891661397744,-0.008298802814695066
1513,-0.5221353719667777,-0.008298802814695066
1514,-0.5223467658779674,-0.008298802814695066
1515,-0.522676311013468,-0.008298802814695066
1516,-0.5232610414735404,-0.008298802814695066
1517,-0.5232929141887759,-0.008298802814695066
1518,-0.5236458560387087,-0.008298802814695066
1519,-0.5237343119269289,-0.008298802814695066
1520,-0.5237355224774073,-0.008298802814695066
1521,-0.5239604616373797,-0.008298802814695066
1522,-0.5240288297075895,-0.008298802814695066
1523,-0.524158742930009,-0.008298802814695066
1524,-0.5243117459701121,-0.008298802814695066
1525,-0.5245053497106087,-0.008298802814695066
1526,-0.5247008033839564,-0.008298802814695066
1527,-0.5249132772818184,-0.008298802814695066
1528,-0.5249981148183557,-0.008298802814695066
1529,-0.5259254613179839,-0.008298802814695066
1530,-0.5259988109665079,-0.008298802814695066
1531,-0.526716592881725,-0.008298802814695066
1532,-0.5269345214187072,-0.008298802814695066
1533,-0.5269768851596739,-0.008298802814695066
1534,-0.5271522483483115,-0.008298802814695066
1535,-0.5271728308358872,-0.008298802814695066
1536,-0.5273381580406349,-0.008298802814695066
1537,-0.5277048759249738,-0.008298802814695066
1538,-0.5279352579467063,-0.008298802814695066
1539,-0.5280321734460881,-0.008298802814695066
1540,-0.5282781261096461,-0.008298802814695066
1541,-0.5287213655966212,-0.008298802814695066
1542,-0.528824838843388,-0.008298802814695066
1543,-0.5288460893410536,-0.008298802814695066
1544,-0.529271347860664,-0.008298802814695066
1545,-0.5293147654908349,-0.008298802814695066
1546,-0.5293706181943212,-0.008298802814695066
1547,-0.5294494947231934,-0.008298802814695066
1548,-0.5295779311859987,-0.008298802814695066
1549,-0.5295989608995992,-0.008298802814695066
1550,-0.5296000303020394,-0.008298802814695066
1551,-0.5296264224911935,-0.008298802814695066
1552,-0.5299082509684261,-0.008298802814695066
1553,-0.5303405655585165,-0.008298802814695066
1554,-0.5306293540814679,-0.008298802814695066
1555,-0.5307839600180111,-0.008298802814695066
1556,-0.5312418571348322,-0.008298802814695066
1557,-0.5312818220893369,-0.008298802814695066
1558,-0.5314619183078759,-0.008298802814695066
1559,-0.5319752234463303,-0.008298802814695066
1560,-0.532075505398842,-0.008298802814695066
1561,-0.532135009917857,-0.008298802814695066
1562,-0.5322455593365879,-0.008298802814695066
1563,-0.5322729127618093,-0.008298802814695066
1564,-0.5339858819284846,-0.008298802814695066
1565,-0.5344174854930634,-0.008298802814695066
1566,-0.5346702867686064,-0.008298802814695066
1567,-0.5348570514987105,-0.008298802814695066
1568,-0.5349377625989556,-0.008298802814695066
1569,-0.534953131145467,-0.008298802814695066
1570,-0.5350042793713189,-0.008298802814695066
1571,-0.535098769414629,-0.008298802814695066
1572,-0.5351543762545582,-0.008298802814695066
1573,-0.5352612819075586,-0.008298802814695066
1574,-0.5353946489908218,-0.008298802814695066
1575,-0.5357728775564679,-0.008298802814695066
1576,-0.5363380616137727,-0.008298802814695066
1577,-0.5365006391017597,-0.008298802814695066
1578,-0.5365155232428303,-0.008298802814695066
1579,-0.5366218163645896,-0.008298802814695066
1580,-0.5368706984697588,-0.008298802814695066
1581,-0.5372981343166301,-0.008298802814695066
1582,-0.5380357783751595,-0.008298802814695066
1583,-0.5387714597691536,-0.008298802814695066
1584,-0.5388342832891988,-0.008298802814695066
1585,-0.5389978954959832,-0.008298802814695066
1586,-0.5396184833687656,-0.008298802814695066
1587,-0.5396878025581466,-0.008298802814695066
1588,-0.5411186438719868,-0.008298802814695066
1589,-0.5413956858709545,-0.008298802814695066
1590,-0.5417323124251158,-0.008298802814695066
1591,-0.5417658628987404,-0.008298802814695066
1592,-0.5419333077717241,-0.008298802814695066
1593,-0.5423100170698436,-0.008298802814695066
1594,-0.5423138895813829,-0.008298802814695066
1595,-0.5424304151996147,-0.008298802814695066
1596,-0.54341097110588,-0.008298802814695066
1597,-0.5435478622287118,-0.008298802814695066
1598,-0.5439827615846438,-0.008298802814695066
1599,-0.5440887688075362,-0.008298802814695066
1600,-0.5453859472263359,-0.008298802814695066
1601,-0.5453938258192748,-0.008298802814695066
1602,-0.5464056953289302,-0.008298802814695066
1603,-0.5468745647746152,-0.008298802814695066
1604,-0.5472427225849306,-0.008298802814695066
1605,-0.5487098275233881,-0.008298802814695066
1606,-0.5487354204390594,-0.008298802814695066
1607,-0.5487953780849544,-0.008298802814695066
1608,-0.5488904531256479,-0.008298802814695066
1609,-0.5499857902580034,-0.008298802814695066
1610,-0.5501064027687714,-0.008298802814695066
1611,-0.550230839751426,-0.008298802814695066
1612,-0.5503641440361827,-0.008298802814695066
1613,-0.550426259097381,-0.008298802814695066
1614,-0.5506569238301072,-0.008298802814695066
1615,-0.5506820349815522,-0.008298802814695066
1616,-0.5508097196785575,-0.008298802814695066
1617,-0.551278794948514,-0.008298802814695066
1618,-0.5514729891996282,-0.008298802814695066
1619,-0.5522807736602575,-0.008298802814695066
1620,-0.5523028192779633,-0.008298802814695066
1621,-0.5526230061128181,-0.008298802814695066
1622,-0.5529520184225316,-0.008298802814695066
1623,-0.5530744334496303,-0.008298802814695066
1624,-0.5531841093315132,-0.008298802814695066
1625,-0.5532128892988579,-0.008298802814695066
1626,-0.5534184416736024,-0.008298802814695066
1627,-0.5539344896598306,-0.008298802814695066
1628,-0.5539497064875535,-0.008298802814695066
1629,-0.5544661218759716,-0.008298802814695066
1630,-0.5550308187940353,-0.008298802814695066
1631,-0.5550342154331044,-0.008298802814695066
1632,-0.5551882317154145,-0.008298802814695066
1633,-0.555667917750472,-0.008298802814695066
1634,-0.5556928756860725,-0.008298802814695066
1635,-0.5557156671643049,-0.008298802814695066
1636,-0.5559047340095264,-0.008298802814695066
1637,-0.5559601252420675,-0.008298802814695066
1638,-0.5559735761226451,-0.008298802814695066
1639,-0.5570601750097319,-0.008298802814695066
1640,-0.5573866402880545,-0.008298802814695066
1641,-0.5577745531824735,-0.008298802814695066
1642,-0.5580443533576611,-0.008298802814695066
1643,-0.5583948879761699,-0.008298802814695066
1644,-0.5585776245987895,-0.008298802814695066
1645,-0.5589709870143977,-0.008298802814695066
1646,-0.5592039315642223,-0.008298802814695066
1647,-0.5599080472173533,-0.008298802814695066
1648,-0.5602893353561311,-0.008298802814695066
1649,-0.5604792250939911,-0.008298802814695066
1650,-0.5605253829530563,-0.008298802814695066
1651,-0.5607805562947052,-0.008298802814695066
1652,-0.5609837138492662,-0.008298802814695066
1653,-0.5610683845003447,-0.008298802814695066
1654,-0.5610937854514363,-0.008298802814695066
1655,-0.5613199829708597,-0.008298802814695066
1656,-0.5613496570087758,-0.008298802814695066
1657,-0.5617807896889676,-0.008298802814695066
1658,-0.5619004343320475,-0.008298802814695066
1659,-0.5619494433599043,-0.008298802814695066
1660,-0.5622593285867695,-0.008298802814695066
1661,-0.5633936673648768,-0.008298802814695066
1662,-0.5637096719777202,-0.008298802814695066
1663,-0.5644573853830426,-0.008298802814695066
1664,-0.5645333821303302,-0.008298802814695066
1665,-0.5645399790933342,-0.008298802814695066
1666,-0.5648161870766168,-0.008298802814695066
1667,-0.565372781932807,-0.008298802814695066
1668,-0.5655507277704677,-0.008298802814695066
1669,-0.5657237481440276,-0.008298802814695066
1670,-0.5661454966421875,-0.008298802814695066
1671,-0.5666233652494825,-0.008298802814695066
1672,-0.5666905998689141,-0.008298802814695066
1673,-0.5669250519818168,-0.008298802814695066
1674,-0.5682403206888648,-0.008298802814695066
1675,-0.5682447354003566,-0.008298802814695066
1676,-0.5683262586957416,-0.008298802814695066
1677,-0.5684423111018972,-0.008298802814695066
1678,-0.5686305689902625,-0.008298802814695066
1679,-0.5687534498824524,-0.008298802814695066
1680,-0.5692326524692055,-0.008298802814695066
1681,-0.569516560914176,-0.008298802814695066
1682,-0.5695723716283293,-0.008298802814695066
1683,-0.5698323989464644,-0.008298802814695066
1684,-0.5700078424134044,-0.008298802814695066
1685,-0.5702134096707554,-0.008298802814695066
1686,-0.5704144647123185,-0.008298802814695066
1687,-0.5706127175179635,-0.008298802814695066
1688,-0.5718292116592629,-0.008298802814695066
1689,-0.571843556912403,-0.008298802814695066
1690,-0.5720014636743482,-0.008298802814695066
1691,-0.5723617422672775,-0.008298802814695066
1692,-0.5723721075760342,-0.008298802814695066
1693,-0.5723918158829281,-0.008298802814695066
1694,-0.5724758580105461,-0.008298802814695066
1695,-0.572522485346489,-0.008298802814695066
1696,-0.5726660010453029,-0.008298802814695066
1697,-0.5735401232217798,-0.008298802814695066
1698,-0.573562457555768,-0.008298802814695066
1699,-0.5735882882930278,-0.008298802814695066
1700,-0.5737110193408999,-0.008298802814695066
1701,-0.5739078886449778,-0.008298802814695066
1702,-0.574031663310673,-0.008298802814695066
1703,-0.574393316747629,-0.008298802814695066
1704,-0.5746527292215953,-0.008298802814695066
1705,-0.5748824775386323,-0.008298802814695066
1706,-0.5750290110610634,-0.008298802814695066
1707,-0.5751329054242206,-0.008298802814695066
1708,-0.5752241611367209,-0.008298802814695066
1709,-0.5754666575260969,-0.008298802814695066
1710,-0.5755804063415147,-0.008298802814695066
1711,-0.5758067608652178,-0.008298802814695066
1712,-0.5758137064668187,-0.008298802814695066
1713,-0.5759987184760202,-0.008298802814695066
1714,-0.5761445272303141,-0.008298802814695066
1715,-0.5767360335977809,-0.008298802814695066
1716,-0.5770029255943356,-0.008298802814695066
1717,-0.5775180117766106,-0.008298802814695066
1718,-0.5777094746143865,-0.008298802814695066
1719,-0.5778438429487166,-0.008298802814695066
1720,-0.5780568672363133,-0.008298802814695066
1721,-0.5783452504465092,-0.008298802814695066
1722,-0.5784594868311599,-0.008298802814695066
1723,-0.5784972468024284,-0.008298802814695066
1724,-0.5791536154585284,-0.008298802814695066
1725,-0.5792571141908749,-0.008298802814695066
1726,-0.57992795343454,-0.008298802814695066
1727,-0.5799296089389521,-0.008298802814695066
1728,-0.5799758066135627,-0.008298802814695066
1729,-0.5800180749306197,-0.008298802814695066
1730,-0.5806015975819214,-0.008298802814695066
1731,-0.5818299355015553,-0.008298802814695066
1732,-0.5820892887742344,-0.008298802814695066
1733,-0.5823645816564823,-0.008298802814695066
1734,-0.5824702576062263,-0.008298802814695066
1735,-0.5828365376415571,-0.008298802814695066
1736,-0.5828504663110183,-0.008298802814695066
1737,-0.5838317123474498,-0.008298802814695066
1738,-0.5841403703398789,-0.008298802814695066
1739,-0.5841875883767822,-0.008298802814695066
1740,-0.5841964629093743,-0.008298802814695066
1741,-0.5842701058773898,-0.008298802814695066
1742,-0.5843003529491839,-0.008298802814695066
1743,-0.5845974707830207,-0.008298802814695066
1744,-0.5855545660821528,-0.008298802814695066
1745,-0.5855757680829431,-0.008298802814695066
1746,-0.5857265165253354,-0.008298802814695066
1747,-0.5857432355039804,-0.008298802814695066
1748,-0.5858263604905674,-0.008298802814695066
1749,-0.5859120730784597,-0.008298802814695066
1750,-0.5859405333215998,-0.008298802814695066
1751,-0.5859427109297098,-0.008298802814695066
1752,-0.5859999848555864,-0.008298802814695066
1753,-0.586205754492443,-0.008298802814695066
1754,-0.5864225200813729,-0.008298802814695066
1755,-0.5864495033693092,-0.008298802814695066
1756,-0.5865290254773663,-0.008298802814695066
1757,-0.5866249566859635,-0.008298802814695066
1758,-0.5871421693718161,-0.008298802814695066
1759,-0.5874623015266803,-0.008298802814695066
1760,-0.5874973338711955,-0.008298802814695066
1761,-0.5877335249722314,-0.008298802814695066
1762,-0.5877927760714539,-0.008298802814695066
1763,-0.5884581004269356,-0.008298802814695066
1764,-0.5888124814509288,-0.008298802814695066
1765,-0.5890897214049893,-0.008298802814695066
1766,-0.5891274449039482,-0.008298802814695066
1767,-0.5893441695511249,-0.008298802814695066
1768,-0.5900958637910311,-0.008298802814695066
1769,-0.5910057662152699,-0.008298802814695066
1770,-0.5912489345837311,-0.008298802814695066
1771,-0.5914383623057707,-0.008298802814695066
1772,-0.5915809904719189,-0.008298802814695066
1773,-0.591677836453675,-0.008298802814695066
1774,-0.5917329065393921,-0.008298802814695066
1775,-0.5921895905762281,-0.008298802814695066
1776,-0.5923489305171965,-0.008298802814695066
1777,-0.5930906146363611,-0.008298802814695066
1778,-0.5932999870342391,-0.008298802814695066
1779,-0.5933739192883691,-0.008298802814695066
1780,-0.5935539301578039,-0.008298802814695066
1781,-0.5941425661975083,-0.008298802814695066
1782,-0.5949514390839606,-0.008298802814695066
1783,-0.5949988601937071,-0.008298802814695066
1784,-0.5951668071491268,-0.008298802814695066
1785,-0.5957419191055761,-0.008298802814695066
1786,-0.5958924322091865,-0.008298802814695066
1787,-0.5960748699456639,-0.008298802814695066
1788,-0.5961453816543477,-0.008298802814695066
1789,-0.5965972287652344,-0.008298802814695066
1790,-0.5968097607856192,-0.008298802814695066
1791,-0.5971067237348541,-0.008298802814695066
1792,-0.5973756948416009,-0.008298802814695066
1793,-0.5985557941591573,-0.008298802814695066
1794,-0.5993646203619611,-0.008298802814695066
1795,-0.5995821881859839,-0.008298802814695066
1796,-0.599836894163399,-0.008298802814695066
1797,-0.6004274332058146,-0.008298802814695066
1798,-0.6012262324286533,-0.008298802814695066
1799,-0.6020860974575137,-0.008298802814695066
1800,-0.6021929832999565,-0.008298802814695066
1801,-0.6024409706297695,-0.008298802814695066
1802,-0.6031443712375584,-0.008298802814695066
1803,-0.6040377043051625,-0.008298802814695066
1804,-0.6045041789608562,-0.008298802814695066
1805,-0.6047064725819624,-0.008298802814695066
1806,-0.6047560122501112,-0.008298802814695066
1807,-0.6049120567696368,-0.008298802814695066
1808,-0.6051407145015137,-0.008298802814695066
1809,-0.6052514575689398,-0.008298802814695066
1810,-0.6053733325598122,-0.008298802814695066
1811,-0.6054879601360522,-0.008298802814695066
1812,-0.605999057802489,-0.008298802814695066
1813,-0.6068779078314233,-0.008298802814695066
1814,-0.6077300383348991,-0.008298802814695066
1815,-0.6088823187759043,-0.008298802814695066
1816,-0.6095161035640361,-0.008298802814695066
1817,-0.6096033987815564,-0.008298802814695066
1818,-0.6098245031568381,-0.008298802814695066
1819,-0.6098270377503875,-0.008298802814695066
1820,-0.6102209773292447,-0.008298802814695066
1821,-0.6104589541918202,-0.008298802814695066
1822,-0.6112642979462557,-0.008298802814695066
1823,-0.6116755933972126,-0.008298802814695066
1824,-0.6118961371794732,-0.008298802814695066
1825,-0.6126625987745551,-0.008298802814695066
1826,-0.6129947600842971,-0.008298802814695066
1827,-0.6130764425503017,-0.008298802814695066
1828,-0.6133213522381722,-0.008298802814695066
1829,-0.6135357321448496,-0.008298802814695066
1830,-0.6135708027770711,-0.008298802814695066
1831,-0.6148278680162682,-0.008298802814695066
1832,-0.6153659732431831,-0.008298802814695066
1833,-0.6154156732000842,-0.008298802814695066
1834,-0.6160553166517473,-0.008298802814695066
1835,-0.616111701451526,-0.008298802814695066
1836,-0.6161938157346019,-0.008298802814695066
1837,-0.6163816320400302,-0.008298802814695066
1838,-0.6171085369514211,-0.008298802814695066
1839,-0.618650239306415,-0.008298802814695066
1840,-0.6188758303058539,-0.008298802814695066
1841,-0.6189208138398993,-0.008298802814695066
1842,-0.6190654523199322,-0.008298802814695066
1843,-0.619114738189607,-0.008298802814695066
1844,-0.6194710240647621,-0.008298802814695066
1845,-0.6199087822831068,-0.008298802814695066
1846,-0.6199273457249983,-0.008298802814695066
1847,-0.6202138370889125,-0.008298802814695066
1848,-0.620390524797852,-0.008298802814695066
1849,-0.6205628269628507,-0.008298802814695066
1850,-0.6210193537460813,-0.008298802814695066
1851,-0.6217997725882338,-0.008298802814695066
1852,-0.6218571545562669,-0.008298802814695066
1853,-0.6219650536368818,-0.008298802814695066
1854,-0.622226281087666,-0.008298802814695066
1855,-0.6223145581912558,-0.008298802814695066
1856,-0.6226715949280766,-0.008298802814695066
1857,-0.6229037017606915,-0.008298802814695066
1858,-0.6229462508165924,-0.008298802814695066
1859,-0.623021270228251,-0.008298802814695066
1860,-0.6232626855352559,-0.008298802814695066
1861,-0.6234977021485022,-0.008298802814695066
1862,-0.6238875937950106,-0.008298802814695066
1863,-0.6240528851848941,-0.008298802814695066
1864,-0.6242750516249309,-0.008298802814695066
1865,-0.6243077417396864,-0.008298802814695066
1866,-0.6243447450155835,-0.008298802814695066
1867,-0.6243861896791328,-0.008298802814695066
1868,-0.6244150709855918,-0.008298802814695066
1869,-0.6244796619515576,-0.008298802814695066
1870,-0.6245344636780645,-0.008298802814695066
1871,-0.6248503392122535,-0.008298802814695066
1872,-0.6254069672007432,-0.008298802814695066
1873,-0.6261604631745075,-0.008298802814695066
1874,-0.626165311586596,-0.008298802814695066
1875,-0.6266618950289566,-0.008298802814695066
1876,-0.6266758434294817,-0.008298802814695066
1877,-0.6267238428708906,-0.008298802814695066
1878,-0.6268950905451082,-0.008298802814695066
1879,-0.6271487982761894,-0.008298802814695066
1880,-0.6272613310574175,-0.008298802814695066
1881,-0.6278726632324696,-0.008298802814695066
1882,-0.6278734017523652,-0.008298802814695066
1883,-0.6279060182112455,-0.008298802814695066
1884,-0.6279193215896623,-0.008298802814695066
1885,-0.628442369222888,-0.008298802814695066
1886,-0.6292844273396561,-0.008298802814695066
1887,-0.6293154708756644,-0.008298802814695066
1888,-0.629411506610424,-0.008298802814695066
1889,-0.6294712353676195,-0.008298802814695066
1890,-0.6301591491479053,-0.008298802814695066
1891,-0.6302811265782838,-0.008298802814695066
1892,-0.6308193758846314,-0.008298802814695066
1893,-0.6312167714702572,-0.008298802814695066
1894,-0.6314163298947331,-0.008298802814695066
1895,-0.6316917946540096,-0.008298802814695066
1896,-0.631942619210341,-0.008298802814695066
1897,-0.6320696634469933,-0.008298802814695066
1898,-0.6324118656281342,-0.008298802814695066
1899,-0.6325067492833696,-0.008298802814695066
1900,-0.6325359486178252,-0.008298802814695066
1901,-0.6327649901201817,-0.008298802814695066
1902,-0.6342518445993334,-0.008298802814695066
1903,-0.6344436540443477,-0.008298802814695066
1904,-0.6353074008972659,-0.008298802814695066
1905,-0.635440267853743,-0.008298802814695066
1906,-0.6361407895021933,-0.008298802814695066
1907,-0.6363422132080979,-0.008298802814695066
1908,-0.6363852966990293,-0.008298802814695066
1909,-0.6367672836322469,-0.008298802814695066
1910,-0.6368113692461557,-0.008298802814695066
1911,-0.6369050502994118,-0.008298802814695066
1912,-0.6370323975650649,-0.008298802814695066
1913,-0.6371869314300479,-0.008298802814695066
1914,-0.6375180489611705,-0.008298802814695066
1915,-0.6389798234748488,-0.008298802814695066
1916,-0.63903137088234,-0.008298802814695066
1917,-0.6390851014060479,-0.008298802814695066
1918,-0.6394024229042686,-0.008298802814695066
1919,-0.639721766111186,-0.008298802814695066
1920,-0.6406736211003528,-0.008298802814695066
1921,-0.6413906379217509,-0.008298802814695066
1922,-0.6415215783174755,-0.008298802814695066
1923,-0.6417630918463212,-0.008298802814695066
1924,-0.6423709411090193,-0.008298802814695066
1925,-0.6427844146718091,-0.008298802814695066
1926,-0.6431337900701031,-0.008298802814695066
1927,-0.6432598234247935,-0.008298802814695066
1928,-0.6437331035467032,-0.008298802814695066
1929,-0.6438056824537737,-0.008298802814695066
1930,-0.643893587558177,-0.008298802814695066
1931,-0.644006495269964,-0.008298802814695066
1932,-0.6443948831157383,-0.008298802814695066
1933,-0.6451382727584374,-0.008298802814695066
1934,-0.645263598062342,-0.008298802814695066
1935,-0.6455777294744576,-0.008298802814695066
1936,-0.6463887822419982,-0.008298802814695066
1937,-0.6466011263699294,-0.008298802814695066
1938,-0.647007546432531,-0.008298802814695066
1939,-0.647517699772112,-0.008298802814695066
1940,-0.6475293009123607,-0.008298802814695066
1941,-0.6477520360467781,-0.008298802814695066
1942,-0.6477986371752578,-0.008298802814695066
1943,-0.6479669436509848,-0.008298802814695066
1944,-0.6482570987936969,-0.008298802814695066
1945,-0.6482860326150679,-0.008298802814695066
1946,-0.648380740436381,-0.008298802814695066
1947,-0.6487788101511753,-0.008298802814695066
1948,-0.6487914468758429,-0.008298802814695066
1949,-0.6488968442860612,-0.008298802814695066
1950,-0.6501961413751848,-0.008298802814695066
1951,-0.6506053153018185,-0.008298802814695066
1952,-0.6510272381707526,-0.008298802814695066
1953,-0.6510506625491894,-0.008298802814695066
1954,-0.6516206000980634,-0.008298802814695066
1955,-0.6519290548565542,-0.008298802814695066
1956,-0.6523701716822509,-0.008298802814695066
1957,-0.6525815291168647,-0.008298802814695066
1958,-0.6529445123354249,-0.008298802814695066
1959,-0.6529862820419801,-0.008298802814695066
1960,-0.6530992379855869,-0.008298802814695066
1961,-0.6541512571250941,-0.008298802814695066
1962,-0.6550306086828656,-0.008298802814695066
1963,-0.6555521986525386,-0.008298802814695066
1964,-0.655688720105165,-0.008298802814695066
1965,-0.6559238404536664,-0.008298802814695066
1966,-0.6565061987831169,-0.008298802814695066
1967,-0.6567918804037338,-0.008298802814695066
1968,-0.6568735287348977,-0.008298802814695066
1969,-0.6570403106386499,-0.008298802814695066
1970,-0.6577447926525732,-0.008298802814695066
1971,-0.6577916712799059,-0.008298802814695066
1972,-0.6585390658927348,-0.008298802814695066
1973,-0.6585771911650684,-0.008298802814695066
1974,-0.6591524316412145,-0.008298802814695066
1975,-0.6591721579660617,-0.008298802814695066
1976,-0.6592751048965416,-0.008298802814695066
1977,-0.6593649768925967,-0.008298802814695066
1978,-0.6598259608275897,-0.008298802814695066
1979,-0.6604073306410165,-0.008298802814695066
1980,-0.6606276155368116,-0.008298802814695066
1981,-0.6607907258329344,-0.008298802814695066
1982,-0.6610018802947559,-0.008298802814695066
1983,-0.6619102611116594,-0.008298802814695066
1984,-0.6622168181931882,-0.008298802814695066
1985,-0.662527416995623,-0.008298802814695066
1986,-0.6626903749510268,-0.008298802814695066
1987,-0.6627205029060101,-0.008298802814695066
1988,-0.6629065053914667,-0.008298802814695066
1989,-0.6630041446111367,-0.008298802814695066
1990,-0.6633409145127098,-0.008298802814695066
1991,-0.6633475180423931,-0.008298802814695066
1992,-0.6634449811458428,-0.008298802814695066
1993,-0.6637655341488173,-0.008298802814695066
1994,-0.6648724676429887,-0.008298802814695066
1995,-0.6648836209953662,-0.008298802814695066
1996,-0.6652319374908706,-0.008298802814695066
1997,-0.6653262127351898,-0.008298802814695066
1998,-0.6658623288472965,-0.008298802814695066
1999,-0.6661483207656209,-0.008298802814695066
2000,-0.6669991419689111,-0.008298802814695066
2001,-0.6672576227931333,-0.008298802814695066
2002,-0.6675156207416875,-0.008298802814695066
2003,-0.6678471050269317,-0.008298802814695066
2004,-0.668873350558582,-0.008298802814695066
2005,-0.6690849515678341,-0.008298802814695066
2006,-0.6693200776975219,-0.008298802814695066
2007,-0.6695416165902737,-0.008298802814695066
2008,-0.6695870529035275,-0.008298802814695066
2009,-0.669611628680416,-0.008298802814695066
2010,-0.6699450895100981,-0.008298802814695066
2011,-0.6699458146804445,-0.008298802814695066
2012,-0.6703217112433382,-0.008298802814695066
2013,-0.6703429108688098,-0.008298802814695066
2014,-0.6704917543266962,-0.008298802814695066
2015,-0.670529410090631,-0.008298802814695066
2016,-0.6714721487841324,-0.008298802814695066
2017,-0.6716053955785284,-0.008298802814695066
2018,-0.6717116317352398,-0.008298802814695066
2019,-0.6719257280891006,-0.008298802814695066
2020,-0.6719833600545218,-0.008298802814695066
2021,-0.6724431244100492,-0.008298802814695066
2022,-0.6725893512120307,-0.008298802814695066
2023,-0.673178484923658,-0.008298802814695066
2024,-0.6735404013380367,-0.008298802814695066
2025,-0.6736400373991015,-0.008298802814695066
2026,-0.6737961542266653,-0.008298802814695066
2027,-0.674086535881723,-0.008298802814695066
2028,-0.6743683710858845,-0.008298802814695066
2029,-0.6746794058768757,-0.008298802814695066
2030,-0.6747441681295349,-0.008298802814695066
2031,-0.674749419862698,-0.008298802814695066
2032,-0.6750600809555899,-0.008298802814695066
2033,-0.6759726441842472,-0.008298802814695066
2034,-0.6759819986545007,-0.008298802814695066
2035,-0.6764415215399566,-0.008298802814695066
2036,-0.6766161496512035,-0.008298802814695066
2037,-0.6768804572737052,-0.008298802814695066
2038,-0.6768920863015195,-0.008298802814695066
2039,-0.6769018302800409,-0.008298802814695066
2040,-0.6769581812500544,-0.008298802814695066
2041,-0.6770365595440043,-0.008298802814695066
2042,-0.6773261298478883,-0.008298802814695066
2043,-0.6775448921247391,-0.008298802814695066
2044,-0.6775854448233094,-0.008298802814695066
2045,-0.6775866027720603,-0.008298802814695066
2046,-0.6777046892920143,-0.008298802814695066
2047,-0.6778645148576753,-0.008298802814695066
2048,-0.6781108360191956,-0.008298802814695066
2049,-0.6784987784129979,-0.008298802814695066
2050,-0.6792502274391968,-0.008298802814695066
2051,-0.6792940870809596,-0.008298802814695066
2052,-0.679666337205997,-0.008298802814695066
2053,-0.6800576478159265,-0.008298802814695066
2054,-0.6801424467126044,-0.008298802814695066
2055,-0.6802453633045625,-0.008298802814695066
2056,-0.6802639747259391,-0.008298802814695066
2057,-0.6804127889305208,-0.008298802814695066
2058,-0.6806658611144321,-0.008298802814695066
2059,-0.6815489715686598,-0.008298802814695066
2060,-0.6817212044332132,-0.008298802814695066
2061,-0.6818029406995771,-0.008298802814695066
2062,-0.6820660276511218,-0.008298802814695066
2063,-0.6825031980906285,-0.008298802814695066
2064,-0.6825319888500183,-0.008298802814695066
2065,-0.6826473051851043,-0.008298802814695066
2066,-0.6826521478666734,-0.008298802814695066
2067,-0.6833726566149763,-0.008298802814695066
2068,-0.6836112666068146,-0.008298802814695066
2069,-0.6836889306141654,-0.008298802814695066
2070,-0.6839717650375182,-0.008298802814695066
2071,-0.6845179823049159,-0.008298802814695066
2072,-0.6846783360212068,-0.008298802814695066
2073,-0.6847818651698174,-0.008298802814695066
2074,-0.6848292346425208,-0.008298802814695066
2075,-0.6848362264732171,-0.008298802814695066
2076,-0.6848847995610011,-0.008298802814695066
2077,-0.6859384944303121,-0.008298802814695066
2078,-0.6859832725864348,-0.008298802814695066
2079,-0.6861193708049416,-0.008298802814695066
2080,-0.6862970814770636,-0.008298802814695066
2081,-0.686388096581696,-0.008298802814695066
2082,-0.6872374065489193,-0.008298802814695066
2083,-0.6875782072087633,-0.008298802814695066
2084,-0.6877022307417043,-0.008298802814695066
2085,-0.6888354003738819,-0.008298802814695066
2086,-0.688846495102134,-0.008298802814695066
2087,-0.6889475517904335,-0.008298802814695066
2088,-0.6891309738095065,-0.008298802814695066
2089,-0.6893477514641196,-0.008298802814695066
2090,-0.6896002404517035,-0.008298802814695066
2091,-0.6905183611454881,-0.008298802814695066
2092,-0.6906080012382865,-0.008298802814695066
2093,-0.6910136752139324,-0.008298802814695066
2094,-0.6911474600569699,-0.008298802814695066
2095,-0.6913103933580103,-0.008298802814695066
2096,-0.6913375314055811,-0.008298802814695066
2097,-0.6918340059721139,-0.008298802814695066
2098,-0.6921138178632316,-0.008298802814695066
2099,-0.6924462924348616,-0.008298802814695066
2100,-0.6925641161905907,-0.008298802814695066
2101,-0.6930246037500437,-0.008298802814695066
2102,-0.6931244075978691,-0.008298802814695066
2103,-0.6941733532066424,-0.008298802814695066
2104,-0.6943993050581938,-0.008298802814695066
2105,-0.6949526335007244,-0.008298802814695066
2106,-0.6951897176349036,-0.008298802814695066
2107,-0.6957681138477196,-0.008298802814695066
2108,-0.6958182359036642,-0.008298802814695066
2109,-0.6966742489387516,-0.008298802814695066
2110,-0.6967531845727484,-0.008298802814695066
2111,-0.6976675859488368,-0.008298802814695066
2112,-0.6979108969709534,-0.008298802814695066
2113,-0.6981110783799542,-0.008298802814695066
2114,-0.6981536299903035,-0.008298802814695066
2115,-0.6982343738276635,-0.008298802814695066
2116,-0.6984561822383617,-0.008298802814695066
2117,-0.6992250560490607,-0.008298802814695066
2118,-0.6994946457001411,-0.008298802814695066
2119,-0.7001062689443217,-0.008298802814695066
2120,-0.7002129997883425,-0.008298802814695066
2121,-0.7002178472327902,-0.008298802814695066
2122,-0.7004744087778154,-0.008298802814695066
2123,-0.7008064891745501,-0.008298802814695066
2124,-0.7008392400843748,-0.008298802814695066
2125,-0.7009077136903024,-0.008298802814695066
2126,-0.700984270635486,-0.008298802814695066
2127,-0.7011548393055429,-0.008298802814695066
2128,-0.7014880536834045,-0.008298802814695066
2129,-0.7020332893557769,-0.008298802814695066
2130,-0.7020354273660412,-0.008298802814695066
2131,-0.7022253667882067,-0.008298802814695066
2132,-0.7024296917688847,-0.008298802814695066
2133,-0.7024885689384313,-0.008298802814695066
2134,-0.702622134627588,-0.008298802814695066
2135,-0.7027913192402688,-0.008298802814695066
2136,-0.7030181597070725,-0.008298802814695066
2137,-0.7034960312061094,-0.008298802814695066
2138,-0.7035023321139492,-0.008298802814695066
2139,-0.7040552807533822,-0.008298802814695066
2140,-0.7045270728805659,-0.008298802814695066
2141,-0.7047357512783623,-0.008298802814695066
2142,-0.7058754434111745,-0.008298802814695066
2143,-0.7063345492616893,-0.008298802814695066
2144,-0.7064517553984657,-0.008298802814695066
2145,-0.70648854516677,-0.008298802814695066
2146,-0.7086684493486821,-0.008298802814695066
2147,-0.708680695485568,-0.008298802814695066
2148,-0.7087804702563557,-0.008298802814695066
2149,-0.7088973597858172,-0.008298802814695066
2150,-0.7090091166650909,-0.008298802814695066
2151,-0.7090351828853405,-0.008298802814695066
2152,-0.7093599209467167,-0.008298802814695066
2153,-0.7096919207498658,-0.008298802814695066
2154,-0.7099736008500479,-0.008298802814695066
2155,-0.7100975711402149,-0.008298802814695066
2156,-0.7101277206253651,-0.008298802814695066
2157,-0.7109758003254889,-0.008298802814695066
2158,-0.711089177028634,-0.008298802814695066
2159,-0.7111619268180049,-0.008298802814695066
2160,-0.7113051444928522,-0.008298802814695066
2161,-0.7113192223755564,-0.008298802814695066
2162,-0.7114790334376114,-0.008298802814695066
2163,-0.7116016929400846,-0.008298802814695066
2164,-0.7116221513074518,-0.008298802814695066
2165,-0.7120354699433984,-0.008298802814695066
2166,-0.7128391274373873,-0.008298802814695066
2167,-0.7128792348894809,-0.008298802814695066
2168,-0.7130034632447169,-0.008298802814695066
2169,-0.7133275604031961,-0.008298802814695066
2170,-0.713554430227919,-0.008298802814695066
2171,-0.7135950094384901,-0.008298802814695066
2172,-0.7137788523317147,-0.008298802814695066
2173,-0.7138627628791385,-0.008298802814695066
2174,-0.7139581722306128,-0.008298802814695066
2175,-0.7140168352084468,-0.008298802814695066
2176,-0.7140362151078714,-0.008298802814695066
2177,-0.7140569344104274,-0.008298802814695066
2178,-0.7149582678316901,-0.008298802814695066
2179,-0.7151401627774057,-0.008298802814695066
2180,-0.7153069258340565,-0.008298802814695066
2181,-0.7153073852584937,-0.008298802814695066
2182,-0.7154217575302461,-0.008298802814695066
2183,-0.7157512215538183,-0.008298802814695066
2184,-0.7160674107679019,-0.008298802814695066
2185,-0.7161038553492123,-0.008298802814695066
2186,-0.7165681272691562,-0.008298802814695066
2187,-0.7166195200494249,-0.008298802814695066
2188,-0.7167555640946033,-0.008298802814695066
2189,-0.7172533271039372,-0.008298802814695066
2190,-0.717687737009127,-0.008298802814695066
2191,-0.718135633111157,-0.008298802814695066
2192,-0.7182266306508664,-0.008298802814695066
2193,-0.7183224352580024,-0.008298802814695066
2194,-0.7183853684144248,-0.008298802814695066
2195,-0.7184990439416095,-0.008298802814695066
2196,-0.7186542851827578,-0.008298802814695066
2197,-0.7188057226756246,-0.008298802814695066
2198,-0.7190930907217792,-0.008298802814695066
2199,-0.719241193944065,-0.008298802814695066
2200,-0.7195471774189225,-0.008298802814695066
2201,-0.7197928865558777,-0.008298802814695066
2202,-0.7202662681515556,-0.008298802814695066
2203,-0.7204319512350759,-0.008298802814695066
2204,-0.7205928534585873,-0.008298802814695066
2205,-0.7208137550588689,-0.008298802814695066
2206,-0.7217776358167445,-0.008298802814695066
2207,-0.7221036200808955,-0.008298802814695066
2208,-0.7221242788011561,-0.008298802814695066
2209,-0.7224616919111146,-0.008298802814695066
2210,-0.7226225905047445,-0.008298802814695066
2211,-0.7229594470770022,-0.008298802814695066
2212,-0.7230869611667067,-0.008298802814695066
2213,-0.7232362135567404,-0.008298802814695066
2214,-0.723604609280934,-0.008298802814695066
2215,-0.7237031676359651,-0.008298802814695066
2216,-0.7237567675903507,-0.008298802814695066
2217,-0.7240444992826169,-0.008298802814695066
2218,-0.7241645303742636,-0.008298802814695066
2219,-0.7244068201568067,-0.008298802814695066
2220,-0.7244972450948317,-0.008298802814695066
2221,-0.7247189645171617,-0.008298802814695066
2222,-0.724923790435351,-0.008298802814695066
2223,-0.7250695951663911,-0.008298802814695066
2224,-0.7257323828333965,-0.008298802814695066
2225,-0.7258186401141749,-0.008298802814695066
2226,-0.7260030194610132,-0.008298802814695066
2227,-0.7265103425215611,-0.008298802814695066
2228,-0.7267301522749103,-0.008298802814695066
2229,-0.726934912197174,-0.008298802814695066
2230,-0.7274769521401262,-0.008298802814695066
2231,-0.7277435062199311,-0.008298802814695066
2232,-0.728221377198394,-0.008298802814695066
2233,-0.728232946568226,-0.008298802814695066
2234,-0.7283393340468116,-0.008298802814695066
2235,-0.7283967682763501,-0.008298802814695066
2236,-0.728953935276436,-0.008298802814695066
2237,-0.7291317392251734,-0.008298802814695066
2238,-0.729189257947937,-0.008298802814695066
2239,-0.7293534747546679,-0.008298802814695066
2240,-0.7294123428367966,-0.008298802814695066
2241,-0.7294911467153384,-0.008298802814695066
2242,-0.7298633085233541,-0.008298802814695066
2243,-0.7299423041832991,-0.008298802814695066
2244,-0.7300419843583901,-0.008298802814695066
2245,-0.7304793417109556,-0.008298802814695066
2246,-0.7305505929086203,-0.008298802814695066
2247,-0.7305873393097808,-0.008298802814695066
2248,-0.7306182258974485,-0.008298802814695066
2249,-0.7311360266829774,-0.008298802814695066
2250,-0.7312824601391452,-0.008298802814695066
2251,-0.7315703460544405,-0.008298802814695066
2252,-0.7322189382940972,-0.008298802814695066
2253,-0.7322265790243725,-0.008298802814695066
2254,-0.732413207541514,-0.008298802814695066
2255,-0.7326598882466702,-0.008298802814695066
2256,-0.7328113063246755,-0.008298802814695066
2257,-0.7340334793843968,-0.008298802814695066
2258,-0.7340633734891381,-0.008298802814695066
2259,-0.7340962905574897,-0.008298802814695066
2260,-0.7348877385573434,-0.008298802814695066
2261,-0.7350969055240812,-0.008298802814695066
2262,-0.7354650802791736,-0.008298802814695066
2263,-0.7355174199073278,-0.008298802814695066
2264,-0.7356781716177987,-0.008298802814695066
2265,-0.7361129214638514,-0.008298802814695066
2266,-0.7362142996147021,-0.008298802814695066
2267,-0.7367721554803454,-0.008298802814695066
2268,-0.7368038175253033,-0.008298802814695066
2269,-0.7380218828601395,-0.008298802814695066
2270,-0.7380981662765491,-0.008298802814695066
2271,-0.7382819524956054,-0.008298802814695066
2272,-0.7390521392690498,-0.008298802814695066
2273,-0.7390999136919303,-0.008298802814695066
2274,-0.7392968750172038,-0.008298802814695066
2275,-0.7395678834685631,-0.008298802814695066
2276,-0.7398140538154286,-0.008298802814695066
2277,-0.7399318617462638,-0.008298802814695066
2278,-0.7401916821726164,-0.008298802814695066
2279,-0.7402898732722688,-0.008298802814695066
2280,-0.7405129174491685,-0.008298802814695066
2281,-0.740542219241892,-0.008298802814695066
2282,-0.7407390503744344,-0.008298802814695066
2283,-0.7409083460289483,-0.008298802814695066
2284,-0.7410362533370768,-0.008298802814695066
2285,-0.7412844909172251,-0.008298802814695066
2286,-0.7412915206653765,-0.008298802814695066
2287,-0.7417613780370159,-0.008298802814695066
2288,-0.7421727255527601,-0.008298802814695066
2289,-0.742680875427046,-0.008298802814695066
2290,-0.7428582398172885,-0.008298802814695066
2291,-0.7431833201770328,-0.008298802814695066
2292,-0.7434202878549796,-0.008298802814695066
2293,-0.7434609095601369,-0.008298802814695066
2294,-0.7437911525502813,-0.008298802814695066
2295,-0.7438831971394241,-0.008298802814695066
2296,-0.7440540508234047,-0.008298802814695066
2297,-0.7440628470167571,-0.008298802814695066
2298,-0.744081975344373,-0.008298802814695066
2299,-0.7444879087468438,-0.008298802814695066
2300,-0.7456065015669961,-0.008298802814695066
2301,-0.7457537187138461,-0.008298802814695066
2302,-0.7459619863796185,-0.008298802814695066
2303,-0.7460619456039363,-0.008298802814695066
2304,-0.7461257999174628,-0.008298802814695066
2305,-0.7471562207405703,-0.008298802814695066
2306,-0.7474575166588999,-0.008298802814695066
2307,-0.7475849826438598,-0.008298802814695066
2308,-0.7478585282373036,-0.008298802814695066
2309,-0.747972743032751,-0.008298802814695066
2310,-0.7483720374132317,-0.008298802814695066
2311,-0.7484510014070642,-0.008298802814695066
2312,-0.7486079318345673,-0.008298802814695066
2313,-0.7487961250684158,-0.008298802814695066
2314,-0.7494069975193932,-0.008298802814695066
2315,-0.7494194076312517,-0.008298802814695066
2316,-0.7496784776413944,-0.008298802814695066
2317,-0.7500810780040132,-0.008298802814695066
2318,-0.7501315149469312,-0.008298802814695066
2319,-0.7511583739093642,-0.008298802814695066
2320,-0.751160466134488,-0.008298802814695066
2321,-0.7517511150409002,-0.008298802814695066
2322,-0.7518015194061739,-0.008298802814695066
2323,-0.7519012491998367,-0.008298802814695066
2324,-0.7522065819633699,-0.008298802814695066
2325,-0.7523256320782651,-0.008298802814695066
2326,-0.752329166069376,-0.008298802814695066
2327,-0.752625648797774,-0.008298802814695066
2328,-0.7526610405329913,-0.008298802814695066
2329,-0.7527491542787861,-0.008298802814695066
2330,-0.7528622229928119,-0.008298802814695066
2331,-0.753343859751987,-0.008298802814695066
2332,-0.7534023658818554,-0.008298802814695066
2333,-0.7537428226538162,-0.008298802814695066
2334,-0.7537930631149743,-0.008298802814695066
2335,-0.7541925126578551,-0.008298802814695066
2336,-0.7542371103825436,-0.008298802814695066
2337,-0.754739308664813,-0.008298802814695066
2338,-0.7548443656017156,-0.008298802814695066
2339,-0.755057622389284,-0.008298802814695066
2340,-0.7554243041068254,-0.008298802814695066
2341,-0.7556113666083684,-0.008298802814695066
2342,-0.7556213763089366,-0.008298802814695066
2343,-0.7558427882760652,-0.008298802814695066
2344,-0.7559389336840655,-0.008298802814695066
2345,-0.7561472008836844,-0.008298802814695066
2346,-0.7573470386556677,-0.008298802814695066
2347,-0.7574364398416691,-0.008298802814695066
2348,-0.7574617562436443,-0.008298802814695066
2349,-0.7583240391968725,-0.008298802814695066
2350,-0.7587219625695019,-0.008298802814695066
2351,-0.7598659231485658,-0.008298802814695066
2352,-0.7601281834706001,-0.008298802814695066
2353,-0.7601447829426689,-0.008298802814695066
2354,-0.7601625822355552,-0.008298802814695066
2355,-0.7602837676881735,-0.008298802814695066
2356,-0.7605692528446686,-0.008298802814695066
2357,-0.7607499257307483,-0.008298802814695066
2358,-0.7615872697164583,-0.008298802814695066
2359,-0.7617765031355137,-0.008298802814695066
2360,-0.7624143161378794,-0.008298802814695066
2361,-0.762425197130675,-0.008298802814695066
2362,-0.7626413294756353,-0.008298802814695066
2363,-0.7628245063034617,-0.008298802814695066
2364,-0.7629565131823355,-0.008298802814695066
2365,-0.7632007123819946,-0.008298802814695066
2366,-0.7634998150968859,-0.008298802814695066
2367,-0.7637934281811045,-0.008298802814695066
2368,-0.76402998645022,-0.008298802814695066
2369,-0.7641146045310416,-0.008298802814695066
2370,-0.7642182916790744,-0.008298802814695066
2371,-0.7648784590051866,-0.008298802814695066
2372,-0.7650280044816844,-0.008298802814695066
2373,-0.7650368761934703,-0.008298802814695066
2374,-0.7651316947728023,-0.008298802814695066
2375,-0.7651516536428664,-0.008298802814695066
2376,-0.7652258967421711,-0.008298802814695066
2377,-0.7657059548967788,-0.008298802814695066
2378,-0.7661020707700629,-0.008298802814695066
2379,-0.7672190612259727,-0.008298802814695066
2380,-0.7672379648235997,-0.008298802814695066
2381,-0.7674516348475221,-0.008298802814695066
2382,-0.7676584640815449,-0.008298802814695066
2383,-0.7677392367111476,-0.008298802814695066
2384,-0.7680884971180739,-0.008298802814695066
2385,-0.7681698755090725,-0.008298802814695066
2386,-0.7682150672048071,-0.008298802814695066
2387,-0.7687077125106689,-0.008298802814695066
2388,-0.7689684322121768,-0.008298802814695066
2389,-0.7693596469638926,-0.008298802814695066
2390,-0.7695359379690607,-0.008298802814695066
2391,-0.7696703553445172,-0.008298802814695066
2392,-0.7698393475276001,-0.008298802814695066
2393,-0.7707803530182145,-0.008298802814695066
2394,-0.7708910292105143,-0.008298802814695066
2395,-0.7713463374561352,-0.008298802814695066
2396,-0.7714072239813495,-0.008298802814695066
2397,-0.7714901995213834,-0.008298802814695066
2398,-0.7718630072519903,-0.008298802814695066
2399,-0.7721051743190841,-0.008298802814695066
2400,-0.7723697411100714,-0.008298802814695066
2401,-0.7728591770361042,-0.008298802814695066
2402,-0.7730796394498518,-0.008298802814695066
2403,-0.7731626465983703,-0.008298802814695066
2404,-0.7732491334429119,-0.008298802814695066
2405,-0.7735559480120515,-0.008298802814695066
2406,-0.7736923194689975,-0.008298802814695066
2407,-0.7740280378796515,-0.008298802814695066
2408,-0.7746342689278589,-0.008298802814695066
2409,-0.774901040442841,-0.008298802814695066
2410,-0.775089902084436,-0.008298802814695066
2411,-0.7751470835860488,-0.008298802814695066
2412,-0.7753757941871288,-0.008298802814695066
2413,-0.7755198669235759,-0.008298802814695066
2414,-0.776114450471928,-0.008298802814695066
2415,-0.776737977531629,-0.008298802814695066
2416,-0.7774235166613426,-0.008298802814695066
2417,-0.7774983989480642,-0.008298802814695066
2418,-0.777533304893999,-0.008298802814695066
2419,-0.7782162013383949,-0.008298802814695066
2420,-0.778260094891713,-0.008298802814695066
2421,-0.778599728687974,-0.008298802814695066
2422,-0.7786135298770238,-0.008298802814695066
2423,-0.7789287594790044,-0.008298802814695066
2424,-0.7791604609045776,-0.008298802814695066
2425,-0.7793324118195979,-0.008298802814695066
2426,-0.7802093890557252,-0.008298802814695066
2427,-0.7804937194881187,-0.008298802814695066
2428,-0.7805156729375018,-0.008298802814695066
2429,-0.7809876723812091,-0.008298802814695066
2430,-0.7811991705071812,-0.008298802814695066
2431,-0.7817836923760129,-0.008298802814695066
2432,-0.7823086247625772,-0.008298802814695066
2433,-0.782453441643081,-0.008298802814695066
2434,-0.7825757795063124,-0.008298802814695066
2435,-0.783193393264023,-0.008298802814695066
2436,-0.783395260753709,-0.008298802814695066
2437,-0.783514031943373,-0.008298802814695066
2438,-0.7835350490445873,-0.008298802814695066
2439,-0.783993422646095,-0.008298802814695066
2440,-0.7846062779864539,-0.008298802814695066
2441,-0.7847823707074476,-0.008298802814695066
2442,-0.7849220364460067,-0.008298802814695066
2443,-0.7849749216251933,-0.008298802814695066
2444,-0.785004776972863,-0.008298802814695066
2445,-0.7857203966929815,-0.008298802814695066
2446,-0.7857864382923759,-0.008298802814695066
2447,-0.7858189643619266,-0.008298802814695066
2448,-0.785824289713743,-0.008298802814695066
2449,-0.7858780682460196,-0.008298802814695066
2450,-0.786123717863579,-0.008298802814695066
2451,-0.7867651018589796,-0.008298802814695066
2452,-0.786896461058683,-0.008298802814695066
2453,-0.7869674776205378,-0.008298802814695066
2454,-0.7872425014134834,-0.008298802814695066
2455,-0.7876278359195652,-0.008298802814695066
2456,-0.7879874477842408,-0.008298802814695066
2457,-0.7884852507596967,-0.008298802814695066
2458,-0.7889017556374579,-0.008298802814695066
2459,-0.7895322864364908,-0.008298802814695066
2460,-0.7899269356070668,-0.008298802814695066
2461,-0.790121433108419,-0.008298802814695066
2462,-0.7902839399848456,-0.008298802814695066
2463,-0.7908546509272912,-0.008298802814695066
2464,-0.7909983400042261,-0.008298802814695066
2465,-0.7923097645346187,-0.008298802814695066
2466,-0.7925037782665363,-0.008298802814695066
2467,-0.7930449718813495,-0.008298802814695066
2468,-0.7932493726010682,-0.008298802814695066
2469,-0.7933895110867367,-0.008298802814695066
2470,-0.7937275146801088,-0.008298802814695066
2471,-0.7946185855051551,-0.008298802814695066
2472,-0.7950899161680633,-0.008298802814695066
2473,-0.7951512911604807,-0.008298802814695066
2474,-0.7952900739364039,-0.008298802814695066
2475,-0.7956123169541132,-0.008298802814695066
2476,-0.7958057687198552,-0.008298802814695066
2477,-0.7958862947713266,-0.008298802814695066
2478,-0.7960954521632346,-0.008298802814695066
2479,-0.7961847837920807,-0.008298802814695066
2480,-0.7962545759265341,-0.008298802814695066
2481,-0.7963109344167146,-0.008298802814695066
2482,-0.7966913005419508,-0.008298802814695066
2483,-0.7967916856741223,-0.008298802814695066
2484,-0.7970866247964451,-0.008298802814695066
2485,-0.7974178311138029,-0.008298802814695066
2486,-0.7977585196635906,-0.008298802814695066
2487,-0.7982015459740808,-0.008298802814695066
2488,-0.7982867071039155,-0.008298802814695066
2489,-0.79832345676655,-0.008298802814695066
2490,-0.7985072562376099,-0.008298802814695066
2491,-0.7988532485859564,-0.008298802814695066
2492,-0.7991550263484524,-0.008298802814695066
2493,-0.7997378526433847,-0.008298802814695066
2494,-0.7998983778984964,-0.008298802814695066
2495,-0.8000717953298322,-0.008298802814695066
2496,-0.8006194700428245,-0.008298802814695066
2497,-0.800690723981093,-0.008298802814695066
2498,-0.8014406595424881,-0.008298802814695066
2499,-0.802859811065117,-0.008298802814695066
2500,-0.8031784947792604,-0.008298802814695066
2501,-0.8032421085022972,-0.008298802814695066
2502,-0.8035685039865512,-0.008298802814695066
2503,-0.8041057804253119,-0.008298802814695066
2504,-0.8046054236704006,-0.008298802814695066
2505,-0.8046431668331195,-0.008298802814695066
2506,-0.8046835239341859,-0.008298802814695066
2507,-0.8053455975852696,-0.008298802814695066
2508,-0.8064151824655879,-0.008298802814695066
2509,-0.8075617575108286,-0.008298802814695066
2510,-0.8080105562522341,-0.008298802814695066
2511,-0.8080559561207409,-0.008298802814695066
2512,-0.8082755059073781,-0.008298802814695066
2513,-0.8084379057905486,-0.008298802814695066
2514,-0.8085744940332709,-0.008298802814695066
2515,-0.8090441572093736,-0.008298802814695066
2516,-0.8092121460683842,-0.008298802814695066
2517,-0.8096936341708745,-0.008298802814695066
2518,-0.8098566796925062,-0.008298802814695066
2519,-0.8113240121203683,-0.008298802814695066
2520,-0.8115485567625016,-0.008298802814695066
2521,-0.8119689336729603,-0.008298802814695066
2522,-0.8125257467600524,-0.008298802814695066
2523,-0.8127481934139007,-0.008298802814695066
2524,-0.8127837493187738,-0.008298802814695066
2525,-0.8131184217853944,-0.008298802814695066
2526,-0.8132251615679746,-0.008298802814695066
2527,-0.8134674498973908,-0.008298802814695066
2528,-0.8136361227599243,-0.008298802814695066
2529,-0.8146366842428647,-0.008298802814695066
2530,-0.8149674158416264,-0.008298802814695066
2531,-0.8154765088316366,-0.008298802814695066
2532,-0.8165093324113519,-0.008298802814695066
2533,-0.8171542474978652,-0.008298802814695066
2534,-0.8172124504918772,-0.008298802814695066
2535,-0.8180757223998215,-0.008298802814695066
2536,-0.8186319252271681,-0.008298802814695066
2537,-0.8192233457085866,-0.008298802814695066
2538,-0.8192701272025722,-0.008298802814695066
2539,-0.8192953500181706,-0.008298802814695066
2540,-0.8193236196144816,-0.008298802814695066
2541,-0.8194270272891242,-0.008298802814695066
2542,-0.8197132381409665,-0.008298802814695066
2543,-0.8197160844978024,-0.008298802814695066
2544,-0.8198723272062355,-0.008298802814695066
2545,-0.8201722748775068,-0.008298802814695066
2546,-0.8205759416203655,-0.008298802814695066
2547,-0.8207849848418516,-0.008298802814695066
2548,-0.8212076848861485,-0.008298802814695066
2549,-0.8213425043938821,-0.008298802814695066
2550,-0.8213428230814959,-0.008298802814695066
2551,-0.8217880937094917,-0.008298802814695066
2552,-0.8219635956379693,-0.008298802814695066
2553,-0.8225534929801969,-0.008298802814695066
2554,-0.8227271023031476,-0.008298802814695066
2555,-0.822904823231629,-0.008298802814695066
2556,-0.823403802841882,-0.008298802814695066
2557,-0.8237318893408687,-0.008298802814695066
2558,-0.824005423497372,-0.008298802814695066
2559,-0.824731300583228,-0.008298802814695066
2560,-0.8247681240512391,-0.008298802814695066
2561,-0.824824672897365,-0.008298802814695066
2562,-0.8250274433583176,-0.008298802814695066
2563,-0.8256234418019517,-0.008298802814695066
2564,-0.8256506073151464,-0.008298802814695066
2565,-0.8257328950827441,-0.008298802814695066
2566,-0.8259347239127,-0.008298802814695066
2567,-0.8262485162516863,-0.008298802814695066
2568,-0.8263524739867153,-0.008298802814695066
2569,-0.826515374243304,-0.008298802814695066
2570,-0.8269079259746374,-0.008298802814695066
2571,-0.8269293118645216,-0.008298802814695066
2572,-0.8272474140086445,-0.008298802814695066
2573,-0.8275663711101406,-0.008298802814695066
2574,-0.8277607212845673,-0.008298802814695066
2575,-0.8287266029780995,-0.008298802814695066
2576,-0.8289781680671161,-0.008298802814695066
2577,-0.8289794265001653,-0.008298802814695066
2578,-0.8293902464719223,-0.008298802814695066
2579,-0.8294330520692321,-0.008298802814695066
2580,-0.8298279595915625,-0.008298802814695066
2581,-0.8299648448541231,-0.008298802814695066
2582,-0.829973843531637,-0.008298802814695066
2583,-0.8305529790061724,-0.008298802814695066
2584,-0.8305875279769299,-0.008298802814695066
2585,-0.8308196853791749,-0.008298802814695066
2586,-0.8308784676591054,-0.008298802814695066
2587,-0.8310009501537774,-0.008298802814695066
2588,-0.8310325546049792,-0.008298802814695066
2589,-0.8310452138243288,-0.008298802814695066
2590,-0.8311225669563296,-0.008298802814695066
2591,-0.8312201759488098,-0.008298802814695066
2592,-0.8312903463827196,-0.008298802814695066
2593,-0.8313329386865294,-0.008298802814695066
2594,-0.8313471621517428,-0.008298802814695066
2595,-0.8316566220879925,-0.008298802814695066
2596,-0.8318732045959556,-0.008298802814695066
2597,-0.8319459717593927,-0.008298802814695066
2598,-0.832075841401795,-0.008298802814695066
2599,-0.8321606839916523,-0.008298802814695066
2600,-0.8324923725823942,-0.008298802814695066
2601,-0.8328822553051659,-0.008298802814695066
2602,-0.8331688528868963,-0.008298802814695066
2603,-0.8332308245208764,-0.008298802814695066
2604,-0.8335569185614993,-0.008298802814695066
2605,-0.8335882672044274,-0.008298802814695066
2606,-0.834253844678803,-0.008298802814695066
2607,-0.8344308984033382,-0.008298802814695066
2608,-0.834548210839112,-0.008298802814695066
2609,-0.8347480098559446,-0.008298802814695066
2610,-0.8349227172258822,-0.008298802814695066
2611,-0.8349275658001505,-0.008298802814695066
2612,-0.8351473523121986,-0.008298802814695066
2613,-0.8355168927756356,-0.008298802814695066
2614,-0.835770528736417,-0.008298802814695066
2615,-0.8360275764416062,-0.008298802814695066
2616,-0.8362576079042912,-0.008298802814695066
2617,-0.8368114974829919,-0.008298802814695066
2618,-0.8375650364957803,-0.008298802814695066
2619,-0.8380837503121347,-0.008298802814695066
2620,-0.8388429951905374,-0.008298802814695066
2621,-0.8390405205185167,-0.008298802814695066
2622,-0.839450234548735,-0.008298802814695066
2623,-0.8397036677378277,-0.008298802814695066
2624,-0.8400855177074718,-0.008298802814695066
2625,-0.8404051160172687,-0.008298802814695066
2626,-0.8404054243835615,-0.008298802814695066
2627,-0.8405142073106082,-0.008298802814695066
2628,-0.8417207724454953,-0.008298802814695066
2629,-0.8424601728110133,-0.008298802814695066
2630,-0.8426710885597235,-0.008298802814695066
2631,-0.8432092281823443,-0.008298802814695066
2632,-0.8433454002945279,-0.008298802814695066
2633,-0.8438616645351484,-0.008298802814695066
2634,-0.8443626441394949,-0.008298802814695066
2635,-0.8448699449984736,-0.008298802814695066
2636,-0.8462551609178314,-0.008298802814695066
2637,-0.8462938127107744,-0.008298802814695066
2638,-0.8464010674991362,-0.008298802814695066
2639,-0.8467029734217009,-0.008298802814695066
2640,-0.8468479129485939,-0.008298802814695066
2641,-0.8470296894687133,-0.008298802814695066
2642,-0.8470617186604189,-0.008298802814695066
2643,-0.8471113013245227,-0.008298802814695066
2644,-0.8480181540639561,-0.008298802814695066
2645,-0.8481249130720221,-0.008298802814695066
2646,-0.8482480706698579,-0.008298802814695066
2647,-0.8485349010581689,-0.008298802814695066
2648,-0.8490182710701224,-0.008298802814695066
2649,-0.8493284982987753,-0.008298802814695066
2650,-0.8495497727510104,-0.008298802814695066
2651,-0.8495525308375496,-0.008298802814695066
2652,-0.8496280713581559,-0.008298802814695066
2653,-0.8497259038869844,-0.008298802814695066
2654,-0.8499855323777347,-0.008298802814695066
2655,-0.8500547792474776,-0.008298802814695066
2656,-0.8506497783398289,-0.008298802814695066
2657,-0.8506972237631214,-0.008298802814695066
2658,-0.8507151229556362,-0.008298802814695066
2659,-0.8519381032978202,-0.008298802814695066
2660,-0.8521421951507361,-0.008298802814695066
2661,-0.8522891463783886,-0.008298802814695066
2662,-0.8527190830657954,-0.008298802814695066
2663,-0.8527242593926461,-0.008298802814695066
2664,-0.8530226479088842,-0.008298802814695066
2665,-0.8530998894912412,-0.008298802814695066
2666,-0.8531140405131208,-0.008298802814695066
2667,-0.8532052762680011,-0.008298802814695066
2668,-0.8533001754726551,-0.008298802814695066
2669,-0.8535612080293171,-0.008298802814695066
2670,-0.8535980486846356,-0.008298802814695066
2671,-0.8537766903971243,-0.008298802814695066
2672,-0.8538394643541962,-0.008298802814695066
2673,-0.8540741024928222,-0.008298802814695066
2674,-0.8541173608913032,-0.008298802814695066
2675,-0.8543340950890043,-0.008298802814695066
2676,-0.8549074508915514,-0.008298802814695066
2677,-0.8555099592373867,-0.008298802814695066
2678,-0.8558712949281886,-0.008298802814695066
2679,-0.8561435671973143,-0.008298802814695066
2680,-0.8562375352488117,-0.008298802814695066
2681,-0.8562485833243758,-0.008298802814695066
2682,-0.8565526577239645,-0.008298802814695066
2683,-0.8567815780486349,-0.008298802814695066
2684,-0.8572208076821793,-0.008298802814695066
2685,-0.8572663733954795,-0.008298802814695066
2686,-0.8572963410650261,-0.008298802814695066
2687,-0.8583085842999022,-0.008298802814695066
2688,-0.8584968605197195,-0.008298802814695066
2689,-0.8585365556387698,-0.008298802814695066
2690,-0.8590032494254485,-0.008298802814695066
2691,-0.8590219266108658,-0.008298802814695066
2692,-0.8591379564445676,-0.008298802814695066
2693,-0.8593090328211332,-0.008298802814695066
2694,-0.8595675686705986,-0.008298802814695066
2695,-0.8600910708826796,-0.008298802814695066
2696,-0.8603718142490167,-0.008298802814695066
2697,-0.8610674379163883,-0.008298802814695066
2698,-0.8611729918599834,-0.008298802814695066
2699,-0.8614170304897285,-0.008298802814695066
2700,-0.8617918989508268,-0.008298802814695066
2701,-0.8618152273807143,-0.008298802814695066
2702,-0.8622600060029942,-0.008298802814695066
2703,-0.8624361131068852,-0.008298802814695066
2704,-0.8625795151435288,-0.008298802814695066
2705,-0.8633637811648215,-0.008298802814695066
2706,-0.863375842612633,-0.008298802814695066
2707,-0.8635559072149006,-0.008298802814695066
2708,-0.8635854680227391,-0.008298802814695066
2709,-0.8637420979276895,-0.008298802814695066
2710,-0.8638516827979599,-0.008298802814695066
2711,-0.8654785982761063,-0.008298802814695066
2712,-0.8655567009605416,-0.008298802814695066
2713,-0.8661432372951856,-0.008298802814695066
2714,-0.8670900335526164,-0.008298802814695066
2715,-0.8672976712175717,-0.008298802814695066
2716,-0.8674966394377231,-0.008298802814695066
2717,-0.8676068445590635,-0.008298802814695066
2718,-0.8678183827415221,-0.008298802814695066
2719,-0.8691446158908084,-0.008298802814695066
2720,-0.8693271589390874,-0.008298802814695066
2721,-0.869386314539014,-0.008298802814695066
2722,-0.8695244829022577,-0.008298802814695066
2723,-0.8695560967437892,-0.008298802814695066
2724,-0.870336221603796,-0.008298802814695066
2725,-0.8707860893426139,-0.008298802814695066
2726,-0.8708173989577634,-0.008298802814695066
2727,-0.8713496106103034,-0.008298802814695066
2728,-0.871518954813939,-0.008298802814695066
2729,-0.8718843164085432,-0.008298802814695066
2730,-0.8724363626782827,-0.008298802814695066
2731,-0.8728320744411955,-0.008298802814695066
2732,-0.8729183189247582,-0.008298802814695066
2733,-0.8736992571576789,-0.008298802814695066
2734,-0.8740156047357234,-0.008298802814695066
2735,-0.8740210756684745,-0.008298802814695066
2736,-0.8740345305707451,-0.008298802814695066
2737,-0.8749940005336163,-0.008298802814695066
2738,-0.8750827359942285,-0.008298802814695066
2739,-0.8751764180648415,-0.008298802814695066
2740,-0.8755809272962743,-0.008298802814695066
2741,-0.8758430438303373,-0.008298802814695066
2742,-0.8760908328769037,-0.008298802814695066
2743,-0.8767944006581576,-0.008298802814695066
2744,-0.8769268337519336,-0.008298802814695066
2745,-0.8769870176841456,-0.008298802814695066
2746,-0.877345967417378,-0.008298802814695066
2747,-0.8773790077290677,-0.008298802814695066
2748,-0.8787010367436826,-0.008298802814695066
2749,-0.8787399052784464,-0.008298802814695066
2750,-0.8790539970183668,-0.008298802814695066
2751,-0.8791281714898644,-0.008298802814695066
2752,-0.8793204231507076,-0.008298802814695066
2753,-0.8794120124905389,-0.008298802814695066
2754,-0.879436089111972,-0.008298802814695066
2755,-0.8795855571635187,-0.008298802814695066
2756,-0.8798337423947667,-0.008298802814695066
2757,-0.8800080179129852,-0.008298802814695066
2758,-0.880728604056958,-0.008298802814695066
2759,-0.8808145941394343,-0.008298802814695066
2760,-0.8808289901312192,-0.008298802814695066
2761,-0.8808339239936308,-0.008298802814695066
2762,-0.8808789234604318,-0.008298802814695066
2763,-0.8809063233131629,-0.008298802814695066
2764,-0.881143144415724,-0.008298802814695066
2765,-0.8813194948959195,-0.008298802814695066
2766,-0.882544326661722,-0.008298802814695066
2767,-0.8832954772258236,-0.008298802814695066
2768,-0.8837554953202662,-0.008298802814695066
2769,-0.8838442471465295,-0.008298802814695066
2770,-0.8842647105919152,-0.008298802814695066
2771,-0.884290049752942,-0.008298802814695066
2772,-0.8844866562622453,-0.008298802814695066
2773,-0.8845768568304979,-0.008298802814695066
2774,-0.8850107845292047,-0.008298802814695066
2775,-0.8853279583699274,-0.008298802814695066
2776,-0.8856051454450902,-0.008298802814695066
2777,-0.8861172429550903,-0.008298802814695066
2778,-0.8861741911302821,-0.008298802814695066
2779,-0.886361207478447,-0.008298802814695066
2780,-0.8873035276313752,-0.008298802814695066
2781,-0.8874965729399021,-0.008298802814695066
2782,-0.8880282257325632,-0.008298802814695066
2783,-0.8881392623901815,-0.008298802814695066
2784,-0.8881413778290744,-0.008298802814695066
2785,-0.8882505872126115,-0.008298802814695066
2786,-0.8886025018567457,-0.008298802814695066
2787,-0.8886246649685151,-0.008298802814695066
2788,-0.8887630411988259,-0.008298802814695066
2789,-0.8893835098777161,-0.008298802814695066
2790,-0.889577027859265,-0.008298802814695066
2791,-0.8896291316794219,-0.008298802814695066
2792,-0.8899391890926359,-0.008298802814695066
2793,-0.8905815004494971,-0.008298802814695066
2794,-0.8915418337529685,-0.008298802814695066
2795,-0.8915486462063508,-0.008298802814695066
2796,-0.8915850258849816,-0.008298802814695066
2797,-0.8919362034278835,-0.008298802814695066
2798,-0.8922471869953359,-0.008298802814695066
2799,-0.8934846543761682,-0.008298802814695066
2800,-0.8938730122695862,-0.008298802814695066
2801,-0.8943561981730205,-0.008298802814695066
2802,-0.8943723679884377,-0.008298802814695066
2803,-0.8945675183442336,-0.008298802814695066
2804,-0.8946137637606042,-0.008298802814695066
2805,-0.8953161971792377,-0.008298802814695066
2806,-0.8953243638937755,-0.008298802814695066
2807,-0.8953958138742897,-0.008298802814695066
2808,-0.8959108148215738,-0.008298802814695066
2809,-0.8961203355315699,-0.008298802814695066
2810,-0.8966785784050404,-0.008298802814695066
2811,-0.8975026883954497,-0.008298802814695066
2812,-0.8978642945317274,-0.008298802814695066
2813,-0.8979669671983369,-0.008298802814695066
2814,-0.8981075493005137,-0.008298802814695066
2815,-0.8981988286517302,-0.008298802814695066
2816,-0.8983279218260506,-0.008298802814695066
2817,-0.8983357730080068,-0.008298802814695066
2818,-0.898472926420443,-0.008298802814695066
2819,-0.8985257804671697,-0.008298802814695066
2820,-0.8990276204730603,-0.008298802814695066
2821,-0.8990460226870957,-0.008298802814695066
2822,-0.8990619025563296,-0.008298802814695066
2823,-0.8990941135267709,-0.008298802814695066
2824,-0.8992730953223135,-0.008298802814695066
2825,-0.8993778313696887,-0.008298802814695066
2826,-0.8996706067820905,-0.008298802814695066
2827,-0.8997190614307182,-0.008298802814695066
2828,-0.8999669133816444,-0.008298802814695066
2829,-0.9002253562798049,-0.008298802814695066
2830,-0.9003862723813345,-0.008298802814695066
2831,-0.9005578367154827,-0.008298802814695066
2832,-0.9009653323445894,-0.008298802814695066
2833,-0.9017614683175514,-0.008298802814695066
2834,-0.9021322965520009,-0.008298802814695066
2835,-0.9022875106313434,-0.008298802814695066
2836,-0.9024348620648401,-0.008298802814695066
2837,-0.9026597585713114,-0.008298802814695066
2838,-0.9028386135828177,-0.008298802814695066
2839,-0.9032062271809054,-0.008298802814695066
2840,-0.9033736922058703,-0.008298802814695066
2841,-0.9037493922428659,-0.008298802814695066
2842,-0.9038289751524535,-0.008298802814695066
2843,-0.9039307193513089,-0.008298802814695066
2844,-0.9044028237280441,-0.008298802814695066
2845,-0.9044656534936595,-0.008298802814695066
2846,-0.9047205912858847,-0.008298802814695066
2847,-0.9049663717433009,-0.008298802814695066
2848,-0.9051421570468658,-0.008298802814695066
2849,-0.905236300009583,-0.008298802814695066
2850,-0.9052405344367426,-0.008298802814695066
2851,-0.905243225209549,-0.008298802814695066
2852,-0.9058439139347242,-0.008298802814695066
2853,-0.9061189558289777,-0.008298802814695066
2854,-0.9063572516486538,-0.008298802814695066
2855,-0.9071505876308168,-0.008298802814695066
2856,-0.9071612983074063,-0.008298802814695066
2857,-0.9075727283681241,-0.008298802814695066
2858,-0.9076854889572858,-0.008298802814695066
2859,-0.9080618530704417,-0.008298802814695066
2860,-0.9082960916576395,-0.008298802814695066
2861,-0.9083343076241335,-0.008298802814695066
2862,-0.9085331929099276,-0.008298802814695066
2863,-0.909041208248845,-0.008298802814695066
2864,-0.9097417610339499,-0.008298802814695066
2865,-0.9097761013032641,-0.008298802814695066
2866,-0.9100845662846424,-0.008298802814695066
2867,-0.9105267857230125,-0.008298802814695066
2868,-0.910555046644806,-0.008298802814695066
2869,-0.910786464598286,-0.008298802814695066
2870,-0.9108562057723113,-0.008298802814695066
2871,-0.9111185100563404,-0.008298802814695066
2872,-0.9114567709301526,-0.008298802814695066
2873,-0.9116475705422267,-0.008298802814695066
2874,-0.9116910714280515,-0.008298802814695066
2875,-0.9119784872862178,-0.008298802814695066
2876,-0.9119915256542436,-0.008298802814695066
2877,-0.9121361762609612,-0.008298802814695066
2878,-0.9122052186289633,-0.008298802814695066
2879,-0.9122678248424956,-0.008298802814695066
2880,-0.9124121893316588,-0.008298802814695066
2881,-0.9124249559641304,-0.008298802814695066
2882,-0.9126587934282018,-0.008298802814695066
2883,-0.9127781841770229,-0.008298802814695066
2884,-0.9127788704549005,-0.008298802814695066
2885,-0.9130749436749908,-0.008298802814695066
2886,-0.9141086662214202,-0.008298802814695066
2887,-0.9143116664266056,-0.008298802814695066
2888,-0.9147391157420777,-0.008298802814695066
2889,-0.9147539533236106,-0.008298802814695066
2890,-0.9148983365702024,-0.008298802814695066
2891,-0.9150452899383128,-0.008298802814695066
2892,-0.9152104211786669,-0.008298802814695066
2893,-0.9154664435850406,-0.008298802814695066
2894,-0.9156188854267149,-0.008298802814695066
2895,-0.9157938982982126,-0.008298802814695066
2896,-0.9158747815462762,-0.008298802814695066
2897,-0.9159534820447387,-0.008298802814695066
2898,-0.9162696385359889,-0.008298802814695066
2899,-0.9165606295521164,-0.008298802814695066
2900,-0.9174499847774855,-0.008298802814695066
2901,-0.917648031502784,-0.008298802814695066
2902,-0.917669910110433,-0.008298802814695066
2903,-0.9180388895585933,-0.008298802814695066
2904,-0.9180499312809172,-0.008298802814695066
2905,-0.9181627363222076,-0.008298802814695066
2906,-0.9182974022597641,-0.008298802814695066
2907,-0.9185861415151061,-0.008298802814695066
2908,-0.9187173465208766,-0.008298802814695066
2909,-0.9188850721762178,-0.008298802814695066
2910,-0.9188863044547038,-0.008298802814695066
2911,-0.9188899860105861,-0.008298802814695066
2912,-0.9190171731564967,-0.008298802814695066
2913,-0.919041277283609,-0.008298802814695066
2914,-0.9194028887273447,-0.008298802814695066
2915,-0.9197684907231418,-0.008298802814695066
2916,-0.9198671889855713,-0.008298802814695066
2917,-0.9199334191361244,-0.008298802814695066
2918,-0.9199505954781229,-0.008298802814695066
2919,-0.920113711762437,-0.008298802814695066
2920,-0.9202167741177949,-0.008298802814695066
2921,-0.9204404505598118,-0.008298802814695066
2922,-0.9213763914817549,-0.008298802814695066
2923,-0.9215170919946691,-0.008298802814695066
2924,-0.9216478575170464,-0.008298802814695066
2925,-0.9217147646098263,-0.008298802814695066
2926,-0.9220292112284687,-0.008298802814695066
2927,-0.9220560299134154,-0.008298802814695066
2928,-0.9222476271716877,-0.008298802814695066
2929,-0.9223182150940819,-0.008298802814695066
2930,-0.9228640433115883,-0.008298802814695066
2931,-0.9231845384082836,-0.008298802814695066
2932,-0.9232520058528733,-0.008298802814695066
2933,-0.9232549201262734,-0.008298802814695066
2934,-0.9232627404663911,-0.008298802814695066
2935,-0.9242348499164819,-0.008298802814695066
2936,-0.9244827877526816,-0.008298802814695066
2937,-0.9245746192394096,-0.008298802814695066
2938,-0.924678978475888,-0.008298802814695066
2939,-0.9246876591251345,-0.008298802814695066
2940,-0.9248090638745945,-0.008298802814695066
2941,-0.9251462708333129,-0.008298802814695066
2942,-0.9254766686201524,-0.008298802814695066
2943,-0.9255738070305184,-0.008298802814695066
2944,-0.9256609239404825,-0.008298802814695066
2945,-0.9258268449508964,-0.008298802814695066
2946,-0.9259243728436091,-0.008298802814695066
2947,-0.9260614143409495,-0.008298802814695066
2948,-0.926259744692576,-0.008298802814695066
2949,-0.9262622653707544,-0.008298802814695066
2950,-0.9263256790094623,-0.008298802814695066
2951,-0.9265035990136259,-0.008298802814695066
2952,-0.9266460877519188,-0.008298802814695066
2953,-0.9268252164635734,-0.008298802814695066
2954,-0.9270528460695096,-0.008298802814695066
2955,-0.9273503051419976,-0.008298802814695066
2956,-0.9275145592918272,-0.008298802814695066
2957,-0.9277755676745754,-0.008298802814695066
2958,-0.9278799730360183,-0.008298802814695066
2959,-0.9281730003280446,-0.008298802814695066
2960,-0.9282573513851702,-0.008298802814695066
2961,-0.9284458277328637,-0.008298802814695066
2962,-0.9284961779899462,-0.008298802814695066
2963,-0.9285699897802506,-0.008298802814695066
2964,-0.9290840795287996,-0.008298802814695066
2965,-0.9291323959643977,-0.008298802814695066
2966,-0.9293395859905794,-0.008298802814695066
2967,-0.929352854682183,-0.008298802814695066
2968,-0.9294075287092126,-0.008298802814695066
2969,-0.9294921121453201,-0.008298802814695066
2970,-0.9300939326571838,-0.008298802814695066
2971,-0.9301841015363226,-0.008298802814695066
2972,-0.9303949398259865,-0.008298802814695066
2973,-0.9305177964053015,-0.008298802814695066
2974,-0.9310988205309816,-0.008298802814695066
2975,-0.9311475872821573,-0.008298802814695066
2976,-0.9312353192854672,-0.008298802814695066
2977,-0.9315978958551656,-0.008298802814695066
2978,-0.932064181953694,-0.008298802814695066
2979,-0.9322228249599755,-0.008298802814695066
2980,-0.9330661575260324,-0.008298802814695066
2981,-0.9331079446769817,-0.008298802814695066
2982,-0.933293866853955,-0.008298802814695066
2983,-0.9334241288907825,-0.008298802814695066
2984,-0.9338216659687845,-0.008298802814695066
2985,-0.9339476403889737,-0.008298802814695066
2986,-0.9341637179823179,-0.008298802814695066
2987,-0.9343847817038229,-0.008298802814695066
2988,-0.9347518434104362,-0.008298802814695066
2989,-0.9347914695900372,-0.008298802814695066
2990,-0.9348599264202291,-0.008298802814695066
2991,-0.9350541522450807,-0.008298802814695066
2992,-0.9355348029487958,-0.008298802814695066
2993,-0.9357007598718448,-0.008298802814695066
2994,-0.9358038102305799,-0.008298802814695066
2995,-0.9360248078726501,-0.008298802814695066
2996,-0.936448479498909,-0.008298802814695066
2997,-0.9366847896816337,-0.008298802814695066
2998,-0.9367161436064977,-0.008298802814695066
2999,-0.9368534223440578,-0.008298802814695066
3000,-0.9373061851106436,-0.008298802814695066
3001,-0.9373206063814143,-0.008298802814695066
3002,-0.9375250373020867,-0.008298802814695066
3003,-0.937744521154187,-0.008298802814695066
3004,-0.9379759951570581,-0.008298802814695066
3005,-0.9379940222717889,-0.008298802814695066
3006,-0.9380462610893239,-0.008298802814695066
3007,-0.9383233319870878,-0.008298802814695066
3008,-0.9387046226095386,-0.008298802814695066
3009,-0.9387506710174345,-0.008298802814695066
3010,-0.9388182001438516,-0.008298802814695066
3011,-0.9389045170736048,-0.008298802814695066
3012,-0.9392087339388226,-0.008298802814695066
3013,-0.9392257175065309,-0.008298802814695066
3014,-0.9392324618523727,-0.008298802814695066
3015,-0.9394849712050017,-0.008298802814695066
3016,-0.9395287277218365,-0.008298802814695066
3017,-0.9396465021361782,-0.008298802814695066
3018,-0.939842722380323,-0.008298802814695066
3019,-0.9400752689801468,-0.008298802814695066
3020,-0.9402243027212823,-0.008298802814695066
3021,-0.940235763621246,-0.008298802814695066
3022,-0.940646157141439,-0.008298802814695066
3023,-0.9407383526239389,-0.008298802814695066
3024,-0.9409549448166634,-0.008298802814695066
3025,-0.9411329787852715,-0.008298802814695066
3026,-0.9412766184311097,-0.008298802814695066
3027,-0.941287937820758,-0.008298802814695066
3028,-0.9413259865595625,-0.008298802814695066
3029,-0.9413800806149125,-0.008298802814695066
3030,-0.943062784076647,-0.008298802814695066
3031,-0.9432581472826624,-0.008298802814695066
3032,-0.9434918782582498,-0.008298802814695066
3033,-0.9435948421726585,-0.008298802814695066
3034,-0.9436377711880993,-0.008298802814695066
3035,-0.9437479971810707,-0.008298802814695066
3036,-0.9438617799096196,-0.008298802814695066
3037,-0.9438948303425327,-0.008298802814695066
3038,-0.9439143294172759,-0.008298802814695066
3039,-0.9439606964032011,-0.008298802814695066
3040,-0.9439727486014373,-0.008298802814695066
3041,-0.9442341217142765,-0.008298802814695066
3042,-0.9443696780232754,-0.008298802814695066
3043,-0.9445477019910491,-0.008298802814695066
3044,-0.9446273070252759,-0.008298802814695066
3045,-0.9448269382516634,-0.008298802814695066
3046,-0.9448469390705657,-0.008298802814695066
3047,-0.944979536940966,-0.008298802814695066
3048,-0.9451045022984792,-0.008298802814695066
3049,-0.945208598009647,-0.008298802814695066
3050,-0.9452087413173094,-0.008298802814695066
3051,-0.9459916737723124,-0.008298802814695066
3052,-0.9466460839365956,-0.008298802814695066
3053,-0.9468869349607874,-0.008298802814695066
3054,-0.9469437874486261,-0.008298802814695066
3055,-0.9470296248007491,-0.008298802814695066
3056,-0.9471329141876307,-0.008298802814695066
3057,-0.9473553415302799,-0.008298802814695066
3058,-0.9474572769667589,-0.008298802814695066
3059,-0.9478320497472433,-0.008298802814695066
3060,-0.9485937406763071,-0.008298802814695066
3061,-0.9487585592740969,-0.008298802814695066
3062,-0.9489841772110408,-0.008298802814695066
3063,-0.9490115552015497,-0.008298802814695066
3064,-0.9490395354831733,-0.008298802814695066
3065,-0.9491503862388118,-0.008298802814695066
3066,-0.9491849681937765,-0.008298802814695066
3067,-0.949417256516766,-0.008298802814695066
3068,-0.9495327836227728,-0.008298802814695066
3069,-0.9497174120974651,-0.008298802814695066
3070,-0.9500816872668654,-0.008298802814695066
3071,-0.9501093743188385,-0.008298802814695066
3072,-0.9502065833133218,-0.008298802814695066
3073,-0.9503773003615201,-0.008298802814695066
3074,-0.9506708545585757,-0.008298802814695066
3075,-0.9512639633359081,-0.008298802814695066
3076,-0.9513702067784836,-0.008298802814695066
3077,-0.9514418458955529,-0.008298802814695066
3078,-0.9514825177399171,-0.008298802814695066
3079,-0.9520832199250333,-0.008298802814695066
3080,-0.952412363259745,-0.008298802814695066
3081,-0.9528868957617356,-0.008298802814695066
3082,-0.9530740689249788,-0.008298802814695066
3083,-0.9531518608251164,-0.008298802814695066
3084,-0.9532098309959549,-0.008298802814695066
3085,-0.9533483098785888,-0.008298802814695066
3086,-0.9538893039415037,-0.008298802814695066
3087,-0.9542715594060208,-0.008298802814695066
3088,-0.9543846041339357,-0.008298802814695066
3089,-0.9543957988982508,-0.008298802814695066
3090,-0.9545864183406076,-0.008298802814695066
3091,-0.9550334849504811,-0.008298802814695066
3092,-0.9552820845265744,-0.008298802814695066
3093,-0.9553671166091253,-0.008298802814695066
3094,-0.9554717690618906,-0.008298802814695066
3095,-0.9554972678988384,-0.008298802814695066
3096,-0.9555917596493702,-0.008298802814695066
3097,-0.955674259327234,-0.008298802814695066
3098,-0.9557390874340645,-0.008298802814695066
3099,-0.9558899481625915,-0.008298802814695066
3100,-0.9560631811878074,-0.008298802814695066
3101,-0.9563443419086936,-0.008298802814695066
3102,-0.9563592183398573,-0.008298802814695066
3103,-0.956470940753896,-0.008298802814695066
3104,-0.9568373011387568,-0.008298802814695066
3105,-0.9570196938712192,-0.008298802814695066
3106,-0.9573245437166116,-0.008298802814695066
3107,-0.9574532260711806,-0.008298802814695066
3108,-0.9576306504122822,-0.008298802814695066
3109,-0.9577332949245805,-0.008298802814695066
3110,-0.9581213900063701,-0.008298802814695066
3111,-0.9585910149957808,-0.008298802814695066
3112,-0.9586550832580316,-0.008298802814695066
3113,-0.9588133387537872,-0.008298802814695066
3114,-0.9589117065909657,-0.008298802814695066
3115,-0.9590845456131787,-0.008298802814695066
3116,-0.9594405950597362,-0.008298802814695066
3117,-0.9594524189847446,-0.008298802814695066
3118,-0.9602537620107588,-0.008298802814695066
3119,-0.9605217118338537,-0.008298802814695066
3120,-0.9608579809380366,-0.008298802814695066
3121,-0.9610707366156237,-0.008298802814695066
3122,-0.9611311940052296,-0.008298802814695066
3123,-0.9613157545683471,-0.008298802814695066
3124,-0.9613374075808238,-0.008298802814695066
3125,-0.9617148848391552,-0.008298802814695066
3126,-0.962120864276832,-0.008298802814695066
3127,-0.9623570459921554,-0.008298802814695066
3128,-0.9641559735813765,-0.008298802814695066
3129,-0.964286603712197,-0.008298802814695066
3130,-0.9645447348311332,-0.008298802814695066
3131,-0.9650694455553217,-0.008298802814695066
3132,-0.9651485677874072,-0.008298802814695066
3133,-0.965259215592329,-0.008298802814695066
3134,-0.9652880818075562,-0.008298802814695066
3135,-0.9655128980362933,-0.008298802814695066
3136,-0.9658905324212568,-0.008298802814695066
3137,-0.9659732395771699,-0.008298802814695066
3138,-0.9659866891437822,-0.008298802814695066
3139,-0.9662867587615557,-0.008298802814695066
3140,-0.9667209792062723,-0.008298802814695066
3141,-0.9670435070515235,-0.008298802814695066
3142,-0.9671860754266506,-0.008298802814695066
3143,-0.9674029055097777,-0.008298802814695066
3144,-0.9676221626558767,-0.008298802814695066
3145,-0.9679564716452882,-0.008298802814695066
3146,-0.9686890207042733,-0.008298802814695066
3147,-0.9688291785712919,-0.008298802814695066
3148,-0.9688561012272674,-0.008298802814695066
3149,-0.9691324345781365,-0.008298802814695066
3150,-0.9692198483971507,-0.008298802814695066
3151,-0.9698160160435434,-0.008298802814695066
3152,-0.9699078001194545,-0.008298802814695066
3153,-0.9700314264418507,-0.008298802814695066
3154,-0.970206708758636,-0.008298802814695066
3155,-0.9706121732240018,-0.008298802814695066
3156,-0.971211077148531,-0.008298802814695066
3157,-0.9714468528199398,-0.008298802814695066
3158,-0.9714562527053733,-0.008298802814695066
3159,-0.9715913158239453,-0.008298802814695066
3160,-0.9716245137753454,-0.008298802814695066
3161,-0.9717335047235318,-0.008298802814695066
3162,-0.9717493893458349,-0.008298802814695066
3163,-0.9718364381754547,-0.008298802814695066
3164,-0.9720439777153991,-0.008298802814695066
3165,-0.972177232925282,-0.008298802814695066
3166,-0.9726638453467645,-0.008298802814695066
3167,-0.9732759129908966,-0.008298802814695066
3168,-0.9733739649663072,-0.008298802814695066
3169,-0.9740098040845753,-0.008298802814695066
3170,-0.9743937439373087,-0.008298802814695066
3171,-0.9751303300349985,-0.008298802814695066
3172,-0.9751832056339449,-0.008298802814695066
3173,-0.9754234707323399,-0.008298802814695066
3174,-0.9757447213964967,-0.008298802814695066
3175,-0.9758244123049269,-0.008298802814695066
3176,-0.9758407194752631,-0.008298802814695066
3177,-0.9763847801151697,-0.008298802814695066
3178,-0.9763988676488085,-0.008298802814695066
3179,-0.9768717068804874,-0.008298802814695066
3180,-0.9770414410146652,-0.008298802814695066
3181,-0.9773070930881625,-0.008298802814695066
3182,-0.9774247238449403,-0.008298802814695066
3183,-0.9779502428833511,-0.008298802814695066
3184,-0.9779989458947533,-0.008298802814695066
3185,-0.9780532246230316,-0.008298802814695066
3186,-0.9782874164799988,-0.008298802814695066
3187,-0.9783106908736786,-0.008298802814695066
3188,-0.978428808380865,-0.008298802814695066
3189,-0.9785451855640395,-0.008298802814695066
3190,-0.9794100386603454,-0.008298802814695066
3191,-0.9794222679873956,-0.008298802814695066
3192,-0.9794646468113093,-0.008298802814695066
3193,-0.9794690256049803,-0.008298802814695066
3194,-0.9800510581376255,-0.008298802814695066
3195,-0.9803176195817227,-0.008298802814695066
3196,-0.9803365990262015,-0.008298802814695066
3197,-0.9811440906269614,-0.008298802814695066
3198,-0.9812115022744052,-0.008298802814695066
3199,-0.9815792001617498,-0.008298802814695066
3200,-0.9825645118997142,-0.008298802814695066
3201,-0.9826190902278868,-0.008298802814695066
3202,-0.9826308399429309,-0.008298802814695066
3203,-0.9826612425810588,-0.008298802814695066
3204,-0.9828445087829943,-0.008298802814695066
3205,-0.9829703886216155,-0.008298802814695066
3206,-0.9829905821892859,-0.008298802814695066
3207,-0.9830748280005603,-0.008298802814695066
3208,-0.9833765265139058,-0.008298802814695066
3209,-0.9835553450269704,-0.008298802814695066
3210,-0.983826829371375,-0.008298802814695066
3211,-0.9838842599457887,-0.008298802814695066
3212,-0.9838850072214178,-0.008298802814695066
3213,-0.9842875373016708,-0.008298802814695066
3214,-0.9845250140489302,-0.008298802814695066
3215,-0.9855495123012733,-0.008298802814695066
3216,-0.9856376219571497,-0.008298802814695066
3217,-0.9856836853572397,-0.008298802814695066
3218,-0.985715736235413,-0.008298802814695066
3219,-0.9857299676466054,-0.008298802814695066
3220,-0.9859021024554021,-0.008298802814695066
3221,-0.9864696188797761,-0.008298802814695066
3222,-0.9867657240038157,-0.008298802814695066
3223,-0.9870417904322724,-0.008298802814695066
3224,-0.987044272628702,-0.008298802814695066
3225,-0.9873956401098842,-0.008298802814695066
3226,-0.9874033000058324,-0.008298802814695066
3227,-0.987520416454002,-0.008298802814695066
3228,-0.9880943419702741,-0.008298802814695066
3229,-0.9883211528752218,-0.008298802814695066
3230,-0.9883625693370135,-0.008298802814695066
3231,-0.9883794712902408,-0.008298802814695066
3232,-0.9884993773490038,-0.008298802814695066
3233,-0.9885185360998052,-0.008298802814695066
3234,-0.9885578082150237,-0.008298802814695066
3235,-0.9887758897800476,-0.008298802814695066
3236,-0.9888034012076936,-0.008298802814695066
3237,-0.9888302593600102,-0.008298802814695066
3238,-0.9888451984083744,-0.008298802814695066
3239,-0.9895856780749565,-0.008298802814695066
3240,-0.9904011392200543,-0.008298802814695066
3241,-0.9906308345959243,-0.008298802814695066
3242,-0.991005685119984,-0.008298802814695066
3243,-0.9916086781407912,-0.008298802814695066
3244,-0.9919671963573474,-0.008298802814695066
3245,-0.9919705402479395,-0.008298802814695066
3246,-0.9919806485073543,-0.008298802814695066
3247,-0.9920853548876374,-0.008298802814695066
3248,-0.9922568062682595,-0.008298802814695066
3249,-0.9927205954271157,-0.008298802814695066
3250,-0.992975996325923,-0.008298802814695066
3251,-0.9929993818668534,-0.008298802814695066
3252,-0.9930344181609632,-0.008298802814695066
3253,-0.993173256011119,-0.008298802814695066
3254,-0.993179316698971,-0.008298802814695066
3255,-0.9932015147986759,-0.008298802814695066
3256,-0.9932265100924135,-0.008298802814695066
3257,-0.9934581767041946,-0.008298802814695066
3258,-0.9936055384550758,-0.008298802814695066
3259,-0.9938045290607658,-0.008298802814695066
3260,-0.9938227723958497,-0.008298802814695066
3261,-0.9942419469413389,-0.008298802814695066
3262,-0.9946029675547525,-0.008298802814695066
3263,-0.9946402796866464,-0.008298802814695066
3264,-0.9947007511017347,-0.008298802814695066
3265,-0.9949843463890446,-0.008298802814695066
3266,-0.9952629409740574,-0.008298802814695066
3267,-0.9954694090102764,-0.008298802814695066
3268,-0.9958122528764644,-0.008298802814695066
3269,-0.9962787509852198,-0.008298802814695066
3270,-0.9966846288170361,-0.008298802814695066
3271,-0.9967239795743362,-0.008298802814695066
3272,-0.996750798359435,-0.008298802814695066
3273,-0.9969767062147579,-0.008298802814695066
3274,-0.997077788581725,-0.008298802814695066
3275,-0.9976298859327595,-0.008298802814695066
3276,-0.9977973437663737,-0.008298802814695066
3277,-0.9985339584452246,-0.008298802814695066
3278,-0.9986446266974351,-0.008298802814695066
3279,-0.999139254370194,-0.008298802814695066
3280,-0.9992717664341397,-0.008298802814695066
3281,-0.9993308078426238,-0.008298802814695066
3282,-0.9993446113362456,-0.008298802814695066
3283,-0.9996932500098299,-0.008298802814695066
3284,-0.9999066645675798,-0.008298802814695066
3285,-1.000082933875178,-0.008298802814695066
3286,-1.0004183566843572,-0.008298802814695066
3287,-1.0011964292978182,-0.008298802814695066
3288,-1.0012124565750598,-0.008298802814695066
3289,-1.0012544767228697,-0.008298802814695066
3290,-1.0013140481609315,-0.008298802814695066
3291,-1.001433065032716,-0.008298802814695066
3292,-1.0016695011036327,-0.008298802814695066
3293,-1.0017125276151173,-0.008298802814695066
3294,-1.001812528965155,-0.008298802814695066
3295,-1.0021662062097891,-0.008298802814695066
3296,-1.0021744171072922,-0.008298802814695066
3297,-1.0023611353021422,-0.008298802814695066
3298,-1.0027398974265305,-0.008298802814695066
3299,-1.002807222352895,-0.008298802814695066
3300,-1.0028920602494065,-0.008298802814695066
3301,-1.0029144420836449,-0.008298802814695066
3302,-1.0029455924636816,-0.008298802814695066
3303,-1.0029601102170242,-0.008298802814695066
3304,-1.0031623391640863,-0.008298802814695066
3305,-1.0033281480558391,-0.008298802814695066
3306,-1.0033758574189466,-0.008298802814695066
3307,-1.0036122366566533,-0.008298802814695066
3308,-1.0037719982989375,-0.008298802814695066
3309,-1.0038061515603136,-0.008298802814695066
3310,-1.0038778278443155,-0.008298802814695066
3311,-1.0043108600240238,-0.008298802814695066
3312,-1.0044606516808696,-0.008298802814695066
3313,-1.0045155663946663,-0.008298802814695066
3314,-1.0048976287700482,-0.008298802814695066
3315,-1.004929959839766,-0.008298802814695066
3316,-1.0049307761530337,-0.008298802814695066
3317,-1.0053345258404969,-0.008298802814695066
3318,-1.0057903386176346,-0.008298802814695066
3319,-1.0059282371403069,-0.008298802814695066
3320,-1.0060816132509225,-0.008298802814695066
3321,-1.0067812213893546,-0.008298802814695066
3322,-1.0069634769293703,-0.008298802814695066
3323,-1.0072512538740264,-0.008298802814695066
3324,-1.0078496968684436,-0.008298802814695066
3325,-1.0081335664022122,-0.008298802814695066
3326,-1.0082812337262406,-0.008298802814695066
3327,-1.0084486260540437,-0.008298802814695066
3328,-1.0087221258259207,-0.008298802814695066
3329,-1.0090256188659794,-0.008298802814695066
3330,-1.0090750789414944,-0.008298802814695066
3331,-1.0092333779065625,-0.008298802814695066
3332,-1.0093843188182365,-0.008298802814695066
3333,-1.0095385799672998,-0.008298802814695066
3334,-1.0096490572139203,-0.008298802814695066
3335,-1.0096918983714767,-0.008298802814695066
3336,-1.0098204422199344,-0.008298802814695066
3337,-1.009969504092195,-0.008298802814695066
3338,-1.0102212146725933,-0.008298802814695066
3339,-1.0102820157419568,-0.008298802814695066
3340,-1.0104144140757314,-0.008298802814695066
3341,-1.010558910938408,-0.008298802814695066
3342,-1.010696213476613,-0.008298802814695066
3343,-1.0106977087420987,-0.008298802814695066
3344,-1.010887683246241,-0.008298802814695066
3345,-1.0108915948722101,-0.008298802814695066
3346,-1.010923123408853,-0.008298802814695066
3347,-1.0111591369871937,-0.008298802814695066
3348,-1.0118035177173956,-0.008298802814695066
3349,-1.0121769314679512,-0.008298802814695066
3350,-1.0122830351977439,-0.008298802814695066
3351,-1.0131763233376951,-0.008298802814695066
3352,-1.0133728673343216,-0.008298802814695066
3353,-1.0134380537999177,-0.008298802814695066
3354,-1.0134992057887533,-0.008298802814695066
3355,-1.0136339550149103,-0.008298802814695066
3356,-1.0137949477394885,-0.008298802814695066
3357,-1.014014067005185,-0.008298802814695066
3358,-1.0141342028383287,-0.008298802814695066
3359,-1.0145899802780753,-0.008298802814695066
3360,-1.014595960938536,-0.008298802814695066
3361,-1.01474666698432,-0.008298802814695066
3362,-1.014828874279146,-0.008298802814695066
3363,-1.0150128522530921,-0.008298802814695066
3364,-1.0151950133788958,-0.008298802814695066
3365,-1.0152894806424175,-0.008298802814695066
3366,-1.0157119115123021,-0.008298802814695066
3367,-1.0157730411587558,-0.008298802814695066
3368,-1.015940260478729,-0.008298802814695066
3369,-1.0159605503558227,-0.008298802814695066
3370,-1.0161498722244189,-0.008298802814695066
3371,-1.0162499644904819,-0.008298802814695066
3372,-1.0163737933485562,-0.008298802814695066
3373,-1.0163993551674555,-0.008298802814695066
3374,-1.016502735018698,-0.008298802814695066
3375,-1.017043762369695,-0.008298802814695066
3376,-1.0171200066390955,-0.008298802814695066
3377,-1.0174673720293959,-0.008298802814695066
3378,-1.0176117291177635,-0.008298802814695066
3379,-1.0177792169588094,-0.008298802814695066
3380,-1.0180321787019133,-0.008298802814695066
3381,-1.018160921750695,-0.008298802814695066
3382,-1.0183101907025462,-0.008298802814695066
3383,-1.018697073638631,-0.008298802814695066
3384,-1.019273615018447,-0.008298802814695066
3385,-1.0194108387820269,-0.008298802814695066
3386,-1.019441549920229,-0.008298802814695066
3387,-1.0194691412063337,-0.008298802814695066
3388,-1.0195597672390893,-0.008298802814695066
3389,-1.0199595297816113,-0.008298802814695066
3390,-1.0206077692003843,-0.008298802814695066
3391,-1.0207628721749644,-0.008298802814695066
3392,-1.0209882493818399,-0.008298802814695066
3393,-1.0211033122704511,-0.008298802814695066
3394,-1.0220251491378944,-0.008298802814695066
3395,-1.0220567883789315,-0.008298802814695066
3396,-1.0222707848280843,-0.008298802814695066
3397,-1.0223713506493899,-0.008298802814695066
3398,-1.0224202559327091,-0.008298802814695066
3399,-1.0225081628118142,-0.008298802814695066
3400,-1.0225562602025882,-0.008298802814695066
3401,-1.0226099795019976,-0.008298802814695066
3402,-1.0228643056074538,-0.008298802814695066
3403,-1.0229080768204906,-0.008298802814695066
3404,-1.0231704621996622,-0.008298802814695066
3405,-1.023323774991399,-0.008298802814695066
3406,-1.0233693194976043,-0.008298802814695066
3407,-1.0237216456442655,-0.008298802814695066
3408,-1.0238014037602838,-0.008298802814695066
3409,-1.0241367382878814,-0.008298802814695066
3410,-1.0241651022204057,-0.008298802814695066
3411,-1.0243128798745227,-0.008298802814695066
3412,-1.0243859543762222,-0.008298802814695066
3413,-1.0244204833614077,-0.008298802814695066
3414,-1.0244546529946794,-0.008298802814695066
3415,-1.0244860402330493,-0.008298802814695066
3416,-1.0244960081494472,-0.008298802814695066
3417,-1.0248442522723429,-0.008298802814695066
3418,-1.025460753912183,-0.008298802814695066
3419,-1.025729000262939,-0.008298802814695066
3420,-1.0259788302683865,-0.008298802814695066
3421,-1.0264398288966619,-0.008298802814695066
3422,-1.0265193381117341,-0.008298802814695066
3423,-1.026625309125106,-0.008298802814695066
3424,-1.0266462971257722,-0.008298802814695066
3425,-1.0267389355139298,-0.008298802814695066
3426,-1.0267501939896904,-0.008298802814695066
3427,-1.026797119898028,-0.008298802814695066
3428,-1.026990144126128,-0.008298802814695066
3429,-1.0272134983107573,-0.008298802814695066
3430,-1.0275079840263581,-0.008298802814695066
3431,-1.0275817260646014,-0.008298802814695066
3432,-1.0280482774292252,-0.008298802814695066
3433,-1.0284437397628343,-0.008298802814695066
3434,-1.0286332727278933,-0.008298802814695066
3435,-1.0286971167309522,-0.008298802814695066
3436,-1.0287235170361468,-0.008298802814695066
3437,-1.0290128043149878,-0.008298802814695066
3438,-1.029059976123306,-0.008298802814695066
3439,-1.0294170142194852,-0.008298802814695066
3440,-1.0294923099832487,-0.008298802814695066
3441,-1.0295980538383285,-0.008298802814695066
3442,-1.0296526133951185,-0.008298802814695066
3443,-1.0298892812713332,-0.008298802814695066
3444,-1.0298924612090263,-0.008298802814695066
3445,-1.0302581286028043,-0.008298802814695066
3446,-1.030265709341995,-0.008298802814695066
3447,-1.030562546098019,-0.008298802814695066
3448,-1.030664852926945,-0.008298802814695066
3449,-1.0307088199284393,-0.008298802814695066
3450,-1.0308131783161771,-0.008298802814695066
3451,-1.0309818666583384,-0.008298802814695066
3452,-1.030992131030815,-0.008298802814695066
3453,-1.0310308594605337,-0.008298802814695066
3454,-1.0319391419397512,-0.008298802814695066
3455,-1.0321136431766424,-0.008298802814695066
3456,-1.0322449252571602,-0.008298802814695066
3457,-1.0322710506243489,-0.008298802814695066
3458,-1.0323398753766027,-0.008298802814695066
3459,-1.0326064374150306,-0.008298802814695066
3460,-1.032651163025231,-0.008298802814695066
3461,-1.0328476472122758,-0.008298802814695066
3462,-1.0329493174050839,-0.008298802814695066
3463,-1.0330605384813976,-0.008298802814695066
3464,-1.033140113145162,-0.008298802814695066
3465,-1.0332144011411706,-0.008298802814695066
3466,-1.0333446879551036,-0.008298802814695066
3467,-1.0336074488912788,-0.008298802814695066
3468,-1.0341216375121367,-0.008298802814695066
3469,-1.034270285859232,-0.008298802814695066
3470,-1.0345070098154001,-0.008298802814695066
3471,-1.0345968547597753,-0.008298802814695066
3472,-1.0348391972539643,-0.008298802814695066
3473,-1.0359505587835187,-0.008298802814695066
3474,-1.036038408210279,-0.008298802814695066
3475,-1.036042598219044,-0.008298802814695066
3476,-1.0360881118672283,-0.008298802814695066
3477,-1.0363154613122774,-0.008298802814695066
3478,-1.0363658040147326,-0.008298802814695066
3479,-1.0364521325295837,-0.008298802814695066
3480,-1.0372455042625623,-0.008298802814695066
3481,-1.0374051424089725,-0.008298802814695066
3482,-1.0375264686361123,-0.008298802814695066
3483,-1.0375807050019705,-0.008298802814695066
3484,-1.0377397448719516,-0.008298802814695066
3485,-1.0382544739948427,-0.008298802814695066
3486,-1.038634058714828,-0.008298802814695066
3487,-1.0386986351015823,-0.008298802814695066
3488,-1.038801476505928,-0.008298802814695066
3489,-1.0388041501936927,-0.008298802814695066
3490,-1.0388687268744552,-0.008298802814695066
3491,-1.0389646947562452,-0.008298802814695066
3492,-1.0391325996717637,-0.008298802814695066
3493,-1.0392290125390686,-0.008298802814695066
3494,-1.0392600979350806,-0.008298802814695066
3495,-1.0396643109907124,-0.008298802814695066
3496,-1.0397165041705514,-0.008298802814695066
3497,-1.039755187510994,-0.008298802814695066
3498,-1.0400798529137587,-0.008298802814695066
3499,-1.0400809018393669,-0.008298802814695066
3500,-1.040435881209975,-0.008298802814695066
3501,-1.0409318570840125,-0.008298802814695066
3502,-1.04114955693591,-0.008298802814695066
3503,-1.0412619893010198,-0.008298802814695066
3504,-1.0416536688354623,-0.008298802814695066
3505,-1.0417020412700813,-0.008298802814695066
3506,-1.0417581696531162,-0.008298802814695066
3507,-1.0417968351646782,-0.008298802814695066
3508,-1.042027320252559,-0.008298802814695066
3509,-1.042200336340153,-0.008298802814695066
3510,-1.0422904518723535,-0.008298802814695066
3511,-1.0427898674374056,-0.008298802814695066
3512,-1.0428227175983078,-0.008298802814695066
3513,-1.0431053392050058,-0.008298802814695066
3514,-1.043388974657639,-0.008298802814695066
3515,-1.0433943501597485,-0.008298802814695066
3516,-1.043482568313383,-0.008298802814695066
3517,-1.043827990351027,-0.008298802814695066
3518,-1.0439077426480683,-0.008298802814695066
3519,-1.0439918156805605,-0.008298802814695066
3520,-1.0440642796840423,-0.008298802814695066
3521,-1.0441467898591617,-0.008298802814695066
3522,-1.0441721188180526,-0.008298802814695066
3523,-1.0443344332404103,-0.008298802814695066
3524,-1.0448153348154166,-0.008298802814695066
3525,-1.0449673291548496,-0.008298802814695066
3526,-1.045021892434218,-0.008298802814695066
3527,-1.0451487232329342,-0.008298802814695066
3528,-1.0453267442890883,-0.008298802814695066
3529,-1.045403724770957,-0.008298802814695066
3530,-1.0456534094050047,-0.008298802814695066
3531,-1.0457786346035878,-0.008298802814695066
3532,-1.045810676621304,-0.008298802814695066
3533,-1.0460037030948084,-0.008298802814695066
3534,-1.0460603339466783,-0.008298802814695066
3535,-1.0461121459312948,-0.008298802814695066
3536,-1.0462963386586805,-0.008298802814695066
3537,-1.0465565245272512,-0.008298802814695066
3538,-1.0473825857805137,-0.008298802814695066
3539,-1.0474224840692938,-0.008298802814695066
3540,-1.0476320873231646,-0.008298802814695066
3541,-1.0477882269306464,-0.008298802814695066
3542,-1.047796728525577,-0.008298802814695066
3543,-1.0477997109743784,-0.008298802814695066
3544,-1.0479289517625814,-0.008298802814695066
3545,-1.0479319160604654,-0.008298802814695066
3546,-1.0480357089288979,-0.008298802814695066
3547,-1.0481289142282844,-0.008298802814695066
3548,-1.0482132432946951,-0.008298802814695066
3549,-1.048221813310145,-0.008298802814695066
3550,-1.0484710354627804,-0.008298802814695066
3551,-1.0487354194628429,-0.008298802814695066
3552,-1.0491040086897503,-0.008298802814695066
3553,-1.0492161213162896,-0.008298802814695066
3554,-1.0492752427745171,-0.008298802814695066
3555,-1.0499197235095146,-0.008298802814695066
3556,-1.0499359484467639,-0.008298802814695066
3557,-1.0500677466197168,-0.008298802814695066
3558,-1.0502732579849838,-0.008298802814695066
3559,-1.0503661682494922,-0.008298802814695066
3560,-1.0503948637130383,-0.008298802814695066
3561,-1.05051722772473,-0.008298802814695066
3562,-1.0506519717586416,-0.008298802814695066
3563,-1.0507552061780094,-0.008298802814695066
3564,-1.0507946210032846,-0.008298802814695066
3565,-1.0507981040895338,-0.008298802814695066
3566,-1.050817060485116,-0.008298802814695066
3567,-1.0510142516299419,-0.008298802814695066
3568,-1.0511778004291914,-0.008298802814695066
3569,-1.0515915660490864,-0.008298802814695066
3570,-1.052020997707609,-0.008298802814695066
3571,-1.0520902364542162,-0.008298802814695066
3572,-1.052652648849842,-0.008298802814695066
3573,-1.0526901081206574,-0.008298802814695066
3574,-1.0527124299296768,-0.008298802814695066
3575,-1.0527257643647314,-0.008298802814695066
3576,-1.0528087758920872,-0.008298802814695066
3577,-1.0531187649280007,-0.008298802814695066
3578,-1.0534077603128604,-0.008298802814695066
3579,-1.0534586811703464,-0.008298802814695066
3580,-1.0537418989871723,-0.008298802814695066
3581,-1.054241786162271,-0.008298802814695066
3582,-1.0546127356109614,-0.008298802814695066
3583,-1.055324834099534,-0.008298802814695066
3584,-1.0553456994759471,-0.008298802814695066
3585,-1.055423742301142,-0.008298802814695066
3586,-1.0556081422787469,-0.008298802814695066
3587,-1.0560311689939628,-0.008298802814695066
3588,-1.056211157146135,-0.008298802814695066
3589,-1.0562922656651872,-0.008298802814695066
3590,-1.0562989930517335,-0.008298802814695066
3591,-1.056626214362468,-0.008298802814695066
3592,-1.0566920309106498,-0.008298802814695066
3593,-1.0570179604928116,-0.008298802814695066
3594,-1.0572430295306654,-0.008298802814695066
3595,-1.0575134504955397,-0.008298802814695066
3596,-1.057592273624079,-0.008298802814695066
3597,-1.0581195256357354,-0.008298802814695066
3598,-1.0581536576066126,-0.008298802814695066
3599,-1.0582055224832965,-0.008298802814695066
3600,-1.0582219888898647,-0.008298802814695066
3601,-1.0583818837093464,-0.008298802814695066
3602,-1.0585582205041022,-0.008298802814695066
3603,-1.0590007245653252,-0.008298802814695066
3604,-1.0591642462052413,-0.008298802814695066
3605,-1.0591860839651035,-0.008298802814695066
3606,-1.059381149750829,-0.008298802814695066
3607,-1.059527685196997,-0.008298802814695066
3608,-1.0597589255027346,-0.008298802814695066
3609,-1.0598978964283694,-0.008298802814695066
3610,-1.0602628683717898,-0.008298802814695066
3611,-1.06029859212649,-0.008298802814695066
3612,-1.0606282879042712,-0.008298802814695066
3613,-1.0613934076540184,-0.008298802814695066
3614,-1.0613972094736126,-0.008298802814695066
3615,-1.061491915112378,-0.008298802814695066
3616,-1.0616810320579124,-0.008298802814695066
3617,-1.0622663936215804,-0.008298802814695066
3618,-1.0625750205681241,-0.008298802814695066
3619,-1.062844401763477,-0.008298802814695066
3620,-1.0628528560546053,-0.008298802814695066
3621,-1.0633524691164191,-0.008298802814695066
3622,-1.0634492313245973,-0.008298802814695066
3623,-1.0639661991522404,-0.008298802814695066
3624,-1.0640539342238706,-0.008298802814695066
3625,-1.0640920186557024,-0.008298802814695066
3626,-1.0642468461824528,-0.008298802814695066
3627,-1.0644425859822542,-0.008298802814695066
3628,-1.0645099142917305,-0.008298802814695066
3629,-1.064571226156248,-0.008298802814695066
3630,-1.0647576056970227,-0.008298802814695066
3631,-1.064952073358596,-0.008298802814695066
3632,-1.0652465148847166,-0.008298802814695066
3633,-1.0653583774942998,-0.008298802814695066
3634,-1.065426912761556,-0.008298802814695066
3635,-1.0660279611002395,-0.008298802814695066
3636,-1.066072908600637,-0.008298802814695066
3637,-1.0660803451072398,-0.008298802814695066
3638,-1.066199897110426,-0.008298802814695066
3639,-1.0668139619279764,-0.008298802814695066
3640,-1.067035743065819,-0.008298802814695066
3641,-1.0671983125880102,-0.008298802814695066
3642,-1.0673718036012847,-0.008298802814695066
3643,-1.0674348901915371,-0.008298802814695066
3644,-1.067762172952537,-0.008298802814695066
3645,-1.067947164802503,-0.008298802814695066
3646,-1.0682563989916258,-0.008298802814695066
3647,-1.0683474062003933,-0.008298802814695066
3648,-1.0685459388363188,-0.008298802814695066
3649,-1.0685826113368264,-0.008298802814695066
3650,-1.0687296075119532,-0.008298802814695066
3651,-1.0687507760408608,-0.008298802814695066
3652,-1.0688883101142552,-0.008298802814695066
3653,-1.0689585080139856,-0.008298802814695066
3654,-1.0691737208553656,-0.008298802814695066
3655,-1.0693072795735183,-0.008298802814695066
3656,-1.0693456284281915,-0.008298802814695066
3657,-1.0699493398073103,-0.008298802814695066
3658,-1.069974240226721,-0.008298802814695066
3659,-1.0702673887675598,-0.008298802814695066
3660,-1.0704400974649786,-0.008298802814695066
3661,-1.0707832407500242,-0.008298802814695066
3662,-1.070797059568918,-0.008298802814695066
3663,-1.0709379960817942,-0.008298802814695066
3664,-1.0709910430367402,-0.008298802814695066
3665,-1.07107889435084,-0.008298802814695066
3666,-1.0710795194985259,-0.008298802814695066
3667,-1.0713868557825332,-0.008298802814695066
3668,-1.0714988725791594,-0.008298802814695066
3669,-1.071627629432416,-0.008298802814695066
3670,-1.0718644197555078,-0.008298802814695066
3671,-1.0721627372499831,-0.008298802814695066
3672,-1.072393074873517,-0.008298802814695066
3673,-1.0725323507675892,-0.008298802814695066
3674,-1.0726352652951552,-0.008298802814695066
3675,-1.0726548192445269,-0.008298802814695066
3676,-1.073302459491688,-0.008298802814695066
3677,-1.0733538818571295,-0.008298802814695066
3678,-1.0734155405626076,-0.008298802814695066
3679,-1.0734309894923373,-0.008298802814695066
3680,-1.0734606546738679,-0.008298802814695066
3681,-1.073675280804825,-0.008298802814695066
3682,-1.0740022795926814,-0.008298802814695066
3683,-1.0740436139763367,-0.008298802814695066
3684,-1.0745629763249949,-0.008298802814695066
3685,-1.0748434362102048,-0.008298802814695066
3686,-1.0748699442155305,-0.008298802814695066
3687,-1.0748826049787263,-0.008298802814695066
3688,-1.0752230219586618,-0.008298802814695066
3689,-1.0752542463558055,-0.008298802814695066
3690,-1.0753240074283767,-0.008298802814695066
3691,-1.075382315301761,-0.008298802814695066
3692,-1.075447222515477,-0.008298802814695066
3693,-1.0755203395860504,-0.008298802814695066
3694,-1.0755804722801292,-0.008298802814695066
3695,-1.0755942829490936,-0.008298802814695066
3696,-1.075598111249002,-0.008298802814695066
3697,-1.0757181820783126,-0.008298802814695066
3698,-1.0758384522425852,-0.008298802814695066
3699,-1.0760937927376846,-0.008298802814695066
3700,-1.0765357752853193,-0.008298802814695066
3701,-1.0765749339723891,-0.008298802814695066
3702,-1.0768127707981212,-0.008298802814695066
3703,-1.0768821628567966,-0.008298802814695066
3704,-1.077093130642748,-0.008298802814695066
3705,-1.077132326515536,-0.008298802814695066
3706,-1.0771758333474044,-0.008298802814695066
3707,-1.0772461029758498,-0.008298802814695066
3708,-1.0774539672498544,-0.008298802814695066
3709,-1.0774826652040292,-0.008298802814695066
3710,-1.0777378281459473,-0.008298802814695066
3711,-1.0779947072246525,-0.008298802814695066
3712,-1.078054957794617,-0.008298802814695066
3713,-1.0780580875404122,-0.008298802814695066
3714,-1.0781026862233474,-0.008298802814695066
3715,-1.0783023658313848,-0.008298802814695066
3716,-1.0783487275206354,-0.008298802814695066
3717,-1.0783535384068392,-0.008298802814695066
3718,-1.0785931512333584,-0.008298802814695066
3719,-1.078616116553508,-0.008298802814695066
3720,-1.0788551778333944,-0.008298802814695066
3721,-1.0791829496054046,-0.008298802814695066
3722,-1.0793161409046133,-0.008298802814695066
3723,-1.0793449389277976,-0.008298802814695066
3724,-1.0794893732649196,-0.008298802814695066
3725,-1.0795837163231614,-0.008298802814695066
3726,-1.0797243114816284,-0.008298802814695066
3727,-1.0802155275559449,-0.008298802814695066
3728,-1.0803035831385155,-0.008298802814695066
3729,-1.0804069692583447,-0.008298802814695066
3730,-1.0808671899126865,-0.008298802814695066
3731,-1.0810305023799174,-0.008298802814695066
3732,-1.0812399239998285,-0.008298802814695066
3733,-1.0819034425283323,-0.008298802814695066
3734,-1.081922199200704,-0.008298802814695066
3735,-1.0819407519566606,-0.008298802814695066
3736,-1.0826000404201606,-0.008298802814695066
3737,-1.082635253444784,-0.008298802814695066
3738,-1.0828546688710545,-0.008298802814695066
3739,-1.0829674793931008,-0.008298802814695066
3740,-1.0829913020682718,-0.008298802814695066
3741,-1.0829934666596257,-0.008298802814695066
3742,-1.0830991944242243,-0.008298802814695066
3743,-1.0831075295801784,-0.008298802814695066
3744,-1.083292808955263,-0.008298802814695066
3745,-1.083365548632153,-0.008298802814695066
3746,-1.0839241480066337,-0.008298802814695066
3747,-1.0839404053628612,-0.008298802814695066
3748,-1.0840684931936875,-0.008298802814695066
3749,-1.0842162119317282,-0.008298802814695066
3750,-1.084551864421991,-0.008298802814695066
3751,-1.0846700482606804,-0.008298802814695066
3752,-1.0851427943791643,-0.008298802814695066
3753,-1.0853351115301952,-0.008298802814695066
3754,-1.0858924941049863,-0.008298802814695066
3755,-1.0860479472657183,-0.008298802814695066
3756,-1.0860971796262586,-0.008298802814695066
3757,-1.0866163478035693,-0.008298802814695066
3758,-1.0866962476302537,-0.008298802814695066
3759,-1.0867787734591596,-0.008298802814695066
3760,-1.086988032483641,-0.008298802814695066
3761,-1.0870151503935115,-0.008298802814695066
3762,-1.087309077818855,-0.008298802814695066
3763,-1.087519743188666,-0.008298802814695066
3764,-1.0875425878082177,-0.008298802814695066
3765,-1.0876069766555312,-0.008298802814695066
3766,-1.08767820525427,-0.008298802814695066
3767,-1.0883750425177248,-0.008298802814695066
3768,-1.088489155513014,-0.008298802814695066
3769,-1.0886507649426178,-0.008298802814695066
3770,-1.088681996595319,-0.008298802814695066
3771,-1.0886891717208536,-0.008298802814695066
3772,-1.0888136699870405,-0.008298802814695066
3773,-1.089009958278465,-0.008298802814695066
3774,-1.0890160827021214,-0.008298802814695066
3775,-1.0891777787835664,-0.008298802814695066
3776,-1.089264108866877,-0.008298802814695066
3777,-1.0895437423013532,-0.008298802814695066
3778,-1.090152777278346,-0.008298802814695066
3779,-1.0901775005075314,-0.008298802814695066
3780,-1.0904478277882743,-0.008298802814695066
3781,-1.0904921040382076,-0.008298802814695066
3782,-1.0906199321020424,-0.008298802814695066
3783,-1.090740481501384,-0.008298802814695066
3784,-1.0908764123911445,-0.008298802814695066
3785,-1.0913205277153735,-0.008298802814695066
3786,-1.091321237729692,-0.008298802814695066
3787,-1.0917896286583235,-0.008298802814695066
3788,-1.0918245920787744,-0.008298802814695066
3789,-1.0919512625816594,-0.008298802814695066
3790,-1.0920254608950233,-0.008298802814695066
3791,-1.0921387398311877,-0.008298802814695066
3792,-1.0922358471850673,-0.008298802814695066
3793,-1.0923954931629969,-0.008298802814695066
3794,-1.0924305572440796,-0.008298802814695066
3795,-1.0926114625412415,-0.008298802814695066
3796,-1.092685901859264,-0.008298802814695066
3797,-1.0928074422386371,-0.008298802814695066
3798,-1.0928317883440577,-0.008298802814695066
3799,-1.0929596328671698,-0.008298802814695066
3800,-1.0929953885580959,-0.008298802814695066
3801,-1.0932261212768108,-0.008298802814695066
3802,-1.0933123936628109,-0.008298802814695066
3803,-1.0935462217732104,-0.008298802814695066
3804,-1.0935476632201453,-0.008298802814695066
3805,-1.0936342724026753,-0.008298802814695066
3806,-1.0936921325793485,-0.008298802814695066
3807,-1.093851053018092,-0.008298802814695066
3808,-1.094104783787802,-0.008298802814695066
3809,-1.0941673910121115,-0.008298802814695066
3810,-1.0942385639776058,-0.008298802814695066
3811,-1.0942737939740834,-0.008298802814695066
3812,-1.0945854155805075,-0.008298802814695066
3813,-1.094664126649715,-0.008298802814695066
3814,-1.0948288681345468,-0.008298802814695066
3815,-1.095116124749431,-0.008298802814695066
3816,-1.0956473248988656,-0.008298802814695066
3817,-1.095725190241933,-0.008298802814695066
3818,-1.095887333248382,-0.008298802814695066
3819,-1.0959879284604641,-0.008298802814695066
3820,-1.0959969252069992,-0.008298802814695066
3821,-1.0962830568940314,-0.008298802814695066
3822,-1.0963229869738194,-0.008298802814695066
3823,-1.096569264915669,-0.008298802814695066
3824,-1.0965866707290763,-0.008298802814695066
3825,-1.0968881943852968,-0.008298802814695066
3826,-1.0970044978733955,-0.008298802814695066
3827,-1.0972556062438374,-0.008298802814695066
3828,-1.0972709922097241,-0.008298802814695066
3829,-1.097448485405879,-0.008298802814695066
3830,-1.0975179799966064,-0.008298802814695066
3831,-1.097673342954414,-0.008298802814695066
3832,-1.097967275060686,-0.008298802814695066
3833,-1.0982572413700176,-0.008298802814695066
3834,-1.098708443198565,-0.008298802814695066
3835,-1.0989404758170878,-0.008298802814695066
3836,-1.0990727689987632,-0.008298802814695066
3837,-1.0990864575189607,-0.008298802814695066
3838,-1.0991539601942848,-0.008298802814695066
3839,-1.0992977279689855,-0.008298802814695066
3840,-1.0993836137528665,-0.008298802814695066
3841,-1.0996289143139761,-0.008298802814695066
3842,-1.0999374028987874,-0.008298802814695066
3843,-1.1000295084967011,-0.008298802814695066
3844,-1.100065592192319,-0.008298802814695066
3845,-1.1001707843285855,-0.008298802814695066
3846,-1.1002370263874939,-0.008298802814695066
3847,-1.1002606418478402,-0.008298802814695066
3848,-1.1003578440258546,-0.008298802814695066
3849,-1.1004117507681923,-0.008298802814695066
3850,-1.100471949977462,-0.008298802814695066
3851,-1.1006282265137872,-0.008298802814695066
3852,-1.1007631052566476,-0.008298802814695066
3853,-1.1008883961508102,-0.008298802814695066
3854,-1.1009600397702275,-0.008298802814695066
3855,-1.1010662452664701,-0.008298802814695066
3856,-1.1012731761703245,-0.008298802814695066
3857,-1.1013005078675582,-0.008298802814695066
3858,-1.10131672304564,-0.008298802814695066
3859,-1.1015156638234664,-0.008298802814695066
3860,-1.1015600464000899,-0.008298802814695066
3861,-1.1015835254415107,-0.008298802814695066
3862,-1.1016008702394484,-0.008298802814695066
3863,-1.1016653242018268,-0.008298802814695066
3864,-1.1018097995814071,-0.008298802814695066
3865,-1.1020972630968124,-0.008298802814695066
3866,-1.1022299918037635,-0.008298802814695066
3867,-1.102278647732655,-0.008298802814695066
3868,-1.1023320615554386,-0.008298802814695066
3869,-1.1026766180492344,-0.008298802814695066
3870,-1.1028104087471833,-0.008298802814695066
3871,-1.1030340153371703,-0.008298802814695066
3872,-1.1031439216645285,-0.008298802814695066
3873,-1.1032427518366104,-0.008298802814695066
3874,-1.1037547531894418,-0.008298802814695066
3875,-1.1040758384203841,-0.008298802814695066
3876,-1.1044356032347054,-0.008298802814695066
3877,-1.1044924805996348,-0.008298802814695066
3878,-1.1045895285706502,-0.008298802814695066
3879,-1.1046582978946355,-0.008298802814695066
3880,-1.1047890696133056,-0.008298802814695066
3881,-1.1048030031091245,-0.008298802814695066
3882,-1.1049002320426375,-0.008298802814695066
3883,-1.1050872404621874,-0.008298802814695066
3884,-1.1053206825879598,-0.008298802814695066
3885,-1.1053484203547859,-0.008298802814695066
3886,-1.1054509890597464,-0.008298802814695066
3887,-1.1055625567927643,-0.008298802814695066
3888,-1.1057526635619526,-0.008298802814695066
3889,-1.1057844882749719,-0.008298802814695066
3890,-1.10587462864603,-0.008298802814695066
3891,-1.1060486425230152,-0.008298802814695066
3892,-1.1060926389860344,-0.008298802814695066
3893,-1.106140932031374,-0.008298802814695066
3894,-1.1061480986635297,-0.008298802814695066
3895,-1.1062218471209666,-0.008298802814695066
3896,-1.1065616341433937,-0.008298802814695066
3897,-1.1066004123492041,-0.008298802814695066
3898,-1.1066130020701723,-0.008298802814695066
3899,-1.1067916423286697,-0.008298802814695066
3900,-1.1067972133354567,-0.008298802814695066
3901,-1.1070245789503623,-0.008298802814695066
3902,-1.1071071618703385,-0.008298802814695066
3903,-1.107236216213031,-0.008298802814695066
3904,-1.107247905803959,-0.008298802814695066
3905,-1.1075974898915772,-0.008298802814695066
3906,-1.1077817948735056,-0.008298802814695066
3907,-1.1078196529554258,-0.008298802814695066
3908,-1.107921945140816,-0.008298802814695066
3909,-1.1079778549292805,-0.008298802814695066
3910,-1.107979207084918,-0.008298802814695066
3911,-1.108192784838428,-0.008298802814695066
3912,-1.1083783531075104,-0.008298802814695066
3913,-1.1084981986476374,-0.008298802814695066
3914,-1.1087607587853117,-0.008298802814695066
3915,-1.108769166308162,-0.008298802814695066
3916,-1.108781484505884,-0.008298802814695066
3917,-1.1088180096678748,-0.008298802814695066
3918,-1.108851054085973,-0.008298802814695066
3919,-1.1089447977513731,-0.008298802814695066
3920,-1.108967882003886,-0.008298802814695066
3921,-1.1089813889265283,-0.008298802814695066
3922,-1.1091143413915516,-0.008298802814695066
3923,-1.1092848683903667,-0.008298802814695066
3924,-1.109427417402514,-0.008298802814695066
3925,-1.1095316714851104,-0.008298802814695066
3926,-1.1097943391296732,-0.008298802814695066
3927,-1.1101129479568466,-0.008298802814695066
3928,-1.110237640406151,-0.008298802814695066
3929,-1.110462408554265,-0.008298802814695066
3930,-1.1105872053400903,-0.008298802814695066
3931,-1.1106166835111841,-0.008298802814695066
3932,-1.1106617525371885,-0.008298802814695066
3933,-1.110918080203206,-0.008298802814695066
3934,-1.1110037952255838,-0.008298802814695066
3935,-1.1112866717421495,-0.008298802814695066
3936,-1.1114310516312604,-0.008298802814695066
3937,-1.1116290595839964,-0.008298802814695066
3938,-1.1117077155896389,-0.008298802814695066
3939,-1.1117534349284883,-0.008298802814695066
3940,-1.1117927980027988,-0.008298802814695066
3941,-1.1117966159413701,-0.008298802814695066
3942,-1.1118470264028495,-0.008298802814695066
3943,-1.1124370836107813,-0.008298802814695066
3944,-1.1124385756087705,-0.008298802814695066
3945,-1.1125952307880085,-0.008298802814695066
3946,-1.112628035188891,-0.008298802814695066
3947,-1.1126875777035197,-0.008298802814695066
3948,-1.1127630966515856,-0.008298802814695066
3949,-1.1130810255092118,-0.008298802814695066
3950,-1.1132434224090413,-0.008298802814695066
3951,-1.1132975716175226,-0.008298802814695066
3952,-1.1133332122114976,-0.008298802814695066
3953,-1.1133570495086365,-0.008298802814695066
3954,-1.1133572878123912,-0.008298802814695066
3955,-1.1133603732020403,-0.008298802814695066
3956,-1.1137475119545714,-0.008298802814695066
3957,-1.1138295534261389,-0.008298802814695066
3958,-1.1138729592670285,-0.008298802814695066
3959,-1.1139603475952766,-0.008298802814695066
3960,-1.1146494470984172,-0.008298802814695066
3961,-1.114902435293921,-0.008298802814695066
3962,-1.1149695923882472,-0.008298802814695066
3963,-1.1149797339273453,-0.008298802814695066
3964,-1.1151341644890034,-0.008298802814695066
3965,-1.1151833128877402,-0.008298802814695066
3966,-1.1157329820735444,-0.008298802814695066
3967,-1.1159201707399864,-0.008298802814695066
3968,-1.1160186771185703,-0.008298802814695066
3969,-1.116112420454678,-0.008298802814695066
3970,-1.116478873497024,-0.008298802814695066
3971,-1.1164966730992347,-0.008298802814695066
3972,-1.116507457720826,-0.008298802814695066
3973,-1.1165443417185263,-0.008298802814695066
3974,-1.1167071521301675,-0.008298802814695066
3975,-1.1167659990034282,-0.008298802814695066
3976,-1.1169455114963343,-0.008298802814695066
3977,-1.1171886352749016,-0.008298802814695066
3978,-1.1173066058972982,-0.008298802814695066
3979,-1.1177579148249015,-0.008298802814695066
3980,-1.1180123883760813,-0.008298802814695066
3981,-1.1181538263051898,-0.008298802814695066
3982,-1.118417182285742,-0.008298802814695066
3983,-1.118620665328721,-0.008298802814695066
3984,-1.1188122982029087,-0.008298802814695066
3985,-1.1188315715051547,-0.008298802814695066
3986,-1.118898682398906,-0.008298802814695066
3987,-1.1189898215306167,-0.008298802814695066
3988,-1.119205175225301,-0.008298802814695066
3989,-1.1194201835369053,-0.008298802814695066
3990,-1.1195351316496573,-0.008298802814695066
3991,-1.1196518547010872,-0.008298802814695066
3992,-1.1197719112138782,-0.008298802814695066
3993,-1.1198173302177852,-0.008298802814695066
3994,-1.1202578267700325,-0.008298802814695066
3995,-1.1204484801461456,-0.008298802814695066
3996,-1.1206246506633124,-0.008298802814695066
3997,-1.1206265892852094,-0.008298802814695066
3998,-1.1206285987129125,-0.008298802814695066
3999,-1.1206628904959879,-0.008298802814695066
4000,-1.1207067168715446,-0.008298802814695066
4001,-1.1207167867750338,-0.008298802814695066
4002,-1.120812231220416,-0.008298802814695066
4003,-1.120834813271816,-0.008298802814695066
4004,-1.1211451094979632,-0.008298802814695066
4005,-1.121357729581867,-0.008298802814695066
4006,-1.12142883128533,-0.008298802814695066
4007,-1.1214831868837198,-0.008298802814695066
4008,-1.1215222120898158,-0.008298802814695066
4009,-1.1220526705878302,-0.008298802814695066
4010,-1.1221282202440728,-0.008298802814695066
4011,-1.122252600167206,-0.008298802814695066
4012,-1.1222989539977042,-0.008298802814695066
4013,-1.12233247604032,-0.008298802814695066
4014,-1.122755379904535,-0.008298802814695066
4015,-1.1227975303893765,-0.008298802814695066
4016,-1.1229061097464674,-0.008298802814695066
4017,-1.1229493806346,-0.008298802814695066
4018,-1.1230334058939293,-0.008298802814695066
4019,-1.1231525004573741,-0.008298802814695066
4020,-1.1232029788246485,-0.008298802814695066
4021,-1.1232359480129708,-0.008298802814695066
4022,-1.123848080136658,-0.008298802814695066
4023,-1.1241714030380017,-0.008298802814695066
4024,-1.1243088093111164,-0.008298802814695066
4025,-1.1244956831234858,-0.008298802814695066
4026,-1.1247119112650974,-0.008298802814695066
4027,-1.1247569313114745,-0.008298802814695066
4028,-1.1247658157594014,-0.008298802814695066
4029,-1.125159557361394,-0.008298802814695066
4030,-1.1252942502031398,-0.008298802814695066
4031,-1.1254758516022958,-0.008298802814695066
4032,-1.125583899780469,-0.008298802814695066
4033,-1.1256402742365925,-0.008298802814695066
4034,-1.126226776529681,-0.008298802814695066
4035,-1.1264369092132436,-0.008298802814695066
4036,-1.1264778052922462,-0.008298802814695066
4037,-1.1266737606266046,-0.008298802814695066
4038,-1.1268454899318558,-0.008298802814695066
4039,-1.1268626252638145,-0.008298802814695066
4040,-1.1268981176024384,-0.008298802814695066
4041,-1.1269295735907674,-0.008298802814695066
4042,-1.1270796212033451,-0.008298802814695066
4043,-1.1274496945172503,-0.008298802814695066
4044,-1.127467167751091,-0.008298802814695066
4045,-1.1276200992243222,-0.008298802814695066
4046,-1.127711122458132,-0.008298802814695066
4047,-1.1277650010731577,-0.008298802814695066
4048,-1.1279142935932573,-0.008298802814695066
4049,-1.1282087072971825,-0.008298802814695066
4050,-1.1282828594336145,-0.008298802814695066
4051,-1.1285070228193805,-0.008298802814695066
4052,-1.1286478481731061,-0.008298802814695066
4053,-1.1287457772380305,-0.008298802814695066
4054,-1.1287971516138855,-0.008298802814695066
4055,-1.1289563785890717,-0.008298802814695066
4056,-1.1289932401474239,-0.008298802814695066
4057,-1.1290237702400419,-0.008298802814695066
4058,-1.129039247092274,-0.008298802814695066
4059,-1.1291328863920276,-0.008298802814695066
4060,-1.1293726775056891,-0.008298802814695066
4061,-1.129378423457589,-0.008298802814695066
4062,-1.1296876368690354,-0.008298802814695066
4063,-1.1297460158241812,-0.008298802814695066
4064,-1.1297981193000721,-0.008298802814695066
4065,-1.1300473055680638,-0.008298802814695066
4066,-1.1301514091834706,-0.008298802814695066
4067,-1.130472141062055,-0.008298802814695066
4068,-1.1305368189123337,-0.008298802814695066
4069,-1.130593452032325,-0.008298802814695066
4070,-1.1306074586728125,-0.008298802814695066
4071,-1.1306699979294852,-0.008298802814695066
4072,-1.1307233007309707,-0.008298802814695066
4073,-1.130765232959603,-0.008298802814695066
4074,-1.1307704953837572,-0.008298802814695066
4075,-1.1308515842095361,-0.008298802814695066
4076,-1.1308986647989145,-0.008298802814695066
4077,-1.1309025623725142,-0.008298802814695066
4078,-1.1309836721030135,-0.008298802814695066
4079,-1.1310539213101714,-0.008298802814695066
4080,-1.1311786999930595,-0.008298802814695066
4081,-1.1311849845444795,-0.008298802814695066
4082,-1.1312671560527696,-0.008298802814695066
4083,-1.1315963038887515,-0.008298802814695066
4084,-1.131751624812113,-0.008298802814695066
4085,-1.131930494622251,-0.008298802814695066
4086,-1.1320013075242978,-0.008298802814695066
4087,-1.1320558396008742,-0.008298802814695066
4088,-1.1320917497897705,-0.008298802814695066
4089,-1.1322332760915368,-0.008298802814695066
4090,-1.1323461217705728,-0.008298802814695066
4091,-1.1325346990815324,-0.008298802814695066
4092,-1.132556395385276,-0.008298802814695066
4093,-1.1327551749321765,-0.008298802814695066
4094,-1.1327895094059897,-0.008298802814695066
4095,-1.1328851313072072,-0.008298802814695066
4096,-1.1329392046010685,-0.008298802814695066
4097,-1.1332135667494407,-0.008298802814695066
4098,-1.1334245536563048,-0.008298802814695066
4099,-1.1334954004237539,-0.008298802814695066
4100,-1.1337554935022174,-0.008298802814695066
4101,-1.1340554197145232,-0.008298802814695066
4102,-1.134140666795533,-0.008298802814695066
4103,-1.1341901011147368,-0.008298802814695066
4104,-1.1345058636263992,-0.008298802814695066
4105,-1.1350637085578774,-0.008298802814695066
4106,-1.1351402270947393,-0.008298802814695066
4107,-1.1355124522254005,-0.008298802814695066
4108,-1.135653293110722,-0.008298802814695066
4109,-1.1360087667066532,-0.008298802814695066
4110,-1.1360969554069174,-0.008298802814695066
4111,-1.136198742193085,-0.008298802814695066
4112,-1.1362114556282201,-0.008298802814695066
4113,-1.136362724417644,-0.008298802814695066
4114,-1.1364311607478381,-0.008298802814695066
4115,-1.1364408073597159,-0.008298802814695066
4116,-1.1366489641979198,-0.008298802814695066
4117,-1.1366832228356432,-0.008298802814695066
4118,-1.1370842981763853,-0.008298802814695066
4119,-1.1371042941330551,-0.008298802814695066
4120,-1.137339473992367,-0.008298802814695066
4121,-1.137427559552166,-0.008298802814695066
4122,-1.1377424416461728,-0.008298802814695066
4123,-1.137783691595555,-0.008298802814695066
4124,-1.1380441930286298,-0.008298802814695066
4125,-1.1382834823088555,-0.008298802814695066
4126,-1.1383717859431943,-0.008298802814695066
4127,-1.1384997144695423,-0.008298802814695066
4128,-1.138519302576129,-0.008298802814695066
4129,-1.1386139899531302,-0.008298802814695066
4130,-1.138702601970087,-0.008298802814695066
4131,-1.138770901255859,-0.008298802814695066
4132,-1.1387990299653905,-0.008298802814695066
4133,-1.138960394185923,-0.008298802814695066
4134,-1.1390438587831482,-0.008298802814695066
4135,-1.1391506113476584,-0.008298802814695066
4136,-1.1394205935907233,-0.008298802814695066
4137,-1.1396783743099816,-0.008298802814695066
4138,-1.1397422038535812,-0.008298802814695066
4139,-1.1397871706024971,-0.008298802814695066
4140,-1.1397907310657929,-0.008298802814695066
4141,-1.139856436889886,-0.008298802814695066
4142,-1.1398831220124988,-0.008298802814695066
4143,-1.140072840481839,-0.008298802814695066
4144,-1.1401106126383367,-0.008298802814695066
4145,-1.1401181822548847,-0.008298802814695066
4146,-1.140250874103593,-0.008298802814695066
4147,-1.1402865590251454,-0.008298802814695066
4148,-1.1403103887979273,-0.008298802814695066
4149,-1.1403218543904472,-0.008298802814695066
4150,-1.1403800760860785,-0.008298802814695066
4151,-1.1404585543401957,-0.008298802814695066
4152,-1.1404702123640962,-0.008298802814695066
4153,-1.1405208596960414,-0.008298802814695066
4154,-1.1405212520671102,-0.008298802814695066
4155,-1.1406957915493585,-0.008298802814695066
4156,-1.1407160779943863,-0.008298802814695066
4157,-1.1407994982940375,-0.008298802814695066
4158,-1.14099007539614,-0.008298802814695066
4159,-1.141119327366091,-0.008298802814695066
4160,-1.1411304990597406,-0.008298802814695066
4161,-1.1411781868932693,-0.008298802814695066
4162,-1.1411949944870443,-0.008298802814695066
4163,-1.141213065096164,-0.008298802814695066
4164,-1.1415092786723051,-0.008298802814695066
4165,-1.1417455635121359,-0.008298802814695066
4166,-1.1418116314495768,-0.008298802814695066
4167,-1.1418503054446942,-0.008298802814695066
4168,-1.142195546768104,-0.008298802814695066
4169,-1.1423047458018807,-0.008298802814695066
4170,-1.142372372021784,-0.008298802814695066
4171,-1.1425172310405793,-0.008298802814695066
4172,-1.1425544223696578,-0.008298802814695066
4173,-1.1425827293442963,-0.008298802814695066
4174,-1.1426600470352555,-0.008298802814695066
4175,-1.1426797609908959,-0.008298802814695066
4176,-1.142772425091682,-0.008298802814695066
4177,-1.1429384694003206,-0.008298802814695066
4178,-1.1429739436296096,-0.008298802814695066
4179,-1.1430504594323314,-0.008298802814695066
4180,-1.1433311147788614,-0.008298802814695066
4181,-1.1433312751199027,-0.008298802814695066
4182,-1.1433522435958936,-0.008298802814695066
4183,-1.1434342876735142,-0.008298802814695066
4184,-1.1435037532973278,-0.008298802814695066
4185,-1.1435432101757437,-0.008298802814695066
4186,-1.14354335648023,-0.008298802814695066
4187,-1.1435700965364513,-0.008298802814695066
4188,-1.1437185848372518,-0.008298802814695066
4189,-1.1437323995867203,-0.008298802814695066
4190,-1.1438467187331707,-0.008298802814695066
4191,-1.1440101000671201,-0.008298802814695066
4192,-1.1440176928515031,-0.008298802814695066
4193,-1.1441639327941688,-0.008298802814695066
4194,-1.144232541367685,-0.008298802814695066
4195,-1.144263984789633,-0.008298802814695066
4196,-1.1442911323100615,-0.008298802814695066
4197,-1.1443779386366977,-0.008298802814695066
4198,-1.1443861271244862,-0.008298802814695066
4199,-1.1444868010301674,-0.008298802814695066
4200,-1.1446717513002596,-0.008298802814695066
4201,-1.144725919414277,-0.008298802814695066
4202,-1.1447391604853134,-0.008298802814695066
4203,-1.1449603856616948,-0.008298802814695066
4204,-1.1452385792176039,-0.008298802814695066
4205,-1.1452577707700056,-0.008298802814695066
4206,-1.1457023513824107,-0.008298802814695066
4207,-1.1458098377718597,-0.008298802814695066
4208,-1.1458417654236879,-0.008298802814695066
4209,-1.1458690403812462,-0.008298802814695066
4210,-1.1459625569783367,-0.008298802814695066
4211,-1.1460934257415734,-0.008298802814695066
4212,-1.1461863017479659,-0.008298802814695066
4213,-1.1464983046607253,-0.008298802814695066
4214,-1.1465294825502228,-0.008298802814695066
4215,-1.1467462470306642,-0.008298802814695066
4216,-1.147025288924984,-0.008298802814695066
4217,-1.1471750120750126,-0.008298802814695066
4218,-1.147233292453405,-0.008298802814695066
4219,-1.147236128493629,-0.008298802814695066
4220,-1.147420132830531,-0.008298802814695066
4221,-1.147434343485842,-0.008298802814695066
4222,-1.1474821665877952,-0.008298802814695066
4223,-1.1475763463617068,-0.008298802814695066
4224,-1.1476393937840506,-0.008298802814695066
4225,-1.1477214703438214,-0.008298802814695066
4226,-1.1477465964002123,-0.008298802814695066
4227,-1.1480119583728303,-0.008298802814695066
4228,-1.1481759208843263,-0.008298802814695066
4229,-1.1482515794963852,-0.008298802814695066
4230,-1.1482578500006442,-0.008298802814695066
4231,-1.1483503207353265,-0.008298802814695066
4232,-1.1483691674199887,-0.008298802814695066
4233,-1.148395299916744,-0.008298802814695066
4234,-1.1485242675302396,-0.008298802814695066
4235,-1.1485359832892759,-0.008298802814695066
4236,-1.1487633953641316,-0.008298802814695066
4237,-1.1488153435147272,-0.008298802814695066
4238,-1.1488905657169728,-0.008298802814695066
4239,-1.148908652145224,-0.008298802814695066
4240,-1.1489151925399184,-0.008298802814695066
4241,-1.1489454092957074,-0.008298802814695066
4242,-1.148975365960551,-0.008298802814695066
4243,-1.1490170628424181,-0.008298802814695066
4244,-1.1490731761366155,-0.008298802814695066
4245,-1.1491521709325345,-0.008298802814695066
4246,-1.149166926826972,-0.008298802814695066
4247,-1.1491800407459103,-0.008298802814695066
4248,-1.1492100305303468,-0.008298802814695066
4249,-1.1493347908289535,-0.008298802814695066
4250,-1.1493767941362876,-0.008298802814695066
4251,-1.1495779869890217,-0.008298802814695066
4252,-1.1499328219694647,-0.008298802814695066
4253,-1.1503893185952736,-0.008298802814695066
4254,-1.1504798523075745,-0.008298802814695066
4255,-1.1505239853152798,-0.008298802814695066
4256,-1.150578129068194,-0.008298802814695066
4257,-1.150608268188679,-0.008298802814695066
4258,-1.1506796344605732,-0.008298802814695066
4259,-1.1508930126458627,-0.008298802814695066
4260,-1.1509134403136436,-0.008298802814695066
4261,-1.1510310027439838,-0.008298802814695066
4262,-1.1512850445994163,-0.008298802814695066
4263,-1.1514862669943882,-0.008298802814695066
4264,-1.1516999163858228,-0.008298802814695066
4265,-1.151798434504998,-0.008298802814695066
4266,-1.1520455663181104,-0.008298802814695066
4267,-1.152095086922769,-0.008298802814695066
4268,-1.1523217103631591,-0.008298802814695066
4269,-1.1524140067561048,-0.008298802814695066
4270,-1.1525980149006798,-0.008298802814695066
4271,-1.1526625151428758,-0.008298802814695066
4272,-1.152674318490416,-0.008298802814695066
4273,-1.1528003198358163,-0.008298802814695066
4274,-1.152874663479468,-0.008298802814695066
4275,-1.1528806267009815,-0.008298802814695066
4276,-1.1529065162703995,-0.008298802814695066
4277,-1.152934938676902,-0.008298802814695066
4278,-1.1532949583715857,-0.008298802814695066
4279,-1.1533378986312555,-0.008298802814695066
4280,-1.1535029097917078,-0.008298802814695066
4281,-1.15370829216522,-0.008298802814695066
4282,-1.1537091549876979,-0.008298802814695066
4283,-1.1537114994339552,-0.008298802814695066
4284,-1.1538795502169281,-0.008298802814695066
4285,-1.15398679357064,-0.008298802814695066
4286,-1.1540811564647027,-0.008298802814695066
4287,-1.1540899458008225,-0.008298802814695066
4288,-1.1541125747785055,-0.008298802814695066
4289,-1.154209196501867,-0.008298802814695066
4290,-1.1545778885314133,-0.008298802814695066
4291,-1.1546724961940387,-0.008298802814695066
4292,-1.1547631005812824,-0.008298802814695066
4293,-1.1547715666671072,-0.008298802814695066
4294,-1.1548074005354176,-0.008298802814695066
4295,-1.154845158433914,-0.008298802814695066
4296,-1.1549136606787704,-0.008298802814695066
4297,-1.1551238912270076,-0.008298802814695066
4298,-1.155371330785825,-0.008298802814695066
4299,-1.1556604136408106,-0.008298802814695066
4300,-1.1557136234426577,-0.008298802814695066
4301,-1.1557348420321003,-0.008298802814695066
4302,-1.155796672909472,-0.008298802814695066
4303,-1.155825563395833,-0.008298802814695066
4304,-1.1558434953467442,-0.008298802814695066
4305,-1.156145965166449,-0.008298802814695066
4306,-1.156362001445754,-0.008298802814695066
4307,-1.1566566968573957,-0.008298802814695066
4308,-1.1566613178703886,-0.008298802814695066
4309,-1.1567008383676376,-0.008298802814695066
4310,-1.1567405117927012,-0.008298802814695066
4311,-1.1568694503361319,-0.008298802814695066
4312,-1.1568729696905646,-0.008298802814695066
4313,-1.1570228184296432,-0.008298802814695066
4314,-1.1571181086325364,-0.008298802814695066
4315,-1.1572398035966218,-0.008298802814695066
4316,-1.1573603084382007,-0.008298802814695066
4317,-1.1573628604432182,-0.008298802814695066
4318,-1.1574496605614886,-0.008298802814695066
4319,-1.1574578385018786,-0.008298802814695066
4320,-1.157489083054878,-0.008298802814695066
4321,-1.1575192531070067,-0.008298802814695066
4322,-1.1575634354625934,-0.008298802814695066
4323,-1.1575857629301733,-0.008298802814695066
4324,-1.1576532684616905,-0.008298802814695066
4325,-1.1578533272794918,-0.008298802814695066
4326,-1.157922157201595,-0.008298802814695066
4327,-1.1579577652875264,-0.008298802814695066
4328,-1.1579663183389695,-0.008298802814695066
4329,-1.158108623319196,-0.008298802814695066
4330,-1.1581363375869411,-0.008298802814695066
4331,-1.1582899517917356,-0.008298802814695066
4332,-1.1584320536731154,-0.008298802814695066
4333,-1.158436344705856,-0.008298802814695066
4334,-1.158560506988592,-0.008298802814695066
4335,-1.158579749557228,-0.008298802814695066
4336,-1.158635426862456,-0.008298802814695066
4337,-1.1586492236489214,-0.008298802814695066
4338,-1.158688251889568,-0.008298802814695066
4339,-1.1587407906178002,-0.008298802814695066
4340,-1.1588187874861378,-0.008298802814695066
4341,-1.158899734892708,-0.008298802814695066
4342,-1.1591461155714466,-0.008298802814695066
4343,-1.1592571651721533,-0.008298802814695066
4344,-1.1593176439622082,-0.008298802814695066
4345,-1.1593245394519829,-0.008298802814695066
4346,-1.1593978280262904,-0.008298802814695066
4347,-1.1595268199564295,-0.008298802814695066
4348,-1.159530494169215,-0.008298802814695066
4349,-1.1595664185783972,-0.008298802814695066
4350,-1.1596122029589384,-0.008298802814695066
4351,-1.1597262295286102,-0.008298802814695066
4352,-1.1597533584438309,-0.008298802814695066
4353,-1.1598290161465181,-0.008298802814695066
4354,-1.159847544138694,-0.008298802814695066
4355,-1.1599456500671295,-0.008298802814695066
4356,-1.1599868802049196,-0.008298802814695066
4357,-1.159991145416172,-0.008298802814695066
4358,-1.1600057594631235,-0.008298802814695066
4359,-1.160127347343444,-0.008298802814695066
4360,-1.160166581944964,-0.008298802814695066
4361,-1.1602528842577549,-0.008298802814695066
4362,-1.1602841296480597,-0.008298802814695066
4363,-1.1604327992609467,-0.008298802814695066
4364,-1.1605121298356011,-0.008298802814695066
4365,-1.1606944637754923,-0.008298802814695066
4366,-1.1607163387974784,-0.008298802814695066
4367,-1.1608043009886737,-0.008298802814695066
4368,-1.1609978221513626,-0.008298802814695066
4369,-1.1611549565789319,-0.008298802814695066
4370,-1.1611825029608867,-0.008298802814695066
4371,-1.16143116189284,-0.008298802814695066
4372,-1.1614805297875095,-0.008298802814695066
4373,-1.1616346024591626,-0.008298802814695066
4374,-1.1616353778465367,-0.008298802814695066
4375,-1.1616991231487626,-0.008298802814695066
4376,-1.161706603230858,-0.008298802814695066
4377,-1.1618165292959,-0.008298802814695066
4378,-1.1619927242597592,-0.008298802814695066
4379,-1.1620402648265848,-0.008298802814695066
4380,-1.162305504479817,-0.008298802814695066
4381,-1.162458305959551,-0.008298802814695066
4382,-1.1626371069203012,-0.008298802814695066
4383,-1.1627104359319795,-0.008298802814695066
4384,-1.1627243198268769,-0.008298802814695066
4385,-1.1628209303702906,-0.008298802814695066
4386,-1.162840285830008,-0.008298802814695066
4387,-1.1629554467625978,-0.008298802814695066
4388,-1.162991140532735,-0.008298802814695066
4389,-1.163174833585345,-0.008298802814695066
4390,-1.163195827824441,-0.008298802814695066
4391,-1.163327669549257,-0.008298802814695066
4392,-1.1633416437743798,-0.008298802814695066
4393,-1.163451179338867,-0.008298802814695066
4394,-1.1635393480268403,-0.008298802814695066
4395,-1.1635583473478914,-0.008298802814695066
4396,-1.1636915314858962,-0.008298802814695066
4397,-1.1639623100540444,-0.008298802814695066
4398,-1.1639940407241345,-0.008298802814695066
4399,-1.16435223660995,-0.008298802814695066
4400,-1.1644334655066793,-0.008298802814695066
4401,-1.164515533506578,-0.008298802814695066
4402,-1.1648162986217732,-0.008298802814695066
4403,-1.1649173438669924,-0.008298802814695066
4404,-1.1652227021211603,-0.008298802814695066
4405,-1.1654329173912221,-0.008298802814695066
4406,-1.1655285441505123,-0.008298802814695066
4407,-1.1655290758609929,-0.008298802814695066
4408,-1.1655350839865635,-0.008298802814695066
4409,-1.1655725702454651,-0.008298802814695066
4410,-1.165786486358614,-0.008298802814695066
4411,-1.1658100772063051,-0.008298802814695066
4412,-1.1658229262397732,-0.008298802814695066
4413,-1.1658654116362177,-0.008298802814695066
4414,-1.1659464648124138,-0.008298802814695066
4415,-1.165987776859371,-0.008298802814695066
4416,-1.1662747319208517,-0.008298802814695066
4417,-1.166389938384394,-0.008298802814695066
4418,-1.1663954347412357,-0.008298802814695066
4419,-1.1664280550544381,-0.008298802814695066
4420,-1.1665183801513228,-0.008298802814695066
4421,-1.166572167519428,-0.008298802814695066
4422,-1.1666257833765052,-0.008298802814695066
4423,-1.1666736901254868,-0.008298802814695066
4424,-1.1667286676036168,-0.008298802814695066
4425,-1.1667429957886677,-0.008298802814695066
4426,-1.1667444278949086,-0.008298802814695066
4427,-1.1668316984457054,-0.008298802814695066
4428,-1.1670734757391887,-0.008298802814695066
4429,-1.1670817173120211,-0.008298802814695066
4430,-1.1671208083650946,-0.008298802814695066
4431,-1.1671447694003396,-0.008298802814695066
4432,-1.1675362137217342,-0.008298802814695066
4433,-1.167833000045082,-0.008298802814695066
4434,-1.167866110664563,-0.008298802814695066
4435,-1.167936835676119,-0.008298802814695066
4436,-1.1680728653847225,-0.008298802814695066
4437,-1.1682064269265728,-0.008298802814695066
4438,-1.1684114020847982,-0.008298802814695066
4439,-1.1684601823940683,-0.008298802814695066
4440,-1.1686513397775007,-0.008298802814695066
4441,-1.1689452337325044,-0.008298802814695066
4442,-1.168949006438332,-0.008298802814695066
4443,-1.1690544071311366,-0.008298802814695066
4444,-1.1691684978224763,-0.008298802814695066
4445,-1.1696357043992245,-0.008298802814695066
4446,-1.169664950267364,-0.008298802814695066
4447,-1.1698445027804159,-0.008298802814695066
4448,-1.1698994776040266,-0.008298802814695066
4449,-1.1699778362588829,-0.008298802814695066
4450,-1.1704058198106329,-0.008298802814695066
4451,-1.1704485889182725,-0.008298802814695066
4452,-1.1704871319585068,-0.008298802814695066
4453,-1.1705352117256986,-0.008298802814695066
4454,-1.170535296007392,-0.008298802814695066
4455,-1.1706103837535324,-0.008298802814695066
4456,-1.1708116852328414,-0.008298802814695066
4457,-1.17113907725691,-0.008298802814695066
4458,-1.1711620112611798,-0.008298802814695066
4459,-1.1712197752050972,-0.008298802814695066
4460,-1.1713501379634361,-0.008298802814695066
4461,-1.1715209282597316,-0.008298802814695066
4462,-1.1715372109254572,-0.008298802814695066
4463,-1.1715817405301892,-0.008298802814695066
4464,-1.1715883149119435,-0.008298802814695066
4465,-1.171717666367194,-0.008298802814695066
4466,-1.1718049053773298,-0.008298802814695066
4467,-1.1721152684590277,-0.008298802814695066
4468,-1.1721950478600116,-0.008298802814695066
4469,-1.1722135719050493,-0.008298802814695066
4470,-1.1722250778702197,-0.008298802814695066
4471,-1.1722756515540136,-0.008298802814695066
4472,-1.172380368427271,-0.008298802814695066
4473,-1.1726127724774673,-0.008298802814695066
4474,-1.1726407907757106,-0.008298802814695066
4475,-1.1727079876653959,-0.008298802814695066
4476,-1.1729061340315425,-0.008298802814695066
4477,-1.1730181317349289,-0.008298802814695066
4478,-1.1730368943513756,-0.008298802814695066
4479,-1.1731161485375246,-0.008298802814695066
4480,-1.173273974594387,-0.008298802814695066
4481,-1.1732763491887404,-0.008298802814695066
4482,-1.1733103931662099,-0.008298802814695066
4483,-1.1733692306115744,-0.008298802814695066
4484,-1.1737221746143551,-0.008298802814695066
4485,-1.17385275119724,-0.008298802814695066
4486,-1.1739570148632905,-0.008298802814695066
4487,-1.1742523933806794,-0.008298802814695066
4488,-1.17440396100969,-0.008298802814695066
4489,-1.1745011801734484,-0.008298802814695066
4490,-1.174508328170432,-0.008298802814695066
4491,-1.1745677972078965,-0.008298802814695066
4492,-1.1746291180879262,-0.008298802814695066
4493,-1.174704782214722,-0.008298802814695066
4494,-1.1747250397637679,-0.008298802814695066
4495,-1.1748102339255677,-0.008298802814695066
4496,-1.1748661593988057,-0.008298802814695066
4497,-1.174972424220123,-0.008298802814695066
4498,-1.1751411062292902,-0.008298802814695066
4499,-1.1752553313543983,-0.008298802814695066
4500,-1.175540623077412,-0.008298802814695066
4501,-1.175736279403834,-0.008298802814695066
4502,-1.175848717260708,-0.008298802814695066
4503,-1.1758998069482132,-0.008298802814695066
4504,-1.1762230304657721,-0.008298802814695066
4505,-1.1762772994899013,-0.008298802814695066
4506,-1.1763171431997475,-0.008298802814695066
4507,-1.1763214683829684,-0.008298802814695066
4508,-1.1764360375031304,-0.008298802814695066
4509,-1.1767165272787925,-0.008298802814695066
4510,-1.1770051903608283,-0.008298802814695066
4511,-1.177030724819494,-0.008298802814695066
4512,-1.1770991066500116,-0.008298802814695066
4513,-1.1771468748437484,-0.008298802814695066
4514,-1.1772188090516167,-0.008298802814695066
4515,-1.1773233043100164,-0.008298802814695066
4516,-1.177393513423227,-0.008298802814695066
4517,-1.1774013576473834,-0.008298802814695066
4518,-1.177816726337291,-0.008298802814695066
4519,-1.177839731632365,-0.008298802814695066
4520,-1.1778952862893073,-0.008298802814695066
4521,-1.1779203072820226,-0.008298802814695066
4522,-1.1779351685460695,-0.008298802814695066
4523,-1.1779594021881352,-0.008298802814695066
4524,-1.178063407029195,-0.008298802814695066
4525,-1.17807802876575,-0.008298802814695066
4526,-1.1780786842992863,-0.008298802814695066
4527,-1.1782549576763732,-0.008298802814695066
4528,-1.1782695298016619,-0.008298802814695066
4529,-1.1784741269760788,-0.008298802814695066
4530,-1.1784894731857105,-0.008298802814695066
4531,-1.1785792813607028,-0.008298802814695066
4532,-1.1785906489400595,-0.008298802814695066
4533,-1.17868900335189,-0.008298802814695066
4534,-1.1787219241047837,-0.008298802814695066
4535,-1.178803086346533,-0.008298802814695066
4536,-1.1789475049585119,-0.008298802814695066
4537,-1.1789606680397,-0.008298802814695066
4538,-1.179120867676456,-0.008298802814695066
4539,-1.179281182966313,-0.008298802814695066
4540,-1.1793597618230844,-0.008298802814695066
4541,-1.1794517673430727,-0.008298802814695066
4542,-1.1797183490048313,-0.008298802814695066
4543,-1.179769128586902,-0.008298802814695066
4544,-1.1798734467931504,-0.008298802814695066
4545,-1.179967200383397,-0.008298802814695066
4546,-1.1801741347761587,-0.008298802814695066
4547,-1.1802319178207294,-0.008298802814695066
4548,-1.180345245220802,-0.008298802814695066
4549,-1.1804843184104536,-0.008298802814695066
4550,-1.1805390662910953,-0.008298802814695066
4551,-1.1807193556811924,-0.008298802814695066
4552,-1.1807936375234465,-0.008298802814695066
4553,-1.1809351541981705,-0.008298802814695066
4554,-1.181064073789206,-0.008298802814695066
4555,-1.1811837286919715,-0.008298802814695066
4556,-1.181272842909815,-0.008298802814695066
4557,-1.181293559774785,-0.008298802814695066
4558,-1.1813286536443839,-0.008298802814695066
4559,-1.1813804600598732,-0.008298802814695066
4560,-1.1814466576541989,-0.008298802814695066
4561,-1.1815252441348423,-0.008298802814695066
4562,-1.181627045627724,-0.008298802814695066
4563,-1.1816493870306672,-0.008298802814695066
4564,-1.1816903682266424,-0.008298802814695066
4565,-1.1819389711933526,-0.008298802814695066
4566,-1.1819621908442488,-0.008298802814695066
4567,-1.182005615140591,-0.008298802814695066
4568,-1.182174931685177,-0.008298802814695066
4569,-1.182235754803427,-0.008298802814695066
4570,-1.182353569450018,-0.008298802814695066
4571,-1.1823916173443179,-0.008298802814695066
4572,-1.182790853029179,-0.008298802814695066
4573,-1.182794275733443,-0.008298802814695066
4574,-1.1829489832599083,-0.008298802814695066
4575,-1.1831267244091463,-0.008298802814695066
4576,-1.1832367347911787,-0.008298802814695066
4577,-1.183266401333183,-0.008298802814695066
4578,-1.1832766873930227,-0.008298802814695066
4579,-1.1833447200036173,-0.008298802814695066
4580,-1.183579931407841,-0.008298802814695066
4581,-1.1836794147626102,-0.008298802814695066
4582,-1.1837379174176104,-0.008298802814695066
4583,-1.1840459943166077,-0.008298802814695066
4584,-1.184109263437796,-0.008298802814695066
4585,-1.1841235679357185,-0.008298802814695066
4586,-1.1842444766648887,-0.008298802814695066
4587,-1.1842869854150182,-0.008298802814695066
4588,-1.1843479195503133,-0.008298802814695066
4589,-1.184392273525071,-0.008298802814695066
4590,-1.1844407563275876,-0.008298802814695066
4591,-1.18445239689748,-0.008298802814695066
4592,-1.1845276964181632,-0.008298802814695066
4593,-1.1847146995688145,-0.008298802814695066
4594,-1.1848197607471478,-0.008298802814695066
4595,-1.1849178910931106,-0.008298802814695066
4596,-1.18497195013514,-0.008298802814695066
4597,-1.1850652452134094,-0.008298802814695066
4598,-1.185215758069114,-0.008298802814695066
4599,-1.1854292588152158,-0.008298802814695066
4600,-1.1854829414541808,-0.008298802814695066
4601,-1.1854830211609038,-0.008298802814695066
4602,-1.1855892923520224,-0.008298802814695066
4603,-1.185694611128058,-0.008298802814695066
4604,-1.185862692373229,-0.008298802814695066
4605,-1.1859195222507821,-0.008298802814695066
4606,-1.1859317610092328,-0.008298802814695066
4607,-1.1859420445875226,-0.008298802814695066
4608,-1.1859988892599702,-0.008298802814695066
4609,-1.1862557108210245,-0.008298802814695066
4610,-1.1863913951996872,-0.008298802814695066
4611,-1.1863949995054088,-0.008298802814695066
4612,-1.186572956416203,-0.008298802814695066
4613,-1.1867491109458728,-0.008298802814695066
4614,-1.186851163107245,-0.008298802814695066
4615,-1.187005498914386,-0.008298802814695066
4616,-1.1871390648279143,-0.008298802814695066
4617,-1.1872044423421049,-0.008298802814695066
4618,-1.1872716806492405,-0.008298802814695066
4619,-1.1873056332483922,-0.008298802814695066
4620,-1.1873914853021772,-0.008298802814695066
4621,-1.1873947106187042,-0.008298802814695066
4622,-1.1875425798286308,-0.008298802814695066
4623,-1.1878800095395843,-0.008298802814695066
4624,-1.187970566031132,-0.008298802814695066
4625,-1.1881150825026991,-0.008298802814695066
4626,-1.1881418933963186,-0.008298802814695066
4627,-1.1882473841526682,-0.008298802814695066
4628,-1.1882538434837178,-0.008298802814695066
4629,-1.1884014792866613,-0.008298802814695066
4630,-1.1884052013576634,-0.008298802814695066
4631,-1.1884768750841008,-0.008298802814695066
4632,-1.1887544335367695,-0.008298802814695066
4633,-1.188777733107712,-0.008298802814695066
4634,-1.1888288427560993,-0.008298802814695066
4635,-1.1888533094133364,-0.008298802814695066
4636,-1.1888566718827136,-0.008298802814695066
4637,-1.1891478337052117,-0.008298802814695066
4638,-1.1893009625648225,-0.008298802814695066
4639,-1.1893159603084467,-0.008298802814695066
4640,-1.189416991385966,-0.008298802814695066
4641,-1.1895405672561306,-0.008298802814695066
4642,-1.189767807005314,-0.008298802814695066
4643,-1.1898672592713684,-0.008298802814695066
4644,-1.1898867491200633,-0.008298802814695066
4645,-1.1900029863934818,-0.008298802814695066
4646,-1.190174059059742,-0.008298802814695066
4647,-1.1902967358360377,-0.008298802814695066
4648,-1.1906318921147918,-0.008298802814695066
4649,-1.190652169415448,-0.008298802814695066
4650,-1.190797807291177,-0.008298802814695066
4651,-1.1908644145453215,-0.008298802814695066
4652,-1.1908831411475684,-0.008298802814695066
4653,-1.1909024967790294,-0.008298802814695066
4654,-1.1910444352958134,-0.008298802814695066
4655,-1.1910884223240246,-0.008298802814695066
4656,-1.1911383666536488,-0.008298802814695066
4657,-1.1911645480313426,-0.008298802814695066
4658,-1.191167797882832,-0.008298802814695066
4659,-1.1912133861222365,-0.008298802814695066
4660,-1.1912490835578557,-0.008298802814695066
4661,-1.1912525829439404,-0.008298802814695066
4662,-1.1913697004278607,-0.008298802814695066
4663,-1.191604286640675,-0.008298802814695066
4664,-1.1916215821782172,-0.008298802814695066
4665,-1.1916246487477073,-0.008298802814695066
4666,-1.1916364702001592,-0.008298802814695066
4667,-1.1917015777750937,-0.008298802814695066
4668,-1.1917506002620344,-0.008298802814695066
4669,-1.1918339484232647,-0.008298802814695066
4670,-1.191893495999153,-0.008298802814695066
4671,-1.1919050477103745,-0.008298802814695066
4672,-1.1919606919185144,-0.008298802814695066
4673,-1.1921395140097122,-0.008298802814695066
4674,-1.1922975989665308,-0.008298802814695066
4675,-1.19239461515818,-0.008298802814695066
4676,-1.1924721435503272,-0.008298802814695066
4677,-1.1925477949694798,-0.008298802814695066
4678,-1.192612615390003,-0.008298802814695066
4679,-1.192638023870393,-0.008298802814695066
4680,-1.1927774768889254,-0.008298802814695066
4681,-1.1928155077581777,-0.008298802814695066
4682,-1.1930015192174512,-0.008298802814695066
4683,-1.1930276543739058,-0.008298802814695066
4684,-1.1932165297970514,-0.008298802814695066
4685,-1.193242958530571,-0.008298802814695066
4686,-1.1933662876675772,-0.008298802814695066
4687,-1.1933907900529772,-0.008298802814695066
4688,-1.19360251957322,-0.008298802814695066
4689,-1.1936394301829683,-0.008298802814695066
4690,-1.1937532008828544,-0.008298802814695066
4691,-1.1938072998424993,-0.008298802814695066
4692,-1.1940126869364893,-0.008298802814695066
4693,-1.1941128858099939,-0.008298802814695066
4694,-1.1941708033931535,-0.008298802814695066
4695,-1.1941878987888555,-0.008298802814695066
4696,-1.1942367663500635,-0.008298802814695066
4697,-1.1942952836464822,-0.008298802814695066
4698,-1.1944294656816168,-0.008298802814695066
4699,-1.1944786985063052,-0.008298802814695066
4700,-1.1945929883765176,-0.008298802814695066
4701,-1.1946953887396934,-0.008298802814695066
4702,-1.1948151442076815,-0.008298802814695066
4703,-1.1948872204305743,-0.008298802814695066
4704,-1.1951913278700539,-0.008298802814695066
4705,-1.1952029763492809,-0.008298802814695066
4706,-1.1952543080012312,-0.008298802814695066
4707,-1.1952635872671493,-0.008298802814695066
4708,-1.1954145452841343,-0.008298802814695066
4709,-1.1954886318250895,-0.008298802814695066
4710,-1.1955763455079418,-0.008298802814695066
4711,-1.1955801915167075,-0.008298802814695066
4712,-1.1956213165231975,-0.008298802814695066
4713,-1.1958096196309307,-0.008298802814695066
4714,-1.1958816160151846,-0.008298802814695066
4715,-1.1958832663261325,-0.008298802814695066
4716,-1.1958985656059404,-0.008298802814695066
4717,-1.1960361214466553,-0.008298802814695066
4718,-1.1961295173217392,-0.008298802814695066
4719,-1.1964004003860977,-0.008298802814695066
4720,-1.196513659574214,-0.008298802814695066
4721,-1.1965419534284456,-0.008298802814695066
4722,-1.1966456145275166,-0.008298802814695066
4723,-1.1967009974606955,-0.008298802814695066
4724,-1.1967852243384187,-0.008298802814695066
4725,-1.1968737987852642,-0.008298802814695066
4726,-1.1968807781695392,-0.008298802814695066
4727,-1.1968910528519132,-0.008298802814695066
4728,-1.1969639406557695,-0.008298802814695066
4729,-1.197002180946688,-0.008298802814695066
4730,-1.197044721300832,-0.008298802814695066
4731,-1.1970721190341973,-0.008298802814695066
4732,-1.1971569517503329,-0.008298802814695066
4733,-1.1972108132473318,-0.008298802814695066
4734,-1.1972702422512551,-0.008298802814695066
4735,-1.1973168948099615,-0.008298802814695066
4736,-1.19742189757032,-0.008298802814695066
4737,-1.1974436520747362,-0.008298802814695066
4738,-1.197594847851936,-0.008298802814695066
4739,-1.197618553522531,-0.008298802814695066
4740,-1.197674541428568,-0.008298802814695066
4741,-1.1978132401045052,-0.008298802814695066
4742,-1.1979837027394318,-0.008298802814695066
4743,-1.1980842980565842,-0.008298802814695066
4744,-1.198160690214089,-0.008298802814695066
4745,-1.198233456769659,-0.008298802814695066
4746,-1.1982958215395554,-0.008298802814695066
4747,-1.1983290137929927,-0.008298802814695066
4748,-1.1983532948208655,-0.008298802814695066
4749,-1.1984313745298176,-0.008298802814695066
4750,-1.198678542448496,-0.008298802814695066
4751,-1.1986943496152869,-0.008298802814695066
4752,-1.1987171433340498,-0.008298802814695066
4753,-1.1987867078534862,-0.008298802814695066
4754,-1.1989255142314992,-0.008298802814695066
4755,-1.1990303562679072,-0.008298802814695066
4756,-1.1990632394509175,-0.008298802814695066
4757,-1.1992305300807489,-0.008298802814695066
4758,-1.1992647264388105,-0.008298802814695066
4759,-1.1992666880017975,-0.008298802814695066
4760,-1.1992751774959183,-0.008298802814695066
4761,-1.1994463838885583,-0.008298802814695066
4762,-1.1994616291599798,-0.008298802814695066
4763,-1.1996674597776291,-0.008298802814695066
4764,-1.199691792353598,-0.008298802814695066
4765,-1.199711480184699,-0.008298802814695066
4766,-1.1997278644708012,-0.008298802814695066
4767,-1.1998634233561374,-0.008298802814695066
4768,-1.2000909117032978,-0.008298802814695066
4769,-1.2002311614234813,-0.008298802814695066
4770,-1.2002480914826346,-0.008298802814695066
4771,-1.2002513476450822,-0.008298802814695066
4772,-1.2002568437399483,-0.008298802814695066
4773,-1.2003872568577838,-0.008298802814695066
4774,-1.2003938457986452,-0.008298802814695066
4775,-1.2004009551028958,-0.008298802814695066
4776,-1.2005971493323513,-0.008298802814695066
4777,-1.2006006670867686,-0.008298802814695066
4778,-1.2006181536432046,-0.008298802814695066
4779,-1.200699515825404,-0.008298802814695066
4780,-1.200722097551823,-0.008298802814695066
4781,-1.2008293751885304,-0.008298802814695066
4782,-1.2008514076553196,-0.008298802814695066
4783,-1.2009006810578804,-0.008298802814695066
4784,-1.2009547643551692,-0.008298802814695066
4785,-1.2009607412237824,-0.008298802814695066
4786,-1.2009981107282486,-0.008298802814695066
4787,-1.2010476315424259,-0.008298802814695066
4788,-1.2012936205267222,-0.008298802814695066
4789,-1.2012977380652061,-0.008298802814695066
4790,-1.2013171714121513,-0.008298802814695066
4791,-1.2013575219877874,-0.008298802814695066
4792,-1.2014058004024128,-0.008298802814695066
4793,-1.2014374892655781,-0.008298802814695066
4794,-1.2016640118642286,-0.008298802814695066
4795,-1.2016662607716513,-0.008298802814695066
4796,-1.2017498365795172,-0.008298802814695066
4797,-1.20177001276374,-0.008298802814695066
4798,-1.2021005547643717,-0.008298802814695066
4799,-1.2021875727483229,-0.008298802814695066
4800,-1.202243935064008,-0.008298802814695066
4801,-1.202300151443705,-0.008298802814695066
4802,-1.2023722984118899,-0.008298802814695066
4803,-1.202539938511341,-0.008298802814695066
4804,-1.2025791834919362,-0.008298802814695066
4805,-1.20265225107872,-0.008298802814695066
4806,-1.2027669559169147,-0.008298802814695066
4807,-1.2027861720984034,-0.008298802814695066
4808,-1.2028276778354388,-0.008298802814695066
4809,-1.2028364917930374,-0.008298802814695066
4810,-1.2029014880240836,-0.008298802814695066
4811,-1.2029268380171279,-0.008298802814695066
4812,-1.203072324463371,-0.008298802814695066
4813,-1.20310899935806,-0.008298802814695066
4814,-1.203137761463891,-0.008298802814695066
4815,-1.2033365090441899,-0.008298802814695066
4816,-1.203343252579716,-0.008298802814695066
4817,-1.203365181929984,-0.008298802814695066
4818,-1.2033651876320957,-0.008298802814695066
4819,-1.2033984097659094,-0.008298802814695066
4820,-1.2034106779426021,-0.008298802814695066
4821,-1.2034476296626668,-0.008298802814695066
4822,-1.2038433009666107,-0.008298802814695066
4823,-1.2039727754581753,-0.008298802814695066
4824,-1.2040216802252792,-0.008298802814695066
4825,-1.2040398420954608,-0.008298802814695066
4826,-1.2040501725963229,-0.008298802814695066
4827,-1.2040944316316797,-0.008298802814695066
4828,-1.2041639583931336,-0.008298802814695066
4829,-1.2041870757480289,-0.008298802814695066
4830,-1.2042378277840289,-0.008298802814695066
4831,-1.2043045366826712,-0.008298802814695066
4832,-1.20436819304784,-0.008298802814695066
4833,-1.204391922570554,-0.008298802814695066
4834,-1.2044011971942332,-0.008298802814695066
4835,-1.2044344146297616,-0.008298802814695066
4836,-1.2046496813449075,-0.008298802814695066
4837,-1.2047344170302743,-0.008298802814695066
4838,-1.2047973220339534,-0.008298802814695066
4839,-1.2048339523099687,-0.008298802814695066
4840,-1.204869544589805,-0.008298802814695066
4841,-1.2049111128790286,-0.008298802814695066
4842,-1.2051033860776585,-0.008298802814695066
4843,-1.2051881637188653,-0.008298802814695066
4844,-1.2051924228812214,-0.008298802814695066
4845,-1.2052090551279733,-0.008298802814695066
4846,-1.205291640340341,-0.008298802814695066
4847,-1.2053669031919583,-0.008298802814695066
4848,-1.2054459566213656,-0.008298802814695066
4849,-1.205578863095507,-0.008298802814695066
4850,-1.2056193435903613,-0.008298802814695066
4851,-1.2057142182529947,-0.008298802814695066
4852,-1.2058510408231982,-0.008298802814695066
4853,-1.20590139879236,-0.008298802814695066
4854,-1.2059457588892584,-0.008298802814695066
4855,-1.2059622009851287,-0.008298802814695066
4856,-1.206005903599058,-0.008298802814695066
4857,-1.2060404230540371,-0.008298802814695066
4858,-1.206094060016153,-0.008298802814695066
4859,-1.206142522820778,-0.008298802814695066
4860,-1.2061587071788238,-0.008298802814695066
4861,-1.2061927156715997,-0.008298802814695066
4862,-1.20619487855682,-0.008298802814695066
4863,-1.206215555423682,-0.008298802814695066
4864,-1.2062429841109688,-0.008298802814695066
4865,-1.206253840242968,-0.008298802814695066
4866,-1.2063635369087158,-0.008298802814695066
4867,-1.2065395853932008,-0.008298802814695066
4868,-1.2065933534824655,-0.008298802814695066
4869,-1.206632792486076,-0.008298802814695066
4870,-1.206683877077353,-0.008298802814695066
4871,-1.2067820548417747,-0.008298802814695066
4872,-1.2068252658390748,-0.008298802814695066
4873,-1.2068781467895726,-0.008298802814695066
4874,-1.206893825333405,-0.008298802814695066
4875,-1.207020740125432,-0.008298802814695066
4876,-1.2070767234307282,-0.008298802814695066
4877,-1.207086473419886,-0.008298802814695066
4878,-1.207087463343726,-0.008298802814695066
4879,-1.2071107445541547,-0.008298802814695066
4880,-1.2071982790268185,-0.008298802814695066
4881,-1.2072638814616021,-0.008298802814695066
4882,-1.2072639675973267,-0.008298802814695066
4883,-1.2073492572360642,-0.008298802814695066
4884,-1.207369573747574,-0.008298802814695066
4885,-1.2074539223057685,-0.008298802814695066
4886,-1.2077871421711261,-0.008298802814695066
4887,-1.20786325135788,-0.008298802814695066
4888,-1.2079485669981058,-0.008298802814695066
4889,-1.2080025121200524,-0.008298802814695066
4890,-1.2080572893692576,-0.008298802814695066
4891,-1.2083162942568624,-0.008298802814695066
4892,-1.208368354438392,-0.008298802814695066
4893,-1.208403596728785,-0.008298802814695066
4894,-1.2085510884139157,-0.008298802814695066
4895,-1.20856760693407,-0.008298802814695066
4896,-1.2086314006241936,-0.008298802814695066
4897,-1.208763335092339,-0.008298802814695066
4898,-1.2088359077476727,-0.008298802814695066
4899,-1.2088511489525988,-0.008298802814695066
4900,-1.2088542893954477,-0.008298802814695066
4901,-1.2088550784268073,-0.008298802814695066
4902,-1.2088943637823606,-0.008298802814695066
4903,-1.2089265635270205,-0.008298802814695066
4904,-1.2089970566132833,-0.008298802814695066
4905,-1.2093060377007059,-0.008298802814695066
4906,-1.2093093366735288,-0.008298802814695066
4907,-1.209325476021652,-0.008298802814695066
4908,-1.209447653788541,-0.008298802814695066
4909,-1.2095216763004455,-0.008298802814695066
4910,-1.2095709537017938,-0.008298802814695066
4911,-1.2095730199309775,-0.008298802814695066
4912,-1.2096176417609086,-0.008298802814695066
4913,-1.209626745373214,-0.008298802814695066
4914,-1.2096475252704482,-0.008298802814695066
4915,-1.2098971793667546,-0.008298802814695066
4916,-1.2099953749883616,-0.008298802814695066
4917,-1.2103877940683785,-0.008298802814695066
4918,-1.210447469554695,-0.008298802814695066
4919,-1.2106888613274314,-0.008298802814695066
4920,-1.2108187690340273,-0.008298802814695066
4921,-1.2108245129274904,-0.008298802814695066
4922,-1.2109276458438138,-0.008298802814695066
4923,-1.2109953271934695,-0.008298802814695066
4924,-1.2110598144991531,-0.008298802814695066
4925,-1.2110830153907417,-0.008298802814695066
4926,-1.211096910433334,-0.008298802814695066
4927,-1.2111550741759143,-0.008298802814695066
4928,-1.211312979033827,-0.008298802814695066
4929,-1.2114366727494503,-0.008298802814695066
4930,-1.2115262921402383,-0.008298802814695066
4931,-1.2115669977785328,-0.008298802814695066
4932,-1.2115761697875755,-0.008298802814695066
4933,-1.2115980889969094,-0.008298802814695066
4934,-1.2117334323800062,-0.008298802814695066
4935,-1.211737481395587,-0.008298802814695066
4936,-1.2117472498229738,-0.008298802814695066
4937,-1.2117703746065451,-0.008298802814695066
4938,-1.211815645165399,-0.008298802814695066
4939,-1.2118456726290783,-0.008298802814695066
4940,-1.2118676058181301,-0.008298802814695066
4941,-1.211881055745897,-0.008298802814695066
4942,-1.2118851735297453,-0.008298802814695066
4943,-1.2118972437315065,-0.008298802814695066
4944,-1.211988099729696,-0.008298802814695066
4945,-1.2120323940012747,-0.008298802814695066
4946,-1.2120353794794632,-0.008298802814695066
4947,-1.2120979543192063,-0.008298802814695066
4948,-1.2121831197936668,-0.008298802814695066
4949,-1.2123106457750659,-0.008298802814695066
4950,-1.2123632903883785,-0.008298802814695066
4951,-1.2126053792882494,-0.008298802814695066
4952,-1.2127015696842294,-0.008298802814695066
4953,-1.212721777307799,-0.008298802814695066
4954,-1.2128498836755677,-0.008298802814695066
4955,-1.2130006001998426,-0.008298802814695066
4956,-1.2130198587705785,-0.008298802814695066
4957,-1.2132628032362032,-0.008298802814695066
4958,-1.2132659371031653,-0.008298802814695066
4959,-1.2136278404403291,-0.008298802814695066
4960,-1.213638945270962,-0.008298802814695066
4961,-1.2136463776903992,-0.008298802814695066
4962,-1.2136849785756845,-0.008298802814695066
4963,-1.2138028842882413,-0.008298802814695066
4964,-1.2138282865751786,-0.008298802814695066
4965,-1.2138460590384603,-0.008298802814695066
4966,-1.2138994657676396,-0.008298802814695066
4967,-1.2139920087764928,-0.008298802814695066
4968,-1.2140306637724412,-0.008298802814695066
4969,-1.21413287585419,-0.008298802814695066
4970,-1.2142394386360678,-0.008298802814695066
4971,-1.214314422272215,-0.008298802814695066
4972,-1.2144054445201264,-0.008298802814695066
4973,-1.2145870988451442,-0.008298802814695066
4974,-1.2145892435603327,-0.008298802814695066
4975,-1.2145938104404985,-0.008298802814695066
4976,-1.2146533730933682,-0.008298802814695066
4977,-1.2147079777437273,-0.008298802814695066
4978,-1.2147894591629904,-0.008298802814695066
4979,-1.2149854629017558,-0.008298802814695066
4980,-1.2151605599960709,-0.008298802814695066
4981,-1.2151996836261563,-0.008298802814695066
4982,-1.2152266130601759,-0.008298802814695066
4983,-1.2152710349170182,-0.008298802814695066
4984,-1.2153061984799143,-0.008298802814695066
4985,-1.2153679290236972,-0.008298802814695066
4986,-1.2154769029969832,-0.008298802814695066
4987,-1.2156642004075122,-0.008298802814695066
4988,-1.2157190881114457,-0.008298802814695066
4989,-1.2157355413230617,-0.008298802814695066
4990,-1.2158081666701073,-0.008298802814695066
4991,-1.2159400982949502,-0.008298802814695066
4992,-1.2159876001268688,-0.008298802814695066
4993,-1.2160039557250877,-0.008298802814695066
4994,-1.2163034650924427,-0.008298802814695066
4995,-1.2164178120177536,-0.008298802814695066
4996,-1.2164760100728924,-0.008298802814695066
4997,-1.2164817366978142,-0.008298802814695066
4998,-1.2166488843373737,-0.008298802814695066
4999,-1.2166512873468422,-0.008298802814695066
5000,-1.216762338559749,-0.008298802814695066
5001,-1.2168460249493451,-0.008298802814695066
5002,-1.216907974772295,-0.008298802814695066
5003,-1.2169251349343144,-0.008298802814695066
5004,-1.2169407568389188,-0.008298802814695066
5005,-1.217095766603222,-0.008298802814695066
5006,-1.217134806800854,-0.008298802814695066
5007,-1.2171556904454632,-0.008298802814695066
5008,-1.2171719924350324,-0.008298802814695066
5009,-1.2172039453015622,-0.008298802814695066
5010,-1.217276211228144,-0.008298802814695066
5011,-1.2172888282891743,-0.008298802814695066
5012,-1.217306066350283,-0.008298802814695066
5013,-1.2173553159796262,-0.008298802814695066
5014,-1.2174795269435823,-0.008298802814695066
5015,-1.2175123012648585,-0.008298802814695066
5016,-1.2175603798195842,-0.008298802814695066
5017,-1.2176070655136066,-0.008298802814695066
5018,-1.2176218182359566,-0.008298802814695066
5019,-1.2176448239723574,-0.008298802814695066
5020,-1.2176751686993976,-0.008298802814695066
5021,-1.2177949680941498,-0.008298802814695066
5022,-1.2178251361025005,-0.008298802814695066
5023,-1.2179930929411846,-0.008298802814695066
5024,-1.21810428094909,-0.008298802814695066
5025,-1.2181578373037667,-0.008298802814695066
5026,-1.218166196928506,-0.008298802814695066
5027,-1.2182245934915872,-0.008298802814695066
5028,-1.2182932321913134,-0.008298802814695066
5029,-1.2183514796211623,-0.008298802814695066
5030,-1.2185850096499262,-0.008298802814695066
5031,-1.2186225866320308,-0.008298802814695066
5032,-1.2187189659196376,-0.008298802814695066
5033,-1.2187568475085748,-0.008298802814695066
5034,-1.21888477129272,-0.008298802814695066
5035,-1.2188929036734895,-0.008298802814695066
5036,-1.218912644808235,-0.008298802814695066
5037,-1.218948082082798,-0.008298802814695066
5038,-1.2193642263571132,-0.008298802814695066
5039,-1.2194018396711044,-0.008298802814695066
5040,-1.2194512704536067,-0.008298802814695066
5041,-1.219551297067178,-0.008298802814695066
5042,-1.219620428056393,-0.008298802814695066
5043,-1.2196314130531443,-0.008298802814695066
5044,-1.2198722312201302,-0.008298802814695066
5045,-1.2200035651462158,-0.008298802814695066
5046,-1.2200248668089155,-0.008298802814695066
5047,-1.220124348991221,-0.008298802814695066
5048,-1.220231355971331,-0.008298802814695066
5049,-1.2203351743807662,-0.008298802814695066
5050,-1.2204991244605012,-0.008298802814695066
5051,-1.2205665945337816,-0.008298802814695066
5052,-1.2206034484427262,-0.008298802814695066
5053,-1.2206855563929908,-0.008298802814695066
5054,-1.2208468913488164,-0.008298802814695066
5055,-1.220913790534738,-0.008298802814695066
5056,-1.2209564469054444,-0.008298802814695066
5057,-1.2209648461420821,-0.008298802814695066
5058,-1.221000085197009,-0.008298802814695066
5059,-1.2210089411343787,-0.008298802814695066
5060,-1.2211240998141124,-0.008298802814695066
5061,-1.22114518991414,-0.008298802814695066
5062,-1.2211664413550012,-0.008298802814695066
5063,-1.221175246100416,-0.008298802814695066
5064,-1.2213448189135139,-0.008298802814695066
5065,-1.221409524424089,-0.008298802814695066
5066,-1.2214550919058633,-0.008298802814695066
5067,-1.221473986637371,-0.008298802814695066
5068,-1.2214759421289245,-0.008298802814695066
5069,-1.2215942743563724,-0.008298802814695066
5070,-1.2216615395134696,-0.008298802814695066
5071,-1.2216659281938869,-0.008298802814695066
5072,-1.2217278714537771,-0.008298802814695066
5073,-1.2220854097505294,-0.008298802814695066
5074,-1.2221556476306699,-0.008298802814695066
5075,-1.2221812609994165,-0.008298802814695066
5076,-1.2222246218896862,-0.008298802814695066
5077,-1.2223780952319616,-0.008298802814695066
5078,-1.2224408807290947,-0.008298802814695066
5079,-1.2224509630578664,-0.008298802814695066
5080,-1.2224827617911027,-0.008298802814695066
5081,-1.222593577846228,-0.008298802814695066
5082,-1.2227350747072063,-0.008298802814695066
5083,-1.2232241592739421,-0.008298802814695066
5084,-1.2232351584884986,-0.008298802814695066
5085,-1.2233584447193087,-0.008298802814695066
5086,-1.2234044696088109,-0.008298802814695066
5087,-1.2235755160733082,-0.008298802814695066
5088,-1.2235966830062661,-0.008298802814695066
5089,-1.2236098149889432,-0.008298802814695066
5090,-1.2236696768282656,-0.008298802814695066
5091,-1.2237245342704535,-0.008298802814695066
5092,-1.2237558653271106,-0.008298802814695066
5093,-1.2237904828278292,-0.008298802814695066
5094,-1.2238507010643551,-0.008298802814695066
5095,-1.2238741235099104,-0.008298802814695066
5096,-1.223874276241911,-0.008298802814695066
5097,-1.2239823398181913,-0.008298802814695066
5098,-1.224008510126462,-0.008298802814695066
5099,-1.2241635391165853,-0.008298802814695066
5100,-1.2242554315308039,-0.008298802814695066
5101,-1.2242848601361,-0.008298802814695066
5102,-1.2243079984671406,-0.008298802814695066
5103,-1.224362880582039,-0.008298802814695066
5104,-1.2243724298980656,-0.008298802814695066
5105,-1.224487577865325,-0.008298802814695066
5106,-1.2245912440311135,-0.008298802814695066
5107,-1.2246290042758812,-0.008298802814695066
5108,-1.2246660506496276,-0.008298802814695066
5109,-1.2249227460778696,-0.008298802814695066
5110,-1.2249519572053553,-0.008298802814695066
5111,-1.224966927790848,-0.008298802814695066
5112,-1.225047226757584,-0.008298802814695066
5113,-1.2251700934640204,-0.008298802814695066
5114,-1.2251711834605743,-0.008298802814695066
5115,-1.225261811074763,-0.008298802814695066
5116,-1.2254767943309188,-0.008298802814695066
5117,-1.2255081803039047,-0.008298802814695066
5118,-1.2255139738932108,-0.008298802814695066
5119,-1.2255307123150128,-0.008298802814695066
5120,-1.225578955629147,-0.008298802814695066
5121,-1.2255888332306426,-0.008298802814695066
5122,-1.2256762151052232,-0.008298802814695066
5123,-1.2256982659030449,-0.008298802814695066
5124,-1.2257402983017625,-0.008298802814695066
5125,-1.2257515359063658,-0.008298802814695066
5126,-1.225767143462746,-0.008298802814695066
5127,-1.2257838949575703,-0.008298802814695066
5128,-1.2258572728358694,-0.008298802814695066
5129,-1.2258960098654128,-0.008298802814695066
5130,-1.2259198196662406,-0.008298802814695066
5131,-1.2259323123985844,-0.008298802814695066
5132,-1.22603355776478,-0.008298802814695066
5133,-1.2260691059355948,-0.008298802814695066
5134,-1.226078366801778,-0.008298802814695066
5135,-1.2261232812634844,-0.008298802814695066
5136,-1.226123281609447,-0.008298802814695066
5137,-1.22613605806372,-0.008298802814695066
5138,-1.226236772470034,-0.008298802814695066
5139,-1.226259533745631,-0.008298802814695066
5140,-1.2263061274569798,-0.008298802814695066
5141,-1.226405327060469,-0.008298802814695066
5142,-1.2264326495796507,-0.008298802814695066
5143,-1.2264583071907458,-0.008298802814695066
5144,-1.2264595999247039,-0.008298802814695066
5145,-1.2265020024284687,-0.008298802814695066
5146,-1.2266118104697865,-0.008298802814695066
5147,-1.2266183595024185,-0.008298802814695066
5148,-1.2266421317281562,-0.008298802814695066
5149,-1.2267506782560442,-0.008298802814695066
5150,-1.226872521413259,-0.008298802814695066
5151,-1.2269749307530784,-0.008298802814695066
5152,-1.227147581362947,-0.008298802814695066
5153,-1.227214486324475,-0.008298802814695066
5154,-1.227326241275624,-0.008298802814695066
5155,-1.227388470789403,-0.008298802814695066
5156,-1.22741594225809,-0.008298802814695066
5157,-1.2274898217522623,-0.008298802814695066
5158,-1.2275353177547406,-0.008298802814695066
5159,-1.227575461850812,-0.008298802814695066
5160,-1.2276539595295963,-0.008298802814695066
5161,-1.22770704082677,-0.008298802814695066
5162,-1.227720638633313,-0.008298802814695066
5163,-1.2277249932383467,-0.008298802814695066
5164,-1.2277569576336045,-0.008298802814695066
5165,-1.2278212609764465,-0.008298802814695066
5166,-1.2279136158952626,-0.008298802814695066
5167,-1.228037585135228,-0.008298802814695066
5168,-1.2280603225592137,-0.008298802814695066
5169,-1.2281153508528035,-0.008298802814695066
5170,-1.2281251527656536,-0.008298802814695066
5171,-1.228201150402025,-0.008298802814695066
5172,-1.228393507082818,-0.008298802814695066
5173,-1.2284094149731137,-0.008298802814695066
5174,-1.228412058431555,-0.008298802814695066
5175,-1.2284502279581304,-0.008298802814695066
5176,-1.2285345715154348,-0.008298802814695066
5177,-1.228612098688159,-0.008298802814695066
5178,-1.228663063571593,-0.008298802814695066
5179,-1.2286730257929426,-0.008298802814695066
5180,-1.2287546279766366,-0.008298802814695066
5181,-1.228825398680823,-0.008298802814695066
5182,-1.2288926734259022,-0.008298802814695066
5183,-1.2289859822102296,-0.008298802814695066
5184,-1.2290212978110733,-0.008298802814695066
5185,-1.229145591974838,-0.008298802814695066
5186,-1.2291469583432102,-0.008298802814695066
5187,-1.2292119073793804,-0.008298802814695066
5188,-1.2292537849897431,-0.008298802814695066
5189,-1.2292962112828352,-0.008298802814695066
5190,-1.2293183183976975,-0.008298802814695066
5191,-1.229336679881269,-0.008298802814695066
5192,-1.2293432315645147,-0.008298802814695066
5193,-1.2293440586974858,-0.008298802814695066
5194,-1.2293657653067223,-0.008298802814695066
5195,-1.2294510926950803,-0.008298802814695066
5196,-1.2294906518175595,-0.008298802814695066
5197,-1.2295287132273507,-0.008298802814695066
5198,-1.2295578398321063,-0.008298802814695066
5199,-1.2295836835006348,-0.008298802814695066
5200,-1.229636506016462,-0.008298802814695066
5201,-1.229667912367785,-0.008298802814695066
5202,-1.2296771369612391,-0.008298802814695066
5203,-1.2297198345295481,-0.008298802814695066
5204,-1.2297295385647853,-0.008298802814695066
5205,-1.2298597431152087,-0.008298802814695066
5206,-1.2298799500683069,-0.008298802814695066
5207,-1.2299579698707466,-0.008298802814695066
5208,-1.2300874523158072,-0.008298802814695066
5209,-1.2303221986290291,-0.008298802814695066
5210,-1.2304789223905435,-0.008298802814695066
5211,-1.230522741199239,-0.008298802814695066
5212,-1.230569548100569,-0.008298802814695066
5213,-1.230580067802593,-0.008298802814695066
5214,-1.2306288328574615,-0.008298802814695066
5215,-1.2306336533401052,-0.008298802814695066
5216,-1.230698426334604,-0.008298802814695066
5217,-1.2308007010458144,-0.008298802814695066
5218,-1.2309571605555225,-0.008298802814695066
5219,-1.2309951780367656,-0.008298802814695066
5220,-1.2310629468779268,-0.008298802814695066
5221,-1.231171382198828,-0.008298802814695066
5222,-1.2313836727009866,-0.008298802814695066
5223,-1.231461191619258,-0.008298802814695066
5224,-1.2315858395783623,-0.008298802814695066
5225,-1.2315989405001444,-0.008298802814695066
5226,-1.2317424360907436,-0.008298802814695066
5227,-1.2317528841012508,-0.008298802814695066
5228,-1.231832623182089,-0.008298802814695066
5229,-1.231902253720535,-0.008298802814695066
5230,-1.2319323874547972,-0.008298802814695066
5231,-1.2319450917819532,-0.008298802814695066
5232,-1.2320021408280009,-0.008298802814695066
5233,-1.2320851373900923,-0.008298802814695066
5234,-1.2322607309214069,-0.008298802814695066
5235,-1.2322825665392085,-0.008298802814695066
5236,-1.2324262369365209,-0.008298802814695066
5237,-1.2326679237990428,-0.008298802814695066
5238,-1.2326710447219436,-0.008298802814695066
5239,-1.232695723779148,-0.008298802814695066
5240,-1.232773570860809,-0.008298802814695066
5241,-1.2328351761709062,-0.008298802814695066
5242,-1.2328609681393004,-0.008298802814695066
5243,-1.2329751403465856,-0.008298802814695066
5244,-1.2329827306687742,-0.008298802814695066
5245,-1.233034738415935,-0.008298802814695066
5246,-1.2330780842737843,-0.008298802814695066
5247,-1.2332607886391291,-0.008298802814695066
5248,-1.2333815201955978,-0.008298802814695066
5249,-1.2333991690807855,-0.008298802814695066
5250,-1.2334065157841323,-0.008298802814695066
5251,-1.2334136231177613,-0.008298802814695066
5252,-1.2334271333259468,-0.008298802814695066
5253,-1.2334653583114303,-0.008298802814695066
5254,-1.2334739353691881,-0.008298802814695066
5255,-1.2335451138109619,-0.008298802814695066
5256,-1.2336162186223643,-0.008298802814695066
5257,-1.2336194181479945,-0.008298802814695066
5258,-1.2336377442170858,-0.008298802814695066
5259,-1.2336974878120113,-0.008298802814695066
5260,-1.2337912356804268,-0.008298802814695066
5261,-1.233800242445032,-0.008298802814695066
5262,-1.2338143848162644,-0.008298802814695066
5263,-1.2338462038652456,-0.008298802814695066
5264,-1.233855379776195,-0.008298802814695066
5265,-1.2339324800690354,-0.008298802814695066
5266,-1.2339517294339688,-0.008298802814695066
5267,-1.233968039437833,-0.008298802814695066
5268,-1.2339711155615996,-0.008298802814695066
5269,-1.2340097840409139,-0.008298802814695066
5270,-1.2340723817290393,-0.008298802814695066
5271,-1.2341367036353876,-0.008298802814695066
5272,-1.2341687451804275,-0.008298802814695066
5273,-1.2342093430307242,-0.008298802814695066
5274,-1.2342133752854185,-0.008298802814695066
5275,-1.2342158366009002,-0.008298802814695066
5276,-1.2342225999073564,-0.008298802814695066
5277,-1.23424833846766,-0.008298802814695066
5278,-1.234265292479711,-0.008298802814695066
5279,-1.234280283560631,-0.008298802814695066
5280,-1.2343775305345674,-0.008298802814695066
5281,-1.2344021296480445,-0.008298802814695066
5282,-1.234479905555974,-0.008298802814695066
5283,-1.2344822012498138,-0.008298802814695066
5284,-1.2345572661357216,-0.008298802814695066
5285,-1.23456209202249,-0.008298802814695066
5286,-1.2345681113253077,-0.008298802814695066
5287,-1.234589363894921,-0.008298802814695066
5288,-1.234627706577319,-0.008298802814695066
5289,-1.2346560243224012,-0.008298802814695066
5290,-1.2347116551245385,-0.008298802814695066
5291,-1.2348015128748941,-0.008298802814695066
5292,-1.2350247424424243,-0.008298802814695066
5293,-1.2350579754599829,-0.008298802814695066
5294,-1.2350625703530644,-0.008298802814695066
5295,-1.2350774703022371,-0.008298802814695066
5296,-1.2351181384016887,-0.008298802814695066
5297,-1.2352016122972413,-0.008298802814695066
5298,-1.235220823371518,-0.008298802814695066
5299,-1.2352906995331692,-0.008298802814695066
5300,-1.235368409177465,-0.008298802814695066
5301,-1.2355278896294155,-0.008298802814695066
5302,-1.2356147739254317,-0.008298802814695066
5303,-1.2356469372595895,-0.008298802814695066
5304,-1.235687618720714,-0.008298802814695066
5305,-1.235780579835113,-0.008298802814695066
5306,-1.2358308022214999,-0.008298802814695066
5307,-1.2358552538389063,-0.008298802814695066
5308,-1.2358943709407657,-0.008298802814695066
5309,-1.2359002852565997,-0.008298802814695066
5310,-1.2359915744340138,-0.008298802814695066
5311,-1.2360487244701035,-0.008298802814695066
5312,-1.2361322254321352,-0.008298802814695066
5313,-1.2361348931264953,-0.008298802814695066
5314,-1.2361812627167903,-0.008298802814695066
5315,-1.2363459543112458,-0.008298802814695066
5316,-1.2364120962021579,-0.008298802814695066
5317,-1.2364851379184587,-0.008298802814695066
5318,-1.2365434402061048,-0.008298802814695066
5319,-1.2366785915663594,-0.008298802814695066
5320,-1.2367493265537024,-0.008298802814695066
5321,-1.236786258731176,-0.008298802814695066
5322,-1.2369497118815345,-0.008298802814695066
5323,-1.237027245826567,-0.008298802814695066
5324,-1.2371024603144356,-0.008298802814695066
5325,-1.2372108775513417,-0.008298802814695066
5326,-1.237226612652702,-0.008298802814695066
5327,-1.2372332156350514,-0.008298802814695066
5328,-1.2373339211845482,-0.008298802814695066
5329,-1.2374163616587484,-0.008298802814695066
5330,-1.2375198976980046,-0.008298802814695066
5331,-1.2376784322375884,-0.008298802814695066
5332,-1.2376791066082802,-0.008298802814695066
5333,-1.2377163208019015,-0.008298802814695066
5334,-1.2377510492908976,-0.008298802814695066
5335,-1.238149399792988,-0.008298802814695066
5336,-1.2381579192103165,-0.008298802814695066
5337,-1.238166037093067,-0.008298802814695066
5338,-1.2381696130106277,-0.008298802814695066
5339,-1.2381895688238571,-0.008298802814695066
5340,-1.2383472848684918,-0.008298802814695066
5341,-1.2383618403592964,-0.008298802814695066
5342,-1.238394630111526,-0.008298802814695066
5343,-1.2384207479648728,-0.008298802814695066
5344,-1.2384433962032928,-0.008298802814695066
5345,-1.2384455907997778,-0.008298802814695066
5346,-1.2384635199273446,-0.008298802814695066
5347,-1.2384675967600431,-0.008298802814695066
5348,-1.2384899478960916,-0.008298802814695066
5349,-1.2384927489824666,-0.008298802814695066
5350,-1.238665383502824,-0.008298802814695066
5351,-1.2386814288067827,-0.008298802814695066
5352,-1.2387441859178774,-0.008298802814695066
5353,-1.2387580705684313,-0.008298802814695066
5354,-1.2387652449764723,-0.008298802814695066
5355,-1.23877250559787,-0.008298802814695066
5356,-1.23879778975224,-0.008298802814695066
5357,-1.23883865120419,-0.008298802814695066
5358,-1.2388798767067897,-0.008298802814695066
5359,-1.2388828270035424,-0.008298802814695066
5360,-1.2388967147595589,-0.008298802814695066
5361,-1.2388994974072571,-0.008298802814695066
5362,-1.2389042728530337,-0.008298802814695066
5363,-1.2389370825667498,-0.008298802814695066
5364,-1.2389812005676515,-0.008298802814695066
5365,-1.2390379993066007,-0.008298802814695066
5366,-1.239048193882944,-0.008298802814695066
5367,-1.239088832615982,-0.008298802814695066
5368,-1.23916127971884,-0.008298802814695066
5369,-1.2391806218268488,-0.008298802814695066
5370,-1.2391866242127267,-0.008298802814695066
5371,-1.239187647442905,-0.008298802814695066
5372,-1.2392561680399374,-0.008298802814695066
5373,-1.2393695612131923,-0.008298802814695066
5374,-1.2395183376890198,-0.008298802814695066
5375,-1.2396280869927914,-0.008298802814695066
5376,-1.2396451205856613,-0.008298802814695066
5377,-1.2397062664998622,-0.008298802814695066
5378,-1.2397378649696598,-0.008298802814695066
5379,-1.2398736933934766,-0.008298802814695066
5380,-1.2398933032450228,-0.008298802814695066
5381,-1.239897625077237,-0.008298802814695066
5382,-1.2399831777974302,-0.008298802814695066
5383,-1.23999713514806,-0.008298802814695066
5384,-1.2400206575290644,-0.008298802814695066
5385,-1.2400792475202198,-0.008298802814695066
5386,-1.2401174838064182,-0.008298802814695066
5387,-1.2401717970038244,-0.008298802814695066
5388,-1.240172992503503,-0.008298802814695066
5389,-1.2402975246822763,-0.008298802814695066
5390,-1.240313253089652,-0.008298802814695066
5391,-1.2405221459562519,-0.008298802814695066
5392,-1.2405675428956418,-0.008298802814695066
5393,-1.2405765703658735,-0.008298802814695066
5394,-1.2405933174866446,-0.008298802814695066
5395,-1.2406012117417133,-0.008298802814695066
5396,-1.2406219746627345,-0.008298802814695066
5397,-1.2406827914259102,-0.008298802814695066
5398,-1.2406828228464757,-0.008298802814695066
5399,-1.2407938409423407,-0.008298802814695066
5400,-1.240816407884613,-0.008298802814695066
5401,-1.2409532498177718,-0.008298802814695066
5402,-1.2409579174735341,-0.008298802814695066
5403,-1.240963132278604,-0.008298802814695066
5404,-1.2409853426908592,-0.008298802814695066
5405,-1.2409937111975744,-0.008298802814695066
5406,-1.2409975583651316,-0.008298802814695066
5407,-1.2410018704677324,-0.008298802814695066
5408,-1.2410437109573262,-0.008298802814695066
5409,-1.2410445279824733,-0.008298802814695066
5410,-1.241073518479675,-0.008298802814695066
5411,-1.2410897237970526,-0.008298802814695066
5412,-1.241141080921682,-0.008298802814695066
5413,-1.2411598548853453,-0.008298802814695066
5414,-1.2412022901224282,-0.008298802814695066
5415,-1.2412357921411763,-0.008298802814695066
5416,-1.2414371664210955,-0.008298802814695066
5417,-1.2414633067556584,-0.008298802814695066
5418,-1.2415073206587937,-0.008298802814695066
5419,-1.2415148253079464,-0.008298802814695066
5420,-1.2415389499516878,-0.008298802814695066
5421,-1.2415624437663064,-0.008298802814695066
5422,-1.2415812164343047,-0.008298802814695066
5423,-1.2415824021812256,-0.008298802814695066
5424,-1.2416420306678504,-0.008298802814695066
5425,-1.2416498451024316,-0.008298802814695066
5426,-1.2416833533482614,-0.008298802814695066
5427,-1.241685691617883,-0.008298802814695066
5428,-1.241728103719455,-0.008298802814695066
5429,-1.2417731452396878,-0.008298802814695066
5430,-1.2417949987205892,-0.008298802814695066
5431,-1.2418214102889733,-0.008298802814695066
5432,-1.2418580116720974,-0.008298802814695066
5433,-1.241864778307339,-0.008298802814695066
5434,-1.2419272669924954,-0.008298802814695066
5435,-1.2419273938771669,-0.008298802814695066
5436,-1.2419325276553743,-0.008298802814695066
5437,-1.2419427514865502,-0.008298802814695066
5438,-1.241963251174498,-0.008298802814695066
5439,-1.2419659228511455,-0.008298802814695066
5440,-1.242028283876989,-0.008298802814695066
5441,-1.2420485646733945,-0.008298802814695066
5442,-1.2420564035146349,-0.008298802814695066
5443,-1.2420583568562025,-0.008298802814695066
5444,-1.24216062779111,-0.008298802814695066
5445,-1.2422231010318794,-0.008298802814695066
5446,-1.242240105882373,-0.008298802814695066
5447,-1.2422597246419105,-0.008298802814695066
5448,-1.2422781898508513,-0.008298802814695066
5449,-1.2422871233454165,-0.008298802814695066
5450,-1.2423290780760836,-0.008298802814695066
5451,-1.2423415583264683,-0.008298802814695066
5452,-1.2423598730387173,-0.008298802814695066
5453,-1.2423793877380116,-0.008298802814695066
5454,-1.2423950862014936,-0.008298802814695066
5455,-1.242414661834947,-0.008298802814695066
5456,-1.2424154260618705,-0.008298802814695066
5457,-1.2424425705585844,-0.008298802814695066
5458,-1.242454861490138,-0.008298802814695066
5459,-1.2425049147377183,-0.008298802814695066
5460,-1.2425250584908754,-0.008298802814695066
5461,-1.2426269425303107,-0.008298802814695066
5462,-1.242653284439368,-0.008298802814695066
5463,-1.2426774400824787,-0.008298802814695066
5464,-1.2427345743019271,-0.008298802814695066
5465,-1.2427871550751415,-0.008298802814695066
5466,-1.2428147664180103,-0.008298802814695066
5467,-1.2428519969754734,-0.008298802814695066
5468,-1.242910428927965,-0.008298802814695066
5469,-1.2429242473050541,-0.008298802814695066
5470,-1.2430785406100906,-0.008298802814695066
5471,-1.243101015052464,-0.008298802814695066
5472,-1.2431501125246123,-0.008298802814695066
5473,-1.2431759913977298,-0.008298802814695066
5474,-1.2431910857460005,-0.008298802814695066
5475,-1.2432139249161265,-0.008298802814695066
5476,-1.2432700037536488,-0.008298802814695066
5477,-1.243294070517893,-0.008298802814695066
5478,-1.2433381390412501,-0.008298802814695066
5479,-1.2433515613479837,-0.008298802814695066
5480,-1.2433585466880572,-0.008298802814695066
5481,-1.2433747684973602,-0.008298802814695066
5482,-1.2434068985068782,-0.008298802814695066
5483,-1.2434207172884775,-0.008298802814695066
5484,-1.2434917360239788,-0.008298802814695066
5485,-1.2435057611686071,-0.008298802814695066
5486,-1.2435313785745772,-0.008298802814695066
5487,-1.2435354022564,-0.008298802814695066
5488,-1.243634313248195,-0.008298802814695066
5489,-1.2437643409146375,-0.008298802814695066
5490,-1.2437784280736823,-0.008298802814695066
5491,-1.2438077989441734,-0.008298802814695066
5492,-1.2438881047443848,-0.008298802814695066
5493,-1.2439194211002964,-0.008298802814695066
5494,-1.243934966191572,-0.008298802814695066
5495,-1.243950862748404,-0.008298802814695066
5496,-1.2439541395401952,-0.008298802814695066
5497,-1.243995762531143,-0.008298802814695066
5498,-1.2440825239785451,-0.008298802814695066
5499,-1.2440851726408992,-0.008298802814695066
5500,-1.2441155036560567,-0.008298802814695066
5501,-1.2441217788280086,-0.008298802814695066
5502,-1.244150880727228,-0.008298802814695066
5503,-1.244161457756993,-0.008298802814695066
5504,-1.244223067817296,-0.008298802814695066
5505,-1.2442898320057716,-0.008298802814695066
5506,-1.2443115109229228,-0.008298802814695066
5507,-1.2443230216805419,-0.008298802814695066
5508,-1.244365042258698,-0.008298802814695066
5509,-1.2443786032194593,-0.008298802814695066
5510,-1.2443811085765395,-0.008298802814695066
5511,-1.2444159415765579,-0.008298802814695066
5512,-1.2444516637419691,-0.008298802814695066
5513,-1.244469448605357,-0.008298802814695066
5514,-1.2444758058825283,-0.008298802814695066
5515,-1.2444779531374324,-0.008298802814695066
5516,-1.2445246099905134,-0.008298802814695066
5517,-1.2446088630510956,-0.008298802814695066
5518,-1.244644166348864,-0.008298802814695066
5519,-1.2446659828209614,-0.008298802814695066
5520,-1.2447127310948027,-0.008298802814695066
5521,-1.2448214734768992,-0.008298802814695066
5522,-1.2448300660075624,-0.008298802814695066
5523,-1.2448399952412346,-0.008298802814695066
5524,-1.244842552119388,-0.008298802814695066
5525,-1.2449002758618617,-0.008298802814695066
5526,-1.2449175185886836,-0.008298802814695066
5527,-1.244930905531867,-0.008298802814695066
5528,-1.2450695950210708,-0.008298802814695066
5529,-1.2451510507392516,-0.008298802814695066
5530,-1.245155295264004,-0.008298802814695066
5531,-1.2452162173000292,-0.008298802814695066
5532,-1.245231061074705,-0.008298802814695066
5533,-1.2453150069320917,-0.008298802814695066
5534,-1.2453814518447146,-0.008298802814695066
5535,-1.2454240765860867,-0.008298802814695066
5536,-1.245459487888986,-0.008298802814695066
5537,-1.2454716631601037,-0.008298802814695066
5538,-1.245483025315492,-0.008298802814695066
5539,-1.2455701622322861,-0.008298802814695066
5540,-1.245628075244762,-0.008298802814695066
5541,-1.2456564467115772,-0.008298802814695066
5542,-1.245771591147828,-0.008298802814695066
5543,-1.2458539585506476,-0.008298802814695066
5544,-1.245884523773153,-0.008298802814695066
5545,-1.2459350632597568,-0.008298802814695066
5546,-1.246124827448559,-0.008298802814695066
5547,-1.2461494643361735,-0.008298802814695066
5548,-1.2461600490093097,-0.008298802814695066
5549,-1.2461973687568342,-0.008298802814695066
5550,-1.246222109358217,-0.008298802814695066
5551,-1.2462338621075428,-0.008298802814695066
5552,-1.2463314790858724,-0.008298802814695066
5553,-1.2463391528928172,-0.008298802814695066
5554,-1.2463581431390973,-0.008298802814695066
5555,-1.2463906805789644,-0.008298802814695066
5556,-1.246409709921935,-0.008298802814695066
5557,-1.2464429976009157,-0.008298802814695066
5558,-1.2464602097757453,-0.008298802814695066
5559,-1.2465274910688424,-0.008298802814695066
5560,-1.2466075592233956,-0.008298802814695066
5561,-1.2466205273893807,-0.008298802814695066
5562,-1.2467240842895624,-0.008298802814695066
5563,-1.2467743534848907,-0.008298802814695066
5564,-1.246781362950189,-0.008298802814695066
5565,-1.246803754445391,-0.008298802814695066
5566,-1.2468159750411685,-0.008298802814695066
5567,-1.2468415837841118,-0.008298802814695066
5568,-1.246849060331337,-0.008298802814695066
5569,-1.246870218706768,-0.008298802814695066
5570,-1.2469046676670086,-0.008298802814695066
5571,-1.2469274945819606,-0.008298802814695066
5572,-1.2470319528706606,-0.008298802814695066
5573,-1.247111270969682,-0.008298802814695066
5574,-1.2471355214420154,-0.008298802814695066
5575,-1.2472352618216036,-0.008298802814695066
5576,-1.2472623973387031,-0.008298802814695066
5577,-1.2473020718750885,-0.008298802814695066
5578,-1.247316638551034,-0.008298802814695066
5579,-1.247328963342198,-0.008298802814695066
5580,-1.2473364936275892,-0.008298802814695066
5581,-1.2473647934542034,-0.008298802814695066
5582,-1.2473658513654824,-0.008298802814695066
5583,-1.2473700020254657,-0.008298802814695066
5584,-1.2474256839391515,-0.008298802814695066
5585,-1.2474408481627624,-0.008298802814695066
5586,-1.2474515930256072,-0.008298802814695066
5587,-1.2474543341972901,-0.008298802814695066
5588,-1.2474698872200705,-0.008298802814695066
5589,-1.2474710674811922,-0.008298802814695066
5590,-1.2476021130483452,-0.008298802814695066
5591,-1.2476241319682493,-0.008298802814695066
5592,-1.2476477901823584,-0.008298802814695066
5593,-1.2476629870121023,-0.008298802814695066
5594,-1.2476886585706355,-0.008298802814695066
5595,-1.2476959031429806,-0.008298802814695066
5596,-1.247748045278993,-0.008298802814695066
5597,-1.2477882512002922,-0.008298802814695066
5598,-1.2478190433160332,-0.008298802814695066
5599,-1.2479592250899656,-0.008298802814695066
5600,-1.2479802915111833,-0.008298802814695066
5601,-1.2479961419562124,-0.008298802814695066
5602,-1.2480229572907084,-0.008298802814695066
5603,-1.248031451737315,-0.008298802814695066
5604,-1.2480366187381904,-0.008298802814695066
5605,-1.2480385036739823,-0.008298802814695066
5606,-1.2481337262520296,-0.008298802814695066
5607,-1.248136822337196,-0.008298802814695066
5608,-1.2481378596128763,-0.008298802814695066
5609,-1.2482378902427826,-0.008298802814695066
5610,-1.248273265381088,-0.008298802814695066
5611,-1.2482847763700657,-0.008298802814695066
5612,-1.248285548567158,-0.008298802814695066
5613,-1.2483174210203745,-0.008298802814695066
5614,-1.2483371049832361,-0.008298802814695066
5615,-1.2483385970985004,-0.008298802814695066
5616,-1.2483456253303182,-0.008298802814695066
5617,-1.248371603803456,-0.008298802814695066
5618,-1.2483766666761031,-0.008298802814695066
5619,-1.2484476799298108,-0.008298802814695066
5620,-1.2484780526363881,-0.008298802814695066
5621,-1.2484793731020951,-0.008298802814695066
5622,-1.248509145441035,-0.008298802814695066
5623,-1.2485427972653946,-0.008298802814695066
5624,-1.2485455071818041,-0.008298802814695066
5625,-1.2485685328126026,-0.008298802814695066
5626,-1.2486256914670926,-0.008298802814695066
5627,-1.2486476361293835,-0.008298802814695066
5628,-1.2486599455597465,-0.008298802814695066
5629,-1.248678655264611,-0.008298802814695066
5630,-1.2487064773914058,-0.008298802814695066
5631,-1.248710958665407,-0.008298802814695066
5632,-1.2487606825123176,-0.008298802814695066
5633,-1.2488156768200251,-0.008298802814695066
5634,-1.248865413990065,-0.008298802814695066
5635,-1.2488929828233841,-0.008298802814695066
5636,-1.2488932893273499,-0.008298802814695066
5637,-1.2488947208494698,-0.008298802814695066
5638,-1.2489183173184275,-0.008298802814695066
5639,-1.2489316100066907,-0.008298802814695066
5640,-1.2489659136696802,-0.008298802814695066
5641,-1.2489876868043062,-0.008298802814695066
5642,-1.2490709929578352,-0.008298802814695066
5643,-1.2490912473182079,-0.008298802814695066
5644,-1.2491098656230444,-0.008298802814695066
5645,-1.2491165209001416,-0.008298802814695066
5646,-1.2492561767574375,-0.008298802814695066
5647,-1.249264714507584,-0.008298802814695066
5648,-1.2492720291573156,-0.008298802814695066
5649,-1.2492755087755398,-0.008298802814695066
5650,-1.2493229795426064,-0.008298802814695066
5651,-1.2493283350823416,-0.008298802814695066
5652,-1.2493607811527878,-0.008298802814695066
5653,-1.249362977448787,-0.008298802814695066
5654,-1.249368549108427,-0.008298802814695066
5655,-1.249400908272294,-0.008298802814695066
5656,-1.2494018816737522,-0.008298802814695066
5657,-1.2494047590135655,-0.008298802814695066
5658,-1.2494877846466208,-0.008298802814695066
5659,-1.249520546444965,-0.008298802814695066
5660,-1.2495615697035545,-0.008298802814695066
5661,-1.2495688441192196,-0.008298802814695066
5662,-1.2495968077644486,-0.008298802814695066
5663,-1.2496417958465176,-0.008298802814695066
5664,-1.2496700502078495,-0.008298802814695066
5665,-1.2498471199248926,-0.008298802814695066
5666,-1.2498613794651334,-0.008298802814695066
5667,-1.2498682954440588,-0.008298802814695066
5668,-1.2498854450989607,-0.008298802814695066
5669,-1.249897876919092,-0.008298802814695066
5670,-1.249900329192019,-0.008298802814695066
5671,-1.2499115287964015,-0.008298802814695066
5672,-1.2499237687624416,-0.008298802814695066
5673,-1.2500515894573678,-0.008298802814695066
5674,-1.2500730062033707,-0.008298802814695066
5675,-1.250135787247768,-0.008298802814695066
5676,-1.250150714352789,-0.008298802814695066
5677,-1.2501869022113912,-0.008298802814695066
5678,-1.250195559513227,-0.008298802814695066
5679,-1.2502346535085205,-0.008298802814695066
5680,-1.2502711349801898,-0.008298802814695066
5681,-1.2502887414562167,-0.008298802814695066
5682,-1.2502970275677567,-0.008298802814695066
5683,-1.2502998718068945,-0.008298802814695066
5684,-1.2503309103408968,-0.008298802814695066
5685,-1.2503557689132045,-0.008298802814695066
5686,-1.250429587975832,-0.008298802814695066
5687,-1.2504310465516315,-0.008298802814695066
5688,-1.2504791008198262,-0.008298802814695066
5689,-1.250524456895637,-0.008298802814695066
5690,-1.250526647897465,-0.008298802814695066
5691,-1.2505279908340798,-0.008298802814695066
5692,-1.2505335712035879,-0.008298802814695066
5693,-1.2505594922821675,-0.008298802814695066
5694,-1.2505635551831702,-0.008298802814695066
5695,-1.250647428375454,-0.008298802814695066
5696,-1.2506603493364261,-0.008298802814695066
5697,-1.2506795920815237,-0.008298802814695066
5698,-1.2507024893444914,-0.008298802814695066
5699,-1.250785291733343,-0.008298802814695066
5700,-1.2508048933730458,-0.008298802814695066
5701,-1.2508115921586953,-0.008298802814695066
5702,-1.2508127703703842,-0.008298802814695066
5703,-1.2508443702329,-0.008298802814695066
5704,-1.2508522333179646,-0.008298802814695066
5705,-1.250892486437973,-0.008298802814695066
5706,-1.250916608722107,-0.008298802814695066
5707,-1.2509676034342874,-0.008298802814695066
5708,-1.251012139172336,-0.008298802814695066
5709,-1.2510140734415787,-0.008298802814695066
5710,-1.2510185288796016,-0.008298802814695066
5711,-1.2510621382202602,-0.008298802814695066
5712,-1.2511114871620213,-0.008298802814695066
5713,-1.2512312791020441,-0.008298802814695066
5714,-1.2512488623778322,-0.008298802814695066
5715,-1.2512886217411874,-0.008298802814695066
5716,-1.251297516528084,-0.008298802814695066
5717,-1.251300964304032,-0.008298802814695066
5718,-1.2513042297268497,-0.008298802814695066
5719,-1.2513368212187386,-0.008298802814695066
5720,-1.251400998550088,-0.008298802814695066
5721,-1.2514073350610917,-0.008298802814695066
5722,-1.2514535657744594,-0.008298802814695066
5723,-1.2514870910012088,-0.008298802814695066
5724,-1.251494770041626,-0.008298802814695066
5725,-1.2515737258398778,-0.008298802814695066
5726,-1.251588641220216,-0.008298802814695066
5727,-1.2515894058197086,-0.008298802814695066
5728,-1.251600391918129,-0.008298802814695066
5729,-1.251640603324172,-0.008298802814695066
5730,-1.2516449869796713,-0.008298802814695066
5731,-1.2516684941779612,-0.008298802814695066
5732,-1.2516809984047317,-0.008298802814695066
5733,-1.2517592911262645,-0.008298802814695066
5734,-1.2517789556115688,-0.008298802814695066
5735,-1.2518106203034978,-0.008298802814695066
5736,-1.2518180134060612,-0.008298802814695066
5737,-1.25184757931379,-0.008298802814695066
5738,-1.2518745216829088,-0.008298802814695066
5739,-1.251898421441248,-0.008298802814695066
5740,-1.2519026888601188,-0.008298802814695066
5741,-1.2519142369191818,-0.008298802814695066
5742,-1.2519238021146109,-0.008298802814695066
5743,-1.251930459213985,-0.008298802814695066
5744,-1.2519311831399693,-0.008298802814695066
5745,-1.2519358716204152,-0.008298802814695066
5746,-1.2519790647508615,-0.008298802814695066
5747,-1.2520682449491631,-0.008298802814695066
5748,-1.2521044706988331,-0.008298802814695066
5749,-1.2521077567160166,-0.008298802814695066
5750,-1.252187602321372,-0.008298802814695066
5751,-1.2521948377656864,-0.008298802814695066
5752,-1.2522514794427084,-0.008298802814695066
5753,-1.2522529214920932,-0.008298802814695066
5754,-1.252277871209487,-0.008298802814695066
5755,-1.252290662732257,-0.008298802814695066
5756,-1.2522989211826818,-0.008298802814695066
5757,-1.2523100095846003,-0.008298802814695066
5758,-1.2523242152162368,-0.008298802814695066
5759,-1.252337546129465,-0.008298802814695066
5760,-1.2523533324060598,-0.008298802814695066
5761,-1.2523852574341015,-0.008298802814695066
5762,-1.2524416769345004,-0.008298802814695066
5763,-1.2524494978204903,-0.008298802814695066
5764,-1.2525037614331826,-0.008298802814695066
5765,-1.252523999640324,-0.008298802814695066
5766,-1.2525351539117966,-0.008298802814695066
5767,-1.252547115004023,-0.008298802814695066
5768,-1.252627273983249,-0.008298802814695066
5769,-1.252665098927134,-0.008298802814695066
5770,-1.2526887556874695,-0.008298802814695066
5771,-1.2526898109518112,-0.008298802814695066
5772,-1.2527002263672227,-0.008298802814695066
5773,-1.2527433636201686,-0.008298802814695066
5774,-1.2527536489807725,-0.008298802814695066
5775,-1.2527571945490092,-0.008298802814695066
5776,-1.2527673257749539,-0.008298802814695066
5777,-1.2527783390975167,-0.008298802814695066
5778,-1.2527993892933575,-0.008298802814695066
5779,-1.2528057875911098,-0.008298802814695066
5780,-1.252816864538247,-0.008298802814695066
5781,-1.252836694536616,-0.008298802814695066
5782,-1.252919549283617,-0.008298802814695066
5783,-1.2529523675129177,-0.008298802814695066
5784,-1.2530077491400253,-0.008298802814695066
5785,-1.2530285789765019,-0.008298802814695066
5786,-1.253044894261341,-0.008298802814695066
5787,-1.2530832404167807,-0.008298802814695066
5788,-1.2531017768948787,-0.008298802814695066
5789,-1.2531036866242897,-0.008298802814695066
5790,-1.2531188225407317,-0.008298802814695066
5791,-1.2531480831799178,-0.008298802814695066
5792,-1.2531913471526865,-0.008298802814695066
5793,-1.2531981232629419,-0.008298802814695066
5794,-1.2532529671471226,-0.008298802814695066
5795,-1.2532750540440354,-0.008298802814695066
5796,-1.253291672917377,-0.008298802814695066
5797,-1.2533057009961905,-0.008298802814695066
5798,-1.2533299775300626,-0.008298802814695066
5799,-1.2533530495315608,-0.008298802814695066
5800,-1.2533823987875972,-0.008298802814695066
5801,-1.2533845323721535,-0.008298802814695066
5802,-1.2533867864554582,-0.008298802814695066
5803,-1.2533967244160975,-0.008298802814695066
5804,-1.253426424950231,-0.008298802814695066
5805,-1.2534433637701659,-0.008298802814695066
5806,-1.2534633928493248,-0.008298802814695066
5807,-1.2534893717065563,-0.008298802814695066
5808,-1.2534932436860804,-0.008298802814695066
5809,-1.2535011561498899,-0.008298802814695066
5810,-1.253502541190942,-0.008298802814695066
5811,-1.2535191695589347,-0.008298802814695066
5812,-1.253523635187675,-0.008298802814695066
5813,-1.2535289434588632,-0.008298802814695066
5814,-1.2535448450310565,-0.008298802814695066
5815,-1.2535453087353752,-0.008298802814695066
5816,-1.2535657484789535,-0.008298802814695066
5817,-1.2535872546914202,-0.008298802814695066
5818,-1.253598408525476,-0.008298802814695066
5819,-1.2536272203823644,-0.008298802814695066
5820,-1.2536880834736017,-0.008298802814695066
5821,-1.2537317156995909,-0.008298802814695066
5822,-1.2537391996122234,-0.008298802814695066
5823,-1.2537485934354455,-0.008298802814695066
5824,-1.2538656991446235,-0.008298802814695066
5825,-1.25388653879175,-0.008298802814695066
5826,-1.2538945985894043,-0.008298802814695066
5827,-1.2538996862975273,-0.008298802814695066
5828,-1.2539073335413127,-0.008298802814695066
5829,-1.2539152134726572,-0.008298802814695066
5830,-1.2539247404335248,-0.008298802814695066
5831,-1.2539728244781732,-0.008298802814695066
5832,-1.2539786630934242,-0.008298802814695066
5833,-1.2539790439118477,-0.008298802814695066
5834,-1.2539915880095174,-0.008298802814695066
5835,-1.2539995196108098,-0.008298802814695066
5836,-1.2540556440681312,-0.008298802814695066
5837,-1.2540610283187865,-0.008298802814695066
5838,-1.254061417248711,-0.008298802814695066
5839,-1.254072416073185,-0.008298802814695066
5840,-1.2541317731492638,-0.008298802814695066
5841,-1.254164291506621,-0.008298802814695066
5842,-1.2541784407554815,-0.008298802814695066
5843,-1.254242154604273,-0.008298802814695066
5844,-1.2542557784453197,-0.008298802814695066
5845,-1.2542651150927773,-0.008298802814695066
5846,-1.254326607097659,-0.008298802814695066
5847,-1.2543331242191846,-0.008298802814695066
5848,-1.254348277416313,-0.008298802814695066
5849,-1.254356297696622,-0.008298802814695066
5850,-1.2543655753757057,-0.008298802814695066
5851,-1.2543813196928357,-0.008298802814695066
5852,-1.254385798669293,-0.008298802814695066
5853,-1.2543949814084123,-0.008298802814695066
5854,-1.2543981351095193,-0.008298802814695066
5855,-1.2544063598314068,-0.008298802814695066
5856,-1.2544270512192413,-0.008298802814695066
5857,-1.254443325081775,-0.008298802814695066
5858,-1.254469014325851,-0.008298802814695066
5859,-1.2544999860828119,-0.008298802814695066
5860,-1.2545807144777732,-0.008298802814695066
5861,-1.2545916389176548,-0.008298802814695066
5862,-1.2546112566189587,-0.008298802814695066
5863,-1.2546615470763913,-0.008298802814695066
5864,-1.2546869346414176,-0.008298802814695066
5865,-1.2546881782607868,-0.008298802814695066
5866,-1.2547164341557047,-0.008298802814695066
5867,-1.2547208325625343,-0.008298802814695066
5868,-1.2547239732499331,-0.008298802814695066
5869,-1.254743038532991,-0.008298802814695066
5870,-1.2547509276906752,-0.008298802814695066
5871,-1.2547840748143904,-0.008298802814695066
5872,-1.2548028144659091,-0.008298802814695066
5873,-1.2548489210951814,-0.008298802814695066
5874,-1.254895167592628,-0.008298802814695066
5875,-1.2549050271539068,-0.008298802814695066
5876,-1.255013677752588,-0.008298802814695066
5877,-1.255038356299894,-0.008298802814695066
5878,-1.2550916506029817,-0.008298802814695066
5879,-1.2551319983390548,-0.008298802814695066
5880,-1.2551591048792967,-0.008298802814695066
5881,-1.2551700567423656,-0.008298802814695066
5882,-1.2551706146631467,-0.008298802814695066
5883,-1.2551728843432939,-0.008298802814695066
5884,-1.255177066361509,-0.008298802814695066
5885,-1.2552487109967896,-0.008298802814695066
5886,-1.2552669801428127,-0.008298802814695066
5887,-1.2553202724826245,-0.008298802814695066
5888,-1.2553572521132665,-0.008298802814695066
5889,-1.255363726459395,-0.008298802814695066
5890,-1.2554004626104192,-0.008298802814695066
5891,-1.2554116533913575,-0.008298802814695066
5892,-1.2554439413293115,-0.008298802814695066
5893,-1.255509593922326,-0.008298802814695066
5894,-1.255547943947981,-0.008298802814695066
5895,-1.2555627066944188,-0.008298802814695066
5896,-1.2555716387835738,-0.008298802814695066
5897,-1.2555918436713067,-0.008298802814695066
5898,-1.2555949964047666,-0.008298802814695066
5899,-1.2556120311991912,-0.008298802814695066
5900,-1.255626488569845,-0.008298802814695066
5901,-1.2556336826760703,-0.008298802814695066
5902,-1.2556398448555885,-0.008298802814695066
5903,-1.2556572586933101,-0.008298802814695066
5904,-1.255660256981781,-0.008298802814695066
5905,-1.2556765054417531,-0.008298802814695066
5906,-1.255721830782611,-0.008298802814695066
5907,-1.2557346883086866,-0.008298802814695066
5908,-1.2557378207562329,-0.008298802814695066
5909,-1.255763403256443,-0.008298802814695066
5910,-1.2557895169463595,-0.008298802814695066
5911,-1.2557923664209643,-0.008298802814695066
5912,-1.2557929634167508,-0.008298802814695066
5913,-1.2557943797589646,-0.008298802814695066
5914,-1.2558112738391074,-0.008298802814695066
5915,-1.2558335526556008,-0.008298802814695066
5916,-1.2558390856939234,-0.008298802814695066
5917,-1.2558426670646265,-0.008298802814695066
5918,-1.2558906801948462,-0.008298802814695066
5919,-1.2559114127338142,-0.008298802814695066
5920,-1.2559444631648655,-0.008298802814695066
5921,-1.255980365628203,-0.008298802814695066
5922,-1.2560197816864174,-0.008298802814695066
5923,-1.256039934368414,-0.008298802814695066
5924,-1.2560808451992793,-0.008298802814695066
5925,-1.2560838141380646,-0.008298802814695066
5926,-1.2560853511393626,-0.008298802814695066
5927,-1.2560969282208574,-0.008298802814695066
5928,-1.2561632233266042,-0.008298802814695066
5929,-1.2561663171814585,-0.008298802814695066
5930,-1.256190288909755,-0.008298802814695066
5931,-1.2562223911307018,-0.008298802814695066
5932,-1.2562313614934042,-0.008298802814695066
5933,-1.2562362301507757,-0.008298802814695066
5934,-1.2562384680143908,-0.008298802814695066
5935,-1.256255157333654,-0.008298802814695066
5936,-1.256266470086995,-0.008298802814695066
5937,-1.2562700530025663,-0.008298802814695066
5938,-1.256300305593974,-0.008298802814695066
5939,-1.2563800986524005,-0.008298802814695066
5940,-1.256391890249472,-0.008298802814695066
5941,-1.256398244877267,-0.008298802814695066
5942,-1.256413374383212,-0.008298802814695066
5943,-1.2564233536483886,-0.008298802814695066
5944,-1.256425588918373,-0.008298802814695066
5945,-1.256458592228221,-0.008298802814695066
5946,-1.256478868111018,-0.008298802814695066
5947,-1.2564810870316883,-0.008298802814695066
5948,-1.2564881992377446,-0.008298802814695066
5949,-1.256565166294625,-0.008298802814695066
5950,-1.2565677278903034,-0.008298802814695066
5951,-1.2565731119883197,-0.008298802814695066
5952,-1.256590821842344,-0.008298802814695066
5953,-1.2565918438108388,-0.008298802814695066
5954,-1.2566026055461172,-0.008298802814695066
5955,-1.2566117199415874,-0.008298802814695066
5956,-1.256617573609002,-0.008298802814695066
5957,-1.2566213818289622,-0.008298802814695066
5958,-1.256636131277445,-0.008298802814695066
5959,-1.2566428477140357,-0.008298802814695066
5960,-1.2566553542474734,-0.008298802814695066
5961,-1.256678390639709,-0.008298802814695066
5962,-1.2567090201273463,-0.008298802814695066
5963,-1.2567295174226425,-0.008298802814695066
5964,-1.2567358671673554,-0.008298802814695066
5965,-1.256741811199023,-0.008298802814695066
5966,-1.2567566260048277,-0.008298802814695066
5967,-1.2567580242604453,-0.008298802814695066
5968,-1.2567775938213608,-0.008298802814695066
5969,-1.2567793159961649,-0.008298802814695066
5970,-1.256789266381524,-0.008298802814695066
5971,-1.256804317515558,-0.008298802814695066
5972,-1.2568052061830042,-0.008298802814695066
5973,-1.2568098524853886,-0.008298802814695066
5974,-1.2568304679111288,-0.008298802814695066
5975,-1.2568320506969952,-0.008298802814695066
5976,-1.2568320843384664,-0.008298802814695066
5977,-1.2568561657977493,-0.008298802814695066
5978,-1.256856976026843,-0.008298802814695066
5979,-1.2568845336896597,-0.008298802814695066
5980,-1.2568862029793038,-0.008298802814695066
5981,-1.256887261545217,-0.008298802814695066
5982,-1.2569016240950661,-0.008298802814695066
5983,-1.2569041093529334,-0.008298802814695066
5984,-1.2569347434490965,-0.008298802814695066
5985,-1.2569412730926528,-0.008298802814695066
5986,-1.2569656278891623,-0.008298802814695066
5987,-1.2569752974883945,-0.008298802814695066
5988,-1.256988369199235,-0.008298802814695066
5989,-1.257012423265982,-0.008298802814695066
5990,-1.257036927791198,-0.008298802814695066
5991,-1.2570655481739368,-0.008298802814695066
5992,-1.2570744929464326,-0.008298802814695066
5993,-1.2570974089219389,-0.008298802814695066
5994,-1.2571461082737139,-0.008298802814695066
5995,-1.2571537373426995,-0.008298802814695066
5996,-1.2571648414270007,-0.008298802814695066
5997,-1.2571720503786084,-0.008298802814695066
5998,-1.257222378388978,-0.008298802814695066
5999,-1.257235121156755,-0.008298802814695066
6000,-1.257245392203941,-0.008298802814695066
6001,-1.2572477594800349,-0.008298802814695066
6002,-1.2572741450467684,-0.008298802814695066
6003,-1.2572892097647619,-0.008298802814695066
6004,-1.257310761214427,-0.008298802814695066
6005,-1.2573208968422973,-0.008298802814695066
6006,-1.2573243635648341,-0.008298802814695066
6007,-1.2573456383061794,-0.008298802814695066
6008,-1.2573673316043807,-0.008298802814695066
6009,-1.25738324017357,-0.008298802814695066
6010,-1.2573936169286122,-0.008298802814695066
6011,-1.2574126068593063,-0.008298802814695066
6012,-1.2574352853454043,-0.008298802814695066
6013,-1.2574603752356217,-0.008298802814695066
6014,-1.2574662889346646,-0.008298802814695066
6015,-1.2574999948065249,-0.008298802814695066
6016,-1.2575048087826792,-0.008298802814695066
6017,-1.2575292812926313,-0.008298802814695066
6018,-1.2575306542939404,-0.008298802814695066
6019,-1.2575595230871148,-0.008298802814695066
6020,-1.2575696850142382,-0.008298802814695066
6021,-1.2575794724916602,-0.008298802814695066
6022,-1.2575974663299976,-0.008298802814695066
6023,-1.2576372041311354,-0.008298802814695066
6024,-1.2576631505902907,-0.008298802814695066
6025,-1.2576842210428965,-0.008298802814695066
6026,-1.2576858114713367,-0.008298802814695066
6027,-1.2576941733798463,-0.008298802814695066
6028,-1.2577093602306249,-0.008298802814695066
6029,-1.257717103006384,-0.008298802814695066
6030,-1.257721508838177,-0.008298802814695066
6031,-1.2577435600428128,-0.008298802814695066
6032,-1.2577700475127491,-0.008298802814695066
6033,-1.2577765385109074,-0.008298802814695066
6034,-1.25780015710666,-0.008298802814695066
6035,-1.2578066558900187,-0.008298802814695066
6036,-1.2578206262052782,-0.008298802814695066
6037,-1.2578268664676306,-0.008298802814695066
6038,-1.2578414834115157,-0.008298802814695066
6039,-1.2578599676353828,-0.008298802814695066
6040,-1.2578938177420422,-0.008298802814695066
6041,-1.257900448252884,-0.008298802814695066
6042,-1.2579111824643996,-0.008298802814695066
6043,-1.2579179404497374,-0.008298802814695066
6044,-1.2579525954903374,-0.008298802814695066
6045,-1.2579700552602122,-0.008298802814695066
6046,-1.2579736799465608,-0.008298802814695066
6047,-1.2579790730402705,-0.008298802814695066
6048,-1.2579804958653962,-0.008298802814695066
6049,-1.2579840155185562,-0.008298802814695066
6050,-1.2579857356122173,-0.008298802814695066
6051,-1.2580066863686215,-0.008298802814695066
6052,-1.2580113321582387,-0.008298802814695066
6053,-1.2580348852383958,-0.008298802814695066
6054,-1.2580548432517362,-0.008298802814695066
6055,-1.2580615125448027,-0.008298802814695066
6056,-1.2580617280917754,-0.008298802814695066
6057,-1.2580911254027694,-0.008298802814695066
6058,-1.2580932503374702,-0.008298802814695066
6059,-1.2580986073116718,-0.008298802814695066
6060,-1.2581082493310614,-0.008298802814695066
6061,-1.2581121341506665,-0.008298802814695066
6062,-1.2581361993502402,-0.008298802814695066
6063,-1.2581480853340579,-0.008298802814695066
6064,-1.2581703388062233,-0.008298802814695066
6065,-1.2581743584334055,-0.008298802814695066
6066,-1.2581793673673025,-0.008298802814695066
6067,-1.2581815211953777,-0.008298802814695066
6068,-1.2581884465877453,-0.008298802814695066
6069,-1.2582567334823136,-0.008298802814695066
6070,-1.2582634984329446,-0.008298802814695066
6071,-1.2582651900679158,-0.008298802814695066
6072,-1.2582709012805584,-0.008298802814695066
6073,-1.2582805697938548,-0.008298802814695066
6074,-1.2582972305190772,-0.008298802814695066
6075,-1.2583233218756418,-0.008298802814695066
6076,-1.2583504563911188,-0.008298802814695066
6077,-1.2584105508079,-0.008298802814695066
6078,-1.2584197178400123,-0.008298802814695066
6079,-1.258444010190946,-0.008298802814695066
6080,-1.2584512836340138,-0.008298802814695066
6081,-1.2584632281334576,-0.008298802814695066
6082,-1.2584693378238283,-0.008298802814695066
6083,-1.2584725213961034,-0.008298802814695066
6084,-1.25847696673356,-0.008298802814695066
6085,-1.2584809875648673,-0.008298802814695066
6086,-1.258495992351631,-0.008298802814695066
6087,-1.2584971522104267,-0.008298802814695066
6088,-1.2585107086407121,-0.008298802814695066
6089,-1.2585125205429122,-0.008298802814695066
6090,-1.258513340823456,-0.008298802814695066
6091,-1.2585152124184038,-0.008298802814695066
6092,-1.2585162660389235,-0.008298802814695066
6093,-1.2585233118375008,-0.008298802814695066
6094,-1.2585236317515853,-0.008298802814695066
6095,-1.2585592930214402,-0.008298802814695066
6096,-1.2585642972123532,-0.008298802814695066
6097,-1.2585674483210096,-0.008298802814695066
6098,-1.2585836548834692,-0.008298802814695066
6099,-1.2586008231480514,-0.008298802814695066
6100,-1.2586471737454483,-0.008298802814695066
6101,-1.2586660636344744,-0.008298802814695066
6102,-1.2586771095760334,-0.008298802814695066
6103,-1.2586774463341863,-0.008298802814695066
6104,-1.2586848653854954,-0.008298802814695066
6105,-1.258687883307338,-0.008298802814695066
6106,-1.2586911931483313,-0.008298802814695066
6107,-1.2586937951560233,-0.008298802814695066
6108,-1.2587067188464882,-0.008298802814695066
6109,-1.2587129413335871,-0.008298802814695066
6110,-1.2587347818489303,-0.008298802814695066
6111,-1.2587459685299103,-0.008298802814695066
6112,-1.2587802698895056,-0.008298802814695066
6113,-1.2588163603434426,-0.008298802814695066
6114,-1.2588243850903937,-0.008298802814695066
6115,-1.2588257665806017,-0.008298802814695066
6116,-1.2588544463580134,-0.008298802814695066
6117,-1.2588662361211531,-0.008298802814695066
6118,-1.258892985225541,-0.008298802814695066
6119,-1.258905883950669,-0.008298802814695066
6120,-1.2589175631467717,-0.008298802814695066
6121,-1.2589343750039041,-0.008298802814695066
6122,-1.2589380302294062,-0.008298802814695066
6123,-1.2589558773280016,-0.008298802814695066
6124,-1.2590120143352528,-0.008298802814695066
6125,-1.259017872530273,-0.008298802814695066
6126,-1.2590255604639284,-0.008298802814695066
6127,-1.2590284941269756,-0.008298802814695066
6128,-1.2590862484009022,-0.008298802814695066
6129,-1.2590964862618117,-0.008298802814695066
6130,-1.2591212725780174,-0.008298802814695066
6131,-1.259138136263482,-0.008298802814695066
6132,-1.2591596071450444,-0.008298802814695066
6133,-1.2591714129037828,-0.008298802814695066
6134,-1.259174258020463,-0.008298802814695066
6135,-1.259187120315731,-0.008298802814695066
6136,-1.2591883295100181,-0.008298802814695066
6137,-1.2592172339892276,-0.008298802814695066
6138,-1.2592235417566209,-0.008298802814695066
6139,-1.2592250768585251,-0.008298802814695066
6140,-1.2592298804574023,-0.008298802814695066
6141,-1.2592430771893581,-0.008298802814695066
6142,-1.2592945123836186,-0.008298802814695066
6143,-1.2592963419990246,-0.008298802814695066
6144,-1.2593016455875572,-0.008298802814695066
6145,-1.2593182303064185,-0.008298802814695066
6146,-1.2593353415710107,-0.008298802814695066
6147,-1.2593618234169788,-0.008298802814695066
6148,-1.2593961120515773,-0.008298802814695066
6149,-1.2594050663276164,-0.008298802814695066
6150,-1.2594825892129817,-0.008298802814695066
6151,-1.2594868895046571,-0.008298802814695066
6152,-1.2595058474174308,-0.008298802814695066
6153,-1.259529386030715,-0.008298802814695066
6154,-1.2595353823246378,-0.008298802814695066
6155,-1.2595368519007188,-0.008298802814695066
6156,-1.2595629283688243,-0.008298802814695066
6157,-1.2595885941411582,-0.008298802814695066
6158,-1.2595911934213087,-0.008298802814695066
6159,-1.2596416863769826,-0.008298802814695066
6160,-1.2596450600340934,-0.008298802814695066
6161,-1.2596493566268763,-0.008298802814695066
6162,-1.2596503433046427,-0.008298802814695066
6163,-1.259651627376133,-0.008298802814695066
6164,-1.2596563694020275,-0.008298802814695066
6165,-1.2596899853341692,-0.008298802814695066
6166,-1.2597297672009387,-0.008298802814695066
6167,-1.2597372563260376,-0.008298802814695066
6168,-1.2597448958314506,-0.008298802814695066
6169,-1.259784376267898,-0.008298802814695066
6170,-1.2597850928005188,-0.008298802814695066
6171,-1.2597876253136002,-0.008298802814695066
6172,-1.2597882240245446,-0.008298802814695066
6173,-1.2598192645374362,-0.008298802814695066
6174,-1.2598834933361343,-0.008298802814695066
6175,-1.2599050188817724,-0.008298802814695066
6176,-1.259905287990959,-0.008298802814695066
6177,-1.2599159131024567,-0.008298802814695066
6178,-1.2599403714516346,-0.008298802814695066
6179,-1.2599495449214475,-0.008298802814695066
6180,-1.259951280326213,-0.008298802814695066
6181,-1.2599580455030412,-0.008298802814695066
6182,-1.2599726568017016,-0.008298802814695066
6183,-1.2599784000656025,-0.008298802814695066
6184,-1.2599809694419526,-0.008298802814695066
6185,-1.259984459900223,-0.008298802814695066
6186,-1.259994177937738,-0.008298802814695066
6187,-1.259997056657232,-0.008298802814695066
6188,-1.2600091191860217,-0.008298802814695066
6189,-1.2600132661076802,-0.008298802814695066
6190,-1.2600263326128927,-0.008298802814695066
6191,-1.2600728894778324,-0.008298802814695066
6192,-1.2600837701562615,-0.008298802814695066
6193,-1.2600870374458806,-0.008298802814695066
6194,-1.260097395449376,-0.008298802814695066
6195,-1.2601092979640693,-0.008298802814695066
6196,-1.260121489042168,-0.008298802814695066
6197,-1.2601280628359484,-0.008298802814695066
6198,-1.260130612031083,-0.008298802814695066
6199,-1.260142218579257,-0.008298802814695066
6200,-1.2601489547030569,-0.008298802814695066
6201,-1.2601607026310728,-0.008298802814695066
6202,-1.2601620350920797,-0.008298802814695066
6203,-1.2601708246852739,-0.008298802814695066
6204,-1.2601949320300572,-0.008298802814695066
6205,-1.2602098535658977,-0.008298802814695066
6206,-1.260231769971243,-0.008298802814695066
6207,-1.2602356346815118,-0.008298802814695066
6208,-1.260238253382763,-0.008298802814695066
6209,-1.2602568904974012,-0.008298802814695066
6210,-1.2602699405781803,-0.008298802814695066
6211,-1.2602890681181456,-0.008298802814695066
6212,-1.2602932304620533,-0.008298802814695066
6213,-1.2603043614746368,-0.008298802814695066
6214,-1.2603071037127167,-0.008298802814695066
6215,-1.2603369008547194,-0.008298802814695066
6216,-1.2603643143772207,-0.008298802814695066
6217,-1.2603766778743806,-0.008298802814695066
6218,-1.2604263785719512,-0.008298802814695066
6219,-1.26042949391821,-0.008298802814695066
6220,-1.2604370670331435,-0.008298802814695066
6221,-1.260437462036268,-0.008298802814695066
6222,-1.260440129431539,-0.008298802814695066
6223,-1.2604433354218998,-0.008298802814695066
6224,-1.2604859329563205,-0.008298802814695066
6225,-1.260491668627291,-0.008298802814695066
6226,-1.2604951389201013,-0.008298802814695066
6227,-1.2604984196088584,-0.008298802814695066
6228,-1.2605131906061309,-0.008298802814695066
6229,-1.2605164186759978,-0.008298802814695066
6230,-1.260517686914853,-0.008298802814695066
6231,-1.2605191270125906,-0.008298802814695066
6232,-1.2605249588305207,-0.008298802814695066
6233,-1.2605360798496488,-0.008298802814695066
6234,-1.2605371399089706,-0.008298802814695066
6235,-1.2605785275795163,-0.008298802814695066
6236,-1.2606017929732956,-0.008298802814695066
6237,-1.2606233180846402,-0.008298802814695066
6238,-1.2606413344114897,-0.008298802814695066
6239,-1.2606665702319246,-0.008298802814695066
6240,-1.2606696705555436,-0.008298802814695066
6241,-1.2606804248957033,-0.008298802814695066
6242,-1.2606853344403333,-0.008298802814695066
6243,-1.2606984950943652,-0.008298802814695066
6244,-1.2606985444935457,-0.008298802814695066
6245,-1.2607083447302545,-0.008298802814695066
6246,-1.2607172472200872,-0.008298802814695066
6247,-1.2607183177899042,-0.008298802814695066
6248,-1.260726746513556,-0.008298802814695066
6249,-1.2607330858117023,-0.008298802814695066
6250,-1.260733175563037,-0.008298802814695066
6251,-1.2607496332329444,-0.008298802814695066
6252,-1.260798847345992,-0.008298802814695066
6253,-1.2608019461575544,-0.008298802814695066
6254,-1.2608169010576031,-0.008298802814695066
6255,-1.2608284721888587,-0.008298802814695066
6256,-1.2608449256379557,-0.008298802814695066
6257,-1.260852063614009,-0.008298802814695066
6258,-1.2608667112595136,-0.008298802814695066
6259,-1.2608679383008916,-0.008298802814695066
6260,-1.2608711733426352,-0.008298802814695066
6261,-1.2608753221208824,-0.008298802814695066
6262,-1.260884077739061,-0.008298802814695066
6263,-1.2608981015972942,-0.008298802814695066
6264,-1.260903945708014,-0.008298802814695066
6265,-1.26092434222133,-0.008298802814695066
6266,-1.2609426381572764,-0.008298802814695066
6267,-1.2609537798364294,-0.008298802814695066
6268,-1.260958145239123,-0.008298802814695066
6269,-1.2609664322110565,-0.008298802814695066
6270,-1.2609794207197076,-0.008298802814695066
6271,-1.2609826884813986,-0.008298802814695066
6272,-1.2610081412972156,-0.008298802814695066
6273,-1.2610365322583084,-0.008298802814695066
6274,-1.2610518776896082,-0.008298802814695066
6275,-1.261066337718061,-0.008298802814695066
6276,-1.2610673565907011,-0.008298802814695066
6277,-1.2610729122856388,-0.008298802814695066
6278,-1.2610745583193645,-0.008298802814695066
6279,-1.2610834100633652,-0.008298802814695066
6280,-1.2610919598271852,-0.008298802814695066
6281,-1.26110728755628,-0.008298802814695066
6282,-1.2611109163510688,-0.008298802814695066
6283,-1.2611121906224696,-0.008298802814695066
6284,-1.2611209097811589,-0.008298802814695066
6285,-1.2611365926891414,-0.008298802814695066
6286,-1.2611481486284148,-0.008298802814695066
6287,-1.2611778824587807,-0.008298802814695066
6288,-1.2611868126515038,-0.008298802814695066
6289,-1.2612028918756057,-0.008298802814695066
6290,-1.2612191051100674,-0.008298802814695066
6291,-1.261247746886364,-0.008298802814695066
6292,-1.2612601593223394,-0.008298802814695066
6293,-1.261267408125041,-0.008298802814695066
6294,-1.2613041569577343,-0.008298802814695066
6295,-1.2613400050476886,-0.008298802814695066
6296,-1.2613781284310908,-0.008298802814695066
6297,-1.2613926894062835,-0.008298802814695066
6298,-1.261397477845653,-0.008298802814695066
6299,-1.2614061752893768,-0.008298802814695066
6300,-1.261408148438378,-0.008298802814695066
6301,-1.2614277811689931,-0.008298802814695066
6302,-1.2614381979090588,-0.008298802814695066
6303,-1.2614791374450793,-0.008298802814695066
6304,-1.2614890735472999,-0.008298802814695066
6305,-1.261503376632524,-0.008298802814695066
6306,-1.2615247916810048,-0.008298802814695066
6307,-1.261527003727961,-0.008298802814695066
6308,-1.2615599809680738,-0.008298802814695066
6309,-1.2615807357912403,-0.008298802814695066
6310,-1.2615823973774996,-0.008298802814695066
6311,-1.261595812596786,-0.008298802814695066
6312,-1.261598435341348,-0.008298802814695066
6313,-1.261646567354726,-0.008298802814695066
6314,-1.2616765196433355,-0.008298802814695066
6315,-1.2616920305956774,-0.008298802814695066
6316,-1.2617114243052745,-0.008298802814695066
6317,-1.2617180668116525,-0.008298802814695066
6318,-1.2617227059056968,-0.008298802814695066
6319,-1.2617843954403396,-0.008298802814695066
6320,-1.261787141810582,-0.008298802814695066
6321,-1.2617999467071934,-0.008298802814695066
6322,-1.261811048943575,-0.008298802814695066
6323,-1.2618165268952577,-0.008298802814695066
6324,-1.2618317249623452,-0.008298802814695066
6325,-1.2618381660959497,-0.008298802814695066
6326,-1.261847672467416,-0.008298802814695066
6327,-1.2618486831792206,-0.008298802814695066
6328,-1.2618540242076137,-0.008298802814695066
6329,-1.2618573621405325,-0.008298802814695066
6330,-1.2618582440353034,-0.008298802814695066
6331,-1.261862625284035,-0.008298802814695066
6332,-1.2618737374689637,-0.008298802814695066
6333,-1.2618902172136703,-0.008298802814695066
6334,-1.2618952705693516,-0.008298802814695066
6335,-1.2619003465832404,-0.008298802814695066
6336,-1.2619084978076187,-0.008298802814695066
6337,-1.2619128267908084,-0.008298802814695066
6338,-1.2619171610018354,-0.008298802814695066
6339,-1.261943222515418,-0.008298802814695066
6340,-1.2619453378008585,-0.008298802814695066
6341,-1.2619560475781473,-0.008298802814695066
6342,-1.261965537142145,-0.008298802814695066
6343,-1.2619915722726929,-0.008298802814695066
6344,-1.262018605309003,-0.008298802814695066
6345,-1.2620303443035847,-0.008298802814695066
6346,-1.2620455926212142,-0.008298802814695066
6347,-1.2620493426128276,-0.008298802814695066
6348,-1.2620508021239059,-0.008298802814695066
6349,-1.2620522231539453,-0.008298802814695066
6350,-1.2620591801050636,-0.008298802814695066
6351,-1.2620651528409021,-0.008298802814695066
6352,-1.2620786031150804,-0.008298802814695066
6353,-1.2620881723281454,-0.008298802814695066
6354,-1.2620981292081606,-0.008298802814695066
6355,-1.262098832193592,-0.008298802814695066
6356,-1.2621080505274942,-0.008298802814695066
6357,-1.262122020751859,-0.008298802814695066
6358,-1.2621243376770312,-0.008298802814695066
6359,-1.2621388800909792,-0.008298802814695066
6360,-1.2621397255751625,-0.008298802814695066
6361,-1.2621475231707164,-0.008298802814695066
6362,-1.26216544173743,-0.008298802814695066
6363,-1.262171442101838,-0.008298802814695066
6364,-1.2621969241736022,-0.008298802814695066
6365,-1.2622251514468137,-0.008298802814695066
6366,-1.2622303912348265,-0.008298802814695066
6367,-1.2622493432105535,-0.008298802814695066
6368,-1.2622581693846473,-0.008298802814695066
6369,-1.2622636304420638,-0.008298802814695066
6370,-1.262281949436051,-0.008298802814695066
6371,-1.2622868249796446,-0.008298802814695066
6372,-1.2623156805944578,-0.008298802814695066
6373,-1.2623210305531565,-0.008298802814695066
6374,-1.262336618111673,-0.008298802814695066
6375,-1.2623446962644669,-0.008298802814695066
6376,-1.2623482470417673,-0.008298802814695066
6377,-1.262349878760886,-0.008298802814695066
6378,-1.2623501114681541,-0.008298802814695066
6379,-1.2623550003241728,-0.008298802814695066
6380,-1.2623656626948092,-0.008298802814695066
6381,-1.2623671517314652,-0.008298802814695066
6382,-1.2623761938058449,-0.008298802814695066
6383,-1.2623763972694921,-0.008298802814695066
6384,-1.2623782383782416,-0.008298802814695066
6385,-1.2623798088947682,-0.008298802814695066
6386,-1.2623859692321446,-0.008298802814695066
6387,-1.2623910520109396,-0.008298802814695066
6388,-1.262393269549233,-0.008298802814695066
6389,-1.2623992233052976,-0.008298802814695066
6390,-1.2624201601281613,-0.008298802814695066
6391,-1.262422929774489,-0.008298802814695066
6392,-1.2624240550591523,-0.008298802814695066
6393,-1.2624245403084586,-0.008298802814695066
6394,-1.2624291443146913,-0.008298802814695066
6395,-1.2624659903576336,-0.008298802814695066
6396,-1.2624735114925771,-0.008298802814695066
6397,-1.2624757294443598,-0.008298802814695066
6398,-1.2624765220761494,-0.008298802814695066
6399,-1.2625029525324802,-0.008298802814695066
6400,-1.2625046159744633,-0.008298802814695066
6401,-1.2625059415533628,-0.008298802814695066
6402,-1.2625165684473658,-0.008298802814695066
6403,-1.2625172573909715,-0.008298802814695066
6404,-1.2625495155716664,-0.008298802814695066
6405,-1.2625563355452472,-0.008298802814695066
6406,-1.2625613019166086,-0.008298802814695066
6407,-1.2625752505865555,-0.008298802814695066
6408,-1.2625885580994163,-0.008298802814695066
6409,-1.2626229767676307,-0.008298802814695066
6410,-1.2626427317044124,-0.008298802814695066
6411,-1.2626667762609127,-0.008298802814695066
6412,-1.2626699094074234,-0.008298802814695066
6413,-1.2626898714916481,-0.008298802814695066
6414,-1.262698513413683,-0.008298802814695066
6415,-1.2627078497862785,-0.008298802814695066
6416,-1.2627079191970467,-0.008298802814695066
6417,-1.2627103932534411,-0.008298802814695066
6418,-1.2627130453017175,-0.008298802814695066
6419,-1.2627218327185812,-0.008298802814695066
6420,-1.2627257901779274,-0.008298802814695066
6421,-1.2627293639237793,-0.008298802814695066
6422,-1.2627329292141025,-0.008298802814695066
6423,-1.2627431920004222,-0.008298802814695066
6424,-1.2627494947526392,-0.008298802814695066
6425,-1.2627528007400755,-0.008298802814695066
6426,-1.2627668633802658,-0.008298802814695066
6427,-1.2627694322351808,-0.008298802814695066
6428,-1.2627716615820943,-0.008298802814695066
6429,-1.262784192186719,-0.008298802814695066
6430,-1.2627993596350033,-0.008298802814695066
6431,-1.262800214402177,-0.008298802814695066
6432,-1.2628086843218538,-0.008298802814695066
6433,-1.2628249439333648,-0.008298802814695066
6434,-1.26283560602604,-0.008298802814695066
6435,-1.2628359380674228,-0.008298802814695066
6436,-1.2628376787996418,-0.008298802814695066
6437,-1.262857651309098,-0.008298802814695066
6438,-1.2628848667856607,-0.008298802814695066
6439,-1.2628911170184538,-0.008298802814695066
6440,-1.262912010355169,-0.008298802814695066
6441,-1.2629226483182183,-0.008298802814695066
6442,-1.262926934059816,-0.008298802814695066
6443,-1.2629356937300016,-0.008298802814695066
6444,-1.2629579698813875,-0.008298802814695066
6445,-1.2629639032995514,-0.008298802814695066
6446,-1.2629723440386564,-0.008298802814695066
6447,-1.2629838584859678,-0.008298802814695066
6448,-1.2630035547535257,-0.008298802814695066
6449,-1.2630047537487186,-0.008298802814695066
6450,-1.2630225784193576,-0.008298802814695066
6451,-1.2630275562963302,-0.008298802814695066
6452,-1.2630359273372864,-0.008298802814695066
6453,-1.263065865974474,-0.008298802814695066
6454,-1.2630826426304629,-0.008298802814695066
6455,-1.2630904799957328,-0.008298802814695066
6456,-1.2631000326120514,-0.008298802814695066
6457,-1.263103464420696,-0.008298802814695066
6458,-1.2631179464071502,-0.008298802814695066
6459,-1.2631308561327728,-0.008298802814695066
6460,-1.2631372304472295,-0.008298802814695066
6461,-1.263162906465832,-0.008298802814695066
6462,-1.26316851710906,-0.008298802814695066
6463,-1.2631721541010426,-0.008298802814695066
6464,-1.26319903071878,-0.008298802814695066
6465,-1.2632204677045042,-0.008298802814695066
6466,-1.2632298614215076,-0.008298802814695066
6467,-1.2632305549340466,-0.008298802814695066
6468,-1.2632411345029406,-0.008298802814695066
6469,-1.2632466086516667,-0.008298802814695066
6470,-1.2632478962651708,-0.008298802814695066
6471,-1.2632613828096215,-0.008298802814695066
6472,-1.2632734036256745,-0.008298802814695066
6473,-1.2632755241690763,-0.008298802814695066
6474,-1.263283012372677,-0.008298802814695066
6475,-1.2632880318362611,-0.008298802814695066
6476,-1.2633023394662728,-0.008298802814695066
6477,-1.2633026530335267,-0.008298802814695066
6478,-1.2633055679580338,-0.008298802814695066
6479,-1.2633055806042686,-0.008298802814695066
6480,-1.2633084434616664,-0.008298802814695066
6481,-1.2633172792556313,-0.008298802814695066
6482,-1.2633266709667348,-0.008298802814695066
6483,-1.2633269897619437,-0.008298802814695066
6484,-1.2633311462920955,-0.008298802814695066
6485,-1.2633368663494156,-0.008298802814695066
6486,-1.263352215239026,-0.008298802814695066
6487,-1.2633682655875216,-0.008298802814695066
6488,-1.2633683118927812,-0.008298802814695066
6489,-1.2633782214282534,-0.008298802814695066
6490,-1.2633824909158602,-0.008298802814695066
6491,-1.2633870428354934,-0.008298802814695066
6492,-1.2633945474427135,-0.008298802814695066
6493,-1.2634090925408352,-0.008298802814695066
6494,-1.263416248370585,-0.008298802814695066
6495,-1.2634353069735904,-0.008298802814695066
6496,-1.2634359198350396,-0.008298802814695066
6497,-1.263447432335395,-0.008298802814695066
6498,-1.263453257582687,-0.008298802814695066
6499,-1.263453350861704,-0.008298802814695066
6500,-1.2634566487499124,-0.008298802814695066
6501,-1.2634567782407795,-0.008298802814695066
6502,-1.2634720571991296,-0.008298802814695066
6503,-1.263491157669444,-0.008298802814695066
6504,-1.2634961152188136,-0.008298802814695066
6505,-1.263498769801259,-0.008298802814695066
6506,-1.2635025722942674,-0.008298802814695066
6507,-1.2635081334262412,-0.008298802814695066
6508,-1.2635083333713313,-0.008298802814695066
6509,-1.263510610528732,-0.008298802814695066
6510,-1.2635175345005298,-0.008298802814695066
6511,-1.2635190433826318,-0.008298802814695066
6512,-1.2635305283907876,-0.008298802814695066
6513,-1.2635373227494124,-0.008298802814695066
6514,-1.2635436711749042,-0.008298802814695066
6515,-1.2635472266377716,-0.008298802814695066
6516,-1.2635592545998833,-0.008298802814695066
6517,-1.2635679339117782,-0.008298802814695066
6518,-1.2635705512587152,-0.008298802814695066
6519,-1.2635756044988324,-0.008298802814695066
6520,-1.2636007389525379,-0.008298802814695066
6521,-1.263609344483408,-0.008298802814695066
6522,-1.2636135061038596,-0.008298802814695066
6523,-1.2636262010106283,-0.008298802814695066
6524,-1.2636284686800798,-0.008298802814695066
6525,-1.2636389418185277,-0.008298802814695066
6526,-1.2636540225433441,-0.008298802814695066
6527,-1.263661180032074,-0.008298802814695066
6528,-1.2636654116027952,-0.008298802814695066
6529,-1.2636662996300279,-0.008298802814695066
6530,-1.2636665934476548,-0.008298802814695066
6531,-1.263679787819811,-0.008298802814695066
6532,-1.2636889507455562,-0.008298802814695066
6533,-1.263694854029085,-0.008298802814695066
6534,-1.263695453223317,-0.008298802814695066
6535,-1.2636955508871326,-0.008298802814695066
6536,-1.2636966397787655,-0.008298802814695066
6537,-1.263698055202771,-0.008298802814695066
6538,-1.2637067605204952,-0.008298802814695066
6539,-1.263707955332582,-0.008298802814695066
6540,-1.263743195872094,-0.008298802814695066
6541,-1.2637448563069682,-0.008298802814695066
6542,-1.2637507753893886,-0.008298802814695066
6543,-1.2637521962849867,-0.008298802814695066
6544,-1.2637641983639745,-0.008298802814695066
6545,-1.263783923774665,-0.008298802814695066
6546,-1.2637998836529565,-0.008298802814695066
6547,-1.2638322120269705,-0.008298802814695066
6548,-1.2638503593491424,-0.008298802814695066
6549,-1.2638612347275089,-0.008298802814695066
6550,-1.263864615058228,-0.008298802814695066
6551,-1.2638853518264903,-0.008298802814695066
6552,-1.26388760795241,-0.008298802814695066
6553,-1.263904017771339,-0.008298802814695066
6554,-1.2639075967399558,-0.008298802814695066
6555,-1.2639360876436245,-0.008298802814695066
6556,-1.2639380502421043,-0.008298802814695066
6557,-1.263941803721876,-0.008298802814695066
6558,-1.263952439322351,-0.008298802814695066
6559,-1.263952872388135,-0.008298802814695066
6560,-1.2639765559703269,-0.008298802814695066
6561,-1.2639775802369422,-0.008298802814695066
6562,-1.2639824069011978,-0.008298802814695066
6563,-1.2639911462378062,-0.008298802814695066
6564,-1.2639921752734937,-0.008298802814695066
6565,-1.2639942167078118,-0.008298802814695066
6566,-1.264006406499037,-0.008298802814695066
6567,-1.2640113295897486,-0.008298802814695066
6568,-1.2640369707111234,-0.008298802814695066
6569,-1.2640379840242475,-0.008298802814695066
6570,-1.2640530269876868,-0.008298802814695066
6571,-1.2640601886298255,-0.008298802814695066
6572,-1.2640613732385433,-0.008298802814695066
6573,-1.2640817550815469,-0.008298802814695066
6574,-1.2640820207787906,-0.008298802814695066
6575,-1.2640835227470966,-0.008298802814695066
6576,-1.2640954614003779,-0.008298802814695066
6577,-1.2641206460639582,-0.008298802814695066
6578,-1.2641263956803743,-0.008298802814695066
6579,-1.2641271541298902,-0.008298802814695066
6580,-1.2641301824010787,-0.008298802814695066
6581,-1.2641310598325977,-0.008298802814695066
6582,-1.2641345489349125,-0.008298802814695066
6583,-1.2641469739092126,-0.008298802814695066
6584,-1.2641470262893924,-0.008298802814695066
6585,-1.2641528326428928,-0.008298802814695066
6586,-1.2641722153201342,-0.008298802814695066
6587,-1.2641919175640748,-0.008298802814695066
6588,-1.2641982094869935,-0.008298802814695066
6589,-1.2642029856621835,-0.008298802814695066
6590,-1.2642613222616688,-0.008298802814695066
6591,-1.2642663096061155,-0.008298802814695066
6592,-1.2642734669219822,-0.008298802814695066
6593,-1.2642772209625615,-0.008298802814695066
6594,-1.2642785656014208,-0.008298802814695066
6595,-1.2642809738399075,-0.008298802814695066
6596,-1.2642820644063688,-0.008298802814695066
6597,-1.2642836550925616,-0.008298802814695066
6598,-1.2642975867167627,-0.008298802814695066
6599,-1.2643039416057864,-0.008298802814695066
6600,-1.2643436342549634,-0.008298802814695066
6601,-1.2643646135278361,-0.008298802814695066
6602,-1.2643728315969331,-0.008298802814695066
6603,-1.2643749206020778,-0.008298802814695066
6604,-1.2643771569060878,-0.008298802814695066
6605,-1.2643803358421026,-0.008298802814695066
6606,-1.2643853263426421,-0.008298802814695066
6607,-1.2643876342657296,-0.008298802814695066
6608,-1.2643904657676344,-0.008298802814695066
6609,-1.2644120690482419,-0.008298802814695066
6610,-1.2644313982439594,-0.008298802814695066
6611,-1.2644428122042755,-0.008298802814695066
6612,-1.264444073570182,-0.008298802814695066
6613,-1.2644482895353963,-0.008298802814695066
6614,-1.2644540566339972,-0.008298802814695066
6615,-1.2644564996665022,-0.008298802814695066
6616,-1.2644599685248168,-0.008298802814695066
6617,-1.264459993717402,-0.008298802814695066
6618,-1.2644702285625462,-0.008298802814695066
6619,-1.2644752562614825,-0.008298802814695066
6620,-1.264477659095176,-0.008298802814695066
6621,-1.2644870327330642,-0.008298802814695066
6622,-1.2644968824051523,-0.008298802814695066
6623,-1.2645053808544104,-0.008298802814695066
6624,-1.2645093189294612,-0.008298802814695066
6625,-1.2645180694300338,-0.008298802814695066
6626,-1.2645348400350616,-0.008298802814695066
6627,-1.2645357109911899,-0.008298802814695066
6628,-1.2645410515584146,-0.008298802814695066
6629,-1.2645453691037725,-0.008298802814695066
6630,-1.2645589771515953,-0.008298802814695066
6631,-1.2645639964514257,-0.008298802814695066
6632,-1.2645644520354458,-0.008298802814695066
6633,-1.264568256188554,-0.008298802814695066
6634,-1.2645724287640852,-0.008298802814695066
6635,-1.2645749640479151,-0.008298802814695066
6636,-1.2645789342836031,-0.008298802814695066
6637,-1.2645793015042432,-0.008298802814695066
6638,-1.2645952378139744,-0.008298802814695066
6639,-1.2646000612838904,-0.008298802814695066
6640,-1.2646200161124481,-0.008298802814695066
6641,-1.264620739963457,-0.008298802814695066
6642,-1.2646341972574429,-0.008298802814695066
6643,-1.2646429333911215,-0.008298802814695066
6644,-1.2646450440293995,-0.008298802814695066
6645,-1.264645069252631,-0.008298802814695066
6646,-1.2646457449813728,-0.008298802814695066
6647,-1.2646515058355465,-0.008298802814695066
6648,-1.264663063237242,-0.008298802814695066
6649,-1.2646652667477534,-0.008298802814695066
6650,-1.2646664837791723,-0.008298802814695066
6651,-1.2646730674087185,-0.008298802814695066
6652,-1.2646818209910242,-0.008298802814695066
6653,-1.2646889882260663,-0.008298802814695066
6654,-1.26470037977279,-0.008298802814695066
6655,-1.264713078507197,-0.008298802814695066
6656,-1.264716464755779,-0.008298802814695066
6657,-1.2647199475019908,-0.008298802814695066
6658,-1.2647201170584492,-0.008298802814695066
6659,-1.2647320059496623,-0.008298802814695066
6660,-1.26473575882707,-0.008298802814695066
6661,-1.2647413256294802,-0.008298802814695066
6662,-1.2647426695294053,-0.008298802814695066
6663,-1.2647525189440048,-0.008298802814695066
6664,-1.2647542780873464,-0.008298802814695066
6665,-1.2647642690883074,-0.008298802814695066
6666,-1.2647674920074796,-0.008298802814695066
6667,-1.2647719084673632,-0.008298802814695066
6668,-1.2647748196648834,-0.008298802814695066
6669,-1.2647836436727817,-0.008298802814695066
6670,-1.264789059933419,-0.008298802814695066
6671,-1.2647899814131658,-0.008298802814695066
6672,-1.2647914880667126,-0.008298802814695066
6673,-1.2648027350820197,-0.008298802814695066
6674,-1.2648282490951017,-0.008298802814695066
6675,-1.2648292211632586,-0.008298802814695066
6676,-1.2648331404696187,-0.008298802814695066
6677,-1.264844633864798,-0.008298802814695066
6678,-1.2648462038646657,-0.008298802814695066
6679,-1.264850250990102,-0.008298802814695066
6680,-1.264869447095672,-0.008298802814695066
6681,-1.264871825522623,-0.008298802814695066
6682,-1.2648897131459114,-0.008298802814695066
6683,-1.2648925370080626,-0.008298802814695066
6684,-1.264893769917478,-0.008298802814695066
6685,-1.2649117935486294,-0.008298802814695066
6686,-1.2649185062613548,-0.008298802814695066
6687,-1.2649205171384168,-0.008298802814695066
6688,-1.2649262109520953,-0.008298802814695066
6689,-1.264935717756257,-0.008298802814695066
6690,-1.2649363936068987,-0.008298802814695066
6691,-1.26494078280617,-0.008298802814695066
6692,-1.264944925375453,-0.008298802814695066
6693,-1.26496034225951,-0.008298802814695066
6694,-1.2649668048461615,-0.008298802814695066
6695,-1.2649671002394276,-0.008298802814695066
6696,-1.2650077328128209,-0.008298802814695066
6697,-1.2650192495221715,-0.008298802814695066
6698,-1.2650283258836397,-0.008298802814695066
6699,-1.2650312917935058,-0.008298802814695066
6700,-1.2650362179253098,-0.008298802814695066
6701,-1.2650409534008278,-0.008298802814695066
6702,-1.2650434677932814,-0.008298802814695066
6703,-1.2650441380669262,-0.008298802814695066
6704,-1.2650448795947615,-0.008298802814695066
6705,-1.2650479512232975,-0.008298802814695066
6706,-1.2650483927901033,-0.008298802814695066
6707,-1.2650559978241471,-0.008298802814695066
6708,-1.2650571217995705,-0.008298802814695066
6709,-1.2650672013320936,-0.008298802814695066
6710,-1.2650719078233716,-0.008298802814695066
6711,-1.2650775819684015,-0.008298802814695066
6712,-1.2650809785034272,-0.008298802814695066
6713,-1.265085258548708,-0.008298802814695066
6714,-1.265090576592622,-0.008298802814695066
6715,-1.2650931372247076,-0.008298802814695066
6716,-1.2651104399896989,-0.008298802814695066
6717,-1.2651109209877074,-0.008298802814695066
6718,-1.2651236102221017,-0.008298802814695066
6719,-1.2651299856548484,-0.008298802814695066
6720,-1.2651311779020158,-0.008298802814695066
6721,-1.2651348644045806,-0.008298802814695066
6722,-1.2651360127753528,-0.008298802814695066
6723,-1.2651413681319275,-0.008298802814695066
6724,-1.2651462404410976,-0.008298802814695066
6725,-1.2651466778891447,-0.008298802814695066
6726,-1.265153222844961,-0.008298802814695066
6727,-1.2651581878890135,-0.008298802814695066
6728,-1.2651612094113198,-0.008298802814695066
6729,-1.2651638031970445,-0.008298802814695066
6730,-1.2651738954462806,-0.008298802814695066
6731,-1.2651845622711302,-0.008298802814695066
6732,-1.2651855686654154,-0.008298802814695066
6733,-1.2651908726218413,-0.008298802814695066
6734,-1.2651928706528979,-0.008298802814695066
6735,-1.2651945417329498,-0.008298802814695066
6736,-1.2651987824500697,-0.008298802814695066
6737,-1.2652041449269424,-0.008298802814695066
6738,-1.2652057505381509,-0.008298802814695066
6739,-1.2652079152718219,-0.008298802814695066
6740,-1.265210391095477,-0.008298802814695066
6741,-1.2652240629529308,-0.008298802814695066
6742,-1.2652246446386082,-0.008298802814695066
6743,-1.2652276100140136,-0.008298802814695066
6744,-1.2652328503316481,-0.008298802814695066
6745,-1.265236229505886,-0.008298802814695066
6746,-1.2652376249523836,-0.008298802814695066
6747,-1.2652386402562181,-0.008298802814695066
6748,-1.2652433214759977,-0.008298802814695066
6749,-1.2652507226378713,-0.008298802814695066
6750,-1.2652650648044896,-0.008298802814695066
6751,-1.2652669475753116,-0.008298802814695066
6752,-1.2652682947063278,-0.008298802814695066
6753,-1.2652691306969308,-0.008298802814695066
6754,-1.265274879111244,-0.008298802814695066
6755,-1.2652809192958654,-0.008298802814695066
6756,-1.2652982573099134,-0.008298802814695066
6757,-1.2653002907605793,-0.008298802814695066
6758,-1.2653067239697804,-0.008298802814695066
6759,-1.265308256587921,-0.008298802814695066
6760,-1.2653138736864813,-0.008298802814695066
6761,-1.265314086933376,-0.008298802814695066
6762,-1.2653157924900187,-0.008298802814695066
6763,-1.2653191556536008,-0.008298802814695066
6764,-1.2653255204162,-0.008298802814695066
6765,-1.2653342827364158,-0.008298802814695066
6766,-1.2653405663368682,-0.008298802814695066
6767,-1.26534343911523,-0.008298802814695066
6768,-1.2653448252126969,-0.008298802814695066
6769,-1.2653514188661288,-0.008298802814695066
6770,-1.2653546501736996,-0.008298802814695066
6771,-1.2653596601061567,-0.008298802814695066
6772,-1.265359670527927,-0.008298802814695066
6773,-1.265369473290384,-0.008298802814695066
6774,-1.265392232618356,-0.008298802814695066
6775,-1.2653966040207227,-0.008298802814695066
6776,-1.2654005993200725,-0.008298802814695066
6777,-1.2654119284712082,-0.008298802814695066
6778,-1.2654131322134672,-0.008298802814695066
6779,-1.2654173012992305,-0.008298802814695066
6780,-1.2654403947550348,-0.008298802814695066
6781,-1.2654431332764347,-0.008298802814695066
6782,-1.2654450674462772,-0.008298802814695066
6783,-1.2654459696686045,-0.008298802814695066
6784,-1.2654556660167273,-0.008298802814695066
6785,-1.265456181845512,-0.008298802814695066
6786,-1.2654624569642583,-0.008298802814695066
6787,-1.2654625300035525,-0.008298802814695066
6788,-1.265467733508457,-0.008298802814695066
6789,-1.2654685983538982,-0.008298802814695066
6790,-1.265468748860267,-0.008298802814695066
6791,-1.2654759815623238,-0.008298802814695066
6792,-1.2654801857248574,-0.008298802814695066
6793,-1.265482429071805,-0.008298802814695066
6794,-1.2654840921289925,-0.008298802814695066
6795,-1.2654898477356493,-0.008298802814695066
6796,-1.2654899893230076,-0.008298802814695066
6797,-1.2654912802882081,-0.008298802814695066
6798,-1.265506276411076,-0.008298802814695066
6799,-1.2655063836920342,-0.008298802814695066
6800,-1.2655071313389934,-0.008298802814695066
6801,-1.265509625035147,-0.008298802814695066
6802,-1.2655119107442503,-0.008298802814695066
6803,-1.2655188268657434,-0.008298802814695066
6804,-1.2655224545327444,-0.008298802814695066
6805,-1.2655374777589254,-0.008298802814695066
6806,-1.2655388833063452,-0.008298802814695066
6807,-1.2655425628435346,-0.008298802814695066
6808,-1.265547301631406,-0.008298802814695066
6809,-1.2655569847456516,-0.008298802814695066
6810,-1.2655607840055612,-0.008298802814695066
6811,-1.2655643534673653,-0.008298802814695066
6812,-1.2655701343109391,-0.008298802814695066
6813,-1.2655793602067078,-0.008298802814695066
6814,-1.2655859345691902,-0.008298802814695066
6815,-1.2655861164578617,-0.008298802814695066
6816,-1.2655920258996813,-0.008298802814695066
6817,-1.2655990494351985,-0.008298802814695066
6818,-1.265605721099743,-0.008298802814695066
6819,-1.2656202157340022,-0.008298802814695066
6820,-1.2656221049234047,-0.008298802814695066
6821,-1.2656230699205762,-0.008298802814695066
6822,-1.2656249960901134,-0.008298802814695066
6823,-1.2656298808762687,-0.008298802814695066
6824,-1.2656376886112937,-0.008298802814695066
6825,-1.2656429392355422,-0.008298802814695066
6826,-1.2656432383246607,-0.008298802814695066
6827,-1.265646656101196,-0.008298802814695066
6828,-1.2656484067875233,-0.008298802814695066
6829,-1.2656598775198578,-0.008298802814695066
6830,-1.265664027108608,-0.008298802814695066
6831,-1.2656725846744727,-0.008298802814695066
6832,-1.2656780295651284,-0.008298802814695066
6833,-1.265679065030299,-0.008298802814695066
6834,-1.2656802614528777,-0.008298802814695066
6835,-1.2656812934464872,-0.008298802814695066
6836,-1.26568999105578,-0.008298802814695066
6837,-1.265690947707116,-0.008298802814695066
6838,-1.2656953193905824,-0.008298802814695066
6839,-1.2656963220381692,-0.008298802814695066
6840,-1.2657146391466898,-0.008298802814695066
6841,-1.2657199918407005,-0.008298802814695066
6842,-1.2657381055576602,-0.008298802814695066
6843,-1.2657400004278367,-0.008298802814695066
6844,-1.2657508283227563,-0.008298802814695066
6845,-1.265751944023207,-0.008298802814695066
6846,-1.265759036450742,-0.008298802814695066
6847,-1.2657644079985428,-0.008298802814695066
6848,-1.2657674289336562,-0.008298802814695066
6849,-1.2657815538098587,-0.008298802814695066
6850,-1.2657845402662502,-0.008298802814695066
6851,-1.2657985537427197,-0.008298802814695066
6852,-1.2658045074156101,-0.008298802814695066
6853,-1.265819768309431,-0.008298802814695066
6854,-1.2658202174451203,-0.008298802814695066
6855,-1.2658247867637629,-0.008298802814695066
6856,-1.2658385291969372,-0.008298802814695066
6857,-1.2658506243122174,-0.008298802814695066
6858,-1.2658593045821902,-0.008298802814695066
6859,-1.2658601870509771,-0.008298802814695066
6860,-1.2658623671541624,-0.008298802814695066
6861,-1.265864028649207,-0.008298802814695066
6862,-1.2658668081813456,-0.008298802814695066
6863,-1.2658787220150798,-0.008298802814695066
6864,-1.2658869070955798,-0.008298802814695066
6865,-1.2658937743865075,-0.008298802814695066
6866,-1.2659011346908668,-0.008298802814695066
6867,-1.26590970495797,-0.008298802814695066
6868,-1.2659128342198998,-0.008298802814695066
6869,-1.2659128875244772,-0.008298802814695066
6870,-1.2659160008694292,-0.008298802814695066
6871,-1.2659171480898097,-0.008298802814695066
6872,-1.2659272890063602,-0.008298802814695066
6873,-1.2659280870138874,-0.008298802814695066
6874,-1.2659372434177572,-0.008298802814695066
6875,-1.2659402983278665,-0.008298802814695066
6876,-1.265941159025053,-0.008298802814695066
6877,-1.2659434408618166,-0.008298802814695066
6878,-1.2659453361483022,-0.008298802814695066
6879,-1.2659463229582872,-0.008298802814695066
6880,-1.2659506455891143,-0.008298802814695066
6881,-1.2659533264785745,-0.008298802814695066
6882,-1.2659535281845116,-0.008298802814695066
6883,-1.265954418016317,-0.008298802814695066
6884,-1.2659634247913245,-0.008298802814695066
6885,-1.265972946053073,-0.008298802814695066
6886,-1.2659735122340445,-0.008298802814695066
6887,-1.2659741458736744,-0.008298802814695066
6888,-1.2659768104580789,-0.008298802814695066
6889,-1.265980896040595,-0.008298802814695066
6890,-1.2659905727052538,-0.008298802814695066
6891,-1.2659907407734403,-0.008298802814695066
6892,-1.2659998432706492,-0.008298802814695066
6893,-1.2660069643864285,-0.008298802814695066
6894,-1.2660078721526835,-0.008298802814695066
6895,-1.266016257885301,-0.008298802814695066
6896,-1.2660175127620372,-0.008298802814695066
6897,-1.266029812365125,-0.008298802814695066
6898,-1.2660314286216199,-0.008298802814695066
6899,-1.2660342233846569,-0.008298802814695066
6900,-1.2660346606057784,-0.008298802814695066
6901,-1.266038089890622,-0.008298802814695066
6902,-1.2660404658642401,-0.008298802814695066
6903,-1.2660522043420233,-0.008298802814695066
6904,-1.2660623207667385,-0.008298802814695066
6905,-1.2660701238555079,-0.008298802814695066
6906,-1.2660701364971336,-0.008298802814695066
6907,-1.266077222898693,-0.008298802814695066
6908,-1.26608190774014,-0.008298802814695066
6909,-1.2660958314398498,-0.008298802814695066
6910,-1.2660966643357712,-0.008298802814695066
6911,-1.2660991130952817,-0.008298802814695066
6912,-1.2661038184965996,-0.008298802814695066
6913,-1.2661056517994569,-0.008298802814695066
6914,-1.2661068739436028,-0.008298802814695066
6915,-1.2661070346554433,-0.008298802814695066
6916,-1.266112400878884,-0.008298802814695066
6917,-1.2661129742614647,-0.008298802814695066
6918,-1.266114159136758,-0.008298802814695066
6919,-1.2661229845898436,-0.008298802814695066
6920,-1.2661347510312062,-0.008298802814695066
6921,-1.2661394712256435,-0.008298802814695066
6922,-1.2661436484101296,-0.008298802814695066
6923,-1.266145272735094,-0.008298802814695066
6924,-1.2661492236181295,-0.008298802814695066
6925,-1.2661496941495576,-0.008298802814695066
6926,-1.2661560288838798,-0.008298802814695066
6927,-1.2661561353936597,-0.008298802814695066
6928,-1.2661569266128034,-0.008298802814695066
6929,-1.2661680969558429,-0.008298802814695066
6930,-1.2661685763402626,-0.008298802814695066
6931,-1.2661738350989227,-0.008298802814695066
6932,-1.2661769154578442,-0.008298802814695066
6933,-1.2661776808566483,-0.008298802814695066
6934,-1.2661788807161167,-0.008298802814695066
6935,-1.2661867095265766,-0.008298802814695066
6936,-1.2661971059301969,-0.008298802814695066
6937,-1.266203280375769,-0.008298802814695066
6938,-1.2662054135494616,-0.008298802814695066
6939,-1.2662081112637114,-0.008298802814695066
6940,-1.2662085967393202,-0.008298802814695066
6941,-1.2662099531443682,-0.008298802814695066
6942,-1.2662131862679782,-0.008298802814695066
6943,-1.266213927534694,-0.008298802814695066
6944,-1.2662165379277925,-0.008298802814695066
6945,-1.2662271052249592,-0.008298802814695066
6946,-1.266227382394066,-0.008298802814695066
6947,-1.2662321966929753,-0.008298802814695066
6948,-1.2662336346591552,-0.008298802814695066
6949,-1.266236952266758,-0.008298802814695066
6950,-1.2662389834632877,-0.008298802814695066
6951,-1.2662422711466053,-0.008298802814695066
6952,-1.2662476623714094,-0.008298802814695066
6953,-1.2662537997174614,-0.008298802814695066
6954,-1.266256281329519,-0.008298802814695066
6955,-1.266258337036875,-0.008298802814695066
6956,-1.2662592351588056,-0.008298802814695066
6957,-1.2662684806313216,-0.008298802814695066
6958,-1.2662693977279644,-0.008298802814695066
6959,-1.2662751999098836,-0.008298802814695066
6960,-1.2662770381608126,-0.008298802814695066
6961,-1.2662771179944767,-0.008298802814695066
6962,-1.2662799363345547,-0.008298802814695066
6963,-1.2662868220168089,-0.008298802814695066
6964,-1.2662871662679025,-0.008298802814695066
6965,-1.266290135920649,-0.008298802814695066
6966,-1.2662923665366073,-0.008298802814695066
6967,-1.2662930456172716,-0.008298802814695066
6968,-1.2663055978385933,-0.008298802814695066
6969,-1.2663081224578692,-0.008298802814695066
6970,-1.266317588268692,-0.008298802814695066
6971,-1.2663198902382713,-0.008298802814695066
6972,-1.2663204602713316,-0.008298802814695066
6973,-1.2663353439716372,-0.008298802814695066
6974,-1.266337411678886,-0.008298802814695066
6975,-1.2663469388889956,-0.008298802814695066
6976,-1.266348474350047,-0.008298802814695066
6977,-1.266348727421091,-0.008298802814695066
6978,-1.2663513957214614,-0.008298802814695066
6979,-1.2663581228454186,-0.008298802814695066
6980,-1.2663598313875828,-0.008298802814695066
6981,-1.2663633884496732,-0.008298802814695066
6982,-1.2663644441448603,-0.008298802814695066
6983,-1.2663677345062387,-0.008298802814695066
6984,-1.2663681239533786,-0.008298802814695066
6985,-1.2663801658744234,-0.008298802814695066
6986,-1.2663810147085934,-0.008298802814695066
6987,-1.266383542099487,-0.008298802814695066
6988,-1.2663876069373223,-0.008298802814695066
6989,-1.2663893409233613,-0.008298802814695066
6990,-1.2663934461028115,-0.008298802814695066
6991,-1.266399363022837,-0.008298802814695066
6992,-1.2664016788744639,-0.008298802814695066
6993,-1.2664027171552088,-0.008298802814695066
6994,-1.2664149003297425,-0.008298802814695066
6995,-1.2664153986729103,-0.008298802814695066
6996,-1.2664157184561042,-0.008298802814695066
6997,-1.2664172997320242,-0.008298802814695066
6998,-1.2664204374836365,-0.008298802814695066
6999,-1.2664268072384002,-0.008298802814695066
7000,-1.2664270763127972,-0.008298802814695066
7001,-1.2664319360098826,-0.008298802814695066
7002,-1.2664335902560069,-0.008298802814695066
7003,-1.2664336383789614,-0.008298802814695066
7004,-1.266445745690033,-0.008298802814695066
7005,-1.2664479197608773,-0.008298802814695066
7006,-1.2664482536639485,-0.008298802814695066
7007,-1.266450782763131,-0.008298802814695066
7008,-1.2664525467602525,-0.008298802814695066
7009,-1.2664575812059056,-0.008298802814695066
7010,-1.2664600396238257,-0.008298802814695066
7011,-1.266461413555359,-0.008298802814695066
7012,-1.266462448697573,-0.008298802814695066
7013,-1.266464780747494,-0.008298802814695066
7014,-1.266466919636032,-0.008298802814695066
7015,-1.2664748027563126,-0.008298802814695066
7016,-1.26647827733426,-0.008298802814695066
7017,-1.2664845807219565,-0.008298802814695066
7018,-1.2664858545756652,-0.008298802814695066
7019,-1.2664891968037026,-0.008298802814695066
7020,-1.2664951069217596,-0.008298802814695066
7021,-1.2664955615169409,-0.008298802814695066
7022,-1.2665013452971141,-0.008298802814695066
7023,-1.2665084769041255,-0.008298802814695066
7024,-1.266508629035879,-0.008298802814695066
7025,-1.2665092441576513,-0.008298802814695066
7026,-1.2665125644447506,-0.008298802814695066
7027,-1.2665271400055729,-0.008298802814695066
7028,-1.2665371540224106,-0.008298802814695066
7029,-1.2665375451600822,-0.008298802814695066
7030,-1.2665422141293519,-0.008298802814695066
7031,-1.2665446895110148,-0.008298802814695066
7032,-1.266547223099117,-0.008298802814695066
7033,-1.2665509164699376,-0.008298802814695066
7034,-1.2665514023234241,-0.008298802814695066
7035,-1.2665539756243587,-0.008298802814695066
7036,-1.2665546068120657,-0.008298802814695066
7037,-1.2665576627399409,-0.008298802814695066
7038,-1.266559959838172,-0.008298802814695066
7039,-1.2665624016616923,-0.008298802814695066
7040,-1.2665679927387739,-0.008298802814695066
7041,-1.2665688572939184,-0.008298802814695066
7042,-1.266572407549866,-0.008298802814695066
7043,-1.2665761470877586,-0.008298802814695066
7044,-1.2665816186176286,-0.008298802814695066
7045,-1.2665864088670493,-0.008298802814695066
7046,-1.266591788970207,-0.008298802814695066
7047,-1.2665942167095765,-0.008298802814695066
7048,-1.2665953693366228,-0.008298802814695066
7049,-1.2665993690440225,-0.008298802814695066
7050,-1.266600763103335,-0.008298802814695066
7051,-1.266608410144424,-0.008298802814695066
7052,-1.266627475407845,-0.008298802814695066
7053,-1.2666353852972148,-0.008298802814695066
7054,-1.266643749099905,-0.008298802814695066
7055,-1.2666454332626718,-0.008298802814695066
7056,-1.2666469803292064,-0.008298802814695066
7057,-1.2666491774075834,-0.008298802814695066
7058,-1.2666506467431293,-0.008298802814695066
7059,-1.266652859542812,-0.008298802814695066
7060,-1.2666655841014236,-0.008298802814695066
7061,-1.2666744729779578,-0.008298802814695066
7062,-1.2666745047085988,-0.008298802814695066
7063,-1.2666780245320106,-0.008298802814695066
7064,-1.2666921829556532,-0.008298802814695066
7065,-1.2666935793918646,-0.008298802814695066
7066,-1.2666941302294212,-0.008298802814695066
7067,-1.266696142838795,-0.008298802814695066
7068,-1.266698214565649,-0.008298802814695066
7069,-1.2666995604869034,-0.008298802814695066
7070,-1.2667060295343582,-0.008298802814695066
7071,-1.2667128277227644,-0.008298802814695066
7072,-1.2667173501502027,-0.008298802814695066
7073,-1.2667185066585245,-0.008298802814695066
7074,-1.2667252548876426,-0.008298802814695066
7075,-1.266747893432153,-0.008298802814695066
7076,-1.2667526756467289,-0.008298802814695066
7077,-1.2667556530018034,-0.008298802814695066
7078,-1.266756514407386,-0.008298802814695066
7079,-1.266757324710651,-0.008298802814695066
7080,-1.2667584304034805,-0.008298802814695066
7081,-1.2667588783528543,-0.008298802814695066
7082,-1.2667665254865577,-0.008298802814695066
7083,-1.2667692742768848,-0.008298802814695066
7084,-1.2667726940391733,-0.008298802814695066
7085,-1.2667727487968565,-0.008298802814695066
7086,-1.2667729637623089,-0.008298802814695066
7087,-1.2667802437217863,-0.008298802814695066
7088,-1.2667843790162603,-0.008298802814695066
7089,-1.2667998493656623,-0.008298802814695066
7090,-1.266801351586358,-0.008298802814695066
7091,-1.2668119063754393,-0.008298802814695066
7092,-1.2668210877223824,-0.008298802814695066
7093,-1.2668418621141468,-0.008298802814695066
7094,-1.2668421488351738,-0.008298802814695066
7095,-1.266848492702614,-0.008298802814695066
7096,-1.266851487325187,-0.008298802814695066
7097,-1.2668519165867524,-0.008298802814695066
7098,-1.2668542043963096,-0.008298802814695066
7099,-1.266860622688378,-0.008298802814695066
7100,-1.2668608146951215,-0.008298802814695066
7101,-1.2668738103663764,-0.008298802814695066
7102,-1.266883653417347,-0.008298802814695066
7103,-1.266887114399439,-0.008298802814695066
7104,-1.2668907582766882,-0.008298802814695066
7105,-1.2668930918007666,-0.008298802814695066
7106,-1.2668981496549083,-0.008298802814695066
7107,-1.266900752121487,-0.008298802814695066
7108,-1.2669046289986547,-0.008298802814695066
7109,-1.2669075685180966,-0.008298802814695066
7110,-1.2669082564653384,-0.008298802814695066
7111,-1.2669153912428288,-0.008298802814695066
7112,-1.2669197681311648,-0.008298802814695066
7113,-1.266919906954448,-0.008298802814695066
7114,-1.2669216102424619,-0.008298802814695066
7115,-1.2669218325479388,-0.008298802814695066
7116,-1.2669254611278538,-0.008298802814695066
7117,-1.2669267149508656,-0.008298802814695066
7118,-1.2669269834394343,-0.008298802814695066
7119,-1.2669270372760026,-0.008298802814695066
7120,-1.2669310886206873,-0.008298802814695066
7121,-1.2669326090902566,-0.008298802814695066
7122,-1.2669398043578628,-0.008298802814695066
7123,-1.2669457993778646,-0.008298802814695066
7124,-1.26694945720508,-0.008298802814695066
7125,-1.2669569685754647,-0.008298802814695066
7126,-1.2669623678720605,-0.008298802814695066
7127,-1.266963336136702,-0.008298802814695066
7128,-1.266969141073376,-0.008298802814695066
7129,-1.266981842721035,-0.008298802814695066
7130,-1.2669821304569127,-0.008298802814695066
7131,-1.2669900962672724,-0.008298802814695066
7132,-1.2669934359717834,-0.008298802814695066
7133,-1.2669943540351902,-0.008298802814695066
7134,-1.2669991006171681,-0.008298802814695066
7135,-1.2670064136255705,-0.008298802814695066
7136,-1.26700642514887,-0.008298802814695066
7137,-1.267009485935254,-0.008298802814695066
7138,-1.2670098987965752,-0.008298802814695066
7139,-1.2670160719763073,-0.008298802814695066
7140,-1.2670195397804358,-0.008298802814695066
7141,-1.2670224059852022,-0.008298802814695066
7142,-1.2670237278704817,-0.008298802814695066
7143,-1.2670268093818755,-0.008298802814695066
7144,-1.2670271489696907,-0.008298802814695066
7145,-1.2670313632871129,-0.008298802814695066
7146,-1.2670330204828302,-0.008298802814695066
7147,-1.267036043612791,-0.008298802814695066
7148,-1.26703648142812,-0.008298802814695066
7149,-1.2670391577375444,-0.008298802814695066
7150,-1.2670391751790908,-0.008298802814695066
7151,-1.2670398926731943,-0.008298802814695066
7152,-1.2670433243574069,-0.008298802814695066
7153,-1.2670534523431076,-0.008298802814695066
7154,-1.267053682752735,-0.008298802814695066
7155,-1.2670542450986864,-0.008298802814695066
7156,-1.2670570345056085,-0.008298802814695066
7157,-1.2670571082724147,-0.008298802814695066
7158,-1.2670599739341044,-0.008298802814695066
7159,-1.2670641712421007,-0.008298802814695066
7160,-1.2670742990955348,-0.008298802814695066
7161,-1.2670748878749758,-0.008298802814695066
7162,-1.267081023093326,-0.008298802814695066
7163,-1.26708936058965,-0.008298802814695066
7164,-1.2670927742428564,-0.008298802814695066
7165,-1.267107780776277,-0.008298802814695066
7166,-1.267110070547028,-0.008298802814695066
7167,-1.2671112041053938,-0.008298802814695066
7168,-1.2671126585577501,-0.008298802814695066
7169,-1.2671155876434397,-0.008298802814695066
7170,-1.2671224839038624,-0.008298802814695066
7171,-1.26712325193091,-0.008298802814695066
7172,-1.2671261345251108,-0.008298802814695066
7173,-1.2671353567796588,-0.008298802814695066
7174,-1.2671415447068268,-0.008298802814695066
7175,-1.2671420391183201,-0.008298802814695066
7176,-1.2671450475445707,-0.008298802814695066
7177,-1.2671455284672537,-0.008298802814695066
7178,-1.267147747545335,-0.008298802814695066
7179,-1.2671481005704655,-0.008298802814695066
7180,-1.2671511003606424,-0.008298802814695066
7181,-1.267152304593355,-0.008298802814695066
7182,-1.2671592506570044,-0.008298802814695066
7183,-1.2671627816863178,-0.008298802814695066
7184,-1.2671723930259706,-0.008298802814695066
7185,-1.2671749967678274,-0.008298802814695066
7186,-1.267175082231193,-0.008298802814695066
7187,-1.2671756543054837,-0.008298802814695066
7188,-1.2671901746599208,-0.008298802814695066
7189,-1.2671913287342003,-0.008298802814695066
7190,-1.2671913563909671,-0.008298802814695066
7191,-1.267192090763892,-0.008298802814695066
7192,-1.2671966724668604,-0.008298802814695066
7193,-1.2671969270719547,-0.008298802814695066
7194,-1.2671983006403544,-0.008298802814695066
7195,-1.267199863555934,-0.008298802814695066
7196,-1.2672056866293315,-0.008298802814695066
7197,-1.2672074435247136,-0.008298802814695066
7198,-1.2672123476822876,-0.008298802814695066
7199,-1.26722042340607,-0.008298802814695066
7200,-1.2672204882243143,-0.008298802814695066
7201,-1.2672228378034645,-0.008298802814695066
7202,-1.2672278788286646,-0.008298802814695066
7203,-1.267229639299095,-0.008298802814695066
7204,-1.267232269806113,-0.008298802814695066
7205,-1.2672327683130655,-0.008298802814695066
7206,-1.2672328355027456,-0.008298802814695066
7207,-1.2672412950742238,-0.008298802814695066
7208,-1.2672414743652491,-0.008298802814695066
7209,-1.2672448610579807,-0.008298802814695066
7210,-1.2672486255895719,-0.008298802814695066
7211,-1.267249128652744,-0.008298802814695066
7212,-1.2672525887958843,-0.008298802814695066
7213,-1.267256110546509,-0.008298802814695066
7214,-1.2672562746802987,-0.008298802814695066
7215,-1.2672573501928837,-0.008298802814695066
7216,-1.267258859563606,-0.008298802814695066
7217,-1.2672605165117252,-0.008298802814695066
7218,-1.2672657062443853,-0.008298802814695066
7219,-1.267265803741044,-0.008298802814695066
7220,-1.2672665630061946,-0.008298802814695066
7221,-1.267266674684044,-0.008298802814695066
7222,-1.2672728110940952,-0.008298802814695066
7223,-1.2672729807470458,-0.008298802814695066
7224,-1.2672733434714465,-0.008298802814695066
7225,-1.2672745635347709,-0.008298802814695066
7226,-1.2672762956321997,-0.008298802814695066
7227,-1.2672788863940088,-0.008298802814695066
7228,-1.2672792091590244,-0.008298802814695066
7229,-1.2672816655613488,-0.008298802814695066
7230,-1.267284710451983,-0.008298802814695066
7231,-1.2672855584861011,-0.008298802814695066
7232,-1.267287269402264,-0.008298802814695066
7233,-1.2672979199282,-0.008298802814695066
7234,-1.2673028692696469,-0.008298802814695066
7235,-1.2673042661203002,-0.008298802814695066
7236,-1.267311892480667,-0.008298802814695066
7237,-1.267317154664932,-0.008298802814695066
7238,-1.2673172476441064,-0.008298802814695066
7239,-1.2673180090747622,-0.008298802814695066
7240,-1.2673181431008818,-0.008298802814695066
7241,-1.2673181497200752,-0.008298802814695066
7242,-1.267319765167163,-0.008298802814695066
7243,-1.267319872068458,-0.008298802814695066
7244,-1.2673222409538691,-0.008298802814695066
7245,-1.2673250976622406,-0.008298802814695066
7246,-1.2673335417711333,-0.008298802814695066
7247,-1.267333860404689,-0.008298802814695066
7248,-1.2673348869813996,-0.008298802814695066
7249,-1.2673364343921187,-0.008298802814695066
7250,-1.2673399620140466,-0.008298802814695066
7251,-1.2673457197462454,-0.008298802814695066
7252,-1.2673483091526858,-0.008298802814695066
7253,-1.267349152275581,-0.008298802814695066
7254,-1.2673510923239033,-0.008298802814695066
7255,-1.2673523581690946,-0.008298802814695066
7256,-1.2673583523613843,-0.008298802814695066
7257,-1.26736722611983,-0.008298802814695066
7258,-1.2673719039454152,-0.008298802814695066
7259,-1.2673736693767608,-0.008298802814695066
7260,-1.2673742218442758,-0.008298802814695066
7261,-1.2673782233253903,-0.008298802814695066
7262,-1.2673832279437618,-0.008298802814695066
7263,-1.2673909280411058,-0.008298802814695066
7264,-1.2673918232236414,-0.008298802814695066
7265,-1.2673922282742365,-0.008298802814695066
7266,-1.2673932580713352,-0.008298802814695066
7267,-1.2673976829889932,-0.008298802814695066
7268,-1.2673987210513147,-0.008298802814695066
7269,-1.2674032990827953,-0.008298802814695066
7270,-1.2674055155295212,-0.008298802814695066
7271,-1.2674082600965817,-0.008298802814695066
7272,-1.2674120231975912,-0.008298802814695066
7273,-1.2674144859371919,-0.008298802814695066
7274,-1.2674224118666828,-0.008298802814695066
7275,-1.267423747389516,-0.008298802814695066
7276,-1.2674288444607256,-0.008298802814695066
7277,-1.2674324745528922,-0.008298802814695066
7278,-1.2674350985453855,-0.008298802814695066
7279,-1.2674373196385929,-0.008298802814695066
7280,-1.2674373492808635,-0.008298802814695066
7281,-1.2674375220918657,-0.008298802814695066
7282,-1.267438699253522,-0.008298802814695066
7283,-1.2674397941906028,-0.008298802814695066
7284,-1.2674415698761918,-0.008298802814695066
7285,-1.2674471061052681,-0.008298802814695066
7286,-1.2674471110641505,-0.008298802814695066
7287,-1.2674471172342636,-0.008298802814695066
7288,-1.2674494304812758,-0.008298802814695066
7289,-1.2674585021003657,-0.008298802814695066
7290,-1.267465035650213,-0.008298802814695066
7291,-1.2674705384616534,-0.008298802814695066
7292,-1.2674730251383701,-0.008298802814695066
7293,-1.2674776180282392,-0.008298802814695066
7294,-1.2674821783556869,-0.008298802814695066
7295,-1.267483908446722,-0.008298802814695066
7296,-1.2674843598232604,-0.008298802814695066
7297,-1.2674847152131108,-0.008298802814695066
7298,-1.2674895577912935,-0.008298802814695066
7299,-1.2674956138919367,-0.008298802814695066
7300,-1.2674956490373581,-0.008298802814695066
7301,-1.267501180640316,-0.008298802814695066
7302,-1.2675028618134303,-0.008298802814695066
7303,-1.26750424228802,-0.008298802814695066
7304,-1.2675054277123752,-0.008298802814695066
7305,-1.2675061388060929,-0.008298802814695066
7306,-1.267510500215831,-0.008298802814695066
7307,-1.2675109771241637,-0.008298802814695066
7308,-1.2675126365615303,-0.008298802814695066
7309,-1.2675202517396869,-0.008298802814695066
7310,-1.2675205313193012,-0.008298802814695066
7311,-1.2675213689353575,-0.008298802814695066
7312,-1.2675215192216533,-0.008298802814695066
7313,-1.2675241743751933,-0.008298802814695066
7314,-1.267526328001411,-0.008298802814695066
7315,-1.2675281808812127,-0.008298802814695066
7316,-1.2675311652843897,-0.008298802814695066
7317,-1.2675313199686524,-0.008298802814695066
7318,-1.267531804884157,-0.008298802814695066
7319,-1.2675330080211633,-0.008298802814695066
7320,-1.2675420212670065,-0.008298802814695066
7321,-1.2675433665783051,-0.008298802814695066
7322,-1.2675473831143456,-0.008298802814695066
7323,-1.2675486801001818,-0.008298802814695066
7324,-1.2675497544743752,-0.008298802814695066
7325,-1.2675500445677061,-0.008298802814695066
7326,-1.2675502039918995,-0.008298802814695066
7327,-1.2675508999648817,-0.008298802814695066
7328,-1.2675518800489238,-0.008298802814695066
7329,-1.26755198236309,-0.008298802814695066
7330,-1.2675608331791768,-0.008298802814695066
7331,-1.2675654591618781,-0.008298802814695066
7332,-1.2675669555060256,-0.008298802814695066
7333,-1.2675686590476498,-0.008298802814695066
7334,-1.2675696202009463,-0.008298802814695066
7335,-1.2675712419737772,-0.008298802814695066
7336,-1.2675716193544342,-0.008298802814695066
7337,-1.2675762217794126,-0.008298802814695066
7338,-1.2675773621111266,-0.008298802814695066
7339,-1.267578668969466,-0.008298802814695066
7340,-1.2675802666427423,-0.008298802814695066
7341,-1.2675850961976982,-0.008298802814695066
7342,-1.267588612782662,-0.008298802814695066
7343,-1.267594270699072,-0.008298802814695066
7344,-1.2675943482262015,-0.008298802814695066
7345,-1.2675944143438032,-0.008298802814695066
7346,-1.2675986520526985,-0.008298802814695066
7347,-1.267599357627884,-0.008298802814695066
7348,-1.2676062837006357,-0.008298802814695066
7349,-1.2676076717788105,-0.008298802814695066
7350,-1.2676092020119705,-0.008298802814695066
7351,-1.2676142714565106,-0.008298802814695066
7352,-1.2676163943809091,-0.008298802814695066
7353,-1.2676203518315052,-0.008298802814695066
7354,-1.267622757669229,-0.008298802814695066
7355,-1.267624307684271,-0.008298802814695066
7356,-1.2676245665058226,-0.008298802814695066
7357,-1.2676305678506186,-0.008298802814695066
7358,-1.267630897397563,-0.008298802814695066
7359,-1.2676321185322919,-0.008298802814695066
7360,-1.2676334669223572,-0.008298802814695066
7361,-1.2676348673322155,-0.008298802814695066
7362,-1.267636238689788,-0.008298802814695066
7363,-1.267636278420202,-0.008298802814695066
7364,-1.2676388773254785,-0.008298802814695066
7365,-1.2676389898857898,-0.008298802814695066
7366,-1.2676406373333284,-0.008298802814695066
7367,-1.2676426145629718,-0.008298802814695066
7368,-1.2676429083427105,-0.008298802814695066
7369,-1.2676473019139776,-0.008298802814695066
7370,-1.267660930953475,-0.008298802814695066
7371,-1.2676629674694142,-0.008298802814695066
7372,-1.267679510027016,-0.008298802814695066
7373,-1.2676815389286762,-0.008298802814695066
7374,-1.2676833386659936,-0.008298802814695066
7375,-1.2676851672590836,-0.008298802814695066
7376,-1.267686330715887,-0.008298802814695066
7377,-1.2676889545633387,-0.008298802814695066
7378,-1.2676925874634828,-0.008298802814695066
7379,-1.2676990334477127,-0.008298802814695066
7380,-1.2676990760769278,-0.008298802814695066
7381,-1.2677028246867252,-0.008298802814695066
7382,-1.2677041389369286,-0.008298802814695066
7383,-1.2677053421994509,-0.008298802814695066
7384,-1.2677095705532573,-0.008298802814695066
7385,-1.2677106045714484,-0.008298802814695066
7386,-1.267711693065727,-0.008298802814695066
7387,-1.2677122821255487,-0.008298802814695066
7388,-1.2677168685914635,-0.008298802814695066
7389,-1.267717398141676,-0.008298802814695066
7390,-1.267719598410384,-0.008298802814695066
7391,-1.2677222875319325,-0.008298802814695066
7392,-1.2677266581082065,-0.008298802814695066
7393,-1.2677268557517487,-0.008298802814695066
7394,-1.2677298935156607,-0.008298802814695066
7395,-1.267732165870963,-0.008298802814695066
7396,-1.2677322330005782,-0.008298802814695066
7397,-1.26773262199476,-0.008298802814695066
7398,-1.2677338016252508,-0.008298802814695066
7399,-1.2677339084471333,-0.008298802814695066
7400,-1.2677369615350684,-0.008298802814695066
7401,-1.2677428012600018,-0.008298802814695066
7402,-1.267743507273381,-0.008298802814695066
7403,-1.2677521896790256,-0.008298802814695066
7404,-1.2677527989447945,-0.008298802814695066
7405,-1.267754417408424,-0.008298802814695066
7406,-1.267754972635221,-0.008298802814695066
7407,-1.2677570162429588,-0.008298802814695066
7408,-1.2677592124823047,-0.008298802814695066
7409,-1.267763635208974,-0.008298802814695066
7410,-1.2677667627690528,-0.008298802814695066
7411,-1.2677699800765456,-0.008298802814695066
7412,-1.267773572448445,-0.008298802814695066
7413,-1.2677766490599591,-0.008298802814695066
7414,-1.2677774754554183,-0.008298802814695066
7415,-1.2677858717265778,-0.008298802814695066
7416,-1.2677872160858017,-0.008298802814695066
7417,-1.2677872461703688,-0.008298802814695066
7418,-1.2677881907396804,-0.008298802814695066
7419,-1.2677893951555663,-0.008298802814695066
7420,-1.2677915703097185,-0.008298802814695066
7421,-1.267793050350494,-0.008298802814695066
7422,-1.267793103653859,-0.008298802814695066
7423,-1.267794425697242,-0.008298802814695066
7424,-1.2677968683005076,-0.008298802814695066
7425,-1.2678009633845682,-0.008298802814695066
7426,-1.2678025052317201,-0.008298802814695066
7427,-1.2678040552639076,-0.008298802814695066
7428,-1.267806204364761,-0.008298802814695066
7429,-1.267806353809462,-0.008298802814695066
7430,-1.2678150922184002,-0.008298802814695066
7431,-1.2678207010645228,-0.008298802814695066
7432,-1.2678264128029468,-0.008298802814695066
7433,-1.2678277109226157,-0.008298802814695066
7434,-1.267830401928746,-0.008298802814695066
7435,-1.2678356883635873,-0.008298802814695066
7436,-1.2678367060036926,-0.008298802814695066
7437,-1.2678418726143645,-0.008298802814695066
7438,-1.2678418739432997,-0.008298802814695066
7439,-1.267841899059616,-0.008298802814695066
7440,-1.2678421340293773,-0.008298802814695066
7441,-1.2678426954382918,-0.008298802814695066
7442,-1.267845256011845,-0.008298802814695066
7443,-1.26784891383569,-0.008298802814695066
7444,-1.2678493360523626,-0.008298802814695066
7445,-1.26785155320031,-0.008298802814695066
7446,-1.2678533944348458,-0.008298802814695066
7447,-1.2678593449702014,-0.008298802814695066
7448,-1.2678610776771255,-0.008298802814695066
7449,-1.2678633374844588,-0.008298802814695066
7450,-1.2678659828878451,-0.008298802814695066
7451,-1.2678682553132785,-0.008298802814695066
7452,-1.267868674593362,-0.008298802814695066
7453,-1.2678689916153747,-0.008298802814695066
7454,-1.2678692285536517,-0.008298802814695066
7455,-1.2678723811864416,-0.008298802814695066
7456,-1.267876657494705,-0.008298802814695066
7457,-1.2678778165168254,-0.008298802814695066
7458,-1.2678814055464809,-0.008298802814695066
7459,-1.2678820323450213,-0.008298802814695066
7460,-1.2678844797792508,-0.008298802814695066
7461,-1.267890155563144,-0.008298802814695066
7462,-1.2678906439597533,-0.008298802814695066
7463,-1.2678943222767303,-0.008298802814695066
7464,-1.2678998328282942,-0.008298802814695066
7465,-1.267900024288392,-0.008298802814695066
7466,-1.267902303475137,-0.008298802814695066
7467,-1.2679032256858254,-0.008298802814695066
7468,-1.267903898459965,-0.008298802814695066
7469,-1.2679064665774002,-0.008298802814695066
7470,-1.2679071158530566,-0.008298802814695066
7471,-1.2679081073169998,-0.008298802814695066
7472,-1.2679141300543195,-0.008298802814695066
7473,-1.2679175656471333,-0.008298802814695066
7474,-1.2679183973107595,-0.008298802814695066
7475,-1.26792331189671,-0.008298802814695066
7476,-1.2679272430951274,-0.008298802814695066
7477,-1.267928683797481,-0.008298802814695066
7478,-1.2679291397666563,-0.008298802814695066
7479,-1.2679376226991173,-0.008298802814695066
7480,-1.2679392433156509,-0.008298802814695066
7481,-1.267939819159717,-0.008298802814695066
7482,-1.267945946735364,-0.008298802814695066
7483,-1.2679475918759706,-0.008298802814695066
7484,-1.267947719396782,-0.008298802814695066
7485,-1.2679499072330194,-0.008298802814695066
7486,-1.2679508232732961,-0.008298802814695066
7487,-1.2679530693697054,-0.008298802814695066
7488,-1.2679570712312507,-0.008298802814695066
7489,-1.2679612385136214,-0.008298802814695066
7490,-1.2679618570737459,-0.008298802814695066
7491,-1.2679684886590996,-0.008298802814695066
7492,-1.2679699986393274,-0.008298802814695066
7493,-1.2679713489654487,-0.008298802814695066
7494,-1.267972780379782,-0.008298802814695066
7495,-1.267975129246901,-0.008298802814695066
7496,-1.2679751553682141,-0.008298802814695066
7497,-1.2679755085586926,-0.008298802814695066
7498,-1.2679772711940553,-0.008298802814695066
7499,-1.2679795753702932,-0.008298802814695066
7500,-1.2679796903890588,-0.008298802814695066
7501,-1.2679801890763938,-0.008298802814695066
7502,-1.2679808895436273,-0.008298802814695066
7503,-1.2679874066633703,-0.008298802814695066
7504,-1.2679910504193697,-0.008298802814695066
7505,-1.2679945109791462,-0.008298802814695066
7506,-1.2679960174196312,-0.008298802814695066
7507,-1.267998427503736,-0.008298802814695066
7508,-1.2680001477599805,-0.008298802814695066
7509,-1.2680032189874637,-0.008298802814695066
7510,-1.2680079710221706,-0.008298802814695066
7511,-1.2680096257094664,-0.008298802814695066
7512,-1.268009783627268,-0.008298802814695066
7513,-1.268011623447346,-0.008298802814695066
7514,-1.2680151707905363,-0.008298802814695066
7515,-1.268018398952405,-0.008298802814695066
7516,-1.2680204373393373,-0.008298802814695066
7517,-1.2680215170598412,-0.008298802814695066
7518,-1.2680221113278098,-0.008298802814695066
7519,-1.268022446981145,-0.008298802814695066
7520,-1.2680286641265817,-0.008298802814695066
7521,-1.2680301483757068,-0.008298802814695066
7522,-1.268034431927643,-0.008298802814695066
7523,-1.2680348788682523,-0.008298802814695066
7524,-1.268035136247645,-0.008298802814695066
7525,-1.2680422322986082,-0.008298802814695066
7526,-1.2680427009205366,-0.008298802814695066
7527,-1.2680449693364935,-0.008298802814695066
7528,-1.2680466060070494,-0.008298802814695066
7529,-1.2680506916566405,-0.008298802814695066
7530,-1.2680514084273677,-0.008298802814695066
7531,-1.268052880130956,-0.008298802814695066
7532,-1.2680546651369422,-0.008298802814695066
7533,-1.2680594148973499,-0.008298802814695066
7534,-1.2680599398454042,-0.008298802814695066
7535,-1.2680661584433826,-0.008298802814695066
7536,-1.2680690688225242,-0.008298802814695066
7537,-1.268071367680633,-0.008298802814695066
7538,-1.2680776681121766,-0.008298802814695066
7539,-1.2680810359429238,-0.008298802814695066
7540,-1.2680842189072803,-0.008298802814695066
7541,-1.2680886929671822,-0.008298802814695066
7542,-1.268088860061432,-0.008298802814695066
7543,-1.2680917079919016,-0.008298802814695066
7544,-1.268094590469972,-0.008298802814695066
7545,-1.2680955173559423,-0.008298802814695066
7546,-1.2680955371510891,-0.008298802814695066
7547,-1.2680985076663238,-0.008298802814695066
7548,-1.2680994395978882,-0.008298802814695066
7549,-1.2681017402915458,-0.008298802814695066
7550,-1.2681026052081452,-0.008298802814695066
7551,-1.2681046454001208,-0.008298802814695066
7552,-1.2681107770594164,-0.008298802814695066
7553,-1.2681113220218148,-0.008298802814695066
7554,-1.2681132530231094,-0.008298802814695066
7555,-1.2681209030073095,-0.008298802814695066
7556,-1.268124046892983,-0.008298802814695066
7557,-1.268124448976205,-0.008298802814695066
7558,-1.2681266262291024,-0.008298802814695066
7559,-1.2681354952211827,-0.008298802814695066
7560,-1.2681377583603217,-0.008298802814695066
7561,-1.268142918084794,-0.008298802814695066
7562,-1.2681433966494569,-0.008298802814695066
7563,-1.2681443757006596,-0.008298802814695066
7564,-1.2681452808219988,-0.008298802814695066
7565,-1.2681476915083691,-0.008298802814695066
7566,-1.2681507112074386,-0.008298802814695066
7567,-1.268150728365397,-0.008298802814695066
7568,-1.268151762698624,-0.008298802814695066
7569,-1.268152054641428,-0.008298802814695066
7570,-1.2681561215497554,-0.008298802814695066
7571,-1.2681565109611537,-0.008298802814695066
7572,-1.268157835577755,-0.008298802814695066
7573,-1.2681581651911367,-0.008298802814695066
7574,-1.2681615907299184,-0.008298802814695066
7575,-1.2681668611395223,-0.008298802814695066
7576,-1.2681679503171683,-0.008298802814695066
7577,-1.2681690741758196,-0.008298802814695066
7578,-1.2681691528865713,-0.008298802814695066
7579,-1.2681719145355308,-0.008298802814695066
7580,-1.2681765197915906,-0.008298802814695066
7581,-1.268177602654057,-0.008298802814695066
7582,-1.2681827091413773,-0.008298802814695066
7583,-1.2681874971154645,-0.008298802814695066
7584,-1.2681922492692548,-0.008298802814695066
7585,-1.2681932051201248,-0.008298802814695066
7586,-1.2681946196204246,-0.008298802814695066
7587,-1.2681960829192236,-0.008298802814695066
7588,-1.2681962205658766,-0.008298802814695066
7589,-1.2681969959192223,-0.008298802814695066
7590,-1.2681977467306706,-0.008298802814695066
7591,-1.26819992719121,-0.008298802814695066
7592,-1.268205502327301,-0.008298802814695066
7593,-1.2682112310672478,-0.008298802814695066
7594,-1.2682134356927057,-0.008298802814695066
7595,-1.2682162797634144,-0.008298802814695066
7596,-1.2682175549348331,-0.008298802814695066
7597,-1.268220565953454,-0.008298802814695066
7598,-1.2682266816627359,-0.008298802814695066
7599,-1.2682297299489795,-0.008298802814695066
7600,-1.2682300866437983,-0.008298802814695066
7601,-1.2682313906101965,-0.008298802814695066
7602,-1.2682396493881507,-0.008298802814695066
7603,-1.2682407429106746,-0.008298802814695066
7604,-1.268244763646238,-0.008298802814695066
7605,-1.2682491716828128,-0.008298802814695066
7606,-1.2682502299635154,-0.008298802814695066
7607,-1.2682531690862882,-0.008298802814695066
7608,-1.2682543430740256,-0.008298802814695066
7609,-1.268257044326273,-0.008298802814695066
7610,-1.2682583925025352,-0.008298802814695066
7611,-1.268258537489225,-0.008298802814695066
7612,-1.268259713797331,-0.008298802814695066
7613,-1.268264137790216,-0.008298802814695066
7614,-1.2682703827694168,-0.008298802814695066
7615,-1.2682742750742646,-0.008298802814695066
7616,-1.2682745968659468,-0.008298802814695066
7617,-1.2682752864670561,-0.008298802814695066
7618,-1.2682776281912596,-0.008298802814695066
7619,-1.268278044175151,-0.008298802814695066
7620,-1.2682788523948565,-0.008298802814695066
7621,-1.2682796025374892,-0.008298802814695066
7622,-1.2682813630164127,-0.008298802814695066
7623,-1.2682849095773387,-0.008298802814695066
7624,-1.268288565221447,-0.008298802814695066
7625,-1.2682982585854363,-0.008298802814695066
7626,-1.2683003025257824,-0.008298802814695066
7627,-1.268305626040328,-0.008298802814695066
7628,-1.268306143231711,-0.008298802814695066
7629,-1.2683089703081836,-0.008298802814695066
7630,-1.2683115490089496,-0.008298802814695066
7631,-1.2683116542304473,-0.008298802814695066
7632,-1.2683139575018556,-0.008298802814695066
7633,-1.26831507688215,-0.008298802814695066
7634,-1.2683189964938326,-0.008298802814695066
7635,-1.268319085268864,-0.008298802814695066
7636,-1.2683192534766465,-0.008298802814695066
7637,-1.2683211303037925,-0.008298802814695066
7638,-1.2683221147053008,-0.008298802814695066
7639,-1.2683230124584333,-0.008298802814695066
7640,-1.2683284856237311,-0.008298802814695066
7641,-1.2683319100779502,-0.008298802814695066
7642,-1.2683368600379232,-0.008298802814695066
7643,-1.2683390920082867,-0.008298802814695066
7644,-1.268342337653824,-0.008298802814695066
7645,-1.268343802917176,-0.008298802814695066
7646,-1.2683455243854844,-0.008298802814695066
7647,-1.268345976425081,-0.008298802814695066
7648,-1.268346487388706,-0.008298802814695066
7649,-1.2683468326268106,-0.008298802814695066
7650,-1.268349705486588,-0.008298802814695066
7651,-1.2683500245779777,-0.008298802814695066
7652,-1.2683515034848323,-0.008298802814695066
7653,-1.2683523485144668,-0.008298802814695066
7654,-1.2683534429359644,-0.008298802814695066
7655,-1.2683536743588908,-0.008298802814695066
7656,-1.268355343529484,-0.008298802814695066
7657,-1.2683565968711399,-0.008298802814695066
7658,-1.2683570730836713,-0.008298802814695066
7659,-1.2683583880162566,-0.008298802814695066
7660,-1.2683597428427917,-0.008298802814695066
7661,-1.2683598147011015,-0.008298802814695066
7662,-1.2683603296675328,-0.008298802814695066
7663,-1.2683621728806622,-0.008298802814695066
7664,-1.2683687453786394,-0.008298802814695066
7665,-1.2683688475156418,-0.008298802814695066
7666,-1.2683699656023668,-0.008298802814695066
7667,-1.2683723825791882,-0.008298802814695066
7668,-1.268374466102557,-0.008298802814695066
7669,-1.2683750206208044,-0.008298802814695066
7670,-1.2683751858539587,-0.008298802814695066
7671,-1.2683752227190128,-0.008298802814695066
7672,-1.2683767169392715,-0.008298802814695066
7673,-1.2683772372369755,-0.008298802814695066
7674,-1.268380599398558,-0.008298802814695066
7675,-1.2683841336065647,-0.008298802814695066
7676,-1.2683851059283042,-0.008298802814695066
7677,-1.2683870152359482,-0.008298802814695066
7678,-1.2683871477967599,-0.008298802814695066
7679,-1.268388317220348,-0.008298802814695066
7680,-1.2683889347228907,-0.008298802814695066
7681,-1.2683897786455902,-0.008298802814695066
7682,-1.2683944381738606,-0.008298802814695066
7683,-1.2683945274545856,-0.008298802814695066
7684,-1.2683949819604041,-0.008298802814695066
7685,-1.2683962416129564,-0.008298802814695066
7686,-1.2683965650792046,-0.008298802814695066
7687,-1.2683967580055668,-0.008298802814695066
7688,-1.2683967957918685,-0.008298802814695066
7689,-1.2683973583290307,-0.008298802814695066
7690,-1.2683974838901808,-0.008298802814695066
7691,-1.2683978676334824,-0.008298802814695066
7692,-1.2684029474733638,-0.008298802814695066
7693,-1.268403329995266,-0.008298802814695066
7694,-1.2684054286749396,-0.008298802814695066
7695,-1.2684054506003402,-0.008298802814695066
7696,-1.26840602186579,-0.008298802814695066
7697,-1.2684070060764825,-0.008298802814695066
7698,-1.2684096467734984,-0.008298802814695066
7699,-1.2684105080597456,-0.008298802814695066
7700,-1.2684137556050221,-0.008298802814695066
7701,-1.2684154547840394,-0.008298802814695066
7702,-1.2684166746245509,-0.008298802814695066
7703,-1.268418266192361,-0.008298802814695066
7704,-1.268420126627974,-0.008298802814695066
7705,-1.2684234027705148,-0.008298802814695066
7706,-1.2684235863295235,-0.008298802814695066
7707,-1.2684236053611284,-0.008298802814695066
7708,-1.268424956618803,-0.008298802814695066
7709,-1.2684249685885793,-0.008298802814695066
7710,-1.2684254451383434,-0.008298802814695066
7711,-1.2684254667181234,-0.008298802814695066
7712,-1.268429313014966,-0.008298802814695066
7713,-1.2684317475495501,-0.008298802814695066
7714,-1.268433156873042,-0.008298802814695066
7715,-1.2684337222791657,-0.008298802814695066
7716,-1.2684356675715636,-0.008298802814695066
7717,-1.2684369416476207,-0.008298802814695066
7718,-1.268440655850939,-0.008298802814695066
7719,-1.2684415467697276,-0.008298802814695066
7720,-1.2684437063231246,-0.008298802814695066
7721,-1.268447099169062,-0.008298802814695066
7722,-1.2684489080480645,-0.008298802814695066
7723,-1.2684494391850523,-0.008298802814695066
7724,-1.2684538280926148,-0.008298802814695066
7725,-1.2684545388667665,-0.008298802814695066
7726,-1.2684548281392576,-0.008298802814695066
7727,-1.268456541263867,-0.008298802814695066
7728,-1.2684621918565033,-0.008298802814695066
7729,-1.2684629255296163,-0.008298802814695066
7730,-1.2684633681136928,-0.008298802814695066
7731,-1.2684649934589467,-0.008298802814695066
7732,-1.2684681088174763,-0.008298802814695066
7733,-1.268476390777047,-0.008298802814695066
7734,-1.268476927609838,-0.008298802814695066
7735,-1.2684819142745756,-0.008298802814695066
7736,-1.2684837498386963,-0.008298802814695066
7737,-1.2684852482372428,-0.008298802814695066
7738,-1.2684858276887676,-0.008298802814695066
7739,-1.2684858833819477,-0.008298802814695066
7740,-1.268487053723486,-0.008298802814695066
7741,-1.2684881558351824,-0.008298802814695066
7742,-1.2684949143797413,-0.008298802814695066
7743,-1.26849619525967,-0.008298802814695066
7744,-1.2685003381193851,-0.008298802814695066
7745,-1.2685004762390402,-0.008298802814695066
7746,-1.26850059992917,-0.008298802814695066
7747,-1.268504898595713,-0.008298802814695066
7748,-1.268506191145698,-0.008298802814695066
7749,-1.268507844687975,-0.008298802814695066
7750,-1.268508913769425,-0.008298802814695066
7751,-1.2685105536253771,-0.008298802814695066
7752,-1.2685107500003987,-0.008298802814695066
7753,-1.268510780456224,-0.008298802814695066
7754,-1.268514734382701,-0.008298802814695066
7755,-1.2685206478828635,-0.008298802814695066
7756,-1.2685208205792309,-0.008298802814695066
7757,-1.268523701450865,-0.008298802814695066
7758,-1.2685253709902555,-0.008298802814695066
7759,-1.268525830455917,-0.008298802814695066
7760,-1.2685297405405622,-0.008298802814695066
7761,-1.2685319516085838,-0.008298802814695066
7762,-1.2685329006868997,-0.008298802814695066
7763,-1.2685334647237216,-0.008298802814695066
7764,-1.2685378574962822,-0.008298802814695066
7765,-1.268538029798843,-0.008298802814695066
7766,-1.2685413473980356,-0.008298802814695066
7767,-1.268541359930072,-0.008298802814695066
7768,-1.268543871210285,-0.008298802814695066
7769,-1.2685453107907159,-0.008298802814695066
7770,-1.268545486530687,-0.008298802814695066
7771,-1.2685506517839789,-0.008298802814695066
7772,-1.2685515608408238,-0.008298802814695066
7773,-1.2685528797570778,-0.008298802814695066
7774,-1.2685540965504616,-0.008298802814695066
7775,-1.2685541670350329,-0.008298802814695066
7776,-1.268557826589395,-0.008298802814695066
7777,-1.268560236011061,-0.008298802814695066
7778,-1.2685638116261335,-0.008298802814695066
7779,-1.268565528372649,-0.008298802814695066
7780,-1.2685672411633537,-0.008298802814695066
7781,-1.2685708322337184,-0.008298802814695066
7782,-1.2685716093888,-0.008298802814695066
7783,-1.2685722592061546,-0.008298802814695066
7784,-1.2685754490876469,-0.008298802814695066
7785,-1.268576128480192,-0.008298802814695066
7786,-1.2685770455392795,-0.008298802814695066
7787,-1.268580198717558,-0.008298802814695066
7788,-1.2685819923053903,-0.008298802814695066
7789,-1.2685823141563914,-0.008298802814695066
7790,-1.2685842017406004,-0.008298802814695066
7791,-1.2685844605575936,-0.008298802814695066
7792,-1.268586294018802,-0.008298802814695066
7793,-1.268588775429417,-0.008298802814695066
7794,-1.2685891582252058,-0.008298802814695066
7795,-1.2685895232324944,-0.008298802814695066
7796,-1.26859104699082,-0.008298802814695066
7797,-1.2685915708207727,-0.008298802814695066
7798,-1.2685915981356202,-0.008298802814695066
7799,-1.2685921729288716,-0.008298802814695066
7800,-1.2685929586818538,-0.008298802814695066
7801,-1.2685960204327196,-0.008298802814695066
7802,-1.2686003495362281,-0.008298802814695066
7803,-1.2686029210599976,-0.008298802814695066
7804,-1.2686042276909963,-0.008298802814695066
7805,-1.2686054420575754,-0.008298802814695066
7806,-1.268606365426625,-0.008298802814695066
7807,-1.2686083178321805,-0.008298802814695066
7808,-1.2686084801712525,-0.008298802814695066
7809,-1.2686085261874194,-0.008298802814695066
7810,-1.2686097318692307,-0.008298802814695066
7811,-1.2686124740585973,-0.008298802814695066
7812,-1.2686161178913826,-0.008298802814695066
7813,-1.2686183022902127,-0.008298802814695066
7814,-1.2686183868746532,-0.008298802814695066
7815,-1.268619032224967,-0.008298802814695066
7816,-1.2686194351012938,-0.008298802814695066
7817,-1.2686202136936828,-0.008298802814695066
7818,-1.2686204631065117,-0.008298802814695066
7819,-1.2686242609476976,-0.008298802814695066
7820,-1.2686260715438786,-0.008298802814695066
7821,-1.268628712048335,-0.008298802814695066
7822,-1.2686351426387952,-0.008298802814695066
7823,-1.2686394227903024,-0.008298802814695066
7824,-1.268642236716425,-0.008298802814695066
7825,-1.2686435352465584,-0.008298802814695066
7826,-1.2686437052998782,-0.008298802814695066
7827,-1.268647806896063,-0.008298802814695066
7828,-1.2686478301577795,-0.008298802814695066
7829,-1.2686509034974003,-0.008298802814695066
7830,-1.2686536646185158,-0.008298802814695066
7831,-1.2686544484045617,-0.008298802814695066
7832,-1.2686576552469424,-0.008298802814695066
7833,-1.2686595784767432,-0.008298802814695066
7834,-1.2686643403926694,-0.008298802814695066
7835,-1.2686671366484594,-0.008298802814695066
7836,-1.2686675180107676,-0.008298802814695066
7837,-1.2686678270951293,-0.008298802814695066
7838,-1.2686698374229795,-0.008298802814695066
7839,-1.2686729809244484,-0.008298802814695066
7840,-1.2686733705532949,-0.008298802814695066
7841,-1.2686757691348913,-0.008298802814695066
7842,-1.2686758164783707,-0.008298802814695066
7843,-1.2686803501040662,-0.008298802814695066
7844,-1.2686818995703093,-0.008298802814695066
7845,-1.2686826392623463,-0.008298802814695066
7846,-1.2686837065059389,-0.008298802814695066
7847,-1.2686839095158908,-0.008298802814695066
7848,-1.2686849738331916,-0.008298802814695066
7849,-1.2686887346912705,-0.008298802814695066
7850,-1.2686896946397184,-0.008298802814695066
7851,-1.2686899344618023,-0.008298802814695066
7852,-1.2686904975512685,-0.008298802814695066
7853,-1.268691251018665,-0.008298802814695066
7854,-1.2686923219306117,-0.008298802814695066
7855,-1.2686960123408353,-0.008298802814695066
7856,-1.268696712601875,-0.008298802814695066
7857,-1.2687017439456516,-0.008298802814695066
7858,-1.268702754585809,-0.008298802814695066
7859,-1.2687039150613741,-0.008298802814695066
7860,-1.2687041581373262,-0.008298802814695066
7861,-1.268704365029746,-0.008298802814695066
7862,-1.2687048712671412,-0.008298802814695066
7863,-1.268707172073543,-0.008298802814695066
7864,-1.2687081640798765,-0.008298802814695066
7865,-1.2687093567706689,-0.008298802814695066
7866,-1.2687099609812682,-0.008298802814695066
7867,-1.2687101617791214,-0.008298802814695066
7868,-1.2687115038527352,-0.008298802814695066
7869,-1.268713370441589,-0.008298802814695066
7870,-1.2687138192680256,-0.008298802814695066
7871,-1.2687152433175064,-0.008298802814695066
7872,-1.2687153491482146,-0.008298802814695066
7873,-1.2687154107464025,-0.008298802814695066
7874,-1.268715556033079,-0.008298802814695066
7875,-1.268717111614715,-0.008298802814695066
7876,-1.268719631065053,-0.008298802814695066
7877,-1.268720230055348,-0.008298802814695066
7878,-1.2687202708294678,-0.008298802814695066
7879,-1.2687215917546153,-0.008298802814695066
7880,-1.2687238861314878,-0.008298802814695066
7881,-1.2687238866137251,-0.008298802814695066
7882,-1.2687250076437673,-0.008298802814695066
7883,-1.268728167567264,-0.008298802814695066
7884,-1.268728229207951,-0.008298802814695066
7885,-1.2687284118351039,-0.008298802814695066
7886,-1.2687298358911325,-0.008298802814695066
7887,-1.2687307501137088,-0.008298802814695066
7888,-1.268730912400758,-0.008298802814695066
7889,-1.2687313903928696,-0.008298802814695066
7890,-1.2687314528396967,-0.008298802814695066
7891,-1.2687320105775612,-0.008298802814695066
7892,-1.2687331451451815,-0.008298802814695066
7893,-1.2687386827172602,-0.008298802814695066
7894,-1.268740189595119,-0.008298802814695066
7895,-1.2687412881437194,-0.008298802814695066
7896,-1.2687433928184337,-0.008298802814695066
7897,-1.2687449566464517,-0.008298802814695066
7898,-1.268750377956561,-0.008298802814695066
7899,-1.2687574895077187,-0.008298802814695066
7900,-1.2687585689395298,-0.008298802814695066
7901,-1.2687591087539265,-0.008298802814695066
7902,-1.2687595798585878,-0.008298802814695066
7903,-1.268762072092409,-0.008298802814695066
7904,-1.2687625153303137,-0.008298802814695066
7905,-1.2687627177910525,-0.008298802814695066
7906,-1.2687659580208392,-0.008298802814695066
7907,-1.2687662061091367,-0.008298802814695066
7908,-1.2687701152123967,-0.008298802814695066
7909,-1.2687709011716375,-0.008298802814695066
7910,-1.2687710865862576,-0.008298802814695066
7911,-1.2687719952642458,-0.008298802814695066
7912,-1.2687745268932336,-0.008298802814695066
7913,-1.2687769363214265,-0.008298802814695066
7914,-1.2687775382101136,-0.008298802814695066
7915,-1.2687781380874685,-0.008298802814695066
7916,-1.2687790783588766,-0.008298802814695066
7917,-1.2687813744849437,-0.008298802814695066
7918,-1.268782278172277,-0.008298802814695066
7919,-1.268784976685465,-0.008298802814695066
7920,-1.268785379809165,-0.008298802814695066
7921,-1.2687873378863888,-0.008298802814695066
7922,-1.2687876376855525,-0.008298802814695066
7923,-1.2687889584831422,-0.008298802814695066
7924,-1.2687894284762764,-0.008298802814695066
7925,-1.2687895175737887,-0.008298802814695066
7926,-1.2687911588859784,-0.008298802814695066
7927,-1.268792157246491,-0.008298802814695066
7928,-1.268792957874059,-0.008298802814695066
7929,-1.2687933570136292,-0.008298802814695066
7930,-1.2687965406707191,-0.008298802814695066
7931,-1.2687976486466876,-0.008298802814695066
7932,-1.268799218068235,-0.008298802814695066
7933,-1.2688002722723017,-0.008298802814695066
7934,-1.2688020314001898,-0.008298802814695066
7935,-1.2688101756371202,-0.008298802814695066
7936,-1.268810975185601,-0.008298802814695066
7937,-1.268814441189094,-0.008298802814695066
7938,-1.2688145000187505,-0.008298802814695066
7939,-1.2688148931340846,-0.008298802814695066
7940,-1.268815036933453,-0.008298802814695066
7941,-1.2688185900415458,-0.008298802814695066
7942,-1.268819170326998,-0.008298802814695066
7943,-1.2688208922237942,-0.008298802814695066
7944,-1.2688220038148645,-0.008298802814695066
7945,-1.2688232330756326,-0.008298802814695066
7946,-1.2688249321182576,-0.008298802814695066
7947,-1.268825176593276,-0.008298802814695066
7948,-1.2688254664999925,-0.008298802814695066
7949,-1.2688255522889689,-0.008298802814695066
7950,-1.2688281908620882,-0.008298802814695066
7951,-1.2688288879342253,-0.008298802814695066
7952,-1.2688320328949718,-0.008298802814695066
7953,-1.2688325538485,-0.008298802814695066
7954,-1.2688336706178813,-0.008298802814695066
7955,-1.2688340588591251,-0.008298802814695066
7956,-1.2688362628389749,-0.008298802814695066
7957,-1.268836346256479,-0.008298802814695066
7958,-1.2688369636200214,-0.008298802814695066
7959,-1.268838425787686,-0.008298802814695066
7960,-1.2688390014358444,-0.008298802814695066
7961,-1.2688415313821249,-0.008298802814695066
7962,-1.2688429348222767,-0.008298802814695066
7963,-1.2688435471371173,-0.008298802814695066
7964,-1.268846038861338,-0.008298802814695066
7965,-1.2688482457801185,-0.008298802814695066
7966,-1.2688495978347976,-0.008298802814695066
7967,-1.2688513152657337,-0.008298802814695066
7968,-1.268851766645033,-0.008298802814695066
7969,-1.2688525809534081,-0.008298802814695066
7970,-1.2688542714933426,-0.008298802814695066
7971,-1.2688542889864358,-0.008298802814695066
7972,-1.2688569648594226,-0.008298802814695066
7973,-1.268857311399141,-0.008298802814695066
7974,-1.2688575552473385,-0.008298802814695066
7975,-1.268858526968136,-0.008298802814695066
7976,-1.2688585519964404,-0.008298802814695066
7977,-1.2688591342786784,-0.008298802814695066
7978,-1.2688627855560117,-0.008298802814695066
7979,-1.2688631432737973,-0.008298802814695066
7980,-1.268864703161324,-0.008298802814695066
7981,-1.268864846850679,-0.008298802814695066
7982,-1.268865787865785,-0.008298802814695066
7983,-1.268866218366002,-0.008298802814695066
7984,-1.2688664623572783,-0.008298802814695066
7985,-1.2688689060868923,-0.008298802814695066
7986,-1.2688693520882066,-0.008298802814695066
7987,-1.268870755777042,-0.008298802814695066
7988,-1.2688731006313578,-0.008298802814695066
7989,-1.2688749299739999,-0.008298802814695066
7990,-1.2688752316734684,-0.008298802814695066
7991,-1.268876456248034,-0.008298802814695066
7992,-1.2688802664354883,-0.008298802814695066
7993,-1.2688809698974397,-0.008298802814695066
7994,-1.2688811989252702,-0.008298802814695066
7995,-1.268881864763353,-0.008298802814695066
7996,-1.2688837191034283,-0.008298802814695066
7997,-1.2688837203871137,-0.008298802814695066
7998,-1.268884303631225,-0.008298802814695066
7999,-1.2688854562186427,-0.008298802814695066
8000,-1.2688862248858102,-0.008298802814695066
8001,-1.2688902024949997,-0.008298802814695066
8002,-1.2688949479038096,-0.008298802814695066
8003,-1.2688955394686916,-0.008298802814695066
8004,-1.2688960286110298,-0.008298802814695066
8005,-1.2688961429087697,-0.008298802814695066
8006,-1.2688961535618881,-0.008298802814695066
8007,-1.2688980011720572,-0.008298802814695066
8008,-1.2688983778720302,-0.008298802814695066
8009,-1.2688984259266898,-0.008298802814695066
8010,-1.268899821006127,-0.008298802814695066
8011,-1.2688999812546198,-0.008298802814695066
8012,-1.2689007108115933,-0.008298802814695066
8013,-1.2689007433260722,-0.008298802814695066
8014,-1.2689009189589315,-0.008298802814695066
8015,-1.268901318576678,-0.008298802814695066
8016,-1.2689015509777344,-0.008298802814695066
8017,-1.2689025677890755,-0.008298802814695066
8018,-1.2689028924296544,-0.008298802814695066
8019,-1.2689044552494984,-0.008298802814695066
8020,-1.2689050834100217,-0.008298802814695066
8021,-1.2689057215827313,-0.008298802814695066
8022,-1.2689059001428744,-0.008298802814695066
8023,-1.268908176810931,-0.008298802814695066
8024,-1.2689096465130478,-0.008298802814695066
8025,-1.2689100544093617,-0.008298802814695066
8026,-1.2689101930662614,-0.008298802814695066
8027,-1.2689102006918584,-0.008298802814695066
8028,-1.2689109120422843,-0.008298802814695066
8029,-1.2689124036662534,-0.008298802814695066
8030,-1.268912509730877,-0.008298802814695066
8031,-1.2689135687350466,-0.008298802814695066
8032,-1.2689137879468642,-0.008298802814695066
8033,-1.2689151572620805,-0.008298802814695066
8034,-1.2689157100159907,-0.008298802814695066
8035,-1.2689180905106456,-0.008298802814695066
8036,-1.26891902632204,-0.008298802814695066
8037,-1.268920907097551,-0.008298802814695066
8038,-1.2689222938447495,-0.008298802814695066
8039,-1.2689241632626915,-0.008298802814695066
8040,-1.268926276570662,-0.008298802814695066
8041,-1.2689288679713382,-0.008298802814695066
8042,-1.2689295710692416,-0.008298802814695066
8043,-1.2689333818611428,-0.008298802814695066
8044,-1.2689349787969981,-0.008298802814695066
8045,-1.2689350844003942,-0.008298802814695066
8046,-1.2689351651085305,-0.008298802814695066
8047,-1.2689352500002764,-0.008298802814695066
8048,-1.2689354274229936,-0.008298802814695066
8049,-1.2689368762098625,-0.008298802814695066
8050,-1.2689372219729407,-0.008298802814695066
8051,-1.2689376053807764,-0.008298802814695066
8052,-1.2689380198068274,-0.008298802814695066
8053,-1.268938027646818,-0.008298802814695066
8054,-1.2689403008664288,-0.008298802814695066
8055,-1.268942645659389,-0.008298802814695066
8056,-1.268943401261154,-0.008298802814695066
8057,-1.2689448813215713,-0.008298802814695066
8058,-1.2689460604984686,-0.008298802814695066
8059,-1.2689469170132937,-0.008298802814695066
8060,-1.2689480131040707,-0.008298802814695066
8061,-1.26894845230315,-0.008298802814695066
8062,-1.2689492573709225,-0.008298802814695066
8063,-1.268949929299613,-0.008298802814695066
8064,-1.2689502723977375,-0.008298802814695066
8065,-1.2689515301783674,-0.008298802814695066
8066,-1.2689531286180031,-0.008298802814695066
8067,-1.2689537434892428,-0.008298802814695066
8068,-1.2689538849889226,-0.008298802814695066
8069,-1.2689556922241836,-0.008298802814695066
8070,-1.2689567825330565,-0.008298802814695066
8071,-1.2689616067257268,-0.008298802814695066
8072,-1.2689627768941922,-0.008298802814695066
8073,-1.2689630282138222,-0.008298802814695066
8074,-1.2689641531259763,-0.008298802814695066
8075,-1.2689652595396452,-0.008298802814695066
8076,-1.2689655365018024,-0.008298802814695066
8077,-1.2689671745640307,-0.008298802814695066
8078,-1.2689695167020731,-0.008298802814695066
8079,-1.2689695334455322,-0.008298802814695066
8080,-1.2689705370423054,-0.008298802814695066
8081,-1.2689717871269734,-0.008298802814695066
8082,-1.2689719116384297,-0.008298802814695066
8083,-1.2689722416388376,-0.008298802814695066
8084,-1.268972719459557,-0.008298802814695066
8085,-1.2689734765613094,-0.008298802814695066
8086,-1.2689746295594002,-0.008298802814695066
8087,-1.2689792046167239,-0.008298802814695066
8088,-1.2689811056645246,-0.008298802814695066
8089,-1.2689818673408877,-0.008298802814695066
8090,-1.268982074198701,-0.008298802814695066
8091,-1.2689843416246365,-0.008298802814695066
8092,-1.2689854557184455,-0.008298802814695066
8093,-1.2689870033670205,-0.008298802814695066
8094,-1.2689874943760162,-0.008298802814695066
8095,-1.268990298049078,-0.008298802814695066
8096,-1.2689914780732898,-0.008298802814695066
8097,-1.2689915001464254,-0.008298802814695066
8098,-1.2689917583975863,-0.008298802814695066
8099,-1.2689920644046913,-0.008298802814695066
8100,-1.268992482567821,-0.008298802814695066
8101,-1.2689946835988424,-0.008298802814695066
8102,-1.268995225504705,-0.008298802814695066
8103,-1.2689952861486504,-0.008298802814695066
8104,-1.2689960960185627,-0.008298802814695066
8105,-1.2689961655890627,-0.008298802814695066
8106,-1.268996515946007,-0.008298802814695066
8107,-1.2689984121980684,-0.008298802814695066
8108,-1.2689995709604445,-0.008298802814695066
8109,-1.2690085035018148,-0.008298802814695066
8110,-1.2690120682399477,-0.008298802814695066
8111,-1.2690130153458883,-0.008298802814695066
8112,-1.2690159416180238,-0.008298802814695066
8113,-1.2690161057433789,-0.008298802814695066
8114,-1.2690174796921778,-0.008298802814695066
8115,-1.2690181468949662,-0.008298802814695066
8116,-1.2690186314300584,-0.008298802814695066
8117,-1.2690198079456048,-0.008298802814695066
8118,-1.269023151958557,-0.008298802814695066
8119,-1.2690255078427157,-0.008298802814695066
8120,-1.2690263911218045,-0.008298802814695066
8121,-1.2690277019728537,-0.008298802814695066
8122,-1.2690284895125885,-0.008298802814695066
8123,-1.2690310399334095,-0.008298802814695066
8124,-1.269031229529444,-0.008298802814695066
8125,-1.269031987016172,-0.008298802814695066
8126,-1.2690335388630118,-0.008298802814695066
8127,-1.269033636054982,-0.008298802814695066
8128,-1.2690346031514554,-0.008298802814695066
8129,-1.269035786118301,-0.008298802814695066
8130,-1.2690365562398658,-0.008298802814695066
8131,-1.2690368502364464,-0.008298802814695066
8132,-1.2690380041831464,-0.008298802814695066
8133,-1.2690380435700312,-0.008298802814695066
8134,-1.2690385401474507,-0.008298802814695066
8135,-1.2690394486951746,-0.008298802814695066
8136,-1.2690399769916487,-0.008298802814695066
8137,-1.2690406865246124,-0.008298802814695066
8138,-1.2690418715728116,-0.008298802814695066
8139,-1.269042749465045,-0.008298802814695066
8140,-1.269043025939301,-0.008298802814695066
8141,-1.269043104367382,-0.008298802814695066
8142,-1.2690458806516363,-0.008298802814695066
8143,-1.269046048554062,-0.008298802814695066
8144,-1.2690466121505555,-0.008298802814695066
8145,-1.2690467701763635,-0.008298802814695066
8146,-1.269047271022216,-0.008298802814695066
8147,-1.269047486866039,-0.008298802814695066
8148,-1.2690480167980118,-0.008298802814695066
8149,-1.269049678095128,-0.008298802814695066
8150,-1.2690512038499706,-0.008298802814695066
8151,-1.2690513610888683,-0.008298802814695066
8152,-1.269051894564139,-0.008298802814695066
8153,-1.269053373848732,-0.008298802814695066
8154,-1.2690533956030774,-0.008298802814695066
8155,-1.269053951207747,-0.008298802814695066
8156,-1.269054532063214,-0.008298802814695066
8157,-1.2690557145007735,-0.008298802814695066
8158,-1.2690558955520999,-0.008298802814695066
8159,-1.2690562514547938,-0.008298802814695066
8160,-1.2690578309727416,-0.008298802814695066
8161,-1.269058024963309,-0.008298802814695066
8162,-1.2690586866812943,-0.008298802814695066
8163,-1.2690598626366423,-0.008298802814695066
8164,-1.269060626949842,-0.008298802814695066
8165,-1.269061381508646,-0.008298802814695066
8166,-1.2690628765479648,-0.008298802814695066
8167,-1.2690665698345163,-0.008298802814695066
8168,-1.269066768361687,-0.008298802814695066
8169,-1.2690674662700578,-0.008298802814695066
8170,-1.269070005604071,-0.008298802814695066
8171,-1.2690707295927441,-0.008298802814695066
8172,-1.269071000939109,-0.008298802814695066
8173,-1.2690738343601706,-0.008298802814695066
8174,-1.2690738605269594,-0.008298802814695066
8175,-1.2690741228244364,-0.008298802814695066
8176,-1.2690744148160316,-0.008298802814695066
8177,-1.2690744529952493,-0.008298802814695066
8178,-1.269074835155521,-0.008298802814695066
8179,-1.2690762828946276,-0.008298802814695066
8180,-1.2690772766174372,-0.008298802814695066
8181,-1.2690789875135113,-0.008298802814695066
8182,-1.2690802224717908,-0.008298802814695066
8183,-1.2690807091203609,-0.008298802814695066
8184,-1.26908156023715,-0.008298802814695066
8185,-1.2690816687761002,-0.008298802814695066
8186,-1.2690829289472951,-0.008298802814695066
8187,-1.2690845384687484,-0.008298802814695066
8188,-1.2690850316604594,-0.008298802814695066
8189,-1.2690851401031638,-0.008298802814695066
8190,-1.2690866443199678,-0.008298802814695066
8191,-1.2690868398546458,-0.008298802814695066
8192,-1.2690871302286861,-0.008298802814695066
8193,-1.2690882540151396,-0.008298802814695066
8194,-1.2690889231092874,-0.008298802814695066
8195,-1.26909244030828,-0.008298802814695066
8196,-1.2690932610369625,-0.008298802814695066
8197,-1.2690949889550005,-0.008298802814695066
8198,-1.2690965340485092,-0.008298802814695066
8199,-1.269100029130982,-0.008298802814695066
8200,-1.269101573469182,-0.008298802814695066
8201,-1.2691017624985452,-0.008298802814695066
8202,-1.2691020472522612,-0.008298802814695066
8203,-1.2691034190483101,-0.008298802814695066
8204,-1.2691052034113355,-0.008298802814695066
8205,-1.269105236153811,-0.008298802814695066
8206,-1.2691056906739437,-0.008298802814695066
8207,-1.2691060204665319,-0.008298802814695066
8208,-1.269107087852768,-0.008298802814695066
8209,-1.269107703890206,-0.008298802814695066
8210,-1.269110405630381,-0.008298802814695066
8211,-1.269111591760578,-0.008298802814695066
8212,-1.269111951015065,-0.008298802814695066
8213,-1.269112145865011,-0.008298802814695066
8214,-1.269112608109188,-0.008298802814695066
8215,-1.2691134100732024,-0.008298802814695066
8216,-1.2691135633603867,-0.008298802814695066
8217,-1.2691148658831133,-0.008298802814695066
8218,-1.2691155620349752,-0.008298802814695066
8219,-1.2691160452807102,-0.008298802814695066
8220,-1.2691160837581157,-0.008298802814695066
8221,-1.2691171628925277,-0.008298802814695066
8222,-1.2691180931835842,-0.008298802814695066
8223,-1.2691198197490425,-0.008298802814695066
8224,-1.269120930909609,-0.008298802814695066
8225,-1.2691219517595997,-0.008298802814695066
8226,-1.2691223069952149,-0.008298802814695066
8227,-1.2691227336409758,-0.008298802814695066
8228,-1.2691234003480112,-0.008298802814695066
8229,-1.2691250647888532,-0.008298802814695066
8230,-1.2691259126139298,-0.008298802814695066
8231,-1.2691266718800747,-0.008298802814695066
8232,-1.2691273477508793,-0.008298802814695066
8233,-1.2691286404199151,-0.008298802814695066
8234,-1.2691301677206068,-0.008298802814695066
8235,-1.2691304402455617,-0.008298802814695066
8236,-1.2691305995910491,-0.008298802814695066
8237,-1.2691308186852772,-0.008298802814695066
8238,-1.2691314645768594,-0.008298802814695066
8239,-1.2691325468383583,-0.008298802814695066
8240,-1.2691337041952635,-0.008298802814695066
8241,-1.2691339229925573,-0.008298802814695066
8242,-1.2691368026867567,-0.008298802814695066
8243,-1.2691374005989566,-0.008298802814695066
8244,-1.269137571736324,-0.008298802814695066
8245,-1.2691396847198542,-0.008298802814695066
8246,-1.2691411614233887,-0.008298802814695066
8247,-1.26914148733207,-0.008298802814695066
8248,-1.269141504612416,-0.008298802814695066
8249,-1.269141505371679,-0.008298802814695066
8250,-1.2691431418765449,-0.008298802814695066
8251,-1.2691434407411273,-0.008298802814695066
8252,-1.269144127932282,-0.008298802814695066
8253,-1.2691451414704065,-0.008298802814695066
8254,-1.2691454915771994,-0.008298802814695066
8255,-1.2691469041308152,-0.008298802814695066
8256,-1.2691477226467023,-0.008298802814695066
8257,-1.2691480282676024,-0.008298802814695066
8258,-1.2691481809504692,-0.008298802814695066
8259,-1.2691484889938693,-0.008298802814695066
8260,-1.2691498869384767,-0.008298802814695066
8261,-1.269150407380832,-0.008298802814695066
8262,-1.2691505109387795,-0.008298802814695066
8263,-1.2691516412090742,-0.008298802814695066
8264,-1.2691526884296447,-0.008298802814695066
8265,-1.269154248574727,-0.008298802814695066
8266,-1.2691544897792855,-0.008298802814695066
8267,-1.2691546932101538,-0.008298802814695066
8268,-1.2691578676180046,-0.008298802814695066
8269,-1.2691590590945765,-0.008298802814695066
8270,-1.269159106428483,-0.008298802814695066
8271,-1.2691594205216883,-0.008298802814695066
8272,-1.2691594361202525,-0.008298802814695066
8273,-1.2691604495192523,-0.008298802814695066
8274,-1.2691606434804699,-0.008298802814695066
8275,-1.2691609085800217,-0.008298802814695066
8276,-1.2691638496440794,-0.008298802814695066
8277,-1.269163994323088,-0.008298802814695066
8278,-1.2691644805394018,-0.008298802814695066
8279,-1.2691658768187712,-0.008298802814695066
8280,-1.2691665565043233,-0.008298802814695066
8281,-1.2691690803157738,-0.008298802814695066
8282,-1.2691695105496632,-0.008298802814695066
8283,-1.2691699060425972,-0.008298802814695066
8284,-1.269170553129607,-0.008298802814695066
8285,-1.2691714894764696,-0.008298802814695066
8286,-1.2691716960555481,-0.008298802814695066
8287,-1.2691720465128467,-0.008298802814695066
8288,-1.2691729768646591,-0.008298802814695066
8289,-1.269176361097957,-0.008298802814695066
8290,-1.2691775881376786,-0.008298802814695066
8291,-1.2691788161912463,-0.008298802814695066
8292,-1.2691813043528484,-0.008298802814695066
8293,-1.2691821145797273,-0.008298802814695066
8294,-1.2691821703386361,-0.008298802814695066
8295,-1.2691824285772715,-0.008298802814695066
8296,-1.269183069432545,-0.008298802814695066
8297,-1.269183567478517,-0.008298802814695066
8298,-1.269184315130885,-0.008298802814695066
8299,-1.2691844427756656,-0.008298802814695066
8300,-1.2691847887232774,-0.008298802814695066
8301,-1.2691855750950936,-0.008298802814695066
8302,-1.2691898339347218,-0.008298802814695066
8303,-1.2691903938022293,-0.008298802814695066
8304,-1.2691908144904267,-0.008298802814695066
8305,-1.2691910334677179,-0.008298802814695066
8306,-1.269191303955354,-0.008298802814695066
8307,-1.2691925938413426,-0.008298802814695066
8308,-1.269192613506048,-0.008298802814695066
8309,-1.2691928277871567,-0.008298802814695066
8310,-1.2691935596066921,-0.008298802814695066
8311,-1.2691936522774643,-0.008298802814695066
8312,-1.2691954412000157,-0.008298802814695066
8313,-1.2691955660611836,-0.008298802814695066
8314,-1.2691955792417966,-0.008298802814695066
8315,-1.269196742424778,-0.008298802814695066
8316,-1.2691973671023662,-0.008298802814695066
8317,-1.2691992791719013,-0.008298802814695066
8318,-1.2691996553111422,-0.008298802814695066
8319,-1.269200417566115,-0.008298802814695066
8320,-1.2692028267544764,-0.008298802814695066
8321,-1.2692028284937662,-0.008298802814695066
8322,-1.2692028631040622,-0.008298802814695066
8323,-1.2692031367866963,-0.008298802814695066
8324,-1.2692035836287137,-0.008298802814695066
8325,-1.2692041384815531,-0.008298802814695066
8326,-1.2692042729417645,-0.008298802814695066
8327,-1.2692045367812232,-0.008298802814695066
8328,-1.2692049278709556,-0.008298802814695066
8329,-1.2692054822125678,-0.008298802814695066
8330,-1.2692059030311342,-0.008298802814695066
8331,-1.2692060407012224,-0.008298802814695066
8332,-1.2692085869395837,-0.008298802814695066
8333,-1.2692087448054854,-0.008298802814695066
8334,-1.2692088777424555,-0.008298802814695066
8335,-1.2692091329660404,-0.008298802814695066
8336,-1.2692099410840698,-0.008298802814695066
8337,-1.2692100054095552,-0.008298802814695066
8338,-1.2692102541472816,-0.008298802814695066
8339,-1.2692106284455626,-0.008298802814695066
8340,-1.2692122141359552,-0.008298802814695066
8341,-1.2692134476712877,-0.008298802814695066
8342,-1.2692137489513504,-0.008298802814695066
8343,-1.2692138283977,-0.008298802814695066
8344,-1.2692141895705427,-0.008298802814695066
8345,-1.269214905522495,-0.008298802814695066
8346,-1.269215121845593,-0.008298802814695066
8347,-1.269215364468132,-0.008298802814695066
8348,-1.2692161976655958,-0.008298802814695066
8349,-1.2692164425662795,-0.008298802814695066
8350,-1.2692166553632669,-0.008298802814695066
8351,-1.2692171400872962,-0.008298802814695066
8352,-1.269217433660824,-0.008298802814695066
8353,-1.2692175434799613,-0.008298802814695066
8354,-1.2692177786362222,-0.008298802814695066
8355,-1.269218893656896,-0.008298802814695066
8356,-1.2692196454910731,-0.008298802814695066
8357,-1.2692199740399355,-0.008298802814695066
8358,-1.269220962177143,-0.008298802814695066
8359,-1.2692215398057174,-0.008298802814695066
8360,-1.2692221169807665,-0.008298802814695066
8361,-1.2692236728192308,-0.008298802814695066
8362,-1.2692238934777231,-0.008298802814695066
8363,-1.269224148805475,-0.008298802814695066
8364,-1.269224646189065,-0.008298802814695066
8365,-1.2692250262000278,-0.008298802814695066
8366,-1.269225072307482,-0.008298802814695066
8367,-1.2692254167636536,-0.008298802814695066
8368,-1.2692266168618473,-0.008298802814695066
8369,-1.2692282251754665,-0.008298802814695066
8370,-1.2692284930407078,-0.008298802814695066
8371,-1.2692285283512084,-0.008298802814695066
8372,-1.26922873955515,-0.008298802814695066
8373,-1.2692301529830357,-0.008298802814695066
8374,-1.2692308256228244,-0.008298802814695066
8375,-1.269232010449821,-0.008298802814695066
8376,-1.269233723045774,-0.008298802814695066
8377,-1.2692339453501438,-0.008298802814695066
8378,-1.2692340293220472,-0.008298802814695066
8379,-1.2692350985282317,-0.008298802814695066
8380,-1.2692359098616992,-0.008298802814695066
8381,-1.2692361849156422,-0.008298802814695066
8382,-1.26923657113853,-0.008298802814695066
8383,-1.2692370630310272,-0.008298802814695066
8384,-1.2692390153968813,-0.008298802814695066
8385,-1.269239058336024,-0.008298802814695066
8386,-1.2692396935017392,-0.008298802814695066
8387,-1.2692405308242527,-0.008298802814695066
8388,-1.2692418338912224,-0.008298802814695066
8389,-1.2692442335260898,-0.008298802814695066
8390,-1.2692446211137556,-0.008298802814695066
8391,-1.2692447302038352,-0.008298802814695066
8392,-1.269244847727879,-0.008298802814695066
8393,-1.2692448962679153,-0.008298802814695066
8394,-1.269245210511471,-0.008298802814695066
8395,-1.2692455009293817,-0.008298802814695066
8396,-1.2692464689681546,-0.008298802814695066
8397,-1.2692466860093037,-0.008298802814695066
8398,-1.2692478273536454,-0.008298802814695066
8399,-1.2692480237653094,-0.008298802814695066
8400,-1.2692480920978495,-0.008298802814695066
8401,-1.2692485048681836,-0.008298802814695066
8402,-1.2692485606114206,-0.008298802814695066
8403,-1.269249005200376,-0.008298802814695066
8404,-1.2692500672653475,-0.008298802814695066
8405,-1.2692512173745336,-0.008298802814695066
8406,-1.2692518894395917,-0.008298802814695066
8407,-1.2692519871623036,-0.008298802814695066
8408,-1.2692528824094105,-0.008298802814695066
8409,-1.2692530793338215,-0.008298802814695066
8410,-1.269254515196864,-0.008298802814695066
8411,-1.2692551138093822,-0.008298802814695066
8412,-1.26925536375626,-0.008298802814695066
8413,-1.2692561264451305,-0.008298802814695066
8414,-1.2692569202726376,-0.008298802814695066
8415,-1.2692577765083892,-0.008298802814695066
8416,-1.2692587816666285,-0.008298802814695066
8417,-1.2692593264729826,-0.008298802814695066
8418,-1.2692607009875152,-0.008298802814695066
8419,-1.2692611487564995,-0.008298802814695066
8420,-1.2692613116342493,-0.008298802814695066
8421,-1.2692615268535596,-0.008298802814695066
8422,-1.269262201704313,-0.008298802814695066
8423,-1.2692624042732426,-0.008298802814695066
8424,-1.2692624832730828,-0.008298802814695066
8425,-1.269262930032175,-0.008298802814695066
8426,-1.2692634462680732,-0.008298802814695066
8427,-1.2692637077565165,-0.008298802814695066
8428,-1.2692640651478084,-0.008298802814695066
8429,-1.269264127626852,-0.008298802814695066
8430,-1.269265694460909,-0.008298802814695066
8431,-1.2692659437476208,-0.008298802814695066
8432,-1.269268503763644,-0.008298802814695066
8433,-1.2692687563192258,-0.008298802814695066
8434,-1.2692689509959016,-0.008298802814695066
8435,-1.2692689866796827,-0.008298802814695066
8436,-1.269269077237345,-0.008298802814695066
8437,-1.2692693123930092,-0.008298802814695066
8438,-1.269269379358403,-0.008298802814695066
8439,-1.269271075689396,-0.008298802814695066
8440,-1.2692720898521408,-0.008298802814695066
8441,-1.269272531050597,-0.008298802814695066
8442,-1.269272729240739,-0.008298802814695066
8443,-1.2692731865448108,-0.008298802814695066
8444,-1.2692733783490247,-0.008298802814695066
8445,-1.2692749003702712,-0.008298802814695066
8446,-1.2692755212059057,-0.008298802814695066
8447,-1.2692756672131948,-0.008298802814695066
8448,-1.269276909530269,-0.008298802814695066
8449,-1.2692773787242495,-0.008298802814695066
8450,-1.2692786189470493,-0.008298802814695066
8451,-1.2692791079392731,-0.008298802814695066
8452,-1.2692792596241562,-0.008298802814695066
8453,-1.2692801833121163,-0.008298802814695066
8454,-1.2692803798901455,-0.008298802814695066
8455,-1.2692811124775936,-0.008298802814695066
8456,-1.2692814762272906,-0.008298802814695066
8457,-1.2692815478534365,-0.008298802814695066
8458,-1.2692827523810764,-0.008298802814695066
8459,-1.2692829576615356,-0.008298802814695066
8460,-1.2692830738903595,-0.008298802814695066
8461,-1.2692834308866798,-0.008298802814695066
8462,-1.2692838625248803,-0.008298802814695066
8463,-1.269284088773606,-0.008298802814695066
8464,-1.269284411658198,-0.008298802814695066
8465,-1.2692857750123756,-0.008298802814695066
8466,-1.2692858573513188,-0.008298802814695066
8467,-1.269286313775413,-0.008298802814695066
8468,-1.2692878903831948,-0.008298802814695066
8469,-1.2692884852710706,-0.008298802814695066
8470,-1.269288626748705,-0.008298802814695066
8471,-1.2692886718099397,-0.008298802814695066
8472,-1.2692887525259975,-0.008298802814695066
8473,-1.2692893805269407,-0.008298802814695066
8474,-1.2692903225947063,-0.008298802814695066
8475,-1.2692903553436488,-0.008298802814695066
8476,-1.2692905939856123,-0.008298802814695066
8477,-1.2692912467752548,-0.008298802814695066
8478,-1.2692927652192891,-0.008298802814695066
8479,-1.269292858280541,-0.008298802814695066
8480,-1.2692938595809253,-0.008298802814695066
8481,-1.2692955995796755,-0.008298802814695066
8482,-1.2692959504467756,-0.008298802814695066
8483,-1.2692959674976536,-0.008298802814695066
8484,-1.2692965675297327,-0.008298802814695066
8485,-1.2692976072693762,-0.008298802814695066
8486,-1.2692977462934338,-0.008298802814695066
8487,-1.2692993132901271,-0.008298802814695066
8488,-1.2693000643304506,-0.008298802814695066
8489,-1.2693001293437711,-0.008298802814695066
8490,-1.269300802349043,-0.008298802814695066
8491,-1.2693009878151789,-0.008298802814695066
8492,-1.2693011090272468,-0.008298802814695066
8493,-1.2693014852746334,-0.008298802814695066
8494,-1.2693020395490207,-0.008298802814695066
8495,-1.2693024675741205,-0.008298802814695066
8496,-1.269302717701994,-0.008298802814695066
8497,-1.2693033438471386,-0.008298802814695066
8498,-1.2693037069506554,-0.008298802814695066
8499,-1.2693037743341167,-0.008298802814695066
8500,-1.2693042214090355,-0.008298802814695066
8501,-1.2693042755900898,-0.008298802814695066
8502,-1.2693045888314813,-0.008298802814695066
8503,-1.2693051445886778,-0.008298802814695066
8504,-1.2693052269803116,-0.008298802814695066
8505,-1.269305227343526,-0.008298802814695066
8506,-1.269305420406187,-0.008298802814695066
8507,-1.2693054946022873,-0.008298802814695066
8508,-1.2693058441377363,-0.008298802814695066
8509,-1.2693058948513192,-0.008298802814695066
8510,-1.2693060665653972,-0.008298802814695066
8511,-1.2693070947584366,-0.008298802814695066
8512,-1.2693082479083948,-0.008298802814695066
8513,-1.269309173314383,-0.008298802814695066
8514,-1.2693092253314187,-0.008298802814695066
8515,-1.2693093756371008,-0.008298802814695066
8516,-1.2693095527973264,-0.008298802814695066
8517,-1.2693104569979532,-0.008298802814695066
8518,-1.2693118348726564,-0.008298802814695066
8519,-1.2693118526714302,-0.008298802814695066
8520,-1.2693128549135246,-0.008298802814695066
8521,-1.2693138916475952,-0.008298802814695066
8522,-1.2693148813614923,-0.008298802814695066
8523,-1.269315703419796,-0.008298802814695066
8524,-1.269316697748167,-0.008298802814695066
8525,-1.269319005763151,-0.008298802814695066
8526,-1.2693200674297571,-0.008298802814695066
8527,-1.2693207653428398,-0.008298802814695066
8528,-1.2693210971929825,-0.008298802814695066
8529,-1.2693217319296475,-0.008298802814695066
8530,-1.2693224128681602,-0.008298802814695066
8531,-1.269322452175793,-0.008298802814695066
8532,-1.269322473205034,-0.008298802814695066
8533,-1.2693228705100486,-0.008298802814695066
8534,-1.269322891859864,-0.008298802814695066
8535,-1.2693232085860153,-0.008298802814695066
8536,-1.269324297904706,-0.008298802814695066
8537,-1.2693247114052446,-0.008298802814695066
8538,-1.269324940830681,-0.008298802814695066
8539,-1.269326082840444,-0.008298802814695066
8540,-1.2693265805895502,-0.008298802814695066
8541,-1.2693266276037254,-0.008298802814695066
8542,-1.2693278283713296,-0.008298802814695066
8543,-1.269328035330131,-0.008298802814695066
8544,-1.2693281365830744,-0.008298802814695066
8545,-1.2693284276978243,-0.008298802814695066
8546,-1.2693284959293727,-0.008298802814695066
8547,-1.2693287897163217,-0.008298802814695066
8548,-1.2693293387583564,-0.008298802814695066
8549,-1.269329537425497,-0.008298802814695066
8550,-1.2693296250467148,-0.008298802814695066
8551,-1.269330862488093,-0.008298802814695066
8552,-1.269332063635973,-0.008298802814695066
8553,-1.2693321952522774,-0.008298802814695066
8554,-1.269332311313196,-0.008298802814695066
8555,-1.26933251904072,-0.008298802814695066
8556,-1.2693332967961382,-0.008298802814695066
8557,-1.269333577026929,-0.008298802814695066
8558,-1.2693335874260616,-0.008298802814695066
8559,-1.2693340681908774,-0.008298802814695066
8560,-1.269334474490345,-0.008298802814695066
8561,-1.2693348529193633,-0.008298802814695066
8562,-1.2693353061136434,-0.008298802814695066
8563,-1.2693360111333354,-0.008298802814695066
8564,-1.2693369823473686,-0.008298802814695066
8565,-1.2693382793164987,-0.008298802814695066
8566,-1.269339082589932,-0.008298802814695066
8567,-1.2693392126029868,-0.008298802814695066
8568,-1.269340070305546,-0.008298802814695066
8569,-1.2693401822710935,-0.008298802814695066
8570,-1.269341188874452,-0.008298802814695066
8571,-1.2693413030922451,-0.008298802814695066
8572,-1.2693421686464181,-0.008298802814695066
8573,-1.269343150708988,-0.008298802814695066
8574,-1.269343166143302,-0.008298802814695066
8575,-1.2693433937364662,-0.008298802814695066
8576,-1.2693437393263682,-0.008298802814695066
8577,-1.2693437771682712,-0.008298802814695066
8578,-1.2693442945159448,-0.008298802814695066
8579,-1.2693447532295319,-0.008298802814695066
8580,-1.2693466357278185,-0.008298802814695066
8581,-1.2693478925878903,-0.008298802814695066
8582,-1.269348728867136,-0.008298802814695066
8583,-1.2693487725706176,-0.008298802814695066
8584,-1.269350147152101,-0.008298802814695066
8585,-1.2693508311654635,-0.008298802814695066
8586,-1.2693524454028953,-0.008298802814695066
8587,-1.2693529546875653,-0.008298802814695066
8588,-1.2693542623709484,-0.008298802814695066
8589,-1.2693543082390195,-0.008298802814695066
8590,-1.269354610695343,-0.008298802814695066
8591,-1.2693551239552727,-0.008298802814695066
8592,-1.2693552791658043,-0.008298802814695066
8593,-1.269355580742726,-0.008298802814695066
8594,-1.2693560155829056,-0.008298802814695066
8595,-1.2693587777487658,-0.008298802814695066
8596,-1.2693600790763893,-0.008298802814695066
8597,-1.2693603115831058,-0.008298802814695066
8598,-1.26936115858051,-0.008298802814695066
8599,-1.2693612438140047,-0.008298802814695066
8600,-1.2693626142292203,-0.008298802814695066
8601,-1.2693651917372408,-0.008298802814695066
8602,-1.2693672004087193,-0.008298802814695066
8603,-1.2693676805163785,-0.008298802814695066
8604,-1.26936805622117,-0.008298802814695066
8605,-1.2693690042576957,-0.008298802814695066
8606,-1.2693694303924685,-0.008298802814695066
8607,-1.2693696050452172,-0.008298802814695066
8608,-1.2693697138207596,-0.008298802814695066
8609,-1.2693700919728097,-0.008298802814695066
8610,-1.2693706691958204,-0.008298802814695066
8611,-1.2693709505608584,-0.008298802814695066
8612,-1.269371064709187,-0.008298802814695066
8613,-1.2693712349198192,-0.008298802814695066
8614,-1.2693716670250046,-0.008298802814695066
8615,-1.2693719122024565,-0.008298802814695066
8616,-1.2693725065637564,-0.008298802814695066
8617,-1.269373000020186,-0.008298802814695066
8618,-1.2693731625833842,-0.008298802814695066
8619,-1.269373404022249,-0.008298802814695066
8620,-1.2693734245834527,-0.008298802814695066
8621,-1.2693737742209659,-0.008298802814695066
8622,-1.2693737964597367,-0.008298802814695066
8623,-1.2693743054802216,-0.008298802814695066
8624,-1.269374433160026,-0.008298802814695066
8625,-1.2693750228584215,-0.008298802814695066
8626,-1.2693750535067234,-0.008298802814695066
8627,-1.2693751338585044,-0.008298802814695066
8628,-1.2693774406974025,-0.008298802814695066
8629,-1.2693780939287889,-0.008298802814695066
8630,-1.2693786754281882,-0.008298802814695066
8631,-1.2693787979408309,-0.008298802814695066
8632,-1.269379329806784,-0.008298802814695066
8633,-1.2693795596551884,-0.008298802814695066
8634,-1.2693798566918304,-0.008298802814695066
8635,-1.2693802510233327,-0.008298802814695066
8636,-1.2693804092820882,-0.008298802814695066
8637,-1.2693805779782523,-0.008298802814695066
8638,-1.269380636697266,-0.008298802814695066
8639,-1.269380978713166,-0.008298802814695066
8640,-1.2693815446522236,-0.008298802814695066
8641,-1.2693818200398583,-0.008298802814695066
8642,-1.269383676576301,-0.008298802814695066
8643,-1.2693839855299571,-0.008298802814695066
8644,-1.2693845250672282,-0.008298802814695066
8645,-1.2693859796339824,-0.008298802814695066
8646,-1.2693860766144849,-0.008298802814695066
8647,-1.2693861094679733,-0.008298802814695066
8648,-1.2693868224855867,-0.008298802814695066
8649,-1.2693872742549663,-0.008298802814695066
8650,-1.2693876937128419,-0.008298802814695066
8651,-1.2693879665562722,-0.008298802814695066
8652,-1.2693882789960056,-0.008298802814695066
8653,-1.269388684261436,-0.008298802814695066
8654,-1.2693887971377675,-0.008298802814695066
8655,-1.269389162701627,-0.008298802814695066
8656,-1.2693893133080514,-0.008298802814695066
8657,-1.269389610114057,-0.008298802814695066
8658,-1.2693897192684842,-0.008298802814695066
8659,-1.269391173750944,-0.008298802814695066
8660,-1.2693915090708123,-0.008298802814695066
8661,-1.2693925175584035,-0.008298802814695066
8662,-1.269392693845308,-0.008298802814695066
8663,-1.2693931878378497,-0.008298802814695066
8664,-1.269393406729038,-0.008298802814695066
8665,-1.2693936489423967,-0.008298802814695066
8666,-1.2693942790685029,-0.008298802814695066
8667,-1.269394343400629,-0.008298802814695066
8668,-1.269394779228941,-0.008298802814695066
8669,-1.2693952877769703,-0.008298802814695066
8670,-1.2693968454379017,-0.008298802814695066
8671,-1.2693969226266528,-0.008298802814695066
8672,-1.2693975796659849,-0.008298802814695066
8673,-1.2693976460546281,-0.008298802814695066
8674,-1.269398512662462,-0.008298802814695066
8675,-1.269398625763142,-0.008298802814695066
8676,-1.2693988730912147,-0.008298802814695066
8677,-1.2693992155838463,-0.008298802814695066
8678,-1.2693993432981585,-0.008298802814695066
8679,-1.2693996056404724,-0.008298802814695066
8680,-1.2694008847525753,-0.008298802814695066
8681,-1.2694015474206404,-0.008298802814695066
8682,-1.269402512230374,-0.008298802814695066
8683,-1.2694034132936003,-0.008298802814695066
8684,-1.2694036160946909,-0.008298802814695066
8685,-1.2694036809975855,-0.008298802814695066
8686,-1.2694038747961398,-0.008298802814695066
8687,-1.2694040648100666,-0.008298802814695066
8688,-1.2694053286913656,-0.008298802814695066
8689,-1.2694054209441235,-0.008298802814695066
8690,-1.2694061544073825,-0.008298802814695066
8691,-1.2694067065068455,-0.008298802814695066
8692,-1.2694068716097218,-0.008298802814695066
8693,-1.269407040316515,-0.008298802814695066
8694,-1.2694074036302823,-0.008298802814695066
8695,-1.2694077483803554,-0.008298802814695066
8696,-1.2694084207351644,-0.008298802814695066
8697,-1.2694091583666272,-0.008298802814695066
8698,-1.2694092499182568,-0.008298802814695066
8699,-1.2694094081105667,-0.008298802814695066
8700,-1.2694100125492929,-0.008298802814695066
8701,-1.2694104019845032,-0.008298802814695066
8702,-1.269410600276236,-0.008298802814695066
8703,-1.2694111647684736,-0.008298802814695066
8704,-1.269411188499793,-0.008298802814695066
8705,-1.2694118194015627,-0.008298802814695066
8706,-1.269411945730111,-0.008298802814695066
8707,-1.2694120842492884,-0.008298802814695066
8708,-1.269412673677767,-0.008298802814695066
8709,-1.2694129102318525,-0.008298802814695066
8710,-1.2694132239158187,-0.008298802814695066
8711,-1.2694148246859303,-0.008298802814695066
8712,-1.2694152674218864,-0.008298802814695066
8713,-1.2694161408514812,-0.008298802814695066
8714,-1.2694170005890058,-0.008298802814695066
8715,-1.2694170062058765,-0.008298802814695066
8716,-1.2694170282443995,-0.008298802814695066
8717,-1.269418616698792,-0.008298802814695066
8718,-1.2694216829387228,-0.008298802814695066
8719,-1.26942171878357,-0.008298802814695066
8720,-1.2694219361285084,-0.008298802814695066
8721,-1.2694221819234768,-0.008298802814695066
8722,-1.2694225483517152,-0.008298802814695066
8723,-1.2694226804843203,-0.008298802814695066
8724,-1.2694229050461228,-0.008298802814695066
8725,-1.26942292576047,-0.008298802814695066
8726,-1.2694237808618871,-0.008298802814695066
8727,-1.26942444689204,-0.008298802814695066
8728,-1.2694247699579009,-0.008298802814695066
8729,-1.269424820418985,-0.008298802814695066
8730,-1.2694248837343216,-0.008298802814695066
8731,-1.269426883163106,-0.008298802814695066
8732,-1.2694276760425554,-0.008298802814695066
8733,-1.2694281000073495,-0.008298802814695066
8734,-1.2694283944413263,-0.008298802814695066
8735,-1.2694285645277983,-0.008298802814695066
8736,-1.2694291688703985,-0.008298802814695066
8737,-1.269429263145195,-0.008298802814695066
8738,-1.269429302355175,-0.008298802814695066
8739,-1.2694293222079522,-0.008298802814695066
8740,-1.2694310360197978,-0.008298802814695066
8741,-1.2694310970763598,-0.008298802814695066
8742,-1.2694323680995572,-0.008298802814695066
8743,-1.2694324314386343,-0.008298802814695066
8744,-1.269432479495959,-0.008298802814695066
8745,-1.269433103503646,-0.008298802814695066
8746,-1.2694334355508825,-0.008298802814695066
8747,-1.2694336101899413,-0.008298802814695066
8748,-1.269435857143272,-0.008298802814695066
8749,-1.2694358927264218,-0.008298802814695066
8750,-1.2694360941382727,-0.008298802814695066
8751,-1.2694376647581946,-0.008298802814695066
8752,-1.2694376746756113,-0.008298802814695066
8753,-1.2694387306910786,-0.008298802814695066
8754,-1.2694388507609262,-0.008298802814695066
8755,-1.269438864935588,-0.008298802814695066
8756,-1.2694393248352804,-0.008298802814695066
8757,-1.2694396220596127,-0.008298802814695066
8758,-1.2694397404540552,-0.008298802814695066
8759,-1.2694397971865472,-0.008298802814695066
8760,-1.2694411394203637,-0.008298802814695066
8761,-1.2694422287944311,-0.008298802814695066
8762,-1.269442907976469,-0.008298802814695066
8763,-1.269443227968834,-0.008298802814695066
8764,-1.26944365191827,-0.008298802814695066
8765,-1.26944373424924,-0.008298802814695066
8766,-1.2694437407258792,-0.008298802814695066
8767,-1.2694442043807006,-0.008298802814695066
8768,-1.2694444697432152,-0.008298802814695066
8769,-1.2694445915556885,-0.008298802814695066
8770,-1.2694447735045324,-0.008298802814695066
8771,-1.2694450177992862,-0.008298802814695066
8772,-1.2694453141556483,-0.008298802814695066
8773,-1.2694457537520933,-0.008298802814695066
8774,-1.2694458923273386,-0.008298802814695066
8775,-1.2694461894021378,-0.008298802814695066
8776,-1.2694463901152129,-0.008298802814695066
8777,-1.2694468892818316,-0.008298802814695066
8778,-1.2694471053413832,-0.008298802814695066
8779,-1.2694475711534474,-0.008298802814695066
8780,-1.2694489113453853,-0.008298802814695066
8781,-1.2694497837488754,-0.008298802814695066
8782,-1.269449878811923,-0.008298802814695066
8783,-1.2694499373659733,-0.008298802814695066
8784,-1.269450097656603,-0.008298802814695066
8785,-1.2694503897678568,-0.008298802814695066
8786,-1.2694510547985818,-0.008298802814695066
8787,-1.2694510554027343,-0.008298802814695066
8788,-1.2694511497087286,-0.008298802814695066
8789,-1.2694526227022445,-0.008298802814695066
8790,-1.2694528938688683,-0.008298802814695066
8791,-1.269453787540994,-0.008298802814695066
8792,-1.2694540863438437,-0.008298802814695066
8793,-1.2694545521279337,-0.008298802814695066
8794,-1.2694549469453693,-0.008298802814695066
8795,-1.269455602560899,-0.008298802814695066
8796,-1.2694561837763005,-0.008298802814695066
8797,-1.269456367696468,-0.008298802814695066
8798,-1.2694567452012677,-0.008298802814695066
8799,-1.2694571410993487,-0.008298802814695066
8800,-1.2694572524528875,-0.008298802814695066
8801,-1.269457632042212,-0.008298802814695066
8802,-1.2694577719675082,-0.008298802814695066
8803,-1.2694585765550728,-0.008298802814695066
8804,-1.2694594044665133,-0.008298802814695066
8805,-1.2694596155561901,-0.008298802814695066
8806,-1.2694597181710254,-0.008298802814695066
8807,-1.269460079476583,-0.008298802814695066
8808,-1.2694604249118073,-0.008298802814695066
8809,-1.2694605193243498,-0.008298802814695066
8810,-1.2694614169446687,-0.008298802814695066
8811,-1.2694614367253787,-0.008298802814695066
8812,-1.2694615896454307,-0.008298802814695066
8813,-1.2694620532051806,-0.008298802814695066
8814,-1.2694620937729297,-0.008298802814695066
8815,-1.269462172615626,-0.008298802814695066
8816,-1.2694623158283038,-0.008298802814695066
8817,-1.2694624794925267,-0.008298802814695066
8818,-1.2694630579992756,-0.008298802814695066
8819,-1.2694634658475423,-0.008298802814695066
8820,-1.2694640767614778,-0.008298802814695066
8821,-1.2694641179807333,-0.008298802814695066
8822,-1.2694641309696868,-0.008298802814695066
8823,-1.2694643216917507,-0.008298802814695066
8824,-1.2694643255486038,-0.008298802814695066
8825,-1.2694644347828046,-0.008298802814695066
8826,-1.2694655392936216,-0.008298802814695066
8827,-1.26946594984816,-0.008298802814695066
8828,-1.2694659728570912,-0.008298802814695066
8829,-1.2694660014832118,-0.008298802814695066
8830,-1.2694666407564654,-0.008298802814695066
8831,-1.2694668207297704,-0.008298802814695066
8832,-1.2694678514773479,-0.008298802814695066
8833,-1.269467898446437,-0.008298802814695066
8834,-1.2694685889414532,-0.008298802814695066
8835,-1.2694688449773708,-0.008298802814695066
8836,-1.2694689520220948,-0.008298802814695066
8837,-1.2694692987365443,-0.008298802814695066
8838,-1.26946976759251,-0.008298802814695066
8839,-1.2694698579183097,-0.008298802814695066
8840,-1.269470423857988,-0.008298802814695066
8841,-1.2694708558622478,-0.008298802814695066
8842,-1.2694709501037496,-0.008298802814695066
8843,-1.26947121790754,-0.008298802814695066
8844,-1.2694712902624692,-0.008298802814695066
8845,-1.2694715491895798,-0.008298802814695066
8846,-1.2694717420933572,-0.008298802814695066
8847,-1.269472241511377,-0.008298802814695066
8848,-1.269472603178739,-0.008298802814695066
8849,-1.269472953616487,-0.008298802814695066
8850,-1.269473021562331,-0.008298802814695066
8851,-1.2694739882505368,-0.008298802814695066
8852,-1.2694744298707277,-0.008298802814695066
8853,-1.2694748253251258,-0.008298802814695066
8854,-1.2694748406029743,-0.008298802814695066
8855,-1.2694769709351903,-0.008298802814695066
8856,-1.2694769886495012,-0.008298802814695066
8857,-1.2694770768143173,-0.008298802814695066
8858,-1.2694774292636533,-0.008298802814695066
8859,-1.2694775076152292,-0.008298802814695066
8860,-1.2694775408928476,-0.008298802814695066
8861,-1.2694777888212627,-0.008298802814695066
8862,-1.2694778042910628,-0.008298802814695066
8863,-1.2694778571233183,-0.008298802814695066
8864,-1.2694794165304208,-0.008298802814695066
8865,-1.2694799537640906,-0.008298802814695066
8866,-1.269480288183037,-0.008298802814695066
8867,-1.2694805834345155,-0.008298802814695066
8868,-1.2694809641117948,-0.008298802814695066
8869,-1.2694816156756785,-0.008298802814695066
8870,-1.26948171848345,-0.008298802814695066
8871,-1.2694821372284024,-0.008298802814695066
8872,-1.2694827308972099,-0.008298802814695066
8873,-1.2694827870323868,-0.008298802814695066
8874,-1.2694835117726397,-0.008298802814695066
8875,-1.2694838590158106,-0.008298802814695066
8876,-1.2694843406351022,-0.008298802814695066
8877,-1.2694846794243198,-0.008298802814695066
8878,-1.2694849906713848,-0.008298802814695066
8879,-1.2694850787770675,-0.008298802814695066
8880,-1.2694858990870912,-0.008298802814695066
8881,-1.269486860942054,-0.008298802814695066
8882,-1.2694871254366453,-0.008298802814695066
8883,-1.2694872665489463,-0.008298802814695066
8884,-1.2694873684384986,-0.008298802814695066
8885,-1.2694873698961513,-0.008298802814695066
8886,-1.2694884765917203,-0.008298802814695066
8887,-1.2694885947625467,-0.008298802814695066
8888,-1.2694889393894568,-0.008298802814695066
8889,-1.2694890021053162,-0.008298802814695066
8890,-1.2694891693869952,-0.008298802814695066
8891,-1.269489829709924,-0.008298802814695066
8892,-1.26948995154132,-0.008298802814695066
8893,-1.2694907566624025,-0.008298802814695066
8894,-1.2694908102434368,-0.008298802814695066
8895,-1.2694919390151245,-0.008298802814695066
8896,-1.2694919543768148,-0.008298802814695066
8897,-1.2694919816982124,-0.008298802814695066
8898,-1.2694927228795112,-0.008298802814695066
8899,-1.2694929906948456,-0.008298802814695066
8900,-1.269493045230841,-0.008298802814695066
8901,-1.2694931722515554,-0.008298802814695066
8902,-1.2694935170443993,-0.008298802814695066
8903,-1.2694935638810911,-0.008298802814695066
8904,-1.2694944949688571,-0.008298802814695066
8905,-1.2694944955746175,-0.008298802814695066
8906,-1.2694947875670954,-0.008298802814695066
8907,-1.2694957995564424,-0.008298802814695066
8908,-1.2694968027277107,-0.008298802814695066
8909,-1.2694969520264459,-0.008298802814695066
8910,-1.2694971599685658,-0.008298802814695066
8911,-1.2694974975912847,-0.008298802814695066
8912,-1.2694977614160843,-0.008298802814695066
8913,-1.269498158475785,-0.008298802814695066
8914,-1.269498219460963,-0.008298802814695066
8915,-1.2694982680396238,-0.008298802814695066
8916,-1.2694993158206158,-0.008298802814695066
8917,-1.269499486048349,-0.008298802814695066
8918,-1.2695000240152783,-0.008298802814695066
8919,-1.2695005265319785,-0.008298802814695066
8920,-1.2695009196040177,-0.008298802814695066
8921,-1.2695010357108916,-0.008298802814695066
8922,-1.26950111812459,-0.008298802814695066
8923,-1.2695012311009246,-0.008298802814695066
8924,-1.2695012794788791,-0.008298802814695066
8925,-1.2695015950851456,-0.008298802814695066
8926,-1.2695019800249034,-0.008298802814695066
8927,-1.2695020938493355,-0.008298802814695066
8928,-1.269502903758228,-0.008298802814695066
8929,-1.2695049016971178,-0.008298802814695066
8930,-1.2695051357215479,-0.008298802814695066
8931,-1.2695052756491134,-0.008298802814695066
8932,-1.2695055455398563,-0.008298802814695066
8933,-1.2695062706234848,-0.008298802814695066
8934,-1.2695065104423744,-0.008298802814695066
8935,-1.2695072997599808,-0.008298802814695066
8936,-1.2695075533723106,-0.008298802814695066
8937,-1.2695077294063553,-0.008298802814695066
8938,-1.2695081245484494,-0.008298802814695066
8939,-1.2695082819148757,-0.008298802814695066
8940,-1.2695085681351417,-0.008298802814695066
8941,-1.2695086913768396,-0.008298802814695066
8942,-1.26950882112323,-0.008298802814695066
8943,-1.2695093638110506,-0.008298802814695066
8944,-1.2695097560537671,-0.008298802814695066
8945,-1.2695109190309763,-0.008298802814695066
8946,-1.2695110726347263,-0.008298802814695066
8947,-1.2695112817530083,-0.008298802814695066
8948,-1.269511602848256,-0.008298802814695066
8949,-1.2695127314585806,-0.008298802814695066
8950,-1.269513054202357,-0.008298802814695066
8951,-1.2695131821410253,-0.008298802814695066
8952,-1.2695133438304111,-0.008298802814695066
8953,-1.2695135955406298,-0.008298802814695066
8954,-1.2695137472464315,-0.008298802814695066
8955,-1.269514033825206,-0.008298802814695066
8956,-1.2695141394947622,-0.008298802814695066
8957,-1.2695142455065616,-0.008298802814695066
8958,-1.2695142515444173,-0.008298802814695066
8959,-1.269514624791046,-0.008298802814695066
8960,-1.269515312768402,-0.008298802814695066
8961,-1.2695154468818721,-0.008298802814695066
8962,-1.2695154810598885,-0.008298802814695066
8963,-1.2695155819139181,-0.008298802814695066
8964,-1.2695167242588015,-0.008298802814695066
8965,-1.269516889231367,-0.008298802814695066
8966,-1.2695168978547837,-0.008298802814695066
8967,-1.2695182043993376,-0.008298802814695066
8968,-1.2695182581978801,-0.008298802814695066
8969,-1.2695188442305627,-0.008298802814695066
8970,-1.2695193150289343,-0.008298802814695066
8971,-1.2695196269286049,-0.008298802814695066
8972,-1.2695203441490792,-0.008298802814695066
8973,-1.2695208295561293,-0.008298802814695066
8974,-1.2695211800901869,-0.008298802814695066
8975,-1.269521349644968,-0.008298802814695066
8976,-1.2695221597053674,-0.008298802814695066
8977,-1.2695229370871386,-0.008298802814695066
8978,-1.2695231514473493,-0.008298802814695066
8979,-1.2695232880182346,-0.008298802814695066
8980,-1.2695234590417992,-0.008298802814695066
8981,-1.269523638685638,-0.008298802814695066
8982,-1.2695236821774192,-0.008298802814695066
8983,-1.2695238814873602,-0.008298802814695066
8984,-1.2695240569637454,-0.008298802814695066
8985,-1.2695244191932993,-0.008298802814695066
8986,-1.2695246036017214,-0.008298802814695066
8987,-1.2695246222968373,-0.008298802814695066
8988,-1.269524853163161,-0.008298802814695066
8989,-1.2695249555967196,-0.008298802814695066
8990,-1.2695251465111874,-0.008298802814695066
8991,-1.269525610426464,-0.008298802814695066
8992,-1.2695258654960118,-0.008298802814695066
8993,-1.2695261108118372,-0.008298802814695066
8994,-1.2695263799424148,-0.008298802814695066
8995,-1.2695266985780904,-0.008298802814695066
8996,-1.2695268688040013,-0.008298802814695066
8997,-1.2695273688071183,-0.008298802814695066
8998,-1.269527746393668,-0.008298802814695066
8999,-1.2695278517872417,-0.008298802814695066
9000,-1.2695281788221962,-0.008298802814695066
9001,-1.269528217332824,-0.008298802814695066
9002,-1.2695283251169176,-0.008298802814695066
9003,-1.2695288674383067,-0.008298802814695066
9004,-1.269528923642198,-0.008298802814695066
9005,-1.2695291499541481,-0.008298802814695066
9006,-1.2695293079115404,-0.008298802814695066
9007,-1.2695293824748197,-0.008298802814695066
9008,-1.269529530310508,-0.008298802814695066
9009,-1.269529673292586,-0.008298802814695066
9010,-1.2695296856241935,-0.008298802814695066
9011,-1.2695296984363087,-0.008298802814695066
9012,-1.2695303571390137,-0.008298802814695066
9013,-1.2695304477191622,-0.008298802814695066
9014,-1.2695306337464203,-0.008298802814695066
9015,-1.2695308294817653,-0.008298802814695066
9016,-1.269531484923815,-0.008298802814695066
9017,-1.2695315513099246,-0.008298802814695066
9018,-1.2695317755559492,-0.008298802814695066
9019,-1.2695318963991786,-0.008298802814695066
9020,-1.2695319358842254,-0.008298802814695066
9021,-1.269532018465949,-0.008298802814695066
9022,-1.269532304286913,-0.008298802814695066
9023,-1.2695329222771405,-0.008298802814695066
9024,-1.269533546142792,-0.008298802814695066
9025,-1.269533681565921,-0.008298802814695066
9026,-1.269533940956749,-0.008298802814695066
9027,-1.2695347891450597,-0.008298802814695066
9028,-1.2695351022779067,-0.008298802814695066
9029,-1.2695352393305772,-0.008298802814695066
9030,-1.2695361376679544,-0.008298802814695066
9031,-1.2695364588453568,-0.008298802814695066
9032,-1.2695365112390873,-0.008298802814695066
9033,-1.2695368507446458,-0.008298802814695066
9034,-1.2695368616770017,-0.008298802814695066
9035,-1.269537254078006,-0.008298802814695066
9036,-1.2695373374611527,-0.008298802814695066
9037,-1.269537410511221,-0.008298802814695066
9038,-1.269537743192857,-0.008298802814695066
9039,-1.2695379159210165,-0.008298802814695066
9040,-1.2695379322123312,-0.008298802814695066
9041,-1.2695379627552765,-0.008298802814695066
9042,-1.2695380621831718,-0.008298802814695066
9043,-1.2695381234688488,-0.008298802814695066
9044,-1.2695382178461525,-0.008298802814695066
9045,-1.2695384032995802,-0.008298802814695066
9046,-1.2695387068607487,-0.008298802814695066
9047,-1.269538882816052,-0.008298802814695066
9048,-1.2695390309016532,-0.008298802814695066
9049,-1.2695390757238687,-0.008298802814695066
9050,-1.2695390864856866,-0.008298802814695066
9051,-1.2695397269785784,-0.008298802814695066
9052,-1.269539884800924,-0.008298802814695066
9053,-1.2695399529425928,-0.008298802814695066
9054,-1.2695401121341188,-0.008298802814695066
9055,-1.269540121921273,-0.008298802814695066
9056,-1.2695403159375869,-0.008298802814695066
9057,-1.2695406746403153,-0.008298802814695066
9058,-1.2695411422214369,-0.008298802814695066
9059,-1.2695415510623818,-0.008298802814695066
9060,-1.269542298846352,-0.008298802814695066
9061,-1.269542425491419,-0.008298802814695066
9062,-1.2695425716445439,-0.008298802814695066
9063,-1.2695425798781708,-0.008298802814695066
9064,-1.2695427726424642,-0.008298802814695066
9065,-1.2695429043856261,-0.008298802814695066
9066,-1.2695429288860902,-0.008298802814695066
9067,-1.2695430699802903,-0.008298802814695066
9068,-1.269543459551065,-0.008298802814695066
9069,-1.269543794681555,-0.008298802814695066
9070,-1.2695445940158647,-0.008298802814695066
9071,-1.2695448272160044,-0.008298802814695066
9072,-1.2695450240805601,-0.008298802814695066
9073,-1.2695452230975959,-0.008298802814695066
9074,-1.2695453671330903,-0.008298802814695066
9075,-1.2695457293156986,-0.008298802814695066
9076,-1.2695458605122227,-0.008298802814695066
9077,-1.269545938631566,-0.008298802814695066
9078,-1.2695464879261473,-0.008298802814695066
9079,-1.269546612778106,-0.008298802814695066
9080,-1.2695468092516855,-0.008298802814695066
9081,-1.2695482739094868,-0.008298802814695066
9082,-1.269548699190633,-0.008298802814695066
9083,-1.2695488768295866,-0.008298802814695066
9084,-1.2695489073021506,-0.008298802814695066
9085,-1.269549477689028,-0.008298802814695066
9086,-1.2695496619150641,-0.008298802814695066
9087,-1.2695501806478475,-0.008298802814695066
9088,-1.2695504474580719,-0.008298802814695066
9089,-1.269551435056418,-0.008298802814695066
9090,-1.269551462412793,-0.008298802814695066
9091,-1.2695516361685375,-0.008298802814695066
9092,-1.2695520491618137,-0.008298802814695066
9093,-1.2695520717717401,-0.008298802814695066
9094,-1.2695523722898274,-0.008298802814695066
9095,-1.2695525014390003,-0.008298802814695066
9096,-1.2695526085346256,-0.008298802814695066
9097,-1.2695528498682054,-0.008298802814695066
9098,-1.269552900415161,-0.008298802814695066
9099,-1.2695530599091835,-0.008298802814695066
9100,-1.2695532048646896,-0.008298802814695066
9101,-1.2695537870985785,-0.008298802814695066
9102,-1.269553847886888,-0.008298802814695066
9103,-1.269554149139251,-0.008298802814695066
9104,-1.2695541642267822,-0.008298802814695066
9105,-1.2695549423261874,-0.008298802814695066
9106,-1.269555160892953,-0.008298802814695066
9107,-1.269555213582602,-0.008298802814695066
9108,-1.2695552675501476,-0.008298802814695066
9109,-1.26955548720868,-0.008298802814695066
9110,-1.269556851271415,-0.008298802814695066
9111,-1.2695570943073133,-0.008298802814695066
9112,-1.2695578115123278,-0.008298802814695066
9113,-1.2695579705824818,-0.008298802814695066
9114,-1.2695582723679992,-0.008298802814695066
9115,-1.2695586676755546,-0.008298802814695066
9116,-1.2695587746914718,-0.008298802814695066
9117,-1.269559086292726,-0.008298802814695066
9118,-1.2695595294960142,-0.008298802814695066
9119,-1.2695595582415873,-0.008298802814695066
9120,-1.2695596827424387,-0.008298802814695066
9121,-1.2695597674830585,-0.008298802814695066
9122,-1.2695604360049975,-0.008298802814695066
9123,-1.269560488408524,-0.008298802814695066
9124,-1.2695605530099305,-0.008298802814695066
9125,-1.269560611761947,-0.008298802814695066
9126,-1.2695608318229017,-0.008298802814695066
9127,-1.2695609461719835,-0.008298802814695066
9128,-1.2695616421706397,-0.008298802814695066
9129,-1.2695619513197718,-0.008298802814695066
9130,-1.2695622568420921,-0.008298802814695066
9131,-1.2695625181566417,-0.008298802814695066
9132,-1.2695627955758337,-0.008298802814695066
9133,-1.2695631573604749,-0.008298802814695066
9134,-1.2695636376756658,-0.008298802814695066
9135,-1.2695641478658222,-0.008298802814695066
9136,-1.2695642053686065,-0.008298802814695066
9137,-1.2695642839800845,-0.008298802814695066
9138,-1.2695643156699274,-0.008298802814695066
9139,-1.269564600436139,-0.008298802814695066
9140,-1.2695647308592877,-0.008298802814695066
9141,-1.2695649442352854,-0.008298802814695066
9142,-1.2695653129525508,-0.008298802814695066
9143,-1.2695653721802478,-0.008298802814695066
9144,-1.2695660524820696,-0.008298802814695066
9145,-1.269566625699071,-0.008298802814695066
9146,-1.269566764309118,-0.008298802814695066
9147,-1.2695668993260973,-0.008298802814695066
9148,-1.2695670619397705,-0.008298802814695066
9149,-1.269567720542351,-0.008298802814695066
9150,-1.269567994710332,-0.008298802814695066
9151,-1.2695682676871667,-0.008298802814695066
9152,-1.269568309803811,-0.008298802814695066
9153,-1.269569435102813,-0.008298802814695066
9154,-1.269570002963149,-0.008298802814695066
9155,-1.2695702012216818,-0.008298802814695066
9156,-1.2695704172969156,-0.008298802814695066
9157,-1.2695704395988272,-0.008298802814695066
9158,-1.269570797214885,-0.008298802814695066
9159,-1.2695710032978256,-0.008298802814695066
9160,-1.2695721305473733,-0.008298802814695066
9161,-1.2695721458780382,-0.008298802814695066
9162,-1.2695724012638163,-0.008298802814695066
9163,-1.269572523195822,-0.008298802814695066
9164,-1.2695726288520834,-0.008298802814695066
9165,-1.269572709260117,-0.008298802814695066
9166,-1.2695728017147854,-0.008298802814695066
9167,-1.269572802830022,-0.008298802814695066
9168,-1.2695728869456984,-0.008298802814695066
9169,-1.2695731102248318,-0.008298802814695066
9170,-1.2695732813209075,-0.008298802814695066
9171,-1.2695733539954543,-0.008298802814695066
9172,-1.269573361617171,-0.008298802814695066
9173,-1.2695734231840112,-0.008298802814695066
9174,-1.2695736761227314,-0.008298802814695066
9175,-1.2695736800956938,-0.008298802814695066
9176,-1.2695738217267354,-0.008298802814695066
9177,-1.2695738962034686,-0.008298802814695066
9178,-1.2695739493625404,-0.008298802814695066
9179,-1.2695739846171945,-0.008298802814695066
9180,-1.269574176436691,-0.008298802814695066
9181,-1.269574254466865,-0.008298802814695066
9182,-1.2695743374348185,-0.008298802814695066
9183,-1.2695744654701597,-0.008298802814695066
9184,-1.2695745897024846,-0.008298802814695066
9185,-1.2695749731324277,-0.008298802814695066
9186,-1.2695750598468303,-0.008298802814695066
9187,-1.2695752239640783,-0.008298802814695066
9188,-1.269576098023971,-0.008298802814695066
9189,-1.2695762408463196,-0.008298802814695066
9190,-1.2695768136715766,-0.008298802814695066
9191,-1.2695768773254528,-0.008298802814695066
9192,-1.269576912750408,-0.008298802814695066
9193,-1.269577344974599,-0.008298802814695066
9194,-1.2695779145229213,-0.008298802814695066
9195,-1.2695779253884865,-0.008298802814695066
9196,-1.2695780220807094,-0.008298802814695066
9197,-1.269578037843964,-0.008298802814695066
9198,-1.2695784818768265,-0.008298802814695066
9199,-1.269579007641357,-0.008298802814695066
9200,-1.2695792961699743,-0.008298802814695066
9201,-1.269579323675723,-0.008298802814695066
9202,-1.2695795084892456,-0.008298802814695066
9203,-1.2695795666686125,-0.008298802814695066
9204,-1.269579704778006,-0.008298802814695066
9205,-1.2695797179108839,-0.008298802814695066
9206,-1.269580251450485,-0.008298802814695066
9207,-1.269580449680685,-0.008298802814695066
9208,-1.269580655594956,-0.008298802814695066
9209,-1.269580709887814,-0.008298802814695066
9210,-1.2695807693995327,-0.008298802814695066
9211,-1.2695808441814518,-0.008298802814695066
9212,-1.2695812972483567,-0.008298802814695066
9213,-1.2695815532692853,-0.008298802814695066
9214,-1.2695815727132684,-0.008298802814695066
9215,-1.269581697518162,-0.008298802814695066
9216,-1.2695817982003506,-0.008298802814695066
9217,-1.2695819246810403,-0.008298802814695066
9218,-1.2695821374608083,-0.008298802814695066
9219,-1.2695824362565857,-0.008298802814695066
9220,-1.2695828521653865,-0.008298802814695066
9221,-1.2695829533250411,-0.008298802814695066
9222,-1.2695830529939496,-0.008298802814695066
9223,-1.269583642360275,-0.008298802814695066
9224,-1.2695840845919415,-0.008298802814695066
9225,-1.2695842861782398,-0.008298802814695066
9226,-1.2695843430193812,-0.008298802814695066
9227,-1.2695848225055846,-0.008298802814695066
9228,-1.2695851038786872,-0.008298802814695066
9229,-1.269585140602725,-0.008298802814695066
9230,-1.2695856864123387,-0.008298802814695066
9231,-1.2695857310290917,-0.008298802814695066
9232,-1.2695857731383424,-0.008298802814695066
9233,-1.2695859098627715,-0.008298802814695066
9234,-1.269585925881864,-0.008298802814695066
9235,-1.2695861006841829,-0.008298802814695066
9236,-1.2695862084720388,-0.008298802814695066
9237,-1.2695862899423995,-0.008298802814695066
9238,-1.2695863521986228,-0.008298802814695066
9239,-1.2695864371143115,-0.008298802814695066
9240,-1.2695864942141495,-0.008298802814695066
9241,-1.2695868234892376,-0.008298802814695066
9242,-1.2695869765763135,-0.008298802814695066
9243,-1.2695873557234396,-0.008298802814695066
9244,-1.269587554015347,-0.008298802814695066
9245,-1.269587583278601,-0.008298802814695066
9246,-1.2695879761865159,-0.008298802814695066
9247,-1.269587988102901,-0.008298802814695066
9248,-1.2695881470836579,-0.008298802814695066
9249,-1.269588189854227,-0.008298802814695066
9250,-1.2695882287014926,-0.008298802814695066
9251,-1.2695883895317164,-0.008298802814695066
9252,-1.2695885118751111,-0.008298802814695066
9253,-1.2695887875717053,-0.008298802814695066
9254,-1.2695889305671013,-0.008298802814695066
9255,-1.2695891517085558,-0.008298802814695066
9256,-1.269589775397474,-0.008298802814695066
9257,-1.2695898716632512,-0.008298802814695066
9258,-1.2695898796698741,-0.008298802814695066
9259,-1.2695900027230325,-0.008298802814695066
9260,-1.269590053453765,-0.008298802814695066
9261,-1.2695907254401786,-0.008298802814695066
9262,-1.26959074194023,-0.008298802814695066
9263,-1.2695908332200365,-0.008298802814695066
9264,-1.269591120638758,-0.008298802814695066
9265,-1.2695911319829016,-0.008298802814695066
9266,-1.2695912635502538,-0.008298802814695066
9267,-1.2695914349184245,-0.008298802814695066
9268,-1.2695917789318385,-0.008298802814695066
9269,-1.2695919953315484,-0.008298802814695066
9270,-1.2695921120237954,-0.008298802814695066
9271,-1.2695922238925343,-0.008298802814695066
9272,-1.2695923323698692,-0.008298802814695066
9273,-1.2695924114591963,-0.008298802814695066
9274,-1.2695925882702717,-0.008298802814695066
9275,-1.2695928713756819,-0.008298802814695066
9276,-1.2695930611676318,-0.008298802814695066
9277,-1.2695931720250992,-0.008298802814695066
9278,-1.2695932342685712,-0.008298802814695066
9279,-1.2695932857539791,-0.008298802814695066
9280,-1.2695932929121114,-0.008298802814695066
9281,-1.2695937750957174,-0.008298802814695066
9282,-1.2695937870917264,-0.008298802814695066
9283,-1.2695938843704568,-0.008298802814695066
9284,-1.2695939290893565,-0.008298802814695066
9285,-1.2695939340142466,-0.008298802814695066
9286,-1.269594189404074,-0.008298802814695066
9287,-1.2695941946884843,-0.008298802814695066
9288,-1.2695944024174972,-0.008298802814695066
9289,-1.2695945611179986,-0.008298802814695066
9290,-1.2695946896460764,-0.008298802814695066
9291,-1.269594776664639,-0.008298802814695066
9292,-1.2695948356666498,-0.008298802814695066
9293,-1.269594994165189,-0.008298802814695066
9294,-1.2695950082407605,-0.008298802814695066
9295,-1.2695953810546028,-0.008298802814695066
9296,-1.2695954115735344,-0.008298802814695066
9297,-1.2695955294983767,-0.008298802814695066
9298,-1.2695958153674136,-0.008298802814695066
9299,-1.2695958537710696,-0.008298802814695066
9300,-1.2695958682528985,-0.008298802814695066
9301,-1.269596094988941,-0.008298802814695066
9302,-1.2695961915059397,-0.008298802814695066
9303,-1.2695962681037336,-0.008298802814695066
9304,-1.2695963381099746,-0.008298802814695066
9305,-1.26959724778537,-0.008298802814695066
9306,-1.2695973493843284,-0.008298802814695066
9307,-1.2695974965002217,-0.008298802814695066
9308,-1.2695978970768478,-0.008298802814695066
9309,-1.2695979087988203,-0.008298802814695066
9310,-1.269597955260596,-0.008298802814695066
9311,-1.2695984763549029,-0.008298802814695066
9312,-1.2695984922771568,-0.008298802814695066
9313,-1.2695985928371645,-0.008298802814695066
9314,-1.2695987773104687,-0.008298802814695066
9315,-1.2695990472673413,-0.008298802814695066
9316,-1.2695991836171712,-0.008298802814695066
9317,-1.2695991881401185,-0.008298802814695066
9318,-1.2695992007618218,-0.008298802814695066
9319,-1.2696000791796993,-0.008298802814695066
9320,-1.2696001801227024,-0.008298802814695066
9321,-1.2696002797661516,-0.008298802814695066
9322,-1.2696003393827158,-0.008298802814695066
9323,-1.269601576237278,-0.008298802814695066
9324,-1.2696016449625251,-0.008298802814695066
9325,-1.2696017136344815,-0.008298802814695066
9326,-1.269601758989733,-0.008298802814695066
9327,-1.2696019257560516,-0.008298802814695066
9328,-1.2696021150375634,-0.008298802814695066
9329,-1.2696021153861279,-0.008298802814695066
9330,-1.2696021660082901,-0.008298802814695066
9331,-1.2696022191791967,-0.008298802814695066
9332,-1.2696023464695472,-0.008298802814695066
9333,-1.2696026735167982,-0.008298802814695066
9334,-1.2696027617213663,-0.008298802814695066
9335,-1.2696027617788628,-0.008298802814695066
9336,-1.2696029283806234,-0.008298802814695066
9337,-1.2696031006837958,-0.008298802814695066
9338,-1.2696031623126258,-0.008298802814695066
9339,-1.2696032653422877,-0.008298802814695066
9340,-1.269603749131313,-0.008298802814695066
9341,-1.2696038570735257,-0.008298802814695066
9342,-1.2696039503115644,-0.008298802814695066
9343,-1.2696041733445553,-0.008298802814695066
9344,-1.269604333895797,-0.008298802814695066
9345,-1.2696045591822185,-0.008298802814695066
9346,-1.2696046307265236,-0.008298802814695066
9347,-1.2696047008951545,-0.008298802814695066
9348,-1.269604943861689,-0.008298802814695066
9349,-1.269605138533101,-0.008298802814695066
9350,-1.2696052532428843,-0.008298802814695066
9351,-1.2696052814350385,-0.008298802814695066
9352,-1.269605497297051,-0.008298802814695066
9353,-1.269605523223915,-0.008298802814695066
9354,-1.2696055923473692,-0.008298802814695066
9355,-1.269605926876102,-0.008298802814695066
9356,-1.2696061379192178,-0.008298802814695066
9357,-1.2696062139680007,-0.008298802814695066
9358,-1.269606263745877,-0.008298802814695066
9359,-1.2696065680649098,-0.008298802814695066
9360,-1.2696068611532596,-0.008298802814695066
9361,-1.2696069998346917,-0.008298802814695066
9362,-1.2696074542007412,-0.008298802814695066
9363,-1.2696074816200795,-0.008298802814695066
9364,-1.2696075353028606,-0.008298802814695066
9365,-1.269607741085679,-0.008298802814695066
9366,-1.2696078975268388,-0.008298802814695066
9367,-1.2696079661097084,-0.008298802814695066
9368,-1.269608215345019,-0.008298802814695066
9369,-1.2696089389970142,-0.008298802814695066
9370,-1.2696090344187505,-0.008298802814695066
9371,-1.2696093929623236,-0.008298802814695066
9372,-1.2696099583128735,-0.008298802814695066
9373,-1.269609983712777,-0.008298802814695066
9374,-1.2696102953331607,-0.008298802814695066
9375,-1.2696103272640649,-0.008298802814695066
9376,-1.2696104357793,-0.008298802814695066
9377,-1.2696105339748658,-0.008298802814695066
9378,-1.2696106437100438,-0.008298802814695066
9379,-1.26961088468616,-0.008298802814695066
9380,-1.2696108925849101,-0.008298802814695066
9381,-1.2696109384542629,-0.008298802814695066
9382,-1.2696111684657678,-0.008298802814695066
9383,-1.2696114678692767,-0.008298802814695066
9384,-1.2696118412578885,-0.008298802814695066
9385,-1.269611869384239,-0.008298802814695066
9386,-1.2696119086887165,-0.008298802814695066
9387,-1.269612387301191,-0.008298802814695066
9388,-1.2696128968619576,-0.008298802814695066
9389,-1.2696129024785583,-0.008298802814695066
9390,-1.2696131092378324,-0.008298802814695066
9391,-1.26961315799877,-0.008298802814695066
9392,-1.2696131686299057,-0.008298802814695066
9393,-1.269613423008042,-0.008298802814695066
9394,-1.269613578736395,-0.008298802814695066
9395,-1.2696136315684678,-0.008298802814695066
9396,-1.2696137124484197,-0.008298802814695066
9397,-1.2696138035037254,-0.008298802814695066
9398,-1.2696138459667705,-0.008298802814695066
9399,-1.2696139747385107,-0.008298802814695066
9400,-1.2696142458743278,-0.008298802814695066
9401,-1.2696144100078461,-0.008298802814695066
9402,-1.2696144689483055,-0.008298802814695066
9403,-1.269614508351742,-0.008298802814695066
9404,-1.2696145583378609,-0.008298802814695066
9405,-1.2696145613353254,-0.008298802814695066
9406,-1.2696146407727644,-0.008298802814695066
9407,-1.2696148215351541,-0.008298802814695066
9408,-1.2696148987253255,-0.008298802814695066
9409,-1.2696149421437792,-0.008298802814695066
9410,-1.2696150281793201,-0.008298802814695066
9411,-1.2696150721731811,-0.008298802814695066
9412,-1.269615357582217,-0.008298802814695066
9413,-1.2696155512232867,-0.008298802814695066
9414,-1.2696155589192746,-0.008298802814695066
9415,-1.2696155972233973,-0.008298802814695066
9416,-1.2696157976082094,-0.008298802814695066
9417,-1.2696158569401192,-0.008298802814695066
9418,-1.2696158999458629,-0.008298802814695066
9419,-1.269616262552586,-0.008298802814695066
9420,-1.269616307833111,-0.008298802814695066
9421,-1.2696164872559184,-0.008298802814695066
9422,-1.2696167082801224,-0.008298802814695066
9423,-1.2696167371554141,-0.008298802814695066
9424,-1.2696168816386435,-0.008298802814695066
9425,-1.2696169479347983,-0.008298802814695066
9426,-1.269616959450659,-0.008298802814695066
9427,-1.269616972450624,-0.008298802814695066
9428,-1.2696173351047328,-0.008298802814695066
9429,-1.2696174884016531,-0.008298802814695066
9430,-1.2696176505391092,-0.008298802814695066
9431,-1.2696179563204018,-0.008298802814695066
9432,-1.2696179780819181,-0.008298802814695066
9433,-1.2696182814213661,-0.008298802814695066
9434,-1.2696185546039003,-0.008298802814695066
9435,-1.269618831566193,-0.008298802814695066
9436,-1.2696188991092199,-0.008298802814695066
9437,-1.2696190647593784,-0.008298802814695066
9438,-1.2696190666357667,-0.008298802814695066
9439,-1.2696190868645016,-0.008298802814695066
9440,-1.2696190976089214,-0.008298802814695066
9441,-1.2696193266242017,-0.008298802814695066
9442,-1.2696195287145646,-0.008298802814695066
9443,-1.269619551853486,-0.008298802814695066
9444,-1.269619739802485,-0.008298802814695066
9445,-1.2696198899759015,-0.008298802814695066
9446,-1.2696200915466844,-0.008298802814695066
9447,-1.2696201370140887,-0.008298802814695066
9448,-1.269620251764855,-0.008298802814695066
9449,-1.2696204143712506,-0.008298802814695066
9450,-1.2696204152907278,-0.008298802814695066
9451,-1.2696205713756685,-0.008298802814695066
9452,-1.2696210481391068,-0.008298802814695066
9453,-1.2696213699228394,-0.008298802814695066
9454,-1.2696214835421624,-0.008298802814695066
9455,-1.2696217030573955,-0.008298802814695066
9456,-1.2696217099423937,-0.008298802814695066
9457,-1.269621718459041,-0.008298802814695066
9458,-1.2696217532223655,-0.008298802814695066
9459,-1.2696221631924591,-0.008298802814695066
9460,-1.2696222133450643,-0.008298802814695066
9461,-1.2696224280464723,-0.008298802814695066
9462,-1.2696225231261375,-0.008298802814695066
9463,-1.2696229148184153,-0.008298802814695066
9464,-1.2696230180154349,-0.008298802814695066
9465,-1.2696232733987833,-0.008298802814695066
9466,-1.2696236436856725,-0.008298802814695066
9467,-1.2696236920809314,-0.008298802814695066
9468,-1.2696238208430817,-0.008298802814695066
9469,-1.2696238861729063,-0.008298802814695066
9470,-1.2696238975808738,-0.008298802814695066
9471,-1.2696246312029689,-0.008298802814695066
9472,-1.2696252137844186,-0.008298802814695066
9473,-1.2696254277640766,-0.008298802814695066
9474,-1.269625891245462,-0.008298802814695066
9475,-1.2696259088802129,-0.008298802814695066
9476,-1.2696267518368904,-0.008298802814695066
9477,-1.2696269120676653,-0.008298802814695066
9478,-1.2696274735761905,-0.008298802814695066
9479,-1.2696276169554805,-0.008298802814695066
9480,-1.269627949096868,-0.008298802814695066
9481,-1.269628346910637,-0.008298802814695066
9482,-1.2696285984377533,-0.008298802814695066
9483,-1.2696287491217884,-0.008298802814695066
9484,-1.269628840789042,-0.008298802814695066
9485,-1.269628844183618,-0.008298802814695066
9486,-1.2696291385904979,-0.008298802814695066
9487,-1.269629160237558,-0.008298802814695066
9488,-1.2696292879751967,-0.008298802814695066
9489,-1.269629347901613,-0.008298802814695066
9490,-1.2696295137507163,-0.008298802814695066
9491,-1.2696296074049598,-0.008298802814695066
9492,-1.2696299545693972,-0.008298802814695066
9493,-1.2696300597630614,-0.008298802814695066
9494,-1.2696301204336595,-0.008298802814695066
9495,-1.269630222249094,-0.008298802814695066
9496,-1.2696303205154953,-0.008298802814695066
9497,-1.2696303980163484,-0.008298802814695066
9498,-1.2696304161157421,-0.008298802814695066
9499,-1.26963045293394,-0.008298802814695066
9500,-1.2696306264860489,-0.008298802814695066
9501,-1.2696307050911517,-0.008298802814695066
9502,-1.2696308438389536,-0.008298802814695066
9503,-1.2696309217182984,-0.008298802814695066
9504,-1.2696314916131515,-0.008298802814695066
9505,-1.2696315859974074,-0.008298802814695066
9506,-1.2696316114602928,-0.008298802814695066
9507,-1.2696319155955609,-0.008298802814695066
9508,-1.2696319616806575,-0.008298802814695066
9509,-1.2696321454556787,-0.008298802814695066
9510,-1.2696321744612706,-0.008298802814695066
9511,-1.2696323050532266,-0.008298802814695066
9512,-1.2696323334363293,-0.008298802814695066
9513,-1.2696324740975773,-0.008298802814695066
9514,-1.2696325600614229,-0.008298802814695066
9515,-1.269632728103906,-0.008298802814695066
9516,-1.2696329255798255,-0.008298802814695066
9517,-1.2696330370796678,-0.008298802814695066
9518,-1.2696330824415614,-0.008298802814695066
9519,-1.2696332429463768,-0.008298802814695066
9520,-1.269633278262467,-0.008298802814695066
9521,-1.26963333271257,-0.008298802814695066
9522,-1.2696333484188589,-0.008298802814695066
9523,-1.2696334157131648,-0.008298802814695066
9524,-1.2696334200668036,-0.008298802814695066
9525,-1.269633421892729,-0.008298802814695066
9526,-1.2696337531847088,-0.008298802814695066
9527,-1.2696338244630552,-0.008298802814695066
9528,-1.2696338279749118,-0.008298802814695066
9529,-1.2696339438454483,-0.008298802814695066
9530,-1.26963413060923,-0.008298802814695066
9531,-1.269634227846504,-0.008298802814695066
9532,-1.2696345163434448,-0.008298802814695066
9533,-1.269634577028134,-0.008298802814695066
9534,-1.2696346174367672,-0.008298802814695066
9535,-1.2696346423537659,-0.008298802814695066
9536,-1.2696349209178717,-0.008298802814695066
9537,-1.2696350959416445,-0.008298802814695066
9538,-1.2696352029129754,-0.008298802814695066
9539,-1.2696352933589088,-0.008298802814695066
9540,-1.269635345221642,-0.008298802814695066
9541,-1.2696353774861373,-0.008298802814695066
9542,-1.2696354478325946,-0.008298802814695066
9543,-1.269635679557516,-0.008298802814695066
9544,-1.2696357214619847,-0.008298802814695066
9545,-1.2696359445567074,-0.008298802814695066
9546,-1.2696360731351117,-0.008298802814695066
9547,-1.2696365905835603,-0.008298802814695066
9548,-1.2696366400729158,-0.008298802814695066
9549,-1.2696368227510508,-0.008298802814695066
9550,-1.2696369362551474,-0.008298802814695066
9551,-1.2696369802575165,-0.008298802814695066
9552,-1.2696371719136221,-0.008298802814695066
9553,-1.269637256737722,-0.008298802814695066
9554,-1.2696373635147902,-0.008298802814695066
9555,-1.269637497687949,-0.008298802814695066
9556,-1.2696376375634226,-0.008298802814695066
9557,-1.2696377310320126,-0.008298802814695066
9558,-1.2696378980470946,-0.008298802814695066
9559,-1.2696379472111377,-0.008298802814695066
9560,-1.2696380106482474,-0.008298802814695066
9561,-1.2696381346127625,-0.008298802814695066
9562,-1.2696381394535177,-0.008298802814695066
9563,-1.269638267086429,-0.008298802814695066
9564,-1.2696383503657789,-0.008298802814695066
9565,-1.2696383828377205,-0.008298802814695066
9566,-1.2696384009374542,-0.008298802814695066
9567,-1.269638466638449,-0.008298802814695066
9568,-1.26963847970789,-0.008298802814695066
9569,-1.2696386630541268,-0.008298802814695066
9570,-1.269638779805079,-0.008298802814695066
9571,-1.269638808155596,-0.008298802814695066
9572,-1.2696388947907544,-0.008298802814695066
9573,-1.2696389006808773,-0.008298802814695066
9574,-1.2696391702708998,-0.008298802814695066
9575,-1.2696394633995793,-0.008298802814695066
9576,-1.2696396412555009,-0.008298802814695066
9577,-1.2696396846363793,-0.008298802814695066
9578,-1.2696397437278826,-0.008298802814695066
9579,-1.2696397742799448,-0.008298802814695066
9580,-1.2696397910174477,-0.008298802814695066
9581,-1.2696400672812944,-0.008298802814695066
9582,-1.2696400974914372,-0.008298802814695066
9583,-1.2696401717380421,-0.008298802814695066
9584,-1.269640340558158,-0.008298802814695066
9585,-1.2696405556656138,-0.008298802814695066
9586,-1.2696406518933314,-0.008298802814695066
9587,-1.2696408686322618,-0.008298802814695066
9588,-1.2696409228273158,-0.008298802814695066
9589,-1.2696411469748883,-0.008298802814695066
9590,-1.2696412346388755,-0.008298802814695066
9591,-1.2696414888754248,-0.008298802814695066
9592,-1.2696415804932975,-0.008298802814695066
9593,-1.269642003952958,-0.008298802814695066
9594,-1.2696422469637914,-0.008298802814695066
9595,-1.2696422470746103,-0.008298802814695066
9596,-1.2696423927424423,-0.008298802814695066
9597,-1.2696424112046505,-0.008298802814695066
9598,-1.2696424141308145,-0.008298802814695066
9599,-1.2696425343597408,-0.008298802814695066
9600,-1.2696425556755488,-0.008298802814695066
9601,-1.269642682897302,-0.008298802814695066
9602,-1.2696427613735324,-0.008298802814695066
9603,-1.2696428423707886,-0.008298802814695066
9604,-1.2696429943138712,-0.008298802814695066
9605,-1.269643094577318,-0.008298802814695066
9606,-1.26964332473881,-0.008298802814695066
9607,-1.2696435812670073,-0.008298802814695066
9608,-1.2696437863574426,-0.008298802814695066
9609,-1.2696438361795144,-0.008298802814695066
9610,-1.2696439552308998,-0.008298802814695066
9611,-1.269643966652855,-0.008298802814695066
9612,-1.2696441003865997,-0.008298802814695066
9613,-1.2696441632796454,-0.008298802814695066
9614,-1.2696441757767905,-0.008298802814695066
9615,-1.269644574030975,-0.008298802814695066
9616,-1.269644589226379,-0.008298802814695066
9617,-1.2696447230577108,-0.008298802814695066
9618,-1.269644761002386,-0.008298802814695066
9619,-1.269644776134311,-0.008298802814695066
9620,-1.2696450096361664,-0.008298802814695066
9621,-1.2696450124207763,-0.008298802814695066
9622,-1.2696450990213752,-0.008298802814695066
9623,-1.2696451113849783,-0.008298802814695066
9624,-1.2696454445217122,-0.008298802814695066
9625,-1.2696454547583906,-0.008298802814695066
9626,-1.2696455085707037,-0.008298802814695066
9627,-1.2696455387946033,-0.008298802814695066
9628,-1.269645552732615,-0.008298802814695066
9629,-1.2696455773866857,-0.008298802814695066
9630,-1.2696458632623822,-0.008298802814695066
9631,-1.2696460359574782,-0.008298802814695066
9632,-1.2696461777194115,-0.008298802814695066
9633,-1.269646297006814,-0.008298802814695066
9634,-1.2696465870539313,-0.008298802814695066
9635,-1.2696467622122032,-0.008298802814695066
9636,-1.2696469165376219,-0.008298802814695066
9637,-1.2696470834023155,-0.008298802814695066
9638,-1.269647398837574,-0.008298802814695066
9639,-1.269647469795221,-0.008298802814695066
9640,-1.2696475568648489,-0.008298802814695066
9641,-1.2696478096679664,-0.008298802814695066
9642,-1.2696478983729764,-0.008298802814695066
9643,-1.269647913845962,-0.008298802814695066
9644,-1.2696480554063632,-0.008298802814695066
9645,-1.2696482955293684,-0.008298802814695066
9646,-1.2696483813645325,-0.008298802814695066
9647,-1.2696485430537898,-0.008298802814695066
9648,-1.2696485488214115,-0.008298802814695066
9649,-1.2696486023109488,-0.008298802814695066
9650,-1.2696486050765006,-0.008298802814695066
9651,-1.26964879315779,-0.008298802814695066
9652,-1.2696488011406473,-0.008298802814695066
9653,-1.2696491054479109,-0.008298802814695066
9654,-1.2696493644674325,-0.008298802814695066
9655,-1.2696496536863169,-0.008298802814695066
9656,-1.2696496942840894,-0.008298802814695066
9657,-1.2696500034386329,-0.008298802814695066
9658,-1.2696500665698998,-0.008298802814695066
9659,-1.2696501591869773,-0.008298802814695066
9660,-1.2696503020616847,-0.008298802814695066
9661,-1.269650465155089,-0.008298802814695066
9662,-1.2696504746798563,-0.008298802814695066
9663,-1.2696504765327317,-0.008298802814695066
9664,-1.2696505515692018,-0.008298802814695066
9665,-1.2696506669361876,-0.008298802814695066
9666,-1.2696507025284443,-0.008298802814695066
9667,-1.2696508145102667,-0.008298802814695066
9668,-1.2696508827358666,-0.008298802814695066
9669,-1.2696509977257149,-0.008298802814695066
9670,-1.2696510035528323,-0.008298802814695066
9671,-1.2696511657880885,-0.008298802814695066
9672,-1.2696512956315287,-0.008298802814695066
9673,-1.2696514639861096,-0.008298802814695066
9674,-1.2696516873177557,-0.008298802814695066
9675,-1.2696519008910947,-0.008298802814695066
9676,-1.2696519581889665,-0.008298802814695066
9677,-1.269651991059996,-0.008298802814695066
9678,-1.2696520941519573,-0.008298802814695066
9679,-1.2696521659074567,-0.008298802814695066
9680,-1.2696523500963628,-0.008298802814695066
9681,-1.2696524845261867,-0.008298802814695066
9682,-1.2696525061833237,-0.008298802814695066
9683,-1.2696525444030065,-0.008298802814695066
9684,-1.2696526310980714,-0.008298802814695066
9685,-1.2696527305147063,-0.008298802814695066
9686,-1.2696528586043285,-0.008298802814695066
9687,-1.2696528670477163,-0.008298802814695066
9688,-1.2696531615011515,-0.008298802814695066
9689,-1.2696532432680392,-0.008298802814695066
9690,-1.2696533783542234,-0.008298802814695066
9691,-1.2696537120615818,-0.008298802814695066
9692,-1.269653748312077,-0.008298802814695066
9693,-1.2696538194757605,-0.008298802814695066
9694,-1.269653852833148,-0.008298802814695066
9695,-1.2696540434370978,-0.008298802814695066
9696,-1.269654108289452,-0.008298802814695066
9697,-1.269654109396696,-0.008298802814695066
9698,-1.2696542616656827,-0.008298802814695066
9699,-1.2696544128613279,-0.008298802814695066
9700,-1.2696544219767225,-0.008298802814695066
9701,-1.2696547431388545,-0.008298802814695066
9702,-1.2696550004431786,-0.008298802814695066
9703,-1.2696550387090704,-0.008298802814695066
9704,-1.269655271580165,-0.008298802814695066
9705,-1.2696553140249152,-0.008298802814695066
9706,-1.26965535060277,-0.008298802814695066
9707,-1.2696555674084942,-0.008298802814695066
9708,-1.2696556366686984,-0.008298802814695066
9709,-1.2696556923114322,-0.008298802814695066
9710,-1.2696557767543086,-0.008298802814695066
9711,-1.2696558605774975,-0.008298802814695066
9712,-1.269656019682634,-0.008298802814695066
9713,-1.2696560322314632,-0.008298802814695066
9714,-1.2696563041796995,-0.008298802814695066
9715,-1.269656350646903,-0.008298802814695066
9716,-1.269656514800126,-0.008298802814695066
9717,-1.2696565619792244,-0.008298802814695066
9718,-1.2696566156904665,-0.008298802814695066
9719,-1.2696566308974,-0.008298802814695066
9720,-1.2696567223435862,-0.008298802814695066
9721,-1.269656874102393,-0.008298802814695066
9722,-1.269657162682693,-0.008298802814695066
9723,-1.2696573346535729,-0.008298802814695066
9724,-1.269657339010931,-0.008298802814695066
9725,-1.269657578057072,-0.008298802814695066
9726,-1.2696576227161573,-0.008298802814695066
9727,-1.269657646068847,-0.008298802814695066
9728,-1.2696578506690028,-0.008298802814695066
9729,-1.2696578775781564,-0.008298802814695066
9730,-1.2696578779233634,-0.008298802814695066
9731,-1.2696579181211582,-0.008298802814695066
9732,-1.2696579456733443,-0.008298802814695066
9733,-1.269658060844775,-0.008298802814695066
9734,-1.2696580671620197,-0.008298802814695066
9735,-1.2696581382003145,-0.008298802814695066
9736,-1.2696582076119833,-0.008298802814695066
9737,-1.269658386423804,-0.008298802814695066
9738,-1.2696584359453003,-0.008298802814695066
9739,-1.269658777409478,-0.008298802814695066
9740,-1.2696588805197653,-0.008298802814695066
9741,-1.2696589221714283,-0.008298802814695066
9742,-1.2696593750813379,-0.008298802814695066
9743,-1.2696594369195393,-0.008298802814695066
9744,-1.2696594730145763,-0.008298802814695066
9745,-1.269659487599307,-0.008298802814695066
9746,-1.269659501280119,-0.008298802814695066
9747,-1.269659553652619,-0.008298802814695066
9748,-1.2696597442747835,-0.008298802814695066
9749,-1.2696597829607335,-0.008298802814695066
9750,-1.269659871208042,-0.008298802814695066
9751,-1.2696601390683502,-0.008298802814695066
9752,-1.269660296934818,-0.008298802814695066
9753,-1.269660348699046,-0.008298802814695066
9754,-1.2696604714051665,-0.008298802814695066
9755,-1.2696606475990433,-0.008298802814695066
9756,-1.2696610173853444,-0.008298802814695066
9757,-1.2696611654593046,-0.008298802814695066
9758,-1.2696612224883101,-0.008298802814695066
9759,-1.2696612852502343,-0.008298802814695066
9760,-1.2696613186960417,-0.008298802814695066
9761,-1.2696616470753754,-0.008298802814695066
9762,-1.2696619225583614,-0.008298802814695066
9763,-1.2696620885018304,-0.008298802814695066
9764,-1.2696621579730507,-0.008298802814695066
9765,-1.269662226305118,-0.008298802814695066
9766,-1.2696624827822698,-0.008298802814695066
9767,-1.2696624829813168,-0.008298802814695066
9768,-1.2696626638577078,-0.008298802814695066
9769,-1.2696629539336504,-0.008298802814695066
9770,-1.2696629580941887,-0.008298802814695066
9771,-1.2696630332454544,-0.008298802814695066
9772,-1.2696631121489754,-0.008298802814695066
9773,-1.2696632821755571,-0.008298802814695066
9774,-1.2696633306177976,-0.008298802814695066
9775,-1.2696634470356765,-0.008298802814695066
9776,-1.2696635005829728,-0.008298802814695066
9777,-1.269663538376763,-0.008298802814695066
9778,-1.2696635949202846,-0.008298802814695066
9779,-1.269663685681006,-0.008298802814695066
9780,-1.2696638627883245,-0.008298802814695066
9781,-1.2696641518686953,-0.008298802814695066
9782,-1.2696641679846412,-0.008298802814695066
9783,-1.2696643793842286,-0.008298802814695066
9784,-1.2696644527031886,-0.008298802814695066
9785,-1.2696645041109158,-0.008298802814695066
9786,-1.2696645076638249,-0.008298802814695066
9787,-1.2696645215080853,-0.008298802814695066
9788,-1.2696647125303528,-0.008298802814695066
9789,-1.269664782625029,-0.008298802814695066
9790,-1.2696648757735833,-0.008298802814695066
9791,-1.269665111754081,-0.008298802814695066
9792,-1.2696652316109973,-0.008298802814695066
9793,-1.269665248612659,-0.008298802814695066
9794,-1.2696652837746902,-0.008298802814695066
9795,-1.2696652932104162,-0.008298802814695066
9796,-1.2696653195119079,-0.008298802814695066
9797,-1.2696653203783925,-0.008298802814695066
9798,-1.2696653864055656,-0.008298802814695066
9799,-1.2696655412694517,-0.008298802814695066
9800,-1.269665641487164,-0.008298802814695066
9801,-1.2696657071421473,-0.008298802814695066
9802,-1.2696658774373883,-0.008298802814695066
9803,-1.2696659712786724,-0.008298802814695066
9804,-1.2696660138073435,-0.008298802814695066
9805,-1.2696660581405577,-0.008298802814695066
9806,-1.2696660722669884,-0.008298802814695066
9807,-1.2696661376395049,-0.008298802814695066
9808,-1.2696661509669385,-0.008298802814695066
9809,-1.2696664556838386,-0.008298802814695066
9810,-1.2696665658335826,-0.008298802814695066
9811,-1.269666591785458,-0.008298802814695066
9812,-1.2696668251428203,-0.008298802814695066
9813,-1.269666944517242,-0.008298802814695066
9814,-1.2696669767600075,-0.008298802814695066
9815,-1.2696670570993296,-0.008298802814695066
9816,-1.2696670864542081,-0.008298802814695066
9817,-1.2696672996652774,-0.008298802814695066
9818,-1.2696673697000058,-0.008298802814695066
9819,-1.2696674001777652,-0.008298802814695066
9820,-1.2696674903954437,-0.008298802814695066
9821,-1.2696675692036754,-0.008298802814695066
9822,-1.2696676053527909,-0.008298802814695066
9823,-1.2696676153766417,-0.008298802814695066
9824,-1.269667828921361,-0.008298802814695066
9825,-1.2696678325876765,-0.008298802814695066
9826,-1.269668138331376,-0.008298802814695066
9827,-1.2696682623372477,-0.008298802814695066
9828,-1.269668303851705,-0.008298802814695066
9829,-1.2696685688467535,-0.008298802814695066
9830,-1.269668644515129,-0.008298802814695066
9831,-1.2696687116301753,-0.008298802814695066
9832,-1.2696687689206596,-0.008298802814695066
9833,-1.2696689770581773,-0.008298802814695066
9834,-1.26966902943411,-0.008298802814695066
9835,-1.2696694064707623,-0.008298802814695066
9836,-1.2696694473562684,-0.008298802814695066
9837,-1.2696697342499719,-0.008298802814695066
9838,-1.2696697494473963,-0.008298802814695066
9839,-1.2696699068915418,-0.008298802814695066
9840,-1.2696700567530557,-0.008298802814695066
9841,-1.269670200826197,-0.008298802814695066
9842,-1.2696702347686553,-0.008298802814695066
9843,-1.2696702503641177,-0.008298802814695066
9844,-1.2696703026517897,-0.008298802814695066
9845,-1.2696703578865152,-0.008298802814695066
9846,-1.2696705054012825,-0.008298802814695066
9847,-1.2696706131769055,-0.008298802814695066
9848,-1.2696707506572769,-0.008298802814695066
9849,-1.2696707632484725,-0.008298802814695066
9850,-1.2696707904525286,-0.008298802814695066
9851,-1.269670800101845,-0.008298802814695066
9852,-1.2696708786235775,-0.008298802814695066
9853,-1.2696708952861333,-0.008298802814695066
9854,-1.2696709215242414,-0.008298802814695066
9855,-1.2696709729078244,-0.008298802814695066
9856,-1.2696710170757552,-0.008298802814695066
9857,-1.269671149628782,-0.008298802814695066
9858,-1.2696711779070116,-0.008298802814695066
9859,-1.2696712358147106,-0.008298802814695066
9860,-1.2696712667110597,-0.008298802814695066
9861,-1.2696713686899255,-0.008298802814695066
9862,-1.2696714886598428,-0.008298802814695066
9863,-1.2696714991631146,-0.008298802814695066
9864,-1.2696716064569742,-0.008298802814695066
9865,-1.2696716352720858,-0.008298802814695066
9866,-1.2696716404187143,-0.008298802814695066
9867,-1.2696716716180365,-0.008298802814695066
9868,-1.2696717516161244,-0.008298802814695066
9869,-1.2696718828198978,-0.008298802814695066
9870,-1.26967198963317,-0.008298802814695066
9871,-1.2696721249605902,-0.008298802814695066
9872,-1.269672161584193,-0.008298802814695066
9873,-1.2696722272968208,-0.008298802814695066
9874,-1.2696724919941997,-0.008298802814695066
9875,-1.2696725050791802,-0.008298802814695066
9876,-1.269672539278786,-0.008298802814695066
9877,-1.2696726014682262,-0.008298802814695066
9878,-1.2696726387845851,-0.008298802814695066
9879,-1.2696727082717996,-0.008298802814695066
9880,-1.269672826305671,-0.008298802814695066
9881,-1.2696730133550382,-0.008298802814695066
9882,-1.269673132857635,-0.008298802814695066
9883,-1.2696731466727424,-0.008298802814695066
9884,-1.2696735458841113,-0.008298802814695066
9885,-1.2696739408136224,-0.008298802814695066
9886,-1.2696740099477584,-0.008298802814695066
9887,-1.2696742068002964,-0.008298802814695066
9888,-1.269674242003961,-0.008298802814695066
9889,-1.269674456599022,-0.008298802814695066
9890,-1.2696746588070413,-0.008298802814695066
9891,-1.269674699503629,-0.008298802814695066
9892,-1.2696748763411887,-0.008298802814695066
9893,-1.2696749032213852,-0.008298802814695066
9894,-1.26967504603192,-0.008298802814695066
9895,-1.2696752180887874,-0.008298802814695066
9896,-1.2696752810764067,-0.008298802814695066
9897,-1.2696753638316833,-0.008298802814695066
9898,-1.2696754607045286,-0.008298802814695066
9899,-1.2696754723863608,-0.008298802814695066
9900,-1.269675485789438,-0.008298802814695066
9901,-1.269675575402196,-0.008298802814695066
9902,-1.2696755917348923,-0.008298802814695066
9903,-1.2696756693359106,-0.008298802814695066
9904,-1.269675707171812,-0.008298802814695066
9905,-1.2696758096394662,-0.008298802814695066
9906,-1.2696758273767443,-0.008298802814695066
9907,-1.269675990922732,-0.008298802814695066
9908,-1.269676179401771,-0.008298802814695066
9909,-1.2696762286010101,-0.008298802814695066
9910,-1.269676294012192,-0.008298802814695066
9911,-1.2696763850012531,-0.008298802814695066
9912,-1.2696765880798624,-0.008298802814695066
9913,-1.2696766067709488,-0.008298802814695066
9914,-1.2696766856725181,-0.008298802814695066
9915,-1.2696767757854044,-0.008298802814695066
9916,-1.2696768288768432,-0.008298802814695066
9917,-1.2696768409459978,-0.008298802814695066
9918,-1.2696768860436283,-0.008298802814695066
9919,-1.269677058374234,-0.008298802814695066
9920,-1.269677119889777,-0.008298802814695066
9921,-1.2696771442503183,-0.008298802814695066
9922,-1.2696771543926495,-0.008298802814695066
9923,-1.2696771726668088,-0.008298802814695066
9924,-1.2696772110799204,-0.008298802814695066
9925,-1.2696772332918556,-0.008298802814695066
9926,-1.269677283248131,-0.008298802814695066
9927,-1.269677284667147,-0.008298802814695066
9928,-1.2696773176191964,-0.008298802814695066
9929,-1.2696774271243039,-0.008298802814695066
9930,-1.2696777965694572,-0.008298802814695066
9931,-1.2696778290881023,-0.008298802814695066
9932,-1.269677848934597,-0.008298802814695066
9933,-1.2696778796709496,-0.008298802814695066
9934,-1.2696779479445879,-0.008298802814695066
9935,-1.2696783148714643,-0.008298802814695066
9936,-1.269678330877685,-0.008298802814695066
9937,-1.2696784727567858,-0.008298802814695066
9938,-1.2696784944461437,-0.008298802814695066
9939,-1.269678610250046,-0.008298802814695066
9940,-1.2696786918362772,-0.008298802814695066
9941,-1.2696787891485124,-0.008298802814695066
9942,-1.2696789454188386,-0.008298802814695066
9943,-1.2696789923747631,-0.008298802814695066
9944,-1.2696791229769708,-0.008298802814695066
9945,-1.2696791478753573,-0.008298802814695066
9946,-1.2696791526170585,-0.008298802814695066
9947,-1.2696791534358303,-0.008298802814695066
9948,-1.269679225297954,-0.008298802814695066
9949,-1.2696793321786772,-0.008298802814695066
9950,-1.269679385575867,-0.008298802814695066
9951,-1.2696794230973616,-0.008298802814695066
9952,-1.2696794441723462,-0.008298802814695066
9953,-1.269679472764067,-0.008298802814695066
9954,-1.2696794815176522,-0.008298802814695066
9955,-1.2696794929718247,-0.008298802814695066
9956,-1.269679552012632,-0.008298802814695066
9957,-1.2696796596748927,-0.008298802814695066
9958,-1.2696799473377167,-0.008298802814695066
9959,-1.2696800911592625,-0.008298802814695066
9960,-1.2696801409935856,-0.008298802814695066
9961,-1.2696801499919597,-0.008298802814695066
9962,-1.2696803349011785,-0.008298802814695066
9963,-1.2696804785539717,-0.008298802814695066
9964,-1.2696805436750829,-0.008298802814695066
9965,-1.2696806086731889,-0.008298802814695066
9966,-1.2696808208299104,-0.008298802814695066
9967,-1.2696809071806021,-0.008298802814695066
9968,-1.2696811066422755,-0.008298802814695066
9969,-1.2696812528307382,-0.008298802814695066
9970,-1.269681538832653,-0.008298802814695066
9971,-1.2696815678387217,-0.008298802814695066
9972,-1.2696817300937828,-0.008298802814695066
9973,-1.2696817469117163,-0.008298802814695066
9974,-1.2696817605461101,-0.008298802814695066
9975,-1.2696817893352752,-0.008298802814695066
9976,-1.2696818476198872,-0.008298802814695066
9977,-1.2696819772767058,-0.008298802814695066
9978,-1.26968219866388,-0.008298802814695066
9979,-1.2696822337271798,-0.008298802814695066
9980,-1.269682268401887,-0.008298802814695066
9981,-1.2696823087245235,-0.008298802814695066
9982,-1.2696823926298502,-0.008298802814695066
9983,-1.269682420722506,-0.008298802814695066
9984,-1.2696825123898179,-0.008298802814695066
9985,-1.2696825808024927,-0.008298802814695066
9986,-1.2696826372322407,-0.008298802814695066
9987,-1.2696828467360706,-0.008298802814695066
9988,-1.2696830096290248,-0.008298802814695066
9989,-1.269683156973586,-0.008298802814695066
9990,-1.2696833563536134,-0.008298802814695066
9991,-1.2696833628027526,-0.008298802814695066
9992,-1.269683445899009,-0.008298802814695066
9993,-1.2696835282420067,-0.008298802814695066
9994,-1.2696835410164078,-0.008298802814695066
9995,-1.2696835442903995,-0.008298802814695066
9996,-1.2696836200127415,-0.008298802814695066
9997,-1.2696837463065234,-0.008298802814695066
9998,-1.269683769602333,-0.008298802814695066
9999,-1.269683958310441,-0.008298802814695066
10000,-1.2696839664659656,-0.008298802814695066
10001,-1.2696840317963614,-0.008298802814695066
10002,-1.2696840928941104,-0.008298802814695066
10003,-1.2696843012500394,-0.008298802814695066
10004,-1.2696843620379827,-0.008298802814695066
10005,-1.269684593688422,-0.008298802814695066
10006,-1.2696846714602352,-0.008298802814695066
10007,-1.2696849308385896,-0.008298802814695066
10008,-1.269685131519443,-0.008298802814695066
10009,-1.2696852897632824,-0.008298802814695066
10010,-1.2696853530470398,-0.008298802814695066
10011,-1.269685486963911,-0.008298802814695066
10012,-1.2696857147775489,-0.008298802814695066
10013,-1.2696857159406791,-0.008298802814695066
10014,-1.2696857379933624,-0.008298802814695066
10015,-1.2696857813089062,-0.008298802814695066
10016,-1.2696858971523244,-0.008298802814695066
10017,-1.2696859398405502,-0.008298802814695066
10018,-1.269686314903529,-0.008298802814695066
10019,-1.2696863654166597,-0.008298802814695066
10020,-1.2696864378738217,-0.008298802814695066
10021,-1.269686566515146,-0.008298802814695066
10022,-1.2696866471873618,-0.008298802814695066
10023,-1.2696867132450977,-0.008298802814695066
10024,-1.2696867633906808,-0.008298802814695066
10025,-1.2696867828697922,-0.008298802814695066
10026,-1.2696868460821105,-0.008298802814695066
10027,-1.269686889002936,-0.008298802814695066
10028,-1.269686902039695,-0.008298802814695066
10029,-1.2696870801383056,-0.008298802814695066
10030,-1.2696871461052444,-0.008298802814695066
10031,-1.2696873356329603,-0.008298802814695066
10032,-1.2696876802249424,-0.008298802814695066
10033,-1.2696876921684959,-0.008298802814695066
10034,-1.2696877429396758,-0.008298802814695066
10035,-1.2696877636574047,-0.008298802814695066
10036,-1.2696878600571768,-0.008298802814695066
10037,-1.2696878724681002,-0.008298802814695066
10038,-1.2696879021318777,-0.008298802814695066
10039,-1.269687979901404,-0.008298802814695066
10040,-1.269688020392692,-0.008298802814695066
10041,-1.2696881163245433,-0.008298802814695066
10042,-1.2696881333140395,-0.008298802814695066
10043,-1.2696883031662922,-0.008298802814695066
10044,-1.269688319890484,-0.008298802814695066
10045,-1.2696883612409637,-0.008298802814695066
10046,-1.269688397015046,-0.008298802814695066
10047,-1.2696886333339452,-0.008298802814695066
10048,-1.2696886371082023,-0.008298802814695066
10049,-1.2696886431623557,-0.008298802814695066
10050,-1.2696886449467573,-0.008298802814695066
10051,-1.2696886833721823,-0.008298802814695066
10052,-1.2696886947651465,-0.008298802814695066
10053,-1.2696887035964521,-0.008298802814695066
10054,-1.2696888008796616,-0.008298802814695066
10055,-1.2696888054440674,-0.008298802814695066
10056,-1.269689106680093,-0.008298802814695066
10057,-1.2696891389376006,-0.008298802814695066
10058,-1.2696891577280742,-0.008298802814695066
10059,-1.2696891687944287,-0.008298802814695066
10060,-1.2696891947958537,-0.008298802814695066
10061,-1.2696892900675483,-0.008298802814695066
10062,-1.2696893753660923,-0.008298802814695066
10063,-1.2696893983143747,-0.008298802814695066
10064,-1.2696894520629363,-0.008298802814695066
10065,-1.2696894632197313,-0.008298802814695066
10066,-1.2696894650901405,-0.008298802814695066
10067,-1.2696895468344822,-0.008298802814695066
10068,-1.269689577088919,-0.008298802814695066
10069,-1.2696897238370437,-0.008298802814695066
10070,-1.2696897842010795,-0.008298802814695066
10071,-1.2696899953309178,-0.008298802814695066
10072,-1.2696900005358944,-0.008298802814695066
10073,-1.2696901584675682,-0.008298802814695066
10074,-1.269690166712513,-0.008298802814695066
10075,-1.2696902743171845,-0.008298802814695066
10076,-1.2696902992701653,-0.008298802814695066
10077,-1.2696903617369593,-0.008298802814695066
10078,-1.269690373255231,-0.008298802814695066
10079,-1.269690419052558,-0.008298802814695066
10080,-1.2696904431175053,-0.008298802814695066
10081,-1.2696904794663917,-0.008298802814695066
10082,-1.269690631147064,-0.008298802814695066
10083,-1.2696906612149106,-0.008298802814695066
10084,-1.2696906613558168,-0.008298802814695066
10085,-1.269690720876941,-0.008298802814695066
10086,-1.2696908883649023,-0.008298802814695066
10087,-1.2696909892833619,-0.008298802814695066
10088,-1.269691016162867,-0.008298802814695066
10089,-1.2696911457306324,-0.008298802814695066
10090,-1.26969122426555,-0.008298802814695066
10091,-1.2696912704140257,-0.008298802814695066
10092,-1.2696913438190718,-0.008298802814695066
10093,-1.2696914626777307,-0.008298802814695066
10094,-1.2696915153024753,-0.008298802814695066
10095,-1.2696915334981977,-0.008298802814695066
10096,-1.2696915602802061,-0.008298802814695066
10097,-1.2696915979638357,-0.008298802814695066
10098,-1.269691765987775,-0.008298802814695066
10099,-1.2696918283617622,-0.008298802814695066
10100,-1.2696919166589287,-0.008298802814695066
10101,-1.2696919206731039,-0.008298802814695066
10102,-1.2696920160078833,-0.008298802814695066
10103,-1.2696920295239675,-0.008298802814695066
10104,-1.2696920487334207,-0.008298802814695066
10105,-1.2696920541722179,-0.008298802814695066
10106,-1.2696920888081964,-0.008298802814695066
10107,-1.2696921673265051,-0.008298802814695066
10108,-1.2696923219235177,-0.008298802814695066
10109,-1.2696923712744514,-0.008298802814695066
10110,-1.269692428419109,-0.008298802814695066
10111,-1.2696924343357223,-0.008298802814695066
10112,-1.2696924821333775,-0.008298802814695066
10113,-1.2696925281372669,-0.008298802814695066
10114,-1.2696926332381724,-0.008298802814695066
10115,-1.269692653997162,-0.008298802814695066
10116,-1.269692666525643,-0.008298802814695066
10117,-1.269692760426869,-0.008298802814695066
10118,-1.2696928130585479,-0.008298802814695066
10119,-1.269692939809477,-0.008298802814695066
10120,-1.2696931837593364,-0.008298802814695066
10121,-1.2696932290989384,-0.008298802814695066
10122,-1.2696933044574739,-0.008298802814695066
10123,-1.26969330800663,-0.008298802814695066
10124,-1.269693369502333,-0.008298802814695066
10125,-1.269693435288487,-0.008298802814695066
10126,-1.2696934442051266,-0.008298802814695066
10127,-1.2696934595857716,-0.008298802814695066
10128,-1.2696936039278603,-0.008298802814695066
10129,-1.2696937396658132,-0.008298802814695066
10130,-1.2696938001369151,-0.008298802814695066
10131,-1.2696939088641652,-0.008298802814695066
10132,-1.269693935937748,-0.008298802814695066
10133,-1.2696940534020078,-0.008298802814695066
10134,-1.269694142708841,-0.008298802814695066
10135,-1.2696941532352155,-0.008298802814695066
10136,-1.2696941921703642,-0.008298802814695066
10137,-1.269694238681031,-0.008298802814695066
10138,-1.2696943874990734,-0.008298802814695066
10139,-1.2696943962727023,-0.008298802814695066
10140,-1.2696944109292172,-0.008298802814695066
10141,-1.2696944355484359,-0.008298802814695066
10142,-1.2696944668039754,-0.008298802814695066
10143,-1.2696945495137328,-0.008298802814695066
10144,-1.2696945982685657,-0.008298802814695066
10145,-1.2696946134161804,-0.008298802814695066
10146,-1.2696948900741583,-0.008298802814695066
10147,-1.2696949207701695,-0.008298802814695066
10148,-1.2696949329421034,-0.008298802814695066
10149,-1.2696949478505273,-0.008298802814695066
10150,-1.2696949903004064,-0.008298802814695066
10151,-1.269695025234864,-0.008298802814695066
10152,-1.2696950703612444,-0.008298802814695066
10153,-1.2696954034789765,-0.008298802814695066
10154,-1.2696955048810792,-0.008298802814695066
10155,-1.269695555875536,-0.008298802814695066
10156,-1.2696955975585855,-0.008298802814695066
10157,-1.2696956030906563,-0.008298802814695066
10158,-1.2696957805363647,-0.008298802814695066
10159,-1.2696958501803284,-0.008298802814695066
10160,-1.26969588570046,-0.008298802814695066
10161,-1.2696959066307565,-0.008298802814695066
10162,-1.2696959966433468,-0.008298802814695066
10163,-1.2696960399340118,-0.008298802814695066
10164,-1.269696045217494,-0.008298802814695066
10165,-1.2696960900364873,-0.008298802814695066
10166,-1.269696108800645,-0.008298802814695066
10167,-1.269696125201578,-0.008298802814695066
10168,-1.2696961943054483,-0.008298802814695066
10169,-1.2696962336384323,-0.008298802814695066
10170,-1.2696963183443728,-0.008298802814695066
10171,-1.2696963818257396,-0.008298802814695066
10172,-1.2696965711029298,-0.008298802814695066
10173,-1.269696581004942,-0.008298802814695066
10174,-1.2696966685143665,-0.008298802814695066
10175,-1.269696704159968,-0.008298802814695066
10176,-1.2696967314848724,-0.008298802814695066
10177,-1.2696967971276254,-0.008298802814695066
10178,-1.2696968563674171,-0.008298802814695066
10179,-1.2696968692444504,-0.008298802814695066
10180,-1.269696904899016,-0.008298802814695066
10181,-1.2696969060617451,-0.008298802814695066
10182,-1.2696969127110596,-0.008298802814695066
10183,-1.2696970709108077,-0.008298802814695066
10184,-1.2696972033534186,-0.008298802814695066
10185,-1.2696972789036949,-0.008298802814695066
10186,-1.2696972932546906,-0.008298802814695066
10187,-1.2696973461992043,-0.008298802814695066
10188,-1.269697347811795,-0.008298802814695066
10189,-1.269697380338411,-0.008298802814695066
10190,-1.2696973923145236,-0.008298802814695066
10191,-1.2696974461185448,-0.008298802814695066
10192,-1.269697461031613,-0.008298802814695066
10193,-1.2696975012516345,-0.008298802814695066
10194,-1.2696975346897483,-0.008298802814695066
10195,-1.2696975569450735,-0.008298802814695066
10196,-1.2696975731047295,-0.008298802814695066
10197,-1.2696976315666484,-0.008298802814695066
10198,-1.2696977224893387,-0.008298802814695066
10199,-1.2696977326208385,-0.008298802814695066
10200,-1.2696978396807461,-0.008298802814695066
10201,-1.2696979341417047,-0.008298802814695066
10202,-1.2696980110051985,-0.008298802814695066
10203,-1.2696980340718194,-0.008298802814695066
10204,-1.2696980394247799,-0.008298802814695066
10205,-1.2696980815052377,-0.008298802814695066
10206,-1.269698149891185,-0.008298802814695066
10207,-1.2696981514548065,-0.008298802814695066
10208,-1.2696981895967832,-0.008298802814695066
10209,-1.269698212127259,-0.008298802814695066
10210,-1.2696984037732304,-0.008298802814695066
10211,-1.269698543845509,-0.008298802814695066
10212,-1.2696986626156712,-0.008298802814695066
10213,-1.269698668752821,-0.008298802814695066
10214,-1.2696987352146454,-0.008298802814695066
10215,-1.2696987742298829,-0.008298802814695066
10216,-1.2696987919732774,-0.008298802814695066
10217,-1.269698863027811,-0.008298802814695066
10218,-1.2696988852257414,-0.008298802814695066
10219,-1.2696988863065028,-0.008298802814695066
10220,-1.2696988888846426,-0.008298802814695066
10221,-1.2696989144522712,-0.008298802814695066
10222,-1.2696989587925844,-0.008298802814695066
10223,-1.2696989627205943,-0.008298802814695066
10224,-1.2696990182469667,-0.008298802814695066
10225,-1.2696990976946916,-0.008298802814695066
10226,-1.2696991275539302,-0.008298802814695066
10227,-1.2696992132590876,-0.008298802814695066
10228,-1.269699268305325,-0.008298802814695066
10229,-1.2696992714650854,-0.008298802814695066
10230,-1.2696992995465368,-0.008298802814695066
10231,-1.2696993100410652,-0.008298802814695066
10232,-1.2696993113337358,-0.008298802814695066
10233,-1.2696993446815459,-0.008298802814695066
10234,-1.269699350742376,-0.008298802814695066
10235,-1.2696995394600146,-0.008298802814695066
10236,-1.2696996193978243,-0.008298802814695066
10237,-1.2696996254459036,-0.008298802814695066
10238,-1.2696996740515578,-0.008298802814695066
10239,-1.2696997057439503,-0.008298802814695066
10240,-1.2696997514175858,-0.008298802814695066
10241,-1.26969981913185,-0.008298802814695066
10242,-1.2696998807300384,-0.008298802814695066
10243,-1.2697000629612818,-0.008298802814695066
10244,-1.2697001635092222,-0.008298802814695066
10245,-1.2697002358707152,-0.008298802814695066
10246,-1.26970027870782,-0.008298802814695066
10247,-1.2697003129541669,-0.008298802814695066
10248,-1.269700374446749,-0.008298802814695066
10249,-1.2697004761887198,-0.008298802814695066
10250,-1.269700546373337,-0.008298802814695066
10251,-1.2697005747386059,-0.008298802814695066
10252,-1.2697006041456815,-0.008298802814695066
10253,-1.2697006670090796,-0.008298802814695066
10254,-1.2697006784279394,-0.008298802814695066
10255,-1.2697006971651048,-0.008298802814695066
10256,-1.2697007008366867,-0.008298802814695066
10257,-1.2697007354541507,-0.008298802814695066
10258,-1.2697007720347226,-0.008298802814695066
10259,-1.2697007741213244,-0.008298802814695066
10260,-1.2697008051763858,-0.008298802814695066
10261,-1.2697008117015334,-0.008298802814695066
10262,-1.2697008248224901,-0.008298802814695066
10263,-1.2697009507466994,-0.008298802814695066
10264,-1.2697010248797327,-0.008298802814695066
10265,-1.2697011145357324,-0.008298802814695066
10266,-1.2697011283446797,-0.008298802814695066
10267,-1.2697012458977757,-0.008298802814695066
10268,-1.2697012567872752,-0.008298802814695066
10269,-1.2697012777394905,-0.008298802814695066
10270,-1.2697013188413995,-0.008298802814695066
10271,-1.2697013463018791,-0.008298802814695066
10272,-1.2697013504940085,-0.008298802814695066
10273,-1.2697014149917911,-0.008298802814695066
10274,-1.269701446312959,-0.008298802814695066
10275,-1.2697015727324379,-0.008298802814695066
10276,-1.2697016273390194,-0.008298802814695066
10277,-1.269701679627218,-0.008298802814695066
10278,-1.2697017761095977,-0.008298802814695066
10279,-1.2697017785989129,-0.008298802814695066
10280,-1.2697017822905474,-0.008298802814695066
10281,-1.2697018622091796,-0.008298802814695066
10282,-1.2697018685496573,-0.008298802814695066
10283,-1.269701896202509,-0.008298802814695066
10284,-1.2697019017729105,-0.008298802814695066
10285,-1.2697019080061778,-0.008298802814695066
10286,-1.2697019113500374,-0.008298802814695066
10287,-1.2697019382839154,-0.008298802814695066
10288,-1.2697019787519488,-0.008298802814695066
10289,-1.269702167146432,-0.008298802814695066
10290,-1.2697022774888107,-0.008298802814695066
10291,-1.2697023225439836,-0.008298802814695066
10292,-1.2697023932021256,-0.008298802814695066
10293,-1.2697024336297953,-0.008298802814695066
10294,-1.2697024718961272,-0.008298802814695066
10295,-1.2697024830884365,-0.008298802814695066
10296,-1.2697024843996496,-0.008298802814695066
10297,-1.2697026015281394,-0.008298802814695066
10298,-1.2697026184791533,-0.008298802814695066
10299,-1.2697026355142391,-0.008298802814695066
10300,-1.2697026906509927,-0.008298802814695066
10301,-1.2697027072767002,-0.008298802814695066
10302,-1.2697027598714978,-0.008298802814695066
10303,-1.2697027954344036,-0.008298802814695066
10304,-1.2697028176591212,-0.008298802814695066
10305,-1.2697028863363358,-0.008298802814695066
10306,-1.2697029272191005,-0.008298802814695066
10307,-1.2697031091354882,-0.008298802814695066
10308,-1.2697031184430918,-0.008298802814695066
10309,-1.2697031227662599,-0.008298802814695066
10310,-1.2697032102758938,-0.008298802814695066
10311,-1.2697032251184093,-0.008298802814695066
10312,-1.2697033274159155,-0.008298802814695066
10313,-1.2697034312679842,-0.008298802814695066
10314,-1.2697035663325191,-0.008298802814695066
10315,-1.2697036106127162,-0.008298802814695066
10316,-1.2697036963632098,-0.008298802814695066
10317,-1.26970374922469,-0.008298802814695066
10318,-1.2697037829563242,-0.008298802814695066
10319,-1.2697038018332112,-0.008298802814695066
10320,-1.2697038762891724,-0.008298802814695066
10321,-1.2697041205731372,-0.008298802814695066
10322,-1.2697043364148621,-0.008298802814695066
10323,-1.2697044030667248,-0.008298802814695066
10324,-1.2697045311335504,-0.008298802814695066
10325,-1.269704615003447,-0.008298802814695066
10326,-1.269704618246217,-0.008298802814695066
10327,-1.2697046871488988,-0.008298802814695066
10328,-1.2697047663979182,-0.008298802814695066
10329,-1.2697048110309601,-0.008298802814695066
10330,-1.2697049177994106,-0.008298802814695066
10331,-1.2697049293609979,-0.008298802814695066
10332,-1.2697049455976286,-0.008298802814695066
10333,-1.2697049461322953,-0.008298802814695066
10334,-1.2697049737025154,-0.008298802814695066
10335,-1.2697050470740592,-0.008298802814695066
10336,-1.2697050638482033,-0.008298802814695066
10337,-1.2697051278640006,-0.008298802814695066
10338,-1.2697051759202589,-0.008298802814695066
10339,-1.2697052452721875,-0.008298802814695066
10340,-1.2697052766314771,-0.008298802814695066
10341,-1.269705279635373,-0.008298802814695066
10342,-1.2697052918145566,-0.008298802814695066
10343,-1.2697053011761377,-0.008298802814695066
10344,-1.2697053350710288,-0.008298802814695066
10345,-1.2697053813061734,-0.008298802814695066
10346,-1.2697054488675383,-0.008298802814695066
10347,-1.26970553794368,-0.008298802814695066
10348,-1.269705587905937,-0.008298802814695066
10349,-1.269705613139397,-0.008298802814695066
10350,-1.2697057632304691,-0.008298802814695066
10351,-1.2697059035362501,-0.008298802814695066
10352,-1.269705906005271,-0.008298802814695066
10353,-1.2697059594525713,-0.008298802814695066
10354,-1.2697059750211113,-0.008298802814695066
10355,-1.269706002087717,-0.008298802814695066
10356,-1.2697060285686106,-0.008298802814695066
10357,-1.269706209219536,-0.008298802814695066
10358,-1.26970621112166,-0.008298802814695066
10359,-1.2697062328691169,-0.008298802814695066
10360,-1.269706253382187,-0.008298802814695066
10361,-1.2697062712956266,-0.008298802814695066
10362,-1.2697063309409007,-0.008298802814695066
10363,-1.2697064364307242,-0.008298802814695066
10364,-1.2697064826537359,-0.008298802814695066
10365,-1.2697065088958845,-0.008298802814695066
10366,-1.2697065613978347,-0.008298802814695066
10367,-1.2697066387217864,-0.008298802814695066
10368,-1.2697067410962048,-0.008298802814695066
10369,-1.269706857004426,-0.008298802814695066
10370,-1.2697069620258667,-0.008298802814695066
10371,-1.2697069845974631,-0.008298802814695066
10372,-1.269707040442873,-0.008298802814695066
10373,-1.269707064258081,-0.008298802814695066
10374,-1.2697071726812825,-0.008298802814695066
10375,-1.2697072528985733,-0.008298802814695066
10376,-1.2697073195352961,-0.008298802814695066
10377,-1.2697073240979884,-0.008298802814695066
10378,-1.2697073399052534,-0.008298802814695066
10379,-1.269707424910438,-0.008298802814695066
10380,-1.2697074983263446,-0.008298802814695066
10381,-1.2697076683063522,-0.008298802814695066
10382,-1.269707687277906,-0.008298802814695066
10383,-1.269707721201668,-0.008298802814695066
10384,-1.2697077550706872,-0.008298802814695066
10385,-1.2697077570546436,-0.008298802814695066
10386,-1.2697077633942373,-0.008298802814695066
10387,-1.2697077866201147,-0.008298802814695066
10388,-1.2697078044709587,-0.008298802814695066
10389,-1.269707821935059,-0.008298802814695066
10390,-1.2697078501162755,-0.008298802814695066
10391,-1.2697078594286362,-0.008298802814695066
10392,-1.2697079009277623,-0.008298802814695066
10393,-1.2697079463673888,-0.008298802814695066
10394,-1.2697079540404554,-0.008298802814695066
10395,-1.2697080763063786,-0.008298802814695066
10396,-1.269708119020084,-0.008298802814695066
10397,-1.2697081224996554,-0.008298802814695066
10398,-1.2697082293678974,-0.008298802814695066
10399,-1.2697083323890492,-0.008298802814695066
10400,-1.2697083673041885,-0.008298802814695066
10401,-1.2697083790343808,-0.008298802814695066
10402,-1.2697083878730318,-0.008298802814695066
10403,-1.2697084092846391,-0.008298802814695066
10404,-1.269708480505006,-0.008298802814695066
10405,-1.2697084886985135,-0.008298802814695066
10406,-1.2697085290092809,-0.008298802814695066
10407,-1.2697085368333365,-0.008298802814695066
10408,-1.2697085400721249,-0.008298802814695066
10409,-1.2697085454108679,-0.008298802814695066
10410,-1.2697085947436249,-0.008298802814695066
10411,-1.2697086375366102,-0.008298802814695066
10412,-1.2697086912948767,-0.008298802814695066
10413,-1.2697087042397075,-0.008298802814695066
10414,-1.269708750648902,-0.008298802814695066
10415,-1.2697088241907928,-0.008298802814695066
10416,-1.2697088878883758,-0.008298802814695066
10417,-1.2697088999437898,-0.008298802814695066
10418,-1.26970890951952,-0.008298802814695066
10419,-1.2697089451545511,-0.008298802814695066
10420,-1.2697089585363435,-0.008298802814695066
10421,-1.2697090519213698,-0.008298802814695066
10422,-1.2697090923304886,-0.008298802814695066
10423,-1.2697091310275967,-0.008298802814695066
10424,-1.2697094134702476,-0.008298802814695066
10425,-1.2697094322312836,-0.008298802814695066
10426,-1.269709436128816,-0.008298802814695066
10427,-1.26970949678614,-0.008298802814695066
10428,-1.2697096124901777,-0.008298802814695066
10429,-1.269709613450417,-0.008298802814695066
10430,-1.2697096637844312,-0.008298802814695066
10431,-1.2697096930846674,-0.008298802814695066
10432,-1.2697097301975562,-0.008298802814695066
10433,-1.269709767408382,-0.008298802814695066
10434,-1.2697098178741817,-0.008298802814695066
10435,-1.2697099870578499,-0.008298802814695066
10436,-1.2697099970789978,-0.008298802814695066
10437,-1.2697101697029576,-0.008298802814695066
10438,-1.2697102219474363,-0.008298802814695066
10439,-1.2697102732225656,-0.008298802814695066
10440,-1.2697103440757447,-0.008298802814695066
10441,-1.2697103697069068,-0.008298802814695066
10442,-1.2697104686199758,-0.008298802814695066
10443,-1.2697104770378527,-0.008298802814695066
10444,-1.2697105214966538,-0.008298802814695066
10445,-1.2697105824691612,-0.008298802814695066
10446,-1.2697106828437787,-0.008298802814695066
10447,-1.26971069072011,-0.008298802814695066
10448,-1.2697106914396734,-0.008298802814695066
10449,-1.2697107004420891,-0.008298802814695066
10450,-1.2697107500986022,-0.008298802814695066
10451,-1.2697107694049958,-0.008298802814695066
10452,-1.2697107856473433,-0.008298802814695066
10453,-1.2697108550182894,-0.008298802814695066
10454,-1.2697108789347715,-0.008298802814695066
10455,-1.269710880398698,-0.008298802814695066
10456,-1.269710951753348,-0.008298802814695066
10457,-1.2697109600104726,-0.008298802814695066
10458,-1.2697109724490225,-0.008298802814695066
10459,-1.2697109830427522,-0.008298802814695066
10460,-1.2697110411778518,-0.008298802814695066
10461,-1.269711094282806,-0.008298802814695066
10462,-1.269711096651221,-0.008298802814695066
10463,-1.2697111237208876,-0.008298802814695066
10464,-1.2697111245523682,-0.008298802814695066
10465,-1.2697111777047936,-0.008298802814695066
10466,-1.2697112971776208,-0.008298802814695066
10467,-1.2697113170742507,-0.008298802814695066
10468,-1.26971134671872,-0.008298802814695066
10469,-1.2697113955295336,-0.008298802814695066
10470,-1.269711438673921,-0.008298802814695066
10471,-1.269711444548542,-0.008298802814695066
10472,-1.2697114897745512,-0.008298802814695066
10473,-1.269711519419917,-0.008298802814695066
10474,-1.2697115455342527,-0.008298802814695066
10475,-1.2697115732003172,-0.008298802814695066
10476,-1.2697116080647328,-0.008298802814695066
10477,-1.2697116657745917,-0.008298802814695066
10478,-1.2697116771865353,-0.008298802814695066
10479,-1.2697116836849585,-0.008298802814695066
10480,-1.2697117024490283,-0.008298802814695066
10481,-1.2697117175851955,-0.008298802814695066
10482,-1.2697117561493165,-0.008298802814695066
10483,-1.2697117765945174,-0.008298802814695066
10484,-1.269711776998842,-0.008298802814695066
10485,-1.2697118070607039,-0.008298802814695066
10486,-1.2697118111233203,-0.008298802814695066
10487,-1.2697118638647675,-0.008298802814695066
10488,-1.2697119068240514,-0.008298802814695066
10489,-1.2697119713173217,-0.008298802814695066
10490,-1.2697119968740638,-0.008298802814695066
10491,-1.2697120222861766,-0.008298802814695066
10492,-1.269712078965941,-0.008298802814695066
10493,-1.2697121441349124,-0.008298802814695066
10494,-1.269712199591575,-0.008298802814695066
10495,-1.2697122039705278,-0.008298802814695066
10496,-1.2697122356135342,-0.008298802814695066
10497,-1.2697122665846454,-0.008298802814695066
10498,-1.2697123705384938,-0.008298802814695066
10499,-1.269712401489055,-0.008298802814695066
10500,-1.2697124533952917,-0.008298802814695066
10501,-1.269712516592886,-0.008298802814695066
10502,-1.26971259482692,-0.008298802814695066
10503,-1.2697126275461834,-0.008298802814695066
10504,-1.2697126305815634,-0.008298802814695066
10505,-1.2697126722413368,-0.008298802814695066
10506,-1.2697126778678847,-0.008298802814695066
10507,-1.2697126854349987,-0.008298802814695066
10508,-1.2697127846525118,-0.008298802814695066
10509,-1.2697128479138045,-0.008298802814695066
10510,-1.269712865043941,-0.008298802814695066
10511,-1.269712936239102,-0.008298802814695066
10512,-1.2697129586787277,-0.008298802814695066
10513,-1.2697129801035616,-0.008298802814695066
10514,-1.269713004335471,-0.008298802814695066
10515,-1.269713017101379,-0.008298802814695066
10516,-1.269713123874839,-0.008298802814695066
10517,-1.269713130679222,-0.008298802814695066
10518,-1.269713211693889,-0.008298802814695066
10519,-1.2697132591157154,-0.008298802814695066
10520,-1.2697132858895968,-0.008298802814695066
10521,-1.2697133854397882,-0.008298802814695066
10522,-1.2697134549245348,-0.008298802814695066
10523,-1.269713456367693,-0.008298802814695066
10524,-1.2697134943738257,-0.008298802814695066
10525,-1.2697135540231765,-0.008298802814695066
10526,-1.2697136149165908,-0.008298802814695066
10527,-1.2697136567354,-0.008298802814695066
10528,-1.2697138149071163,-0.008298802814695066
10529,-1.269713864551015,-0.008298802814695066
10530,-1.2697139066048826,-0.008298802814695066
10531,-1.2697140307563686,-0.008298802814695066
10532,-1.2697141631141171,-0.008298802814695066
10533,-1.2697142323172406,-0.008298802814695066
10534,-1.2697142522124514,-0.008298802814695066
10535,-1.2697142556455663,-0.008298802814695066
10536,-1.269714270214014,-0.008298802814695066
10537,-1.269714330144124,-0.008298802814695066
10538,-1.2697144888826897,-0.008298802814695066
10539,-1.269714508279661,-0.008298802814695066
10540,-1.2697145798836023,-0.008298802814695066
10541,-1.269714606925666,-0.008298802814695066
10542,-1.2697146555887842,-0.008298802814695066
10543,-1.269714664717033,-0.008298802814695066
10544,-1.2697147016561958,-0.008298802814695066
10545,-1.2697147355023335,-0.008298802814695066
10546,-1.2697147599977838,-0.008298802814695066
10547,-1.2697147978353591,-0.008298802814695066
10548,-1.2697148531689542,-0.008298802814695066
10549,-1.2697148560952867,-0.008298802814695066
10550,-1.2697148601572472,-0.008298802814695066
10551,-1.2697148705241785,-0.008298802814695066
10552,-1.269714881919235,-0.008298802814695066
10553,-1.2697148915061085,-0.008298802814695066
10554,-1.2697149065026092,-0.008298802814695066
10555,-1.2697149373061478,-0.008298802814695066
10556,-1.269714985729847,-0.008298802814695066
10557,-1.2697150475784973,-0.008298802814695066
10558,-1.2697150735731986,-0.008298802814695066
10559,-1.2697151368337614,-0.008298802814695066
10560,-1.2697152262701261,-0.008298802814695066
10561,-1.2697152422243014,-0.008298802814695066
10562,-1.2697153198032751,-0.008298802814695066
10563,-1.269715406317544,-0.008298802814695066
10564,-1.2697154069851844,-0.008298802814695066
10565,-1.2697154077163555,-0.008298802814695066
10566,-1.2697154435769966,-0.008298802814695066
10567,-1.2697154639331072,-0.008298802814695066
10568,-1.269715496530767,-0.008298802814695066
10569,-1.269715544270176,-0.008298802814695066
10570,-1.2697155820255657,-0.008298802814695066
10571,-1.269715584407766,-0.008298802814695066
10572,-1.269715675804852,-0.008298802814695066
10573,-1.2697157466049758,-0.008298802814695066
10574,-1.2697157552291283,-0.008298802814695066
10575,-1.2697158453691282,-0.008298802814695066
10576,-1.2697158541375249,-0.008298802814695066
10577,-1.2697158857969828,-0.008298802814695066
10578,-1.2697158953709096,-0.008298802814695066
10579,-1.269715938203715,-0.008298802814695066
10580,-1.2697159779572478,-0.008298802814695066
10581,-1.2697160039205382,-0.008298802814695066
10582,-1.2697160399923604,-0.008298802814695066
10583,-1.2697161649610345,-0.008298802814695066
10584,-1.2697161813688393,-0.008298802814695066
10585,-1.2697162490627392,-0.008298802814695066
10586,-1.2697163320521316,-0.008298802814695066
10587,-1.2697163845422512,-0.008298802814695066
10588,-1.269716395864067,-0.008298802814695066
10589,-1.2697164089360928,-0.008298802814695066
10590,-1.2697164274064834,-0.008298802814695066
10591,-1.2697164913778884,-0.008298802814695066
10592,-1.2697165013267058,-0.008298802814695066
10593,-1.2697165127538732,-0.008298802814695066
10594,-1.2697166028969615,-0.008298802814695066
10595,-1.2697166038581966,-0.008298802814695066
10596,-1.2697166253089014,-0.008298802814695066
10597,-1.2697166724596234,-0.008298802814695066
10598,-1.2697167315665125,-0.008298802814695066
10599,-1.2697167534549108,-0.008298802814695066
10600,-1.269716805855063,-0.008298802814695066
10601,-1.2697168298302652,-0.008298802814695066
10602,-1.2697168312207348,-0.008298802814695066
10603,-1.269716833255156,-0.008298802814695066
10604,-1.2697168669912116,-0.008298802814695066
10605,-1.2697168937989887,-0.008298802814695066
10606,-1.2697168958958054,-0.008298802814695066
10607,-1.2697169612187018,-0.008298802814695066
10608,-1.269717029446833,-0.008298802814695066
10609,-1.2697170524498345,-0.008298802814695066
10610,-1.2697170611663795,-0.008298802814695066
10611,-1.2697170729905354,-0.008298802814695066
10612,-1.2697170744488995,-0.008298802814695066
10613,-1.2697171358567112,-0.008298802814695066
10614,-1.2697171650504286,-0.008298802814695066
10615,-1.269717189182479,-0.008298802814695066
10616,-1.2697172331748803,-0.008298802814695066
10617,-1.2697172625858864,-0.008298802814695066
10618,-1.2697173509646196,-0.008298802814695066
10619,-1.2697173919599074,-0.008298802814695066
10620,-1.26971739941336,-0.008298802814695066
10621,-1.2697176330001072,-0.008298802814695066
10622,-1.269717709006715,-0.008298802814695066
10623,-1.2697177346686228,-0.008298802814695066
10624,-1.2697177369344503,-0.008298802814695066
10625,-1.2697177605784458,-0.008298802814695066
10626,-1.269717824757361,-0.008298802814695066
10627,-1.269717825125423,-0.008298802814695066
10628,-1.269717900216705,-0.008298802814695066
10629,-1.2697179649514738,-0.008298802814695066
10630,-1.2697179750163938,-0.008298802814695066
10631,-1.269717980253807,-0.008298802814695066
10632,-1.269718018683811,-0.008298802814695066
10633,-1.2697180197232694,-0.008298802814695066
10634,-1.2697180615223578,-0.008298802814695066
10635,-1.2697180677841866,-0.008298802814695066
10636,-1.2697180754845592,-0.008298802814695066
10637,-1.2697181168189873,-0.008298802814695066
10638,-1.2697181273862572,-0.008298802814695066
10639,-1.269718151422117,-0.008298802814695066
10640,-1.269718222572779,-0.008298802814695066
10641,-1.2697182331331813,-0.008298802814695066
10642,-1.2697182449771174,-0.008298802814695066
10643,-1.2697182475676914,-0.008298802814695066
10644,-1.2697183190770545,-0.008298802814695066
10645,-1.2697183264886263,-0.008298802814695066
10646,-1.2697183324359274,-0.008298802814695066
10647,-1.269718343421379,-0.008298802814695066
10648,-1.2697184455652533,-0.008298802814695066
10649,-1.269718510214303,-0.008298802814695066
10650,-1.269718513261571,-0.008298802814695066
10651,-1.2697185432794982,-0.008298802814695066
10652,-1.269718557885279,-0.008298802814695066
10653,-1.2697185736978374,-0.008298802814695066
10654,-1.2697186341589592,-0.008298802814695066
10655,-1.2697186732074932,-0.008298802814695066
10656,-1.2697186764122037,-0.008298802814695066
10657,-1.2697186944938281,-0.008298802814695066
10658,-1.2697187002511965,-0.008298802814695066
10659,-1.2697187089503585,-0.008298802814695066
10660,-1.2697187183075251,-0.008298802814695066
10661,-1.2697187284080513,-0.008298802814695066
10662,-1.2697187395650071,-0.008298802814695066
10663,-1.2697187919784017,-0.008298802814695066
10664,-1.2697188867832616,-0.008298802814695066
10665,-1.2697189869226295,-0.008298802814695066
10666,-1.2697190212878395,-0.008298802814695066
10667,-1.2697190332192483,-0.008298802814695066
10668,-1.2697191038369022,-0.008298802814695066
10669,-1.2697191425397456,-0.008298802814695066
10670,-1.2697191572957292,-0.008298802814695066
10671,-1.2697192233089196,-0.008298802814695066
10672,-1.2697192774572255,-0.008298802814695066
10673,-1.2697192938179453,-0.008298802814695066
10674,-1.269719309854396,-0.008298802814695066
10675,-1.269719312287608,-0.008298802814695066
10676,-1.269719354937265,-0.008298802814695066
10677,-1.269719393052048,-0.008298802814695066
10678,-1.269719418576964,-0.008298802814695066
10679,-1.2697194769083782,-0.008298802814695066
10680,-1.2697195751269343,-0.008298802814695066
10681,-1.2697195872817069,-0.008298802814695066
10682,-1.2697196357141758,-0.008298802814695066
10683,-1.2697196392936196,-0.008298802814695066
10684,-1.269719655913822,-0.008298802814695066
10685,-1.2697196811714953,-0.008298802814695066
10686,-1.269719700606455,-0.008298802814695066
10687,-1.2697197165454641,-0.008298802814695066
10688,-1.2697197476005257,-0.008298802814695066
10689,-1.2697197918928247,-0.008298802814695066
10690,-1.2697198043153013,-0.008298802814695066
10691,-1.2697198774459406,-0.008298802814695066
10692,-1.269719879685113,-0.008298802814695066
10693,-1.269719890014775,-0.008298802814695066
10694,-1.2697199050145294,-0.008298802814695066
10695,-1.2697199203692842,-0.008298802814695066
10696,-1.2697199241838713,-0.008298802814695066
10697,-1.2697199791906844,-0.008298802814695066
10698,-1.269719988657683,-0.008298802814695066
10699,-1.2697200312958867,-0.008298802814695066
10700,-1.2697200894419622,-0.008298802814695066
10701,-1.2697201701735572,-0.008298802814695066
10702,-1.269720187040871,-0.008298802814695066
10703,-1.2697202137672485,-0.008298802814695066
10704,-1.2697203031002868,-0.008298802814695066
10705,-1.269720362093758,-0.008298802814695066
10706,-1.2697204015640193,-0.008298802814695066
10707,-1.2697204045129868,-0.008298802814695066
10708,-1.2697204337671524,-0.008298802814695066
10709,-1.2697204580400512,-0.008298802814695066
10710,-1.2697205118530734,-0.008298802814695066
10711,-1.2697205199026294,-0.008298802814695066
10712,-1.2697205655378303,-0.008298802814695066
10713,-1.269720634808966,-0.008298802814695066
10714,-1.2697206763594147,-0.008298802814695066
10715,-1.2697206954685645,-0.008298802814695066
10716,-1.2697207105015926,-0.008298802814695066
10717,-1.2697207408126616,-0.008298802814695066
10718,-1.2697207408289217,-0.008298802814695066
10719,-1.2697207430114437,-0.008298802814695066
10720,-1.269720772999206,-0.008298802814695066
10721,-1.2697207850107874,-0.008298802814695066
10722,-1.2697207979559222,-0.008298802814695066
10723,-1.2697208562312228,-0.008298802814695066
10724,-1.269720864346157,-0.008298802814695066
10725,-1.2697209004665069,-0.008298802814695066
10726,-1.2697209119858788,-0.008298802814695066
10727,-1.26972092542802,-0.008298802814695066
10728,-1.2697209792897146,-0.008298802814695066
10729,-1.2697209897635569,-0.008298802814695066
10730,-1.2697209924990616,-0.008298802814695066
10731,-1.2697210210072774,-0.008298802814695066
10732,-1.2697210407243662,-0.008298802814695066
10733,-1.2697210467125628,-0.008298802814695066
10734,-1.269721101236945,-0.008298802814695066
10735,-1.2697211203158596,-0.008298802814695066
10736,-1.2697211778863866,-0.008298802814695066
10737,-1.2697211814366325,-0.008298802814695066
10738,-1.26972125097773,-0.008298802814695066
10739,-1.2697212604967603,-0.008298802814695066
10740,-1.269721274416609,-0.008298802814695066
10741,-1.2697213030063021,-0.008298802814695066
10742,-1.2697213496558577,-0.008298802814695066
10743,-1.2697213517284416,-0.008298802814695066
10744,-1.269721364995896,-0.008298802814695066
10745,-1.2697213923383086,-0.008298802814695066
10746,-1.2697214180173588,-0.008298802814695066
10747,-1.2697215688288672,-0.008298802814695066
10748,-1.2697215742681778,-0.008298802814695066
10749,-1.2697216526272603,-0.008298802814695066
10750,-1.2697216526918644,-0.008298802814695066
10751,-1.2697216672838194,-0.008298802814695066
10752,-1.2697216773037927,-0.008298802814695066
10753,-1.2697216958306554,-0.008298802814695066
10754,-1.2697217111652865,-0.008298802814695066
10755,-1.2697217217862728,-0.008298802814695066
10756,-1.2697217280004351,-0.008298802814695066
10757,-1.2697217424426193,-0.008298802814695066
10758,-1.2697217905732523,-0.008298802814695066
10759,-1.2697217937729075,-0.008298802814695066
10760,-1.2697218236428955,-0.008298802814695066
10761,-1.2697218319659642,-0.008298802814695066
10762,-1.2697218386873352,-0.008298802814695066
10763,-1.2697218643348709,-0.008298802814695066
10764,-1.269721871171494,-0.008298802814695066
10765,-1.26972189393612,-0.008298802814695066
10766,-1.2697219352378222,-0.008298802814695066
10767,-1.2697219614243627,-0.008298802814695066
10768,-1.2697219757669607,-0.008298802814695066
10769,-1.26972210409342,-0.008298802814695066
10770,-1.269722113593176,-0.008298802814695066
10771,-1.2697221150869504,-0.008298802814695066
10772,-1.2697221155099112,-0.008298802814695066
10773,-1.2697221351054977,-0.008298802814695066
10774,-1.2697221796139795,-0.008298802814695066
10775,-1.2697222392494367,-0.008298802814695066
10776,-1.2697222884470396,-0.008298802814695066
10777,-1.2697222984800083,-0.008298802814695066
10778,-1.2697223528851957,-0.008298802814695066
10779,-1.2697225105366836,-0.008298802814695066
10780,-1.2697225117051814,-0.008298802814695066
10781,-1.2697226066743552,-0.008298802814695066
10782,-1.2697226399806916,-0.008298802814695066
10783,-1.2697226403500903,-0.008298802814695066
10784,-1.2697226597498814,-0.008298802814695066
10785,-1.2697226609407837,-0.008298802814695066
10786,-1.2697226996187658,-0.008298802814695066
10787,-1.2697227706492278,-0.008298802814695066
10788,-1.2697227977459669,-0.008298802814695066
10789,-1.2697228423624258,-0.008298802814695066
10790,-1.269722848228669,-0.008298802814695066
10791,-1.2697228906870501,-0.008298802814695066
10792,-1.269722895475935,-0.008298802814695066
10793,-1.2697229281738485,-0.008298802814695066
10794,-1.2697229335595992,-0.008298802814695066
10795,-1.2697229578797484,-0.008298802814695066
10796,-1.2697229636794605,-0.008298802814695066
10797,-1.2697230127855184,-0.008298802814695066
10798,-1.2697230374653181,-0.008298802814695066
10799,-1.2697230577491192,-0.008298802814695066
10800,-1.2697230748877226,-0.008298802814695066
10801,-1.2697230780276265,-0.008298802814695066
10802,-1.2697231011102859,-0.008298802814695066
10803,-1.2697231175261936,-0.008298802814695066
10804,-1.269723127240683,-0.008298802814695066
10805,-1.2697231394640853,-0.008298802814695066
10806,-1.2697231471682227,-0.008298802814695066
10807,-1.269723155835174,-0.008298802814695066
10808,-1.2697231960604254,-0.008298802814695066
10809,-1.2697232104890743,-0.008298802814695066
10810,-1.269723235221022,-0.008298802814695066
10811,-1.2697232368701408,-0.008298802814695066
10812,-1.2697232471871893,-0.008298802814695066
10813,-1.2697232536651268,-0.008298802814695066
10814,-1.2697233242860317,-0.008298802814695066
10815,-1.269723339528896,-0.008298802814695066
10816,-1.2697233492562088,-0.008298802814695066
10817,-1.2697233882410504,-0.008298802814695066
10818,-1.269723393940315,-0.008298802814695066
10819,-1.269723405835408,-0.008298802814695066
10820,-1.269723432823055,-0.008298802814695066
10821,-1.2697234339456867,-0.008298802814695066
10822,-1.2697234809336608,-0.008298802814695066
10823,-1.2697235011680887,-0.008298802814695066
10824,-1.2697235445918122,-0.008298802814695066
10825,-1.2697235493911436,-0.008298802814695066
10826,-1.2697236028082344,-0.008298802814695066
10827,-1.2697236067524185,-0.008298802814695066
10828,-1.2697236181728384,-0.008298802814695066
10829,-1.2697236224195978,-0.008298802814695066
10830,-1.2697236268701784,-0.008298802814695066
10831,-1.2697236934122487,-0.008298802814695066
10832,-1.269723693444992,-0.008298802814695066
10833,-1.2697237133918993,-0.008298802814695066
10834,-1.2697238614691067,-0.008298802814695066
10835,-1.2697239143218453,-0.008298802814695066
10836,-1.2697239143471444,-0.008298802814695066
10837,-1.2697239421160578,-0.008298802814695066
10838,-1.2697239502585476,-0.008298802814695066
10839,-1.2697239687867685,-0.008298802814695066
10840,-1.2697239805522844,-0.008298802814695066
10841,-1.2697239980729524,-0.008298802814695066
10842,-1.2697240140509087,-0.008298802814695066
10843,-1.2697240472744427,-0.008298802814695066
10844,-1.2697240618537564,-0.008298802814695066
10845,-1.2697241759626985,-0.008298802814695066
10846,-1.2697242772220272,-0.008298802814695066
10847,-1.269724308301695,-0.008298802814695066
10848,-1.2697243614256477,-0.008298802814695066
10849,-1.2697243693238032,-0.008298802814695066
10850,-1.2697243743409699,-0.008298802814695066
10851,-1.269724402707774,-0.008298802814695066
10852,-1.2697244310103408,-0.008298802814695066
10853,-1.2697244439917195,-0.008298802814695066
10854,-1.2697244520290027,-0.008298802814695066
10855,-1.2697244555506089,-0.008298802814695066
10856,-1.2697244646915258,-0.008298802814695066
10857,-1.2697244717143292,-0.008298802814695066
10858,-1.2697244815608217,-0.008298802814695066
10859,-1.2697244967842747,-0.008298802814695066
10860,-1.269724499681081,-0.008298802814695066
10861,-1.2697245025578758,-0.008298802814695066
10862,-1.2697245260887826,-0.008298802814695066
10863,-1.2697245334909755,-0.008298802814695066
10864,-1.2697245771124093,-0.008298802814695066
10865,-1.2697245797471814,-0.008298802814695066
10866,-1.2697245890087752,-0.008298802814695066
10867,-1.2697246047226138,-0.008298802814695066
10868,-1.269724606988713,-0.008298802814695066
10869,-1.2697246130842537,-0.008298802814695066
10870,-1.2697246805914437,-0.008298802814695066
10871,-1.2697247123627786,-0.008298802814695066
10872,-1.2697247287348428,-0.008298802814695066
10873,-1.269724751408613,-0.008298802814695066
10874,-1.2697248058033637,-0.008298802814695066
10875,-1.2697248478185983,-0.008298802814695066
10876,-1.2697248482758905,-0.008298802814695066
10877,-1.2697248757272368,-0.008298802814695066
10878,-1.2697249353756392,-0.008298802814695066
10879,-1.2697249726756037,-0.008298802814695066
10880,-1.269724974872387,-0.008298802814695066
10881,-1.2697250427899074,-0.008298802814695066
10882,-1.2697250970083584,-0.008298802814695066
10883,-1.2697251024037361,-0.008298802814695066
10884,-1.269725164140088,-0.008298802814695066
10885,-1.2697251952038062,-0.008298802814695066
10886,-1.2697252223962125,-0.008298802814695066
10887,-1.2697252273298834,-0.008298802814695066
10888,-1.2697252477199672,-0.008298802814695066
10889,-1.2697252789360756,-0.008298802814695066
10890,-1.2697253672225053,-0.008298802814695066
10891,-1.2697254552246588,-0.008298802814695066
10892,-1.2697254858440088,-0.008298802814695066
10893,-1.2697254873485098,-0.008298802814695066
10894,-1.2697255074565694,-0.008298802814695066
10895,-1.2697255405690875,-0.008298802814695066
10896,-1.2697255425506997,-0.008298802814695066
10897,-1.2697255687416695,-0.008298802814695066
10898,-1.2697255814349806,-0.008298802814695066
10899,-1.2697255906651326,-0.008298802814695066
10900,-1.2697256070919758,-0.008298802814695066
10901,-1.2697256675191868,-0.008298802814695066
10902,-1.2697256748816756,-0.008298802814695066
10903,-1.2697256933764258,-0.008298802814695066
10904,-1.2697256954939489,-0.008298802814695066
10905,-1.2697256979399576,-0.008298802814695066
10906,-1.2697257008044258,-0.008298802814695066
10907,-1.2697257038746548,-0.008298802814695066
10908,-1.2697257465627936,-0.008298802814695066
10909,-1.2697257494907268,-0.008298802814695066
10910,-1.2697257596370415,-0.008298802814695066
10911,-1.2697257751081286,-0.008298802814695066
10912,-1.269725873814688,-0.008298802814695066
10913,-1.2697258758230916,-0.008298802814695066
10914,-1.2697258816088728,-0.008298802814695066
10915,-1.2697258953448232,-0.008298802814695066
10916,-1.2697258988630038,-0.008298802814695066
10917,-1.2697259061712327,-0.008298802814695066
10918,-1.2697259103371372,-0.008298802814695066
10919,-1.2697259140165034,-0.008298802814695066
10920,-1.2697259355488528,-0.008298802814695066
10921,-1.2697259374329959,-0.008298802814695066
10922,-1.269725951570503,-0.008298802814695066
10923,-1.2697259703904882,-0.008298802814695066
10924,-1.2697259724943932,-0.008298802814695066
10925,-1.2697259969548098,-0.008298802814695066
10926,-1.2697260130184453,-0.008298802814695066
10927,-1.2697260479471633,-0.008298802814695066
10928,-1.2697260557269836,-0.008298802814695066
10929,-1.2697260560101524,-0.008298802814695066
10930,-1.2697260581041276,-0.008298802814695066
10931,-1.2697260621612358,-0.008298802814695066
10932,-1.2697260742645846,-0.008298802814695066
10933,-1.2697260773574255,-0.008298802814695066
10934,-1.269726078315328,-0.008298802814695066
10935,-1.2697260934344032,-0.008298802814695066
10936,-1.269726112263734,-0.008298802814695066
10937,-1.2697261517117306,-0.008298802814695066
10938,-1.26972616533134,-0.008298802814695066
10939,-1.2697262269193847,-0.008298802814695066
10940,-1.269726246624215,-0.008298802814695066
10941,-1.269726252576351,-0.008298802814695066
10942,-1.2697262548195312,-0.008298802814695066
10943,-1.2697262812247985,-0.008298802814695066
10944,-1.269726281273979,-0.008298802814695066
10945,-1.269726312148849,-0.008298802814695066
10946,-1.2697263138484929,-0.008298802814695066
10947,-1.2697264292604342,-0.008298802814695066
10948,-1.2697264387813822,-0.008298802814695066
10949,-1.2697264634533978,-0.008298802814695066
10950,-1.2697265475773207,-0.008298802814695066
10951,-1.2697265582191892,-0.008298802814695066
10952,-1.2697265644788307,-0.008298802814695066
10953,-1.269726578497297,-0.008298802814695066
10954,-1.2697265827231818,-0.008298802814695066
10955,-1.2697266121953366,-0.008298802814695066
10956,-1.2697267159409122,-0.008298802814695066
10957,-1.2697267234697822,-0.008298802814695066
10958,-1.2697267804233079,-0.008298802814695066
10959,-1.269726791844187,-0.008298802814695066
10960,-1.2697268046060086,-0.008298802814695066
10961,-1.2697268070022634,-0.008298802814695066
10962,-1.2697268124559016,-0.008298802814695066
10963,-1.269726813334921,-0.008298802814695066
10964,-1.2697268177973868,-0.008298802814695066
10965,-1.2697268322922564,-0.008298802814695066
10966,-1.2697268418400793,-0.008298802814695066
10967,-1.269726847696099,-0.008298802814695066
10968,-1.2697268714321515,-0.008298802814695066
10969,-1.2697268867686298,-0.008298802814695066
10970,-1.2697268897708556,-0.008298802814695066
10971,-1.2697269313027397,-0.008298802814695066
10972,-1.2697269635347448,-0.008298802814695066
10973,-1.2697269654227517,-0.008298802814695066
10974,-1.2697269931775343,-0.008298802814695066
10975,-1.2697270198249762,-0.008298802814695066
10976,-1.2697270337542144,-0.008298802814695066
10977,-1.2697270827704705,-0.008298802814695066
10978,-1.269727088992855,-0.008298802814695066
10979,-1.2697271329089328,-0.008298802814695066
10980,-1.269727138316927,-0.008298802814695066
10981,-1.269727149216341,-0.008298802814695066
10982,-1.2697271701838662,-0.008298802814695066
10983,-1.269727198232926,-0.008298802814695066
10984,-1.2697272107629933,-0.008298802814695066
10985,-1.2697272507020256,-0.008298802814695066
10986,-1.2697272937651956,-0.008298802814695066
10987,-1.269727303264704,-0.008298802814695066
10988,-1.2697273102042428,-0.008298802814695066
10989,-1.269727317530739,-0.008298802814695066
10990,-1.2697273254825336,-0.008298802814695066
10991,-1.2697274890929933,-0.008298802814695066
10992,-1.2697275064126823,-0.008298802814695066
10993,-1.2697275532969248,-0.008298802814695066
10994,-1.2697276141050495,-0.008298802814695066
10995,-1.2697277155268505,-0.008298802814695066
10996,-1.2697277178549338,-0.008298802814695066
10997,-1.2697277386592982,-0.008298802814695066
10998,-1.269727754138156,-0.008298802814695066
10999,-1.2697278030682289,-0.008298802814695066
11000,-1.2697278403134389,-0.008298802814695066
11001,-1.2697278653393718,-0.008298802814695066
11002,-1.2697279684972065,-0.008298802814695066
11003,-1.269727974992766,-0.008298802814695066
11004,-1.2697279753571586,-0.008298802814695066
11005,-1.2697280102304598,-0.008298802814695066
11006,-1.2697280543489997,-0.008298802814695066
11007,-1.2697280592694171,-0.008298802814695066
11008,-1.269728083822823,-0.008298802814695066
11009,-1.2697281124229265,-0.008298802814695066
11010,-1.269728148944668,-0.008298802814695066
11011,-1.2697281601534443,-0.008298802814695066
11012,-1.2697281611522064,-0.008298802814695066
11013,-1.2697281851722946,-0.008298802814695066
11014,-1.2697281965649132,-0.008298802814695066
11015,-1.2697281976795987,-0.008298802814695066
11016,-1.269728213828198,-0.008298802814695066
11017,-1.2697282332442859,-0.008298802814695066
11018,-1.2697282825728848,-0.008298802814695066
11019,-1.269728289614131,-0.008298802814695066
11020,-1.2697282921188733,-0.008298802814695066
11021,-1.2697283128589967,-0.008298802814695066
11022,-1.269728386748903,-0.008298802814695066
11023,-1.269728415123403,-0.008298802814695066
11024,-1.269728423102865,-0.008298802814695066
11025,-1.2697284280438257,-0.008298802814695066
11026,-1.2697284285130828,-0.008298802814695066
11027,-1.2697284450443427,-0.008298802814695066
11028,-1.2697284458159965,-0.008298802814695066
11029,-1.2697284543018164,-0.008298802814695066
11030,-1.2697284725936475,-0.008298802814695066
11031,-1.2697284735789327,-0.008298802814695066
11032,-1.2697284882635311,-0.008298802814695066
11033,-1.2697285121312039,-0.008298802814695066
11034,-1.2697285126497606,-0.008298802814695066
11035,-1.2697285153587805,-0.008298802814695066
11036,-1.2697285476559201,-0.008298802814695066
11037,-1.2697285501240387,-0.008298802814695066
11038,-1.2697285582154791,-0.008298802814695066
11039,-1.2697285971839005,-0.008298802814695066
11040,-1.269728623206056,-0.008298802814695066
11041,-1.2697286292065226,-0.008298802814695066
11042,-1.26972862957422,-0.008298802814695066
11043,-1.2697286453673176,-0.008298802814695066
11044,-1.2697286561736356,-0.008298802814695066
11045,-1.2697286612587155,-0.008298802814695066
11046,-1.269728665774367,-0.008298802814695066
11047,-1.2697286924019668,-0.008298802814695066
11048,-1.2697286933832443,-0.008298802814695066
11049,-1.2697287106965527,-0.008298802814695066
11050,-1.2697287200274872,-0.008298802814695066
11051,-1.2697287274821714,-0.008298802814695066
11052,-1.2697287443934868,-0.008298802814695066
11053,-1.2697287568606561,-0.008298802814695066
11054,-1.2697287612245383,-0.008298802814695066
11055,-1.2697287783276492,-0.008298802814695066
11056,-1.269728799500244,-0.008298802814695066
11057,-1.2697288195645284,-0.008298802814695066
11058,-1.2697288232399746,-0.008298802814695066
11059,-1.2697288334821701,-0.008298802814695066
11060,-1.2697288379430687,-0.008298802814695066
11061,-1.269728864663153,-0.008298802814695066
11062,-1.269728896742665,-0.008298802814695066
11063,-1.2697289247700274,-0.008298802814695066
11064,-1.2697289639818785,-0.008298802814695066
11065,-1.2697289718412708,-0.008298802814695066
11066,-1.269728972712025,-0.008298802814695066
11067,-1.2697289813016035,-0.008298802814695066
11068,-1.2697289891421801,-0.008298802814695066
11069,-1.2697290092943438,-0.008298802814695066
11070,-1.2697290382940907,-0.008298802814695066
11071,-1.2697290534050838,-0.008298802814695066
11072,-1.2697290548867626,-0.008298802814695066
11073,-1.2697290593985124,-0.008298802814695066
11074,-1.269729061037808,-0.008298802814695066
11075,-1.2697290928687988,-0.008298802814695066
11076,-1.2697291006951685,-0.008298802814695066
11077,-1.2697291365783903,-0.008298802814695066
11078,-1.2697291425312398,-0.008298802814695066
11079,-1.2697291431575384,-0.008298802814695066
11080,-1.2697291489837446,-0.008298802814695066
11081,-1.2697291557173171,-0.008298802814695066
11082,-1.2697291601883154,-0.008298802814695066
11083,-1.2697291883649746,-0.008298802814695066
11084,-1.2697291902204968,-0.008298802814695066
11085,-1.2697291944342552,-0.008298802814695066
11086,-1.2697292072037647,-0.008298802814695066
11087,-1.269729213118642,-0.008298802814695066
11088,-1.26972921601896,-0.008298802814695066
11089,-1.2697292480883537,-0.008298802814695066
11090,-1.2697293175030255,-0.008298802814695066
11091,-1.2697293247920183,-0.008298802814695066
11092,-1.269729365199679,-0.008298802814695066
11093,-1.269729368724936,-0.008298802814695066
11094,-1.2697293700159262,-0.008298802814695066
11095,-1.2697293855779084,-0.008298802814695066
11096,-1.2697293995462702,-0.008298802814695066
11097,-1.2697294252988252,-0.008298802814695066
11098,-1.2697294332948657,-0.008298802814695066
11099,-1.2697294603267628,-0.008298802814695066
11100,-1.2697294920868005,-0.008298802814695066
11101,-1.2697295213586814,-0.008298802814695066
11102,-1.2697295296315172,-0.008298802814695066
11103,-1.2697295333591674,-0.008298802814695066
11104,-1.2697296221067085,-0.008298802814695066
11105,-1.2697296297158014,-0.008298802814695066
11106,-1.2697296867817423,-0.008298802814695066
11107,-1.2697297053974674,-0.008298802814695066
11108,-1.2697297157507543,-0.008298802814695066
11109,-1.269729728496619,-0.008298802814695066
11110,-1.2697297331043484,-0.008298802814695066
11111,-1.2697297339651619,-0.008298802814695066
11112,-1.26972975030492,-0.008298802814695066
11113,-1.269729751938675,-0.008298802814695066
11114,-1.2697297585889864,-0.008298802814695066
11115,-1.2697297665008807,-0.008298802814695066
11116,-1.2697297678247188,-0.008298802814695066
11117,-1.2697297704497865,-0.008298802814695066
11118,-1.2697297922258088,-0.008298802814695066
11119,-1.269729805591767,-0.008298802814695066
11120,-1.2697298209235839,-0.008298802814695066
11121,-1.2697298334772702,-0.008298802814695066
11122,-1.2697298490831652,-0.008298802814695066
11123,-1.269729870967808,-0.008298802814695066
11124,-1.2697299377850653,-0.008298802814695066
11125,-1.269729974756703,-0.008298802814695066
11126,-1.2697299872149528,-0.008298802814695066
11127,-1.269730003708422,-0.008298802814695066
11128,-1.269730005683782,-0.008298802814695066
11129,-1.2697300268257814,-0.008298802814695066
11130,-1.2697300271848848,-0.008298802814695066
11131,-1.2697300386797727,-0.008298802814695066
11132,-1.269730046038218,-0.008298802814695066
11133,-1.2697300528559263,-0.008298802814695066
11134,-1.2697300575224213,-0.008298802814695066
11135,-1.2697300614100229,-0.008298802814695066
11136,-1.26973006223156,-0.008298802814695066
11137,-1.2697300686949522,-0.008298802814695066
11138,-1.2697300746475062,-0.008298802814695066
11139,-1.2697300861315235,-0.008298802814695066
11140,-1.269730090214112,-0.008298802814695066
11141,-1.2697300921402843,-0.008298802814695066
11142,-1.2697300999676013,-0.008298802814695066
11143,-1.2697301015464866,-0.008298802814695066
11144,-1.2697301035710589,-0.008298802814695066
11145,-1.269730117053057,-0.008298802814695066
11146,-1.269730125488434,-0.008298802814695066
11147,-1.2697301418190214,-0.008298802814695066
11148,-1.2697302423837138,-0.008298802814695066
11149,-1.2697302457762394,-0.008298802814695066
11150,-1.2697302622828952,-0.008298802814695066
11151,-1.2697303219337257,-0.008298802814695066
11152,-1.2697303246994232,-0.008298802814695066
11153,-1.2697303284246084,-0.008298802814695066
11154,-1.2697303319671422,-0.008298802814695066
11155,-1.2697303400324527,-0.008298802814695066
11156,-1.2697303401078388,-0.008298802814695066
11157,-1.269730354784548,-0.008298802814695066
11158,-1.269730380425659,-0.008298802814695066
11159,-1.269730398709503,-0.008298802814695066
11160,-1.2697303997342515,-0.008298802814695066
11161,-1.2697304181113072,-0.008298802814695066
11162,-1.2697304199052104,-0.008298802814695066
11163,-1.269730432011004,-0.008298802814695066
11164,-1.2697304592060912,-0.008298802814695066
11165,-1.26973046197058,-0.008298802814695066
11166,-1.269730468352055,-0.008298802814695066
11167,-1.2697304742749327,-0.008298802814695066
11168,-1.2697304759636465,-0.008298802814695066
11169,-1.2697304947748735,-0.008298802814695066
11170,-1.2697305078281496,-0.008298802814695066
11171,-1.2697305079544836,-0.008298802814695066
11172,-1.2697305818293936,-0.008298802814695066
11173,-1.2697305858381802,-0.008298802814695066
11174,-1.2697305914268757,-0.008298802814695066
11175,-1.2697305954138924,-0.008298802814695066
11176,-1.269730595759912,-0.008298802814695066
11177,-1.2697306162022295,-0.008298802814695066
11178,-1.2697306165219882,-0.008298802814695066
11179,-1.2697306675600677,-0.008298802814695066
11180,-1.2697307341202844,-0.008298802814695066
11181,-1.2697307772514443,-0.008298802814695066
11182,-1.2697307853201543,-0.008298802814695066
11183,-1.2697307968995581,-0.008298802814695066
11184,-1.2697308224877077,-0.008298802814695066
11185,-1.2697308358487567,-0.008298802814695066
11186,-1.2697308369006124,-0.008298802814695066
11187,-1.2697308498475404,-0.008298802814695066
11188,-1.2697308568145946,-0.008298802814695066
11189,-1.2697308708133814,-0.008298802814695066
11190,-1.2697309062366426,-0.008298802814695066
11191,-1.2697309080285601,-0.008298802814695066
11192,-1.269730918241589,-0.008298802814695066
11193,-1.2697309203016656,-0.008298802814695066
11194,-1.2697309216285488,-0.008298802814695066
11195,-1.269730942628882,-0.008298802814695066
11196,-1.2697309448745826,-0.008298802814695066
11197,-1.269730954278673,-0.008298802814695066
11198,-1.2697309570366575,-0.008298802814695066
11199,-1.269730969407651,-0.008298802814695066
11200,-1.2697310017230672,-0.008298802814695066
11201,-1.2697310113397116,-0.008298802814695066
11202,-1.269731020953908,-0.008298802814695066
11203,-1.2697310555848285,-0.008298802814695066
11204,-1.2697311023774596,-0.008298802814695066
11205,-1.269731123228491,-0.008298802814695066
11206,-1.2697311418896517,-0.008298802814695066
11207,-1.269731143073864,-0.008298802814695066
11208,-1.2697311449061321,-0.008298802814695066
11209,-1.2697311609915674,-0.008298802814695066
11210,-1.2697311823404736,-0.008298802814695066
11211,-1.2697311872330719,-0.008298802814695066
11212,-1.269731203292527,-0.008298802814695066
11213,-1.269731219281503,-0.008298802814695066
11214,-1.2697312497143058,-0.008298802814695066
11215,-1.2697312547623125,-0.008298802814695066
11216,-1.269731283519394,-0.008298802814695066
11217,-1.2697312892494614,-0.008298802814695066
11218,-1.2697312969227263,-0.008298802814695066
11219,-1.2697313069417724,-0.008298802814695066
11220,-1.2697313233045278,-0.008298802814695066
11221,-1.2697313502933283,-0.008298802814695066
11222,-1.2697313697748096,-0.008298802814695066
11223,-1.2697313905311192,-0.008298802814695066
11224,-1.2697314065866592,-0.008298802814695066
11225,-1.2697314121351817,-0.008298802814695066
11226,-1.2697314430049598,-0.008298802814695066
11227,-1.2697314539406175,-0.008298802814695066
11228,-1.2697314820264027,-0.008298802814695066
11229,-1.269731483350987,-0.008298802814695066
11230,-1.2697314853864674,-0.008298802814695066
11231,-1.2697314928156704,-0.008298802814695066
11232,-1.2697314956809231,-0.008298802814695066
11233,-1.26973150379693,-0.008298802814695066
11234,-1.269731509396313,-0.008298802814695066
11235,-1.2697315245450331,-0.008298802814695066
11236,-1.2697315570502536,-0.008298802814695066
11237,-1.2697315775791895,-0.008298802814695066
11238,-1.2697315850606687,-0.008298802814695066
11239,-1.269731589482161,-0.008298802814695066
11240,-1.2697316602189672,-0.008298802814695066
11241,-1.2697316611244838,-0.008298802814695066
11242,-1.2697316861904206,-0.008298802814695066
11243,-1.2697316908663643,-0.008298802814695066
11244,-1.2697316964338008,-0.008298802814695066
11245,-1.2697317138381947,-0.008298802814695066
11246,-1.269731725812715,-0.008298802814695066
11247,-1.2697317474811882,-0.008298802814695066
11248,-1.2697317502477534,-0.008298802814695066
11249,-1.2697317626210238,-0.008298802814695066
11250,-1.2697317631874283,-0.008298802814695066
11251,-1.2697317728734103,-0.008298802814695066
11252,-1.269731819351297,-0.008298802814695066
11253,-1.2697318286352153,-0.008298802814695066
11254,-1.269731838759393,-0.008298802814695066
11255,-1.2697318532110282,-0.008298802814695066
11256,-1.2697318551780903,-0.008298802814695066
11257,-1.2697318585299366,-0.008298802814695066
11258,-1.2697318650241618,-0.008298802814695066
11259,-1.2697319302650603,-0.008298802814695066
11260,-1.2697319504021607,-0.008298802814695066
11261,-1.2697319672145526,-0.008298802814695066
11262,-1.2697319766143584,-0.008298802814695066
11263,-1.2697319878623683,-0.008298802814695066
11264,-1.2697319922147026,-0.008298802814695066
11265,-1.2697319956348039,-0.008298802814695066
11266,-1.2697319960220972,-0.008298802814695066
11267,-1.2697320327535742,-0.008298802814695066
11268,-1.2697320507933005,-0.008298802814695066
11269,-1.269732059952998,-0.008298802814695066
11270,-1.2697320738689637,-0.008298802814695066
11271,-1.2697320824397385,-0.008298802814695066
11272,-1.2697321099763637,-0.008298802814695066
11273,-1.2697321249973326,-0.008298802814695066
11274,-1.2697321265494335,-0.008298802814695066
11275,-1.2697321307586273,-0.008298802814695066
11276,-1.2697321489398068,-0.008298802814695066
11277,-1.2697321619762496,-0.008298802814695066
11278,-1.2697321662158132,-0.008298802814695066
11279,-1.2697321792960297,-0.008298802814695066
11280,-1.2697322166694196,-0.008298802814695066
11281,-1.2697322417067103,-0.008298802814695066
11282,-1.2697322458173648,-0.008298802814695066
11283,-1.269732250235796,-0.008298802814695066
11284,-1.2697322568825242,-0.008298802814695066
11285,-1.2697322739779062,-0.008298802814695066
11286,-1.2697322807717086,-0.008298802814695066
11287,-1.2697322859498197,-0.008298802814695066
11288,-1.269732291771029,-0.008298802814695066
11289,-1.2697323763677923,-0.008298802814695066
11290,-1.269732385607384,-0.008298802814695066
11291,-1.2697323912887994,-0.008298802814695066
11292,-1.2697324146483142,-0.008298802814695066
11293,-1.2697324161637393,-0.008298802814695066
11294,-1.269732416204258,-0.008298802814695066
11295,-1.2697324247661763,-0.008298802814695066
11296,-1.2697324279344797,-0.008298802814695066
11297,-1.2697324452480567,-0.008298802814695066
11298,-1.2697324457060506,-0.008298802814695066
11299,-1.2697324556642497,-0.008298802814695066
11300,-1.2697324573159685,-0.008298802814695066
11301,-1.2697325082914022,-0.008298802814695066
11302,-1.2697325225377767,-0.008298802814695066
11303,-1.2697325505083632,-0.008298802814695066
11304,-1.2697325643528354,-0.008298802814695066
11305,-1.269732578163403,-0.008298802814695066
11306,-1.2697325955031573,-0.008298802814695066
11307,-1.2697326069359711,-0.008298802814695066
11308,-1.269732606991619,-0.008298802814695066
11309,-1.269732621127591,-0.008298802814695066
11310,-1.2697326264755218,-0.008298802814695066
11311,-1.2697326438461396,-0.008298802814695066
11312,-1.2697326497263866,-0.008298802814695066
11313,-1.2697326529625905,-0.008298802814695066
11314,-1.2697326566019165,-0.008298802814695066
11315,-1.2697326778638347,-0.008298802814695066
11316,-1.2697326789964443,-0.008298802814695066
11317,-1.2697326942757405,-0.008298802814695066
11318,-1.2697327276134578,-0.008298802814695066
11319,-1.2697327368111737,-0.008298802814695066
11320,-1.2697327381161065,-0.008298802814695066
11321,-1.269732788122376,-0.008298802814695066
11322,-1.269732790208984,-0.008298802814695066
11323,-1.2697327988447822,-0.008298802814695066
11324,-1.269732812793388,-0.008298802814695066
11325,-1.269732838730013,-0.008298802814695066
11326,-1.2697328412165076,-0.008298802814695066
11327,-1.269732855944564,-0.008298802814695066
11328,-1.26973286818386,-0.008298802814695066
11329,-1.2697328782023318,-0.008298802814695066
11330,-1.2697328910275494,-0.008298802814695066
11331,-1.2697328931424672,-0.008298802814695066
11332,-1.2697329138081632,-0.008298802814695066
11333,-1.2697329190977134,-0.008298802814695066
11334,-1.2697329525019838,-0.008298802814695066
11335,-1.2697329644508664,-0.008298802814695066
11336,-1.269732972253971,-0.008298802814695066
11337,-1.2697329776542592,-0.008298802814695066
11338,-1.2697329975917395,-0.008298802814695066
11339,-1.269733002274342,-0.008298802814695066
11340,-1.26973301990707,-0.008298802814695066
11341,-1.2697330319204905,-0.008298802814695066
11342,-1.2697330367509196,-0.008298802814695066
11343,-1.2697330523403152,-0.008298802814695066
11344,-1.2697330615347397,-0.008298802814695066
11345,-1.2697331210601557,-0.008298802814695066
11346,-1.2697331405000116,-0.008298802814695066
11347,-1.26973314795239,-0.008298802814695066
11348,-1.2697331594405168,-0.008298802814695066
11349,-1.2697331798066034,-0.008298802814695066
11350,-1.2697331914927086,-0.008298802814695066
11351,-1.269733200908325,-0.008298802814695066
11352,-1.269733228835574,-0.008298802814695066
11353,-1.269733231432028,-0.008298802814695066
11354,-1.2697332320167556,-0.008298802814695066
11355,-1.2697332387571891,-0.008298802814695066
11356,-1.2697332480641248,-0.008298802814695066
11357,-1.2697332541565045,-0.008298802814695066
11358,-1.2697332637589318,-0.008298802814695066
11359,-1.2697332802454344,-0.008298802814695066
11360,-1.269733291283102,-0.008298802814695066
11361,-1.2697332921083189,-0.008298802814695066
11362,-1.2697333118691825,-0.008298802814695066
11363,-1.269733334992857,-0.008298802814695066
11364,-1.2697333478071493,-0.008298802814695066
11365,-1.269733355169576,-0.008298802814695066
11366,-1.269733370877841,-0.008298802814695066
11367,-1.2697333732712424,-0.008298802814695066
11368,-1.2697333817002812,-0.008298802814695066
11369,-1.2697333914141287,-0.008298802814695066
11370,-1.269733413068946,-0.008298802814695066
11371,-1.269733422742452,-0.008298802814695066
11372,-1.2697334404490443,-0.008298802814695066
11373,-1.26973344956014,-0.008298802814695066
11374,-1.2697334533361953,-0.008298802814695066
11375,-1.269733462109871,-0.008298802814695066
11376,-1.2697334709786796,-0.008298802814695066
11377,-1.2697334908840627,-0.008298802814695066
11378,-1.2697335038771231,-0.008298802814695066
11379,-1.26973350463632,-0.008298802814695066
11380,-1.2697335067672084,-0.008298802814695066
11381,-1.2697335174309414,-0.008298802814695066
11382,-1.2697335248132142,-0.008298802814695066
11383,-1.269733547801555,-0.008298802814695066
11384,-1.2697335508142336,-0.008298802814695066
11385,-1.269733582171913,-0.008298802814695066
11386,-1.2697335826758906,-0.008298802814695066
11387,-1.2697335838179575,-0.008298802814695066
11388,-1.2697335957122833,-0.008298802814695066
11389,-1.2697336016942662,-0.008298802814695066
11390,-1.2697336142888185,-0.008298802814695066
11391,-1.269733622467248,-0.008298802814695066
11392,-1.2697336518240974,-0.008298802814695066
11393,-1.2697336568686972,-0.008298802814695066
11394,-1.2697336625312232,-0.008298802814695066
11395,-1.2697336672785882,-0.008298802814695066
11396,-1.2697336754835473,-0.008298802814695066
11397,-1.2697336790327698,-0.008298802814695066
11398,-1.269733686735832,-0.008298802814695066
11399,-1.2697337004339613,-0.008298802814695066
11400,-1.2697337168318406,-0.008298802814695066
11401,-1.2697337205726607,-0.008298802814695066
11402,-1.269733721275975,-0.008298802814695066
11403,-1.269733729723308,-0.008298802814695066
11404,-1.2697337383068614,-0.008298802814695066
11405,-1.2697337629273626,-0.008298802814695066
11406,-1.2697338049859426,-0.008298802814695066
11407,-1.2697338221111245,-0.008298802814695066
11408,-1.269733830253675,-0.008298802814695066
11409,-1.269733834103532,-0.008298802814695066
11410,-1.269733853544769,-0.008298802814695066
11411,-1.2697338548494574,-0.008298802814695066
11412,-1.269733857750881,-0.008298802814695066
11413,-1.2697338807564218,-0.008298802814695066
11414,-1.269733880840623,-0.008298802814695066
11415,-1.2697338876750264,-0.008298802814695066
11416,-1.2697338929142488,-0.008298802814695066
11417,-1.2697338947563863,-0.008298802814695066
11418,-1.269733902861483,-0.008298802814695066
11419,-1.2697339046354146,-0.008298802814695066
11420,-1.2697339096810956,-0.008298802814695066
11421,-1.2697339203274756,-0.008298802814695066
11422,-1.269733922488009,-0.008298802814695066
11423,-1.2697339452032854,-0.008298802814695066
11424,-1.2697339620308492,-0.008298802814695066
11425,-1.269733963930596,-0.008298802814695066
11426,-1.2697339715949916,-0.008298802814695066
11427,-1.2697339753171097,-0.008298802814695066
11428,-1.2697339774098766,-0.008298802814695066
11429,-1.2697339804108954,-0.008298802814695066
11430,-1.2697339838896986,-0.008298802814695066
11431,-1.2697339935946879,-0.008298802814695066
11432,-1.2697340026573405,-0.008298802814695066
11433,-1.2697340052543127,-0.008298802814695066
11434,-1.26973402672595,-0.008298802814695066
11435,-1.2697340312473075,-0.008298802814695066
11436,-1.269734041344833,-0.008298802814695066
11437,-1.2697340473490597,-0.008298802814695066
11438,-1.269734048955124,-0.008298802814695066
11439,-1.26973405343717,-0.008298802814695066
11440,-1.2697340589223143,-0.008298802814695066
11441,-1.2697340807627617,-0.008298802814695066
11442,-1.2697341005515321,-0.008298802814695066
11443,-1.2697341127242998,-0.008298802814695066
11444,-1.2697341175590953,-0.008298802814695066
11445,-1.2697341264611808,-0.008298802814695066
11446,-1.2697341265754147,-0.008298802814695066
11447,-1.2697341299763398,-0.008298802814695066
11448,-1.2697341308316266,-0.008298802814695066
11449,-1.269734132508562,-0.008298802814695066
11450,-1.2697341460525406,-0.008298802814695066
11451,-1.2697341616298266,-0.008298802814695066
11452,-1.2697341729334157,-0.008298802814695066
11453,-1.2697342090248005,-0.008298802814695066
11454,-1.2697342191302619,-0.008298802814695066
11455,-1.2697342234237718,-0.008298802814695066
11456,-1.2697342272068943,-0.008298802814695066
11457,-1.2697342375854652,-0.008298802814695066
11458,-1.2697342375961278,-0.008298802814695066
11459,-1.269734275543433,-0.008298802814695066
11460,-1.2697342775817972,-0.008298802814695066
11461,-1.2697342898286639,-0.008298802814695066
11462,-1.2697342955481492,-0.008298802814695066
11463,-1.2697343100437886,-0.008298802814695066
11464,-1.2697343115128064,-0.008298802814695066
11465,-1.2697343238851673,-0.008298802814695066
11466,-1.2697343366499831,-0.008298802814695066
11467,-1.2697343429483205,-0.008298802814695066
11468,-1.2697343541213892,-0.008298802814695066
11469,-1.2697343562755588,-0.008298802814695066
11470,-1.2697343677935145,-0.008298802814695066
11471,-1.2697343719257284,-0.008298802814695066
11472,-1.2697343956474032,-0.008298802814695066
11473,-1.2697344019149017,-0.008298802814695066
11474,-1.269734418593836,-0.008298802814695066
11475,-1.2697344198851832,-0.008298802814695066
11476,-1.269734427619842,-0.008298802814695066
11477,-1.2697344430852162,-0.008298802814695066
11478,-1.269734445065566,-0.008298802814695066
11479,-1.2697344530522483,-0.008298802814695066
11480,-1.269734458138656,-0.008298802814695066
11481,-1.2697344730574784,-0.008298802814695066
11482,-1.2697344758815787,-0.008298802814695066
11483,-1.2697344872852585,-0.008298802814695066
11484,-1.2697344923882636,-0.008298802814695066
11485,-1.26973449670386,-0.008298802814695066
11486,-1.2697345042709784,-0.008298802814695066
11487,-1.2697345058009228,-0.008298802814695066
11488,-1.2697345120587007,-0.008298802814695066
11489,-1.2697345302625214,-0.008298802814695066
11490,-1.2697345332750056,-0.008298802814695066
11491,-1.2697345336548997,-0.008298802814695066
11492,-1.2697345508767448,-0.008298802814695066
11493,-1.269734560716706,-0.008298802814695066
11494,-1.269734566155782,-0.008298802814695066
11495,-1.2697345736163446,-0.008298802814695066
11496,-1.2697345777593079,-0.008298802814695066
11497,-1.2697346048876388,-0.008298802814695066
11498,-1.2697346080067706,-0.008298802814695066
11499,-1.269734613039857,-0.008298802814695066
11500,-1.2697346232970634,-0.008298802814695066
11501,-1.2697346241766954,-0.008298802814695066
11502,-1.2697346303798642,-0.008298802814695066
11503,-1.2697346510233705,-0.008298802814695066
11504,-1.2697346723447378,-0.008298802814695066
11505,-1.26973467325778,-0.008298802814695066
11506,-1.2697346782542336,-0.008298802814695066
11507,-1.269734692662124,-0.008298802814695066
11508,-1.2697347023105636,-0.008298802814695066
11509,-1.2697347403516928,-0.008298802814695066
11510,-1.2697347492690618,-0.008298802814695066
11511,-1.2697347506715597,-0.008298802814695066
11512,-1.2697347556972283,-0.008298802814695066
11513,-1.2697347665271632,-0.008298802814695066
11514,-1.2697347763733977,-0.008298802814695066
11515,-1.2697347971745923,-0.008298802814695066
11516,-1.2697348264814778,-0.008298802814695066
11517,-1.269734832395867,-0.008298802814695066
11518,-1.269734833401416,-0.008298802814695066
11519,-1.2697348886837925,-0.008298802814695066
11520,-1.2697348943138993,-0.008298802814695066
11521,-1.2697348950626368,-0.008298802814695066
11522,-1.2697348989857862,-0.008298802814695066
11523,-1.269734918233833,-0.008298802814695066
11524,-1.269734952961293,-0.008298802814695066
11525,-1.2697349720467632,-0.008298802814695066
11526,-1.2697349789300878,-0.008298802814695066
11527,-1.2697349867246077,-0.008298802814695066
11528,-1.269734990499877,-0.008298802814695066
11529,-1.269734995922367,-0.008298802814695066
11530,-1.2697350431034196,-0.008298802814695066
11531,-1.2697350459443617,-0.008298802814695066
11532,-1.2697350490930792,-0.008298802814695066
11533,-1.2697350524379394,-0.008298802814695066
11534,-1.2697350614024085,-0.008298802814695066
11535,-1.2697350639546372,-0.008298802814695066
11536,-1.2697350675586254,-0.008298802814695066
11537,-1.2697350685795703,-0.008298802814695066
11538,-1.269735108494546,-0.008298802814695066
11539,-1.26973512683801,-0.008298802814695066
11540,-1.2697351367211964,-0.008298802814695066
11541,-1.2697351390606084,-0.008298802814695066
11542,-1.2697351501036882,-0.008298802814695066
11543,-1.2697351653488484,-0.008298802814695066
11544,-1.2697351683082043,-0.008298802814695066
11545,-1.2697351727591246,-0.008298802814695066
11546,-1.2697351744277414,-0.008298802814695066
11547,-1.2697351760387725,-0.008298802814695066
11548,-1.2697351972178803,-0.008298802814695066
11549,-1.2697351988692929,-0.008298802814695066
11550,-1.269735199929678,-0.008298802814695066
11551,-1.269735200574409,-0.008298802814695066
11552,-1.2697352165015077,-0.008298802814695066
11553,-1.2697352237298507,-0.008298802814695066
11554,-1.2697352378688784,-0.008298802814695066
11555,-1.2697352420217405,-0.008298802814695066
11556,-1.2697352449037118,-0.008298802814695066
11557,-1.2697352453228987,-0.008298802814695066
11558,-1.2697352611158783,-0.008298802814695066
11559,-1.2697352741958683,-0.008298802814695066
11560,-1.2697352762800964,-0.008298802814695066
11561,-1.2697352786190308,-0.008298802814695066
11562,-1.2697352875704806,-0.008298802814695066
11563,-1.2697353074542002,-0.008298802814695066
11564,-1.2697353078711733,-0.008298802814695066
11565,-1.2697353242830798,-0.008298802814695066
11566,-1.269735331304322,-0.008298802814695066
11567,-1.2697353320995595,-0.008298802814695066
11568,-1.2697353519654264,-0.008298802814695066
11569,-1.2697353549366133,-0.008298802814695066
11570,-1.2697353622746008,-0.008298802814695066
11571,-1.2697353647388392,-0.008298802814695066
11572,-1.2697353922646113,-0.008298802814695066
11573,-1.2697353938519929,-0.008298802814695066
11574,-1.2697353991441047,-0.008298802814695066
11575,-1.2697354022226062,-0.008298802814695066
11576,-1.269735407886152,-0.008298802814695066
11577,-1.2697354138514962,-0.008298802814695066
11578,-1.269735414728145,-0.008298802814695066
11579,-1.2697354211884415,-0.008298802814695066
11580,-1.2697354292090763,-0.008298802814695066
11581,-1.269735436954377,-0.008298802814695066
11582,-1.2697354441615953,-0.008298802814695066
11583,-1.2697354516380193,-0.008298802814695066
11584,-1.2697354554462792,-0.008298802814695066
11585,-1.2697354559107685,-0.008298802814695066
11586,-1.2697354658899969,-0.008298802814695066
11587,-1.2697354715460907,-0.008298802814695066
11588,-1.2697354871282895,-0.008298802814695066
11589,-1.2697354924882465,-0.008298802814695066
11590,-1.269735497102895,-0.008298802814695066
11591,-1.2697355042989722,-0.008298802814695066
11592,-1.2697355079641044,-0.008298802814695066
11593,-1.2697355095101996,-0.008298802814695066
11594,-1.2697355104666104,-0.008298802814695066
11595,-1.269735513152655,-0.008298802814695066
11596,-1.2697355176145897,-0.008298802814695066
11597,-1.2697355203578622,-0.008298802814695066
11598,-1.2697355483623012,-0.008298802814695066
11599,-1.269735549922625,-0.008298802814695066
11600,-1.2697355523637461,-0.008298802814695066
11601,-1.269735563287135,-0.008298802814695066
11602,-1.269735564434295,-0.008298802814695066
11603,-1.2697355706867768,-0.008298802814695066
11604,-1.2697355849138092,-0.008298802814695066
11605,-1.2697355869897762,-0.008298802814695066
11606,-1.269735603208098,-0.008298802814695066
11607,-1.2697356082822961,-0.008298802814695066
11608,-1.2697356111090492,-0.008298802814695066
11609,-1.269735620134014,-0.008298802814695066
11610,-1.2697356244944455,-0.008298802814695066
11611,-1.2697356315396748,-0.008298802814695066
11612,-1.2697356398949315,-0.008298802814695066
11613,-1.2697356438724392,-0.008298802814695066
11614,-1.2697356451135855,-0.008298802814695066
11615,-1.2697356572374565,-0.008298802814695066
11616,-1.2697356576494183,-0.008298802814695066
11617,-1.2697356579425285,-0.008298802814695066
11618,-1.269735659035458,-0.008298802814695066
11619,-1.2697356723222424,-0.008298802814695066
11620,-1.2697356732424077,-0.008298802814695066
11621,-1.2697356816856136,-0.008298802814695066
11622,-1.269735683812453,-0.008298802814695066
11623,-1.2697356848637213,-0.008298802814695066
11624,-1.2697356944982923,-0.008298802814695066
11625,-1.269735697440049,-0.008298802814695066
11626,-1.2697356989302429,-0.008298802814695066
11627,-1.269735707875526,-0.008298802814695066
11628,-1.2697357157136353,-0.008298802814695066
11629,-1.2697357173448527,-0.008298802814695066
11630,-1.2697357183477749,-0.008298802814695066
11631,-1.269735720458242,-0.008298802814695066
11632,-1.2697357350436154,-0.008298802814695066
11633,-1.2697357375599794,-0.008298802814695066
11634,-1.2697357570816654,-0.008298802814695066
11635,-1.269735766323103,-0.008298802814695066
11636,-1.2697357752568472,-0.008298802814695066
11637,-1.2697357768969708,-0.008298802814695066
11638,-1.2697357788437929,-0.008298802814695066
11639,-1.2697357863030356,-0.008298802814695066
11640,-1.2697357877015742,-0.008298802814695066
11641,-1.2697357975397021,-0.008298802814695066
11642,-1.2697358012390492,-0.008298802814695066
11643,-1.269735812665339,-0.008298802814695066
11644,-1.269735821123841,-0.008298802814695066
11645,-1.269735823184758,-0.008298802814695066
11646,-1.2697358305314494,-0.008298802814695066
11647,-1.269735865539842,-0.008298802814695066
11648,-1.2697358752660657,-0.008298802814695066
11649,-1.269735877115672,-0.008298802814695066
11650,-1.2697358859208134,-0.008298802814695066
11651,-1.2697358899365714,-0.008298802814695066
11652,-1.2697359063255573,-0.008298802814695066
11653,-1.2697359106224615,-0.008298802814695066
11654,-1.2697359109539916,-0.008298802814695066
11655,-1.269735912239045,-0.008298802814695066
11656,-1.2697359274253324,-0.008298802814695066
11657,-1.2697359296853103,-0.008298802814695066
11658,-1.269735931069584,-0.008298802814695066
11659,-1.2697359332743683,-0.008298802814695066
11660,-1.2697359378157602,-0.008298802814695066
11661,-1.269735941878458,-0.008298802814695066
11662,-1.2697359576034006,-0.008298802814695066
11663,-1.2697359691800139,-0.008298802814695066
11664,-1.2697359760801061,-0.008298802814695066
11665,-1.2697359786970417,-0.008298802814695066
11666,-1.2697359924859797,-0.008298802814695066
11667,-1.2697359963193753,-0.008298802814695066
11668,-1.2697360099566743,-0.008298802814695066
11669,-1.2697360155426247,-0.008298802814695066
11670,-1.269736022099405,-0.008298802814695066
11671,-1.2697360306891317,-0.008298802814695066
11672,-1.2697360354556753,-0.008298802814695066
11673,-1.2697360368686033,-0.008298802814695066
11674,-1.2697360421018367,-0.008298802814695066
11675,-1.269736046165464,-0.008298802814695066
11676,-1.2697360466104815,-0.008298802814695066
11677,-1.2697360533051927,-0.008298802814695066
11678,-1.269736054897466,-0.008298802814695066
11679,-1.2697360651680119,-0.008298802814695066
11680,-1.2697360661574877,-0.008298802814695066
11681,-1.26973608093072,-0.008298802814695066
11682,-1.2697361068542372,-0.008298802814695066
11683,-1.2697361118026949,-0.008298802814695066
11684,-1.2697361206818967,-0.008298802814695066
11685,-1.2697361207529114,-0.008298802814695066
11686,-1.2697361232332174,-0.008298802814695066
11687,-1.2697361237480356,-0.008298802814695066
11688,-1.2697361293818794,-0.008298802814695066
11689,-1.269736134621216,-0.008298802814695066
11690,-1.2697361461627548,-0.008298802814695066
11691,-1.2697361510694627,-0.008298802814695066
11692,-1.2697361618271512,-0.008298802814695066
11693,-1.2697361641710239,-0.008298802814695066
11694,-1.2697361648585201,-0.008298802814695066
11695,-1.269736165662479,-0.008298802814695066
11696,-1.2697361697583016,-0.008298802814695066
11697,-1.2697361814087778,-0.008298802814695066
11698,-1.269736205869918,-0.008298802814695066
11699,-1.2697362165562467,-0.008298802814695066
11700,-1.269736219614046,-0.008298802814695066
11701,-1.2697362292127679,-0.008298802814695066
11702,-1.2697362410286006,-0.008298802814695066
11703,-1.2697362459466621,-0.008298802814695066
11704,-1.2697362482664136,-0.008298802814695066
11705,-1.2697362504482252,-0.008298802814695066
11706,-1.2697362595347927,-0.008298802814695066
11707,-1.2697362643363739,-0.008298802814695066
11708,-1.269736276880088,-0.008298802814695066
11709,-1.269736280731689,-0.008298802814695066
11710,-1.269736308226481,-0.008298802814695066
11711,-1.2697363100764292,-0.008298802814695066
11712,-1.2697363174557887,-0.008298802814695066
11713,-1.269736325235638,-0.008298802814695066
11714,-1.2697363302521474,-0.008298802814695066
11715,-1.2697363316724761,-0.008298802814695066
11716,-1.269736334020556,-0.008298802814695066
11717,-1.2697363371295847,-0.008298802814695066
11718,-1.2697363377160367,-0.008298802814695066
11719,-1.269736349104008,-0.008298802814695066
11720,-1.2697363536803357,-0.008298802814695066
11721,-1.269736358140121,-0.008298802814695066
11722,-1.2697363671723658,-0.008298802814695066
11723,-1.2697363680110347,-0.008298802814695066
11724,-1.2697363683242613,-0.008298802814695066
11725,-1.26973636934416,-0.008298802814695066
11726,-1.2697363833776292,-0.008298802814695066
11727,-1.2697363839202747,-0.008298802814695066
11728,-1.2697363987021295,-0.008298802814695066
11729,-1.2697364021156852,-0.008298802814695066
11730,-1.2697364111086373,-0.008298802814695066
11731,-1.2697364132776217,-0.008298802814695066
11732,-1.2697364165271852,-0.008298802814695066
11733,-1.2697364275937473,-0.008298802814695066
11734,-1.2697364353540328,-0.008298802814695066
11735,-1.2697364367318023,-0.008298802814695066
11736,-1.2697364496837904,-0.008298802814695066
11737,-1.269736451698483,-0.008298802814695066
11738,-1.269736464182564,-0.008298802814695066
11739,-1.2697364803484597,-0.008298802814695066
11740,-1.2697364855123277,-0.008298802814695066
11741,-1.269736485747765,-0.008298802814695066
11742,-1.2697364923899137,-0.008298802814695066
11743,-1.2697365010146997,-0.008298802814695066
11744,-1.2697365085496364,-0.008298802814695066
11745,-1.2697365332520176,-0.008298802814695066
11746,-1.2697365351185326,-0.008298802814695066
11747,-1.269736535646124,-0.008298802814695066
11748,-1.2697365360054782,-0.008298802814695066
11749,-1.2697365442222237,-0.008298802814695066
11750,-1.2697365489484822,-0.008298802814695066
11751,-1.2697365663601183,-0.008298802814695066
11752,-1.269736576728097,-0.008298802814695066
11753,-1.269736586884375,-0.008298802814695066
11754,-1.269736591825253,-0.008298802814695066
11755,-1.269736598976479,-0.008298802814695066
11756,-1.2697366027021477,-0.008298802814695066
11757,-1.2697366058867843,-0.008298802814695066
11758,-1.2697366198661295,-0.008298802814695066
11759,-1.2697366245818735,-0.008298802814695066
11760,-1.2697366260292346,-0.008298802814695066
11761,-1.2697366316500456,-0.008298802814695066
11762,-1.2697366386555555,-0.008298802814695066
11763,-1.2697366401685997,-0.008298802814695066
11764,-1.2697366525978577,-0.008298802814695066
11765,-1.2697366664057763,-0.008298802814695066
11766,-1.2697366688429041,-0.008298802814695066
11767,-1.269736671618955,-0.008298802814695066
11768,-1.2697366790991829,-0.008298802814695066
11769,-1.2697366821137832,-0.008298802814695066
11770,-1.2697366831493904,-0.008298802814695066
11771,-1.2697366966194936,-0.008298802814695066
11772,-1.2697367009702945,-0.008298802814695066
11773,-1.2697367023982826,-0.008298802814695066
11774,-1.2697367050082176,-0.008298802814695066
11775,-1.2697367072845434,-0.008298802814695066
11776,-1.2697367102087243,-0.008298802814695066
11777,-1.269736715317443,-0.008298802814695066
11778,-1.269736723694801,-0.008298802814695066
11779,-1.2697367273838167,-0.008298802814695066
11780,-1.2697367315457349,-0.008298802814695066
11781,-1.26973673429455,-0.008298802814695066
11782,-1.269736745952648,-0.008298802814695066
11783,-1.2697367481009367,-0.008298802814695066
11784,-1.2697367496974932,-0.008298802814695066
11785,-1.2697367517792666,-0.008298802814695066
11786,-1.269736757403596,-0.008298802814695066
11787,-1.2697367650647673,-0.008298802814695066
11788,-1.2697367745781345,-0.008298802814695066
11789,-1.2697367804951567,-0.008298802814695066
11790,-1.2697367835932334,-0.008298802814695066
11791,-1.2697367946780096,-0.008298802814695066
11792,-1.269736798315577,-0.008298802814695066
11793,-1.2697368014202874,-0.008298802814695066
11794,-1.269736807550296,-0.008298802814695066
11795,-1.2697368157612976,-0.008298802814695066
11796,-1.2697368372321478,-0.008298802814695066
11797,-1.2697368426745774,-0.008298802814695066
11798,-1.2697368468089552,-0.008298802814695066
11799,-1.2697368550445658,-0.008298802814695066
11800,-1.2697368613528344,-0.008298802814695066
11801,-1.269736875003893,-0.008298802814695066
11802,-1.269736898546503,-0.008298802814695066
11803,-1.2697369022403453,-0.008298802814695066
11804,-1.269736905788206,-0.008298802814695066
11805,-1.2697369135971086,-0.008298802814695066
11806,-1.269736924177562,-0.008298802814695066
11807,-1.2697369275656498,-0.008298802814695066
11808,-1.2697369290351088,-0.008298802814695066
11809,-1.2697369391401923,-0.008298802814695066
11810,-1.2697369611606637,-0.008298802814695066
11811,-1.2697369690275355,-0.008298802814695066
11812,-1.2697369734822437,-0.008298802814695066
11813,-1.2697369890992745,-0.008298802814695066
11814,-1.2697369894742443,-0.008298802814695066
11815,-1.2697369943449197,-0.008298802814695066
11816,-1.2697369964622454,-0.008298802814695066
11817,-1.2697370150229976,-0.008298802814695066
11818,-1.2697370192803403,-0.008298802814695066
11819,-1.2697370211020427,-0.008298802814695066
11820,-1.269737031952007,-0.008298802814695066
11821,-1.2697370355093458,-0.008298802814695066
11822,-1.2697370455611052,-0.008298802814695066
11823,-1.2697370488967104,-0.008298802814695066
11824,-1.2697370547729887,-0.008298802814695066
11825,-1.269737055915408,-0.008298802814695066
11826,-1.2697370686624607,-0.008298802814695066
11827,-1.2697370727643835,-0.008298802814695066
11828,-1.2697370753403292,-0.008298802814695066
11829,-1.269737080948782,-0.008298802814695066
11830,-1.2697370852617045,-0.008298802814695066
11831,-1.269737097269039,-0.008298802814695066
11832,-1.2697371008307319,-0.008298802814695066
11833,-1.2697371008401366,-0.008298802814695066
11834,-1.2697371062180554,-0.008298802814695066
11835,-1.269737115488287,-0.008298802814695066
11836,-1.2697371238925912,-0.008298802814695066
11837,-1.2697371275755482,-0.008298802814695066
11838,-1.2697371296611424,-0.008298802814695066
11839,-1.2697371527698897,-0.008298802814695066
11840,-1.2697371567762832,-0.008298802814695066
11841,-1.2697371625168794,-0.008298802814695066
11842,-1.2697371662190622,-0.008298802814695066
11843,-1.2697371807912345,-0.008298802814695066
11844,-1.2697371908452073,-0.008298802814695066
11845,-1.2697371925756271,-0.008298802814695066
11846,-1.2697371956394594,-0.008298802814695066
11847,-1.269737205349956,-0.008298802814695066
11848,-1.2697372073461992,-0.008298802814695066
11849,-1.2697372216908909,-0.008298802814695066
11850,-1.2697372272245584,-0.008298802814695066
11851,-1.2697372362885073,-0.008298802814695066
11852,-1.2697372363807964,-0.008298802814695066
11853,-1.2697372524291946,-0.008298802814695066
11854,-1.2697372556711477,-0.008298802814695066
11855,-1.269737271718802,-0.008298802814695066
11856,-1.2697372733493506,-0.008298802814695066
11857,-1.269737291206032,-0.008298802814695066
11858,-1.269737296309963,-0.008298802814695066
11859,-1.2697373128603622,-0.008298802814695066
11860,-1.2697373149387137,-0.008298802814695066
11861,-1.2697373207376275,-0.008298802814695066
11862,-1.2697373275986443,-0.008298802814695066
11863,-1.2697373310083586,-0.008298802814695066
11864,-1.2697373351078027,-0.008298802814695066
11865,-1.2697373372076715,-0.008298802814695066
11866,-1.269737338661979,-0.008298802814695066
11867,-1.2697373404999195,-0.008298802814695066
11868,-1.2697373431909638,-0.008298802814695066
11869,-1.2697373460568402,-0.008298802814695066
11870,-1.2697373474696123,-0.008298802814695066
11871,-1.2697373523307651,-0.008298802814695066
11872,-1.2697373552944042,-0.008298802814695066
11873,-1.2697373577336486,-0.008298802814695066
11874,-1.269737369575683,-0.008298802814695066
11875,-1.2697373865876835,-0.008298802814695066
11876,-1.269737390478688,-0.008298802814695066
11877,-1.2697373993984051,-0.008298802814695066
11878,-1.2697374021594015,-0.008298802814695066
11879,-1.2697374123935796,-0.008298802814695066
11880,-1.2697374205206606,-0.008298802814695066
11881,-1.26973742368061,-0.008298802814695066
11882,-1.2697374331587796,-0.008298802814695066
11883,-1.2697374499131506,-0.008298802814695066
11884,-1.2697374500081278,-0.008298802814695066
11885,-1.26973745480935,-0.008298802814695066
11886,-1.2697374553442882,-0.008298802814695066
11887,-1.2697374699998447,-0.008298802814695066
11888,-1.2697374848319247,-0.008298802814695066
11889,-1.2697374890432258,-0.008298802814695066
11890,-1.2697374954299026,-0.008298802814695066
11891,-1.2697374977141074,-0.008298802814695066
11892,-1.2697374987230594,-0.008298802814695066
11893,-1.2697375063449652,-0.008298802814695066
11894,-1.2697375121805448,-0.008298802814695066
11895,-1.2697375138875355,-0.008298802814695066
11896,-1.2697375263507344,-0.008298802814695066
11897,-1.2697375327057028,-0.008298802814695066
11898,-1.2697375377480007,-0.008298802814695066
11899,-1.269737538717701,-0.008298802814695066
11900,-1.269737540306108,-0.008298802814695066
11901,-1.26973754595322,-0.008298802814695066
11902,-1.2697375519224874,-0.008298802814695066
11903,-1.2697375541255123,-0.008298802814695066
11904,-1.269737555262556,-0.008298802814695066
11905,-1.269737562401116,-0.008298802814695066
11906,-1.269737576910225,-0.008298802814695066
11907,-1.269737578569849,-0.008298802814695066
11908,-1.269737579384785,-0.008298802814695066
11909,-1.269737584080062,-0.008298802814695066
11910,-1.269737586975682,-0.008298802814695066
11911,-1.2697375915577962,-0.008298802814695066
11912,-1.26973759237562,-0.008298802814695066
11913,-1.2697375982834198,-0.008298802814695066
11914,-1.2697376027392615,-0.008298802814695066
11915,-1.2697376123464024,-0.008298802814695066
11916,-1.269737614745349,-0.008298802814695066
11917,-1.2697376251512205,-0.008298802814695066
11918,-1.2697376561302294,-0.008298802814695066
11919,-1.2697376579614466,-0.008298802814695066
11920,-1.269737662775956,-0.008298802814695066
11921,-1.2697376666695512,-0.008298802814695066
11922,-1.2697376674162713,-0.008298802814695066
11923,-1.26973766933605,-0.008298802814695066
11924,-1.269737684252041,-0.008298802814695066
11925,-1.2697376847583595,-0.008298802814695066
11926,-1.269737685256138,-0.008298802814695066
11927,-1.269737686256685,-0.008298802814695066
11928,-1.2697376944107257,-0.008298802814695066
11929,-1.2697377101258829,-0.008298802814695066
11930,-1.269737713848877,-0.008298802814695066
11931,-1.2697377143264126,-0.008298802814695066
11932,-1.2697377143795174,-0.008298802814695066
11933,-1.269737718605845,-0.008298802814695066
11934,-1.2697377238781145,-0.008298802814695066
11935,-1.2697377264229397,-0.008298802814695066
11936,-1.2697377277805353,-0.008298802814695066
11937,-1.2697377310492794,-0.008298802814695066
11938,-1.2697377365209976,-0.008298802814695066
11939,-1.2697377472459845,-0.008298802814695066
11940,-1.2697377534807843,-0.008298802814695066
11941,-1.2697377538023238,-0.008298802814695066
11942,-1.269737754042091,-0.008298802814695066
11943,-1.26973775469619,-0.008298802814695066
11944,-1.2697377695470542,-0.008298802814695066
11945,-1.2697377722021792,-0.008298802814695066
11946,-1.2697377741308156,-0.008298802814695066
11947,-1.2697377831605565,-0.008298802814695066
11948,-1.2697377875870135,-0.008298802814695066
11949,-1.2697377925388706,-0.008298802814695066
11950,-1.2697377968614165,-0.008298802814695066
11951,-1.2697378000655504,-0.008298802814695066
11952,-1.2697378043202954,-0.008298802814695066
11953,-1.2697378089507425,-0.008298802814695066
11954,-1.2697378091658424,-0.008298802814695066
11955,-1.2697378115737343,-0.008298802814695066
11956,-1.2697378128494272,-0.008298802814695066
11957,-1.269737819183748,-0.008298802814695066
11958,-1.2697378205090413,-0.008298802814695066
11959,-1.269737838554759,-0.008298802814695066
11960,-1.269737843087872,-0.008298802814695066
11961,-1.2697378447359888,-0.008298802814695066
11962,-1.2697378477195012,-0.008298802814695066
11963,-1.2697378478781314,-0.008298802814695066
11964,-1.2697378517225273,-0.008298802814695066
11965,-1.2697378595628885,-0.008298802814695066
11966,-1.269737860789408,-0.008298802814695066
11967,-1.2697378626212537,-0.008298802814695066
11968,-1.26973786406552,-0.008298802814695066
11969,-1.269737871459124,-0.008298802814695066
11970,-1.269737873341605,-0.008298802814695066
11971,-1.2697378807407678,-0.008298802814695066
11972,-1.269737883711067,-0.008298802814695066
11973,-1.2697378888674238,-0.008298802814695066
11974,-1.269737906007323,-0.008298802814695066
11975,-1.269737935792078,-0.008298802814695066
11976,-1.2697379409227771,-0.008298802814695066
11977,-1.269737944842947,-0.008298802814695066
11978,-1.2697379465239271,-0.008298802814695066
11979,-1.2697379468903025,-0.008298802814695066
11980,-1.2697379535505013,-0.008298802814695066
11981,-1.2697379556857846,-0.008298802814695066
11982,-1.2697379564096445,-0.008298802814695066
11983,-1.2697379617504456,-0.008298802814695066
11984,-1.269737968175813,-0.008298802814695066
11985,-1.26973799253429,-0.008298802814695066
11986,-1.2697379938495708,-0.008298802814695066
11987,-1.2697380005798782,-0.008298802814695066
11988,-1.2697380022930058,-0.008298802814695066
11989,-1.2697380067839596,-0.008298802814695066
11990,-1.2697380072062894,-0.008298802814695066
11991,-1.2697380116464063,-0.008298802814695066
11992,-1.2697380120719157,-0.008298802814695066
11993,-1.2697380253646606,-0.008298802814695066
11994,-1.269738029737885,-0.008298802814695066
11995,-1.2697380322985399,-0.008298802814695066
11996,-1.2697380392057578,-0.008298802814695066
11997,-1.2697380395356195,-0.008298802814695066
11998,-1.2697380399521097,-0.008298802814695066
11999,-1.2697380497030102,-0.008298802814695066
12000,-1.269738060887167,-0.008298802814695066
12001,-1.2697380621840488,-0.008298802814695066
12002,-1.2697380629889856,-0.008298802814695066
12003,-1.2697380638301845,-0.008298802814695066
12004,-1.2697380693813451,-0.008298802814695066
12005,-1.2697380695146636,-0.008298802814695066
12006,-1.2697380730504162,-0.008298802814695066
12007,-1.2697380785574144,-0.008298802814695066
12008,-1.2697380929425264,-0.008298802814695066
12009,-1.269738093341224,-0.008298802814695066
12010,-1.2697380936059082,-0.008298802814695066
12011,-1.2697380969519938,-0.008298802814695066
12012,-1.2697381011044082,-0.008298802814695066
12013,-1.269738111822869,-0.008298802814695066
12014,-1.2697381123538307,-0.008298802814695066
12015,-1.2697381138715673,-0.008298802814695066
12016,-1.269738114391716,-0.008298802814695066
12017,-1.2697381165836519,-0.008298802814695066
12018,-1.269738122883191,-0.008298802814695066
12019,-1.2697381484214905,-0.008298802814695066
12020,-1.2697381712886782,-0.008298802814695066
12021,-1.2697381762935522,-0.008298802814695066
12022,-1.2697381763560067,-0.008298802814695066
12023,-1.2697381923637217,-0.008298802814695066
12024,-1.2697381942100776,-0.008298802814695066
12025,-1.2697382019381473,-0.008298802814695066
12026,-1.2697382116974518,-0.008298802814695066
12027,-1.2697382151705383,-0.008298802814695066
12028,-1.2697382156096677,-0.008298802814695066
12029,-1.2697382174487906,-0.008298802814695066
12030,-1.2697382239097639,-0.008298802814695066
12031,-1.2697382255094727,-0.008298802814695066
12032,-1.2697382296491337,-0.008298802814695066
12033,-1.2697382330582603,-0.008298802814695066
12034,-1.269738233163365,-0.008298802814695066
12035,-1.2697382381566622,-0.008298802814695066
12036,-1.2697382445971452,-0.008298802814695066
12037,-1.2697382511097601,-0.008298802814695066
12038,-1.2697382522793548,-0.008298802814695066
12039,-1.2697382539176312,-0.008298802814695066
12040,-1.2697382562454267,-0.008298802814695066
12041,-1.2697382567119222,-0.008298802814695066
12042,-1.2697382606302647,-0.008298802814695066
12043,-1.269738264357792,-0.008298802814695066
12044,-1.2697382646579574,-0.008298802814695066
12045,-1.2697382647089062,-0.008298802814695066
12046,-1.2697382692514505,-0.008298802814695066
12047,-1.2697382702151243,-0.008298802814695066
12048,-1.2697382781216975,-0.008298802814695066
12049,-1.269738286040184,-0.008298802814695066
12050,-1.269738294633815,-0.008298802814695066
12051,-1.269738300626813,-0.008298802814695066
12052,-1.269738316449767,-0.008298802814695066
12053,-1.269738317671102,-0.008298802814695066
12054,-1.2697383183690716,-0.008298802814695066
12055,-1.2697383218685856,-0.008298802814695066
12056,-1.2697383235583715,-0.008298802814695066
12057,-1.269738323867453,-0.008298802814695066
12058,-1.2697383288456543,-0.008298802814695066
12059,-1.269738329511354,-0.008298802814695066
12060,-1.2697383318647892,-0.008298802814695066
12061,-1.2697383322486573,-0.008298802814695066
12062,-1.2697383364570565,-0.008298802814695066
12063,-1.2697383490697094,-0.008298802814695066
12064,-1.2697383620710514,-0.008298802814695066
12065,-1.2697383645833709,-0.008298802814695066
12066,-1.2697383689406863,-0.008298802814695066
12067,-1.2697383714247112,-0.008298802814695066
12068,-1.269738374097622,-0.008298802814695066
12069,-1.2697383825972102,-0.008298802814695066
12070,-1.269738390282945,-0.008298802814695066
12071,-1.2697383918554224,-0.008298802814695066
12072,-1.2697383956059363,-0.008298802814695066
12073,-1.2697383956942414,-0.008298802814695066
12074,-1.2697383967758278,-0.008298802814695066
12075,-1.26973840760479,-0.008298802814695066
12076,-1.2697384106227687,-0.008298802814695066
12077,-1.2697384131344052,-0.008298802814695066
12078,-1.2697384151835593,-0.008298802814695066
12079,-1.2697384270491134,-0.008298802814695066
12080,-1.2697384329495063,-0.008298802814695066
12081,-1.269738441153395,-0.008298802814695066
12082,-1.2697384470917963,-0.008298802814695066
12083,-1.269738449161708,-0.008298802814695066
12084,-1.2697384507450478,-0.008298802814695066
12085,-1.2697384516412114,-0.008298802814695066
12086,-1.269738452920556,-0.008298802814695066
12087,-1.269738453131925,-0.008298802814695066
12088,-1.2697384545146762,-0.008298802814695066
12089,-1.2697384680204908,-0.008298802814695066
12090,-1.2697384715263162,-0.008298802814695066
12091,-1.2697384720562346,-0.008298802814695066
12092,-1.2697384781197774,-0.008298802814695066
12093,-1.269738479058729,-0.008298802814695066
12094,-1.269738479256549,-0.008298802814695066
12095,-1.2697384889700825,-0.008298802814695066
12096,-1.2697384894952322,-0.008298802814695066
12097,-1.2697384911717828,-0.008298802814695066
12098,-1.2697384944108374,-0.008298802814695066
12099,-1.2697385044904976,-0.008298802814695066
12100,-1.2697385078441057,-0.008298802814695066
12101,-1.2697385157147805,-0.008298802814695066
12102,-1.2697385217397645,-0.008298802814695066
12103,-1.2697385217532582,-0.008298802814695066
12104,-1.2697385228893794,-0.008298802814695066
12105,-1.269738528673445,-0.008298802814695066
12106,-1.2697385430195374,-0.008298802814695066
12107,-1.2697385496256457,-0.008298802814695066
12108,-1.269738553506259,-0.008298802814695066
12109,-1.2697385618776749,-0.008298802814695066
12110,-1.2697385668811718,-0.008298802814695066
12111,-1.2697385769062501,-0.008298802814695066
12112,-1.2697385929287186,-0.008298802814695066
12113,-1.2697385934122953,-0.008298802814695066
12114,-1.269738596515724,-0.008298802814695066
12115,-1.2697386013718028,-0.008298802814695066
12116,-1.2697386027180875,-0.008298802814695066
12117,-1.269738604854791,-0.008298802814695066
12118,-1.2697386061953195,-0.008298802814695066
12119,-1.2697386064441971,-0.008298802814695066
12120,-1.2697386165965967,-0.008298802814695066
12121,-1.2697386211615904,-0.008298802814695066
12122,-1.269738621818604,-0.008298802814695066
12123,-1.2697386331143583,-0.008298802814695066
12124,-1.2697386336120529,-0.008298802814695066
12125,-1.2697386389741723,-0.008298802814695066
12126,-1.2697386465329576,-0.008298802814695066
12127,-1.269738652952743,-0.008298802814695066
12128,-1.2697386724532649,-0.008298802814695066
12129,-1.2697386788603628,-0.008298802814695066
12130,-1.2697386799343178,-0.008298802814695066
12131,-1.269738684471349,-0.008298802814695066
12132,-1.2697386855478854,-0.008298802814695066
12133,-1.269738692529062,-0.008298802814695066
12134,-1.2697386993353639,-0.008298802814695066
12135,-1.2697387004530423,-0.008298802814695066
12136,-1.2697387021058888,-0.008298802814695066
12137,-1.2697387077132336,-0.008298802814695066
12138,-1.2697387133638656,-0.008298802814695066
12139,-1.2697387180020148,-0.008298802814695066
12140,-1.2697387343024449,-0.008298802814695066
12141,-1.269738744685659,-0.008298802814695066
12142,-1.269738747877679,-0.008298802814695066
12143,-1.2697387524585784,-0.008298802814695066
12144,-1.2697387530078033,-0.008298802814695066
12145,-1.2697387615928102,-0.008298802814695066
12146,-1.2697387635872734,-0.008298802814695066
12147,-1.2697387638298148,-0.008298802814695066
12148,-1.2697387714506878,-0.008298802814695066
12149,-1.2697387721362172,-0.008298802814695066
12150,-1.2697387725821723,-0.008298802814695066
12151,-1.2697387744629887,-0.008298802814695066
12152,-1.2697387744664628,-0.008298802814695066
12153,-1.269738784179609,-0.008298802814695066
12154,-1.2697387870415016,-0.008298802814695066
12155,-1.269738787636706,-0.008298802814695066
12156,-1.2697387905041488,-0.008298802814695066
12157,-1.2697387997310607,-0.008298802814695066
12158,-1.269738804699625,-0.008298802814695066
12159,-1.269738805645162,-0.008298802814695066
12160,-1.2697388098833677,-0.008298802814695066
12161,-1.2697388101966263,-0.008298802814695066
12162,-1.269738818952879,-0.008298802814695066
12163,-1.269738821509132,-0.008298802814695066
12164,-1.2697388268388883,-0.008298802814695066
12165,-1.2697388270975383,-0.008298802814695066
12166,-1.2697388276130441,-0.008298802814695066
12167,-1.2697388308416384,-0.008298802814695066
12168,-1.2697388311387483,-0.008298802814695066
12169,-1.2697388344495597,-0.008298802814695066
12170,-1.2697388356082842,-0.008298802814695066
12171,-1.2697388395235683,-0.008298802814695066
12172,-1.2697388405102408,-0.008298802814695066
12173,-1.2697388429447032,-0.008298802814695066
12174,-1.2697388525582056,-0.008298802814695066
12175,-1.2697388555536606,-0.008298802814695066
12176,-1.2697388606984634,-0.008298802814695066
12177,-1.2697388651080685,-0.008298802814695066
12178,-1.2697388686506161,-0.008298802814695066
12179,-1.26973887525939,-0.008298802814695066
12180,-1.2697388755099959,-0.008298802814695066
12181,-1.2697388788646644,-0.008298802814695066
12182,-1.2697388791402164,-0.008298802814695066
12183,-1.269738887849176,-0.008298802814695066
12184,-1.2697388900221946,-0.008298802814695066
12185,-1.2697389021601833,-0.008298802814695066
12186,-1.269738902700416,-0.008298802814695066
12187,-1.2697389045649605,-0.008298802814695066
12188,-1.2697389060639763,-0.008298802814695066
12189,-1.2697389095217715,-0.008298802814695066
12190,-1.269738910360385,-0.008298802814695066
12191,-1.269738916950546,-0.008298802814695066
12192,-1.2697389181847365,-0.008298802814695066
12193,-1.2697389200384641,-0.008298802814695066
12194,-1.2697389203418814,-0.008298802814695066
12195,-1.2697389232121186,-0.008298802814695066
12196,-1.2697389271036306,-0.008298802814695066
12197,-1.2697389285640188,-0.008298802814695066
12198,-1.2697389298976232,-0.008298802814695066
12199,-1.2697389304188103,-0.008298802814695066
12200,-1.2697389312970428,-0.008298802814695066
12201,-1.269738934937863,-0.008298802814695066
12202,-1.2697389384731719,-0.008298802814695066
12203,-1.2697389421213567,-0.008298802814695066
12204,-1.26973894490327,-0.008298802814695066
12205,-1.2697389466550644,-0.008298802814695066
12206,-1.2697389486893675,-0.008298802814695066
12207,-1.2697389528284624,-0.008298802814695066
12208,-1.2697389529710232,-0.008298802814695066
12209,-1.2697389555287013,-0.008298802814695066
12210,-1.2697389687133291,-0.008298802814695066
12211,-1.2697389698222723,-0.008298802814695066
12212,-1.2697389735068982,-0.008298802814695066
12213,-1.2697389750043029,-0.008298802814695066
12214,-1.2697389814427547,-0.008298802814695066
12215,-1.2697389865142918,-0.008298802814695066
12216,-1.2697389916640027,-0.008298802814695066
12217,-1.2697389988096788,-0.008298802814695066
12218,-1.2697390042371437,-0.008298802814695066
12219,-1.269739008186703,-0.008298802814695066
12220,-1.2697390093470116,-0.008298802814695066
12221,-1.2697390221574563,-0.008298802814695066
12222,-1.2697390227133345,-0.008298802814695066
12223,-1.2697390259488213,-0.008298802814695066
12224,-1.269739032213049,-0.008298802814695066
12225,-1.2697390323310365,-0.008298802814695066
12226,-1.2697390505829995,-0.008298802814695066
12227,-1.269739051980772,-0.008298802814695066
12228,-1.269739054294103,-0.008298802814695066
12229,-1.2697390614380861,-0.008298802814695066
12230,-1.2697390767512702,-0.008298802814695066
12231,-1.2697390919371725,-0.008298802814695066
12232,-1.2697390921778076,-0.008298802814695066
12233,-1.2697390942126567,-0.008298802814695066
12234,-1.2697390945426488,-0.008298802814695066
12235,-1.2697391022513709,-0.008298802814695066
12236,-1.269739108306704,-0.008298802814695066
12237,-1.2697391091495287,-0.008298802814695066
12238,-1.2697391119119634,-0.008298802814695066
12239,-1.2697391159919877,-0.008298802814695066
12240,-1.2697391194649588,-0.008298802814695066
12241,-1.2697391216540108,-0.008298802814695066
12242,-1.269739124413399,-0.008298802814695066
12243,-1.2697391264238886,-0.008298802814695066
12244,-1.2697391284827315,-0.008298802814695066
12245,-1.2697391374108429,-0.008298802814695066
12246,-1.2697391375352707,-0.008298802814695066
12247,-1.2697391395018145,-0.008298802814695066
12248,-1.2697391400199387,-0.008298802814695066
12249,-1.2697391417319885,-0.008298802814695066
12250,-1.2697391423785347,-0.008298802814695066
12251,-1.2697391428198972,-0.008298802814695066
12252,-1.2697391436568826,-0.008298802814695066
12253,-1.2697391499644441,-0.008298802814695066
12254,-1.2697391560628823,-0.008298802814695066
12255,-1.2697391584874422,-0.008298802814695066
12256,-1.2697391597850562,-0.008298802814695066
12257,-1.2697391633166992,-0.008298802814695066
12258,-1.2697391772034696,-0.008298802814695066
12259,-1.2697391795103075,-0.008298802814695066
12260,-1.2697391799292017,-0.008298802814695066
12261,-1.2697391814865384,-0.008298802814695066
12262,-1.2697391830836422,-0.008298802814695066
12263,-1.2697391847595862,-0.008298802814695066
12264,-1.2697391864801644,-0.008298802814695066
12265,-1.2697391943760685,-0.008298802814695066
12266,-1.2697391948306176,-0.008298802814695066
12267,-1.2697391955521122,-0.008298802814695066
12268,-1.2697391967687286,-0.008298802814695066
12269,-1.2697391975081063,-0.008298802814695066
12270,-1.2697392030434764,-0.008298802814695066
12271,-1.2697392153655838,-0.008298802814695066
12272,-1.2697392159752479,-0.008298802814695066
12273,-1.2697392162074315,-0.008298802814695066
12274,-1.2697392216459353,-0.008298802814695066
12275,-1.2697392238802412,-0.008298802814695066
12276,-1.2697392244659427,-0.008298802814695066
12277,-1.2697392253703879,-0.008298802814695066
12278,-1.2697392292035972,-0.008298802814695066
12279,-1.2697392368262388,-0.008298802814695066
12280,-1.269739245265006,-0.008298802814695066
12281,-1.2697392510908219,-0.008298802814695066
12282,-1.2697392513852763,-0.008298802814695066
12283,-1.2697392539736163,-0.008298802814695066
12284,-1.2697392561221956,-0.008298802814695066
12285,-1.2697392578174838,-0.008298802814695066
12286,-1.2697392636621623,-0.008298802814695066
12287,-1.2697392741485622,-0.008298802814695066
12288,-1.26973927436055,-0.008298802814695066
12289,-1.2697392757099892,-0.008298802814695066
12290,-1.2697392766099922,-0.008298802814695066
12291,-1.2697392790641628,-0.008298802814695066
12292,-1.2697392804331833,-0.008298802814695066
12293,-1.2697392807714978,-0.008298802814695066
12294,-1.2697392857597651,-0.008298802814695066
12295,-1.2697392892750354,-0.008298802814695066
12296,-1.2697392893513937,-0.008298802814695066
12297,-1.269739293156352,-0.008298802814695066
12298,-1.269739293928967,-0.008298802814695066
12299,-1.2697392968632832,-0.008298802814695066
12300,-1.2697393086837205,-0.008298802814695066
12301,-1.2697393154702403,-0.008298802814695066
12302,-1.269739315482007,-0.008298802814695066
12303,-1.2697393197893851,-0.008298802814695066
12304,-1.2697393284833658,-0.008298802814695066
12305,-1.2697393303703604,-0.008298802814695066
12306,-1.2697393369593581,-0.008298802814695066
12307,-1.2697393516318711,-0.008298802814695066
12308,-1.2697393552249396,-0.008298802814695066
12309,-1.269739356111354,-0.008298802814695066
12310,-1.2697393586526233,-0.008298802814695066
12311,-1.269739359531081,-0.008298802814695066
12312,-1.269739359795303,-0.008298802814695066
12313,-1.2697393730301343,-0.008298802814695066
12314,-1.269739374548352,-0.008298802814695066
12315,-1.2697393853186043,-0.008298802814695066
12316,-1.2697393925050846,-0.008298802814695066
12317,-1.269739394592761,-0.008298802814695066
12318,-1.2697393997379625,-0.008298802814695066
12319,-1.269739402926373,-0.008298802814695066
12320,-1.2697394040357894,-0.008298802814695066
12321,-1.2697394059785374,-0.008298802814695066
12322,-1.2697394132876345,-0.008298802814695066
12323,-1.2697394220848097,-0.008298802814695066
12324,-1.2697394321851458,-0.008298802814695066
12325,-1.2697394343733857,-0.008298802814695066
12326,-1.2697394408572495,-0.008298802814695066
12327,-1.269739446053447,-0.008298802814695066
12328,-1.2697394462717733,-0.008298802814695066
12329,-1.2697394474398642,-0.008298802814695066
12330,-1.269739447839168,-0.008298802814695066
12331,-1.2697394500863952,-0.008298802814695066
12332,-1.2697394504590258,-0.008298802814695066
12333,-1.269739450929468,-0.008298802814695066
12334,-1.2697394535050779,-0.008298802814695066
12335,-1.2697394585951287,-0.008298802814695066
12336,-1.2697394604415608,-0.008298802814695066
12337,-1.2697394749408926,-0.008298802814695066
12338,-1.2697394772873867,-0.008298802814695066
12339,-1.2697394791372174,-0.008298802814695066
12340,-1.269739479660756,-0.008298802814695066
12341,-1.2697394800366153,-0.008298802814695066
12342,-1.2697394848942192,-0.008298802814695066
12343,-1.2697394858089863,-0.008298802814695066
12344,-1.2697394874082626,-0.008298802814695066
12345,-1.2697394919428358,-0.008298802814695066
12346,-1.269739493887078,-0.008298802814695066
12347,-1.2697395064598123,-0.008298802814695066
12348,-1.2697395107321896,-0.008298802814695066
12349,-1.269739510969689,-0.008298802814695066
12350,-1.2697395198728272,-0.008298802814695066
12351,-1.2697395229557162,-0.008298802814695066
12352,-1.2697395267268083,-0.008298802814695066
12353,-1.2697395268054277,-0.008298802814695066
12354,-1.2697395290963511,-0.008298802814695066
12355,-1.2697395339695985,-0.008298802814695066
12356,-1.2697395354905523,-0.008298802814695066
12357,-1.2697395391296153,-0.008298802814695066
12358,-1.2697395397952544,-0.008298802814695066
12359,-1.269739542497344,-0.008298802814695066
12360,-1.2697395438415682,-0.008298802814695066
12361,-1.269739549684496,-0.008298802814695066
12362,-1.2697395550990733,-0.008298802814695066
12363,-1.2697395559247138,-0.008298802814695066
12364,-1.2697395566132887,-0.008298802814695066
12365,-1.2697395578938773,-0.008298802814695066
12366,-1.2697395622273118,-0.008298802814695066
12367,-1.2697395652312398,-0.008298802814695066
12368,-1.269739565390686,-0.008298802814695066
12369,-1.2697395686423059,-0.008298802814695066
12370,-1.2697395717558762,-0.008298802814695066
12371,-1.2697395744588256,-0.008298802814695066
12372,-1.269739574849638,-0.008298802814695066
12373,-1.2697395753912681,-0.008298802814695066
12374,-1.2697395762703585,-0.008298802814695066
12375,-1.269739576654921,-0.008298802814695066
12376,-1.2697395859760463,-0.008298802814695066
12377,-1.269739590708808,-0.008298802814695066
12378,-1.2697395973860488,-0.008298802814695066
12379,-1.2697395974000263,-0.008298802814695066
12380,-1.2697396031047465,-0.008298802814695066
12381,-1.2697396042527105,-0.008298802814695066
12382,-1.2697396071056815,-0.008298802814695066
12383,-1.2697396072638332,-0.008298802814695066
12384,-1.2697396092560893,-0.008298802814695066
12385,-1.2697396095712872,-0.008298802814695066
12386,-1.2697396143077886,-0.008298802814695066
12387,-1.2697396229351596,-0.008298802814695066
12388,-1.2697396290469651,-0.008298802814695066
12389,-1.2697396291786704,-0.008298802814695066
12390,-1.2697396362959017,-0.008298802814695066
12391,-1.2697396381973163,-0.008298802814695066
12392,-1.2697396399620295,-0.008298802814695066
12393,-1.2697396413319766,-0.008298802814695066
12394,-1.269739644284768,-0.008298802814695066
12395,-1.2697396501304787,-0.008298802814695066
12396,-1.2697396507395415,-0.008298802814695066
12397,-1.269739651285653,-0.008298802814695066
12398,-1.269739657189692,-0.008298802814695066
12399,-1.2697396576801974,-0.008298802814695066
12400,-1.2697396581160145,-0.008298802814695066
12401,-1.2697396584913132,-0.008298802814695066
12402,-1.2697396642497374,-0.008298802814695066
12403,-1.269739674197907,-0.008298802814695066
12404,-1.2697396753505479,-0.008298802814695066
12405,-1.2697396786527086,-0.008298802814695066
12406,-1.2697396797772096,-0.008298802814695066
12407,-1.2697396812390709,-0.008298802814695066
12408,-1.2697396891154515,-0.008298802814695066
12409,-1.2697396893884163,-0.008298802814695066
12410,-1.2697396951054476,-0.008298802814695066
12411,-1.2697396951473003,-0.008298802814695066
12412,-1.2697396967610388,-0.008298802814695066
12413,-1.269739705779949,-0.008298802814695066
12414,-1.2697397075539736,-0.008298802814695066
12415,-1.2697397135861983,-0.008298802814695066
12416,-1.269739714297393,-0.008298802814695066
12417,-1.2697397153224694,-0.008298802814695066
12418,-1.269739716017872,-0.008298802814695066
12419,-1.2697397187306227,-0.008298802814695066
12420,-1.2697397190549422,-0.008298802814695066
12421,-1.2697397211985009,-0.008298802814695066
12422,-1.2697397248860578,-0.008298802814695066
12423,-1.2697397291451953,-0.008298802814695066
12424,-1.269739731817723,-0.008298802814695066
12425,-1.2697397356296038,-0.008298802814695066
12426,-1.26973973689101,-0.008298802814695066
12427,-1.269739742205547,-0.008298802814695066
12428,-1.2697397620040303,-0.008298802814695066
12429,-1.2697397665647876,-0.008298802814695066
12430,-1.2697397668753743,-0.008298802814695066
12431,-1.2697397707680613,-0.008298802814695066
12432,-1.26973977178276,-0.008298802814695066
12433,-1.2697397748744716,-0.008298802814695066
12434,-1.2697397777854436,-0.008298802814695066
12435,-1.2697397783712638,-0.008298802814695066
12436,-1.269739778973733,-0.008298802814695066
12437,-1.2697397853288204,-0.008298802814695066
12438,-1.2697397878803336,-0.008298802814695066
12439,-1.269739790578667,-0.008298802814695066
12440,-1.2697397945110762,-0.008298802814695066
12441,-1.2697397951849783,-0.008298802814695066
12442,-1.2697397988081653,-0.008298802814695066
12443,-1.2697397991080233,-0.008298802814695066
12444,-1.2697398000095668,-0.008298802814695066
12445,-1.2697398003715112,-0.008298802814695066
12446,-1.2697398074874717,-0.008298802814695066
12447,-1.2697398081274365,-0.008298802814695066
12448,-1.2697398102130373,-0.008298802814695066
12449,-1.269739814506575,-0.008298802814695066
12450,-1.269739814680138,-0.008298802814695066
12451,-1.2697398195183927,-0.008298802814695066
12452,-1.2697398200638745,-0.008298802814695066
12453,-1.26973982431933,-0.008298802814695066
12454,-1.2697398251695138,-0.008298802814695066
12455,-1.2697398267656255,-0.008298802814695066
12456,-1.2697398283897066,-0.008298802814695066
12457,-1.2697398307326337,-0.008298802814695066
12458,-1.2697398374367643,-0.008298802814695066
12459,-1.269739840124072,-0.008298802814695066
12460,-1.2697398403628726,-0.008298802814695066
12461,-1.2697398436066185,-0.008298802814695066
12462,-1.2697398442423382,-0.008298802814695066
12463,-1.2697398477058581,-0.008298802814695066
12464,-1.2697398497798038,-0.008298802814695066
12465,-1.2697398502998418,-0.008298802814695066
12466,-1.2697398544925822,-0.008298802814695066
12467,-1.269739856708795,-0.008298802814695066
12468,-1.2697398612168005,-0.008298802814695066
12469,-1.2697398727113334,-0.008298802814695066
12470,-1.269739873075317,-0.008298802814695066
12471,-1.2697398742822055,-0.008298802814695066
12472,-1.269739874826397,-0.008298802814695066
12473,-1.2697398754934697,-0.008298802814695066
12474,-1.2697398789452394,-0.008298802814695066
12475,-1.269739879280435,-0.008298802814695066
12476,-1.2697398829065236,-0.008298802814695066
12477,-1.2697398834090228,-0.008298802814695066
12478,-1.2697398845035237,-0.008298802814695066
12479,-1.2697398846492967,-0.008298802814695066
12480,-1.269739885410957,-0.008298802814695066
12481,-1.2697398858079287,-0.008298802814695066
12482,-1.2697398885877815,-0.008298802814695066
12483,-1.2697398906642972,-0.008298802814695066
12484,-1.2697398963054243,-0.008298802814695066
12485,-1.2697399063925052,-0.008298802814695066
12486,-1.2697399082630256,-0.008298802814695066
12487,-1.2697399098016757,-0.008298802814695066
12488,-1.269739910459712,-0.008298802814695066
12489,-1.26973991077339,-0.008298802814695066
12490,-1.269739910862336,-0.008298802814695066
12491,-1.2697399127528368,-0.008298802814695066
12492,-1.2697399129184084,-0.008298802814695066
12493,-1.269739914247406,-0.008298802814695066
12494,-1.2697399231390105,-0.008298802814695066
12495,-1.269739924650305,-0.008298802814695066
12496,-1.269739927257891,-0.008298802814695066
12497,-1.2697399277184442,-0.008298802814695066
12498,-1.2697399291280542,-0.008298802814695066
12499,-1.269739931325631,-0.008298802814695066
12500,-1.269739934075635,-0.008298802814695066
12501,-1.2697399361789685,-0.008298802814695066
12502,-1.2697399375065732,-0.008298802814695066
12503,-1.2697399381882375,-0.008298802814695066
12504,-1.2697399447965005,-0.008298802814695066
12505,-1.2697399450629403,-0.008298802814695066
12506,-1.2697399599903045,-0.008298802814695066
12507,-1.2697399676986403,-0.008298802814695066
12508,-1.269739973021208,-0.008298802814695066
12509,-1.2697399734634236,-0.008298802814695066
12510,-1.2697399751830938,-0.008298802814695066
12511,-1.2697399762563233,-0.008298802814695066
12512,-1.2697399766390463,-0.008298802814695066
12513,-1.269739978265335,-0.008298802814695066
12514,-1.2697399794708917,-0.008298802814695066
12515,-1.2697399842823527,-0.008298802814695066
12516,-1.2697399893844468,-0.008298802814695066
12517,-1.269739990080653,-0.008298802814695066
12518,-1.2697399919861008,-0.008298802814695066
12519,-1.2697399939237901,-0.008298802814695066
12520,-1.2697399955937005,-0.008298802814695066
12521,-1.2697399962064444,-0.008298802814695066
12522,-1.269739996689921,-0.008298802814695066
12523,-1.269739998248332,-0.008298802814695066
12524,-1.2697399986084887,-0.008298802814695066
12525,-1.2697400000384829,-0.008298802814695066
12526,-1.2697400029085337,-0.008298802814695066
12527,-1.2697400055273276,-0.008298802814695066
12528,-1.2697400066244904,-0.008298802814695066
12529,-1.2697400074425598,-0.008298802814695066
12530,-1.2697400084251202,-0.008298802814695066
12531,-1.269740008629636,-0.008298802814695066
12532,-1.2697400103102539,-0.008298802814695066
12533,-1.269740011015447,-0.008298802814695066
12534,-1.269740020071729,-0.008298802814695066
12535,-1.2697400201577542,-0.008298802814695066
12536,-1.269740021359376,-0.008298802814695066
12537,-1.2697400273679875,-0.008298802814695066
12538,-1.2697400301295798,-0.008298802814695066
12539,-1.2697400322297185,-0.008298802814695066
12540,-1.2697400332815891,-0.008298802814695066
12541,-1.26974003483472,-0.008298802814695066
12542,-1.2697400353232946,-0.008298802814695066
12543,-1.269740035805885,-0.008298802814695066
12544,-1.2697400410050275,-0.008298802814695066
12545,-1.2697400439812583,-0.008298802814695066
12546,-1.2697400495859386,-0.008298802814695066
12547,-1.269740057943233,-0.008298802814695066
12548,-1.2697400623792396,-0.008298802814695066
12549,-1.269740064026355,-0.008298802814695066
12550,-1.2697400649952444,-0.008298802814695066
12551,-1.26974007106929,-0.008298802814695066
12552,-1.2697400746855414,-0.008298802814695066
12553,-1.2697400909957886,-0.008298802814695066
12554,-1.2697400917003687,-0.008298802814695066
12555,-1.2697400928237577,-0.008298802814695066
12556,-1.2697400940496255,-0.008298802814695066
12557,-1.269740094659942,-0.008298802814695066
12558,-1.2697400949346445,-0.008298802814695066
12559,-1.269740096961038,-0.008298802814695066
12560,-1.269740100967641,-0.008298802814695066
12561,-1.2697401061238498,-0.008298802814695066
12562,-1.26974010779387,-0.008298802814695066
12563,-1.26974010804678,-0.008298802814695066
12564,-1.2697401139445887,-0.008298802814695066
12565,-1.2697401199146636,-0.008298802814695066
12566,-1.269740124288497,-0.008298802814695066
12567,-1.269740124399393,-0.008298802814695066
12568,-1.2697401262560941,-0.008298802814695066
12569,-1.2697401268656034,-0.008298802814695066
12570,-1.26974013085301,-0.008298802814695066
12571,-1.26974013386761,-0.008298802814695066
12572,-1.2697401350911766,-0.008298802814695066
12573,-1.2697401365539682,-0.008298802814695066
12574,-1.2697401396557992,-0.008298802814695066
12575,-1.2697401403126074,-0.008298802814695066
12576,-1.2697401415185687,-0.008298802814695066
12577,-1.2697401456649453,-0.008298802814695066
12578,-1.269740147586179,-0.008298802814695066
12579,-1.2697401477633345,-0.008298802814695066
12580,-1.2697401487722975,-0.008298802814695066
12581,-1.2697401490872249,-0.008298802814695066
12582,-1.2697401493334495,-0.008298802814695066
12583,-1.2697401525049425,-0.008298802814695066
12584,-1.2697401596042086,-0.008298802814695066
12585,-1.269740162837271,-0.008298802814695066
12586,-1.2697401647446285,-0.008298802814695066
12587,-1.2697401664905161,-0.008298802814695066
12588,-1.2697401675017788,-0.008298802814695066
12589,-1.2697401678269191,-0.008298802814695066
12590,-1.269740172565508,-0.008298802814695066
12591,-1.2697401775330355,-0.008298802814695066
12592,-1.2697401786870075,-0.008298802814695066
12593,-1.269740182836053,-0.008298802814695066
12594,-1.2697401830009836,-0.008298802814695066
12595,-1.269740189720391,-0.008298802814695066
12596,-1.2697401931192764,-0.008298802814695066
12597,-1.269740193363642,-0.008298802814695066
12598,-1.2697401983585883,-0.008298802814695066
12599,-1.2697401988349746,-0.008298802814695066
12600,-1.2697401991424218,-0.008298802814695066
12601,-1.2697401997231093,-0.008298802814695066
12602,-1.2697402004965905,-0.008298802814695066
12603,-1.2697402006930432,-0.008298802814695066
12604,-1.2697402065424246,-0.008298802814695066
12605,-1.269740207284559,-0.008298802814695066
12606,-1.2697402214834923,-0.008298802814695066
12607,-1.269740221807919,-0.008298802814695066
12608,-1.2697402240871796,-0.008298802814695066
12609,-1.2697402303109475,-0.008298802814695066
12610,-1.2697402309243937,-0.008298802814695066
12611,-1.26974023197092,-0.008298802814695066
12612,-1.2697402327424627,-0.008298802814695066
12613,-1.2697402353954566,-0.008298802814695066
12614,-1.269740238823957,-0.008298802814695066
12615,-1.2697402394295771,-0.008298802814695066
12616,-1.26974024005684,-0.008298802814695066
12617,-1.2697402443418142,-0.008298802814695066
12618,-1.2697402452922157,-0.008298802814695066
12619,-1.2697402479612032,-0.008298802814695066
12620,-1.269740250407151,-0.008298802814695066
12621,-1.2697402535031361,-0.008298802814695066
12622,-1.2697402550414456,-0.008298802814695066
12623,-1.2697402630929646,-0.008298802814695066
12624,-1.2697402649504406,-0.008298802814695066
12625,-1.2697402679637788,-0.008298802814695066
12626,-1.269740272067303,-0.008298802814695066
12627,-1.2697402737085914,-0.008298802814695066
12628,-1.2697402739839754,-0.008298802814695066
12629,-1.2697402757903147,-0.008298802814695066
12630,-1.269740276703395,-0.008298802814695066
12631,-1.2697402777043691,-0.008298802814695066
12632,-1.2697402785716174,-0.008298802814695066
12633,-1.2697402790097823,-0.008298802814695066
12634,-1.2697402817770291,-0.008298802814695066
12635,-1.2697402833921991,-0.008298802814695066
12636,-1.2697402929806347,-0.008298802814695066
12637,-1.2697402941737819,-0.008298802814695066
12638,-1.26974029975653,-0.008298802814695066
12639,-1.269740301341295,-0.008298802814695066
12640,-1.2697403017317854,-0.008298802814695066
12641,-1.2697403020988958,-0.008298802814695066
12642,-1.269740307220633,-0.008298802814695066
12643,-1.2697403076152853,-0.008298802814695066
12644,-1.2697403135592575,-0.008298802814695066
12645,-1.2697403153312332,-0.008298802814695066
12646,-1.2697403189003094,-0.008298802814695066
12647,-1.269740320560718,-0.008298802814695066
12648,-1.2697403207999225,-0.008298802814695066
12649,-1.2697403227742168,-0.008298802814695066
12650,-1.2697403233246125,-0.008298802814695066
12651,-1.2697403246393821,-0.008298802814695066
12652,-1.2697403253624402,-0.008298802814695066
12653,-1.2697403280620234,-0.008298802814695066
12654,-1.2697403310001476,-0.008298802814695066
12655,-1.2697403367012685,-0.008298802814695066
12656,-1.2697403380621015,-0.008298802814695066
12657,-1.2697403383110646,-0.008298802814695066
12658,-1.269740346636824,-0.008298802814695066
12659,-1.2697403468600224,-0.008298802814695066
12660,-1.2697403510325522,-0.008298802814695066
12661,-1.2697403530159037,-0.008298802814695066
12662,-1.269740353545715,-0.008298802814695066
12663,-1.2697403548921762,-0.008298802814695066
12664,-1.2697403572560453,-0.008298802814695066
12665,-1.269740358000853,-0.008298802814695066
12666,-1.2697403585344031,-0.008298802814695066
12667,-1.2697403627587445,-0.008298802814695066
12668,-1.2697403629151536,-0.008298802814695066
12669,-1.269740363221167,-0.008298802814695066
12670,-1.2697403650723222,-0.008298802814695066
12671,-1.269740366009546,-0.008298802814695066
12672,-1.2697403676284182,-0.008298802814695066
12673,-1.269740367988001,-0.008298802814695066
12674,-1.2697403694286633,-0.008298802814695066
12675,-1.2697403695792433,-0.008298802814695066
12676,-1.2697403743036246,-0.008298802814695066
12677,-1.2697403759354586,-0.008298802814695066
12678,-1.2697403767165367,-0.008298802814695066
12679,-1.2697403772524236,-0.008298802814695066
12680,-1.2697403776648457,-0.008298802814695066
12681,-1.2697403778364873,-0.008298802814695066
12682,-1.2697403819842814,-0.008298802814695066
12683,-1.2697403829067002,-0.008298802814695066
12684,-1.2697403831837553,-0.008298802814695066
12685,-1.2697403857756853,-0.008298802814695066
12686,-1.2697403858429581,-0.008298802814695066
12687,-1.2697403907570597,-0.008298802814695066
12688,-1.2697403928025213,-0.008298802814695066
12689,-1.2697403943925387,-0.008298802814695066
12690,-1.2697403987548201,-0.008298802814695066
12691,-1.269740400966851,-0.008298802814695066
12692,-1.269740406571929,-0.008298802814695066
12693,-1.2697404067994864,-0.008298802814695066
12694,-1.2697404088157116,-0.008298802814695066
12695,-1.2697404091777753,-0.008298802814695066
12696,-1.2697404105161705,-0.008298802814695066
12697,-1.269740412754595,-0.008298802814695066
12698,-1.2697404163179766,-0.008298802814695066
12699,-1.269740417475226,-0.008298802814695066
12700,-1.269740422302295,-0.008298802814695066
12701,-1.2697404245014554,-0.008298802814695066
12702,-1.2697404296668444,-0.008298802814695066
12703,-1.2697404356523336,-0.008298802814695066
12704,-1.2697404360862752,-0.008298802814695066
12705,-1.2697404381311135,-0.008298802814695066
12706,-1.2697404411818665,-0.008298802814695066
12707,-1.26974044326732,-0.008298802814695066
12708,-1.2697404449510719,-0.008298802814695066
12709,-1.269740445566967,-0.008298802814695066
12710,-1.2697404483054855,-0.008298802814695066
12711,-1.2697404494613922,-0.008298802814695066
12712,-1.2697404495195619,-0.008298802814695066
12713,-1.2697404526573095,-0.008298802814695066
12714,-1.2697404581212137,-0.008298802814695066
12715,-1.2697404589455747,-0.008298802814695066
12716,-1.2697404595320154,-0.008298802814695066
12717,-1.269740464507656,-0.008298802814695066
12718,-1.2697404725589854,-0.008298802814695066
12719,-1.2697404739812947,-0.008298802814695066
12720,-1.2697404760584894,-0.008298802814695066
12721,-1.2697404773353145,-0.008298802814695066
12722,-1.2697404800972931,-0.008298802814695066
12723,-1.269740483052543,-0.008298802814695066
12724,-1.2697404840384285,-0.008298802814695066
12725,-1.2697404863685526,-0.008298802814695066
12726,-1.2697404880423058,-0.008298802814695066
12727,-1.2697404887575992,-0.008298802814695066
12728,-1.2697404916380575,-0.008298802814695066
12729,-1.26974049395537,-0.008298802814695066
12730,-1.2697404946787159,-0.008298802814695066
12731,-1.269740495359768,-0.008298802814695066
12732,-1.2697404977769586,-0.008298802814695066
12733,-1.2697404983668694,-0.008298802814695066
12734,-1.2697405008169675,-0.008298802814695066
12735,-1.2697405028375905,-0.008298802814695066
12736,-1.2697405042711214,-0.008298802814695066
12737,-1.269740504373986,-0.008298802814695066
12738,-1.2697405058048188,-0.008298802814695066
12739,-1.2697405068611163,-0.008298802814695066
12740,-1.2697405071985717,-0.008298802814695066
12741,-1.269740508445707,-0.008298802814695066
12742,-1.2697405147441359,-0.008298802814695066
12743,-1.269740515437516,-0.008298802814695066
12744,-1.2697405161061202,-0.008298802814695066
12745,-1.2697405162081472,-0.008298802814695066
12746,-1.2697405166100557,-0.008298802814695066
12747,-1.2697405207954462,-0.008298802814695066
12748,-1.2697405229438101,-0.008298802814695066
12749,-1.2697405237919064,-0.008298802814695066
12750,-1.26974052469142,-0.008298802814695066
12751,-1.2697405293134552,-0.008298802814695066
12752,-1.2697405322524755,-0.008298802814695066
12753,-1.2697405334659626,-0.008298802814695066
12754,-1.26974053425872,-0.008298802814695066
12755,-1.2697405357273612,-0.008298802814695066
12756,-1.2697405364489267,-0.008298802814695066
12757,-1.2697405367013221,-0.008298802814695066
12758,-1.2697405377376394,-0.008298802814695066
12759,-1.2697405382217108,-0.008298802814695066
12760,-1.2697405422421264,-0.008298802814695066
12761,-1.269740543822984,-0.008298802814695066
12762,-1.269740544370175,-0.008298802814695066
12763,-1.2697405455414899,-0.008298802814695066
12764,-1.269740547032867,-0.008298802814695066
12765,-1.2697405495317753,-0.008298802814695066
12766,-1.269740551048406,-0.008298802814695066
12767,-1.2697405521350933,-0.008298802814695066
12768,-1.2697405537366553,-0.008298802814695066
12769,-1.26974055408238,-0.008298802814695066
12770,-1.2697405576883702,-0.008298802814695066
12771,-1.2697405595984916,-0.008298802814695066
12772,-1.2697405631589087,-0.008298802814695066
12773,-1.2697405709005896,-0.008298802814695066
12774,-1.2697405729642215,-0.008298802814695066
12775,-1.269740574185895,-0.008298802814695066
12776,-1.2697405746121175,-0.008298802814695066
12777,-1.2697405787107954,-0.008298802814695066
12778,-1.2697405803625046,-0.008298802814695066
12779,-1.2697405873936838,-0.008298802814695066
12780,-1.2697405876967451,-0.008298802814695066
12781,-1.2697405892359965,-0.008298802814695066
12782,-1.2697405901476075,-0.008298802814695066
12783,-1.2697405926178305,-0.008298802814695066
12784,-1.2697405942438844,-0.008298802814695066
12785,-1.2697405944308175,-0.008298802814695066
12786,-1.2697405955762462,-0.008298802814695066
12787,-1.2697405975334464,-0.008298802814695066
12788,-1.2697406011251084,-0.008298802814695066
12789,-1.269740601317639,-0.008298802814695066
12790,-1.269740602190553,-0.008298802814695066
12791,-1.2697406032236696,-0.008298802814695066
12792,-1.2697406047010442,-0.008298802814695066
12793,-1.2697406056407905,-0.008298802814695066
12794,-1.2697406080039477,-0.008298802814695066
12795,-1.2697406103504656,-0.008298802814695066
12796,-1.2697406120101014,-0.008298802814695066
12797,-1.2697406135494558,-0.008298802814695066
12798,-1.2697406151220094,-0.008298802814695066
12799,-1.269740615939362,-0.008298802814695066
12800,-1.269740619061826,-0.008298802814695066
12801,-1.2697406201188222,-0.008298802814695066
12802,-1.2697406202827013,-0.008298802814695066
12803,-1.2697406250272807,-0.008298802814695066
12804,-1.2697406253591568,-0.008298802814695066
12805,-1.2697406359083814,-0.008298802814695066
12806,-1.2697406360698096,-0.008298802814695066
12807,-1.2697406389723767,-0.008298802814695066
12808,-1.2697406401943137,-0.008298802814695066
12809,-1.2697406425951328,-0.008298802814695066
12810,-1.2697406474774222,-0.008298802814695066
12811,-1.2697406478430164,-0.008298802814695066
12812,-1.26974064950045,-0.008298802814695066
12813,-1.2697406497382473,-0.008298802814695066
12814,-1.2697406513214837,-0.008298802814695066
12815,-1.2697406555243935,-0.008298802814695066
12816,-1.269740656270314,-0.008298802814695066
12817,-1.26974065724443,-0.008298802814695066
12818,-1.269740657664591,-0.008298802814695066
12819,-1.2697406587926001,-0.008298802814695066
12820,-1.2697406593084275,-0.008298802814695066
12821,-1.2697406602991947,-0.008298802814695066
12822,-1.2697406616840468,-0.008298802814695066
12823,-1.2697406622737335,-0.008298802814695066
12824,-1.26974066902539,-0.008298802814695066
12825,-1.2697406699023577,-0.008298802814695066
12826,-1.2697406716095936,-0.008298802814695066
12827,-1.2697406720982687,-0.008298802814695066
12828,-1.2697406751060374,-0.008298802814695066
12829,-1.2697406757290333,-0.008298802814695066
12830,-1.269740676443571,-0.008298802814695066
12831,-1.2697406767340533,-0.008298802814695066
12832,-1.2697406768194346,-0.008298802814695066
12833,-1.2697406776419502,-0.008298802814695066
12834,-1.269740682474906,-0.008298802814695066
12835,-1.269740685057866,-0.008298802814695066
12836,-1.2697406867442504,-0.008298802814695066
12837,-1.2697406868992558,-0.008298802814695066
12838,-1.2697406904615136,-0.008298802814695066
12839,-1.2697406929642383,-0.008298802814695066
12840,-1.2697406972649818,-0.008298802814695066
12841,-1.2697406974145646,-0.008298802814695066
12842,-1.269740700674301,-0.008298802814695066
12843,-1.2697407007502974,-0.008298802814695066
12844,-1.2697407021979366,-0.008298802814695066
12845,-1.269740702345949,-0.008298802814695066
12846,-1.2697407028933614,-0.008298802814695066
12847,-1.2697407073373932,-0.008298802814695066
12848,-1.2697407114614574,-0.008298802814695066
12849,-1.2697407118751363,-0.008298802814695066
12850,-1.2697407119668571,-0.008298802814695066
12851,-1.2697407125183402,-0.008298802814695066
12852,-1.269740712614198,-0.008298802814695066
12853,-1.2697407134471255,-0.008298802814695066
12854,-1.2697407149850717,-0.008298802814695066
12855,-1.2697407177730462,-0.008298802814695066
12856,-1.2697407207099827,-0.008298802814695066
12857,-1.269740722466406,-0.008298802814695066
12858,-1.2697407236033413,-0.008298802814695066
12859,-1.2697407273004981,-0.008298802814695066
12860,-1.2697407286854894,-0.008298802814695066
12861,-1.2697407289688756,-0.008298802814695066
12862,-1.269740730385462,-0.008298802814695066
12863,-1.2697407322967078,-0.008298802814695066
12864,-1.2697407340248623,-0.008298802814695066
12865,-1.2697407355074566,-0.008298802814695066
12866,-1.2697407363302715,-0.008298802814695066
12867,-1.2697407367400517,-0.008298802814695066
12868,-1.26974073983497,-0.008298802814695066
12869,-1.269740740236024,-0.008298802814695066
12870,-1.2697407404106804,-0.008298802814695066
12871,-1.269740740537077,-0.008298802814695066
12872,-1.269740740552486,-0.008298802814695066
12873,-1.2697407431492644,-0.008298802814695066
12874,-1.2697407472386253,-0.008298802814695066
12875,-1.2697407473481455,-0.008298802814695066
12876,-1.2697407489955648,-0.008298802814695066
12877,-1.269740749807335,-0.008298802814695066
12878,-1.2697407510461147,-0.008298802814695066
12879,-1.2697407537960637,-0.008298802814695066
12880,-1.2697407540147385,-0.008298802814695066
12881,-1.2697407578893847,-0.008298802814695066
12882,-1.2697407590985024,-0.008298802814695066
12883,-1.2697407595654027,-0.008298802814695066
12884,-1.269740762747045,-0.008298802814695066
12885,-1.269740765094593,-0.008298802814695066
12886,-1.2697407657432818,-0.008298802814695066
12887,-1.269740766622797,-0.008298802814695066
12888,-1.2697407671669354,-0.008298802814695066
12889,-1.2697407682958464,-0.008298802814695066
12890,-1.2697407702649257,-0.008298802814695066
12891,-1.269740773410239,-0.008298802814695066
12892,-1.2697407744803537,-0.008298802814695066
12893,-1.2697407758879709,-0.008298802814695066
12894,-1.2697407765383972,-0.008298802814695066
12895,-1.2697407767302147,-0.008298802814695066
12896,-1.2697407777109306,-0.008298802814695066
12897,-1.269740780865103,-0.008298802814695066
12898,-1.2697407814122008,-0.008298802814695066
12899,-1.269740781662451,-0.008298802814695066
12900,-1.269740783590412,-0.008298802814695066
12901,-1.269740787563648,-0.008298802814695066
12902,-1.269740789439819,-0.008298802814695066
12903,-1.2697407916842334,-0.008298802814695066
12904,-1.2697407917526111,-0.008298802814695066
12905,-1.2697407919899626,-0.008298802814695066
12906,-1.2697407921471728,-0.008298802814695066
12907,-1.2697407924765867,-0.008298802814695066
12908,-1.2697407939430645,-0.008298802814695066
12909,-1.2697407943534607,-0.008298802814695066
12910,-1.2697407953979287,-0.008298802814695066
12911,-1.2697407958939781,-0.008298802814695066
12912,-1.2697407968426053,-0.008298802814695066
12913,-1.269740798077772,-0.008298802814695066
12914,-1.2697407985695688,-0.008298802814695066
12915,-1.2697408001751218,-0.008298802814695066
12916,-1.2697408018465992,-0.008298802814695066
12917,-1.2697408022295402,-0.008298802814695066
12918,-1.269740802309808,-0.008298802814695066
12919,-1.269740802387536,-0.008298802814695066
12920,-1.269740802587786,-0.008298802814695066
12921,-1.2697408028983808,-0.008298802814695066
12922,-1.2697408036678495,-0.008298802814695066
12923,-1.2697408048723404,-0.008298802814695066
12924,-1.2697408052968768,-0.008298802814695066
12925,-1.2697408058929567,-0.008298802814695066
12926,-1.2697408072339438,-0.008298802814695066
12927,-1.26974080818564,-0.008298802814695066
12928,-1.2697408087467772,-0.008298802814695066
12929,-1.2697408098435676,-0.008298802814695066
12930,-1.2697408115317312,-0.008298802814695066
12931,-1.2697408115377466,-0.008298802814695066
12932,-1.2697408140370587,-0.008298802814695066
12933,-1.269740814765019,-0.008298802814695066
12934,-1.269740815111108,-0.008298802814695066
12935,-1.269740815953685,-0.008298802814695066
12936,-1.269740816040521,-0.008298802814695066
12937,-1.2697408163306665,-0.008298802814695066
12938,-1.2697408219535147,-0.008298802814695066
12939,-1.26974082202675,-0.008298802814695066
12940,-1.2697408242182804,-0.008298802814695066
12941,-1.26974082433613,-0.008298802814695066
12942,-1.2697408248658915,-0.008298802814695066
12943,-1.269740824935599,-0.008298802814695066
12944,-1.2697408256538938,-0.008298802814695066
12945,-1.2697408257761769,-0.008298802814695066
12946,-1.2697408260266396,-0.008298802814695066
12947,-1.2697408287608778,-0.008298802814695066
12948,-1.2697408289551877,-0.008298802814695066
12949,-1.269740829016909,-0.008298802814695066
12950,-1.2697408330675803,-0.008298802814695066
12951,-1.269740833943711,-0.008298802814695066
12952,-1.2697408359575322,-0.008298802814695066
12953,-1.2697408377713988,-0.008298802814695066
12954,-1.2697408395969474,-0.008298802814695066
12955,-1.2697408396423513,-0.008298802814695066
12956,-1.2697408400517998,-0.008298802814695066
12957,-1.2697408402871886,-0.008298802814695066
12958,-1.2697408412097166,-0.008298802814695066
12959,-1.2697408416794613,-0.008298802814695066
12960,-1.2697408452327945,-0.008298802814695066
12961,-1.269740845320651,-0.008298802814695066
12962,-1.269740845837646,-0.008298802814695066
12963,-1.26974085192957,-0.008298802814695066
12964,-1.2697408559043848,-0.008298802814695066
12965,-1.2697408577415055,-0.008298802814695066
12966,-1.2697408585812797,-0.008298802814695066
12967,-1.2697408604658713,-0.008298802814695066
12968,-1.2697408617566834,-0.008298802814695066
12969,-1.269740863053158,-0.008298802814695066
12970,-1.2697408646050254,-0.008298802814695066
12971,-1.2697408649199389,-0.008298802814695066
12972,-1.2697408651419413,-0.008298802814695066
12973,-1.2697408660406946,-0.008298802814695066
12974,-1.2697408681498108,-0.008298802814695066
12975,-1.2697408691688672,-0.008298802814695066
12976,-1.2697408701127548,-0.008298802814695066
12977,-1.2697408719052792,-0.008298802814695066
12978,-1.2697408730540183,-0.008298802814695066
12979,-1.2697408734439954,-0.008298802814695066
12980,-1.2697408738984841,-0.008298802814695066
12981,-1.2697408758973991,-0.008298802814695066
12982,-1.269740877447039,-0.008298802814695066
12983,-1.269740877922153,-0.008298802814695066
12984,-1.2697408798824636,-0.008298802814695066
12985,-1.2697408800461587,-0.008298802814695066
12986,-1.2697408813167272,-0.008298802814695066
12987,-1.2697408817718243,-0.008298802814695066
12988,-1.2697408819051539,-0.008298802814695066
12989,-1.2697408821147749,-0.008298802814695066
12990,-1.2697408833419688,-0.008298802814695066
12991,-1.2697408841835378,-0.008298802814695066
12992,-1.2697408851854588,-0.008298802814695066
12993,-1.2697408884578518,-0.008298802814695066
12994,-1.2697408914347443,-0.008298802814695066
12995,-1.269740894360734,-0.008298802814695066
12996,-1.2697408952307159,-0.008298802814695066
12997,-1.2697408966225752,-0.008298802814695066
12998,-1.269740900051518,-0.008298802814695066
12999,-1.2697409002043685,-0.008298802814695066
13000,-1.2697409002927806,-0.008298802814695066
13001,-1.269740900313557,-0.008298802814695066
13002,-1.2697409013125982,-0.008298802814695066
13003,-1.269740902637372,-0.008298802814695066
13004,-1.2697409026911783,-0.008298802814695066
13005,-1.2697409058435865,-0.008298802814695066
13006,-1.2697409059099685,-0.008298802814695066
13007,-1.2697409060535052,-0.008298802814695066
13008,-1.2697409062407519,-0.008298802814695066
13009,-1.2697409086072686,-0.008298802814695066
13010,-1.2697409088562353,-0.008298802814695066
13011,-1.2697409092281922,-0.008298802814695066
13012,-1.269740909793097,-0.008298802814695066
13013,-1.2697409110598228,-0.008298802814695066
13014,-1.2697409112068685,-0.008298802814695066
13015,-1.2697409113244014,-0.008298802814695066
13016,-1.2697409124979622,-0.008298802814695066
13017,-1.2697409137909426,-0.008298802814695066
13018,-1.269740915588886,-0.008298802814695066
13019,-1.26974091798754,-0.008298802814695066
13020,-1.2697409190020341,-0.008298802814695066
13021,-1.269740919368285,-0.008298802814695066
13022,-1.269740919763539,-0.008298802814695066
13023,-1.2697409199925977,-0.008298802814695066
13024,-1.26974092056324,-0.008298802814695066
13025,-1.2697409209687671,-0.008298802814695066
13026,-1.2697409212068593,-0.008298802814695066
13027,-1.2697409246599447,-0.008298802814695066
13028,-1.2697409248451155,-0.008298802814695066
13029,-1.2697409284801784,-0.008298802814695066
13030,-1.2697409289979371,-0.008298802814695066
13031,-1.2697409295475133,-0.008298802814695066
13032,-1.2697409309714338,-0.008298802814695066
13033,-1.269740930999336,-0.008298802814695066
13034,-1.2697409321733624,-0.008298802814695066
13035,-1.2697409325042903,-0.008298802814695066
13036,-1.2697409326757283,-0.008298802814695066
13037,-1.2697409337758865,-0.008298802814695066
13038,-1.2697409348833844,-0.008298802814695066
13039,-1.2697409352814482,-0.008298802814695066
13040,-1.2697409378653903,-0.008298802814695066
13041,-1.2697409429745217,-0.008298802814695066
13042,-1.2697409461555678,-0.008298802814695066
13043,-1.269740947077655,-0.008298802814695066
13044,-1.2697409477310413,-0.008298802814695066
13045,-1.2697409504792923,-0.008298802814695066
13046,-1.269740951996174,-0.008298802814695066
13047,-1.2697409523129082,-0.008298802814695066
13048,-1.2697409557255979,-0.008298802814695066
13049,-1.2697409568677978,-0.008298802814695066
13050,-1.269740956922372,-0.008298802814695066
13051,-1.2697409583688268,-0.008298802814695066
13052,-1.2697409597826959,-0.008298802814695066
13053,-1.2697409635576984,-0.008298802814695066
13054,-1.2697409661380643,-0.008298802814695066
13055,-1.2697409668645296,-0.008298802814695066
13056,-1.2697409685298593,-0.008298802814695066
13057,-1.2697409689532464,-0.008298802814695066
13058,-1.2697409714005077,-0.008298802814695066
13059,-1.269740972100145,-0.008298802814695066
13060,-1.2697409724365338,-0.008298802814695066
13061,-1.2697409758713132,-0.008298802814695066
13062,-1.2697409778555582,-0.008298802814695066
13063,-1.2697409788228262,-0.008298802814695066
13064,-1.26974097899597,-0.008298802814695066
13065,-1.2697409797831498,-0.008298802814695066
13066,-1.2697409807974902,-0.008298802814695066
13067,-1.269740982044019,-0.008298802814695066
13068,-1.2697409852548711,-0.008298802814695066
13069,-1.2697409853873078,-0.008298802814695066
13070,-1.269740986500933,-0.008298802814695066
13071,-1.2697409870925425,-0.008298802814695066
13072,-1.26974098984093,-0.008298802814695066
13073,-1.2697409901200074,-0.008298802814695066
13074,-1.2697409904555537,-0.008298802814695066
13075,-1.2697409918961082,-0.008298802814695066
13076,-1.2697409924142646,-0.008298802814695066
13077,-1.2697409935094128,-0.008298802814695066
13078,-1.2697409993564839,-0.008298802814695066
13079,-1.2697410002663732,-0.008298802814695066
13080,-1.2697410005508916,-0.008298802814695066
13081,-1.2697410024071263,-0.008298802814695066
13082,-1.2697410029156617,-0.008298802814695066
13083,-1.2697410053125675,-0.008298802814695066
13084,-1.2697410054138298,-0.008298802814695066
13085,-1.2697410065709545,-0.008298802814695066
13086,-1.2697410076142939,-0.008298802814695066
13087,-1.2697410084691485,-0.008298802814695066
13088,-1.2697410126084736,-0.008298802814695066
13089,-1.2697410127274282,-0.008298802814695066
13090,-1.2697410136148308,-0.008298802814695066
13091,-1.2697410140985395,-0.008298802814695066
13092,-1.269741014556009,-0.008298802814695066
13093,-1.269741017060575,-0.008298802814695066
13094,-1.2697410185166265,-0.008298802814695066
13095,-1.2697410198759655,-0.008298802814695066
13096,-1.269741020708971,-0.008298802814695066
13097,-1.2697410214072637,-0.008298802814695066
13098,-1.2697410242655272,-0.008298802814695066
13099,-1.2697410278322767,-0.008298802814695066
13100,-1.2697410281584525,-0.008298802814695066
13101,-1.269741028765542,-0.008298802814695066
13102,-1.2697410289343378,-0.008298802814695066
13103,-1.269741030152237,-0.008298802814695066
13104,-1.269741031709274,-0.008298802814695066
13105,-1.2697410318946574,-0.008298802814695066
13106,-1.2697410322914944,-0.008298802814695066
13107,-1.2697410344148479,-0.008298802814695066
13108,-1.2697410349904539,-0.008298802814695066
13109,-1.269741035663388,-0.008298802814695066
13110,-1.2697410363587924,-0.008298802814695066
13111,-1.2697410388969672,-0.008298802814695066
13112,-1.2697410389797943,-0.008298802814695066
13113,-1.269741040415484,-0.008298802814695066
13114,-1.2697410413724173,-0.008298802814695066
13115,-1.2697410432027687,-0.008298802814695066
13116,-1.2697410450168416,-0.008298802814695066
13117,-1.269741045142815,-0.008298802814695066
13118,-1.2697410453972975,-0.008298802814695066
13119,-1.2697410457339438,-0.008298802814695066
13120,-1.2697410474981565,-0.008298802814695066
13121,-1.2697410480523672,-0.008298802814695066
13122,-1.2697410489204142,-0.008298802814695066
13123,-1.2697410494974481,-0.008298802814695066
13124,-1.269741052785784,-0.008298802814695066
13125,-1.2697410548122665,-0.008298802814695066
13126,-1.2697410552993618,-0.008298802814695066
13127,-1.269741056265064,-0.008298802814695066
13128,-1.269741058623846,-0.008298802814695066
13129,-1.2697410600723547,-0.008298802814695066
13130,-1.2697410612362063,-0.008298802814695066
13131,-1.269741062109512,-0.008298802814695066
13132,-1.2697410621419372,-0.008298802814695066
13133,-1.2697410625333037,-0.008298802814695066
13134,-1.2697410631423185,-0.008298802814695066
13135,-1.269741063655475,-0.008298802814695066
13136,-1.2697410661341388,-0.008298802814695066
13137,-1.2697410663550857,-0.008298802814695066
13138,-1.2697410670150169,-0.008298802814695066
13139,-1.2697410672742668,-0.008298802814695066
13140,-1.2697410673127827,-0.008298802814695066
13141,-1.269741068534396,-0.008298802814695066
13142,-1.2697410687875998,-0.008298802814695066
13143,-1.2697410698806548,-0.008298802814695066
13144,-1.2697410701320702,-0.008298802814695066
13145,-1.2697410703901573,-0.008298802814695066
13146,-1.269741070585519,-0.008298802814695066
13147,-1.269741070660177,-0.008298802814695066
13148,-1.2697410708604315,-0.008298802814695066
13149,-1.269741071176751,-0.008298802814695066
13150,-1.269741071572747,-0.008298802814695066
13151,-1.2697410727178888,-0.008298802814695066
13152,-1.2697410736855588,-0.008298802814695066
13153,-1.2697410751771354,-0.008298802814695066
13154,-1.2697410761984547,-0.008298802814695066
13155,-1.269741076801727,-0.008298802814695066
13156,-1.2697410771546342,-0.008298802814695066
13157,-1.2697410778739748,-0.008298802814695066
13158,-1.269741078240048,-0.008298802814695066
13159,-1.2697410792708574,-0.008298802814695066
13160,-1.2697410799466977,-0.008298802814695066
13161,-1.2697410805997629,-0.008298802814695066
13162,-1.2697410816028565,-0.008298802814695066
13163,-1.2697410819011006,-0.008298802814695066
13164,-1.269741082423029,-0.008298802814695066
13165,-1.2697410834882845,-0.008298802814695066
13166,-1.2697410874813508,-0.008298802814695066
13167,-1.269741088768814,-0.008298802814695066
13168,-1.2697410892162864,-0.008298802814695066
13169,-1.2697410899053916,-0.008298802814695066
13170,-1.2697410914139375,-0.008298802814695066
13171,-1.2697410934496458,-0.008298802814695066
13172,-1.269741093459044,-0.008298802814695066
13173,-1.2697410944172014,-0.008298802814695066
13174,-1.269741095508364,-0.008298802814695066
13175,-1.2697410987889848,-0.008298802814695066
13176,-1.2697410988349223,-0.008298802814695066
13177,-1.2697410990291402,-0.008298802814695066
13178,-1.2697411004265473,-0.008298802814695066
13179,-1.2697411007734583,-0.008298802814695066
13180,-1.2697411015208684,-0.008298802814695066
13181,-1.2697411015913354,-0.008298802814695066
13182,-1.269741104274176,-0.008298802814695066
13183,-1.269741104401649,-0.008298802814695066
13184,-1.2697411045751232,-0.008298802814695066
13185,-1.2697411049278104,-0.008298802814695066
13186,-1.2697411049299205,-0.008298802814695066
13187,-1.2697411050084484,-0.008298802814695066
13188,-1.2697411067555082,-0.008298802814695066
13189,-1.2697411082277057,-0.008298802814695066
13190,-1.2697411112873145,-0.008298802814695066
13191,-1.2697411119520774,-0.008298802814695066
13192,-1.2697411122518665,-0.008298802814695066
13193,-1.2697411125819633,-0.008298802814695066
13194,-1.269741113470374,-0.008298802814695066
13195,-1.2697411137112717,-0.008298802814695066
13196,-1.2697411138747388,-0.008298802814695066
13197,-1.2697411168842367,-0.008298802814695066
13198,-1.2697411169171136,-0.008298802814695066
13199,-1.2697411174918467,-0.008298802814695066
13200,-1.2697411180115583,-0.008298802814695066
13201,-1.2697411181724978,-0.008298802814695066
13202,-1.2697411195198467,-0.008298802814695066
13203,-1.2697411200685087,-0.008298802814695066
13204,-1.2697411207344897,-0.008298802814695066
13205,-1.2697411207454254,-0.008298802814695066
13206,-1.2697411219794754,-0.008298802814695066
13207,-1.2697411221075514,-0.008298802814695066
13208,-1.269741126016566,-0.008298802814695066
13209,-1.2697411261211267,-0.008298802814695066
13210,-1.2697411273586914,-0.008298802814695066
13211,-1.2697411285554139,-0.008298802814695066
13212,-1.2697411298185806,-0.008298802814695066
13213,-1.2697411303407053,-0.008298802814695066
13214,-1.2697411303851376,-0.008298802814695066
13215,-1.2697411319467558,-0.008298802814695066
13216,-1.269741132441292,-0.008298802814695066
13217,-1.2697411325258896,-0.008298802814695066
13218,-1.269741132776143,-0.008298802814695066
13219,-1.2697411373978345,-0.008298802814695066
13220,-1.2697411383153419,-0.008298802814695066
13221,-1.2697411384176598,-0.008298802814695066
13222,-1.2697411405594783,-0.008298802814695066
13223,-1.269741140853157,-0.008298802814695066
13224,-1.269741140857294,-0.008298802814695066
13225,-1.2697411424693275,-0.008298802814695066
13226,-1.2697411444621232,-0.008298802814695066
13227,-1.2697411460387835,-0.008298802814695066
13228,-1.2697411460889731,-0.008298802814695066
13229,-1.2697411462072665,-0.008298802814695066
13230,-1.2697411464581805,-0.008298802814695066
13231,-1.269741146879437,-0.008298802814695066
13232,-1.2697411469150925,-0.008298802814695066
13233,-1.2697411477482416,-0.008298802814695066
13234,-1.2697411483912582,-0.008298802814695066
13235,-1.2697411486482935,-0.008298802814695066
13236,-1.269741152207234,-0.008298802814695066
13237,-1.269741152596495,-0.008298802814695066
13238,-1.2697411528574185,-0.008298802814695066
13239,-1.2697411543031987,-0.008298802814695066
13240,-1.2697411546432966,-0.008298802814695066
13241,-1.2697411549263218,-0.008298802814695066
13242,-1.269741155426828,-0.008298802814695066
13243,-1.2697411564233532,-0.008298802814695066
13244,-1.2697411565743204,-0.008298802814695066
13245,-1.2697411574239623,-0.008298802814695066
13246,-1.2697411578240174,-0.008298802814695066
13247,-1.2697411617967664,-0.008298802814695066
13248,-1.2697411625374038,-0.008298802814695066
13249,-1.2697411629516635,-0.008298802814695066
13250,-1.2697411630960889,-0.008298802814695066
13251,-1.2697411630990447,-0.008298802814695066
13252,-1.2697411639504903,-0.008298802814695066
13253,-1.2697411647157404,-0.008298802814695066
13254,-1.2697411672276375,-0.008298802814695066
13255,-1.2697411674354813,-0.008298802814695066
13256,-1.269741169154364,-0.008298802814695066
13257,-1.2697411699500873,-0.008298802814695066
13258,-1.2697411709698014,-0.008298802814695066
13259,-1.2697411719625498,-0.008298802814695066
13260,-1.2697411724985717,-0.008298802814695066
13261,-1.2697411727416212,-0.008298802814695066
13262,-1.2697411732138633,-0.008298802814695066
13263,-1.2697411741818403,-0.008298802814695066
13264,-1.2697411747793126,-0.008298802814695066
13265,-1.2697411756806998,-0.008298802814695066
13266,-1.2697411768674505,-0.008298802814695066
13267,-1.2697411770425373,-0.008298802814695066
13268,-1.2697411771840759,-0.008298802814695066
13269,-1.2697411782753218,-0.008298802814695066
13270,-1.2697411803247651,-0.008298802814695066
13271,-1.2697411843896895,-0.008298802814695066
13272,-1.269741184426354,-0.008298802814695066
13273,-1.269741184540774,-0.008298802814695066
13274,-1.2697411845447328,-0.008298802814695066
13275,-1.2697411851325469,-0.008298802814695066
13276,-1.2697411856665357,-0.008298802814695066
13277,-1.2697411864582873,-0.008298802814695066
13278,-1.2697411870267254,-0.008298802814695066
13279,-1.2697411870371342,-0.008298802814695066
13280,-1.2697411878597162,-0.008298802814695066
13281,-1.2697411885011423,-0.008298802814695066
13282,-1.269741188665026,-0.008298802814695066
13283,-1.2697411891954267,-0.008298802814695066
13284,-1.2697411895943433,-0.008298802814695066
13285,-1.2697411907147245,-0.008298802814695066
13286,-1.2697411908025045,-0.008298802814695066
13287,-1.2697411916519346,-0.008298802814695066
13288,-1.2697411917401378,-0.008298802814695066
13289,-1.2697411917627615,-0.008298802814695066
13290,-1.2697411925745348,-0.008298802814695066
13291,-1.2697411939573764,-0.008298802814695066
13292,-1.2697411941913221,-0.008298802814695066
13293,-1.2697411960058989,-0.008298802814695066
13294,-1.2697411962512246,-0.008298802814695066
13295,-1.269741196780122,-0.008298802814695066
13296,-1.2697411976640374,-0.008298802814695066
13297,-1.2697411977364874,-0.008298802814695066
13298,-1.2697411989479341,-0.008298802814695066
13299,-1.269741198956277,-0.008298802814695066
13300,-1.269741199420514,-0.008298802814695066
13301,-1.2697411996753722,-0.008298802814695066
13302,-1.2697412018771885,-0.008298802814695066
13303,-1.269741203194104,-0.008298802814695066
13304,-1.269741203868381,-0.008298802814695066
13305,-1.2697412040216332,-0.008298802814695066
13306,-1.2697412043666403,-0.008298802814695066
13307,-1.269741204447583,-0.008298802814695066
13308,-1.269741204552622,-0.008298802814695066
13309,-1.269741205910418,-0.008298802814695066
13310,-1.2697412074402423,-0.008298802814695066
13311,-1.269741207462107,-0.008298802814695066
13312,-1.2697412081648958,-0.008298802814695066
13313,-1.26974121008734,-0.008298802814695066
13314,-1.2697412111993844,-0.008298802814695066
13315,-1.2697412115479452,-0.008298802814695066
13316,-1.2697412125015903,-0.008298802814695066
13317,-1.269741212536829,-0.008298802814695066
13318,-1.269741213325572,-0.008298802814695066
13319,-1.26974121363476,-0.008298802814695066
13320,-1.2697412145880742,-0.008298802814695066
13321,-1.2697412157575767,-0.008298802814695066
13322,-1.2697412172160143,-0.008298802814695066
13323,-1.2697412173301121,-0.008298802814695066
13324,-1.269741217873883,-0.008298802814695066
13325,-1.2697412199594211,-0.008298802814695066
13326,-1.2697412222895483,-0.008298802814695066
13327,-1.2697412227723741,-0.008298802814695066
13328,-1.2697412234437682,-0.008298802814695066
13329,-1.2697412238023134,-0.008298802814695066
13330,-1.2697412251231188,-0.008298802814695066
13331,-1.269741226469297,-0.008298802814695066
13332,-1.2697412265837662,-0.008298802814695066
13333,-1.2697412269519934,-0.008298802814695066
13334,-1.2697412272596156,-0.008298802814695066
13335,-1.2697412272859239,-0.008298802814695066
13336,-1.2697412276312545,-0.008298802814695066
13337,-1.2697412280224813,-0.008298802814695066
13338,-1.269741228407288,-0.008298802814695066
13339,-1.2697412300342417,-0.008298802814695066
13340,-1.2697412300804873,-0.008298802814695066
13341,-1.2697412316810666,-0.008298802814695066
13342,-1.2697412321273305,-0.008298802814695066
13343,-1.2697412333306675,-0.008298802814695066
13344,-1.2697412333919622,-0.008298802814695066
13345,-1.2697412346090138,-0.008298802814695066
13346,-1.2697412355537778,-0.008298802814695066
13347,-1.2697412362659781,-0.008298802814695066
13348,-1.2697412365293141,-0.008298802814695066
13349,-1.2697412379698014,-0.008298802814695066
13350,-1.269741238876629,-0.008298802814695066
13351,-1.269741239889046,-0.008298802814695066
13352,-1.2697412400056043,-0.008298802814695066
13353,-1.2697412402484356,-0.008298802814695066
13354,-1.2697412406434634,-0.008298802814695066
13355,-1.269741240861275,-0.008298802814695066
13356,-1.2697412429093538,-0.008298802814695066
13357,-1.2697412429373673,-0.008298802814695066
13358,-1.2697412437384212,-0.008298802814695066
13359,-1.2697412440882672,-0.008298802814695066
13360,-1.2697412441761577,-0.008298802814695066
13361,-1.2697412449197958,-0.008298802814695066
13362,-1.2697412456649315,-0.008298802814695066
13363,-1.2697412460307154,-0.008298802814695066
13364,-1.269741246846836,-0.008298802814695066
13365,-1.2697412473248795,-0.008298802814695066
13366,-1.269741249516356,-0.008298802814695066
13367,-1.2697412516830169,-0.008298802814695066
13368,-1.2697412531080527,-0.008298802814695066
13369,-1.269741253826022,-0.008298802814695066
13370,-1.269741254015253,-0.008298802814695066
13371,-1.2697412547706706,-0.008298802814695066
13372,-1.2697412553416554,-0.008298802814695066
13373,-1.2697412566099087,-0.008298802814695066
13374,-1.269741257697447,-0.008298802814695066
13375,-1.2697412577969445,-0.008298802814695066
13376,-1.2697412594034536,-0.008298802814695066
13377,-1.2697412597175466,-0.008298802814695066
13378,-1.2697412600957638,-0.008298802814695066
13379,-1.2697412603341807,-0.008298802814695066
13380,-1.2697412606829297,-0.008298802814695066
13381,-1.2697412630704628,-0.008298802814695066
13382,-1.2697412633418195,-0.008298802814695066
13383,-1.2697412637898855,-0.008298802814695066
13384,-1.2697412638871641,-0.008298802814695066
13385,-1.2697412640974832,-0.008298802814695066
13386,-1.2697412652528666,-0.008298802814695066
13387,-1.2697412670564527,-0.008298802814695066
13388,-1.269741267287329,-0.008298802814695066
13389,-1.2697412692632306,-0.008298802814695066
13390,-1.2697412706549163,-0.008298802814695066
13391,-1.2697412712844556,-0.008298802814695066
13392,-1.2697412728441246,-0.008298802814695066
13393,-1.2697412741593808,-0.008298802814695066
13394,-1.2697412744950691,-0.008298802814695066
13395,-1.2697412758523436,-0.008298802814695066
13396,-1.2697412760624407,-0.008298802814695066
13397,-1.2697412802888057,-0.008298802814695066
13398,-1.269741280291448,-0.008298802814695066
13399,-1.269741280570214,-0.008298802814695066
13400,-1.2697412807642234,-0.008298802814695066
13401,-1.2697412811219997,-0.008298802814695066
13402,-1.2697412813811004,-0.008298802814695066
13403,-1.2697412835554165,-0.008298802814695066
13404,-1.2697412835743,-0.008298802814695066
13405,-1.2697412836189574,-0.008298802814695066
13406,-1.2697412836796031,-0.008298802814695066
13407,-1.2697412844827762,-0.008298802814695066
13408,-1.2697412849426786,-0.008298802814695066
13409,-1.2697412856098496,-0.008298802814695066
13410,-1.2697412861556618,-0.008298802814695066
13411,-1.2697412869635127,-0.008298802814695066
13412,-1.269741287300021,-0.008298802814695066
13413,-1.2697412879351881,-0.008298802814695066
13414,-1.2697412884404806,-0.008298802814695066
13415,-1.2697412885552612,-0.008298802814695066
13416,-1.2697412886185302,-0.008298802814695066
13417,-1.2697412890425797,-0.008298802814695066
13418,-1.2697412890473059,-0.008298802814695066
13419,-1.2697412894572526,-0.008298802814695066
13420,-1.2697412902247638,-0.008298802814695066
13421,-1.2697412902677703,-0.008298802814695066
13422,-1.2697412906023375,-0.008298802814695066
13423,-1.2697412908466448,-0.008298802814695066
13424,-1.2697412918115056,-0.008298802814695066
13425,-1.2697412924224292,-0.008298802814695066
13426,-1.2697412926128535,-0.008298802814695066
13427,-1.269741294199242,-0.008298802814695066
13428,-1.269741294433403,-0.008298802814695066
13429,-1.2697412953115848,-0.008298802814695066
13430,-1.2697412958756487,-0.008298802814695066
13431,-1.2697412972832973,-0.008298802814695066
13432,-1.2697412978445903,-0.008298802814695066
13433,-1.269741298421576,-0.008298802814695066
13434,-1.2697412990885568,-0.008298802814695066
13435,-1.2697413008805858,-0.008298802814695066
13436,-1.2697413009093637,-0.008298802814695066
13437,-1.269741301158669,-0.008298802814695066
13438,-1.26974130139952,-0.008298802814695066
13439,-1.2697413014672008,-0.008298802814695066
13440,-1.2697413026402864,-0.008298802814695066
13441,-1.2697413028604938,-0.008298802814695066
13442,-1.2697413031778446,-0.008298802814695066
13443,-1.2697413032469085,-0.008298802814695066
13444,-1.2697413034650384,-0.008298802814695066
13445,-1.2697413035912928,-0.008298802814695066
13446,-1.269741303920358,-0.008298802814695066
13447,-1.2697413051926911,-0.008298802814695066
13448,-1.2697413062920693,-0.008298802814695066
13449,-1.2697413067617473,-0.008298802814695066
13450,-1.2697413070659525,-0.008298802814695066
13451,-1.2697413109170097,-0.008298802814695066
13452,-1.2697413113691924,-0.008298802814695066
13453,-1.2697413123644667,-0.008298802814695066
13454,-1.2697413127842012,-0.008298802814695066
13455,-1.2697413129979656,-0.008298802814695066
13456,-1.2697413132685589,-0.008298802814695066
13457,-1.2697413137333928,-0.008298802814695066
13458,-1.2697413140951999,-0.008298802814695066
13459,-1.2697413145116265,-0.008298802814695066
13460,-1.2697413152228465,-0.008298802814695066
13461,-1.2697413155367507,-0.008298802814695066
13462,-1.2697413155916006,-0.008298802814695066
13463,-1.269741316031872,-0.008298802814695066
13464,-1.2697413163122206,-0.008298802814695066
13465,-1.2697413170116596,-0.008298802814695066
13466,-1.2697413171228218,-0.008298802814695066
13467,-1.2697413176374586,-0.008298802814695066
13468,-1.269741319089435,-0.008298802814695066
13469,-1.2697413193991711,-0.008298802814695066
13470,-1.2697413195564393,-0.008298802814695066
13471,-1.269741319599404,-0.008298802814695066
13472,-1.269741319777908,-0.008298802814695066
13473,-1.2697413198187781,-0.008298802814695066
13474,-1.269741320137207,-0.008298802814695066
13475,-1.2697413201982948,-0.008298802814695066
13476,-1.2697413217077143,-0.008298802814695066
13477,-1.2697413225448564,-0.008298802814695066
13478,-1.2697413228689733,-0.008298802814695066
13479,-1.2697413232657302,-0.008298802814695066
13480,-1.2697413236398924,-0.008298802814695066
13481,-1.2697413238073585,-0.008298802814695066
13482,-1.269741324062828,-0.008298802814695066
13483,-1.2697413248915226,-0.008298802814695066
13484,-1.269741325499317,-0.008298802814695066
13485,-1.2697413263944777,-0.008298802814695066
13486,-1.2697413285282377,-0.008298802814695066
13487,-1.269741328760695,-0.008298802814695066
13488,-1.2697413289441106,-0.008298802814695066
13489,-1.2697413290684914,-0.008298802814695066
13490,-1.2697413317630435,-0.008298802814695066
13491,-1.269741331942533,-0.008298802814695066
13492,-1.2697413327219402,-0.008298802814695066
13493,-1.2697413328349139,-0.008298802814695066
13494,-1.269741333028958,-0.008298802814695066
13495,-1.269741333234463,-0.008298802814695066
13496,-1.2697413334275995,-0.008298802814695066
13497,-1.269741333492829,-0.008298802814695066
13498,-1.2697413337966448,-0.008298802814695066
13499,-1.2697413348991642,-0.008298802814695066
13500,-1.2697413359503629,-0.008298802814695066
13501,-1.2697413359997307,-0.008298802814695066
13502,-1.2697413363364438,-0.008298802814695066
13503,-1.269741337103634,-0.008298802814695066
13504,-1.2697413379296218,-0.008298802814695066
13505,-1.2697413379866014,-0.008298802814695066
13506,-1.2697413388025598,-0.008298802814695066
13507,-1.2697413393408405,-0.008298802814695066
13508,-1.2697413396265156,-0.008298802814695066
13509,-1.2697413400192186,-0.008298802814695066
13510,-1.2697413406797602,-0.008298802814695066
13511,-1.2697413413285934,-0.008298802814695066
13512,-1.2697413416733578,-0.008298802814695066
13513,-1.2697413418947872,-0.008298802814695066
13514,-1.2697413419062316,-0.008298802814695066
13515,-1.2697413434197764,-0.008298802814695066
13516,-1.2697413436795129,-0.008298802814695066
13517,-1.269741345257567,-0.008298802814695066
13518,-1.2697413454025916,-0.008298802814695066
13519,-1.26974134622733,-0.008298802814695066
13520,-1.26974134641249,-0.008298802814695066
13521,-1.269741347000972,-0.008298802814695066
13522,-1.2697413473916273,-0.008298802814695066
13523,-1.2697413488870413,-0.008298802814695066
13524,-1.2697413498686547,-0.008298802814695066
13525,-1.269741350173686,-0.008298802814695066
13526,-1.2697413507574558,-0.008298802814695066
13527,-1.269741350905392,-0.008298802814695066
13528,-1.2697413511163476,-0.008298802814695066
13529,-1.2697413512345086,-0.008298802814695066
13530,-1.269741351242124,-0.008298802814695066
13531,-1.269741351635674,-0.008298802814695066
13532,-1.2697413523241,-0.008298802814695066
13533,-1.269741352495468,-0.008298802814695066
13534,-1.269741352590073,-0.008298802814695066
13535,-1.2697413528070896,-0.008298802814695066
13536,-1.2697413531651085,-0.008298802814695066
13537,-1.2697413533184867,-0.008298802814695066
13538,-1.2697413539805287,-0.008298802814695066
13539,-1.269741355959492,-0.008298802814695066
13540,-1.2697413560428177,-0.008298802814695066
13541,-1.2697413565413578,-0.008298802814695066
13542,-1.2697413566976898,-0.008298802814695066
13543,-1.2697413570416418,-0.008298802814695066
13544,-1.2697413575746956,-0.008298802814695066
13545,-1.2697413577743601,-0.008298802814695066
13546,-1.2697413582707107,-0.008298802814695066
13547,-1.269741358457371,-0.008298802814695066
13548,-1.2697413593015474,-0.008298802814695066
13549,-1.2697413606412449,-0.008298802814695066
13550,-1.2697413616590274,-0.008298802814695066
13551,-1.2697413622388278,-0.008298802814695066
13552,-1.2697413623411804,-0.008298802814695066
13553,-1.2697413625354674,-0.008298802814695066
13554,-1.2697413627697487,-0.008298802814695066
13555,-1.2697413636732695,-0.008298802814695066
13556,-1.2697413637279396,-0.008298802814695066
13557,-1.2697413643745998,-0.008298802814695066
13558,-1.269741364614048,-0.008298802814695066
13559,-1.2697413647338127,-0.008298802814695066
13560,-1.2697413655434675,-0.008298802814695066
13561,-1.2697413656627077,-0.008298802814695066
13562,-1.269741365791993,-0.008298802814695066
13563,-1.2697413659763102,-0.008298802814695066
13564,-1.2697413664232058,-0.008298802814695066
13565,-1.2697413665539663,-0.008298802814695066
13566,-1.2697413668748503,-0.008298802814695066
13567,-1.2697413670891073,-0.008298802814695066
13568,-1.2697413674378004,-0.008298802814695066
13569,-1.269741368498852,-0.008298802814695066
13570,-1.2697413686666272,-0.008298802814695066
13571,-1.2697413691591244,-0.008298802814695066
13572,-1.269741369178306,-0.008298802814695066
13573,-1.2697413693846955,-0.008298802814695066
13574,-1.2697413694623736,-0.008298802814695066
13575,-1.26974137040826,-0.008298802814695066
13576,-1.2697413709795247,-0.008298802814695066
13577,-1.269741371457802,-0.008298802814695066
13578,-1.2697413714745829,-0.008298802814695066
13579,-1.2697413714829466,-0.008298802814695066
13580,-1.2697413740116945,-0.008298802814695066
13581,-1.2697413741677717,-0.008298802814695066
13582,-1.2697413747258453,-0.008298802814695066
13583,-1.269741374892014,-0.008298802814695066
13584,-1.2697413751314193,-0.008298802814695066
13585,-1.269741375356686,-0.008298802814695066
13586,-1.2697413753690217,-0.008298802814695066
13587,-1.269741375565367,-0.008298802814695066
13588,-1.2697413764466896,-0.008298802814695066
13589,-1.2697413768037946,-0.008298802814695066
13590,-1.269741378523813,-0.008298802814695066
13591,-1.2697413787239171,-0.008298802814695066
13592,-1.2697413792327557,-0.008298802814695066
13593,-1.269741379290938,-0.008298802814695066
13594,-1.2697413797734014,-0.008298802814695066
13595,-1.269741379791841,-0.008298802814695066
13596,-1.2697413798620414,-0.008298802814695066
13597,-1.2697413801809807,-0.008298802814695066
13598,-1.2697413803990645,-0.008298802814695066
13599,-1.2697413808437807,-0.008298802814695066
13600,-1.2697413818604804,-0.008298802814695066
13601,-1.2697413838755545,-0.008298802814695066
13602,-1.2697413846019479,-0.008298802814695066
13603,-1.269741384801306,-0.008298802814695066
13604,-1.2697413856471906,-0.008298802814695066
13605,-1.2697413856978002,-0.008298802814695066
13606,-1.2697413857145823,-0.008298802814695066
13607,-1.2697413868666771,-0.008298802814695066
13608,-1.2697413872608645,-0.008298802814695066
13609,-1.269741388192363,-0.008298802814695066
13610,-1.2697413884542232,-0.008298802814695066
13611,-1.2697413889198175,-0.008298802814695066
13612,-1.2697413895568612,-0.008298802814695066
13613,-1.269741389600279,-0.008298802814695066
13614,-1.269741389660231,-0.008298802814695066
13615,-1.2697413902238006,-0.008298802814695066
13616,-1.26974139047269,-0.008298802814695066
13617,-1.2697413924907432,-0.008298802814695066
13618,-1.2697413932367798,-0.008298802814695066
13619,-1.2697413940988131,-0.008298802814695066
13620,-1.2697413951007501,-0.008298802814695066
13621,-1.2697413951843413,-0.008298802814695066
13622,-1.269741395913222,-0.008298802814695066
13623,-1.2697413963671262,-0.008298802814695066
13624,-1.2697413969104034,-0.008298802814695066
13625,-1.2697413972481046,-0.008298802814695066
13626,-1.269741397603791,-0.008298802814695066
13627,-1.2697413983879617,-0.008298802814695066
13628,-1.2697413985712935,-0.008298802814695066
13629,-1.2697413992714017,-0.008298802814695066
13630,-1.2697413994195734,-0.008298802814695066
13631,-1.2697413998787432,-0.008298802814695066
13632,-1.2697414010430004,-0.008298802814695066
13633,-1.2697414012813337,-0.008298802814695066
13634,-1.2697414015633903,-0.008298802814695066
13635,-1.2697414015993236,-0.008298802814695066
13636,-1.2697414018559885,-0.008298802814695066
13637,-1.2697414019893483,-0.008298802814695066
13638,-1.2697414020655189,-0.008298802814695066
13639,-1.2697414024392442,-0.008298802814695066
13640,-1.2697414025986649,-0.008298802814695066
13641,-1.2697414035519299,-0.008298802814695066
13642,-1.2697414039234058,-0.008298802814695066
13643,-1.269741405735119,-0.008298802814695066
13644,-1.2697414058206906,-0.008298802814695066
13645,-1.269741406092437,-0.008298802814695066
13646,-1.2697414064697774,-0.008298802814695066
13647,-1.2697414067224224,-0.008298802814695066
13648,-1.269741406810904,-0.008298802814695066
13649,-1.2697414069032487,-0.008298802814695066
13650,-1.2697414069528885,-0.008298802814695066
13651,-1.269741407025989,-0.008298802814695066
13652,-1.2697414074168338,-0.008298802814695066
13653,-1.2697414078288345,-0.008298802814695066
13654,-1.2697414079135518,-0.008298802814695066
13655,-1.2697414097071005,-0.008298802814695066
13656,-1.269741409830268,-0.008298802814695066
13657,-1.2697414103173257,-0.008298802814695066
13658,-1.2697414105042524,-0.008298802814695066
13659,-1.2697414106757676,-0.008298802814695066
13660,-1.2697414110549503,-0.008298802814695066
13661,-1.269741411703172,-0.008298802814695066
13662,-1.2697414117082264,-0.008298802814695066
13663,-1.2697414120500137,-0.008298802814695066
13664,-1.2697414123715058,-0.008298802814695066
13665,-1.2697414125381452,-0.008298802814695066
13666,-1.2697414128014475,-0.008298802814695066
13667,-1.2697414128613778,-0.008298802814695066
13668,-1.2697414129332685,-0.008298802814695066
13669,-1.2697414138402405,-0.008298802814695066
13670,-1.2697414139256855,-0.008298802814695066
13671,-1.2697414140702623,-0.008298802814695066
13672,-1.2697414140725707,-0.008298802814695066
13673,-1.2697414159253706,-0.008298802814695066
13674,-1.2697414167544292,-0.008298802814695066
13675,-1.2697414170527161,-0.008298802814695066
13676,-1.2697414171837675,-0.008298802814695066
13677,-1.26974141731854,-0.008298802814695066
13678,-1.2697414175905948,-0.008298802814695066
13679,-1.269741417968235,-0.008298802814695066
13680,-1.2697414184752942,-0.008298802814695066
13681,-1.269741418487842,-0.008298802814695066
13682,-1.269741418639859,-0.008298802814695066
13683,-1.269741418905199,-0.008298802814695066
13684,-1.2697414194808911,-0.008298802814695066
13685,-1.269741421599457,-0.008298802814695066
13686,-1.2697414216493708,-0.008298802814695066
13687,-1.2697414218895071,-0.008298802814695066
13688,-1.2697414220513372,-0.008298802814695066
13689,-1.269741422096847,-0.008298802814695066
13690,-1.2697414222121552,-0.008298802814695066
13691,-1.2697414225852004,-0.008298802814695066
13692,-1.2697414227665598,-0.008298802814695066
13693,-1.269741423290368,-0.008298802814695066
13694,-1.2697414243003955,-0.008298802814695066
13695,-1.2697414255697803,-0.008298802814695066
13696,-1.2697414259608288,-0.008298802814695066
13697,-1.26974142635067,-0.008298802814695066
13698,-1.2697414275912824,-0.008298802814695066
13699,-1.2697414278357195,-0.008298802814695066
13700,-1.2697414286023196,-0.008298802814695066
13701,-1.269741428626665,-0.008298802814695066
13702,-1.2697414286341089,-0.008298802814695066
13703,-1.2697414286935451,-0.008298802814695066
13704,-1.269741429034779,-0.008298802814695066
13705,-1.2697414300851497,-0.008298802814695066
13706,-1.2697414306396149,-0.008298802814695066
13707,-1.269741431245631,-0.008298802814695066
13708,-1.2697414314055948,-0.008298802814695066
13709,-1.2697414321433915,-0.008298802814695066
13710,-1.2697414321736207,-0.008298802814695066
13711,-1.2697414322888205,-0.008298802814695066
13712,-1.2697414325357423,-0.008298802814695066
13713,-1.269741432965577,-0.008298802814695066
13714,-1.2697414329800674,-0.008298802814695066
13715,-1.2697414329817598,-0.008298802814695066
13716,-1.2697414338334414,-0.008298802814695066
13717,-1.269741433983623,-0.008298802814695066
13718,-1.26974143418598,-0.008298802814695066
13719,-1.2697414346526932,-0.008298802814695066
13720,-1.2697414349776903,-0.008298802814695066
13721,-1.2697414350853933,-0.008298802814695066
13722,-1.2697414362196955,-0.008298802814695066
13723,-1.2697414366086794,-0.008298802814695066
13724,-1.2697414377167828,-0.008298802814695066
13725,-1.2697414377301155,-0.008298802814695066
13726,-1.2697414382173013,-0.008298802814695066
13727,-1.2697414382864858,-0.008298802814695066
13728,-1.269741438317167,-0.008298802814695066
13729,-1.2697414387726638,-0.008298802814695066
13730,-1.2697414390970865,-0.008298802814695066
13731,-1.2697414397814188,-0.008298802814695066
13732,-1.2697414402644216,-0.008298802814695066
13733,-1.2697414403700529,-0.008298802814695066
13734,-1.2697414405210299,-0.008298802814695066
13735,-1.2697414408256564,-0.008298802814695066
13736,-1.269741441030871,-0.008298802814695066
13737,-1.269741441475102,-0.008298802814695066
13738,-1.2697414416968462,-0.008298802814695066
13739,-1.2697414422540751,-0.008298802814695066
13740,-1.269741442561388,-0.008298802814695066
13741,-1.2697414428371985,-0.008298802814695066
13742,-1.269741442852963,-0.008298802814695066
13743,-1.2697414435553456,-0.008298802814695066
13744,-1.269741443789775,-0.008298802814695066
13745,-1.2697414441265549,-0.008298802814695066
13746,-1.269741444233973,-0.008298802814695066
13747,-1.269741444415684,-0.008298802814695066
13748,-1.26974144475106,-0.008298802814695066
13749,-1.2697414447722681,-0.008298802814695066
13750,-1.2697414449180777,-0.008298802814695066
13751,-1.2697414452422329,-0.008298802814695066
13752,-1.269741445350958,-0.008298802814695066
13753,-1.2697414454225662,-0.008298802814695066
13754,-1.2697414463653387,-0.008298802814695066
13755,-1.269741446871873,-0.008298802814695066
13756,-1.2697414469036024,-0.008298802814695066
13757,-1.2697414470701038,-0.008298802814695066
13758,-1.2697414471340116,-0.008298802814695066
13759,-1.2697414477835016,-0.008298802814695066
13760,-1.2697414479393068,-0.008298802814695066
13761,-1.2697414482554983,-0.008298802814695066
13762,-1.2697414484268228,-0.008298802814695066
13763,-1.2697414493670616,-0.008298802814695066
13764,-1.2697414494019608,-0.008298802814695066
13765,-1.2697414503115751,-0.008298802814695066
13766,-1.2697414505235824,-0.008298802814695066
13767,-1.2697414509866807,-0.008298802814695066
13768,-1.2697414510405196,-0.008298802814695066
13769,-1.2697414515846068,-0.008298802814695066
13770,-1.2697414516998555,-0.008298802814695066
13771,-1.269741451821289,-0.008298802814695066
13772,-1.2697414526085486,-0.008298802814695066
13773,-1.2697414527788076,-0.008298802814695066
13774,-1.2697414528462228,-0.008298802814695066
13775,-1.2697414529196414,-0.008298802814695066
13776,-1.269741453831792,-0.008298802814695066
13777,-1.2697414542240182,-0.008298802814695066
13778,-1.2697414548787727,-0.008298802814695066
13779,-1.269741455526093,-0.008298802814695066
13780,-1.269741455950102,-0.008298802814695066
13781,-1.2697414564176386,-0.008298802814695066
13782,-1.269741456579459,-0.008298802814695066
13783,-1.2697414569393088,-0.008298802814695066
13784,-1.2697414575863832,-0.008298802814695066
13785,-1.2697414579185466,-0.008298802814695066
13786,-1.269741459009967,-0.008298802814695066
13787,-1.2697414592672942,-0.008298802814695066
13788,-1.2697414599078358,-0.008298802814695066
13789,-1.2697414604673798,-0.008298802814695066
13790,-1.2697414606651796,-0.008298802814695066
13791,-1.2697414608103554,-0.008298802814695066
13792,-1.2697414610355873,-0.008298802814695066
13793,-1.2697414610804019,-0.008298802814695066
13794,-1.2697414615377496,-0.008298802814695066
13795,-1.2697414615414138,-0.008298802814695066
13796,-1.2697414620347167,-0.008298802814695066
13797,-1.2697414620598089,-0.008298802814695066
13798,-1.26974146206847,-0.008298802814695066
13799,-1.2697414623050003,-0.008298802814695066
13800,-1.2697414623474157,-0.008298802814695066
13801,-1.2697414627912804,-0.008298802814695066
13802,-1.2697414630474535,-0.008298802814695066
13803,-1.2697414631209807,-0.008298802814695066
13804,-1.2697414634145865,-0.008298802814695066
13805,-1.26974146342616,-0.008298802814695066
13806,-1.2697414638317515,-0.008298802814695066
13807,-1.269741464025181,-0.008298802814695066
13808,-1.2697414641084661,-0.008298802814695066
13809,-1.269741464230627,-0.008298802814695066
13810,-1.269741464300283,-0.008298802814695066
13811,-1.2697414645009089,-0.008298802814695066
13812,-1.2697414650023435,-0.008298802814695066
13813,-1.2697414650097274,-0.008298802814695066
13814,-1.2697414653469168,-0.008298802814695066
13815,-1.2697414653610262,-0.008298802814695066
13816,-1.2697414656551294,-0.008298802814695066
13817,-1.2697414659738855,-0.008298802814695066
13818,-1.269741467254594,-0.008298802814695066
13819,-1.2697414684932813,-0.008298802814695066
13820,-1.2697414686923485,-0.008298802814695066
13821,-1.2697414687427404,-0.008298802814695066
13822,-1.2697414687839288,-0.008298802814695066
13823,-1.269741468894222,-0.008298802814695066
13824,-1.2697414690097213,-0.008298802814695066
13825,-1.2697414691494129,-0.008298802814695066
13826,-1.2697414694295837,-0.008298802814695066
13827,-1.2697414694803824,-0.008298802814695066
13828,-1.269741469888726,-0.008298802814695066
13829,-1.2697414703024,-0.008298802814695066
13830,-1.269741470444953,-0.008298802814695066
13831,-1.269741470697564,-0.008298802814695066
13832,-1.2697414713435196,-0.008298802814695066
13833,-1.2697414714978668,-0.008298802814695066
13834,-1.2697414717986684,-0.008298802814695066
13835,-1.2697414720376974,-0.008298802814695066
13836,-1.2697414726512206,-0.008298802814695066
13837,-1.2697414728950984,-0.008298802814695066
13838,-1.2697414731007548,-0.008298802814695066
13839,-1.2697414734729715,-0.008298802814695066
13840,-1.2697414737459867,-0.008298802814695066
13841,-1.2697414738484207,-0.008298802814695066
13842,-1.2697414739964992,-0.008298802814695066
13843,-1.269741474709685,-0.008298802814695066
13844,-1.2697414752305605,-0.008298802814695066
13845,-1.2697414752846443,-0.008298802814695066
13846,-1.2697414754298073,-0.008298802814695066
13847,-1.269741475517447,-0.008298802814695066
13848,-1.2697414755238612,-0.008298802814695066
13849,-1.269741476129281,-0.008298802814695066
13850,-1.2697414762885035,-0.008298802814695066
13851,-1.269741476803304,-0.008298802814695066
13852,-1.2697414772375009,-0.008298802814695066
13853,-1.2697414775578109,-0.008298802814695066
13854,-1.2697414783453147,-0.008298802814695066
13855,-1.2697414786269887,-0.008298802814695066
13856,-1.2697414787881747,-0.008298802814695066
13857,-1.26974147989181,-0.008298802814695066
13858,-1.2697414799793945,-0.008298802814695066
13859,-1.2697414800580966,-0.008298802814695066
13860,-1.2697414801719626,-0.008298802814695066
13861,-1.2697414808963412,-0.008298802814695066
13862,-1.2697414809520873,-0.008298802814695066
13863,-1.2697414817676003,-0.008298802814695066
13864,-1.2697414820373745,-0.008298802814695066
13865,-1.269741482129682,-0.008298802814695066
13866,-1.269741482332989,-0.008298802814695066
13867,-1.2697414823472974,-0.008298802814695066
13868,-1.26974148290147,-0.008298802814695066
13869,-1.269741483444625,-0.008298802814695066
13870,-1.269741483540003,-0.008298802814695066
13871,-1.2697414835590448,-0.008298802814695066
13872,-1.2697414836192158,-0.008298802814695066
13873,-1.269741483833215,-0.008298802814695066
13874,-1.2697414843555916,-0.008298802814695066
13875,-1.269741484558372,-0.008298802814695066
13876,-1.2697414847576254,-0.008298802814695066
13877,-1.2697414850990036,-0.008298802814695066
13878,-1.2697414852675795,-0.008298802814695066
13879,-1.269741485691515,-0.008298802814695066
13880,-1.269741485967118,-0.008298802814695066
13881,-1.2697414860788823,-0.008298802814695066
13882,-1.269741486380803,-0.008298802814695066
13883,-1.2697414865734573,-0.008298802814695066
13884,-1.2697414866993855,-0.008298802814695066
13885,-1.2697414872690325,-0.008298802814695066
13886,-1.2697414873715491,-0.008298802814695066
13887,-1.2697414879603377,-0.008298802814695066
13888,-1.269741488958135,-0.008298802814695066
13889,-1.2697414893900127,-0.008298802814695066
13890,-1.2697414895320231,-0.008298802814695066
13891,-1.26974148987402,-0.008298802814695066
13892,-1.2697414900561952,-0.008298802814695066
13893,-1.2697414901532542,-0.008298802814695066
13894,-1.2697414901563437,-0.008298802814695066
13895,-1.2697414903838342,-0.008298802814695066
13896,-1.269741490469475,-0.008298802814695066
13897,-1.2697414905688107,-0.008298802814695066
13898,-1.2697414906563793,-0.008298802814695066
13899,-1.2697414913857783,-0.008298802814695066
13900,-1.2697414915531196,-0.008298802814695066
13901,-1.2697414917254428,-0.008298802814695066
13902,-1.2697414929050148,-0.008298802814695066
13903,-1.2697414932300108,-0.008298802814695066
13904,-1.269741493345041,-0.008298802814695066
13905,-1.269741493516637,-0.008298802814695066
13906,-1.2697414936512263,-0.008298802814695066
13907,-1.269741493933628,-0.008298802814695066
13908,-1.2697414939490956,-0.008298802814695066
13909,-1.2697414939636664,-0.008298802814695066
13910,-1.2697414940423923,-0.008298802814695066
13911,-1.269741494455854,-0.008298802814695066
13912,-1.2697414945167385,-0.008298802814695066
13913,-1.2697414945755279,-0.008298802814695066
13914,-1.2697414947748549,-0.008298802814695066
13915,-1.2697414953715782,-0.008298802814695066
13916,-1.2697414955733335,-0.008298802814695066
13917,-1.2697414957022215,-0.008298802814695066
13918,-1.2697414959825426,-0.008298802814695066
13919,-1.269741496507693,-0.008298802814695066
13920,-1.2697414968496827,-0.008298802814695066
13921,-1.2697414970178893,-0.008298802814695066
13922,-1.269741497148124,-0.008298802814695066
13923,-1.2697414972310714,-0.008298802814695066
13924,-1.2697414973571568,-0.008298802814695066
13925,-1.2697414978419839,-0.008298802814695066
13926,-1.2697414980216315,-0.008298802814695066
13927,-1.26974149831112,-0.008298802814695066
13928,-1.269741498570862,-0.008298802814695066
13929,-1.269741499196769,-0.008298802814695066
13930,-1.2697414995141107,-0.008298802814695066
13931,-1.269741499541019,-0.008298802814695066
13932,-1.2697414998930348,-0.008298802814695066
13933,-1.2697414999449435,-0.008298802814695066
13934,-1.2697415001833185,-0.008298802814695066
13935,-1.269741500494003,-0.008298802814695066
13936,-1.2697415006852626,-0.008298802814695066
13937,-1.2697415021347767,-0.008298802814695066
13938,-1.2697415022906444,-0.008298802814695066
13939,-1.269741502405043,-0.008298802814695066
13940,-1.2697415037910642,-0.008298802814695066
13941,-1.2697415040561957,-0.008298802814695066
13942,-1.2697415040811455,-0.008298802814695066
13943,-1.2697415048799368,-0.008298802814695066
13944,-1.269741505367996,-0.008298802814695066
13945,-1.2697415056486778,-0.008298802814695066
13946,-1.2697415059721777,-0.008298802814695066
13947,-1.2697415061783492,-0.008298802814695066
13948,-1.2697415064108286,-0.008298802814695066
13949,-1.269741506421495,-0.008298802814695066
13950,-1.2697415079502503,-0.008298802814695066
13951,-1.2697415081409416,-0.008298802814695066
13952,-1.2697415081633074,-0.008298802814695066
13953,-1.2697415087983326,-0.008298802814695066
13954,-1.2697415092616058,-0.008298802814695066
13955,-1.2697415092658415,-0.008298802814695066
13956,-1.269741509278421,-0.008298802814695066
13957,-1.2697415093438105,-0.008298802814695066
13958,-1.2697415094590578,-0.008298802814695066
13959,-1.2697415097629712,-0.008298802814695066
13960,-1.2697415098141556,-0.008298802814695066
13961,-1.2697415098491935,-0.008298802814695066
13962,-1.2697415106096086,-0.008298802814695066
13963,-1.269741510981073,-0.008298802814695066
13964,-1.269741511357271,-0.008298802814695066
13965,-1.2697415116716253,-0.008298802814695066
13966,-1.269741511693353,-0.008298802814695066
13967,-1.269741512151854,-0.008298802814695066
13968,-1.269741512319072,-0.008298802814695066
13969,-1.269741512821652,-0.008298802814695066
13970,-1.2697415128747251,-0.008298802814695066
13971,-1.269741513015233,-0.008298802814695066
13972,-1.2697415130424332,-0.008298802814695066
13973,-1.2697415133410501,-0.008298802814695066
13974,-1.2697415135934385,-0.008298802814695066
13975,-1.269741513625227,-0.008298802814695066
13976,-1.2697415141681025,-0.008298802814695066
13977,-1.2697415141911952,-0.008298802814695066
13978,-1.2697415143672248,-0.008298802814695066
13979,-1.269741514415129,-0.008298802814695066
13980,-1.2697415145214346,-0.008298802814695066
13981,-1.2697415146741606,-0.008298802814695066
13982,-1.2697415152645437,-0.008298802814695066
13983,-1.2697415160611996,-0.008298802814695066
13984,-1.2697415167017352,-0.008298802814695066
13985,-1.2697415171014266,-0.008298802814695066
13986,-1.2697415171222484,-0.008298802814695066
13987,-1.2697415172474713,-0.008298802814695066
13988,-1.2697415175710038,-0.008298802814695066
13989,-1.2697415186348482,-0.008298802814695066
13990,-1.2697415186589711,-0.008298802814695066
13991,-1.269741518987783,-0.008298802814695066
13992,-1.2697415190072947,-0.008298802814695066
13993,-1.2697415193753707,-0.008298802814695066
13994,-1.2697415208347689,-0.008298802814695066
13995,-1.2697415208724947,-0.008298802814695066
13996,-1.2697415209363865,-0.008298802814695066
13997,-1.2697415211809098,-0.008298802814695066
13998,-1.2697415212427878,-0.008298802814695066
13999,-1.2697415217575294,-0.008298802814695066
14000,-1.269741521891825,-0.008298802814695066
14001,-1.2697415219433836,-0.008298802814695066
14002,-1.269741522111476,-0.008298802814695066
14003,-1.2697415222319628,-0.008298802814695066
14004,-1.2697415223018966,-0.008298802814695066
14005,-1.2697415225739646,-0.008298802814695066
14006,-1.269741522638268,-0.008298802814695066
14007,-1.2697415227380524,-0.008298802814695066
14008,-1.269741523075222,-0.008298802814695066
14009,-1.2697415237128076,-0.008298802814695066
14010,-1.2697415238833292,-0.008298802814695066
14011,-1.2697415240856775,-0.008298802814695066
14012,-1.2697415243541537,-0.008298802814695066
14013,-1.2697415243765457,-0.008298802814695066
14014,-1.2697415250181683,-0.008298802814695066
14015,-1.2697415254090267,-0.008298802814695066
14016,-1.2697415256437468,-0.008298802814695066
14017,-1.2697415261517633,-0.008298802814695066
14018,-1.2697415264079897,-0.008298802814695066
14019,-1.2697415266435756,-0.008298802814695066
14020,-1.2697415266696712,-0.008298802814695066
14021,-1.2697415267019132,-0.008298802814695066
14022,-1.2697415267945025,-0.008298802814695066
14023,-1.2697415268651002,-0.008298802814695066
14024,-1.2697415269318322,-0.008298802814695066
14025,-1.269741526959438,-0.008298802814695066
14026,-1.2697415270015178,-0.008298802814695066
14027,-1.2697415270459265,-0.008298802814695066
14028,-1.2697415271075996,-0.008298802814695066
14029,-1.2697415275433315,-0.008298802814695066
14030,-1.2697415278834645,-0.008298802814695066
14031,-1.2697415282757585,-0.008298802814695066
14032,-1.2697415283288003,-0.008298802814695066
14033,-1.2697415284724,-0.008298802814695066
14034,-1.2697415288996514,-0.008298802814695066
14035,-1.2697415294935048,-0.008298802814695066
14036,-1.2697415294963237,-0.008298802814695066
14037,-1.2697415296996888,-0.008298802814695066
14038,-1.269741529776776,-0.008298802814695066
14039,-1.2697415301606139,-0.008298802814695066
14040,-1.2697415304728454,-0.008298802814695066
14041,-1.2697415304730622,-0.008298802814695066
14042,-1.2697415305884932,-0.008298802814695066
14043,-1.2697415310335938,-0.008298802814695066
14044,-1.2697415315605793,-0.008298802814695066
14045,-1.2697415315762717,-0.008298802814695066
14046,-1.2697415318320457,-0.008298802814695066
14047,-1.2697415324874846,-0.008298802814695066
14048,-1.2697415326177608,-0.008298802814695066
14049,-1.269741532751476,-0.008298802814695066
14050,-1.2697415330116528,-0.008298802814695066
14051,-1.269741533434192,-0.008298802814695066
14052,-1.2697415337475109,-0.008298802814695066
14053,-1.2697415338559934,-0.008298802814695066
14054,-1.269741533921736,-0.008298802814695066
14055,-1.2697415340519715,-0.008298802814695066
14056,-1.2697415346394563,-0.008298802814695066
14057,-1.269741534804646,-0.008298802814695066
14058,-1.2697415356666264,-0.008298802814695066
14059,-1.2697415356882962,-0.008298802814695066
14060,-1.2697415360343096,-0.008298802814695066
14061,-1.2697415360805846,-0.008298802814695066
14062,-1.2697415362198985,-0.008298802814695066
14063,-1.2697415364059415,-0.008298802814695066
14064,-1.269741536601583,-0.008298802814695066
14065,-1.269741536767733,-0.008298802814695066
14066,-1.2697415377137191,-0.008298802814695066
14067,-1.2697415378579844,-0.008298802814695066
14068,-1.2697415382910902,-0.008298802814695066
14069,-1.2697415384672897,-0.008298802814695066
14070,-1.2697415385669217,-0.008298802814695066
14071,-1.2697415388999118,-0.008298802814695066
14072,-1.269741539243428,-0.008298802814695066
14073,-1.2697415396669745,-0.008298802814695066
14074,-1.2697415397341243,-0.008298802814695066
14075,-1.2697415397827165,-0.008298802814695066
14076,-1.2697415398704444,-0.008298802814695066
14077,-1.2697415401683643,-0.008298802814695066
14078,-1.2697415408867108,-0.008298802814695066
14079,-1.2697415408951227,-0.008298802814695066
14080,-1.2697415410272082,-0.008298802814695066
14081,-1.2697415411702013,-0.008298802814695066
14082,-1.2697415415794233,-0.008298802814695066
14083,-1.2697415415794922,-0.008298802814695066
14084,-1.2697415420906601,-0.008298802814695066
14085,-1.269741542558902,-0.008298802814695066
14086,-1.2697415428678873,-0.008298802814695066
14087,-1.2697415430392787,-0.008298802814695066
14088,-1.2697415430489254,-0.008298802814695066
14089,-1.2697415433149524,-0.008298802814695066
14090,-1.2697415434929877,-0.008298802814695066
14091,-1.2697415437997892,-0.008298802814695066
14092,-1.2697415439239297,-0.008298802814695066
14093,-1.2697415439378332,-0.008298802814695066
14094,-1.269741544062282,-0.008298802814695066
14095,-1.269741544175773,-0.008298802814695066
14096,-1.2697415442951558,-0.008298802814695066
14097,-1.2697415448731426,-0.008298802814695066
14098,-1.2697415452406986,-0.008298802814695066
14099,-1.2697415455608883,-0.008298802814695066
14100,-1.2697415457102776,-0.008298802814695066
14101,-1.2697415459489552,-0.008298802814695066
14102,-1.26974154652892,-0.008298802814695066
14103,-1.2697415465724067,-0.008298802814695066
14104,-1.2697415466451458,-0.008298802814695066
14105,-1.269741546829375,-0.008298802814695066
14106,-1.2697415471375089,-0.008298802814695066
14107,-1.2697415471756552,-0.008298802814695066
14108,-1.2697415473085407,-0.008298802814695066
14109,-1.2697415474170843,-0.008298802814695066
14110,-1.2697415474726723,-0.008298802814695066
14111,-1.2697415481034517,-0.008298802814695066
14112,-1.2697415481656091,-0.008298802814695066
14113,-1.2697415484980723,-0.008298802814695066
14114,-1.2697415485848187,-0.008298802814695066
14115,-1.269741548850792,-0.008298802814695066
14116,-1.2697415490410489,-0.008298802814695066
14117,-1.2697415491937587,-0.008298802814695066
14118,-1.2697415494473314,-0.008298802814695066
14119,-1.2697415495732982,-0.008298802814695066
14120,-1.269741550504012,-0.008298802814695066
14121,-1.2697415505850405,-0.008298802814695066
14122,-1.2697415515010855,-0.008298802814695066
14123,-1.2697415516159096,-0.008298802814695066
14124,-1.2697415532023268,-0.008298802814695066
14125,-1.2697415536870653,-0.008298802814695066
14126,-1.2697415538745302,-0.008298802814695066
14127,-1.2697415541949761,-0.008298802814695066
14128,-1.26974155420909,-0.008298802814695066
14129,-1.2697415543942767,-0.008298802814695066
14130,-1.269741554519868,-0.008298802814695066
14131,-1.2697415545740771,-0.008298802814695066
14132,-1.2697415550341793,-0.008298802814695066
14133,-1.2697415551799314,-0.008298802814695066
14134,-1.2697415554713363,-0.008298802814695066
14135,-1.2697415557623684,-0.008298802814695066
14136,-1.2697415557774416,-0.008298802814695066
14137,-1.269741555813667,-0.008298802814695066
14138,-1.269741556379918,-0.008298802814695066
14139,-1.2697415563928978,-0.008298802814695066
14140,-1.2697415565271342,-0.008298802814695066
14141,-1.2697415565426151,-0.008298802814695066
14142,-1.2697415569548778,-0.008298802814695066
14143,-1.2697415571787154,-0.008298802814695066
14144,-1.2697415573388326,-0.008298802814695066
14145,-1.269741557517868,-0.008298802814695066
14146,-1.2697415579459335,-0.008298802814695066
14147,-1.2697415579589175,-0.008298802814695066
14148,-1.269741558188971,-0.008298802814695066
14149,-1.2697415583315013,-0.008298802814695066
14150,-1.2697415588568743,-0.008298802814695066
14151,-1.2697415596590402,-0.008298802814695066
14152,-1.2697415597512691,-0.008298802814695066
14153,-1.2697415604787698,-0.008298802814695066
14154,-1.269741560708313,-0.008298802814695066
14155,-1.2697415608618947,-0.008298802814695066
14156,-1.2697415610321747,-0.008298802814695066
14157,-1.2697415612232017,-0.008298802814695066
14158,-1.2697415612374063,-0.008298802814695066
14159,-1.2697415615403864,-0.008298802814695066
14160,-1.2697415616530392,-0.008298802814695066
14161,-1.269741561908325,-0.008298802814695066
14162,-1.2697415619375056,-0.008298802814695066
14163,-1.2697415620030112,-0.008298802814695066
14164,-1.2697415623347486,-0.008298802814695066
14165,-1.2697415624087616,-0.008298802814695066
14166,-1.269741563146972,-0.008298802814695066
14167,-1.2697415631900664,-0.008298802814695066
14168,-1.2697415632748128,-0.008298802814695066
14169,-1.269741563439458,-0.008298802814695066
14170,-1.269741563460487,-0.008298802814695066
14171,-1.26974156350155,-0.008298802814695066
14172,-1.269741563552309,-0.008298802814695066
14173,-1.2697415639677678,-0.008298802814695066
14174,-1.269741564563049,-0.008298802814695066
14175,-1.2697415648156187,-0.008298802814695066
14176,-1.2697415649018824,-0.008298802814695066
14177,-1.2697415651712851,-0.008298802814695066
14178,-1.2697415652334754,-0.008298802814695066
14179,-1.269741565433344,-0.008298802814695066
14180,-1.269741565787056,-0.008298802814695066
14181,-1.2697415663160474,-0.008298802814695066
14182,-1.2697415663568383,-0.008298802814695066
14183,-1.2697415665246925,-0.008298802814695066
14184,-1.269741566543296,-0.008298802814695066
14185,-1.2697415667788372,-0.008298802814695066
14186,-1.2697415669829906,-0.008298802814695066
14187,-1.2697415669895853,-0.008298802814695066
14188,-1.269741567095363,-0.008298802814695066
14189,-1.2697415671975474,-0.008298802814695066
14190,-1.2697415672553518,-0.008298802814695066
14191,-1.269741567820564,-0.008298802814695066
14192,-1.2697415681710944,-0.008298802814695066
14193,-1.2697415681741933,-0.008298802814695066
14194,-1.269741568209581,-0.008298802814695066
14195,-1.2697415683456685,-0.008298802814695066
14196,-1.2697415684083788,-0.008298802814695066
14197,-1.2697415685400135,-0.008298802814695066
14198,-1.2697415685762319,-0.008298802814695066
14199,-1.2697415689992624,-0.008298802814695066
14200,-1.2697415693157263,-0.008298802814695066
14201,-1.2697415696254342,-0.008298802814695066
14202,-1.269741569833664,-0.008298802814695066
14203,-1.2697415699205088,-0.008298802814695066
14204,-1.2697415700111885,-0.008298802814695066
14205,-1.2697415702544226,-0.008298802814695066
14206,-1.2697415704141746,-0.008298802814695066
14207,-1.2697415704717376,-0.008298802814695066
14208,-1.2697415714773814,-0.008298802814695066
14209,-1.2697415721413439,-0.008298802814695066
14210,-1.2697415723750765,-0.008298802814695066
14211,-1.2697415728736483,-0.008298802814695066
14212,-1.2697415735939324,-0.008298802814695066
14213,-1.2697415739698865,-0.008298802814695066
14214,-1.26974157422382,-0.008298802814695066
14215,-1.2697415743055944,-0.008298802814695066
14216,-1.2697415746434242,-0.008298802814695066
14217,-1.2697415748735836,-0.008298802814695066
14218,-1.2697415751230632,-0.008298802814695066
14219,-1.2697415751728256,-0.008298802814695066
14220,-1.2697415753935486,-0.008298802814695066
14221,-1.269741575589703,-0.008298802814695066
14222,-1.2697415755905728,-0.008298802814695066
14223,-1.269741575623566,-0.008298802814695066
14224,-1.2697415757250528,-0.008298802814695066
14225,-1.269741576346388,-0.008298802814695066
14226,-1.2697415764485296,-0.008298802814695066
14227,-1.2697415766896532,-0.008298802814695066
14228,-1.269741576693294,-0.008298802814695066
14229,-1.2697415767759077,-0.008298802814695066
14230,-1.26974157677814,-0.008298802814695066
14231,-1.2697415768112372,-0.008298802814695066
14232,-1.269741576841914,-0.008298802814695066
14233,-1.26974157684504,-0.008298802814695066
14234,-1.2697415769255735,-0.008298802814695066
14235,-1.269741576951248,-0.008298802814695066
14236,-1.2697415775005059,-0.008298802814695066
14237,-1.2697415776473788,-0.008298802814695066
14238,-1.2697415778325665,-0.008298802814695066
14239,-1.269741577912395,-0.008298802814695066
14240,-1.2697415783282975,-0.008298802814695066
14241,-1.2697415783787271,-0.008298802814695066
14242,-1.2697415784362933,-0.008298802814695066
14243,-1.2697415787398414,-0.008298802814695066
14244,-1.269741578918051,-0.008298802814695066
14245,-1.2697415789921096,-0.008298802814695066
14246,-1.269741579079293,-0.008298802814695066
14247,-1.2697415791869444,-0.008298802814695066
14248,-1.269741579792603,-0.008298802814695066
14249,-1.2697415801638363,-0.008298802814695066
14250,-1.2697415805353789,-0.008298802814695066
14251,-1.269741580826265,-0.008298802814695066
14252,-1.2697415808674628,-0.008298802814695066
14253,-1.2697415810185886,-0.008298802814695066
14254,-1.2697415812142887,-0.008298802814695066
14255,-1.2697415813307287,-0.008298802814695066
14256,-1.2697415817220854,-0.008298802814695066
14257,-1.2697415817845759,-0.008298802814695066
14258,-1.269741581942823,-0.008298802814695066
14259,-1.2697415821127431,-0.008298802814695066
14260,-1.2697415824848213,-0.008298802814695066
14261,-1.2697415826978347,-0.008298802814695066
14262,-1.269741582748365,-0.008298802814695066
14263,-1.269741582832221,-0.008298802814695066
14264,-1.2697415829331307,-0.008298802814695066
14265,-1.2697415829724017,-0.008298802814695066
14266,-1.2697415835269907,-0.008298802814695066
14267,-1.269741583573774,-0.008298802814695066
14268,-1.2697415838307977,-0.008298802814695066
14269,-1.2697415839612105,-0.008298802814695066
14270,-1.2697415840075161,-0.008298802814695066
14271,-1.2697415840171806,-0.008298802814695066
14272,-1.2697415846611624,-0.008298802814695066
14273,-1.2697415848346916,-0.008298802814695066
14274,-1.2697415848865372,-0.008298802814695066
14275,-1.2697415850744607,-0.008298802814695066
14276,-1.2697415854259542,-0.008298802814695066
14277,-1.2697415854579321,-0.008298802814695066
14278,-1.2697415854845944,-0.008298802814695066
14279,-1.2697415855157999,-0.008298802814695066
14280,-1.2697415856525052,-0.008298802814695066
14281,-1.2697415859822172,-0.008298802814695066
14282,-1.269741586110036,-0.008298802814695066
14283,-1.269741586163955,-0.008298802814695066
14284,-1.2697415865869877,-0.008298802814695066
14285,-1.2697415865918813,-0.008298802814695066
14286,-1.2697415869831556,-0.008298802814695066
14287,-1.2697415871272177,-0.008298802814695066
14288,-1.2697415871748416,-0.008298802814695066
14289,-1.2697415873879891,-0.008298802814695066
14290,-1.2697415881711358,-0.008298802814695066
14291,-1.2697415882321939,-0.008298802814695066
14292,-1.2697415891251687,-0.008298802814695066
14293,-1.2697415899880187,-0.008298802814695066
14294,-1.2697415900042284,-0.008298802814695066
14295,-1.269741590247924,-0.008298802814695066
14296,-1.269741590312165,-0.008298802814695066
14297,-1.2697415905874592,-0.008298802814695066
14298,-1.2697415913080223,-0.008298802814695066
14299,-1.2697415913605292,-0.008298802814695066
14300,-1.26974159165652,-0.008298802814695066
14301,-1.2697415917890285,-0.008298802814695066
14302,-1.2697415922848563,-0.008298802814695066
14303,-1.269741592331343,-0.008298802814695066
14304,-1.2697415923655018,-0.008298802814695066
14305,-1.2697415924048627,-0.008298802814695066
14306,-1.2697415925241644,-0.008298802814695066
14307,-1.2697415926306554,-0.008298802814695066
14308,-1.269741592687665,-0.008298802814695066
14309,-1.2697415933181093,-0.008298802814695066
14310,-1.2697415935426695,-0.008298802814695066
14311,-1.2697415939062082,-0.008298802814695066
14312,-1.2697415939547883,-0.008298802814695066
14313,-1.2697415945477557,-0.008298802814695066
14314,-1.2697415948333641,-0.008298802814695066
14315,-1.269741594983486,-0.008298802814695066
14316,-1.2697415950341746,-0.008298802814695066
14317,-1.2697415950380608,-0.008298802814695066
14318,-1.269741595075882,-0.008298802814695066
14319,-1.269741595113296,-0.008298802814695066
14320,-1.2697415953506408,-0.008298802814695066
14321,-1.2697415955066325,-0.008298802814695066
14322,-1.2697415955109912,-0.008298802814695066
14323,-1.2697415955800364,-0.008298802814695066
14324,-1.2697415955896216,-0.008298802814695066
14325,-1.269741595640529,-0.008298802814695066
14326,-1.2697415957650875,-0.008298802814695066
14327,-1.2697415963793348,-0.008298802814695066
14328,-1.26974159641897,-0.008298802814695066
14329,-1.2697415968314714,-0.008298802814695066
14330,-1.2697415969595442,-0.008298802814695066
14331,-1.2697415974871205,-0.008298802814695066
14332,-1.269741597830751,-0.008298802814695066
14333,-1.2697415979211826,-0.008298802814695066
14334,-1.2697415979950368,-0.008298802814695066
14335,-1.2697415980843256,-0.008298802814695066
14336,-1.2697415981000093,-0.008298802814695066
14337,-1.2697415982092226,-0.008298802814695066
14338,-1.2697415982632991,-0.008298802814695066
14339,-1.269741599157691,-0.008298802814695066
14340,-1.2697415996753754,-0.008298802814695066
14341,-1.2697415997959522,-0.008298802814695066
14342,-1.2697415998683197,-0.008298802814695066
14343,-1.269741600247264,-0.008298802814695066
14344,-1.2697416003278472,-0.008298802814695066
14345,-1.2697416004372621,-0.008298802814695066
14346,-1.2697416004762614,-0.008298802814695066
14347,-1.2697416006437081,-0.008298802814695066
14348,-1.2697416013959315,-0.008298802814695066
14349,-1.2697416017124776,-0.008298802814695066
14350,-1.2697416017155938,-0.008298802814695066
14351,-1.269741601738319,-0.008298802814695066
14352,-1.2697416020581005,-0.008298802814695066
14353,-1.2697416022463628,-0.008298802814695066
14354,-1.269741602376051,-0.008298802814695066
14355,-1.2697416026999475,-0.008298802814695066
14356,-1.2697416027741588,-0.008298802814695066
14357,-1.2697416028861617,-0.008298802814695066
14358,-1.2697416031372348,-0.008298802814695066
14359,-1.2697416032755795,-0.008298802814695066
14360,-1.2697416034636835,-0.008298802814695066
14361,-1.2697416037797404,-0.008298802814695066
14362,-1.2697416039397251,-0.008298802814695066
14363,-1.2697416041217473,-0.008298802814695066
14364,-1.2697416041530303,-0.008298802814695066
14365,-1.2697416042309124,-0.008298802814695066
14366,-1.2697416045206698,-0.008298802814695066
14367,-1.2697416051725212,-0.008298802814695066
14368,-1.2697416051966839,-0.008298802814695066
14369,-1.269741605200976,-0.008298802814695066
14370,-1.269741605451939,-0.008298802814695066
14371,-1.2697416055251372,-0.008298802814695066
14372,-1.2697416055381874,-0.008298802814695066
14373,-1.2697416055675728,-0.008298802814695066
14374,-1.26974160563425,-0.008298802814695066
14375,-1.2697416056827981,-0.008298802814695066
14376,-1.2697416057236814,-0.008298802814695066
14377,-1.269741605943742,-0.008298802814695066
14378,-1.2697416061829854,-0.008298802814695066
14379,-1.269741606296497,-0.008298802814695066
14380,-1.2697416066766696,-0.008298802814695066
14381,-1.2697416067763685,-0.008298802814695066
14382,-1.2697416072754917,-0.008298802814695066
14383,-1.2697416079019934,-0.008298802814695066
14384,-1.269741608261807,-0.008298802814695066
14385,-1.269741608342228,-0.008298802814695066
14386,-1.269741608412402,-0.008298802814695066
14387,-1.2697416085772801,-0.008298802814695066
14388,-1.26974160870428,-0.008298802814695066
14389,-1.2697416092631015,-0.008298802814695066
14390,-1.269741609299445,-0.008298802814695066
14391,-1.2697416094822405,-0.008298802814695066
14392,-1.2697416097443281,-0.008298802814695066
14393,-1.2697416098102017,-0.008298802814695066
14394,-1.269741609888274,-0.008298802814695066
14395,-1.26974160990357,-0.008298802814695066
14396,-1.269741610066991,-0.008298802814695066
14397,-1.2697416101764636,-0.008298802814695066
14398,-1.2697416101808983,-0.008298802814695066
14399,-1.2697416105228254,-0.008298802814695066
14400,-1.2697416108447317,-0.008298802814695066
14401,-1.2697416108694597,-0.008298802814695066
14402,-1.2697416114096416,-0.008298802814695066
14403,-1.269741611869487,-0.008298802814695066
14404,-1.2697416121818503,-0.008298802814695066
14405,-1.269741612468957,-0.008298802814695066
14406,-1.2697416128030277,-0.008298802814695066
14407,-1.269741613011681,-0.008298802814695066
14408,-1.2697416130801753,-0.008298802814695066
14409,-1.2697416131575507,-0.008298802814695066
14410,-1.2697416135013349,-0.008298802814695066
14411,-1.2697416138914126,-0.008298802814695066
14412,-1.2697416139300357,-0.008298802814695066
14413,-1.269741613998698,-0.008298802814695066
14414,-1.269741614049271,-0.008298802814695066
14415,-1.2697416146931046,-0.008298802814695066
14416,-1.2697416147178606,-0.008298802814695066
14417,-1.2697416147911875,-0.008298802814695066
14418,-1.2697416153557608,-0.008298802814695066
14419,-1.2697416155719476,-0.008298802814695066
14420,-1.269741615611715,-0.008298802814695066
14421,-1.2697416159849886,-0.008298802814695066
14422,-1.2697416161460864,-0.008298802814695066
14423,-1.2697416168154683,-0.008298802814695066
14424,-1.2697416169791014,-0.008298802814695066
14425,-1.26974161716313,-0.008298802814695066
14426,-1.26974161716908,-0.008298802814695066
14427,-1.2697416172703384,-0.008298802814695066
14428,-1.2697416172954508,-0.008298802814695066
14429,-1.2697416173169012,-0.008298802814695066
14430,-1.2697416174079834,-0.008298802814695066
14431,-1.2697416174410638,-0.008298802814695066
14432,-1.2697416176142295,-0.008298802814695066
14433,-1.269741618246476,-0.008298802814695066
14434,-1.269741618305688,-0.008298802814695066
14435,-1.269741618589392,-0.008298802814695066
14436,-1.2697416187543034,-0.008298802814695066
14437,-1.269741618984164,-0.008298802814695066
14438,-1.2697416190472526,-0.008298802814695066
14439,-1.2697416192017745,-0.008298802814695066
14440,-1.269741619230782,-0.008298802814695066
14441,-1.2697416192667568,-0.008298802814695066
14442,-1.269741619397088,-0.008298802814695066
14443,-1.2697416198282716,-0.008298802814695066
14444,-1.2697416201516813,-0.008298802814695066
14445,-1.2697416201765725,-0.008298802814695066
14446,-1.2697416203448861,-0.008298802814695066
14447,-1.2697416203619567,-0.008298802814695066
14448,-1.2697416204343992,-0.008298802814695066
14449,-1.2697416208502534,-0.008298802814695066
14450,-1.2697416209319026,-0.008298802814695066
14451,-1.2697416209442722,-0.008298802814695066
14452,-1.269741621187333,-0.008298802814695066
14453,-1.2697416212203618,-0.008298802814695066
14454,-1.2697416212207389,-0.008298802814695066
14455,-1.2697416212662498,-0.008298802814695066
14456,-1.2697416212941912,-0.008298802814695066
14457,-1.2697416213372037,-0.008298802814695066
14458,-1.2697416213790895,-0.008298802814695066
14459,-1.269741621485199,-0.008298802814695066
14460,-1.2697416217256658,-0.008298802814695066
14461,-1.269741621888905,-0.008298802814695066
14462,-1.2697416220564652,-0.008298802814695066
14463,-1.2697416222480915,-0.008298802814695066
14464,-1.2697416223835296,-0.008298802814695066
14465,-1.269741623017652,-0.008298802814695066
14466,-1.2697416237634238,-0.008298802814695066
14467,-1.2697416238768013,-0.008298802814695066
14468,-1.2697416241081179,-0.008298802814695066
14469,-1.2697416242129453,-0.008298802814695066
14470,-1.269741624384477,-0.008298802814695066
14471,-1.269741624647653,-0.008298802814695066
14472,-1.2697416247889295,-0.008298802814695066
14473,-1.2697416249448972,-0.008298802814695066
14474,-1.2697416249475921,-0.008298802814695066
14475,-1.2697416251059965,-0.008298802814695066
14476,-1.2697416251469948,-0.008298802814695066
14477,-1.2697416252981226,-0.008298802814695066
14478,-1.2697416258623089,-0.008298802814695066
14479,-1.2697416260372354,-0.008298802814695066
14480,-1.2697416260587606,-0.008298802814695066
14481,-1.2697416263546393,-0.008298802814695066
14482,-1.2697416267708337,-0.008298802814695066
14483,-1.269741626886503,-0.008298802814695066
14484,-1.2697416268927375,-0.008298802814695066
14485,-1.2697416270715833,-0.008298802814695066
14486,-1.2697416270825692,-0.008298802814695066
14487,-1.2697416271312307,-0.008298802814695066
14488,-1.2697416274493496,-0.008298802814695066
14489,-1.2697416279298175,-0.008298802814695066
14490,-1.269741627959738,-0.008298802814695066
14491,-1.2697416281269016,-0.008298802814695066
14492,-1.2697416284576,-0.008298802814695066
14493,-1.2697416286436278,-0.008298802814695066
14494,-1.2697416294683523,-0.008298802814695066
14495,-1.2697416294847481,-0.008298802814695066
14496,-1.2697416294891215,-0.008298802814695066
14497,-1.2697416295467856,-0.008298802814695066
14498,-1.2697416296780764,-0.008298802814695066
14499,-1.2697416298544724,-0.008298802814695066
14500,-1.2697416301380966,-0.008298802814695066
14501,-1.2697416302067988,-0.008298802814695066
14502,-1.269741630284818,-0.008298802814695066
14503,-1.2697416304573643,-0.008298802814695066
14504,-1.2697416304652331,-0.008298802814695066
14505,-1.2697416305133613,-0.008298802814695066
14506,-1.2697416307334433,-0.008298802814695066
14507,-1.2697416310680971,-0.008298802814695066
14508,-1.2697416310775946,-0.008298802814695066
14509,-1.2697416311169625,-0.008298802814695066
14510,-1.269741631226724,-0.008298802814695066
14511,-1.269741631259124,-0.008298802814695066
14512,-1.2697416315002077,-0.008298802814695066
14513,-1.2697416315421926,-0.008298802814695066
14514,-1.2697416317572283,-0.008298802814695066
14515,-1.2697416318964863,-0.008298802814695066
14516,-1.2697416322254773,-0.008298802814695066
14517,-1.2697416322942316,-0.008298802814695066
14518,-1.2697416326398212,-0.008298802814695066
14519,-1.2697416327207909,-0.008298802814695066
14520,-1.2697416327507647,-0.008298802814695066
14521,-1.269741633405548,-0.008298802814695066
14522,-1.2697416334434337,-0.008298802814695066
14523,-1.269741633540577,-0.008298802814695066
14524,-1.2697416336260143,-0.008298802814695066
14525,-1.2697416337197205,-0.008298802814695066
14526,-1.2697416337991019,-0.008298802814695066
14527,-1.2697416338707033,-0.008298802814695066
14528,-1.269741634459551,-0.008298802814695066
14529,-1.2697416344850714,-0.008298802814695066
14530,-1.269741634589288,-0.008298802814695066
14531,-1.2697416353407172,-0.008298802814695066
14532,-1.2697416356465872,-0.008298802814695066
14533,-1.269741635791928,-0.008298802814695066
14534,-1.2697416359775013,-0.008298802814695066
14535,-1.269741636054445,-0.008298802814695066
14536,-1.2697416365066727,-0.008298802814695066
14537,-1.2697416367815035,-0.008298802814695066
14538,-1.2697416368306156,-0.008298802814695066
14539,-1.269741637161617,-0.008298802814695066
14540,-1.2697416374540007,-0.008298802814695066
14541,-1.2697416376329722,-0.008298802814695066
14542,-1.2697416380913003,-0.008298802814695066
14543,-1.2697416380915034,-0.008298802814695066
14544,-1.2697416381990867,-0.008298802814695066
14545,-1.269741638259969,-0.008298802814695066
14546,-1.2697416385638767,-0.008298802814695066
14547,-1.2697416386627,-0.008298802814695066
14548,-1.269741638663462,-0.008298802814695066
14549,-1.2697416388393599,-0.008298802814695066
14550,-1.2697416388615963,-0.008298802814695066
14551,-1.2697416388949452,-0.008298802814695066
14552,-1.2697416390415257,-0.008298802814695066
14553,-1.269741639092344,-0.008298802814695066
14554,-1.2697416392341259,-0.008298802814695066
14555,-1.2697416395054448,-0.008298802814695066
14556,-1.2697416400157862,-0.008298802814695066
14557,-1.269741640211095,-0.008298802814695066
14558,-1.2697416402769939,-0.008298802814695066
14559,-1.269741640316573,-0.008298802814695066
14560,-1.2697416403206432,-0.008298802814695066
14561,-1.2697416403618205,-0.008298802814695066
14562,-1.269741640594683,-0.008298802814695066
14563,-1.269741640607871,-0.008298802814695066
14564,-1.269741640738601,-0.008298802814695066
14565,-1.269741640852434,-0.008298802814695066
14566,-1.2697416410787703,-0.008298802814695066
14567,-1.269741641218161,-0.008298802814695066
14568,-1.269741641230607,-0.008298802814695066
14569,-1.2697416413621485,-0.008298802814695066
14570,-1.2697416415066793,-0.008298802814695066
14571,-1.2697416415278373,-0.008298802814695066
14572,-1.2697416415342881,-0.008298802814695066
14573,-1.269741641571875,-0.008298802814695066
14574,-1.269741641635733,-0.008298802814695066
14575,-1.2697416417023462,-0.008298802814695066
14576,-1.2697416419100618,-0.008298802814695066
14577,-1.269741641943221,-0.008298802814695066
14578,-1.269741642072499,-0.008298802814695066
14579,-1.2697416425472512,-0.008298802814695066
14580,-1.269741642585958,-0.008298802814695066
14581,-1.2697416427307093,-0.008298802814695066
14582,-1.2697416429005723,-0.008298802814695066
14583,-1.2697416431166968,-0.008298802814695066
14584,-1.269741643119241,-0.008298802814695066
14585,-1.269741643245937,-0.008298802814695066
14586,-1.269741643337152,-0.008298802814695066
14587,-1.269741643419306,-0.008298802814695066
14588,-1.2697416435718396,-0.008298802814695066
14589,-1.2697416439838158,-0.008298802814695066
14590,-1.2697416441272784,-0.008298802814695066
14591,-1.2697416442789053,-0.008298802814695066
14592,-1.2697416444074237,-0.008298802814695066
14593,-1.26974164462663,-0.008298802814695066
14594,-1.2697416447576229,-0.008298802814695066
14595,-1.2697416447769383,-0.008298802814695066
14596,-1.2697416450108596,-0.008298802814695066
14597,-1.2697416450304089,-0.008298802814695066
14598,-1.2697416450368058,-0.008298802814695066
14599,-1.2697416452384491,-0.008298802814695066
14600,-1.2697416454039354,-0.008298802814695066
14601,-1.2697416455904527,-0.008298802814695066
14602,-1.2697416456792077,-0.008298802814695066
14603,-1.269741645875904,-0.008298802814695066
14604,-1.2697416465167555,-0.008298802814695066
14605,-1.2697416465709583,-0.008298802814695066
14606,-1.2697416466736398,-0.008298802814695066
14607,-1.2697416468187548,-0.008298802814695066
14608,-1.2697416469081038,-0.008298802814695066
14609,-1.2697416469284113,-0.008298802814695066
14610,-1.2697416469374394,-0.008298802814695066
14611,-1.2697416469821656,-0.008298802814695066
14612,-1.2697416470514447,-0.008298802814695066
14613,-1.2697416472973821,-0.008298802814695066
14614,-1.26974164738803,-0.008298802814695066
14615,-1.2697416476216685,-0.008298802814695066
14616,-1.2697416477779229,-0.008298802814695066
14617,-1.269741647948695,-0.008298802814695066
14618,-1.2697416480187103,-0.008298802814695066
14619,-1.2697416483548465,-0.008298802814695066
14620,-1.2697416483730684,-0.008298802814695066
14621,-1.2697416484808401,-0.008298802814695066
14622,-1.2697416484889303,-0.008298802814695066
14623,-1.269741648787778,-0.008298802814695066
14624,-1.269741648843116,-0.008298802814695066
14625,-1.2697416491207734,-0.008298802814695066
14626,-1.2697416491410596,-0.008298802814695066
14627,-1.2697416492069928,-0.008298802814695066
14628,-1.2697416492554183,-0.008298802814695066
14629,-1.2697416492758027,-0.008298802814695066
14630,-1.269741649381189,-0.008298802814695066
14631,-1.2697416494739135,-0.008298802814695066
14632,-1.2697416494873388,-0.008298802814695066
14633,-1.2697416495569962,-0.008298802814695066
14634,-1.2697416497079637,-0.008298802814695066
14635,-1.2697416499119667,-0.008298802814695066
14636,-1.2697416499156038,-0.008298802814695066
14637,-1.26974164992803,-0.008298802814695066
14638,-1.2697416499643195,-0.008298802814695066
14639,-1.2697416500772236,-0.008298802814695066
14640,-1.2697416500864434,-0.008298802814695066
14641,-1.2697416501646015,-0.008298802814695066
14642,-1.269741650354393,-0.008298802814695066
14643,-1.2697416505180046,-0.008298802814695066
14644,-1.26974165060492,-0.008298802814695066
14645,-1.2697416506739034,-0.008298802814695066
14646,-1.269741650810736,-0.008298802814695066
14647,-1.2697416510500095,-0.008298802814695066
14648,-1.2697416515371653,-0.008298802814695066
14649,-1.2697416516169704,-0.008298802814695066
14650,-1.2697416520007128,-0.008298802814695066
14651,-1.2697416523218061,-0.008298802814695066
14652,-1.269741652403546,-0.008298802814695066
14653,-1.2697416528420011,-0.008298802814695066
14654,-1.26974165301051,-0.008298802814695066
14655,-1.2697416530999923,-0.008298802814695066
14656,-1.2697416531132248,-0.008298802814695066
14657,-1.2697416531972454,-0.008298802814695066
14658,-1.269741653558646,-0.008298802814695066
14659,-1.2697416536177732,-0.008298802814695066
14660,-1.2697416536522188,-0.008298802814695066
14661,-1.2697416537179103,-0.008298802814695066
14662,-1.2697416537983517,-0.008298802814695066
14663,-1.2697416538634478,-0.008298802814695066
14664,-1.2697416542173445,-0.008298802814695066
14665,-1.2697416542251976,-0.008298802814695066
14666,-1.269741654322445,-0.008298802814695066
14667,-1.26974165432514,-0.008298802814695066
14668,-1.2697416543989877,-0.008298802814695066
14669,-1.2697416544684137,-0.008298802814695066
14670,-1.269741654516284,-0.008298802814695066
14671,-1.269741654631314,-0.008298802814695066
14672,-1.2697416546403146,-0.008298802814695066
14673,-1.269741654765693,-0.008298802814695066
14674,-1.2697416555563477,-0.008298802814695066
14675,-1.2697416560390158,-0.008298802814695066
14676,-1.2697416560853776,-0.008298802814695066
14677,-1.2697416562632244,-0.008298802814695066
14678,-1.2697416564083956,-0.008298802814695066
14679,-1.269741656514728,-0.008298802814695066
14680,-1.2697416566630815,-0.008298802814695066
14681,-1.2697416567074327,-0.008298802814695066
14682,-1.2697416567368032,-0.008298802814695066
14683,-1.2697416567914153,-0.008298802814695066
14684,-1.2697416572837286,-0.008298802814695066
14685,-1.2697416574003868,-0.008298802814695066
14686,-1.269741657566897,-0.008298802814695066
14687,-1.269741657626557,-0.008298802814695066
14688,-1.2697416580697156,-0.008298802814695066
14689,-1.2697416580717622,-0.008298802814695066
14690,-1.2697416581565493,-0.008298802814695066
14691,-1.2697416582483947,-0.008298802814695066
14692,-1.2697416585775305,-0.008298802814695066
14693,-1.269741658685932,-0.008298802814695066
14694,-1.2697416588118828,-0.008298802814695066
14695,-1.2697416588208463,-0.008298802814695066
14696,-1.2697416589089507,-0.008298802814695066
14697,-1.2697416589778432,-0.008298802814695066
14698,-1.2697416589817565,-0.008298802814695066
14699,-1.2697416595707658,-0.008298802814695066
14700,-1.2697416600501628,-0.008298802814695066
14701,-1.2697416601225207,-0.008298802814695066
14702,-1.2697416604005476,-0.008298802814695066
14703,-1.2697416604934264,-0.008298802814695066
14704,-1.2697416605028935,-0.008298802814695066
14705,-1.2697416605713765,-0.008298802814695066
14706,-1.2697416607129446,-0.008298802814695066
14707,-1.2697416607304788,-0.008298802814695066
14708,-1.2697416607643213,-0.008298802814695066
14709,-1.2697416607822003,-0.008298802814695066
14710,-1.269741661169401,-0.008298802814695066
14711,-1.2697416611815884,-0.008298802814695066
14712,-1.2697416612095265,-0.008298802814695066
14713,-1.2697416613958192,-0.008298802814695066
14714,-1.2697416615558257,-0.008298802814695066
14715,-1.2697416617576551,-0.008298802814695066
14716,-1.2697416618920372,-0.008298802814695066
14717,-1.2697416622856157,-0.008298802814695066
14718,-1.2697416626458962,-0.008298802814695066
14719,-1.269741662766878,-0.008298802814695066
14720,-1.269741662791507,-0.008298802814695066
14721,-1.2697416629069753,-0.008298802814695066
14722,-1.2697416629358704,-0.008298802814695066
14723,-1.2697416629701825,-0.008298802814695066
14724,-1.269741663042311,-0.008298802814695066
14725,-1.2697416630432705,-0.008298802814695066
14726,-1.2697416630435938,-0.008298802814695066
14727,-1.2697416631452159,-0.008298802814695066
14728,-1.2697416631832128,-0.008298802814695066
14729,-1.2697416632399579,-0.008298802814695066
14730,-1.269741663254583,-0.008298802814695066
14731,-1.269741663306419,-0.008298802814695066
14732,-1.269741663317737,-0.008298802814695066
14733,-1.2697416635761392,-0.008298802814695066
14734,-1.2697416636266723,-0.008298802814695066
14735,-1.269741663631427,-0.008298802814695066
14736,-1.269741663765051,-0.008298802814695066
14737,-1.269741663867741,-0.008298802814695066
14738,-1.2697416639302213,-0.008298802814695066
14739,-1.2697416639740533,-0.008298802814695066
14740,-1.2697416641057775,-0.008298802814695066
14741,-1.2697416641339598,-0.008298802814695066
14742,-1.2697416642554968,-0.008298802814695066
14743,-1.2697416642757382,-0.008298802814695066
14744,-1.2697416642843544,-0.008298802814695066
14745,-1.2697416643217734,-0.008298802814695066
14746,-1.269741664532156,-0.008298802814695066
14747,-1.2697416645518196,-0.008298802814695066
14748,-1.269741664622965,-0.008298802814695066
14749,-1.2697416647785114,-0.008298802814695066
14750,-1.2697416647831274,-0.008298802814695066
14751,-1.2697416648329412,-0.008298802814695066
14752,-1.2697416648922335,-0.008298802814695066
14753,-1.2697416649295665,-0.008298802814695066
14754,-1.2697416649639002,-0.008298802814695066
14755,-1.2697416649962803,-0.008298802814695066
14756,-1.269741664997069,-0.008298802814695066
14757,-1.2697416651051237,-0.008298802814695066
14758,-1.2697416653430535,-0.008298802814695066
14759,-1.2697416653845228,-0.008298802814695066
14760,-1.2697416654558904,-0.008298802814695066
14761,-1.2697416654777804,-0.008298802814695066
14762,-1.269741665482334,-0.008298802814695066
14763,-1.2697416657635077,-0.008298802814695066
14764,-1.2697416659595704,-0.008298802814695066
14765,-1.269741665971111,-0.008298802814695066
14766,-1.269741665975384,-0.008298802814695066
14767,-1.2697416660805656,-0.008298802814695066
14768,-1.2697416661297272,-0.008298802814695066
14769,-1.26974166639675,-0.008298802814695066
14770,-1.2697416664469365,-0.008298802814695066
14771,-1.269741666514025,-0.008298802814695066
14772,-1.2697416665683237,-0.008298802814695066
14773,-1.2697416669048995,-0.008298802814695066
14774,-1.2697416669228327,-0.008298802814695066
14775,-1.2697416670501365,-0.008298802814695066
14776,-1.2697416671404596,-0.008298802814695066
14777,-1.2697416675623519,-0.008298802814695066
14778,-1.2697416678144784,-0.008298802814695066
14779,-1.2697416678670082,-0.008298802814695066
14780,-1.2697416679466407,-0.008298802814695066
14781,-1.269741668030552,-0.008298802814695066
14782,-1.2697416681247513,-0.008298802814695066
14783,-1.2697416681632485,-0.008298802814695066
14784,-1.2697416684140392,-0.008298802814695066
14785,-1.2697416685526788,-0.008298802814695066
14786,-1.269741668783246,-0.008298802814695066
14787,-1.2697416687932666,-0.008298802814695066
14788,-1.2697416689069807,-0.008298802814695066
14789,-1.2697416689257508,-0.008298802814695066
14790,-1.2697416691901489,-0.008298802814695066
14791,-1.2697416692155725,-0.008298802814695066
14792,-1.26974166923748,-0.008298802814695066
14793,-1.2697416692989796,-0.008298802814695066
14794,-1.2697416695025185,-0.008298802814695066
14795,-1.2697416695139514,-0.008298802814695066
14796,-1.2697416695483057,-0.008298802814695066
14797,-1.2697416695630372,-0.008298802814695066
14798,-1.2697416695686226,-0.008298802814695066
14799,-1.2697416696854358,-0.008298802814695066
14800,-1.2697416696889534,-0.008298802814695066
14801,-1.2697416697141388,-0.008298802814695066
14802,-1.2697416701248903,-0.008298802814695066
14803,-1.2697416701757673,-0.008298802814695066
14804,-1.2697416702080688,-0.008298802814695066
14805,-1.269741670351916,-0.008298802814695066
14806,-1.2697416704133502,-0.008298802814695066
14807,-1.2697416704256979,-0.008298802814695066
14808,-1.2697416704703455,-0.008298802814695066
14809,-1.2697416705911522,-0.008298802814695066
14810,-1.2697416706510523,-0.008298802814695066
14811,-1.2697416708171136,-0.008298802814695066
14812,-1.269741670857705,-0.008298802814695066
14813,-1.2697416708763622,-0.008298802814695066
14814,-1.269741670905948,-0.008298802814695066
14815,-1.269741671110084,-0.008298802814695066
14816,-1.2697416711722047,-0.008298802814695066
14817,-1.2697416714181369,-0.008298802814695066
14818,-1.269741671429209,-0.008298802814695066
14819,-1.2697416714846332,-0.008298802814695066
14820,-1.2697416715163863,-0.008298802814695066
14821,-1.2697416716675387,-0.008298802814695066
14822,-1.2697416718025003,-0.008298802814695066
14823,-1.2697416718389325,-0.008298802814695066
14824,-1.2697416719011394,-0.008298802814695066
14825,-1.2697416719808992,-0.008298802814695066
14826,-1.2697416720182135,-0.008298802814695066
14827,-1.2697416722390025,-0.008298802814695066
14828,-1.2697416722674477,-0.008298802814695066
14829,-1.2697416723961454,-0.008298802814695066
14830,-1.2697416724478443,-0.008298802814695066
14831,-1.2697416726450164,-0.008298802814695066
14832,-1.269741672652882,-0.008298802814695066
14833,-1.2697416728199138,-0.008298802814695066
14834,-1.2697416728437443,-0.008298802814695066
14835,-1.2697416730589597,-0.008298802814695066
14836,-1.2697416731814657,-0.008298802814695066
14837,-1.2697416732786309,-0.008298802814695066
14838,-1.2697416734322367,-0.008298802814695066
14839,-1.2697416735487774,-0.008298802814695066
14840,-1.269741673620965,-0.008298802814695066
14841,-1.2697416736645226,-0.008298802814695066
14842,-1.2697416737992206,-0.008298802814695066
14843,-1.269741673869032,-0.008298802814695066
14844,-1.2697416739226552,-0.008298802814695066
14845,-1.2697416740692662,-0.008298802814695066
14846,-1.2697416741389354,-0.008298802814695066
14847,-1.2697416743652299,-0.008298802814695066
14848,-1.2697416744179368,-0.008298802814695066
14849,-1.2697416744772314,-0.008298802814695066
14850,-1.2697416749856996,-0.008298802814695066
14851,-1.269741675028156,-0.008298802814695066
14852,-1.26974167504333,-0.008298802814695066
14853,-1.2697416750525758,-0.008298802814695066
14854,-1.2697416751323087,-0.008298802814695066
14855,-1.2697416753485093,-0.008298802814695066
14856,-1.269741675482611,-0.008298802814695066
14857,-1.2697416755807214,-0.008298802814695066
14858,-1.2697416757225515,-0.008298802814695066
14859,-1.269741675984569,-0.008298802814695066
14860,-1.2697416759970679,-0.008298802814695066
14861,-1.2697416760297102,-0.008298802814695066
14862,-1.2697416761264506,-0.008298802814695066
14863,-1.2697416763061349,-0.008298802814695066
14864,-1.269741676392432,-0.008298802814695066
14865,-1.269741676444632,-0.008298802814695066
14866,-1.2697416764888363,-0.008298802814695066
14867,-1.2697416765737295,-0.008298802814695066
14868,-1.2697416766278986,-0.008298802814695066
14869,-1.2697416768172218,-0.008298802814695066
14870,-1.2697416769383014,-0.008298802814695066
14871,-1.269741677119372,-0.008298802814695066
14872,-1.2697416772940695,-0.008298802814695066
14873,-1.2697416773142238,-0.008298802814695066
14874,-1.2697416773502954,-0.008298802814695066
14875,-1.269741677749037,-0.008298802814695066
14876,-1.2697416777947281,-0.008298802814695066
14877,-1.2697416778889743,-0.008298802814695066
14878,-1.2697416780392465,-0.008298802814695066
14879,-1.2697416781566644,-0.008298802814695066
14880,-1.2697416781896849,-0.008298802814695066
14881,-1.2697416782182258,-0.008298802814695066
14882,-1.269741678233581,-0.008298802814695066
14883,-1.2697416783128233,-0.008298802814695066
14884,-1.2697416784007298,-0.008298802814695066
14885,-1.2697416784480673,-0.008298802814695066
14886,-1.2697416785397544,-0.008298802814695066
14887,-1.2697416786936933,-0.008298802814695066
14888,-1.2697416786945912,-0.008298802814695066
14889,-1.2697416787353089,-0.008298802814695066
14890,-1.2697416787441322,-0.008298802814695066
14891,-1.2697416787844926,-0.008298802814695066
14892,-1.269741678842907,-0.008298802814695066
14893,-1.2697416788446012,-0.008298802814695066
14894,-1.2697416789211489,-0.008298802814695066
14895,-1.269741678968661,-0.008298802814695066
14896,-1.269741678973424,-0.008298802814695066
14897,-1.2697416789908103,-0.008298802814695066
14898,-1.2697416791018425,-0.008298802814695066
14899,-1.2697416791799974,-0.008298802814695066
14900,-1.269741679195835,-0.008298802814695066
14901,-1.2697416794867737,-0.008298802814695066
14902,-1.2697416797178827,-0.008298802814695066
14903,-1.2697416798549603,-0.008298802814695066
14904,-1.2697416799157115,-0.008298802814695066
14905,-1.2697416799984618,-0.008298802814695066
14906,-1.269741680180776,-0.008298802814695066
14907,-1.2697416803265775,-0.008298802814695066
14908,-1.269741680357341,-0.008298802814695066
14909,-1.2697416804157433,-0.008298802814695066
14910,-1.26974168044775,-0.008298802814695066
14911,-1.2697416804511232,-0.008298802814695066
14912,-1.2697416804806654,-0.008298802814695066
14913,-1.2697416804924977,-0.008298802814695066
14914,-1.2697416806699147,-0.008298802814695066
14915,-1.2697416806934794,-0.008298802814695066
14916,-1.2697416808526383,-0.008298802814695066
14917,-1.2697416808661264,-0.008298802814695066
14918,-1.2697416808823256,-0.008298802814695066
14919,-1.2697416811624052,-0.008298802814695066
14920,-1.2697416812770523,-0.008298802814695066
14921,-1.2697416812918232,-0.008298802814695066
14922,-1.2697416813640652,-0.008298802814695066
14923,-1.2697416813771025,-0.008298802814695066
14924,-1.2697416814830782,-0.008298802814695066
14925,-1.2697416815850309,-0.008298802814695066
14926,-1.2697416818863871,-0.008298802814695066
14927,-1.2697416819843972,-0.008298802814695066
14928,-1.2697416819987386,-0.008298802814695066
14929,-1.2697416820435987,-0.008298802814695066
14930,-1.2697416821342196,-0.008298802814695066
14931,-1.269741682180523,-0.008298802814695066
14932,-1.2697416822403285,-0.008298802814695066
14933,-1.2697416823403143,-0.008298802814695066
14934,-1.2697416823902576,-0.008298802814695066
14935,-1.2697416824344026,-0.008298802814695066
14936,-1.2697416825132577,-0.008298802814695066
14937,-1.269741682611357,-0.008298802814695066
14938,-1.2697416826479135,-0.008298802814695066
14939,-1.2697416826582675,-0.008298802814695066
14940,-1.269741682680496,-0.008298802814695066
14941,-1.269741682879121,-0.008298802814695066
14942,-1.2697416830186832,-0.008298802814695066
14943,-1.2697416830645814,-0.008298802814695066
14944,-1.2697416830669914,-0.008298802814695066
14945,-1.2697416830775516,-0.008298802814695066
14946,-1.2697416831407453,-0.008298802814695066
14947,-1.269741683233785,-0.008298802814695066
14948,-1.269741683291428,-0.008298802814695066
14949,-1.2697416833013013,-0.008298802814695066
14950,-1.2697416833315114,-0.008298802814695066
14951,-1.2697416836585749,-0.008298802814695066
14952,-1.269741683679481,-0.008298802814695066
14953,-1.269741683683609,-0.008298802814695066
14954,-1.2697416838375812,-0.008298802814695066
14955,-1.2697416839154065,-0.008298802814695066
14956,-1.2697416840308335,-0.008298802814695066
14957,-1.2697416840639195,-0.008298802814695066
14958,-1.2697416840704476,-0.008298802814695066
14959,-1.269741684097254,-0.008298802814695066
14960,-1.2697416842270584,-0.008298802814695066
14961,-1.2697416842675306,-0.008298802814695066
14962,-1.2697416843048586,-0.008298802814695066
14963,-1.2697416844140201,-0.008298802814695066
14964,-1.2697416845510214,-0.008298802814695066
14965,-1.269741684699024,-0.008298802814695066
14966,-1.269741684780681,-0.008298802814695066
14967,-1.269741684808269,-0.008298802814695066
14968,-1.2697416849947236,-0.008298802814695066
14969,-1.269741685019011,-0.008298802814695066
14970,-1.269741685127727,-0.008298802814695066
14971,-1.2697416851932146,-0.008298802814695066
14972,-1.2697416852342382,-0.008298802814695066
14973,-1.269741685257373,-0.008298802814695066
14974,-1.2697416852611239,-0.008298802814695066
14975,-1.2697416857116584,-0.008298802814695066
14976,-1.2697416857483805,-0.008298802814695066
14977,-1.2697416857741013,-0.008298802814695066
14978,-1.2697416858869026,-0.008298802814695066
14979,-1.2697416860766528,-0.008298802814695066
14980,-1.2697416861207387,-0.008298802814695066
14981,-1.2697416862328401,-0.008298802814695066
14982,-1.2697416862971775,-0.008298802814695066
14983,-1.2697416865020659,-0.008298802814695066
14984,-1.2697416865495135,-0.008298802814695066
14985,-1.269741686722329,-0.008298802814695066
14986,-1.2697416867252662,-0.008298802814695066
14987,-1.2697416867913323,-0.008298802814695066
14988,-1.2697416868117757,-0.008298802814695066
14989,-1.2697416869192228,-0.008298802814695066
14990,-1.2697416871036833,-0.008298802814695066
14991,-1.2697416871548568,-0.008298802814695066
14992,-1.2697416871625937,-0.008298802814695066
14993,-1.2697416872635454,-0.008298802814695066
14994,-1.2697416872823513,-0.008298802814695066
14995,-1.2697416872990885,-0.008298802814695066
14996,-1.269741687391897,-0.008298802814695066
14997,-1.2697416874271747,-0.008298802814695066
14998,-1.2697416874281617,-0.008298802814695066
14999,-1.2697416874840517,-0.008298802814695066
15000,-1.2697416874857235,-0.008298802814695066
15001,-1.2697416874876113,-0.008298802814695066
15002,-1.2697416875974692,-0.008298802814695066
15003,-1.269741687683191,-0.008298802814695066
15004,-1.2697416877121082,-0.008298802814695066
15005,-1.2697416877564116,-0.008298802814695066
15006,-1.2697416877757455,-0.008298802814695066
15007,-1.2697416877952088,-0.008298802814695066
15008,-1.2697416878273993,-0.008298802814695066
15009,-1.2697416878332262,-0.008298802814695066
15010,-1.269741687837606,-0.008298802814695066
15011,-1.2697416880278625,-0.008298802814695066
15012,-1.2697416880386354,-0.008298802814695066
15013,-1.2697416881424164,-0.008298802814695066
15014,-1.2697416881495613,-0.008298802814695066
15015,-1.2697416882226684,-0.008298802814695066
15016,-1.2697416882323378,-0.008298802814695066
15017,-1.2697416884766843,-0.008298802814695066
15018,-1.2697416884928567,-0.008298802814695066
15019,-1.2697416885514987,-0.008298802814695066
15020,-1.269741688689088,-0.008298802814695066
15021,-1.2697416888474422,-0.008298802814695066
15022,-1.2697416889062005,-0.008298802814695066
15023,-1.2697416890214377,-0.008298802814695066
15024,-1.2697416890765043,-0.008298802814695066
15025,-1.269741689078266,-0.008298802814695066
15026,-1.2697416891133808,-0.008298802814695066
15027,-1.2697416891303273,-0.008298802814695066
15028,-1.269741689136619,-0.008298802814695066
15029,-1.269741689178388,-0.008298802814695066
15030,-1.2697416891841837,-0.008298802814695066
15031,-1.2697416892088875,-0.008298802814695066
15032,-1.2697416892152475,-0.008298802814695066
15033,-1.269741689217726,-0.008298802814695066
15034,-1.2697416892263207,-0.008298802814695066
15035,-1.2697416892422664,-0.008298802814695066
15036,-1.2697416894106723,-0.008298802814695066
15037,-1.2697416895250386,-0.008298802814695066
15038,-1.2697416895575793,-0.008298802814695066
15039,-1.2697416895693316,-0.008298802814695066
15040,-1.2697416895867026,-0.008298802814695066
15041,-1.2697416896379445,-0.008298802814695066
15042,-1.269741689648147,-0.008298802814695066
15043,-1.269741689703862,-0.008298802814695066
15044,-1.269741689779197,-0.008298802814695066
15045,-1.2697416898921956,-0.008298802814695066
15046,-1.2697416900008727,-0.008298802814695066
15047,-1.2697416900404455,-0.008298802814695066
15048,-1.269741690047961,-0.008298802814695066
15049,-1.2697416900534495,-0.008298802814695066
15050,-1.2697416900661835,-0.008298802814695066
15051,-1.2697416900764311,-0.008298802814695066
15052,-1.2697416901687222,-0.008298802814695066
15053,-1.2697416902020984,-0.008298802814695066
15054,-1.269741690319239,-0.008298802814695066
15055,-1.2697416903953291,-0.008298802814695066
15056,-1.2697416903980612,-0.008298802814695066
15057,-1.2697416904825487,-0.008298802814695066
15058,-1.269741690483595,-0.008298802814695066
15059,-1.2697416905770846,-0.008298802814695066
15060,-1.2697416907456058,-0.008298802814695066
15061,-1.2697416908086976,-0.008298802814695066
15062,-1.269741690813336,-0.008298802814695066
15063,-1.2697416908240147,-0.008298802814695066
15064,-1.2697416908984756,-0.008298802814695066
15065,-1.2697416909390393,-0.008298802814695066
15066,-1.269741691064343,-0.008298802814695066
15067,-1.2697416911277566,-0.008298802814695066
15068,-1.2697416911412953,-0.008298802814695066
15069,-1.2697416912010373,-0.008298802814695066
15070,-1.269741691409145,-0.008298802814695066
15071,-1.2697416914451642,-0.008298802814695066
15072,-1.2697416914572173,-0.008298802814695066
15073,-1.269741691461233,-0.008298802814695066
15074,-1.2697416914688235,-0.008298802814695066
15075,-1.269741691625351,-0.008298802814695066
15076,-1.2697416917609778,-0.008298802814695066
15077,-1.2697416918021047,-0.008298802814695066
15078,-1.2697416918077358,-0.008298802814695066
15079,-1.269741691819504,-0.008298802814695066
15080,-1.2697416918839908,-0.008298802814695066
15081,-1.2697416920831621,-0.008298802814695066
15082,-1.2697416922824911,-0.008298802814695066
15083,-1.2697416922890106,-0.008298802814695066
15084,-1.2697416924827964,-0.008298802814695066
15085,-1.2697416925604175,-0.008298802814695066
15086,-1.2697416926014937,-0.008298802814695066
15087,-1.2697416927221816,-0.008298802814695066
15088,-1.2697416928721088,-0.008298802814695066
15089,-1.2697416929218317,-0.008298802814695066
15090,-1.2697416930297365,-0.008298802814695066
15091,-1.2697416930970655,-0.008298802814695066
15092,-1.269741693111347,-0.008298802814695066
15093,-1.2697416931626488,-0.008298802814695066
15094,-1.2697416933606878,-0.008298802814695066
15095,-1.2697416933660672,-0.008298802814695066
15096,-1.2697416934658523,-0.008298802814695066
15097,-1.2697416936165622,-0.008298802814695066
15098,-1.26974169363644,-0.008298802814695066
15099,-1.2697416937760297,-0.008298802814695066
15100,-1.2697416939167145,-0.008298802814695066
15101,-1.2697416940260882,-0.008298802814695066
15102,-1.2697416940370982,-0.008298802814695066
15103,-1.2697416940524164,-0.008298802814695066
15104,-1.2697416940725959,-0.008298802814695066
15105,-1.2697416940853883,-0.008298802814695066
15106,-1.269741694128909,-0.008298802814695066
15107,-1.2697416941355248,-0.008298802814695066
15108,-1.2697416942285322,-0.008298802814695066
15109,-1.2697416943136708,-0.008298802814695066
15110,-1.2697416944328022,-0.008298802814695066
15111,-1.2697416945783668,-0.008298802814695066
15112,-1.2697416946553024,-0.008298802814695066
15113,-1.2697416947145348,-0.008298802814695066
15114,-1.269741694783519,-0.008298802814695066
15115,-1.2697416947868816,-0.008298802814695066
15116,-1.2697416948255567,-0.008298802814695066
15117,-1.2697416948525513,-0.008298802814695066
15118,-1.2697416948799172,-0.008298802814695066
15119,-1.26974169490328,-0.008298802814695066
15120,-1.2697416949198808,-0.008298802814695066
15121,-1.2697416949542313,-0.008298802814695066
15122,-1.2697416950813045,-0.008298802814695066
15123,-1.2697416951504497,-0.008298802814695066
15124,-1.2697416951569163,-0.008298802814695066
15125,-1.2697416951688953,-0.008298802814695066
15126,-1.2697416953672023,-0.008298802814695066
15127,-1.2697416955361716,-0.008298802814695066
15128,-1.2697416955762912,-0.008298802814695066
15129,-1.269741695615095,-0.008298802814695066
15130,-1.2697416956858798,-0.008298802814695066
15131,-1.2697416956884586,-0.008298802814695066
15132,-1.269741695734019,-0.008298802814695066
15133,-1.2697416957413121,-0.008298802814695066
15134,-1.2697416957872592,-0.008298802814695066
15135,-1.2697416958582488,-0.008298802814695066
15136,-1.2697416959269172,-0.008298802814695066
15137,-1.26974169593934,-0.008298802814695066
15138,-1.2697416959564685,-0.008298802814695066
15139,-1.269741695969389,-0.008298802814695066
15140,-1.2697416960197283,-0.008298802814695066
15141,-1.269741696039602,-0.008298802814695066
15142,-1.2697416962878547,-0.008298802814695066
15143,-1.2697416963148138,-0.008298802814695066
15144,-1.2697416964535513,-0.008298802814695066
15145,-1.2697416965093393,-0.008298802814695066
15146,-1.269741696522595,-0.008298802814695066
15147,-1.269741696546092,-0.008298802814695066
15148,-1.269741696685701,-0.008298802814695066
15149,-1.2697416967068555,-0.008298802814695066
15150,-1.269741696843385,-0.008298802814695066
15151,-1.269741696855929,-0.008298802814695066
15152,-1.2697416969589101,-0.008298802814695066
15153,-1.2697416970926805,-0.008298802814695066
15154,-1.2697416971002866,-0.008298802814695066
15155,-1.269741697118593,-0.008298802814695066
15156,-1.2697416971333413,-0.008298802814695066
15157,-1.2697416972776323,-0.008298802814695066
15158,-1.2697416972903277,-0.008298802814695066
15159,-1.2697416972955309,-0.008298802814695066
15160,-1.2697416973826186,-0.008298802814695066
15161,-1.2697416975183522,-0.008298802814695066
15162,-1.2697416975804254,-0.008298802814695066
15163,-1.2697416977026612,-0.008298802814695066
15164,-1.2697416978538787,-0.008298802814695066
15165,-1.2697416981098633,-0.008298802814695066
15166,-1.2697416981249656,-0.008298802814695066
15167,-1.2697416981749496,-0.008298802814695066
15168,-1.2697416983850016,-0.008298802814695066
15169,-1.2697416984234668,-0.008298802814695066
15170,-1.2697416984471404,-0.008298802814695066
15171,-1.269741698504169,-0.008298802814695066
15172,-1.2697416985702688,-0.008298802814695066
15173,-1.2697416987196286,-0.008298802814695066
15174,-1.2697416987354266,-0.008298802814695066
15175,-1.2697416987620687,-0.008298802814695066
15176,-1.2697416988446597,-0.008298802814695066
15177,-1.2697416989420125,-0.008298802814695066
15178,-1.2697416992743915,-0.008298802814695066
15179,-1.269741699275334,-0.008298802814695066
15180,-1.269741699282343,-0.008298802814695066
15181,-1.2697416994436317,-0.008298802814695066
15182,-1.2697416994810207,-0.008298802814695066
15183,-1.26974169955152,-0.008298802814695066
15184,-1.2697416997258992,-0.008298802814695066
15185,-1.269741699761217,-0.008298802814695066
15186,-1.2697416998332827,-0.008298802814695066
15187,-1.2697416999441333,-0.008298802814695066
15188,-1.2697417000081352,-0.008298802814695066
15189,-1.2697417000534394,-0.008298802814695066
15190,-1.2697417001104476,-0.008298802814695066
15191,-1.2697417001591416,-0.008298802814695066
15192,-1.2697417001734221,-0.008298802814695066
15193,-1.2697417003169948,-0.008298802814695066
15194,-1.2697417003832678,-0.008298802814695066
15195,-1.2697417004085856,-0.008298802814695066
15196,-1.269741700435428,-0.008298802814695066
15197,-1.2697417004478928,-0.008298802814695066
15198,-1.2697417004589862,-0.008298802814695066
15199,-1.2697417005124634,-0.008298802814695066
15200,-1.269741700540195,-0.008298802814695066
15201,-1.2697417006063254,-0.008298802814695066
15202,-1.2697417006104894,-0.008298802814695066
15203,-1.2697417006217424,-0.008298802814695066
15204,-1.2697417006596696,-0.008298802814695066
15205,-1.2697417006797567,-0.008298802814695066
15206,-1.2697417007152867,-0.008298802814695066
15207,-1.2697417007193847,-0.008298802814695066
15208,-1.2697417007517586,-0.008298802814695066
15209,-1.2697417008076277,-0.008298802814695066
15210,-1.2697417008632226,-0.008298802814695066
15211,-1.269741700919029,-0.008298802814695066
15212,-1.2697417009277292,-0.008298802814695066
15213,-1.269741700956124,-0.008298802814695066
15214,-1.2697417009789722,-0.008298802814695066
15215,-1.2697417009798504,-0.008298802814695066
15216,-1.269741701021383,-0.008298802814695066
15217,-1.2697417011156693,-0.008298802814695066
15218,-1.2697417011618823,-0.008298802814695066
15219,-1.2697417011666632,-0.008298802814695066
15220,-1.269741701197417,-0.008298802814695066
15221,-1.2697417012445178,-0.008298802814695066
15222,-1.2697417013423538,-0.008298802814695066
15223,-1.2697417015249715,-0.008298802814695066
15224,-1.2697417015381167,-0.008298802814695066
15225,-1.2697417015609016,-0.008298802814695066
15226,-1.2697417016108203,-0.008298802814695066
15227,-1.2697417016146404,-0.008298802814695066
15228,-1.269741701701177,-0.008298802814695066
15229,-1.2697417017180141,-0.008298802814695066
15230,-1.2697417017647668,-0.008298802814695066
15231,-1.2697417017945316,-0.008298802814695066
15232,-1.2697417018649344,-0.008298802814695066
15233,-1.2697417018683144,-0.008298802814695066
15234,-1.2697417021392963,-0.008298802814695066
15235,-1.2697417021608624,-0.008298802814695066
15236,-1.269741702168327,-0.008298802814695066
15237,-1.2697417022179824,-0.008298802814695066
15238,-1.2697417022541821,-0.008298802814695066
15239,-1.2697417022805608,-0.008298802814695066
15240,-1.2697417023710749,-0.008298802814695066
15241,-1.2697417024089839,-0.008298802814695066
15242,-1.2697417024442372,-0.008298802814695066
15243,-1.2697417024961508,-0.008298802814695066
15244,-1.2697417026085713,-0.008298802814695066
15245,-1.2697417026149043,-0.008298802814695066
15246,-1.2697417026726772,-0.008298802814695066
15247,-1.2697417027989422,-0.008298802814695066
15248,-1.269741702827852,-0.008298802814695066
15249,-1.2697417028792308,-0.008298802814695066
15250,-1.269741702917047,-0.008298802814695066
15251,-1.269741702992159,-0.008298802814695066
15252,-1.269741703045932,-0.008298802814695066
15253,-1.2697417030589715,-0.008298802814695066
15254,-1.269741703074689,-0.008298802814695066
15255,-1.269741703102724,-0.008298802814695066
15256,-1.2697417031279625,-0.008298802814695066
15257,-1.269741703212751,-0.008298802814695066
15258,-1.2697417032785898,-0.008298802814695066
15259,-1.2697417032914382,-0.008298802814695066
15260,-1.269741703313244,-0.008298802814695066
15261,-1.2697417033934002,-0.008298802814695066
15262,-1.2697417034518739,-0.008298802814695066
15263,-1.2697417034835636,-0.008298802814695066
15264,-1.2697417036390364,-0.008298802814695066
15265,-1.2697417036761958,-0.008298802814695066
15266,-1.269741703867445,-0.008298802814695066
15267,-1.2697417038900356,-0.008298802814695066
15268,-1.269741703982482,-0.008298802814695066
15269,-1.2697417041691312,-0.008298802814695066
15270,-1.2697417041768473,-0.008298802814695066
15271,-1.2697417041811985,-0.008298802814695066
15272,-1.2697417041935504,-0.008298802814695066
15273,-1.2697417043164272,-0.008298802814695066
15274,-1.2697417043415107,-0.008298802814695066
15275,-1.2697417043627537,-0.008298802814695066
15276,-1.2697417043678003,-0.008298802814695066
15277,-1.269741704373125,-0.008298802814695066
15278,-1.269741704390623,-0.008298802814695066
15279,-1.2697417045502988,-0.008298802814695066
15280,-1.2697417045867463,-0.008298802814695066
15281,-1.2697417045924257,-0.008298802814695066
15282,-1.2697417046649926,-0.008298802814695066
15283,-1.2697417047216155,-0.008298802814695066
15284,-1.2697417047328516,-0.008298802814695066
15285,-1.2697417047520352,-0.008298802814695066
15286,-1.2697417047750355,-0.008298802814695066
15287,-1.2697417048868245,-0.008298802814695066
15288,-1.2697417049496784,-0.008298802814695066
15289,-1.269741704956341,-0.008298802814695066
15290,-1.2697417049566175,-0.008298802814695066
15291,-1.2697417050113893,-0.008298802814695066
15292,-1.2697417050250495,-0.008298802814695066
15293,-1.2697417050521906,-0.008298802814695066
15294,-1.269741705052684,-0.008298802814695066
15295,-1.269741705064069,-0.008298802814695066
15296,-1.269741705109337,-0.008298802814695066
15297,-1.2697417051354913,-0.008298802814695066
15298,-1.2697417051723212,-0.008298802814695066
15299,-1.2697417052563071,-0.008298802814695066
15300,-1.2697417052923496,-0.008298802814695066
15301,-1.2697417053091133,-0.008298802814695066
15302,-1.2697417053164206,-0.008298802814695066
15303,-1.2697417053420144,-0.008298802814695066
15304,-1.2697417053512403,-0.008298802814695066
15305,-1.269741705357751,-0.008298802814695066
15306,-1.2697417053699838,-0.008298802814695066
15307,-1.2697417053741247,-0.008298802814695066
15308,-1.2697417054985844,-0.008298802814695066
15309,-1.2697417055014406,-0.008298802814695066
15310,-1.2697417055145825,-0.008298802814695066
15311,-1.269741705575203,-0.008298802814695066
15312,-1.2697417056148859,-0.008298802814695066
15313,-1.2697417056286846,-0.008298802814695066
15314,-1.2697417056353735,-0.008298802814695066
15315,-1.2697417058167848,-0.008298802814695066
15316,-1.2697417058706728,-0.008298802814695066
15317,-1.2697417059873775,-0.008298802814695066
15318,-1.2697417060262266,-0.008298802814695066
15319,-1.2697417060300933,-0.008298802814695066
15320,-1.2697417060620944,-0.008298802814695066
15321,-1.2697417060767002,-0.008298802814695066
15322,-1.26974170608288,-0.008298802814695066
15323,-1.2697417061470506,-0.008298802814695066
15324,-1.2697417061510414,-0.008298802814695066
15325,-1.2697417061833147,-0.008298802814695066
15326,-1.2697417062162408,-0.008298802814695066
15327,-1.2697417062609002,-0.008298802814695066
15328,-1.2697417063010354,-0.008298802814695066
15329,-1.2697417063272112,-0.008298802814695066
15330,-1.269741706336225,-0.008298802814695066
15331,-1.2697417063726522,-0.008298802814695066
15332,-1.2697417063985896,-0.008298802814695066
15333,-1.26974170642153,-0.008298802814695066
15334,-1.2697417064440994,-0.008298802814695066
15335,-1.2697417065212317,-0.008298802814695066
15336,-1.269741706526533,-0.008298802814695066
15337,-1.269741706573571,-0.008298802814695066
15338,-1.269741706578346,-0.008298802814695066
15339,-1.2697417066537207,-0.008298802814695066
15340,-1.2697417066645427,-0.008298802814695066
15341,-1.2697417067017285,-0.008298802814695066
15342,-1.2697417067676322,-0.008298802814695066
15343,-1.2697417067857206,-0.008298802814695066
15344,-1.2697417068193217,-0.008298802814695066
15345,-1.2697417068250276,-0.008298802814695066
15346,-1.2697417068961705,-0.008298802814695066
15347,-1.2697417069392969,-0.008298802814695066
15348,-1.269741706972484,-0.008298802814695066
15349,-1.2697417069725816,-0.008298802814695066
15350,-1.2697417071693837,-0.008298802814695066
15351,-1.2697417071865,-0.008298802814695066
15352,-1.2697417072061716,-0.008298802814695066
15353,-1.2697417072482224,-0.008298802814695066
15354,-1.2697417072582557,-0.008298802814695066
15355,-1.269741707289414,-0.008298802814695066
15356,-1.2697417073516044,-0.008298802814695066
15357,-1.2697417073527761,-0.008298802814695066
15358,-1.2697417073608523,-0.008298802814695066
15359,-1.2697417074468023,-0.008298802814695066
15360,-1.2697417074764168,-0.008298802814695066
15361,-1.2697417075759132,-0.008298802814695066
15362,-1.2697417075985182,-0.008298802814695066
15363,-1.2697417076437052,-0.008298802814695066
15364,-1.269741707700918,-0.008298802814695066
15365,-1.269741707701358,-0.008298802814695066
15366,-1.2697417078075492,-0.008298802814695066
15367,-1.2697417078667188,-0.008298802814695066
15368,-1.2697417078849633,-0.008298802814695066
15369,-1.2697417079482622,-0.008298802814695066
15370,-1.269741707950524,-0.008298802814695066
15371,-1.2697417079777764,-0.008298802814695066
15372,-1.2697417080078994,-0.008298802814695066
15373,-1.269741708042599,-0.008298802814695066
15374,-1.2697417080672988,-0.008298802814695066
15375,-1.2697417081767302,-0.008298802814695066
15376,-1.2697417082445885,-0.008298802814695066
15377,-1.2697417082460385,-0.008298802814695066
15378,-1.2697417082498514,-0.008298802814695066
15379,-1.2697417083105296,-0.008298802814695066
15380,-1.2697417084209794,-0.008298802814695066
15381,-1.2697417085218847,-0.008298802814695066
15382,-1.2697417086091372,-0.008298802814695066
15383,-1.2697417086223612,-0.008298802814695066
15384,-1.2697417086250684,-0.008298802814695066
15385,-1.269741708640131,-0.008298802814695066
15386,-1.2697417086742917,-0.008298802814695066
15387,-1.2697417086770415,-0.008298802814695066
15388,-1.269741708678083,-0.008298802814695066
15389,-1.2697417087092722,-0.008298802814695066
15390,-1.2697417087165426,-0.008298802814695066
15391,-1.26974170872213,-0.008298802814695066
15392,-1.2697417087443092,-0.008298802814695066
15393,-1.269741708757038,-0.008298802814695066
15394,-1.2697417087685603,-0.008298802814695066
15395,-1.269741708813531,-0.008298802814695066
15396,-1.2697417088316272,-0.008298802814695066
15397,-1.2697417088382712,-0.008298802814695066
15398,-1.2697417088873988,-0.008298802814695066
15399,-1.2697417088992382,-0.008298802814695066
15400,-1.2697417089673224,-0.008298802814695066
15401,-1.2697417089685137,-0.008298802814695066
15402,-1.269741709002217,-0.008298802814695066
15403,-1.269741709064648,-0.008298802814695066
15404,-1.2697417090921943,-0.008298802814695066
15405,-1.2697417091233656,-0.008298802814695066
15406,-1.2697417091273155,-0.008298802814695066
15407,-1.2697417092079875,-0.008298802814695066
15408,-1.2697417092306489,-0.008298802814695066
15409,-1.2697417092610708,-0.008298802814695066
15410,-1.269741709287802,-0.008298802814695066
15411,-1.269741709306423,-0.008298802814695066
15412,-1.2697417093613503,-0.008298802814695066
15413,-1.2697417093692853,-0.008298802814695066
15414,-1.2697417093870929,-0.008298802814695066
15415,-1.2697417093872443,-0.008298802814695066
15416,-1.2697417094141468,-0.008298802814695066
15417,-1.2697417094153742,-0.008298802814695066
15418,-1.2697417094196257,-0.008298802814695066
15419,-1.269741709642597,-0.008298802814695066
15420,-1.2697417096629429,-0.008298802814695066
15421,-1.2697417097080823,-0.008298802814695066
15422,-1.2697417097140569,-0.008298802814695066
15423,-1.2697417097239438,-0.008298802814695066
15424,-1.2697417097455679,-0.008298802814695066
15425,-1.2697417099048254,-0.008298802814695066
15426,-1.2697417099064607,-0.008298802814695066
15427,-1.2697417100119905,-0.008298802814695066
15428,-1.269741710017311,-0.008298802814695066
15429,-1.2697417100305088,-0.008298802814695066
15430,-1.2697417100887125,-0.008298802814695066
15431,-1.2697417101143467,-0.008298802814695066
15432,-1.2697417101493513,-0.008298802814695066
15433,-1.2697417101675326,-0.008298802814695066
15434,-1.269741710201162,-0.008298802814695066
15435,-1.269741710210604,-0.008298802814695066
15436,-1.2697417102447366,-0.008298802814695066
15437,-1.269741710259249,-0.008298802814695066
15438,-1.2697417102884092,-0.008298802814695066
15439,-1.2697417103042024,-0.008298802814695066
15440,-1.2697417103489388,-0.008298802814695066
15441,-1.269741710466052,-0.008298802814695066
15442,-1.269741710470201,-0.008298802814695066
15443,-1.2697417104738074,-0.008298802814695066
15444,-1.269741710487566,-0.008298802814695066
15445,-1.2697417105291822,-0.008298802814695066
15446,-1.2697417106568853,-0.008298802814695066
15447,-1.2697417106949942,-0.008298802814695066
15448,-1.269741710699074,-0.008298802814695066
15449,-1.2697417107101359,-0.008298802814695066
15450,-1.2697417107582258,-0.008298802814695066
15451,-1.2697417107602054,-0.008298802814695066
15452,-1.2697417107630127,-0.008298802814695066
15453,-1.269741710863229,-0.008298802814695066
15454,-1.2697417109333924,-0.008298802814695066
15455,-1.269741710973436,-0.008298802814695066
15456,-1.269741711013172,-0.008298802814695066
15457,-1.2697417110231721,-0.008298802814695066
15458,-1.2697417110412084,-0.008298802814695066
15459,-1.2697417111428528,-0.008298802814695066
15460,-1.2697417111574105,-0.008298802814695066
15461,-1.2697417112253113,-0.008298802814695066
15462,-1.2697417112416909,-0.008298802814695066
15463,-1.26974171129347,-0.008298802814695066
15464,-1.2697417113087062,-0.008298802814695066
15465,-1.2697417113955667,-0.008298802814695066
15466,-1.2697417114503287,-0.008298802814695066
15467,-1.2697417114884553,-0.008298802814695066
15468,-1.2697417116550591,-0.008298802814695066
15469,-1.2697417116956937,-0.008298802814695066
15470,-1.2697417117519962,-0.008298802814695066
15471,-1.26974171175508,-0.008298802814695066
15472,-1.2697417118218504,-0.008298802814695066
15473,-1.2697417118475725,-0.008298802814695066
15474,-1.2697417118741579,-0.008298802814695066
15475,-1.2697417118811969,-0.008298802814695066
15476,-1.2697417118841294,-0.008298802814695066
15477,-1.2697417119919048,-0.008298802814695066
15478,-1.269741712009788,-0.008298802814695066
15479,-1.2697417120726031,-0.008298802814695066
15480,-1.269741712160149,-0.008298802814695066
15481,-1.2697417121891306,-0.008298802814695066
15482,-1.2697417122641146,-0.008298802814695066
15483,-1.2697417122668422,-0.008298802814695066
15484,-1.26974171228072,-0.008298802814695066
15485,-1.2697417123265788,-0.008298802814695066
15486,-1.269741712413134,-0.008298802814695066
15487,-1.2697417124241075,-0.008298802814695066
15488,-1.2697417124418622,-0.008298802814695066
15489,-1.2697417124853487,-0.008298802814695066
15490,-1.2697417124968724,-0.008298802814695066
15491,-1.2697417125213457,-0.008298802814695066
15492,-1.2697417125245452,-0.008298802814695066
15493,-1.2697417125332244,-0.008298802814695066
15494,-1.2697417125341188,-0.008298802814695066
15495,-1.2697417126405006,-0.008298802814695066
15496,-1.2697417126670976,-0.008298802814695066
15497,-1.2697417127054063,-0.008298802814695066
15498,-1.2697417127277593,-0.008298802814695066
15499,-1.2697417127589061,-0.008298802814695066
15500,-1.26974171279815,-0.008298802814695066
15501,-1.2697417128006236,-0.008298802814695066
15502,-1.2697417128148776,-0.008298802814695066
15503,-1.2697417128334818,-0.008298802814695066
15504,-1.2697417128798403,-0.008298802814695066
15505,-1.2697417129145105,-0.008298802814695066
15506,-1.269741713008246,-0.008298802814695066
15507,-1.2697417130359265,-0.008298802814695066
15508,-1.2697417130448454,-0.008298802814695066
15509,-1.2697417130915327,-0.008298802814695066
15510,-1.2697417131953852,-0.008298802814695066
15511,-1.2697417131959625,-0.008298802814695066
15512,-1.2697417132122104,-0.008298802814695066
15513,-1.269741713237254,-0.008298802814695066
15514,-1.2697417133479778,-0.008298802814695066
15515,-1.2697417133497177,-0.008298802814695066
15516,-1.2697417133566782,-0.008298802814695066
15517,-1.2697417133584807,-0.008298802814695066
15518,-1.2697417134425941,-0.008298802814695066
15519,-1.269741713443047,-0.008298802814695066
15520,-1.269741713444979,-0.008298802814695066
15521,-1.269741713482963,-0.008298802814695066
15522,-1.269741713506916,-0.008298802814695066
15523,-1.2697417136309022,-0.008298802814695066
15524,-1.2697417136558213,-0.008298802814695066
15525,-1.2697417136798812,-0.008298802814695066
15526,-1.2697417137698639,-0.008298802814695066
15527,-1.2697417138300282,-0.008298802814695066
15528,-1.2697417138363523,-0.008298802814695066
15529,-1.2697417138500091,-0.008298802814695066
15530,-1.2697417138612583,-0.008298802814695066
15531,-1.269741713873343,-0.008298802814695066
15532,-1.269741713891427,-0.008298802814695066
15533,-1.2697417138969844,-0.008298802814695066
15534,-1.2697417139201195,-0.008298802814695066
15535,-1.2697417139556924,-0.008298802814695066
15536,-1.269741713968439,-0.008298802814695066
15537,-1.2697417140122216,-0.008298802814695066
15538,-1.2697417140420157,-0.008298802814695066
15539,-1.2697417140646177,-0.008298802814695066
15540,-1.2697417140926366,-0.008298802814695066
15541,-1.2697417141376808,-0.008298802814695066
15542,-1.2697417141631933,-0.008298802814695066
15543,-1.2697417141824656,-0.008298802814695066
15544,-1.2697417141944813,-0.008298802814695066
15545,-1.269741714226263,-0.008298802814695066
15546,-1.2697417142279275,-0.008298802814695066
15547,-1.269741714270413,-0.008298802814695066
15548,-1.2697417143188283,-0.008298802814695066
15549,-1.2697417143244538,-0.008298802814695066
15550,-1.2697417143326821,-0.008298802814695066
15551,-1.2697417144035184,-0.008298802814695066
15552,-1.2697417144365213,-0.008298802814695066
15553,-1.2697417144414314,-0.008298802814695066
15554,-1.2697417144791119,-0.008298802814695066
15555,-1.26974171449808,-0.008298802814695066
15556,-1.2697417145782735,-0.008298802814695066
15557,-1.269741714585002,-0.008298802814695066
15558,-1.2697417146190342,-0.008298802814695066
15559,-1.2697417146208063,-0.008298802814695066
15560,-1.2697417146274226,-0.008298802814695066
15561,-1.2697417146408163,-0.008298802814695066
15562,-1.2697417146514658,-0.008298802814695066
15563,-1.269741714722319,-0.008298802814695066
15564,-1.26974171474311,-0.008298802814695066
15565,-1.269741714768848,-0.008298802814695066
15566,-1.2697417148252041,-0.008298802814695066
15567,-1.2697417148407524,-0.008298802814695066
15568,-1.26974171484474,-0.008298802814695066
15569,-1.269741714873492,-0.008298802814695066
15570,-1.269741714884511,-0.008298802814695066
15571,-1.2697417149242631,-0.008298802814695066
15572,-1.2697417149334518,-0.008298802814695066
15573,-1.2697417149357957,-0.008298802814695066
15574,-1.26974171493959,-0.008298802814695066
15575,-1.2697417150579762,-0.008298802814695066
15576,-1.269741715129206,-0.008298802814695066
15577,-1.2697417151425783,-0.008298802814695066
15578,-1.269741715265417,-0.008298802814695066
15579,-1.2697417153249253,-0.008298802814695066
15580,-1.2697417153307842,-0.008298802814695066
15581,-1.2697417153529447,-0.008298802814695066
15582,-1.2697417153594688,-0.008298802814695066
15583,-1.2697417153898471,-0.008298802814695066
15584,-1.2697417154294501,-0.008298802814695066
15585,-1.2697417154399666,-0.008298802814695066
15586,-1.269741715473089,-0.008298802814695066
15587,-1.2697417155119173,-0.008298802814695066
15588,-1.26974171553928,-0.008298802814695066
15589,-1.26974171559691,-0.008298802814695066
15590,-1.2697417156246091,-0.008298802814695066
15591,-1.2697417156307527,-0.008298802814695066
15592,-1.2697417156665036,-0.008298802814695066
15593,-1.2697417156670279,-0.008298802814695066
15594,-1.2697417156808846,-0.008298802814695066
15595,-1.269741715727365,-0.008298802814695066
15596,-1.2697417157514475,-0.008298802814695066
15597,-1.269741715757901,-0.008298802814695066
15598,-1.269741715802546,-0.008298802814695066
15599,-1.2697417158371131,-0.008298802814695066
15600,-1.269741715870143,-0.008298802814695066
15601,-1.2697417158758713,-0.008298802814695066
15602,-1.2697417159079063,-0.008298802814695066
15603,-1.2697417159163742,-0.008298802814695066
15604,-1.2697417159628916,-0.008298802814695066
15605,-1.2697417159682223,-0.008298802814695066
15606,-1.269741715983831,-0.008298802814695066
15607,-1.2697417159932949,-0.008298802814695066
15608,-1.2697417160851217,-0.008298802814695066
15609,-1.2697417161088442,-0.008298802814695066
15610,-1.2697417161256312,-0.008298802814695066
15611,-1.2697417161458056,-0.008298802814695066
15612,-1.2697417161504543,-0.008298802814695066
15613,-1.2697417162055777,-0.008298802814695066
15614,-1.2697417162344014,-0.008298802814695066
15615,-1.2697417162586286,-0.008298802814695066
15616,-1.2697417162734461,-0.008298802814695066
15617,-1.2697417162759956,-0.008298802814695066
15618,-1.269741716286601,-0.008298802814695066
15619,-1.2697417162954174,-0.008298802814695066
15620,-1.2697417162954945,-0.008298802814695066
15621,-1.269741716306752,-0.008298802814695066
15622,-1.2697417163429514,-0.008298802814695066
15623,-1.2697417163618345,-0.008298802814695066
15624,-1.2697417163720344,-0.008298802814695066
15625,-1.2697417164304245,-0.008298802814695066
15626,-1.2697417164879246,-0.008298802814695066
15627,-1.2697417165311309,-0.008298802814695066
15628,-1.269741716539471,-0.008298802814695066
15629,-1.2697417165591318,-0.008298802814695066
15630,-1.269741716583367,-0.008298802814695066
15631,-1.269741716583983,-0.008298802814695066
15632,-1.2697417166387333,-0.008298802814695066
15633,-1.2697417166650387,-0.008298802814695066
15634,-1.269741716733072,-0.008298802814695066
15635,-1.2697417168158067,-0.008298802814695066
15636,-1.2697417168216911,-0.008298802814695066
15637,-1.2697417168671754,-0.008298802814695066
15638,-1.2697417168753513,-0.008298802814695066
15639,-1.269741716905337,-0.008298802814695066
15640,-1.269741717040696,-0.008298802814695066
15641,-1.2697417170625638,-0.008298802814695066
15642,-1.2697417171138219,-0.008298802814695066
15643,-1.2697417171292074,-0.008298802814695066
15644,-1.26974171713303,-0.008298802814695066
15645,-1.269741717182832,-0.008298802814695066
15646,-1.2697417172315355,-0.008298802814695066
15647,-1.269741717240284,-0.008298802814695066
15648,-1.2697417172973502,-0.008298802814695066
15649,-1.2697417173524217,-0.008298802814695066
15650,-1.269741717396681,-0.008298802814695066
15651,-1.2697417174129972,-0.008298802814695066
15652,-1.2697417174291616,-0.008298802814695066
15653,-1.2697417174494667,-0.008298802814695066
15654,-1.2697417175129666,-0.008298802814695066
15655,-1.2697417176051402,-0.008298802814695066
15656,-1.2697417176254164,-0.008298802814695066
15657,-1.2697417176774906,-0.008298802814695066
15658,-1.2697417177032784,-0.008298802814695066
15659,-1.269741717728168,-0.008298802814695066
15660,-1.2697417177300623,-0.008298802814695066
15661,-1.2697417177430672,-0.008298802814695066
15662,-1.2697417177449342,-0.008298802814695066
15663,-1.2697417177474928,-0.008298802814695066
15664,-1.269741717775768,-0.008298802814695066
15665,-1.2697417177964674,-0.008298802814695066
15666,-1.2697417178154975,-0.008298802814695066
15667,-1.269741717940335,-0.008298802814695066
15668,-1.269741717950611,-0.008298802814695066
15669,-1.2697417179542008,-0.008298802814695066
15670,-1.269741717987066,-0.008298802814695066
15671,-1.2697417180258008,-0.008298802814695066
15672,-1.2697417180338975,-0.008298802814695066
15673,-1.2697417180391648,-0.008298802814695066
15674,-1.2697417180528594,-0.008298802814695066
15675,-1.2697417180640753,-0.008298802814695066
15676,-1.2697417180794743,-0.008298802814695066
15677,-1.2697417182484103,-0.008298802814695066
15678,-1.269741718256396,-0.008298802814695066
15679,-1.2697417182577109,-0.008298802814695066
15680,-1.2697417182620603,-0.008298802814695066
15681,-1.269741718268148,-0.008298802814695066
15682,-1.2697417183167894,-0.008298802814695066
15683,-1.2697417183420807,-0.008298802814695066
15684,-1.2697417183453026,-0.008298802814695066
15685,-1.269741718377701,-0.008298802814695066
15686,-1.2697417184131403,-0.008298802814695066
15687,-1.269741718417428,-0.008298802814695066
15688,-1.2697417184457802,-0.008298802814695066
15689,-1.2697417185229938,-0.008298802814695066
15690,-1.2697417185373503,-0.008298802814695066
15691,-1.2697417185500437,-0.008298802814695066
15692,-1.2697417185984308,-0.008298802814695066
15693,-1.269741718604608,-0.008298802814695066
15694,-1.2697417186125095,-0.008298802814695066
15695,-1.2697417186511721,-0.008298802814695066
15696,-1.2697417186568218,-0.008298802814695066
15697,-1.2697417187056979,-0.008298802814695066
15698,-1.269741718708488,-0.008298802814695066
15699,-1.2697417187234827,-0.008298802814695066
15700,-1.26974171872885,-0.008298802814695066
15701,-1.2697417187834454,-0.008298802814695066
15702,-1.269741718793122,-0.008298802814695066
15703,-1.2697417188771893,-0.008298802814695066
15704,-1.2697417189026103,-0.008298802814695066
15705,-1.2697417189265394,-0.008298802814695066
15706,-1.2697417189623352,-0.008298802814695066
15707,-1.2697417189674483,-0.008298802814695066
15708,-1.2697417189680147,-0.008298802814695066
15709,-1.269741718996572,-0.008298802814695066
15710,-1.2697417190251952,-0.008298802814695066
15711,-1.2697417190370268,-0.008298802814695066
15712,-1.2697417190509197,-0.008298802814695066
15713,-1.2697417190704798,-0.008298802814695066
15714,-1.2697417190895308,-0.008298802814695066
15715,-1.269741719099824,-0.008298802814695066
15716,-1.2697417191094438,-0.008298802814695066
15717,-1.2697417191910274,-0.008298802814695066
15718,-1.269741719193149,-0.008298802814695066
15719,-1.2697417191941995,-0.008298802814695066
15720,-1.2697417192181109,-0.008298802814695066
15721,-1.2697417192316838,-0.008298802814695066
15722,-1.2697417192382832,-0.008298802814695066
15723,-1.2697417193177476,-0.008298802814695066
15724,-1.2697417193190093,-0.008298802814695066
15725,-1.2697417193532126,-0.008298802814695066
15726,-1.269741719355099,-0.008298802814695066
15727,-1.2697417193695817,-0.008298802814695066
15728,-1.269741719419477,-0.008298802814695066
15729,-1.2697417194256002,-0.008298802814695066
15730,-1.269741719427738,-0.008298802814695066
15731,-1.2697417194284784,-0.008298802814695066
15732,-1.2697417194611715,-0.008298802814695066
15733,-1.2697417195038398,-0.008298802814695066
15734,-1.2697417195091631,-0.008298802814695066
15735,-1.269741719550809,-0.008298802814695066
15736,-1.2697417196182548,-0.008298802814695066
15737,-1.2697417196794323,-0.008298802814695066
15738,-1.2697417196863805,-0.008298802814695066
15739,-1.2697417196914071,-0.008298802814695066
15740,-1.269741719699856,-0.008298802814695066
15741,-1.2697417197286458,-0.008298802814695066
15742,-1.2697417198031762,-0.008298802814695066
15743,-1.269741719807604,-0.008298802814695066
15744,-1.2697417198145673,-0.008298802814695066
15745,-1.26974171987105,-0.008298802814695066
15746,-1.2697417198743048,-0.008298802814695066
15747,-1.269741719886236,-0.008298802814695066
15748,-1.2697417198937346,-0.008298802814695066
15749,-1.269741719912607,-0.008298802814695066
15750,-1.2697417199240317,-0.008298802814695066
15751,-1.269741719951233,-0.008298802814695066
15752,-1.269741719955992,-0.008298802814695066
15753,-1.2697417199673093,-0.008298802814695066
15754,-1.2697417199732013,-0.008298802814695066
15755,-1.2697417199886103,-0.008298802814695066
15756,-1.2697417201362216,-0.008298802814695066
15757,-1.2697417201541434,-0.008298802814695066
15758,-1.2697417201736707,-0.008298802814695066
15759,-1.2697417201851338,-0.008298802814695066
15760,-1.2697417201899377,-0.008298802814695066
15761,-1.269741720229133,-0.008298802814695066
15762,-1.2697417202571053,-0.008298802814695066
15763,-1.2697417202937173,-0.008298802814695066
15764,-1.2697417203410755,-0.008298802814695066
15765,-1.2697417203753385,-0.008298802814695066
15766,-1.2697417203964043,-0.008298802814695066
15767,-1.2697417204034176,-0.008298802814695066
15768,-1.2697417204456336,-0.008298802814695066
15769,-1.2697417204461052,-0.008298802814695066
15770,-1.2697417204550607,-0.008298802814695066
15771,-1.2697417204649548,-0.008298802814695066
15772,-1.2697417204893893,-0.008298802814695066
15773,-1.2697417204915182,-0.008298802814695066
15774,-1.2697417205401038,-0.008298802814695066
15775,-1.2697417205844213,-0.008298802814695066
15776,-1.2697417205925536,-0.008298802814695066
15777,-1.2697417206159294,-0.008298802814695066
15778,-1.2697417206498045,-0.008298802814695066
15779,-1.2697417206798924,-0.008298802814695066
15780,-1.2697417206933113,-0.008298802814695066
15781,-1.2697417207435358,-0.008298802814695066
15782,-1.2697417208696065,-0.008298802814695066
15783,-1.2697417208838013,-0.008298802814695066
15784,-1.2697417208981014,-0.008298802814695066
15785,-1.2697417209157078,-0.008298802814695066
15786,-1.269741720919739,-0.008298802814695066
15787,-1.269741720946046,-0.008298802814695066
15788,-1.2697417209781423,-0.008298802814695066
15789,-1.269741720987642,-0.008298802814695066
15790,-1.2697417210249835,-0.008298802814695066
15791,-1.2697417210306718,-0.008298802814695066
15792,-1.269741721030941,-0.008298802814695066
15793,-1.269741721040897,-0.008298802814695066
15794,-1.2697417210908213,-0.008298802814695066
15795,-1.2697417211003015,-0.008298802814695066
15796,-1.269741721113139,-0.008298802814695066
15797,-1.2697417211228883,-0.008298802814695066
15798,-1.2697417211314233,-0.008298802814695066
15799,-1.269741721217484,-0.008298802814695066
15800,-1.2697417212328252,-0.008298802814695066
15801,-1.2697417212589779,-0.008298802814695066
15802,-1.269741721265805,-0.008298802814695066
15803,-1.2697417212793065,-0.008298802814695066
15804,-1.269741721323183,-0.008298802814695066
15805,-1.2697417213518494,-0.008298802814695066
15806,-1.2697417213580855,-0.008298802814695066
15807,-1.2697417213623672,-0.008298802814695066
15808,-1.2697417213922966,-0.008298802814695066
15809,-1.2697417214092526,-0.008298802814695066
15810,-1.26974172142325,-0.008298802814695066
15811,-1.2697417214831659,-0.008298802814695066
15812,-1.269741721491585,-0.008298802814695066
15813,-1.2697417215006561,-0.008298802814695066
15814,-1.2697417215206346,-0.008298802814695066
15815,-1.2697417215605693,-0.008298802814695066
15816,-1.269741721596083,-0.008298802814695066
15817,-1.269741721626125,-0.008298802814695066
15818,-1.2697417216752034,-0.008298802814695066
15819,-1.2697417216885816,-0.008298802814695066
15820,-1.2697417217247513,-0.008298802814695066
15821,-1.2697417217522222,-0.008298802814695066
15822,-1.2697417217625557,-0.008298802814695066
15823,-1.2697417217849023,-0.008298802814695066
15824,-1.2697417217993756,-0.008298802814695066
15825,-1.2697417218549818,-0.008298802814695066
15826,-1.2697417218558196,-0.008298802814695066
15827,-1.2697417219035114,-0.008298802814695066
15828,-1.2697417219074336,-0.008298802814695066
15829,-1.2697417219368108,-0.008298802814695066
15830,-1.2697417219826992,-0.008298802814695066
15831,-1.2697417220880338,-0.008298802814695066
15832,-1.2697417220967482,-0.008298802814695066
15833,-1.2697417221026415,-0.008298802814695066
15834,-1.2697417221828187,-0.008298802814695066
15835,-1.2697417221999414,-0.008298802814695066
15836,-1.2697417222084542,-0.008298802814695066
15837,-1.2697417222254574,-0.008298802814695066
15838,-1.2697417222295622,-0.008298802814695066
15839,-1.2697417222625258,-0.008298802814695066
15840,-1.269741722270921,-0.008298802814695066
15841,-1.26974172228081,-0.008298802814695066
15842,-1.2697417223298875,-0.008298802814695066
15843,-1.2697417223544902,-0.008298802814695066
15844,-1.2697417223673226,-0.008298802814695066
15845,-1.2697417223845253,-0.008298802814695066
15846,-1.269741722402334,-0.008298802814695066
15847,-1.2697417224177894,-0.008298802814695066
15848,-1.269741722436729,-0.008298802814695066
15849,-1.2697417224540457,-0.008298802814695066
15850,-1.269741722468813,-0.008298802814695066
15851,-1.269741722484209,-0.008298802814695066
15852,-1.269741722542877,-0.008298802814695066
15853,-1.2697417225700613,-0.008298802814695066
15854,-1.2697417226096857,-0.008298802814695066
15855,-1.2697417226294494,-0.008298802814695066
15856,-1.2697417226296628,-0.008298802814695066
15857,-1.2697417226297971,-0.008298802814695066
15858,-1.2697417226370544,-0.008298802814695066
15859,-1.269741722661497,-0.008298802814695066
15860,-1.2697417227296175,-0.008298802814695066
15861,-1.2697417227584034,-0.008298802814695066
15862,-1.2697417227665024,-0.008298802814695066
15863,-1.2697417227991605,-0.008298802814695066
15864,-1.2697417228406505,-0.008298802814695066
15865,-1.269741722851422,-0.008298802814695066
15866,-1.269741722882783,-0.008298802814695066
15867,-1.269741722887745,-0.008298802814695066
15868,-1.2697417228971544,-0.008298802814695066
15869,-1.2697417228996541,-0.008298802814695066
15870,-1.2697417229097925,-0.008298802814695066
15871,-1.2697417229210612,-0.008298802814695066
15872,-1.2697417229545218,-0.008298802814695066
15873,-1.2697417229587997,-0.008298802814695066
15874,-1.2697417229729568,-0.008298802814695066
15875,-1.2697417230050112,-0.008298802814695066
15876,-1.2697417230376988,-0.008298802814695066
15877,-1.2697417230861037,-0.008298802814695066
15878,-1.269741723113321,-0.008298802814695066
15879,-1.2697417231156636,-0.008298802814695066
15880,-1.2697417231161956,-0.008298802814695066
15881,-1.2697417231442327,-0.008298802814695066
15882,-1.2697417231569998,-0.008298802814695066
15883,-1.2697417231595962,-0.008298802814695066
15884,-1.2697417231857564,-0.008298802814695066
15885,-1.269741723191795,-0.008298802814695066
15886,-1.2697417232086312,-0.008298802814695066
15887,-1.2697417232142474,-0.008298802814695066
15888,-1.2697417232494792,-0.008298802814695066
15889,-1.269741723256612,-0.008298802814695066
15890,-1.2697417233238681,-0.008298802814695066
15891,-1.26974172334276,-0.008298802814695066
15892,-1.2697417233432695,-0.008298802814695066
15893,-1.2697417233517663,-0.008298802814695066
15894,-1.269741723363745,-0.008298802814695066
15895,-1.2697417234166486,-0.008298802814695066
15896,-1.2697417234383883,-0.008298802814695066
15897,-1.2697417234494213,-0.008298802814695066
15898,-1.2697417234516937,-0.008298802814695066
15899,-1.269741723481173,-0.008298802814695066
15900,-1.2697417234832145,-0.008298802814695066
15901,-1.2697417234914183,-0.008298802814695066
15902,-1.2697417234930284,-0.008298802814695066
15903,-1.2697417234983586,-0.008298802814695066
15904,-1.269741723503658,-0.008298802814695066
15905,-1.2697417235189925,-0.008298802814695066
15906,-1.2697417235494861,-0.008298802814695066
15907,-1.2697417235928214,-0.008298802814695066
15908,-1.269741723610494,-0.008298802814695066
15909,-1.269741723634953,-0.008298802814695066
15910,-1.2697417236429218,-0.008298802814695066
15911,-1.2697417236721267,-0.008298802814695066
15912,-1.2697417236792035,-0.008298802814695066
15913,-1.2697417236879756,-0.008298802814695066
15914,-1.2697417237119786,-0.008298802814695066
15915,-1.2697417237213728,-0.008298802814695066
15916,-1.2697417237371516,-0.008298802814695066
15917,-1.269741723737318,-0.008298802814695066
15918,-1.2697417237411468,-0.008298802814695066
15919,-1.269741723785885,-0.008298802814695066
15920,-1.2697417238020614,-0.008298802814695066
15921,-1.269741723820783,-0.008298802814695066
15922,-1.2697417238517033,-0.008298802814695066
15923,-1.2697417238919066,-0.008298802814695066
15924,-1.2697417239016051,-0.008298802814695066
15925,-1.2697417239386026,-0.008298802814695066
15926,-1.2697417239456565,-0.008298802814695066
15927,-1.2697417240240738,-0.008298802814695066
15928,-1.2697417240260527,-0.008298802814695066
15929,-1.269741724040599,-0.008298802814695066
15930,-1.2697417240462254,-0.008298802814695066
15931,-1.2697417241463582,-0.008298802814695066
15932,-1.2697417241528106,-0.008298802814695066
15933,-1.2697417242443798,-0.008298802814695066
15934,-1.2697417242552782,-0.008298802814695066
15935,-1.2697417242647075,-0.008298802814695066
15936,-1.2697417243032474,-0.008298802814695066
15937,-1.269741724331333,-0.008298802814695066
15938,-1.2697417243592146,-0.008298802814695066
15939,-1.2697417243684692,-0.008298802814695066
15940,-1.2697417243707476,-0.008298802814695066
15941,-1.2697417243726985,-0.008298802814695066
15942,-1.2697417243739075,-0.008298802814695066
15943,-1.269741724383024,-0.008298802814695066
15944,-1.2697417243914075,-0.008298802814695066
15945,-1.2697417244359641,-0.008298802814695066
15946,-1.2697417244366034,-0.008298802814695066
15947,-1.269741724447547,-0.008298802814695066
15948,-1.2697417244901885,-0.008298802814695066
15949,-1.2697417245011975,-0.008298802814695066
15950,-1.2697417245491416,-0.008298802814695066
15951,-1.2697417245525897,-0.008298802814695066
15952,-1.2697417245551184,-0.008298802814695066
15953,-1.2697417245597222,-0.008298802814695066
15954,-1.2697417245849072,-0.008298802814695066
15955,-1.269741724623465,-0.008298802814695066
15956,-1.2697417246266438,-0.008298802814695066
15957,-1.269741724682767,-0.008298802814695066
15958,-1.269741724758114,-0.008298802814695066
15959,-1.2697417247586502,-0.008298802814695066
15960,-1.2697417247619023,-0.008298802814695066
15961,-1.2697417247752647,-0.008298802814695066
15962,-1.269741724778859,-0.008298802814695066
15963,-1.2697417248011105,-0.008298802814695066
15964,-1.2697417248203289,-0.008298802814695066
15965,-1.2697417248214768,-0.008298802814695066
15966,-1.2697417248264353,-0.008298802814695066
15967,-1.2697417248306238,-0.008298802814695066
15968,-1.2697417248337972,-0.008298802814695066
15969,-1.2697417248357956,-0.008298802814695066
15970,-1.2697417248398841,-0.008298802814695066
15971,-1.2697417248450633,-0.008298802814695066
15972,-1.2697417248478335,-0.008298802814695066
15973,-1.2697417248817822,-0.008298802814695066
15974,-1.269741724890532,-0.008298802814695066
15975,-1.2697417249043168,-0.008298802814695066
15976,-1.2697417249229934,-0.008298802814695066
15977,-1.2697417249375311,-0.008298802814695066
15978,-1.2697417249880285,-0.008298802814695066
15979,-1.2697417250215062,-0.008298802814695066
15980,-1.2697417250265008,-0.008298802814695066
15981,-1.2697417250268712,-0.008298802814695066
15982,-1.269741725030574,-0.008298802814695066
15983,-1.2697417250319827,-0.008298802814695066
15984,-1.269741725120376,-0.008298802814695066
15985,-1.2697417251521665,-0.008298802814695066
15986,-1.269741725189547,-0.008298802814695066
15987,-1.2697417252164878,-0.008298802814695066
15988,-1.2697417252343548,-0.008298802814695066
15989,-1.2697417252657983,-0.008298802814695066
15990,-1.2697417252689873,-0.008298802814695066
15991,-1.2697417252869587,-0.008298802814695066
15992,-1.269741725299453,-0.008298802814695066
15993,-1.2697417253335919,-0.008298802814695066
15994,-1.269741725336605,-0.008298802814695066
15995,-1.2697417253992742,-0.008298802814695066
15996,-1.2697417254778602,-0.008298802814695066
15997,-1.2697417254896983,-0.008298802814695066
15998,-1.2697417255212664,-0.008298802814695066
15999,-1.2697417255275494,-0.008298802814695066
16000,-1.26974172556606,-0.008298802814695066
16001,-1.269741725592995,-0.008298802814695066
16002,-1.2697417256043804,-0.008298802814695066
16003,-1.2697417256136658,-0.008298802814695066
16004,-1.2697417256280206,-0.008298802814695066
16005,-1.2697417256483816,-0.008298802814695066
16006,-1.2697417256522523,-0.008298802814695066
16007,-1.2697417256640982,-0.008298802814695066
16008,-1.2697417256769006,-0.008298802814695066
16009,-1.2697417256800154,-0.008298802814695066
16010,-1.2697417257196426,-0.008298802814695066
16011,-1.2697417257687462,-0.008298802814695066
16012,-1.2697417258219268,-0.008298802814695066
16013,-1.2697417258232826,-0.008298802814695066
16014,-1.2697417258246584,-0.008298802814695066
16015,-1.2697417258353083,-0.008298802814695066
16016,-1.269741725846454,-0.008298802814695066
16017,-1.2697417258478625,-0.008298802814695066
16018,-1.269741725864763,-0.008298802814695066
16019,-1.2697417258661055,-0.008298802814695066
16020,-1.2697417258730508,-0.008298802814695066
16021,-1.2697417259020534,-0.008298802814695066
16022,-1.2697417259201456,-0.008298802814695066
16023,-1.26974172597309,-0.008298802814695066
16024,-1.2697417259773545,-0.008298802814695066
16025,-1.2697417259784587,-0.008298802814695066
16026,-1.2697417259795545,-0.008298802814695066
16027,-1.2697417259890649,-0.008298802814695066
16028,-1.2697417259978856,-0.008298802814695066
16029,-1.2697417260197748,-0.008298802814695066
16030,-1.2697417260223873,-0.008298802814695066
16031,-1.2697417260589785,-0.008298802814695066
16032,-1.2697417260711865,-0.008298802814695066
16033,-1.2697417261025534,-0.008298802814695066
16034,-1.2697417261161261,-0.008298802814695066
16035,-1.2697417261427555,-0.008298802814695066
16036,-1.2697417262174353,-0.008298802814695066
16037,-1.269741726233743,-0.008298802814695066
16038,-1.26974172625122,-0.008298802814695066
16039,-1.269741726254871,-0.008298802814695066
16040,-1.2697417262935475,-0.008298802814695066
16041,-1.2697417263038275,-0.008298802814695066
16042,-1.2697417263104012,-0.008298802814695066
16043,-1.2697417263146393,-0.008298802814695066
16044,-1.2697417263203765,-0.008298802814695066
16045,-1.2697417263824233,-0.008298802814695066
16046,-1.2697417263884063,-0.008298802814695066
16047,-1.2697417263943245,-0.008298802814695066
16048,-1.2697417263953703,-0.008298802814695066
16049,-1.269741726405141,-0.008298802814695066
16050,-1.269741726451282,-0.008298802814695066
16051,-1.2697417264527568,-0.008298802814695066
16052,-1.2697417264851771,-0.008298802814695066
16053,-1.269741726485484,-0.008298802814695066
16054,-1.2697417264889412,-0.008298802814695066
16055,-1.2697417265076585,-0.008298802814695066
16056,-1.2697417265200621,-0.008298802814695066
16057,-1.2697417265284405,-0.008298802814695066
16058,-1.269741726576488,-0.008298802814695066
16059,-1.269741726629113,-0.008298802814695066
16060,-1.2697417266797486,-0.008298802814695066
16061,-1.2697417267162503,-0.008298802814695066
16062,-1.2697417267181086,-0.008298802814695066
16063,-1.269741726719849,-0.008298802814695066
16064,-1.2697417267292341,-0.008298802814695066
16065,-1.2697417267296904,-0.008298802814695066
16066,-1.2697417267393694,-0.008298802814695066
16067,-1.2697417267520497,-0.008298802814695066
16068,-1.2697417267528175,-0.008298802814695066
16069,-1.2697417267664646,-0.008298802814695066
16070,-1.2697417267837356,-0.008298802814695066
16071,-1.269741726845026,-0.008298802814695066
16072,-1.2697417268671796,-0.008298802814695066
16073,-1.269741726894729,-0.008298802814695066
16074,-1.2697417268957103,-0.008298802814695066
16075,-1.269741726898209,-0.008298802814695066
16076,-1.2697417269292532,-0.008298802814695066
16077,-1.2697417269303193,-0.008298802814695066
16078,-1.2697417269440154,-0.008298802814695066
16079,-1.2697417269440927,-0.008298802814695066
16080,-1.2697417269566726,-0.008298802814695066
16081,-1.2697417269586606,-0.008298802814695066
16082,-1.269741726983494,-0.008298802814695066
16083,-1.2697417269918247,-0.008298802814695066
16084,-1.2697417270061817,-0.008298802814695066
16085,-1.269741727044859,-0.008298802814695066
16086,-1.269741727061847,-0.008298802814695066
16087,-1.269741727091967,-0.008298802814695066
16088,-1.26974172714332,-0.008298802814695066
16089,-1.2697417271495706,-0.008298802814695066
16090,-1.2697417271548788,-0.008298802814695066
16091,-1.2697417272037255,-0.008298802814695066
16092,-1.2697417272258857,-0.008298802814695066
16093,-1.2697417272301061,-0.008298802814695066
16094,-1.269741727238346,-0.008298802814695066
16095,-1.2697417272451907,-0.008298802814695066
16096,-1.2697417272650289,-0.008298802814695066
16097,-1.2697417272681522,-0.008298802814695066
16098,-1.269741727268777,-0.008298802814695066
16099,-1.2697417272763132,-0.008298802814695066
16100,-1.2697417272843192,-0.008298802814695066
16101,-1.2697417272844485,-0.008298802814695066
16102,-1.269741727336367,-0.008298802814695066
16103,-1.2697417273887397,-0.008298802814695066
16104,-1.2697417274268348,-0.008298802814695066
16105,-1.269741727450831,-0.008298802814695066
16106,-1.2697417274508385,-0.008298802814695066
16107,-1.2697417274635274,-0.008298802814695066
16108,-1.26974172748215,-0.008298802814695066
16109,-1.2697417274822662,-0.008298802814695066
16110,-1.2697417275092933,-0.008298802814695066
16111,-1.2697417275464664,-0.008298802814695066
16112,-1.2697417275466387,-0.008298802814695066
16113,-1.2697417275730793,-0.008298802814695066
16114,-1.2697417275742047,-0.008298802814695066
16115,-1.2697417275954779,-0.008298802814695066
16116,-1.2697417275989658,-0.008298802814695066
16117,-1.2697417276388747,-0.008298802814695066
16118,-1.2697417276438578,-0.008298802814695066
16119,-1.2697417276616887,-0.008298802814695066
16120,-1.2697417277080596,-0.008298802814695066
16121,-1.2697417277135452,-0.008298802814695066
16122,-1.269741727730552,-0.008298802814695066
16123,-1.2697417277392444,-0.008298802814695066
16124,-1.269741727752824,-0.008298802814695066
16125,-1.269741727756786,-0.008298802814695066
16126,-1.269741727818388,-0.008298802814695066
16127,-1.2697417278213436,-0.008298802814695066
16128,-1.2697417278431087,-0.008298802814695066
16129,-1.2697417278563157,-0.008298802814695066
16130,-1.2697417278909295,-0.008298802814695066
16131,-1.2697417278955319,-0.008298802814695066
16132,-1.269741727899138,-0.008298802814695066
16133,-1.2697417279080074,-0.008298802814695066
16134,-1.2697417279540306,-0.008298802814695066
16135,-1.2697417279871914,-0.008298802814695066
16136,-1.2697417280246501,-0.008298802814695066
16137,-1.2697417280249326,-0.008298802814695066
16138,-1.2697417280343215,-0.008298802814695066
16139,-1.2697417280546788,-0.008298802814695066
16140,-1.2697417280608967,-0.008298802814695066
16141,-1.2697417280831886,-0.008298802814695066
16142,-1.2697417280964158,-0.008298802814695066
16143,-1.2697417281071486,-0.008298802814695066
16144,-1.2697417281246817,-0.008298802814695066
16145,-1.2697417281559304,-0.008298802814695066
16146,-1.2697417281623644,-0.008298802814695066
16147,-1.2697417281756866,-0.008298802814695066
16148,-1.269741728185135,-0.008298802814695066
16149,-1.2697417281853172,-0.008298802814695066
16150,-1.2697417281913845,-0.008298802814695066
16151,-1.2697417282007748,-0.008298802814695066
16152,-1.269741728229743,-0.008298802814695066
16153,-1.2697417282437247,-0.008298802814695066
16154,-1.269741728253672,-0.008298802814695066
16155,-1.2697417282625159,-0.008298802814695066
16156,-1.2697417283017094,-0.008298802814695066
16157,-1.2697417283261632,-0.008298802814695066
16158,-1.2697417283388857,-0.008298802814695066
16159,-1.2697417283438668,-0.008298802814695066
16160,-1.2697417283545989,-0.008298802814695066
16161,-1.2697417283604484,-0.008298802814695066
16162,-1.2697417283658297,-0.008298802814695066
16163,-1.2697417283723285,-0.008298802814695066
16164,-1.2697417283904007,-0.008298802814695066
16165,-1.2697417283968893,-0.008298802814695066
16166,-1.2697417283978738,-0.008298802814695066
16167,-1.2697417283986512,-0.008298802814695066
16168,-1.2697417284044885,-0.008298802814695066
16169,-1.2697417284211787,-0.008298802814695066
16170,-1.2697417284501213,-0.008298802814695066
16171,-1.2697417285027366,-0.008298802814695066
16172,-1.2697417285196297,-0.008298802814695066
16173,-1.2697417285277315,-0.008298802814695066
16174,-1.2697417285557944,-0.008298802814695066
16175,-1.2697417285611456,-0.008298802814695066
16176,-1.2697417285856956,-0.008298802814695066
16177,-1.2697417286623676,-0.008298802814695066
16178,-1.269741728679939,-0.008298802814695066
16179,-1.269741728685915,-0.008298802814695066
16180,-1.2697417287085149,-0.008298802814695066
16181,-1.2697417287263497,-0.008298802814695066
16182,-1.2697417287293593,-0.008298802814695066
16183,-1.2697417287645056,-0.008298802814695066
16184,-1.2697417287728514,-0.008298802814695066
16185,-1.2697417288005726,-0.008298802814695066
16186,-1.2697417288166795,-0.008298802814695066
16187,-1.2697417288358936,-0.008298802814695066
16188,-1.2697417288382236,-0.008298802814695066
16189,-1.269741728847966,-0.008298802814695066
16190,-1.2697417288771815,-0.008298802814695066
16191,-1.2697417289000872,-0.008298802814695066
16192,-1.2697417289044433,-0.008298802814695066
16193,-1.2697417289148198,-0.008298802814695066
16194,-1.2697417289196717,-0.008298802814695066
16195,-1.2697417289352468,-0.008298802814695066
16196,-1.2697417289679231,-0.008298802814695066
16197,-1.2697417289714084,-0.008298802814695066
16198,-1.2697417289849868,-0.008298802814695066
16199,-1.2697417290002582,-0.008298802814695066
16200,-1.269741729021161,-0.008298802814695066
16201,-1.269741729025644,-0.008298802814695066
16202,-1.2697417290260287,-0.008298802814695066
16203,-1.2697417290440136,-0.008298802814695066
16204,-1.2697417290561506,-0.008298802814695066
16205,-1.2697417290673847,-0.008298802814695066
16206,-1.2697417290775324,-0.008298802814695066
16207,-1.2697417290883384,-0.008298802814695066
16208,-1.2697417290907076,-0.008298802814695066
16209,-1.269741729099968,-0.008298802814695066
16210,-1.2697417291037212,-0.008298802814695066
16211,-1.2697417291070172,-0.008298802814695066
16212,-1.269741729110058,-0.008298802814695066
16213,-1.2697417291249027,-0.008298802814695066
16214,-1.2697417291354558,-0.008298802814695066
16215,-1.2697417291357194,-0.008298802814695066
16216,-1.2697417292034783,-0.008298802814695066
16217,-1.269741729211132,-0.008298802814695066
16218,-1.269741729219438,-0.008298802814695066
16219,-1.269741729249186,-0.008298802814695066
16220,-1.269741729298393,-0.008298802814695066
16221,-1.2697417293070008,-0.008298802814695066
16222,-1.269741729311523,-0.008298802814695066
16223,-1.2697417293543534,-0.008298802814695066
16224,-1.269741729375089,-0.008298802814695066
16225,-1.2697417293805502,-0.008298802814695066
16226,-1.2697417294047892,-0.008298802814695066
16227,-1.2697417294077762,-0.008298802814695066
16228,-1.2697417294284288,-0.008298802814695066
16229,-1.2697417294306703,-0.008298802814695066
16230,-1.269741729430706,-0.008298802814695066
16231,-1.269741729451845,-0.008298802814695066
16232,-1.269741729458882,-0.008298802814695066
16233,-1.2697417294645192,-0.008298802814695066
16234,-1.2697417294676672,-0.008298802814695066
16235,-1.269741729488323,-0.008298802814695066
16236,-1.2697417295166142,-0.008298802814695066
16237,-1.269741729528806,-0.008298802814695066
16238,-1.2697417295327567,-0.008298802814695066
16239,-1.2697417295486357,-0.008298802814695066
16240,-1.269741729564873,-0.008298802814695066
16241,-1.2697417295675382,-0.008298802814695066
16242,-1.2697417295707816,-0.008298802814695066
16243,-1.2697417295740734,-0.008298802814695066
16244,-1.2697417295807873,-0.008298802814695066
16245,-1.2697417296383682,-0.008298802814695066
16246,-1.269741729643915,-0.008298802814695066
16247,-1.2697417296454647,-0.008298802814695066
16248,-1.2697417296568094,-0.008298802814695066
16249,-1.269741729694279,-0.008298802814695066
16250,-1.2697417296993312,-0.008298802814695066
16251,-1.2697417297310816,-0.008298802814695066
16252,-1.2697417297315405,-0.008298802814695066
16253,-1.2697417297498035,-0.008298802814695066
16254,-1.2697417297740976,-0.008298802814695066
16255,-1.269741729785852,-0.008298802814695066
16256,-1.269741729816589,-0.008298802814695066
16257,-1.2697417298183267,-0.008298802814695066
16258,-1.2697417298282203,-0.008298802814695066
16259,-1.2697417298331493,-0.008298802814695066
16260,-1.2697417298596265,-0.008298802814695066
16261,-1.2697417298644655,-0.008298802814695066
16262,-1.269741729890053,-0.008298802814695066
16263,-1.2697417299291733,-0.008298802814695066
16264,-1.2697417299401412,-0.008298802814695066
16265,-1.2697417299626896,-0.008298802814695066
16266,-1.269741729966303,-0.008298802814695066
16267,-1.2697417299708618,-0.008298802814695066
16268,-1.2697417299976967,-0.008298802814695066
16269,-1.26974173001469,-0.008298802814695066
16270,-1.2697417300261509,-0.008298802814695066
16271,-1.2697417300270173,-0.008298802814695066
16272,-1.2697417300355531,-0.008298802814695066
16273,-1.2697417300398528,-0.008298802814695066
16274,-1.2697417300512508,-0.008298802814695066
16275,-1.2697417300628255,-0.008298802814695066
16276,-1.2697417300656713,-0.008298802814695066
16277,-1.2697417300949256,-0.008298802814695066
16278,-1.2697417300957194,-0.008298802814695066
16279,-1.2697417301108764,-0.008298802814695066
16280,-1.2697417301170826,-0.008298802814695066
16281,-1.269741730124211,-0.008298802814695066
16282,-1.269741730135259,-0.008298802814695066
16283,-1.2697417301582123,-0.008298802814695066
16284,-1.2697417301643097,-0.008298802814695066
16285,-1.26974173018537,-0.008298802814695066
16286,-1.2697417302124907,-0.008298802814695066
16287,-1.2697417302143568,-0.008298802814695066
16288,-1.2697417302264047,-0.008298802814695066
16289,-1.2697417302364045,-0.008298802814695066
16290,-1.2697417302369867,-0.008298802814695066
16291,-1.2697417302406535,-0.008298802814695066
16292,-1.2697417302636915,-0.008298802814695066
16293,-1.2697417302699563,-0.008298802814695066
16294,-1.2697417302788672,-0.008298802814695066
16295,-1.2697417302818912,-0.008298802814695066
16296,-1.2697417302828131,-0.008298802814695066
16297,-1.2697417302833718,-0.008298802814695066
16298,-1.2697417302907994,-0.008298802814695066
16299,-1.2697417303026557,-0.008298802814695066
16300,-1.2697417303055216,-0.008298802814695066
16301,-1.2697417303074436,-0.008298802814695066
16302,-1.2697417303181813,-0.008298802814695066
16303,-1.2697417303348892,-0.008298802814695066
16304,-1.269741730357293,-0.008298802814695066
16305,-1.269741730364833,-0.008298802814695066
16306,-1.269741730378597,-0.008298802814695066
16307,-1.2697417304051326,-0.008298802814695066
16308,-1.2697417304315723,-0.008298802814695066
16309,-1.26974173044395,-0.008298802814695066
16310,-1.2697417304519636,-0.008298802814695066
16311,-1.2697417304593415,-0.008298802814695066
16312,-1.2697417304597916,-0.008298802814695066
16313,-1.2697417304671172,-0.008298802814695066
16314,-1.2697417304929657,-0.008298802814695066
16315,-1.2697417304940766,-0.008298802814695066
16316,-1.2697417305098297,-0.008298802814695066
16317,-1.2697417305142897,-0.008298802814695066
16318,-1.2697417305365237,-0.008298802814695066
16319,-1.2697417305593177,-0.008298802814695066
16320,-1.269741730560158,-0.008298802814695066
16321,-1.2697417305879277,-0.008298802814695066
16322,-1.2697417306115004,-0.008298802814695066
16323,-1.269741730623833,-0.008298802814695066
16324,-1.269741730637156,-0.008298802814695066
16325,-1.2697417306410366,-0.008298802814695066
16326,-1.2697417306428975,-0.008298802814695066
16327,-1.2697417306743886,-0.008298802814695066
16328,-1.269741730706064,-0.008298802814695066
16329,-1.2697417307245704,-0.008298802814695066
16330,-1.269741730731993,-0.008298802814695066
16331,-1.2697417307323964,-0.008298802814695066
16332,-1.269741730736203,-0.008298802814695066
16333,-1.2697417307642813,-0.008298802814695066
16334,-1.2697417307827439,-0.008298802814695066
16335,-1.2697417307835908,-0.008298802814695066
16336,-1.269741730784692,-0.008298802814695066
16337,-1.2697417307862786,-0.008298802814695066
16338,-1.2697417308127281,-0.008298802814695066
16339,-1.2697417308391448,-0.008298802814695066
16340,-1.269741730847695,-0.008298802814695066
16341,-1.2697417308565497,-0.008298802814695066
16342,-1.2697417308765155,-0.008298802814695066
16343,-1.2697417308821637,-0.008298802814695066
16344,-1.2697417309055414,-0.008298802814695066
16345,-1.2697417309078594,-0.008298802814695066
16346,-1.269741730913395,-0.008298802814695066
16347,-1.26974173092362,-0.008298802814695066
16348,-1.2697417309523034,-0.008298802814695066
16349,-1.2697417309706487,-0.008298802814695066
16350,-1.2697417309881325,-0.008298802814695066
16351,-1.2697417310061687,-0.008298802814695066
16352,-1.2697417310145305,-0.008298802814695066
16353,-1.2697417310172996,-0.008298802814695066
16354,-1.2697417310378585,-0.008298802814695066
16355,-1.2697417310409516,-0.008298802814695066
16356,-1.2697417310499932,-0.008298802814695066
16357,-1.2697417310669037,-0.008298802814695066
16358,-1.2697417310736654,-0.008298802814695066
16359,-1.2697417310786325,-0.008298802814695066
16360,-1.269741731094078,-0.008298802814695066
16361,-1.2697417310954826,-0.008298802814695066
16362,-1.2697417310993324,-0.008298802814695066
16363,-1.2697417311409698,-0.008298802814695066
16364,-1.2697417311489443,-0.008298802814695066
16365,-1.2697417311527375,-0.008298802814695066
16366,-1.2697417311669794,-0.008298802814695066
16367,-1.2697417311671262,-0.008298802814695066
16368,-1.2697417311980157,-0.008298802814695066
16369,-1.2697417312221893,-0.008298802814695066
16370,-1.2697417312525006,-0.008298802814695066
16371,-1.269741731254783,-0.008298802814695066
16372,-1.2697417312679358,-0.008298802814695066
16373,-1.2697417312778867,-0.008298802814695066
16374,-1.2697417312832588,-0.008298802814695066
16375,-1.2697417312833628,-0.008298802814695066
16376,-1.269741731292852,-0.008298802814695066
16377,-1.2697417312934993,-0.008298802814695066
16378,-1.2697417313169428,-0.008298802814695066
16379,-1.2697417313518071,-0.008298802814695066
16380,-1.2697417313536685,-0.008298802814695066
16381,-1.269741731374968,-0.008298802814695066
16382,-1.2697417313913215,-0.008298802814695066
16383,-1.2697417314348396,-0.008298802814695066
16384,-1.2697417314397497,-0.008298802814695066
16385,-1.2697417314399169,-0.008298802814695066
16386,-1.2697417314599333,-0.008298802814695066
16387,-1.269741731469913,-0.008298802814695066
16388,-1.269741731481151,-0.008298802814695066
16389,-1.2697417315002766,-0.008298802814695066
16390,-1.2697417315137751,-0.008298802814695066
16391,-1.269741731518287,-0.008298802814695066
16392,-1.2697417315331636,-0.008298802814695066
16393,-1.2697417315518267,-0.008298802814695066
16394,-1.2697417315518962,-0.008298802814695066
16395,-1.269741731566634,-0.008298802814695066
16396,-1.2697417315815738,-0.008298802814695066
16397,-1.269741731591297,-0.008298802814695066
16398,-1.2697417315937645,-0.008298802814695066
16399,-1.2697417316008293,-0.008298802814695066
16400,-1.2697417316054316,-0.008298802814695066
16401,-1.2697417316112667,-0.008298802814695066
16402,-1.2697417316132344,-0.008298802814695066
16403,-1.269741731615574,-0.008298802814695066
16404,-1.2697417316199548,-0.008298802814695066
16405,-1.2697417316348005,-0.008298802814695066
16406,-1.269741731639154,-0.008298802814695066
16407,-1.2697417316552777,-0.008298802814695066
16408,-1.2697417316737534,-0.008298802814695066
16409,-1.2697417316773874,-0.008298802814695066
16410,-1.2697417317014186,-0.008298802814695066
16411,-1.269741731702981,-0.008298802814695066
16412,-1.2697417317040163,-0.008298802814695066
16413,-1.2697417317164994,-0.008298802814695066
16414,-1.269741731724415,-0.008298802814695066
16415,-1.2697417317251882,-0.008298802814695066
16416,-1.2697417317345332,-0.008298802814695066
16417,-1.2697417317479314,-0.008298802814695066
16418,-1.2697417317586026,-0.008298802814695066
16419,-1.2697417317709654,-0.008298802814695066
16420,-1.2697417317746647,-0.008298802814695066
16421,-1.2697417318191928,-0.008298802814695066
16422,-1.269741731834763,-0.008298802814695066
16423,-1.2697417318358875,-0.008298802814695066
16424,-1.2697417318511126,-0.008298802814695066
16425,-1.2697417318519653,-0.008298802814695066
16426,-1.2697417318813233,-0.008298802814695066
16427,-1.2697417319040294,-0.008298802814695066
16428,-1.269741731908565,-0.008298802814695066
16429,-1.2697417319117572,-0.008298802814695066
16430,-1.269741731919092,-0.008298802814695066
16431,-1.2697417319278976,-0.008298802814695066
16432,-1.2697417319339757,-0.008298802814695066
16433,-1.269741731962349,-0.008298802814695066
16434,-1.2697417319900137,-0.008298802814695066
16435,-1.2697417319981856,-0.008298802814695066
16436,-1.2697417319984103,-0.008298802814695066
16437,-1.2697417320018982,-0.008298802814695066
16438,-1.269741732030862,-0.008298802814695066
16439,-1.2697417320351787,-0.008298802814695066
16440,-1.2697417320396518,-0.008298802814695066
16441,-1.2697417320563826,-0.008298802814695066
16442,-1.269741732058023,-0.008298802814695066
16443,-1.2697417320770379,-0.008298802814695066
16444,-1.2697417320781645,-0.008298802814695066
16445,-1.2697417320784934,-0.008298802814695066
16446,-1.269741732091946,-0.008298802814695066
16447,-1.2697417320975588,-0.008298802814695066
16448,-1.2697417321008166,-0.008298802814695066
16449,-1.2697417321355358,-0.008298802814695066
16450,-1.2697417321390143,-0.008298802814695066
16451,-1.269741732145016,-0.008298802814695066
16452,-1.2697417321461981,-0.008298802814695066
16453,-1.269741732149527,-0.008298802814695066
16454,-1.2697417321538662,-0.008298802814695066
16455,-1.2697417321641435,-0.008298802814695066
16456,-1.2697417321691042,-0.008298802814695066
16457,-1.269741732172109,-0.008298802814695066
16458,-1.269741732182154,-0.008298802814695066
16459,-1.2697417321939863,-0.008298802814695066
16460,-1.2697417322017523,-0.008298802814695066
16461,-1.2697417322547635,-0.008298802814695066
16462,-1.2697417322570768,-0.008298802814695066
16463,-1.2697417322680478,-0.008298802814695066
16464,-1.269741732316693,-0.008298802814695066
16465,-1.2697417323167528,-0.008298802814695066
16466,-1.2697417323401403,-0.008298802814695066
16467,-1.2697417323427398,-0.008298802814695066
16468,-1.2697417323555928,-0.008298802814695066
16469,-1.2697417323722,-0.008298802814695066
16470,-1.2697417323794074,-0.008298802814695066
16471,-1.269741732390273,-0.008298802814695066
16472,-1.2697417323977664,-0.008298802814695066
16473,-1.2697417324011573,-0.008298802814695066
16474,-1.2697417324050435,-0.008298802814695066
16475,-1.2697417324299232,-0.008298802814695066
16476,-1.269741732431731,-0.008298802814695066
16477,-1.2697417324382483,-0.008298802814695066
16478,-1.2697417324508211,-0.008298802814695066
16479,-1.2697417324579305,-0.008298802814695066
16480,-1.2697417324795317,-0.008298802814695066
16481,-1.2697417324863962,-0.008298802814695066
16482,-1.2697417324879172,-0.008298802814695066
16483,-1.2697417324992748,-0.008298802814695066
16484,-1.2697417325118776,-0.008298802814695066
16485,-1.2697417325161964,-0.008298802814695066
16486,-1.2697417325192264,-0.008298802814695066
16487,-1.269741732529285,-0.008298802814695066
16488,-1.269741732537673,-0.008298802814695066
16489,-1.2697417325479217,-0.008298802814695066
16490,-1.2697417325649336,-0.008298802814695066
16491,-1.2697417325713203,-0.008298802814695066
16492,-1.2697417325989908,-0.008298802814695066
16493,-1.2697417325995013,-0.008298802814695066
16494,-1.2697417326002303,-0.008298802814695066
16495,-1.2697417326025788,-0.008298802814695066
16496,-1.2697417326034075,-0.008298802814695066
16497,-1.2697417326236948,-0.008298802814695066
16498,-1.2697417326433125,-0.008298802814695066
16499,-1.269741732643572,-0.008298802814695066
16500,-1.26974173265037,-0.008298802814695066
16501,-1.26974173266865,-0.008298802814695066
16502,-1.2697417326813916,-0.008298802814695066
16503,-1.269741732683853,-0.008298802814695066
16504,-1.2697417327061231,-0.008298802814695066
16505,-1.269741732711405,-0.008298802814695066
16506,-1.2697417327136928,-0.008298802814695066
16507,-1.2697417327203617,-0.008298802814695066
16508,-1.2697417327403155,-0.008298802814695066
16509,-1.269741732746596,-0.008298802814695066
16510,-1.2697417327477933,-0.008298802814695066
16511,-1.2697417327539213,-0.008298802814695066
16512,-1.2697417327867866,-0.008298802814695066
16513,-1.269741732789635,-0.008298802814695066
16514,-1.26974173279487,-0.008298802814695066
16515,-1.2697417327985303,-0.008298802814695066
16516,-1.2697417327996556,-0.008298802814695066
16517,-1.2697417328387433,-0.008298802814695066
16518,-1.2697417328484812,-0.008298802814695066
16519,-1.2697417328615954,-0.008298802814695066
16520,-1.2697417328632237,-0.008298802814695066
16521,-1.2697417328809866,-0.008298802814695066
16522,-1.2697417328884903,-0.008298802814695066
16523,-1.2697417328911822,-0.008298802814695066
16524,-1.2697417329034906,-0.008298802814695066
16525,-1.2697417329153682,-0.008298802814695066
16526,-1.269741732926602,-0.008298802814695066
16527,-1.2697417329400682,-0.008298802814695066
16528,-1.269741732942864,-0.008298802814695066
16529,-1.2697417329453562,-0.008298802814695066
16530,-1.2697417329562384,-0.008298802814695066
16531,-1.2697417329649596,-0.008298802814695066
16532,-1.269741732973221,-0.008298802814695066
16533,-1.269741732977703,-0.008298802814695066
16534,-1.2697417329875205,-0.008298802814695066
16535,-1.2697417329899374,-0.008298802814695066
16536,-1.26974173299754,-0.008298802814695066
16537,-1.2697417330047303,-0.008298802814695066
16538,-1.2697417330095018,-0.008298802814695066
16539,-1.2697417330130885,-0.008298802814695066
16540,-1.2697417330189615,-0.008298802814695066
16541,-1.269741733018973,-0.008298802814695066
16542,-1.269741733021593,-0.008298802814695066
16543,-1.2697417330279153,-0.008298802814695066
16544,-1.2697417330347773,-0.008298802814695066
16545,-1.2697417330419902,-0.008298802814695066
16546,-1.2697417330422067,-0.008298802814695066
16547,-1.2697417330429566,-0.008298802814695066
16548,-1.2697417330434941,-0.008298802814695066
16549,-1.2697417330678578,-0.008298802814695066
16550,-1.2697417330835572,-0.008298802814695066
16551,-1.2697417330873433,-0.008298802814695066
16552,-1.2697417330997038,-0.008298802814695066
16553,-1.269741733103079,-0.008298802814695066
16554,-1.2697417331072902,-0.008298802814695066
16555,-1.2697417331201915,-0.008298802814695066
16556,-1.26974173313978,-0.008298802814695066
16557,-1.269741733144457,-0.008298802814695066
16558,-1.269741733155041,-0.008298802814695066
16559,-1.2697417331623013,-0.008298802814695066
16560,-1.2697417331711138,-0.008298802814695066
16561,-1.2697417331803749,-0.008298802814695066
16562,-1.2697417331862044,-0.008298802814695066
16563,-1.2697417331949934,-0.008298802814695066
16564,-1.269741733210094,-0.008298802814695066
16565,-1.269741733217593,-0.008298802814695066
16566,-1.2697417332253427,-0.008298802814695066
16567,-1.2697417332260208,-0.008298802814695066
16568,-1.2697417332342975,-0.008298802814695066
16569,-1.2697417332427186,-0.008298802814695066
16570,-1.2697417332664673,-0.008298802814695066
16571,-1.2697417332723595,-0.008298802814695066
16572,-1.2697417332742067,-0.008298802814695066
16573,-1.2697417332752405,-0.008298802814695066
16574,-1.269741733279127,-0.008298802814695066
16575,-1.269741733286172,-0.008298802814695066
16576,-1.269741733286526,-0.008298802814695066
16577,-1.2697417332873955,-0.008298802814695066
16578,-1.2697417332946344,-0.008298802814695066
16579,-1.2697417332947105,-0.008298802814695066
16580,-1.2697417332987286,-0.008298802814695066
16581,-1.2697417333154073,-0.008298802814695066
16582,-1.2697417333210688,-0.008298802814695066
16583,-1.2697417333459753,-0.008298802814695066
16584,-1.2697417333464418,-0.008298802814695066
16585,-1.2697417333525847,-0.008298802814695066
16586,-1.2697417333602643,-0.008298802814695066
16587,-1.2697417333644192,-0.008298802814695066
16588,-1.2697417333741707,-0.008298802814695066
16589,-1.2697417333767056,-0.008298802814695066
16590,-1.269741733384338,-0.008298802814695066
16591,-1.269741733391038,-0.008298802814695066
16592,-1.2697417333933554,-0.008298802814695066
16593,-1.2697417334009118,-0.008298802814695066
16594,-1.2697417334060757,-0.008298802814695066
16595,-1.2697417334136372,-0.008298802814695066
16596,-1.269741733415966,-0.008298802814695066
16597,-1.2697417334264869,-0.008298802814695066
16598,-1.2697417334376264,-0.008298802814695066
16599,-1.2697417334419603,-0.008298802814695066
16600,-1.2697417334488303,-0.008298802814695066
16601,-1.2697417334536194,-0.008298802814695066
16602,-1.2697417334577459,-0.008298802814695066
16603,-1.2697417334661059,-0.008298802814695066
16604,-1.2697417334743024,-0.008298802814695066
16605,-1.2697417334827945,-0.008298802814695066
16606,-1.2697417334955077,-0.008298802814695066
16607,-1.2697417335020473,-0.008298802814695066
16608,-1.2697417335048964,-0.008298802814695066
16609,-1.2697417335109829,-0.008298802814695066
16610,-1.2697417335136487,-0.008298802814695066
16611,-1.2697417335139374,-0.008298802814695066
16612,-1.2697417335455365,-0.008298802814695066
16613,-1.2697417335463672,-0.008298802814695066
16614,-1.269741733546916,-0.008298802814695066
16615,-1.269741733560725,-0.008298802814695066
16616,-1.2697417335630017,-0.008298802814695066
16617,-1.2697417335652608,-0.008298802814695066
16618,-1.269741733565481,-0.008298802814695066
16619,-1.2697417335664352,-0.008298802814695066
16620,-1.269741733567868,-0.008298802814695066
16621,-1.269741733572267,-0.008298802814695066
16622,-1.269741733573318,-0.008298802814695066
16623,-1.2697417335820145,-0.008298802814695066
16624,-1.269741733582707,-0.008298802814695066
16625,-1.269741733600704,-0.008298802814695066
16626,-1.2697417336063874,-0.008298802814695066
16627,-1.2697417336120478,-0.008298802814695066
16628,-1.2697417336158745,-0.008298802814695066
16629,-1.269741733620249,-0.008298802814695066
16630,-1.2697417336234644,-0.008298802814695066
16631,-1.269741733625423,-0.008298802814695066
16632,-1.269741733627658,-0.008298802814695066
16633,-1.2697417336285137,-0.008298802814695066
16634,-1.269741733631606,-0.008298802814695066
16635,-1.2697417336489643,-0.008298802814695066
16636,-1.2697417336524448,-0.008298802814695066
16637,-1.269741733654798,-0.008298802814695066
16638,-1.2697417336548684,-0.008298802814695066
16639,-1.2697417336649592,-0.008298802814695066
16640,-1.2697417336723975,-0.008298802814695066
16641,-1.2697417336741972,-0.008298802814695066
16642,-1.2697417336948422,-0.008298802814695066
16643,-1.2697417337010433,-0.008298802814695066
16644,-1.269741733706198,-0.008298802814695066
16645,-1.2697417337078503,-0.008298802814695066
16646,-1.269741733708313,-0.008298802814695066
16647,-1.2697417337128003,-0.008298802814695066
16648,-1.2697417337187236,-0.008298802814695066
16649,-1.269741733723393,-0.008298802814695066
16650,-1.2697417337245958,-0.008298802814695066
16651,-1.2697417337339147,-0.008298802814695066
16652,-1.2697417337476127,-0.008298802814695066
16653,-1.2697417337601917,-0.008298802814695066
16654,-1.2697417337787325,-0.008298802814695066
16655,-1.2697417337793082,-0.008298802814695066
16656,-1.2697417337800276,-0.008298802814695066
16657,-1.2697417337874444,-0.008298802814695066
16658,-1.2697417337885994,-0.008298802814695066
16659,-1.2697417337937091,-0.008298802814695066
16660,-1.2697417337975931,-0.008298802814695066
16661,-1.269741733814929,-0.008298802814695066
16662,-1.2697417338155574,-0.008298802814695066
16663,-1.2697417338161847,-0.008298802814695066
16664,-1.269741733824115,-0.008298802814695066
16665,-1.2697417338323813,-0.008298802814695066
16666,-1.2697417338402412,-0.008298802814695066
16667,-1.2697417338452375,-0.008298802814695066
16668,-1.269741733850152,-0.008298802814695066
16669,-1.2697417338530013,-0.008298802814695066
16670,-1.2697417338533643,-0.008298802814695066
16671,-1.2697417338572021,-0.008298802814695066
16672,-1.269741733858887,-0.008298802814695066
16673,-1.2697417338638002,-0.008298802814695066
16674,-1.2697417338649584,-0.008298802814695066
16675,-1.2697417338707877,-0.008298802814695066
16676,-1.2697417338736154,-0.008298802814695066
16677,-1.2697417339119803,-0.008298802814695066
16678,-1.269741733929202,-0.008298802814695066
16679,-1.269741733933912,-0.008298802814695066
16680,-1.2697417339426984,-0.008298802814695066
16681,-1.2697417339555175,-0.008298802814695066
16682,-1.2697417339709176,-0.008298802814695066
16683,-1.2697417339731993,-0.008298802814695066
16684,-1.269741733973797,-0.008298802814695066
16685,-1.2697417339742256,-0.008298802814695066
16686,-1.2697417339923862,-0.008298802814695066
16687,-1.2697417340035142,-0.008298802814695066
16688,-1.2697417340042585,-0.008298802814695066
16689,-1.269741734005448,-0.008298802814695066
16690,-1.2697417340127894,-0.008298802814695066
16691,-1.269741734013444,-0.008298802814695066
16692,-1.2697417340149837,-0.008298802814695066
16693,-1.269741734020221,-0.008298802814695066
16694,-1.2697417340213923,-0.008298802814695066
16695,-1.2697417340224997,-0.008298802814695066
16696,-1.2697417340410273,-0.008298802814695066
16697,-1.2697417340442854,-0.008298802814695066
16698,-1.2697417340472659,-0.008298802814695066
16699,-1.2697417340550012,-0.008298802814695066
16700,-1.2697417340711932,-0.008298802814695066
16701,-1.269741734073217,-0.008298802814695066
16702,-1.269741734078319,-0.008298802814695066
16703,-1.2697417340809007,-0.008298802814695066
16704,-1.2697417340833623,-0.008298802814695066
16705,-1.2697417340873138,-0.008298802814695066
16706,-1.2697417340975636,-0.008298802814695066
16707,-1.2697417341066102,-0.008298802814695066
16708,-1.2697417341177635,-0.008298802814695066
16709,-1.269741734124993,-0.008298802814695066
16710,-1.269741734135111,-0.008298802814695066
16711,-1.2697417341436628,-0.008298802814695066
16712,-1.2697417341464559,-0.008298802814695066
16713,-1.2697417341480537,-0.008298802814695066
16714,-1.269741734156243,-0.008298802814695066
16715,-1.269741734162448,-0.008298802814695066
16716,-1.269741734171034,-0.008298802814695066
16717,-1.2697417341745405,-0.008298802814695066
16718,-1.2697417341764015,-0.008298802814695066
16719,-1.269741734184194,-0.008298802814695066
16720,-1.2697417342050459,-0.008298802814695066
16721,-1.2697417342073258,-0.008298802814695066
16722,-1.2697417342227488,-0.008298802814695066
16723,-1.2697417342253339,-0.008298802814695066
16724,-1.2697417342258694,-0.008298802814695066
16725,-1.2697417342263997,-0.008298802814695066
16726,-1.2697417342305741,-0.008298802814695066
16727,-1.2697417342346466,-0.008298802814695066
16728,-1.2697417342399941,-0.008298802814695066
16729,-1.2697417342501827,-0.008298802814695066
16730,-1.2697417342548079,-0.008298802814695066
16731,-1.2697417342599766,-0.008298802814695066
16732,-1.2697417342645587,-0.008298802814695066
16733,-1.269741734265345,-0.008298802814695066
16734,-1.2697417342728547,-0.008298802814695066
16735,-1.2697417342810082,-0.008298802814695066
16736,-1.2697417342929729,-0.008298802814695066
16737,-1.2697417342989197,-0.008298802814695066
16738,-1.269741734299851,-0.008298802814695066
16739,-1.269741734308694,-0.008298802814695066
16740,-1.2697417343087962,-0.008298802814695066
16741,-1.269741734309389,-0.008298802814695066
16742,-1.269741734312749,-0.008298802814695066
16743,-1.2697417343306783,-0.008298802814695066
16744,-1.269741734333174,-0.008298802814695066
16745,-1.2697417343421467,-0.008298802814695066
16746,-1.2697417343469637,-0.008298802814695066
16747,-1.2697417343491337,-0.008298802814695066
16748,-1.2697417343622868,-0.008298802814695066
16749,-1.269741734365152,-0.008298802814695066
16750,-1.2697417343660446,-0.008298802814695066
16751,-1.2697417343678117,-0.008298802814695066
16752,-1.2697417343825221,-0.008298802814695066
16753,-1.2697417343849742,-0.008298802814695066
16754,-1.2697417343856492,-0.008298802814695066
16755,-1.2697417343900046,-0.008298802814695066
16756,-1.2697417344106037,-0.008298802814695066
16757,-1.2697417344109108,-0.008298802814695066
16758,-1.2697417344114479,-0.008298802814695066
16759,-1.2697417344122832,-0.008298802814695066
16760,-1.2697417344123998,-0.008298802814695066
16761,-1.269741734421336,-0.008298802814695066
16762,-1.2697417344438011,-0.008298802814695066
16763,-1.2697417344560646,-0.008298802814695066
16764,-1.2697417344673434,-0.008298802814695066
16765,-1.269741734486475,-0.008298802814695066
16766,-1.2697417344937807,-0.008298802814695066
16767,-1.2697417344964608,-0.008298802814695066
16768,-1.2697417345120365,-0.008298802814695066
16769,-1.269741734521923,-0.008298802814695066
16770,-1.2697417345300648,-0.008298802814695066
16771,-1.2697417345383033,-0.008298802814695066
16772,-1.2697417345389028,-0.008298802814695066
16773,-1.269741734541997,-0.008298802814695066
16774,-1.2697417345727886,-0.008298802814695066
16775,-1.2697417345762285,-0.008298802814695066
16776,-1.2697417345772264,-0.008298802814695066
16777,-1.26974173458425,-0.008298802814695066
16778,-1.2697417345844257,-0.008298802814695066
16779,-1.2697417346020594,-0.008298802814695066
16780,-1.2697417346083193,-0.008298802814695066
16781,-1.2697417346199118,-0.008298802814695066
16782,-1.2697417346298518,-0.008298802814695066
16783,-1.269741734632626,-0.008298802814695066
16784,-1.2697417346373243,-0.008298802814695066
16785,-1.269741734648084,-0.008298802814695066
16786,-1.2697417346540285,-0.008298802814695066
16787,-1.2697417346576476,-0.008298802814695066
16788,-1.2697417346662347,-0.008298802814695066
16789,-1.2697417346762412,-0.008298802814695066
16790,-1.2697417346766002,-0.008298802814695066
16791,-1.2697417346802313,-0.008298802814695066
16792,-1.269741734681199,-0.008298802814695066
16793,-1.2697417346824313,-0.008298802814695066
16794,-1.2697417346857511,-0.008298802814695066
16795,-1.2697417346935376,-0.008298802814695066
16796,-1.269741734696726,-0.008298802814695066
16797,-1.2697417346972408,-0.008298802814695066
16798,-1.269741734700147,-0.008298802814695066
16799,-1.2697417347039872,-0.008298802814695066
16800,-1.26974173471019,-0.008298802814695066
16801,-1.2697417347121023,-0.008298802814695066
16802,-1.2697417347131335,-0.008298802814695066
16803,-1.2697417347135342,-0.008298802814695066
16804,-1.2697417347171434,-0.008298802814695066
16805,-1.269741734725838,-0.008298802814695066
16806,-1.2697417347374627,-0.008298802814695066
16807,-1.2697417347410016,-0.008298802814695066
16808,-1.2697417347456963,-0.008298802814695066
16809,-1.2697417347537785,-0.008298802814695066
16810,-1.2697417347686384,-0.008298802814695066
16811,-1.2697417347766073,-0.008298802814695066
16812,-1.2697417347834772,-0.008298802814695066
16813,-1.2697417347919562,-0.008298802814695066
16814,-1.269741734796209,-0.008298802814695066
16815,-1.2697417347973838,-0.008298802814695066
16816,-1.269741734799658,-0.008298802814695066
16817,-1.2697417347999644,-0.008298802814695066
16818,-1.269741734811265,-0.008298802814695066
16819,-1.2697417348262778,-0.008298802814695066
16820,-1.2697417348383295,-0.008298802814695066
16821,-1.2697417348416704,-0.008298802814695066
16822,-1.2697417348426665,-0.008298802814695066
16823,-1.2697417348430946,-0.008298802814695066
16824,-1.2697417348507585,-0.008298802814695066
16825,-1.2697417348704525,-0.008298802814695066
16826,-1.2697417348726776,-0.008298802814695066
16827,-1.2697417348731208,-0.008298802814695066
16828,-1.2697417348917261,-0.008298802814695066
16829,-1.2697417349134867,-0.008298802814695066
16830,-1.2697417349165732,-0.008298802814695066
16831,-1.2697417349335973,-0.008298802814695066
16832,-1.2697417349350206,-0.008298802814695066
16833,-1.269741734935345,-0.008298802814695066
16834,-1.2697417349403226,-0.008298802814695066
16835,-1.2697417349507545,-0.008298802814695066
16836,-1.2697417349629694,-0.008298802814695066
16837,-1.2697417349857019,-0.008298802814695066
16838,-1.2697417349994637,-0.008298802814695066
16839,-1.2697417350141242,-0.008298802814695066
16840,-1.2697417350170772,-0.008298802814695066
16841,-1.2697417350222124,-0.008298802814695066
16842,-1.2697417350377127,-0.008298802814695066
16843,-1.269741735039776,-0.008298802814695066
16844,-1.2697417350443398,-0.008298802814695066
16845,-1.2697417350559395,-0.008298802814695066
16846,-1.2697417350648559,-0.008298802814695066
16847,-1.269741735065225,-0.008298802814695066
16848,-1.2697417350689877,-0.008298802814695066
16849,-1.2697417350721394,-0.008298802814695066
16850,-1.2697417350806957,-0.008298802814695066
16851,-1.2697417350824198,-0.008298802814695066
16852,-1.2697417350846496,-0.008298802814695066
16853,-1.2697417350922284,-0.008298802814695066
16854,-1.2697417351060847,-0.008298802814695066
16855,-1.2697417351169231,-0.008298802814695066
16856,-1.2697417351184743,-0.008298802814695066
16857,-1.2697417351189901,-0.008298802814695066
16858,-1.269741735124228,-0.008298802814695066
16859,-1.2697417351328,-0.008298802814695066
16860,-1.2697417351341895,-0.008298802814695066
16861,-1.2697417351358078,-0.008298802814695066
16862,-1.2697417351481908,-0.008298802814695066
16863,-1.2697417351584428,-0.008298802814695066
16864,-1.269741735158852,-0.008298802814695066
16865,-1.2697417351736546,-0.008298802814695066
16866,-1.2697417351834375,-0.008298802814695066
16867,-1.269741735202061,-0.008298802814695066
16868,-1.2697417352020937,-0.008298802814695066
16869,-1.2697417352036013,-0.008298802814695066
16870,-1.2697417352065237,-0.008298802814695066
16871,-1.2697417352070492,-0.008298802814695066
16872,-1.26974173521731,-0.008298802814695066
16873,-1.269741735232178,-0.008298802814695066
16874,-1.269741735239374,-0.008298802814695066
16875,-1.2697417352428781,-0.008298802814695066
16876,-1.2697417352436027,-0.008298802814695066
16877,-1.26974173524432,-0.008298802814695066
16878,-1.2697417352485987,-0.008298802814695066
16879,-1.269741735249663,-0.008298802814695066
16880,-1.2697417352595468,-0.008298802814695066
16881,-1.2697417352597038,-0.008298802814695066
16882,-1.2697417352665847,-0.008298802814695066
16883,-1.2697417352703588,-0.008298802814695066
16884,-1.2697417352719973,-0.008298802814695066
16885,-1.2697417352879508,-0.008298802814695066
16886,-1.269741735303438,-0.008298802814695066
16887,-1.2697417353069604,-0.008298802814695066
16888,-1.2697417353098333,-0.008298802814695066
16889,-1.2697417353146054,-0.008298802814695066
16890,-1.2697417353234384,-0.008298802814695066
16891,-1.2697417353357445,-0.008298802814695066
16892,-1.2697417353445113,-0.008298802814695066
16893,-1.2697417353514493,-0.008298802814695066
16894,-1.269741735359832,-0.008298802814695066
16895,-1.2697417353626763,-0.008298802814695066
16896,-1.2697417353797507,-0.008298802814695066
16897,-1.2697417353824962,-0.008298802814695066
16898,-1.2697417353855074,-0.008298802814695066
16899,-1.2697417353871416,-0.008298802814695066
16900,-1.2697417353921554,-0.008298802814695066
16901,-1.2697417353967209,-0.008298802814695066
16902,-1.2697417353972271,-0.008298802814695066
16903,-1.2697417354030036,-0.008298802814695066
16904,-1.2697417354072957,-0.008298802814695066
16905,-1.269741735410897,-0.008298802814695066
16906,-1.269741735412279,-0.008298802814695066
16907,-1.269741735415886,-0.008298802814695066
16908,-1.269741735417324,-0.008298802814695066
16909,-1.2697417354180254,-0.008298802814695066
16910,-1.2697417354218734,-0.008298802814695066
16911,-1.2697417354267857,-0.008298802814695066
16912,-1.2697417354302885,-0.008298802814695066
16913,-1.2697417354339047,-0.008298802814695066
16914,-1.2697417354434606,-0.008298802814695066
16915,-1.26974173544623,-0.008298802814695066
16916,-1.2697417354497427,-0.008298802814695066
16917,-1.2697417354497855,-0.008298802814695066
16918,-1.2697417354667997,-0.008298802814695066
16919,-1.2697417354676863,-0.008298802814695066
16920,-1.2697417354748304,-0.008298802814695066
16921,-1.2697417354752925,-0.008298802814695066
16922,-1.2697417354868898,-0.008298802814695066
16923,-1.2697417354903933,-0.008298802814695066
16924,-1.2697417355009186,-0.008298802814695066
16925,-1.2697417355019875,-0.008298802814695066
16926,-1.2697417355118101,-0.008298802814695066
16927,-1.2697417355130773,-0.008298802814695066
16928,-1.269741735522589,-0.008298802814695066
16929,-1.2697417355256417,-0.008298802814695066
16930,-1.2697417355340312,-0.008298802814695066
16931,-1.2697417355358889,-0.008298802814695066
16932,-1.2697417355420573,-0.008298802814695066
16933,-1.269741735543385,-0.008298802814695066
16934,-1.2697417355452252,-0.008298802814695066
16935,-1.2697417355470408,-0.008298802814695066
16936,-1.269741735547181,-0.008298802814695066
16937,-1.269741735556873,-0.008298802814695066
16938,-1.2697417355701808,-0.008298802814695066
16939,-1.2697417355715892,-0.008298802814695066
16940,-1.2697417355817522,-0.008298802814695066
16941,-1.2697417355820257,-0.008298802814695066
16942,-1.269741735593862,-0.008298802814695066
16943,-1.2697417355938625,-0.008298802814695066
16944,-1.269741735597114,-0.008298802814695066
16945,-1.2697417356010559,-0.008298802814695066
16946,-1.2697417356152496,-0.008298802814695066
16947,-1.269741735623827,-0.008298802814695066
16948,-1.2697417356307024,-0.008298802814695066
16949,-1.2697417356329412,-0.008298802814695066
16950,-1.2697417356370897,-0.008298802814695066
16951,-1.2697417356392195,-0.008298802814695066
16952,-1.2697417356507206,-0.008298802814695066
16953,-1.2697417356603675,-0.008298802814695066
16954,-1.269741735663803,-0.008298802814695066
16955,-1.269741735686461,-0.008298802814695066
16956,-1.2697417356903287,-0.008298802814695066
16957,-1.2697417356931522,-0.008298802814695066
16958,-1.2697417356972678,-0.008298802814695066
16959,-1.2697417357004732,-0.008298802814695066
16960,-1.2697417357026168,-0.008298802814695066
16961,-1.2697417357067848,-0.008298802814695066
16962,-1.2697417357102867,-0.008298802814695066
16963,-1.2697417357107286,-0.008298802814695066
16964,-1.2697417357190208,-0.008298802814695066
16965,-1.2697417357291125,-0.008298802814695066
16966,-1.2697417357324694,-0.008298802814695066
16967,-1.2697417357469654,-0.008298802814695066
16968,-1.2697417357592633,-0.008298802814695066
16969,-1.2697417357625513,-0.008298802814695066
16970,-1.2697417357634435,-0.008298802814695066
16971,-1.2697417357638356,-0.008298802814695066
16972,-1.2697417357649567,-0.008298802814695066
16973,-1.269741735773445,-0.008298802814695066
16974,-1.2697417357759988,-0.008298802814695066
16975,-1.2697417357762266,-0.008298802814695066
16976,-1.2697417357840584,-0.008298802814695066
16977,-1.269741735786687,-0.008298802814695066
16978,-1.269741735790159,-0.008298802814695066
16979,-1.2697417357923182,-0.008298802814695066
16980,-1.269741735794394,-0.008298802814695066
16981,-1.269741735801336,-0.008298802814695066
16982,-1.2697417358074827,-0.008298802814695066
16983,-1.2697417358243108,-0.008298802814695066
16984,-1.26974173583569,-0.008298802814695066
16985,-1.2697417358394207,-0.008298802814695066
16986,-1.269741735843967,-0.008298802814695066
16987,-1.269741735845194,-0.008298802814695066
16988,-1.2697417358452079,-0.008298802814695066
16989,-1.2697417358488123,-0.008298802814695066
16990,-1.2697417358548098,-0.008298802814695066
16991,-1.2697417358621448,-0.008298802814695066
16992,-1.2697417358792658,-0.008298802814695066
16993,-1.2697417358894385,-0.008298802814695066
16994,-1.2697417358894723,-0.008298802814695066
16995,-1.269741735894292,-0.008298802814695066
16996,-1.2697417358980503,-0.008298802814695066
16997,-1.2697417358999483,-0.008298802814695066
16998,-1.269741735900304,-0.008298802814695066
16999,-1.2697417359027803,-0.008298802814695066
17000,-1.2697417359032943,-0.008298802814695066
17001,-1.2697417359115353,-0.008298802814695066
17002,-1.2697417359135543,-0.008298802814695066
17003,-1.2697417359194978,-0.008298802814695066
17004,-1.2697417359209977,-0.008298802814695066
17005,-1.2697417359245076,-0.008298802814695066
17006,-1.2697417359261296,-0.008298802814695066
17007,-1.2697417359424255,-0.008298802814695066
17008,-1.2697417359456384,-0.008298802814695066
17009,-1.2697417359462992,-0.008298802814695066
17010,-1.2697417359496852,-0.008298802814695066
17011,-1.2697417359583298,-0.008298802814695066
17012,-1.269741735959669,-0.008298802814695066
17013,-1.269741735963195,-0.008298802814695066
17014,-1.2697417359676895,-0.008298802814695066
17015,-1.2697417359692753,-0.008298802814695066
17016,-1.269741735969682,-0.008298802814695066
17017,-1.2697417359812129,-0.008298802814695066
17018,-1.2697417359835628,-0.008298802814695066
17019,-1.2697417359887337,-0.008298802814695066
17020,-1.2697417359967467,-0.008298802814695066
17021,-1.2697417360009435,-0.008298802814695066
17022,-1.2697417360048233,-0.008298802814695066
17023,-1.2697417360065866,-0.008298802814695066
17024,-1.2697417360089136,-0.008298802814695066
17025,-1.2697417360189995,-0.008298802814695066
17026,-1.2697417360212948,-0.008298802814695066
17027,-1.2697417360247107,-0.008298802814695066
17028,-1.2697417360247611,-0.008298802814695066
17029,-1.269741736026345,-0.008298802814695066
17030,-1.2697417360294248,-0.008298802814695066
17031,-1.2697417360321255,-0.008298802814695066
17032,-1.2697417360333376,-0.008298802814695066
17033,-1.2697417360337155,-0.008298802814695066
17034,-1.2697417360370582,-0.008298802814695066
17035,-1.2697417360374865,-0.008298802814695066
17036,-1.2697417360462715,-0.008298802814695066
17037,-1.269741736047823,-0.008298802814695066
17038,-1.26974173605156,-0.008298802814695066
17039,-1.2697417360670995,-0.008298802814695066
17040,-1.269741736067123,-0.008298802814695066
17041,-1.2697417360695684,-0.008298802814695066
17042,-1.2697417360706247,-0.008298802814695066
17043,-1.2697417360745087,-0.008298802814695066
17044,-1.2697417360790744,-0.008298802814695066
17045,-1.2697417360804126,-0.008298802814695066
17046,-1.2697417360909578,-0.008298802814695066
17047,-1.2697417360995051,-0.008298802814695066
17048,-1.2697417361004355,-0.008298802814695066
17049,-1.269741736110331,-0.008298802814695066
17050,-1.2697417361107386,-0.008298802814695066
17051,-1.269741736114074,-0.008298802814695066
17052,-1.269741736129354,-0.008298802814695066
17053,-1.269741736138665,-0.008298802814695066
17054,-1.2697417361400545,-0.008298802814695066
17055,-1.269741736143999,-0.008298802814695066
17056,-1.269741736144822,-0.008298802814695066
17057,-1.2697417361666758,-0.008298802814695066
17058,-1.2697417361798085,-0.008298802814695066
17059,-1.2697417361907772,-0.008298802814695066
17060,-1.2697417361916514,-0.008298802814695066
17061,-1.269741736193994,-0.008298802814695066
17062,-1.2697417361987537,-0.008298802814695066
17063,-1.2697417362019032,-0.008298802814695066
17064,-1.2697417362055798,-0.008298802814695066
17065,-1.2697417362123673,-0.008298802814695066
17066,-1.2697417362195278,-0.008298802814695066
17067,-1.2697417362215608,-0.008298802814695066
17068,-1.269741736222837,-0.008298802814695066
17069,-1.269741736231726,-0.008298802814695066
17070,-1.2697417362337515,-0.008298802814695066
17071,-1.269741736239089,-0.008298802814695066
17072,-1.2697417362421952,-0.008298802814695066
17073,-1.269741736242962,-0.008298802814695066
17074,-1.2697417362440393,-0.008298802814695066
17075,-1.2697417362455035,-0.008298802814695066
17076,-1.269741736249109,-0.008298802814695066
17077,-1.2697417362567527,-0.008298802814695066
17078,-1.2697417362592707,-0.008298802814695066
17079,-1.2697417362666645,-0.008298802814695066
17080,-1.269741736268503,-0.008298802814695066
17081,-1.2697417362726529,-0.008298802814695066
17082,-1.2697417362757912,-0.008298802814695066
17083,-1.2697417362782066,-0.008298802814695066
17084,-1.2697417362847268,-0.008298802814695066
17085,-1.2697417362869512,-0.008298802814695066
17086,-1.2697417362869812,-0.008298802814695066
17087,-1.2697417362968224,-0.008298802814695066
17088,-1.2697417363018517,-0.008298802814695066
17089,-1.2697417363047316,-0.008298802814695066
17090,-1.2697417363076278,-0.008298802814695066
17091,-1.269741736309097,-0.008298802814695066
17092,-1.2697417363153036,-0.008298802814695066
17093,-1.2697417363187737,-0.008298802814695066
17094,-1.2697417363320522,-0.008298802814695066
17095,-1.2697417363413923,-0.008298802814695066
17096,-1.2697417363517953,-0.008298802814695066
17097,-1.2697417363552883,-0.008298802814695066
17098,-1.2697417363554615,-0.008298802814695066
17099,-1.2697417363644652,-0.008298802814695066
17100,-1.2697417363645798,-0.008298802814695066
17101,-1.26974173636529,-0.008298802814695066
17102,-1.2697417363660588,-0.008298802814695066
17103,-1.2697417363697956,-0.008298802814695066
17104,-1.2697417363700239,-0.008298802814695066
17105,-1.2697417363704313,-0.008298802814695066
17106,-1.269741736370565,-0.008298802814695066
17107,-1.2697417363849808,-0.008298802814695066
17108,-1.2697417363940315,-0.008298802814695066
17109,-1.2697417363953738,-0.008298802814695066
17110,-1.2697417364170371,-0.008298802814695066
17111,-1.269741736421718,-0.008298802814695066
17112,-1.2697417364230486,-0.008298802814695066
17113,-1.2697417364260213,-0.008298802814695066
17114,-1.2697417364295012,-0.008298802814695066
17115,-1.2697417364352328,-0.008298802814695066
17116,-1.2697417364369177,-0.008298802814695066
17117,-1.2697417364448114,-0.008298802814695066
17118,-1.269741736450698,-0.008298802814695066
17119,-1.269741736459383,-0.008298802814695066
17120,-1.2697417364674881,-0.008298802814695066
17121,-1.2697417364694001,-0.008298802814695066
17122,-1.269741736473366,-0.008298802814695066
17123,-1.2697417364742676,-0.008298802814695066
17124,-1.2697417364810675,-0.008298802814695066
17125,-1.269741736484093,-0.008298802814695066
17126,-1.269741736485479,-0.008298802814695066
17127,-1.2697417364866677,-0.008298802814695066
17128,-1.2697417364942352,-0.008298802814695066
17129,-1.269741736494974,-0.008298802814695066
17130,-1.26974173649679,-0.008298802814695066
17131,-1.2697417365015096,-0.008298802814695066
17132,-1.2697417365024493,-0.008298802814695066
17133,-1.2697417365094958,-0.008298802814695066
17134,-1.269741736514288,-0.008298802814695066
17135,-1.2697417365202381,-0.008298802814695066
17136,-1.2697417365229493,-0.008298802814695066
17137,-1.269741736525019,-0.008298802814695066
17138,-1.2697417365296608,-0.008298802814695066
17139,-1.2697417365297285,-0.008298802814695066
17140,-1.2697417365305177,-0.008298802814695066
17141,-1.2697417365315153,-0.008298802814695066
17142,-1.2697417365377002,-0.008298802814695066
17143,-1.2697417365395056,-0.008298802814695066
17144,-1.2697417365412205,-0.008298802814695066
17145,-1.2697417365441444,-0.008298802814695066
17146,-1.2697417365571784,-0.008298802814695066
17147,-1.269741736560042,-0.008298802814695066
17148,-1.2697417365643038,-0.008298802814695066
17149,-1.269741736569629,-0.008298802814695066
17150,-1.269741736569811,-0.008298802814695066
17151,-1.2697417365727213,-0.008298802814695066
17152,-1.2697417365750998,-0.008298802814695066
17153,-1.2697417365837202,-0.008298802814695066
17154,-1.2697417365837238,-0.008298802814695066
17155,-1.2697417365859454,-0.008298802814695066
17156,-1.269741736587878,-0.008298802814695066
17157,-1.2697417365879062,-0.008298802814695066
17158,-1.2697417365922063,-0.008298802814695066
17159,-1.2697417365951322,-0.008298802814695066
17160,-1.2697417365967598,-0.008298802814695066
17161,-1.2697417365985277,-0.008298802814695066
17162,-1.2697417366006871,-0.008298802814695066
17163,-1.269741736606778,-0.008298802814695066
17164,-1.2697417366070989,-0.008298802814695066
17165,-1.269741736611948,-0.008298802814695066
17166,-1.2697417366130939,-0.008298802814695066
17167,-1.2697417366204975,-0.008298802814695066
17168,-1.2697417366306454,-0.008298802814695066
17169,-1.2697417366318071,-0.008298802814695066
17170,-1.2697417366349097,-0.008298802814695066
17171,-1.2697417366485513,-0.008298802814695066
17172,-1.2697417366557544,-0.008298802814695066
17173,-1.26974173665714,-0.008298802814695066
17174,-1.2697417366574015,-0.008298802814695066
17175,-1.2697417366582435,-0.008298802814695066
17176,-1.2697417366627024,-0.008298802814695066
17177,-1.2697417366645694,-0.008298802814695066
17178,-1.2697417366646964,-0.008298802814695066
17179,-1.269741736665606,-0.008298802814695066
17180,-1.269741736666032,-0.008298802814695066
17181,-1.2697417366717716,-0.008298802814695066
17182,-1.269741736674677,-0.008298802814695066
17183,-1.2697417366752692,-0.008298802814695066
17184,-1.269741736679027,-0.008298802814695066
17185,-1.2697417366792585,-0.008298802814695066
17186,-1.269741736679783,-0.008298802814695066
17187,-1.2697417366824235,-0.008298802814695066
17188,-1.26974173668691,-0.008298802814695066
17189,-1.269741736689586,-0.008298802814695066
17190,-1.269741736706022,-0.008298802814695066
17191,-1.2697417367083272,-0.008298802814695066
17192,-1.2697417367139157,-0.008298802814695066
17193,-1.269741736715404,-0.008298802814695066
17194,-1.2697417367163726,-0.008298802814695066
17195,-1.269741736734606,-0.008298802814695066
17196,-1.2697417367365325,-0.008298802814695066
17197,-1.2697417367402557,-0.008298802814695066
17198,-1.269741736742923,-0.008298802814695066
17199,-1.2697417367439217,-0.008298802814695066
17200,-1.2697417367439927,-0.008298802814695066
17201,-1.2697417367452215,-0.008298802814695066
17202,-1.2697417367492623,-0.008298802814695066
17203,-1.269741736751884,-0.008298802814695066
17204,-1.2697417367634671,-0.008298802814695066
17205,-1.26974173676733,-0.008298802814695066
17206,-1.2697417367701456,-0.008298802814695066
17207,-1.2697417367731199,-0.008298802814695066
17208,-1.269741736777088,-0.008298802814695066
17209,-1.2697417367787924,-0.008298802814695066
17210,-1.2697417367797648,-0.008298802814695066
17211,-1.2697417367804447,-0.008298802814695066
17212,-1.2697417367807111,-0.008298802814695066
17213,-1.2697417367854609,-0.008298802814695066
17214,-1.2697417367930373,-0.008298802814695066
17215,-1.2697417368003023,-0.008298802814695066
17216,-1.2697417368042903,-0.008298802814695066
17217,-1.2697417368043205,-0.008298802814695066
17218,-1.269741736805654,-0.008298802814695066
17219,-1.2697417368119996,-0.008298802814695066
17220,-1.2697417368151533,-0.008298802814695066
17221,-1.269741736830635,-0.008298802814695066
17222,-1.2697417368326982,-0.008298802814695066
17223,-1.269741736841467,-0.008298802814695066
17224,-1.2697417368482187,-0.008298802814695066
17225,-1.2697417368520791,-0.008298802814695066
17226,-1.269741736858282,-0.008298802814695066
17227,-1.2697417368608044,-0.008298802814695066
17228,-1.2697417368631578,-0.008298802814695066
17229,-1.2697417368700452,-0.008298802814695066
17230,-1.2697417368718311,-0.008298802814695066
17231,-1.2697417368863921,-0.008298802814695066
17232,-1.26974173689191,-0.008298802814695066
17233,-1.269741736893625,-0.008298802814695066
17234,-1.2697417368941346,-0.008298802814695066
17235,-1.2697417368949233,-0.008298802814695066
17236,-1.2697417368949395,-0.008298802814695066
17237,-1.269741736896191,-0.008298802814695066
17238,-1.269741736898349,-0.008298802814695066
17239,-1.269741736898984,-0.008298802814695066
17240,-1.2697417369033195,-0.008298802814695066
17241,-1.2697417369057042,-0.008298802814695066
17242,-1.269741736907628,-0.008298802814695066
17243,-1.2697417369182054,-0.008298802814695066
17244,-1.2697417369190322,-0.008298802814695066
17245,-1.2697417369253683,-0.008298802814695066
17246,-1.2697417369262083,-0.008298802814695066
17247,-1.2697417369287365,-0.008298802814695066
17248,-1.269741736929054,-0.008298802814695066
17249,-1.2697417369373252,-0.008298802814695066
17250,-1.269741736937696,-0.008298802814695066
17251,-1.2697417369377826,-0.008298802814695066
17252,-1.2697417369390622,-0.008298802814695066
17253,-1.2697417369513886,-0.008298802814695066
17254,-1.2697417369560136,-0.008298802814695066
17255,-1.26974173696399,-0.008298802814695066
17256,-1.269741736964333,-0.008298802814695066
17257,-1.2697417369843365,-0.008298802814695066
17258,-1.2697417369847948,-0.008298802814695066
17259,-1.2697417369967852,-0.008298802814695066
17260,-1.2697417369968629,-0.008298802814695066
17261,-1.2697417370005897,-0.008298802814695066
17262,-1.2697417370025696,-0.008298802814695066
17263,-1.269741737007579,-0.008298802814695066
17264,-1.2697417370090245,-0.008298802814695066
17265,-1.2697417370124593,-0.008298802814695066
17266,-1.2697417370151083,-0.008298802814695066
17267,-1.2697417370163289,-0.008298802814695066
17268,-1.269741737022696,-0.008298802814695066
17269,-1.2697417370262847,-0.008298802814695066
17270,-1.269741737029732,-0.008298802814695066
17271,-1.2697417370467505,-0.008298802814695066
17272,-1.2697417370496529,-0.008298802814695066
17273,-1.2697417370508197,-0.008298802814695066
17274,-1.2697417370514867,-0.008298802814695066
17275,-1.2697417370524187,-0.008298802814695066
17276,-1.26974173705563,-0.008298802814695066
17277,-1.269741737058451,-0.008298802814695066
17278,-1.2697417370600093,-0.008298802814695066
17279,-1.269741737060496,-0.008298802814695066
17280,-1.269741737066024,-0.008298802814695066
17281,-1.2697417370728794,-0.008298802814695066
17282,-1.2697417370771134,-0.008298802814695066
17283,-1.2697417370782187,-0.008298802814695066
17284,-1.26974173707975,-0.008298802814695066
17285,-1.2697417370803152,-0.008298802814695066
17286,-1.2697417370807622,-0.008298802814695066
17287,-1.2697417370937685,-0.008298802814695066
17288,-1.269741737095533,-0.008298802814695066
17289,-1.2697417370974187,-0.008298802814695066
17290,-1.269741737098549,-0.008298802814695066
17291,-1.2697417370996318,-0.008298802814695066
17292,-1.2697417371005413,-0.008298802814695066
17293,-1.2697417371029216,-0.008298802814695066
17294,-1.2697417371030237,-0.008298802814695066
17295,-1.2697417371031667,-0.008298802814695066
17296,-1.26974173710478,-0.008298802814695066
17297,-1.2697417371100457,-0.008298802814695066
17298,-1.2697417371104545,-0.008298802814695066
17299,-1.2697417371448874,-0.008298802814695066
17300,-1.269741737149822,-0.008298802814695066
17301,-1.2697417371514654,-0.008298802814695066
17302,-1.269741737153571,-0.008298802814695066
17303,-1.2697417371562405,-0.008298802814695066
17304,-1.2697417371628181,-0.008298802814695066
17305,-1.2697417371637778,-0.008298802814695066
17306,-1.2697417371724402,-0.008298802814695066
17307,-1.2697417371779043,-0.008298802814695066
17308,-1.2697417371781758,-0.008298802814695066
17309,-1.2697417371795827,-0.008298802814695066
17310,-1.2697417371863509,-0.008298802814695066
17311,-1.269741737186405,-0.008298802814695066
17312,-1.2697417371938988,-0.008298802814695066
17313,-1.269741737194885,-0.008298802814695066
17314,-1.2697417371952717,-0.008298802814695066
17315,-1.2697417371992523,-0.008298802814695066
17316,-1.269741737208024,-0.008298802814695066
17317,-1.2697417372080264,-0.008298802814695066
17318,-1.2697417372125717,-0.008298802814695066
17319,-1.2697417372272732,-0.008298802814695066
17320,-1.269741737235576,-0.008298802814695066
17321,-1.26974173723726,-0.008298802814695066
17322,-1.2697417372410291,-0.008298802814695066
17323,-1.2697417372483149,-0.008298802814695066
17324,-1.2697417372493658,-0.008298802814695066
17325,-1.2697417372496083,-0.008298802814695066
17326,-1.2697417372512312,-0.008298802814695066
17327,-1.2697417372555395,-0.008298802814695066
17328,-1.269741737258705,-0.008298802814695066
17329,-1.2697417372664694,-0.008298802814695066
17330,-1.26974173727173,-0.008298802814695066
17331,-1.269741737272133,-0.008298802814695066
17332,-1.2697417372728514,-0.008298802814695066
17333,-1.2697417372770254,-0.008298802814695066
17334,-1.2697417372819029,-0.008298802814695066
17335,-1.2697417372869049,-0.008298802814695066
17336,-1.2697417372969095,-0.008298802814695066
17337,-1.269741737299021,-0.008298802814695066
17338,-1.2697417373002509,-0.008298802814695066
17339,-1.2697417373071371,-0.008298802814695066
17340,-1.2697417373082573,-0.008298802814695066
17341,-1.269741737309079,-0.008298802814695066
17342,-1.2697417373103184,-0.008298802814695066
17343,-1.2697417373128266,-0.008298802814695066
17344,-1.269741737313299,-0.008298802814695066
17345,-1.2697417373134092,-0.008298802814695066
17346,-1.269741737313709,-0.008298802814695066
17347,-1.2697417373158306,-0.008298802814695066
17348,-1.2697417373180924,-0.008298802814695066
17349,-1.2697417373262612,-0.008298802814695066
17350,-1.2697417373319266,-0.008298802814695066
17351,-1.269741737333692,-0.008298802814695066
17352,-1.2697417373400617,-0.008298802814695066
17353,-1.2697417373400854,-0.008298802814695066
17354,-1.2697417373427096,-0.008298802814695066
17355,-1.2697417373474966,-0.008298802814695066
17356,-1.269741737353639,-0.008298802814695066
17357,-1.269741737360556,-0.008298802814695066
17358,-1.2697417373650863,-0.008298802814695066
17359,-1.2697417373661457,-0.008298802814695066
17360,-1.2697417373691882,-0.008298802814695066
17361,-1.269741737371072,-0.008298802814695066
17362,-1.2697417373822564,-0.008298802814695066
17363,-1.2697417373859168,-0.008298802814695066
17364,-1.2697417373871696,-0.008298802814695066
17365,-1.269741737390116,-0.008298802814695066
17366,-1.2697417373909894,-0.008298802814695066
17367,-1.269741737396808,-0.008298802814695066
17368,-1.269741737401929,-0.008298802814695066
17369,-1.2697417374035753,-0.008298802814695066
17370,-1.2697417374040527,-0.008298802814695066
17371,-1.2697417374081514,-0.008298802814695066
17372,-1.2697417374116615,-0.008298802814695066
17373,-1.2697417374148128,-0.008298802814695066
17374,-1.269741737415842,-0.008298802814695066
17375,-1.2697417374180335,-0.008298802814695066
17376,-1.269741737418821,-0.008298802814695066
17377,-1.26974173741892,-0.008298802814695066
17378,-1.2697417374256648,-0.008298802814695066
17379,-1.2697417374268845,-0.008298802814695066
17380,-1.2697417374315465,-0.008298802814695066
17381,-1.2697417374316824,-0.008298802814695066
17382,-1.2697417374331301,-0.008298802814695066
17383,-1.2697417374375102,-0.008298802814695066
17384,-1.26974173744139,-0.008298802814695066
17385,-1.2697417374414357,-0.008298802814695066
17386,-1.2697417374492859,-0.008298802814695066
17387,-1.269741737451464,-0.008298802814695066
17388,-1.2697417374566027,-0.008298802814695066
17389,-1.2697417374587703,-0.008298802814695066
17390,-1.2697417374592672,-0.008298802814695066
17391,-1.269741737462339,-0.008298802814695066
17392,-1.269741737462441,-0.008298802814695066
17393,-1.2697417374641708,-0.008298802814695066
17394,-1.2697417374642985,-0.008298802814695066
17395,-1.269741737465088,-0.008298802814695066
17396,-1.2697417374786375,-0.008298802814695066
17397,-1.269741737481369,-0.008298802814695066
17398,-1.2697417374860613,-0.008298802814695066
17399,-1.2697417374877522,-0.008298802814695066
17400,-1.2697417374888174,-0.008298802814695066
17401,-1.2697417374992388,-0.008298802814695066
17402,-1.2697417375001172,-0.008298802814695066
17403,-1.2697417375026223,-0.008298802814695066
17404,-1.2697417375047924,-0.008298802814695066
17405,-1.2697417375086357,-0.008298802814695066
17406,-1.2697417375124362,-0.008298802814695066
17407,-1.2697417375140334,-0.008298802814695066
17408,-1.2697417375156197,-0.008298802814695066
17409,-1.2697417375207467,-0.008298802814695066
17410,-1.2697417375225855,-0.008298802814695066
17411,-1.2697417375238467,-0.008298802814695066
17412,-1.2697417375304814,-0.008298802814695066
17413,-1.269741737536535,-0.008298802814695066
17414,-1.2697417375370101,-0.008298802814695066
17415,-1.2697417375377225,-0.008298802814695066
17416,-1.2697417375405442,-0.008298802814695066
17417,-1.2697417375406834,-0.008298802814695066
17418,-1.2697417375453357,-0.008298802814695066
17419,-1.2697417375456923,-0.008298802814695066
17420,-1.2697417375540687,-0.008298802814695066
17421,-1.2697417375553675,-0.008298802814695066
17422,-1.2697417375553943,-0.008298802814695066
17423,-1.269741737555929,-0.008298802814695066
17424,-1.2697417375583446,-0.008298802814695066
17425,-1.2697417375590094,-0.008298802814695066
17426,-1.269741737577448,-0.008298802814695066
17427,-1.2697417375785867,-0.008298802814695066
17428,-1.269741737579322,-0.008298802814695066
17429,-1.2697417375820614,-0.008298802814695066
17430,-1.2697417375821305,-0.008298802814695066
17431,-1.2697417375830764,-0.008298802814695066
17432,-1.2697417375842026,-0.008298802814695066
17433,-1.2697417375891855,-0.008298802814695066
17434,-1.2697417375891997,-0.008298802814695066
17435,-1.2697417375900264,-0.008298802814695066
17436,-1.269741737591414,-0.008298802814695066
17437,-1.2697417375980402,-0.008298802814695066
17438,-1.2697417375997555,-0.008298802814695066
17439,-1.2697417376013878,-0.008298802814695066
17440,-1.2697417376060072,-0.008298802814695066
17441,-1.2697417376091868,-0.008298802814695066
17442,-1.2697417376093554,-0.008298802814695066
17443,-1.2697417376104916,-0.008298802814695066
17444,-1.2697417376126876,-0.008298802814695066
17445,-1.2697417376151119,-0.008298802814695066
17446,-1.2697417376156266,-0.008298802814695066
17447,-1.2697417376170324,-0.008298802814695066
17448,-1.2697417376184676,-0.008298802814695066
17449,-1.2697417376201594,-0.008298802814695066
17450,-1.269741737621369,-0.008298802814695066
17451,-1.2697417376231175,-0.008298802814695066
17452,-1.2697417376237246,-0.008298802814695066
17453,-1.2697417376323052,-0.008298802814695066
17454,-1.2697417376323308,-0.008298802814695066
17455,-1.269741737633388,-0.008298802814695066
17456,-1.269741737636929,-0.008298802814695066
17457,-1.269741737643807,-0.008298802814695066
17458,-1.26974173764515,-0.008298802814695066
17459,-1.2697417376454665,-0.008298802814695066
17460,-1.2697417376457123,-0.008298802814695066
17461,-1.2697417376478728,-0.008298802814695066
17462,-1.2697417376483395,-0.008298802814695066
17463,-1.269741737654025,-0.008298802814695066
17464,-1.2697417376546194,-0.008298802814695066
17465,-1.2697417376558349,-0.008298802814695066
17466,-1.269741737657424,-0.008298802814695066
17467,-1.2697417376588194,-0.008298802814695066
17468,-1.269741737659165,-0.008298802814695066
17469,-1.2697417376609526,-0.008298802814695066
17470,-1.2697417376645954,-0.008298802814695066
17471,-1.2697417376668407,-0.008298802814695066
17472,-1.2697417376672089,-0.008298802814695066
17473,-1.269741737668453,-0.008298802814695066
17474,-1.2697417376705107,-0.008298802814695066
17475,-1.2697417376742428,-0.008298802814695066
17476,-1.2697417376785562,-0.008298802814695066
17477,-1.2697417376839812,-0.008298802814695066
17478,-1.2697417376852547,-0.008298802814695066
17479,-1.2697417376854792,-0.008298802814695066
17480,-1.2697417376879898,-0.008298802814695066
17481,-1.2697417376884117,-0.008298802814695066
17482,-1.2697417376906015,-0.008298802814695066
17483,-1.269741737693141,-0.008298802814695066
17484,-1.2697417376953173,-0.008298802814695066
17485,-1.2697417376958673,-0.008298802814695066
17486,-1.2697417376993019,-0.008298802814695066
17487,-1.2697417377042035,-0.008298802814695066
17488,-1.2697417377074283,-0.008298802814695066
17489,-1.2697417377115607,-0.008298802814695066
17490,-1.269741737724448,-0.008298802814695066
17491,-1.2697417377272817,-0.008298802814695066
17492,-1.2697417377282991,-0.008298802814695066
17493,-1.269741737728308,-0.008298802814695066
17494,-1.2697417377333817,-0.008298802814695066
17495,-1.2697417377355178,-0.008298802814695066
17496,-1.2697417377371791,-0.008298802814695066
17497,-1.269741737743546,-0.008298802814695066
17498,-1.2697417377451123,-0.008298802814695066
17499,-1.269741737756495,-0.008298802814695066
17500,-1.2697417377608644,-0.008298802814695066
17501,-1.2697417377637352,-0.008298802814695066
17502,-1.269741737763861,-0.008298802814695066
17503,-1.269741737765759,-0.008298802814695066
17504,-1.269741737766995,-0.008298802814695066
17505,-1.2697417377678408,-0.008298802814695066
17506,-1.2697417377712368,-0.008298802814695066
17507,-1.26974173777225,-0.008298802814695066
17508,-1.269741737772433,-0.008298802814695066
17509,-1.2697417377736322,-0.008298802814695066
17510,-1.2697417377744171,-0.008298802814695066
17511,-1.2697417377746822,-0.008298802814695066
17512,-1.269741737775097,-0.008298802814695066
17513,-1.269741737776437,-0.008298802814695066
17514,-1.2697417377776192,-0.008298802814695066
17515,-1.2697417377780695,-0.008298802814695066
17516,-1.269741737778791,-0.008298802814695066
17517,-1.269741737779197,-0.008298802814695066
17518,-1.2697417377800349,-0.008298802814695066
17519,-1.2697417377815385,-0.008298802814695066
17520,-1.2697417377870006,-0.008298802814695066
17521,-1.2697417377880489,-0.008298802814695066
17522,-1.2697417377896596,-0.008298802814695066
17523,-1.2697417377898481,-0.008298802814695066
17524,-1.2697417377911169,-0.008298802814695066
17525,-1.269741737792815,-0.008298802814695066
17526,-1.2697417377931957,-0.008298802814695066
17527,-1.2697417377948335,-0.008298802814695066
17528,-1.2697417377948392,-0.008298802814695066
17529,-1.2697417377958162,-0.008298802814695066
17530,-1.269741737796335,-0.008298802814695066
17531,-1.2697417377977689,-0.008298802814695066
17532,-1.2697417377978568,-0.008298802814695066
17533,-1.2697417377992395,-0.008298802814695066
17534,-1.2697417377992863,-0.008298802814695066
17535,-1.269741737801875,-0.008298802814695066
17536,-1.2697417378022475,-0.008298802814695066
17537,-1.269741737805124,-0.008298802814695066
17538,-1.2697417378060758,-0.008298802814695066
17539,-1.2697417378147793,-0.008298802814695066
17540,-1.2697417378183544,-0.008298802814695066
17541,-1.2697417378210039,-0.008298802814695066
17542,-1.2697417378227054,-0.008298802814695066
17543,-1.269741737823509,-0.008298802814695066
17544,-1.2697417378254143,-0.008298802814695066
17545,-1.2697417378261,-0.008298802814695066
17546,-1.2697417378269553,-0.008298802814695066
17547,-1.269741737829808,-0.008298802814695066
17548,-1.2697417378303881,-0.008298802814695066
17549,-1.269741737833179,-0.008298802814695066
17550,-1.2697417378371716,-0.008298802814695066
17551,-1.2697417378380265,-0.008298802814695066
17552,-1.2697417378407452,-0.008298802814695066
17553,-1.2697417378411169,-0.008298802814695066
17554,-1.2697417378416622,-0.008298802814695066
17555,-1.2697417378438975,-0.008298802814695066
17556,-1.2697417378462243,-0.008298802814695066
17557,-1.2697417378483467,-0.008298802814695066
17558,-1.2697417378498306,-0.008298802814695066
17559,-1.2697417378529672,-0.008298802814695066
17560,-1.2697417378531424,-0.008298802814695066
17561,-1.2697417378548417,-0.008298802814695066
17562,-1.2697417378589158,-0.008298802814695066
17563,-1.269741737864009,-0.008298802814695066
17564,-1.2697417378669789,-0.008298802814695066
17565,-1.2697417378704174,-0.008298802814695066
17566,-1.2697417378744833,-0.008298802814695066
17567,-1.269741737876636,-0.008298802814695066
17568,-1.269741737882182,-0.008298802814695066
17569,-1.2697417378875742,-0.008298802814695066
17570,-1.2697417378881737,-0.008298802814695066
17571,-1.2697417378886235,-0.008298802814695066
17572,-1.2697417378887668,-0.008298802814695066
17573,-1.2697417378898752,-0.008298802814695066
17574,-1.269741737893641,-0.008298802814695066
17575,-1.2697417378942268,-0.008298802814695066
17576,-1.269741737895357,-0.008298802814695066
17577,-1.2697417379018228,-0.008298802814695066
17578,-1.2697417379041585,-0.008298802814695066
17579,-1.2697417379073965,-0.008298802814695066
17580,-1.26974173791375,-0.008298802814695066
17581,-1.2697417379156124,-0.008298802814695066
17582,-1.2697417379182627,-0.008298802814695066
17583,-1.2697417379191924,-0.008298802814695066
17584,-1.269741737919838,-0.008298802814695066
17585,-1.2697417379218554,-0.008298802814695066
17586,-1.2697417379218567,-0.008298802814695066
17587,-1.269741737923848,-0.008298802814695066
17588,-1.2697417379263496,-0.008298802814695066
17589,-1.2697417379284748,-0.008298802814695066
17590,-1.269741737933578,-0.008298802814695066
17591,-1.2697417379358513,-0.008298802814695066
17592,-1.2697417379363931,-0.008298802814695066
17593,-1.2697417379381433,-0.008298802814695066
17594,-1.2697417379395006,-0.008298802814695066
17595,-1.2697417379416789,-0.008298802814695066
17596,-1.2697417379504052,-0.008298802814695066
17597,-1.2697417379526335,-0.008298802814695066
17598,-1.2697417379537461,-0.008298802814695066
17599,-1.269741737955092,-0.008298802814695066
17600,-1.2697417379561822,-0.008298802814695066
17601,-1.269741737956603,-0.008298802814695066
17602,-1.2697417379616194,-0.008298802814695066
17603,-1.2697417379632776,-0.008298802814695066
17604,-1.2697417379638543,-0.008298802814695066
17605,-1.2697417379670721,-0.008298802814695066
17606,-1.2697417379697051,-0.008298802814695066
17607,-1.2697417379700533,-0.008298802814695066
17608,-1.2697417379706668,-0.008298802814695066
17609,-1.2697417379715157,-0.008298802814695066
17610,-1.2697417379741704,-0.008298802814695066
17611,-1.269741737976206,-0.008298802814695066
17612,-1.2697417379787483,-0.008298802814695066
17613,-1.2697417379803166,-0.008298802814695066
17614,-1.2697417379805893,-0.008298802814695066
17615,-1.2697417379809979,-0.008298802814695066
17616,-1.2697417379852753,-0.008298802814695066
17617,-1.2697417379872924,-0.008298802814695066
17618,-1.2697417379885507,-0.008298802814695066
17619,-1.2697417379930576,-0.008298802814695066
17620,-1.2697417379966907,-0.008298802814695066
17621,-1.2697417379977236,-0.008298802814695066
17622,-1.2697417380024012,-0.008298802814695066
17623,-1.2697417380029157,-0.008298802814695066
17624,-1.269741738005258,-0.008298802814695066
17625,-1.2697417380059544,-0.008298802814695066
17626,-1.2697417380063458,-0.008298802814695066
17627,-1.2697417380070581,-0.008298802814695066
17628,-1.2697417380077258,-0.008298802814695066
17629,-1.2697417380116605,-0.008298802814695066
17630,-1.2697417380135372,-0.008298802814695066
17631,-1.2697417380244946,-0.008298802814695066
17632,-1.2697417380285556,-0.008298802814695066
17633,-1.2697417380313554,-0.008298802814695066
17634,-1.2697417380316276,-0.008298802814695066
17635,-1.269741738033263,-0.008298802814695066
17636,-1.2697417380341118,-0.008298802814695066
17637,-1.2697417380359266,-0.008298802814695066
17638,-1.269741738037023,-0.008298802814695066
17639,-1.269741738037305,-0.008298802814695066
17640,-1.269741738040674,-0.008298802814695066
17641,-1.2697417380408809,-0.008298802814695066
17642,-1.2697417380428058,-0.008298802814695066
17643,-1.2697417380515357,-0.008298802814695066
17644,-1.2697417380518774,-0.008298802814695066
17645,-1.2697417380534126,-0.008298802814695066
17646,-1.2697417380568323,-0.008298802814695066
17647,-1.269741738057534,-0.008298802814695066
17648,-1.2697417380592646,-0.008298802814695066
17649,-1.2697417380614036,-0.008298802814695066
17650,-1.269741738061522,-0.008298802814695066
17651,-1.2697417380617946,-0.008298802814695066
17652,-1.2697417380636675,-0.008298802814695066
17653,-1.2697417380651048,-0.008298802814695066
17654,-1.2697417380693703,-0.008298802814695066
17655,-1.2697417380698481,-0.008298802814695066
17656,-1.2697417380713185,-0.008298802814695066
17657,-1.2697417380778742,-0.008298802814695066
17658,-1.2697417380822278,-0.008298802814695066
17659,-1.2697417380842262,-0.008298802814695066
17660,-1.2697417380848908,-0.008298802814695066
17661,-1.2697417380872276,-0.008298802814695066
17662,-1.2697417380873097,-0.008298802814695066
17663,-1.2697417380892568,-0.008298802814695066
17664,-1.2697417380915368,-0.008298802814695066
17665,-1.2697417380942102,-0.008298802814695066
17666,-1.2697417380968572,-0.008298802814695066
17667,-1.269741738099077,-0.008298802814695066
17668,-1.2697417380993008,-0.008298802814695066
17669,-1.2697417381080662,-0.008298802814695066
17670,-1.2697417381096732,-0.008298802814695066
17671,-1.269741738111116,-0.008298802814695066
17672,-1.269741738112555,-0.008298802814695066
17673,-1.2697417381154288,-0.008298802814695066
17674,-1.2697417381170149,-0.008298802814695066
17675,-1.2697417381173706,-0.008298802814695066
17676,-1.2697417381192533,-0.008298802814695066
17677,-1.2697417381231177,-0.008298802814695066
17678,-1.2697417381244094,-0.008298802814695066
17679,-1.2697417381274139,-0.008298802814695066
17680,-1.2697417381282152,-0.008298802814695066
17681,-1.2697417381297884,-0.008298802814695066
17682,-1.2697417381298757,-0.008298802814695066
17683,-1.269741738131406,-0.008298802814695066
17684,-1.269741738134655,-0.008298802814695066
17685,-1.269741738137258,-0.008298802814695066
17686,-1.2697417381377227,-0.008298802814695066
17687,-1.2697417381386955,-0.008298802814695066
17688,-1.2697417381395781,-0.008298802814695066
17689,-1.2697417381405451,-0.008298802814695066
17690,-1.2697417381410103,-0.008298802814695066
17691,-1.2697417381438716,-0.008298802814695066
17692,-1.269741738145077,-0.008298802814695066
17693,-1.2697417381452107,-0.008298802814695066
17694,-1.2697417381489997,-0.008298802814695066
17695,-1.2697417381520548,-0.008298802814695066
17696,-1.2697417381544627,-0.008298802814695066
17697,-1.2697417381552794,-0.008298802814695066
17698,-1.2697417381578302,-0.008298802814695066
17699,-1.2697417381580474,-0.008298802814695066
17700,-1.2697417381583278,-0.008298802814695066
17701,-1.269741738160238,-0.008298802814695066
17702,-1.2697417381605312,-0.008298802814695066
17703,-1.2697417381637874,-0.008298802814695066
17704,-1.269741738164102,-0.008298802814695066
17705,-1.2697417381706892,-0.008298802814695066
17706,-1.269741738171394,-0.008298802814695066
17707,-1.2697417381723857,-0.008298802814695066
17708,-1.2697417381729093,-0.008298802814695066
17709,-1.2697417381751117,-0.008298802814695066
17710,-1.2697417381766642,-0.008298802814695066
17711,-1.269741738180675,-0.008298802814695066
17712,-1.2697417381889644,-0.008298802814695066
17713,-1.269741738190191,-0.008298802814695066
17714,-1.2697417381930547,-0.008298802814695066
17715,-1.2697417381957057,-0.008298802814695066
17716,-1.2697417381977765,-0.008298802814695066
17717,-1.2697417382006544,-0.008298802814695066
17718,-1.2697417382024705,-0.008298802814695066
17719,-1.2697417382051985,-0.008298802814695066
17720,-1.2697417382085032,-0.008298802814695066
17721,-1.2697417382088436,-0.008298802814695066
17722,-1.2697417382094438,-0.008298802814695066
17723,-1.2697417382099292,-0.008298802814695066
17724,-1.2697417382142944,-0.008298802814695066
17725,-1.2697417382149934,-0.008298802814695066
17726,-1.2697417382150196,-0.008298802814695066
17727,-1.2697417382160698,-0.008298802814695066
17728,-1.2697417382178156,-0.008298802814695066
17729,-1.2697417382188294,-0.008298802814695066
17730,-1.2697417382202287,-0.008298802814695066
17731,-1.2697417382203007,-0.008298802814695066
17732,-1.269741738220852,-0.008298802814695066
17733,-1.269741738223537,-0.008298802814695066
17734,-1.2697417382274634,-0.008298802814695066
17735,-1.2697417382279572,-0.008298802814695066
17736,-1.2697417382303153,-0.008298802814695066
17737,-1.2697417382309988,-0.008298802814695066
17738,-1.2697417382331104,-0.008298802814695066
17739,-1.2697417382353713,-0.008298802814695066
17740,-1.2697417382354452,-0.008298802814695066
17741,-1.2697417382384746,-0.008298802814695066
17742,-1.2697417382417182,-0.008298802814695066
17743,-1.2697417382418976,-0.008298802814695066
17744,-1.269741738242285,-0.008298802814695066
17745,-1.2697417382431777,-0.008298802814695066
17746,-1.2697417382433094,-0.008298802814695066
17747,-1.269741738245762,-0.008298802814695066
17748,-1.2697417382457714,-0.008298802814695066
17749,-1.2697417382463527,-0.008298802814695066
17750,-1.269741738246667,-0.008298802814695066
17751,-1.2697417382486191,-0.008298802814695066
17752,-1.2697417382491483,-0.008298802814695066
17753,-1.2697417382537737,-0.008298802814695066
17754,-1.2697417382545118,-0.008298802814695066
17755,-1.2697417382614236,-0.008298802814695066
17756,-1.2697417382624787,-0.008298802814695066
17757,-1.2697417382626004,-0.008298802814695066
17758,-1.269741738263866,-0.008298802814695066
17759,-1.2697417382657428,-0.008298802814695066
17760,-1.2697417382663834,-0.008298802814695066
17761,-1.2697417382664191,-0.008298802814695066
17762,-1.2697417382664513,-0.008298802814695066
17763,-1.269741738266808,-0.008298802814695066
17764,-1.2697417382682439,-0.008298802814695066
17765,-1.2697417382685057,-0.008298802814695066
17766,-1.2697417382728304,-0.008298802814695066
17767,-1.2697417382740783,-0.008298802814695066
17768,-1.2697417382741498,-0.008298802814695066
17769,-1.2697417382753198,-0.008298802814695066
17770,-1.2697417382787344,-0.008298802814695066
17771,-1.2697417382813765,-0.008298802814695066
17772,-1.2697417382815155,-0.008298802814695066
17773,-1.2697417382834246,-0.008298802814695066
17774,-1.2697417382838345,-0.008298802814695066
17775,-1.269741738283901,-0.008298802814695066
17776,-1.2697417382850698,-0.008298802814695066
17777,-1.2697417382952123,-0.008298802814695066
17778,-1.2697417382969496,-0.008298802814695066
17779,-1.2697417382976839,-0.008298802814695066
17780,-1.2697417382989773,-0.008298802814695066
17781,-1.2697417383024772,-0.008298802814695066
17782,-1.2697417383026095,-0.008298802814695066
17783,-1.2697417383027236,-0.008298802814695066
17784,-1.269741738303542,-0.008298802814695066
17785,-1.269741738303837,-0.008298802814695066
17786,-1.2697417383046994,-0.008298802814695066
17787,-1.2697417383049847,-0.008298802814695066
17788,-1.2697417383051857,-0.008298802814695066
17789,-1.2697417383079466,-0.008298802814695066
17790,-1.269741738308262,-0.008298802814695066
17791,-1.2697417383094414,-0.008298802814695066
17792,-1.2697417383099654,-0.008298802814695066
17793,-1.2697417383142702,-0.008298802814695066
17794,-1.2697417383142926,-0.008298802814695066
17795,-1.2697417383190215,-0.008298802814695066
17796,-1.2697417383192695,-0.008298802814695066
17797,-1.2697417383201874,-0.008298802814695066
17798,-1.2697417383204492,-0.008298802814695066
17799,-1.269741738323012,-0.008298802814695066
17800,-1.2697417383235163,-0.008298802814695066
17801,-1.269741738323788,-0.008298802814695066
17802,-1.26974173832404,-0.008298802814695066
17803,-1.2697417383268177,-0.008298802814695066
17804,-1.269741738327165,-0.008298802814695066
17805,-1.269741738329282,-0.008298802814695066
17806,-1.269741738329368,-0.008298802814695066
17807,-1.2697417383322307,-0.008298802814695066
17808,-1.2697417383371292,-0.008298802814695066
17809,-1.269741738339943,-0.008298802814695066
17810,-1.2697417383432235,-0.008298802814695066
17811,-1.2697417383445724,-0.008298802814695066
17812,-1.269741738346228,-0.008298802814695066
17813,-1.2697417383473804,-0.008298802814695066
17814,-1.2697417383485368,-0.008298802814695066
17815,-1.2697417383486762,-0.008298802814695066
17816,-1.2697417383497354,-0.008298802814695066
17817,-1.2697417383510445,-0.008298802814695066
17818,-1.2697417383515508,-0.008298802814695066
17819,-1.2697417383539413,-0.008298802814695066
17820,-1.2697417383573852,-0.008298802814695066
17821,-1.2697417383579408,-0.008298802814695066
17822,-1.2697417383587952,-0.008298802814695066
17823,-1.2697417383591907,-0.008298802814695066
17824,-1.2697417383644833,-0.008298802814695066
17825,-1.269741738367419,-0.008298802814695066
17826,-1.2697417383700174,-0.008298802814695066
17827,-1.2697417383755818,-0.008298802814695066
17828,-1.269741738382467,-0.008298802814695066
17829,-1.2697417383843081,-0.008298802814695066
17830,-1.2697417383881093,-0.008298802814695066
17831,-1.2697417383893805,-0.008298802814695066
17832,-1.2697417383939167,-0.008298802814695066
17833,-1.2697417383944933,-0.008298802814695066
17834,-1.2697417383955398,-0.008298802814695066
17835,-1.2697417383955978,-0.008298802814695066
17836,-1.2697417383962324,-0.008298802814695066
17837,-1.2697417383971397,-0.008298802814695066
17838,-1.2697417383992677,-0.008298802814695066
17839,-1.2697417383993006,-0.008298802814695066
17840,-1.2697417384030885,-0.008298802814695066
17841,-1.269741738405952,-0.008298802814695066
17842,-1.2697417384061351,-0.008298802814695066
17843,-1.2697417384088863,-0.008298802814695066
17844,-1.2697417384112617,-0.008298802814695066
17845,-1.2697417384115859,-0.008298802814695066
17846,-1.2697417384117875,-0.008298802814695066
17847,-1.2697417384129346,-0.008298802814695066
17848,-1.269741738413416,-0.008298802814695066
17849,-1.2697417384166323,-0.008298802814695066
17850,-1.2697417384166376,-0.008298802814695066
17851,-1.2697417384167013,-0.008298802814695066
17852,-1.2697417384186713,-0.008298802814695066
17853,-1.2697417384215872,-0.008298802814695066
17854,-1.2697417384227705,-0.008298802814695066
17855,-1.2697417384289402,-0.008298802814695066
17856,-1.269741738429172,-0.008298802814695066
17857,-1.2697417384304854,-0.008298802814695066
17858,-1.2697417384328327,-0.008298802814695066
17859,-1.2697417384350298,-0.008298802814695066
17860,-1.269741738436179,-0.008298802814695066
17861,-1.2697417384371756,-0.008298802814695066
17862,-1.2697417384389365,-0.008298802814695066
17863,-1.269741738440417,-0.008298802814695066
17864,-1.2697417384459617,-0.008298802814695066
17865,-1.2697417384479739,-0.008298802814695066
17866,-1.2697417384496195,-0.008298802814695066
17867,-1.2697417384529897,-0.008298802814695066
17868,-1.2697417384530214,-0.008298802814695066
17869,-1.26974173845346,-0.008298802814695066
17870,-1.2697417384548009,-0.008298802814695066
17871,-1.2697417384564038,-0.008298802814695066
17872,-1.2697417384564433,-0.008298802814695066
17873,-1.2697417384566165,-0.008298802814695066
17874,-1.2697417384582779,-0.008298802814695066
17875,-1.269741738458511,-0.008298802814695066
17876,-1.2697417384625296,-0.008298802814695066
17877,-1.26974173846317,-0.008298802814695066
17878,-1.2697417384663345,-0.008298802814695066
17879,-1.2697417384691427,-0.008298802814695066
17880,-1.269741738469211,-0.008298802814695066
17881,-1.2697417384692375,-0.008298802814695066
17882,-1.2697417384693224,-0.008298802814695066
17883,-1.269741738474624,-0.008298802814695066
17884,-1.2697417384747016,-0.008298802814695066
17885,-1.269741738477037,-0.008298802814695066
17886,-1.2697417384779652,-0.008298802814695066
17887,-1.2697417384794343,-0.008298802814695066
17888,-1.2697417384811396,-0.008298802814695066
17889,-1.2697417384816074,-0.008298802814695066
17890,-1.269741738483902,-0.008298802814695066
17891,-1.2697417384887468,-0.008298802814695066
17892,-1.2697417384910552,-0.008298802814695066
17893,-1.2697417384912615,-0.008298802814695066
17894,-1.2697417384916427,-0.008298802814695066
17895,-1.2697417384925822,-0.008298802814695066
17896,-1.2697417384943563,-0.008298802814695066
17897,-1.269741738494477,-0.008298802814695066
17898,-1.2697417384958276,-0.008298802814695066
17899,-1.2697417384970424,-0.008298802814695066
17900,-1.2697417384972847,-0.008298802814695066
17901,-1.269741738498705,-0.008298802814695066
17902,-1.2697417384989733,-0.008298802814695066
17903,-1.269741738499116,-0.008298802814695066
17904,-1.2697417385017287,-0.008298802814695066
17905,-1.269741738502064,-0.008298802814695066
17906,-1.269741738503277,-0.008298802814695066
17907,-1.2697417385042904,-0.008298802814695066
17908,-1.2697417385058323,-0.008298802814695066
17909,-1.2697417385067178,-0.008298802814695066
17910,-1.269741738510723,-0.008298802814695066
17911,-1.2697417385119179,-0.008298802814695066
17912,-1.2697417385128658,-0.008298802814695066
17913,-1.2697417385244423,-0.008298802814695066
17914,-1.2697417385266856,-0.008298802814695066
17915,-1.2697417385274326,-0.008298802814695066
17916,-1.2697417385280219,-0.008298802814695066
17917,-1.2697417385335705,-0.008298802814695066
17918,-1.2697417385339904,-0.008298802814695066
17919,-1.2697417385357364,-0.008298802814695066
17920,-1.2697417385365193,-0.008298802814695066
17921,-1.2697417385365901,-0.008298802814695066
17922,-1.2697417385367165,-0.008298802814695066
17923,-1.2697417385367262,-0.008298802814695066
17924,-1.2697417385396828,-0.008298802814695066
17925,-1.2697417385406926,-0.008298802814695066
17926,-1.2697417385410326,-0.008298802814695066
17927,-1.2697417385419598,-0.008298802814695066
17928,-1.2697417385422078,-0.008298802814695066
17929,-1.2697417385428158,-0.008298802814695066
17930,-1.2697417385448122,-0.008298802814695066
17931,-1.269741738545183,-0.008298802814695066
17932,-1.2697417385465006,-0.008298802814695066
17933,-1.269741738547872,-0.008298802814695066
17934,-1.26974173854867,-0.008298802814695066
17935,-1.269741738550538,-0.008298802814695066
17936,-1.2697417385524008,-0.008298802814695066
17937,-1.269741738552538,-0.008298802814695066
17938,-1.2697417385549032,-0.008298802814695066
17939,-1.2697417385556526,-0.008298802814695066
17940,-1.2697417385578782,-0.008298802814695066
17941,-1.2697417385581633,-0.008298802814695066
17942,-1.2697417385584946,-0.008298802814695066
17943,-1.2697417385588334,-0.008298802814695066
17944,-1.2697417385591807,-0.008298802814695066
17945,-1.2697417385646237,-0.008298802814695066
17946,-1.2697417385667777,-0.008298802814695066
17947,-1.2697417385669616,-0.008298802814695066
17948,-1.269741738569549,-0.008298802814695066
17949,-1.269741738572269,-0.008298802814695066
17950,-1.2697417385724603,-0.008298802814695066
17951,-1.269741738573221,-0.008298802814695066
17952,-1.2697417385740304,-0.008298802814695066
17953,-1.269741738574802,-0.008298802814695066
17954,-1.269741738580304,-0.008298802814695066
17955,-1.269741738580357,-0.008298802814695066
17956,-1.2697417385815863,-0.008298802814695066
17957,-1.269741738582512,-0.008298802814695066
17958,-1.269741738583914,-0.008298802814695066
17959,-1.2697417385851004,-0.008298802814695066
17960,-1.2697417385871401,-0.008298802814695066
17961,-1.2697417385905325,-0.008298802814695066
17962,-1.2697417385933532,-0.008298802814695066
17963,-1.2697417385974943,-0.008298802814695066
17964,-1.2697417385975847,-0.008298802814695066
17965,-1.2697417385988028,-0.008298802814695066
17966,-1.2697417385990744,-0.008298802814695066
17967,-1.269741738600103,-0.008298802814695066
17968,-1.2697417386005911,-0.008298802814695066
17969,-1.269741738604787,-0.008298802814695066
17970,-1.2697417386049674,-0.008298802814695066
17971,-1.26974173860689,-0.008298802814695066
17972,-1.2697417386082408,-0.008298802814695066
17973,-1.2697417386087377,-0.008298802814695066
17974,-1.269741738609172,-0.008298802814695066
17975,-1.269741738609865,-0.008298802814695066
17976,-1.2697417386107257,-0.008298802814695066
17977,-1.269741738611914,-0.008298802814695066
17978,-1.2697417386134087,-0.008298802814695066
17979,-1.2697417386146588,-0.008298802814695066
17980,-1.2697417386157015,-0.008298802814695066
17981,-1.269741738616937,-0.008298802814695066
17982,-1.2697417386169483,-0.008298802814695066
17983,-1.2697417386171788,-0.008298802814695066
17984,-1.2697417386173886,-0.008298802814695066
17985,-1.2697417386183456,-0.008298802814695066
17986,-1.2697417386188132,-0.008298802814695066
17987,-1.269741738619988,-0.008298802814695066
17988,-1.2697417386208398,-0.008298802814695066
17989,-1.2697417386215217,-0.008298802814695066
17990,-1.2697417386222782,-0.008298802814695066
17991,-1.2697417386224412,-0.008298802814695066
17992,-1.2697417386254966,-0.008298802814695066
17993,-1.2697417386258043,-0.008298802814695066
17994,-1.2697417386303724,-0.008298802814695066
17995,-1.2697417386304308,-0.008298802814695066
17996,-1.2697417386320191,-0.008298802814695066
17997,-1.269741738634616,-0.008298802814695066
17998,-1.269741738637713,-0.008298802814695066
17999,-1.2697417386385297,-0.008298802814695066
18000,-1.2697417386388603,-0.008298802814695066
18001,-1.2697417386403393,-0.008298802814695066
18002,-1.26974173864054,-0.008298802814695066
18003,-1.2697417386422845,-0.008298802814695066
18004,-1.2697417386471521,-0.008298802814695066
18005,-1.2697417386530965,-0.008298802814695066
18006,-1.2697417386533785,-0.008298802814695066
18007,-1.2697417386534977,-0.008298802814695066
18008,-1.2697417386548207,-0.008298802814695066
18009,-1.2697417386551775,-0.008298802814695066
18010,-1.2697417386556462,-0.008298802814695066
18011,-1.26974173865581,-0.008298802814695066
18012,-1.269741738656685,-0.008298802814695066
18013,-1.2697417386606986,-0.008298802814695066
18014,-1.2697417386627816,-0.008298802814695066
18015,-1.2697417386640226,-0.008298802814695066
18016,-1.269741738664364,-0.008298802814695066
18017,-1.2697417386648657,-0.008298802814695066
18018,-1.2697417386649228,-0.008298802814695066
18019,-1.2697417386650134,-0.008298802814695066
18020,-1.269741738665443,-0.008298802814695066
18021,-1.2697417386657972,-0.008298802814695066
18022,-1.269741738665811,-0.008298802814695066
18023,-1.2697417386671432,-0.008298802814695066
18024,-1.269741738668584,-0.008298802814695066
18025,-1.269741738669467,-0.008298802814695066
18026,-1.269741738669809,-0.008298802814695066
18027,-1.2697417386756755,-0.008298802814695066
18028,-1.2697417386787648,-0.008298802814695066
18029,-1.2697417386793104,-0.008298802814695066
18030,-1.269741738680837,-0.008298802814695066
18031,-1.2697417386847045,-0.008298802814695066
18032,-1.2697417386853571,-0.008298802814695066
18033,-1.2697417386861964,-0.008298802814695066
18034,-1.2697417386871528,-0.008298802814695066
18035,-1.2697417386884944,-0.008298802814695066
18036,-1.2697417386916485,-0.008298802814695066
18037,-1.2697417386921668,-0.008298802814695066
18038,-1.2697417386926018,-0.008298802814695066
18039,-1.2697417386940315,-0.008298802814695066
18040,-1.2697417386949033,-0.008298802814695066
18041,-1.2697417386960415,-0.008298802814695066
18042,-1.2697417386963152,-0.008298802814695066
18043,-1.2697417386979775,-0.008298802814695066
18044,-1.2697417387015912,-0.008298802814695066
18045,-1.269741738707332,-0.008298802814695066
18046,-1.2697417387108003,-0.008298802814695066
18047,-1.2697417387115113,-0.008298802814695066
18048,-1.269741738711945,-0.008298802814695066
18049,-1.2697417387141219,-0.008298802814695066
18050,-1.269741738716752,-0.008298802814695066
18051,-1.2697417387169085,-0.008298802814695066
18052,-1.2697417387170558,-0.008298802814695066
18053,-1.2697417387172991,-0.008298802814695066
18054,-1.269741738718815,-0.008298802814695066
18055,-1.2697417387192842,-0.008298802814695066
18056,-1.2697417387212158,-0.008298802814695066
18057,-1.269741738721632,-0.008298802814695066
18058,-1.2697417387220151,-0.008298802814695066
18059,-1.2697417387240768,-0.008298802814695066
18060,-1.269741738724673,-0.008298802814695066
18061,-1.2697417387249181,-0.008298802814695066
18062,-1.2697417387282117,-0.008298802814695066
18063,-1.269741738728886,-0.008298802814695066
18064,-1.2697417387300498,-0.008298802814695066
18065,-1.2697417387300813,-0.008298802814695066
18066,-1.269741738730382,-0.008298802814695066
18067,-1.2697417387322398,-0.008298802814695066
18068,-1.2697417387325145,-0.008298802814695066
18069,-1.2697417387325314,-0.008298802814695066
18070,-1.2697417387326584,-0.008298802814695066
18071,-1.2697417387334053,-0.008298802814695066
18072,-1.2697417387338805,-0.008298802814695066
18073,-1.269741738733921,-0.008298802814695066
18074,-1.2697417387344894,-0.008298802814695066
18075,-1.2697417387358407,-0.008298802814695066
18076,-1.2697417387373577,-0.008298802814695066
18077,-1.2697417387398218,-0.008298802814695066
18078,-1.2697417387401122,-0.008298802814695066
18079,-1.2697417387401755,-0.008298802814695066
18080,-1.2697417387417407,-0.008298802814695066
18081,-1.2697417387427308,-0.008298802814695066
18082,-1.2697417387428085,-0.008298802814695066
18083,-1.2697417387448318,-0.008298802814695066
18084,-1.269741738745443,-0.008298802814695066
18085,-1.2697417387472394,-0.008298802814695066
18086,-1.2697417387488579,-0.008298802814695066
18087,-1.2697417387508245,-0.008298802814695066
18088,-1.269741738752353,-0.008298802814695066
18089,-1.2697417387569487,-0.008298802814695066
18090,-1.269741738758038,-0.008298802814695066
18091,-1.2697417387583947,-0.008298802814695066
18092,-1.2697417387614158,-0.008298802814695066
18093,-1.2697417387618697,-0.008298802814695066
18094,-1.2697417387653744,-0.008298802814695066
18095,-1.2697417387659877,-0.008298802814695066
18096,-1.2697417387679915,-0.008298802814695066
18097,-1.2697417387697996,-0.008298802814695066
18098,-1.2697417387699637,-0.008298802814695066
18099,-1.2697417387699794,-0.008298802814695066
18100,-1.269741738770902,-0.008298802814695066
18101,-1.2697417387710954,-0.008298802814695066
18102,-1.2697417387711254,-0.008298802814695066
18103,-1.2697417387725642,-0.008298802814695066
18104,-1.2697417387738354,-0.008298802814695066
18105,-1.269741738775108,-0.008298802814695066
18106,-1.2697417387764993,-0.008298802814695066
18107,-1.2697417387795742,-0.008298802814695066
18108,-1.2697417387800065,-0.008298802814695066
18109,-1.2697417387817316,-0.008298802814695066
18110,-1.2697417387824106,-0.008298802814695066
18111,-1.2697417387829235,-0.008298802814695066
18112,-1.269741738783038,-0.008298802814695066
18113,-1.2697417387858139,-0.008298802814695066
18114,-1.269741738787499,-0.008298802814695066
18115,-1.2697417387875964,-0.008298802814695066
18116,-1.2697417387885468,-0.008298802814695066
18117,-1.2697417387887144,-0.008298802814695066
18118,-1.2697417387891023,-0.008298802814695066
18119,-1.2697417387891505,-0.008298802814695066
18120,-1.2697417387902539,-0.008298802814695066
18121,-1.2697417387912286,-0.008298802814695066
18122,-1.2697417387914207,-0.008298802814695066
18123,-1.2697417387932322,-0.008298802814695066
18124,-1.2697417387952388,-0.008298802814695066
18125,-1.2697417387956085,-0.008298802814695066
18126,-1.269741738797625,-0.008298802814695066
18127,-1.2697417388006564,-0.008298802814695066
18128,-1.269741738801192,-0.008298802814695066
18129,-1.269741738802757,-0.008298802814695066
18130,-1.269741738804052,-0.008298802814695066
18131,-1.269741738804695,-0.008298802814695066
18132,-1.2697417388061143,-0.008298802814695066
18133,-1.269741738806475,-0.008298802814695066
18134,-1.2697417388079544,-0.008298802814695066
18135,-1.2697417388081544,-0.008298802814695066
18136,-1.2697417388085583,-0.008298802814695066
18137,-1.2697417388092869,-0.008298802814695066
18138,-1.2697417388106869,-0.008298802814695066
18139,-1.2697417388125645,-0.008298802814695066
18140,-1.2697417388152976,-0.008298802814695066
18141,-1.2697417388166379,-0.008298802814695066
18142,-1.2697417388169492,-0.008298802814695066
18143,-1.2697417388184369,-0.008298802814695066
18144,-1.2697417388209167,-0.008298802814695066
18145,-1.269741738821326,-0.008298802814695066
18146,-1.2697417388226568,-0.008298802814695066
18147,-1.269741738824234,-0.008298802814695066
18148,-1.2697417388242578,-0.008298802814695066
18149,-1.2697417388246026,-0.008298802814695066
18150,-1.269741738825744,-0.008298802814695066
18151,-1.2697417388264358,-0.008298802814695066
18152,-1.2697417388281118,-0.008298802814695066
18153,-1.2697417388291727,-0.008298802814695066
18154,-1.2697417388298744,-0.008298802814695066
18155,-1.2697417388299077,-0.008298802814695066
18156,-1.2697417388303054,-0.008298802814695066
18157,-1.2697417388310308,-0.008298802814695066
18158,-1.2697417388325158,-0.008298802814695066
18159,-1.2697417388329355,-0.008298802814695066
18160,-1.2697417388341092,-0.008298802814695066
18161,-1.2697417388354906,-0.008298802814695066
18162,-1.2697417388359977,-0.008298802814695066
18163,-1.2697417388364838,-0.008298802814695066
18164,-1.2697417388375976,-0.008298802814695066
18165,-1.2697417388385144,-0.008298802814695066
18166,-1.2697417388387078,-0.008298802814695066
18167,-1.2697417388389194,-0.008298802814695066
18168,-1.269741738839205,-0.008298802814695066
18169,-1.2697417388409908,-0.008298802814695066
18170,-1.2697417388420353,-0.008298802814695066
18171,-1.2697417388437235,-0.008298802814695066
18172,-1.2697417388441359,-0.008298802814695066
18173,-1.2697417388459933,-0.008298802814695066
18174,-1.2697417388469507,-0.008298802814695066
18175,-1.2697417388470877,-0.008298802814695066
18176,-1.2697417388497876,-0.008298802814695066
18177,-1.2697417388498558,-0.008298802814695066
18178,-1.2697417388509158,-0.008298802814695066
18179,-1.2697417388521237,-0.008298802814695066
18180,-1.269741738852901,-0.008298802814695066
18181,-1.2697417388529268,-0.008298802814695066
18182,-1.2697417388532755,-0.008298802814695066
18183,-1.2697417388541992,-0.008298802814695066
18184,-1.2697417388544205,-0.008298802814695066
18185,-1.2697417388545853,-0.008298802814695066
18186,-1.2697417388549144,-0.008298802814695066
18187,-1.2697417388554242,-0.008298802814695066
18188,-1.2697417388557704,-0.008298802814695066
18189,-1.2697417388563144,-0.008298802814695066
18190,-1.269741738857337,-0.008298802814695066
18191,-1.2697417388586598,-0.008298802814695066
18192,-1.269741738861397,-0.008298802814695066
18193,-1.269741738861717,-0.008298802814695066
18194,-1.2697417388629932,-0.008298802814695066
18195,-1.2697417388634085,-0.008298802814695066
18196,-1.2697417388640104,-0.008298802814695066
18197,-1.2697417388647199,-0.008298802814695066
18198,-1.2697417388664254,-0.008298802814695066
18199,-1.2697417388672285,-0.008298802814695066
18200,-1.2697417388686247,-0.008298802814695066
18201,-1.2697417388690333,-0.008298802814695066
18202,-1.2697417388696457,-0.008298802814695066
18203,-1.2697417388701,-0.008298802814695066
18204,-1.2697417388704553,-0.008298802814695066
18205,-1.2697417388719783,-0.008298802814695066
18206,-1.2697417388733734,-0.008298802814695066
18207,-1.2697417388737595,-0.008298802814695066
18208,-1.2697417388752146,-0.008298802814695066
18209,-1.2697417388755152,-0.008298802814695066
18210,-1.2697417388766812,-0.008298802814695066
18211,-1.2697417388775107,-0.008298802814695066
18212,-1.2697417388786987,-0.008298802814695066
18213,-1.2697417388791743,-0.008298802814695066
18214,-1.2697417388801973,-0.008298802814695066
18215,-1.2697417388806185,-0.008298802814695066
18216,-1.2697417388808425,-0.008298802814695066
18217,-1.2697417388817742,-0.008298802814695066
18218,-1.2697417388820469,-0.008298802814695066
18219,-1.2697417388822405,-0.008298802814695066
18220,-1.2697417388828462,-0.008298802814695066
18221,-1.2697417388830663,-0.008298802814695066
18222,-1.2697417388830834,-0.008298802814695066
18223,-1.2697417388834156,-0.008298802814695066
18224,-1.2697417388850714,-0.008298802814695066
18225,-1.2697417388850925,-0.008298802814695066
18226,-1.2697417388862136,-0.008298802814695066
18227,-1.269741738886545,-0.008298802814695066
18228,-1.2697417388865524,-0.008298802814695066
18229,-1.269741738888242,-0.008298802814695066
18230,-1.2697417388886938,-0.008298802814695066
18231,-1.2697417388887788,-0.008298802814695066
18232,-1.2697417388891177,-0.008298802814695066
18233,-1.2697417388896373,-0.008298802814695066
18234,-1.2697417388917471,-0.008298802814695066
18235,-1.2697417388941257,-0.008298802814695066
18236,-1.2697417388942316,-0.008298802814695066
18237,-1.2697417388942747,-0.008298802814695066
18238,-1.2697417388946413,-0.008298802814695066
18239,-1.2697417388950076,-0.008298802814695066
18240,-1.269741738895131,-0.008298802814695066
18241,-1.2697417388966907,-0.008298802814695066
18242,-1.269741738897199,-0.008298802814695066
18243,-1.2697417388978882,-0.008298802814695066
18244,-1.2697417388980294,-0.008298802814695066
18245,-1.2697417388984327,-0.008298802814695066
18246,-1.2697417388988714,-0.008298802814695066
18247,-1.269741738901046,-0.008298802814695066
18248,-1.269741738901161,-0.008298802814695066
18249,-1.2697417389020713,-0.008298802814695066
18250,-1.2697417389021388,-0.008298802814695066
18251,-1.2697417389022179,-0.008298802814695066
18252,-1.2697417389037398,-0.008298802814695066
18253,-1.269741738907211,-0.008298802814695066
18254,-1.2697417389116628,-0.008298802814695066
18255,-1.269741738913173,-0.008298802814695066
18256,-1.2697417389135564,-0.008298802814695066
18257,-1.2697417389136736,-0.008298802814695066
18258,-1.2697417389150956,-0.008298802814695066
18259,-1.2697417389161523,-0.008298802814695066
18260,-1.2697417389167516,-0.008298802814695066
18261,-1.2697417389173364,-0.008298802814695066
18262,-1.2697417389182168,-0.008298802814695066
18263,-1.2697417389183496,-0.008298802814695066
18264,-1.2697417389192696,-0.008298802814695066
18265,-1.269741738919437,-0.008298802814695066
18266,-1.2697417389196504,-0.008298802814695066
18267,-1.269741738920543,-0.008298802814695066
18268,-1.2697417389205736,-0.008298802814695066
18269,-1.2697417389214096,-0.008298802814695066
18270,-1.2697417389220087,-0.008298802814695066
18271,-1.2697417389222052,-0.008298802814695066
18272,-1.2697417389241783,-0.008298802814695066
18273,-1.2697417389256895,-0.008298802814695066
18274,-1.2697417389260797,-0.008298802814695066
18275,-1.2697417389274446,-0.008298802814695066
18276,-1.2697417389279524,-0.008298802814695066
18277,-1.2697417389285652,-0.008298802814695066
18278,-1.2697417389295362,-0.008298802814695066
18279,-1.2697417389296743,-0.008298802814695066
18280,-1.2697417389306604,-0.008298802814695066
18281,-1.2697417389311643,-0.008298802814695066
18282,-1.269741738931186,-0.008298802814695066
18283,-1.2697417389335839,-0.008298802814695066
18284,-1.2697417389341572,-0.008298802814695066
18285,-1.2697417389343373,-0.008298802814695066
18286,-1.2697417389364656,-0.008298802814695066
18287,-1.2697417389366665,-0.008298802814695066
18288,-1.2697417389373744,-0.008298802814695066
18289,-1.269741738940491,-0.008298802814695066
18290,-1.269741738940593,-0.008298802814695066
18291,-1.2697417389408532,-0.008298802814695066
18292,-1.269741738941137,-0.008298802814695066
18293,-1.2697417389417327,-0.008298802814695066
18294,-1.2697417389419385,-0.008298802814695066
18295,-1.269741738944541,-0.008298802814695066
18296,-1.2697417389470345,-0.008298802814695066
18297,-1.2697417389471766,-0.008298802814695066
18298,-1.2697417389481942,-0.008298802814695066
18299,-1.2697417389483419,-0.008298802814695066
18300,-1.2697417389488543,-0.008298802814695066
18301,-1.2697417389511585,-0.008298802814695066
18302,-1.2697417389515304,-0.008298802814695066
18303,-1.269741738952317,-0.008298802814695066
18304,-1.2697417389531864,-0.008298802814695066
18305,-1.2697417389536598,-0.008298802814695066
18306,-1.269741738954386,-0.008298802814695066
18307,-1.2697417389549392,-0.008298802814695066
18308,-1.2697417389556032,-0.008298802814695066
18309,-1.2697417389557875,-0.008298802814695066
18310,-1.269741738956208,-0.008298802814695066
18311,-1.269741738957102,-0.008298802814695066
18312,-1.2697417389585337,-0.008298802814695066
18313,-1.2697417389589,-0.008298802814695066
18314,-1.2697417389597705,-0.008298802814695066
18315,-1.269741738959871,-0.008298802814695066
18316,-1.269741738960723,-0.008298802814695066
18317,-1.2697417389607328,-0.008298802814695066
18318,-1.2697417389610905,-0.008298802814695066
18319,-1.2697417389617578,-0.008298802814695066
18320,-1.2697417389628698,-0.008298802814695066
18321,-1.2697417389643801,-0.008298802814695066
18322,-1.2697417389651762,-0.008298802814695066
18323,-1.26974173896576,-0.008298802814695066
18324,-1.2697417389667571,-0.008298802814695066
18325,-1.2697417389669594,-0.008298802814695066
18326,-1.2697417389673167,-0.008298802814695066
18327,-1.2697417389686527,-0.008298802814695066
18328,-1.2697417389687218,-0.008298802814695066
18329,-1.269741738969036,-0.008298802814695066
18330,-1.2697417389692096,-0.008298802814695066
18331,-1.269741738970614,-0.008298802814695066
18332,-1.269741738970635,-0.008298802814695066
18333,-1.2697417389708543,-0.008298802814695066
18334,-1.2697417389713892,-0.008298802814695066
18335,-1.2697417389722312,-0.008298802814695066
18336,-1.2697417389724865,-0.008298802814695066
18337,-1.2697417389745727,-0.008298802814695066
18338,-1.26974173897672,-0.008298802814695066
18339,-1.2697417389773384,-0.008298802814695066
18340,-1.2697417389780896,-0.008298802814695066
18341,-1.2697417389787167,-0.008298802814695066
18342,-1.2697417389809824,-0.008298802814695066
18343,-1.2697417389814245,-0.008298802814695066
18344,-1.2697417389816823,-0.008298802814695066
18345,-1.269741738981843,-0.008298802814695066
18346,-1.2697417389818906,-0.008298802814695066
18347,-1.269741738982011,-0.008298802814695066
18348,-1.2697417389823433,-0.008298802814695066
18349,-1.2697417389832746,-0.008298802814695066
18350,-1.2697417389834333,-0.008298802814695066
18351,-1.2697417389845096,-0.008298802814695066
18352,-1.2697417389851666,-0.008298802814695066
18353,-1.2697417389862233,-0.008298802814695066
18354,-1.2697417389866417,-0.008298802814695066
18355,-1.2697417389868835,-0.008298802814695066
18356,-1.2697417389872472,-0.008298802814695066
18357,-1.2697417389879535,-0.008298802814695066
18358,-1.2697417389903565,-0.008298802814695066
18359,-1.2697417389912644,-0.008298802814695066
18360,-1.2697417389914722,-0.008298802814695066
18361,-1.2697417389929888,-0.008298802814695066
18362,-1.2697417389934307,-0.008298802814695066
18363,-1.2697417389945709,-0.008298802814695066
18364,-1.2697417389955221,-0.008298802814695066
18365,-1.2697417389959107,-0.008298802814695066
18366,-1.2697417389959387,-0.008298802814695066
18367,-1.2697417389961911,-0.008298802814695066
18368,-1.2697417389965353,-0.008298802814695066
18369,-1.2697417389969101,-0.008298802814695066
18370,-1.269741738997598,-0.008298802814695066
18371,-1.269741738997697,-0.008298802814695066
18372,-1.269741738998985,-0.008298802814695066
18373,-1.2697417389993118,-0.008298802814695066
18374,-1.2697417389999812,-0.008298802814695066
18375,-1.2697417390016776,-0.008298802814695066
18376,-1.2697417390021961,-0.008298802814695066
18377,-1.2697417390037566,-0.008298802814695066
18378,-1.2697417390053025,-0.008298802814695066
18379,-1.2697417390068753,-0.008298802814695066
18380,-1.2697417390075965,-0.008298802814695066
18381,-1.269741739007629,-0.008298802814695066
18382,-1.269741739007762,-0.008298802814695066
18383,-1.2697417390086194,-0.008298802814695066
18384,-1.2697417390092505,-0.008298802814695066
18385,-1.26974173900936,-0.008298802814695066
18386,-1.2697417390095223,-0.008298802814695066
18387,-1.26974173901128,-0.008298802814695066
18388,-1.269741739012584,-0.008298802814695066
18389,-1.2697417390139791,-0.008298802814695066
18390,-1.269741739014286,-0.008298802814695066
18391,-1.2697417390144576,-0.008298802814695066
18392,-1.2697417390151087,-0.008298802814695066
18393,-1.2697417390152814,-0.008298802814695066
18394,-1.2697417390169154,-0.008298802814695066
18395,-1.2697417390172743,-0.008298802814695066
18396,-1.2697417390174817,-0.008298802814695066
18397,-1.2697417390183667,-0.008298802814695066
18398,-1.2697417390184373,-0.008298802814695066
18399,-1.2697417390194394,-0.008298802814695066
18400,-1.2697417390216323,-0.008298802814695066
18401,-1.2697417390223222,-0.008298802814695066
18402,-1.26974173902322,-0.008298802814695066
18403,-1.269741739023834,-0.008298802814695066
18404,-1.2697417390242156,-0.008298802814695066
18405,-1.2697417390245433,-0.008298802814695066
18406,-1.2697417390261878,-0.008298802814695066
18407,-1.2697417390261894,-0.008298802814695066
18408,-1.2697417390277494,-0.008298802814695066
18409,-1.2697417390277757,-0.008298802814695066
18410,-1.269741739028651,-0.008298802814695066
18411,-1.2697417390287897,-0.008298802814695066
18412,-1.269741739028949,-0.008298802814695066
18413,-1.2697417390292502,-0.008298802814695066
18414,-1.2697417390293637,-0.008298802814695066
18415,-1.269741739029824,-0.008298802814695066
18416,-1.2697417390303358,-0.008298802814695066
18417,-1.269741739030549,-0.008298802814695066
18418,-1.2697417390311108,-0.008298802814695066
18419,-1.269741739031118,-0.008298802814695066
18420,-1.269741739031866,-0.008298802814695066
18421,-1.2697417390326846,-0.008298802814695066
18422,-1.269741739033519,-0.008298802814695066
18423,-1.2697417390338916,-0.008298802814695066
18424,-1.2697417390356143,-0.008298802814695066
18425,-1.269741739036803,-0.008298802814695066
18426,-1.2697417390378032,-0.008298802814695066
18427,-1.269741739038122,-0.008298802814695066
18428,-1.2697417390383148,-0.008298802814695066
18429,-1.2697417390393986,-0.008298802814695066
18430,-1.2697417390394619,-0.008298802814695066
18431,-1.2697417390401873,-0.008298802814695066
18432,-1.2697417390404266,-0.008298802814695066
18433,-1.2697417390405223,-0.008298802814695066
18434,-1.2697417390407373,-0.008298802814695066
18435,-1.2697417390415315,-0.008298802814695066
18436,-1.269741739041648,-0.008298802814695066
18437,-1.26974173904228,-0.008298802814695066
18438,-1.2697417390429455,-0.008298802814695066
18439,-1.2697417390437733,-0.008298802814695066
18440,-1.2697417390450174,-0.008298802814695066
18441,-1.2697417390458732,-0.008298802814695066
18442,-1.2697417390460477,-0.008298802814695066
18443,-1.269741739046677,-0.008298802814695066
18444,-1.269741739047922,-0.008298802814695066
18445,-1.269741739048416,-0.008298802814695066
18446,-1.2697417390498167,-0.008298802814695066
18447,-1.2697417390500116,-0.008298802814695066
18448,-1.269741739051015,-0.008298802814695066
18449,-1.2697417390521741,-0.008298802814695066
18450,-1.2697417390528316,-0.008298802814695066
18451,-1.269741739053582,-0.008298802814695066
18452,-1.2697417390536998,-0.008298802814695066
18453,-1.2697417390552814,-0.008298802814695066
18454,-1.2697417390555368,-0.008298802814695066
18455,-1.2697417390589931,-0.008298802814695066
18456,-1.2697417390599868,-0.008298802814695066
18457,-1.2697417390610122,-0.008298802814695066
18458,-1.2697417390624062,-0.008298802814695066
18459,-1.269741739062471,-0.008298802814695066
18460,-1.2697417390629677,-0.008298802814695066
18461,-1.2697417390636567,-0.008298802814695066
18462,-1.2697417390639252,-0.008298802814695066
18463,-1.2697417390644166,-0.008298802814695066
18464,-1.2697417390650347,-0.008298802814695066
18465,-1.2697417390653571,-0.008298802814695066
18466,-1.269741739065375,-0.008298802814695066
18467,-1.2697417390657069,-0.008298802814695066
18468,-1.2697417390657972,-0.008298802814695066
18469,-1.2697417390671828,-0.008298802814695066
18470,-1.2697417390673258,-0.008298802814695066
18471,-1.2697417390677306,-0.008298802814695066
18472,-1.2697417390684294,-0.008298802814695066
18473,-1.2697417390684802,-0.008298802814695066
18474,-1.2697417390691466,-0.008298802814695066
18475,-1.269741739069362,-0.008298802814695066
18476,-1.2697417390694323,-0.008298802814695066
18477,-1.2697417390697163,-0.008298802814695066
18478,-1.2697417390698855,-0.008298802814695066
18479,-1.269741739069912,-0.008298802814695066
18480,-1.2697417390707897,-0.008298802814695066
18481,-1.269741739071694,-0.008298802814695066
18482,-1.2697417390725465,-0.008298802814695066
18483,-1.2697417390737593,-0.008298802814695066
18484,-1.26974173907442,-0.008298802814695066
18485,-1.2697417390756993,-0.008298802814695066
18486,-1.2697417390764951,-0.008298802814695066
18487,-1.2697417390768322,-0.008298802814695066
18488,-1.2697417390782297,-0.008298802814695066
18489,-1.2697417390788455,-0.008298802814695066
18490,-1.269741739079719,-0.008298802814695066
18491,-1.2697417390798376,-0.008298802814695066
18492,-1.269741739079942,-0.008298802814695066
18493,-1.2697417390806551,-0.008298802814695066
18494,-1.269741739081546,-0.008298802814695066
18495,-1.2697417390817083,-0.008298802814695066
18496,-1.269741739081833,-0.008298802814695066
18497,-1.2697417390819465,-0.008298802814695066
18498,-1.2697417390823245,-0.008298802814695066
18499,-1.2697417390824133,-0.008298802814695066
18500,-1.269741739085842,-0.008298802814695066
18501,-1.269741739086471,-0.008298802814695066
18502,-1.269741739086664,-0.008298802814695066
18503,-1.2697417390868346,-0.008298802814695066
18504,-1.269741739087082,-0.008298802814695066
18505,-1.2697417390872454,-0.008298802814695066
18506,-1.2697417390874983,-0.008298802814695066
18507,-1.2697417390881613,-0.008298802814695066
18508,-1.2697417390917844,-0.008298802814695066
18509,-1.2697417390919576,-0.008298802814695066
18510,-1.269741739092539,-0.008298802814695066
18511,-1.269741739093259,-0.008298802814695066
18512,-1.26974173909441,-0.008298802814695066
18513,-1.2697417390947578,-0.008298802814695066
18514,-1.2697417390950063,-0.008298802814695066
18515,-1.2697417390956265,-0.008298802814695066
18516,-1.2697417390963754,-0.008298802814695066
18517,-1.2697417390964056,-0.008298802814695066
18518,-1.2697417390965309,-0.008298802814695066
18519,-1.2697417390970192,-0.008298802814695066
18520,-1.2697417390972747,-0.008298802814695066
18521,-1.269741739097346,-0.008298802814695066
18522,-1.2697417391008303,-0.008298802814695066
18523,-1.2697417391012968,-0.008298802814695066
18524,-1.2697417391019823,-0.008298802814695066
18525,-1.2697417391023298,-0.008298802814695066
18526,-1.2697417391031927,-0.008298802814695066
18527,-1.269741739103384,-0.008298802814695066
18528,-1.2697417391036914,-0.008298802814695066
18529,-1.2697417391037762,-0.008298802814695066
18530,-1.26974173910424,-0.008298802814695066
18531,-1.269741739104485,-0.008298802814695066
18532,-1.2697417391047319,-0.008298802814695066
18533,-1.2697417391056993,-0.008298802814695066
18534,-1.2697417391067503,-0.008298802814695066
18535,-1.2697417391069226,-0.008298802814695066
18536,-1.2697417391070347,-0.008298802814695066
18537,-1.2697417391073276,-0.008298802814695066
18538,-1.2697417391074703,-0.008298802814695066
18539,-1.2697417391081418,-0.008298802814695066
18540,-1.2697417391091945,-0.008298802814695066
18541,-1.2697417391092296,-0.008298802814695066
18542,-1.2697417391098307,-0.008298802814695066
18543,-1.2697417391098909,-0.008298802814695066
18544,-1.2697417391099388,-0.008298802814695066
18545,-1.269741739110017,-0.008298802814695066
18546,-1.2697417391101815,-0.008298802814695066
18547,-1.2697417391110646,-0.008298802814695066
18548,-1.2697417391115275,-0.008298802814695066
18549,-1.2697417391124304,-0.008298802814695066
18550,-1.269741739113704,-0.008298802814695066
18551,-1.269741739115017,-0.008298802814695066
18552,-1.2697417391160333,-0.008298802814695066
18553,-1.269741739117087,-0.008298802814695066
18554,-1.269741739117851,-0.008298802814695066
18555,-1.2697417391179213,-0.008298802814695066
18556,-1.2697417391201946,-0.008298802814695066
18557,-1.269741739120259,-0.008298802814695066
18558,-1.2697417391212116,-0.008298802814695066
18559,-1.269741739121677,-0.008298802814695066
18560,-1.2697417391236019,-0.008298802814695066
18561,-1.2697417391237895,-0.008298802814695066
18562,-1.2697417391247405,-0.008298802814695066
18563,-1.2697417391258794,-0.008298802814695066
18564,-1.2697417391259296,-0.008298802814695066
18565,-1.2697417391259662,-0.008298802814695066
18566,-1.2697417391263583,-0.008298802814695066
18567,-1.2697417391266719,-0.008298802814695066
18568,-1.2697417391269818,-0.008298802814695066
18569,-1.2697417391279269,-0.008298802814695066
18570,-1.2697417391283201,-0.008298802814695066
18571,-1.2697417391284742,-0.008298802814695066
18572,-1.2697417391286647,-0.008298802814695066
18573,-1.2697417391298438,-0.008298802814695066
18574,-1.2697417391299826,-0.008298802814695066
18575,-1.2697417391304269,-0.008298802814695066
18576,-1.2697417391306887,-0.008298802814695066
18577,-1.2697417391315784,-0.008298802814695066
18578,-1.2697417391324979,-0.008298802814695066
18579,-1.269741739133319,-0.008298802814695066
18580,-1.2697417391333419,-0.008298802814695066
18581,-1.2697417391336687,-0.008298802814695066
18582,-1.2697417391340262,-0.008298802814695066
18583,-1.2697417391341315,-0.008298802814695066
18584,-1.2697417391354833,-0.008298802814695066
18585,-1.2697417391356893,-0.008298802814695066
18586,-1.2697417391359007,-0.008298802814695066
18587,-1.2697417391359522,-0.008298802814695066
18588,-1.2697417391360994,-0.008298802814695066
18589,-1.2697417391363157,-0.008298802814695066
18590,-1.2697417391366586,-0.008298802814695066
18591,-1.2697417391369734,-0.008298802814695066
18592,-1.2697417391369963,-0.008298802814695066
18593,-1.2697417391382304,-0.008298802814695066
18594,-1.2697417391391783,-0.008298802814695066
18595,-1.2697417391401769,-0.008298802814695066
18596,-1.269741739140669,-0.008298802814695066
18597,-1.2697417391425179,-0.008298802814695066
18598,-1.269741739143225,-0.008298802814695066
18599,-1.269741739144507,-0.008298802814695066
18600,-1.2697417391445298,-0.008298802814695066
18601,-1.2697417391451467,-0.008298802814695066
18602,-1.2697417391453476,-0.008298802814695066
18603,-1.2697417391459964,-0.008298802814695066
18604,-1.2697417391471304,-0.008298802814695066
18605,-1.2697417391476615,-0.008298802814695066
18606,-1.26974173914848,-0.008298802814695066
18607,-1.2697417391503225,-0.008298802814695066
18608,-1.2697417391512935,-0.008298802814695066
18609,-1.2697417391519852,-0.008298802814695066
18610,-1.2697417391519876,-0.008298802814695066
18611,-1.269741739151999,-0.008298802814695066
18612,-1.269741739152322,-0.008298802814695066
18613,-1.2697417391524386,-0.008298802814695066
18614,-1.2697417391525385,-0.008298802814695066
18615,-1.269741739152924,-0.008298802814695066
18616,-1.2697417391532735,-0.008298802814695066
18617,-1.2697417391537384,-0.008298802814695066
18618,-1.2697417391540444,-0.008298802814695066
18619,-1.2697417391543906,-0.008298802814695066
18620,-1.269741739154755,-0.008298802814695066
18621,-1.2697417391563783,-0.008298802814695066
18622,-1.2697417391564179,-0.008298802814695066
18623,-1.2697417391569947,-0.008298802814695066
18624,-1.2697417391572001,-0.008298802814695066
18625,-1.2697417391572303,-0.008298802814695066
18626,-1.2697417391572778,-0.008298802814695066
18627,-1.269741739157514,-0.008298802814695066
18628,-1.2697417391579373,-0.008298802814695066
18629,-1.2697417391581882,-0.008298802814695066
18630,-1.2697417391586883,-0.008298802814695066
18631,-1.2697417391593313,-0.008298802814695066
18632,-1.269741739159465,-0.008298802814695066
18633,-1.2697417391596046,-0.008298802814695066
18634,-1.269741739159788,-0.008298802814695066
18635,-1.2697417391605441,-0.008298802814695066
18636,-1.269741739160719,-0.008298802814695066
18637,-1.269741739160787,-0.008298802814695066
18638,-1.2697417391615546,-0.008298802814695066
18639,-1.2697417391624084,-0.008298802814695066
18640,-1.2697417391624692,-0.008298802814695066
18641,-1.2697417391627228,-0.008298802814695066
18642,-1.2697417391631936,-0.008298802814695066
18643,-1.2697417391638905,-0.008298802814695066
18644,-1.2697417391641106,-0.008298802814695066
18645,-1.2697417391643642,-0.008298802814695066
18646,-1.2697417391646066,-0.008298802814695066
18647,-1.2697417391649648,-0.008298802814695066
18648,-1.2697417391657724,-0.008298802814695066
18649,-1.2697417391668724,-0.008298802814695066
18650,-1.2697417391669736,-0.008298802814695066
18651,-1.2697417391672003,-0.008298802814695066
18652,-1.2697417391673895,-0.008298802814695066
18653,-1.2697417391677703,-0.008298802814695066
18654,-1.2697417391679837,-0.008298802814695066
18655,-1.2697417391695582,-0.008298802814695066
18656,-1.2697417391698966,-0.008298802814695066
18657,-1.2697417391704002,-0.008298802814695066
18658,-1.2697417391719688,-0.008298802814695066
18659,-1.269741739172105,-0.008298802814695066
18660,-1.269741739172139,-0.008298802814695066
18661,-1.2697417391728631,-0.008298802814695066
18662,-1.2697417391731833,-0.008298802814695066
18663,-1.2697417391734338,-0.008298802814695066
18664,-1.2697417391734929,-0.008298802814695066
18665,-1.2697417391743646,-0.008298802814695066
18666,-1.2697417391748191,-0.008298802814695066
18667,-1.2697417391756307,-0.008298802814695066
18668,-1.269741739175677,-0.008298802814695066
18669,-1.2697417391757746,-0.008298802814695066
18670,-1.2697417391759571,-0.008298802814695066
18671,-1.2697417391760277,-0.008298802814695066
18672,-1.2697417391762393,-0.008298802814695066
18673,-1.2697417391767472,-0.008298802814695066
18674,-1.269741739177155,-0.008298802814695066
18675,-1.2697417391774053,-0.008298802814695066
18676,-1.269741739177971,-0.008298802814695066
18677,-1.2697417391796644,-0.008298802814695066
18678,-1.2697417391799437,-0.008298802814695066
18679,-1.2697417391799628,-0.008298802814695066
18680,-1.2697417391809664,-0.008298802814695066
18681,-1.2697417391809778,-0.008298802814695066
18682,-1.2697417391810077,-0.008298802814695066
18683,-1.26974173918197,-0.008298802814695066
18684,-1.26974173918236,-0.008298802814695066
18685,-1.2697417391840076,-0.008298802814695066
18686,-1.2697417391845836,-0.008298802814695066
18687,-1.2697417391848351,-0.008298802814695066
18688,-1.2697417391855068,-0.008298802814695066
18689,-1.2697417391857373,-0.008298802814695066
18690,-1.269741739186342,-0.008298802814695066
18691,-1.2697417391873533,-0.008298802814695066
18692,-1.269741739188764,-0.008298802814695066
18693,-1.2697417391907422,-0.008298802814695066
18694,-1.2697417391915589,-0.008298802814695066
18695,-1.2697417391917152,-0.008298802814695066
18696,-1.2697417391927188,-0.008298802814695066
18697,-1.269741739194933,-0.008298802814695066
18698,-1.2697417391951704,-0.008298802814695066
18699,-1.2697417391960086,-0.008298802814695066
18700,-1.2697417391975576,-0.008298802814695066
18701,-1.2697417391976922,-0.008298802814695066
18702,-1.269741739198711,-0.008298802814695066
18703,-1.2697417391987444,-0.008298802814695066
18704,-1.2697417391995343,-0.008298802814695066
18705,-1.2697417392001482,-0.008298802814695066
18706,-1.269741739200276,-0.008298802814695066
18707,-1.2697417392007502,-0.008298802814695066
18708,-1.2697417392037442,-0.008298802814695066
18709,-1.269741739205629,-0.008298802814695066
18710,-1.269741739205878,-0.008298802814695066
18711,-1.2697417392071153,-0.008298802814695066
18712,-1.2697417392074104,-0.008298802814695066
18713,-1.2697417392076333,-0.008298802814695066
18714,-1.2697417392077508,-0.008298802814695066
18715,-1.2697417392080546,-0.008298802814695066
18716,-1.2697417392092045,-0.008298802814695066
18717,-1.269741739209649,-0.008298802814695066
18718,-1.269741739209665,-0.008298802814695066
18719,-1.2697417392099188,-0.008298802814695066
18720,-1.2697417392099972,-0.008298802814695066
18721,-1.2697417392109762,-0.008298802814695066
18722,-1.2697417392113235,-0.008298802814695066
18723,-1.2697417392117032,-0.008298802814695066
18724,-1.2697417392119275,-0.008298802814695066
18725,-1.2697417392123294,-0.008298802814695066
18726,-1.269741739212577,-0.008298802814695066
18727,-1.2697417392125836,-0.008298802814695066
18728,-1.2697417392130366,-0.008298802814695066
18729,-1.2697417392133898,-0.008298802814695066
18730,-1.2697417392138417,-0.008298802814695066
18731,-1.2697417392143093,-0.008298802814695066
18732,-1.269741739214526,-0.008298802814695066
18733,-1.2697417392146226,-0.008298802814695066
18734,-1.2697417392149792,-0.008298802814695066
18735,-1.269741739216757,-0.008298802814695066
18736,-1.2697417392173822,-0.008298802814695066
18737,-1.2697417392174113,-0.008298802814695066
18738,-1.2697417392178458,-0.008298802814695066
18739,-1.2697417392185577,-0.008298802814695066
18740,-1.2697417392198753,-0.008298802814695066
18741,-1.2697417392208754,-0.008298802814695066
18742,-1.269741739221009,-0.008298802814695066
18743,-1.269741739221266,-0.008298802814695066
18744,-1.2697417392218326,-0.008298802814695066
18745,-1.2697417392219161,-0.008298802814695066
18746,-1.2697417392224504,-0.008298802814695066
18747,-1.2697417392230985,-0.008298802814695066
18748,-1.2697417392239783,-0.008298802814695066
18749,-1.2697417392240415,-0.008298802814695066
18750,-1.2697417392246901,-0.008298802814695066
18751,-1.2697417392259291,-0.008298802814695066
18752,-1.2697417392265173,-0.008298802814695066
18753,-1.2697417392271413,-0.008298802814695066
18754,-1.2697417392278847,-0.008298802814695066
18755,-1.2697417392278911,-0.008298802814695066
18756,-1.2697417392292354,-0.008298802814695066
18757,-1.2697417392296189,-0.008298802814695066
18758,-1.2697417392296328,-0.008298802814695066
18759,-1.269741739230327,-0.008298802814695066
18760,-1.2697417392308954,-0.008298802814695066
18761,-1.2697417392315764,-0.008298802814695066
18762,-1.2697417392317445,-0.008298802814695066
18763,-1.2697417392318466,-0.008298802814695066
18764,-1.269741739232171,-0.008298802814695066
18765,-1.2697417392324521,-0.008298802814695066
18766,-1.269741739233044,-0.008298802814695066
18767,-1.2697417392333765,-0.008298802814695066
18768,-1.269741739233765,-0.008298802814695066
18769,-1.2697417392338568,-0.008298802814695066
18770,-1.2697417392340458,-0.008298802814695066
18771,-1.269741739234602,-0.008298802814695066
18772,-1.269741739234643,-0.008298802814695066
18773,-1.2697417392355488,-0.008298802814695066
18774,-1.2697417392355994,-0.008298802814695066
18775,-1.269741739237214,-0.008298802814695066
18776,-1.269741739237695,-0.008298802814695066
18777,-1.2697417392383061,-0.008298802814695066
18778,-1.2697417392383707,-0.008298802814695066
18779,-1.269741739238499,-0.008298802814695066
18780,-1.2697417392390464,-0.008298802814695066
18781,-1.269741739239435,-0.008298802814695066
18782,-1.2697417392402295,-0.008298802814695066
18783,-1.2697417392402752,-0.008298802814695066
18784,-1.269741739240387,-0.008298802814695066
18785,-1.2697417392415633,-0.008298802814695066
18786,-1.2697417392415737,-0.008298802814695066
18787,-1.2697417392421442,-0.008298802814695066
18788,-1.2697417392422383,-0.008298802814695066
18789,-1.269741739242333,-0.008298802814695066
18790,-1.2697417392428003,-0.008298802814695066
18791,-1.2697417392440755,-0.008298802814695066
18792,-1.2697417392441674,-0.008298802814695066
18793,-1.2697417392445334,-0.008298802814695066
18794,-1.2697417392447443,-0.008298802814695066
18795,-1.2697417392458288,-0.008298802814695066
18796,-1.26974173924664,-0.008298802814695066
18797,-1.2697417392467023,-0.008298802814695066
18798,-1.2697417392467036,-0.008298802814695066
18799,-1.2697417392469599,-0.008298802814695066
18800,-1.2697417392471857,-0.008298802814695066
18801,-1.2697417392475696,-0.008298802814695066
18802,-1.2697417392480346,-0.008298802814695066
18803,-1.2697417392480963,-0.008298802814695066
18804,-1.2697417392483892,-0.008298802814695066
18805,-1.2697417392485735,-0.008298802814695066
18806,-1.2697417392486146,-0.008298802814695066
18807,-1.2697417392491028,-0.008298802814695066
18808,-1.2697417392492583,-0.008298802814695066
18809,-1.269741739249807,-0.008298802814695066
18810,-1.26974173925043,-0.008298802814695066
18811,-1.2697417392512238,-0.008298802814695066
18812,-1.2697417392524946,-0.008298802814695066
18813,-1.2697417392527568,-0.008298802814695066
18814,-1.2697417392528243,-0.008298802814695066
18815,-1.2697417392537045,-0.008298802814695066
18816,-1.269741739253781,-0.008298802814695066
18817,-1.269741739254246,-0.008298802814695066
18818,-1.2697417392552488,-0.008298802814695066
18819,-1.269741739255514,-0.008298802814695066
18820,-1.2697417392561225,-0.008298802814695066
18821,-1.2697417392565684,-0.008298802814695066
18822,-1.2697417392598485,-0.008298802814695066
18823,-1.269741739260627,-0.008298802814695066
18824,-1.2697417392606716,-0.008298802814695066
18825,-1.2697417392609425,-0.008298802814695066
18826,-1.2697417392609647,-0.008298802814695066
18827,-1.269741739260968,-0.008298802814695066
18828,-1.2697417392612016,-0.008298802814695066
18829,-1.2697417392619652,-0.008298802814695066
18830,-1.2697417392625647,-0.008298802814695066
18831,-1.2697417392636379,-0.008298802814695066
18832,-1.269741739263866,-0.008298802814695066
18833,-1.2697417392640669,-0.008298802814695066
18834,-1.2697417392651709,-0.008298802814695066
18835,-1.269741739265826,-0.008298802814695066
18836,-1.2697417392661823,-0.008298802814695066
18837,-1.2697417392665502,-0.008298802814695066
18838,-1.2697417392666828,-0.008298802814695066
18839,-1.2697417392668977,-0.008298802814695066
18840,-1.269741739268066,-0.008298802814695066
18841,-1.2697417392687005,-0.008298802814695066
18842,-1.2697417392692047,-0.008298802814695066
18843,-1.2697417392693824,-0.008298802814695066
18844,-1.2697417392700163,-0.008298802814695066
18845,-1.269741739270688,-0.008298802814695066
18846,-1.2697417392709227,-0.008298802814695066
18847,-1.2697417392712502,-0.008298802814695066
18848,-1.269741739272459,-0.008298802814695066
18849,-1.269741739272697,-0.008298802814695066
18850,-1.2697417392727142,-0.008298802814695066
18851,-1.2697417392727208,-0.008298802814695066
18852,-1.2697417392729853,-0.008298802814695066
18853,-1.269741739273137,-0.008298802814695066
18854,-1.269741739273626,-0.008298802814695066
18855,-1.2697417392737196,-0.008298802814695066
18856,-1.269741739274674,-0.008298802814695066
18857,-1.2697417392768369,-0.008298802814695066
18858,-1.269741739277423,-0.008298802814695066
18859,-1.269741739277701,-0.008298802814695066
18860,-1.2697417392777468,-0.008298802814695066
18861,-1.2697417392779315,-0.008298802814695066
18862,-1.2697417392783237,-0.008298802814695066
18863,-1.2697417392784471,-0.008298802814695066
18864,-1.2697417392797137,-0.008298802814695066
18865,-1.2697417392804768,-0.008298802814695066
18866,-1.2697417392805106,-0.008298802814695066
18867,-1.2697417392810366,-0.008298802814695066
18868,-1.2697417392814265,-0.008298802814695066
18869,-1.2697417392814898,-0.008298802814695066
18870,-1.2697417392818169,-0.008298802814695066
18871,-1.2697417392824537,-0.008298802814695066
18872,-1.2697417392827064,-0.008298802814695066
18873,-1.2697417392830104,-0.008298802814695066
18874,-1.2697417392835613,-0.008298802814695066
18875,-1.2697417392837682,-0.008298802814695066
18876,-1.2697417392846044,-0.008298802814695066
18877,-1.269741739284935,-0.008298802814695066
18878,-1.2697417392849581,-0.008298802814695066
18879,-1.2697417392851271,-0.008298802814695066
18880,-1.2697417392851675,-0.008298802814695066
18881,-1.2697417392852328,-0.008298802814695066
18882,-1.2697417392862083,-0.008298802814695066
18883,-1.2697417392862445,-0.008298802814695066
18884,-1.2697417392863986,-0.008298802814695066
18885,-1.269741739286436,-0.008298802814695066
18886,-1.2697417392866652,-0.008298802814695066
18887,-1.2697417392870145,-0.008298802814695066
18888,-1.2697417392872423,-0.008298802814695066
18889,-1.269741739287353,-0.008298802814695066
18890,-1.2697417392878707,-0.008298802814695066
18891,-1.2697417392879098,-0.008298802814695066
18892,-1.2697417392879786,-0.008298802814695066
18893,-1.2697417392886776,-0.008298802814695066
18894,-1.269741739288746,-0.008298802814695066
18895,-1.2697417392896517,-0.008298802814695066
18896,-1.2697417392900376,-0.008298802814695066
18897,-1.2697417392902546,-0.008298802814695066
18898,-1.269741739290561,-0.008298802814695066
18899,-1.2697417392911994,-0.008298802814695066
18900,-1.2697417392916954,-0.008298802814695066
18901,-1.2697417392918025,-0.008298802814695066
18902,-1.2697417392921877,-0.008298802814695066
18903,-1.2697417392932717,-0.008298802814695066
18904,-1.269741739293992,-0.008298802814695066
18905,-1.2697417392949875,-0.008298802814695066
18906,-1.2697417392953847,-0.008298802814695066
18907,-1.2697417392958847,-0.008298802814695066
18908,-1.2697417392959447,-0.008298802814695066
18909,-1.2697417392962758,-0.008298802814695066
18910,-1.2697417392966908,-0.008298802814695066
18911,-1.2697417392976347,-0.008298802814695066
18912,-1.2697417392976629,-0.008298802814695066
18913,-1.2697417392978954,-0.008298802814695066
18914,-1.269741739297934,-0.008298802814695066
18915,-1.269741739298142,-0.008298802814695066
18916,-1.2697417392982957,-0.008298802814695066
18917,-1.269741739298368,-0.008298802814695066
18918,-1.269741739298457,-0.008298802814695066
18919,-1.269741739298722,-0.008298802814695066
18920,-1.2697417392988348,-0.008298802814695066
18921,-1.2697417392988872,-0.008298802814695066
18922,-1.2697417392993717,-0.008298802814695066
18923,-1.2697417392994133,-0.008298802814695066
18924,-1.269741739299543,-0.008298802814695066
18925,-1.2697417393001684,-0.008298802814695066
18926,-1.2697417393005777,-0.008298802814695066
18927,-1.2697417393011547,-0.008298802814695066
18928,-1.2697417393014123,-0.008298802814695066
18929,-1.2697417393015287,-0.008298802814695066
18930,-1.2697417393016517,-0.008298802814695066
18931,-1.2697417393019368,-0.008298802814695066
18932,-1.2697417393021948,-0.008298802814695066
18933,-1.2697417393022734,-0.008298802814695066
18934,-1.2697417393025328,-0.008298802814695066
18935,-1.2697417393030652,-0.008298802814695066
18936,-1.2697417393032846,-0.008298802814695066
18937,-1.2697417393035073,-0.008298802814695066
18938,-1.269741739303731,-0.008298802814695066
18939,-1.2697417393038108,-0.008298802814695066
18940,-1.2697417393038521,-0.008298802814695066
18941,-1.2697417393041799,-0.008298802814695066
18942,-1.2697417393041803,-0.008298802814695066
18943,-1.2697417393049528,-0.008298802814695066
18944,-1.2697417393051174,-0.008298802814695066
18945,-1.2697417393051216,-0.008298802814695066
18946,-1.2697417393052166,-0.008298802814695066
18947,-1.2697417393056034,-0.008298802814695066
18948,-1.2697417393059363,-0.008298802814695066
18949,-1.269741739306743,-0.008298802814695066
18950,-1.2697417393071166,-0.008298802814695066
18951,-1.2697417393072485,-0.008298802814695066
18952,-1.2697417393073651,-0.008298802814695066
18953,-1.2697417393076411,-0.008298802814695066
18954,-1.2697417393076609,-0.008298802814695066
18955,-1.2697417393083321,-0.008298802814695066
18956,-1.2697417393084693,-0.008298802814695066
18957,-1.269741739308888,-0.008298802814695066
18958,-1.2697417393093442,-0.008298802814695066
18959,-1.2697417393093913,-0.008298802814695066
18960,-1.2697417393103139,-0.008298802814695066
18961,-1.269741739310716,-0.008298802814695066
18962,-1.2697417393108248,-0.008298802814695066
18963,-1.26974173931094,-0.008298802814695066
18964,-1.269741739311407,-0.008298802814695066
18965,-1.2697417393124368,-0.008298802814695066
18966,-1.2697417393129613,-0.008298802814695066
18967,-1.2697417393131283,-0.008298802814695066
18968,-1.269741739313648,-0.008298802814695066
18969,-1.2697417393138632,-0.008298802814695066
18970,-1.2697417393144586,-0.008298802814695066
18971,-1.269741739314691,-0.008298802814695066
18972,-1.2697417393147585,-0.008298802814695066
18973,-1.2697417393151398,-0.008298802814695066
18974,-1.269741739315211,-0.008298802814695066
18975,-1.2697417393159347,-0.008298802814695066
18976,-1.2697417393164527,-0.008298802814695066
18977,-1.2697417393167838,-0.008298802814695066
18978,-1.2697417393170864,-0.008298802814695066
18979,-1.2697417393171522,-0.008298802814695066
18980,-1.2697417393173633,-0.008298802814695066
18981,-1.2697417393179937,-0.008298802814695066
18982,-1.2697417393181356,-0.008298802814695066
18983,-1.2697417393183366,-0.008298802814695066
18984,-1.2697417393186585,-0.008298802814695066
18985,-1.2697417393193713,-0.008298802814695066
18986,-1.2697417393193824,-0.008298802814695066
18987,-1.2697417393194173,-0.008298802814695066
18988,-1.2697417393196129,-0.008298802814695066
18989,-1.2697417393204042,-0.008298802814695066
18990,-1.2697417393206478,-0.008298802814695066
18991,-1.269741739321327,-0.008298802814695066
18992,-1.2697417393214192,-0.008298802814695066
18993,-1.2697417393215977,-0.008298802814695066
18994,-1.269741739322075,-0.008298802814695066
18995,-1.2697417393224388,-0.008298802814695066
18996,-1.2697417393225379,-0.008298802814695066
18997,-1.2697417393226815,-0.008298802814695066
18998,-1.269741739323193,-0.008298802814695066
18999,-1.269741739324018,-0.008298802814695066
19000,-1.2697417393243735,-0.008298802814695066
19001,-1.2697417393243864,-0.008298802814695066
19002,-1.269741739324404,-0.008298802814695066
19003,-1.2697417393250972,-0.008298802814695066
19004,-1.269741739325132,-0.008298802814695066
19005,-1.2697417393252097,-0.008298802814695066
19006,-1.2697417393255521,-0.008298802814695066
19007,-1.2697417393255652,-0.008298802814695066
19008,-1.2697417393262134,-0.008298802814695066
19009,-1.2697417393266477,-0.008298802814695066
19010,-1.2697417393268522,-0.008298802814695066
19011,-1.2697417393269121,-0.008298802814695066
19012,-1.2697417393270232,-0.008298802814695066
19013,-1.269741739327299,-0.008298802814695066
19014,-1.2697417393282944,-0.008298802814695066
19015,-1.269741739328452,-0.008298802814695066
19016,-1.2697417393289625,-0.008298802814695066
19017,-1.2697417393295845,-0.008298802814695066
19018,-1.2697417393297066,-0.008298802814695066
19019,-1.269741739330576,-0.008298802814695066
19020,-1.2697417393307082,-0.008298802814695066
19021,-1.2697417393311645,-0.008298802814695066
19022,-1.26974173933119,-0.008298802814695066
19023,-1.2697417393313513,-0.008298802814695066
19024,-1.2697417393320483,-0.008298802814695066
19025,-1.269741739332714,-0.008298802814695066
19026,-1.2697417393328823,-0.008298802814695066
19027,-1.269741739333047,-0.008298802814695066
19028,-1.2697417393332677,-0.008298802814695066
19029,-1.2697417393332786,-0.008298802814695066
19030,-1.2697417393335972,-0.008298802814695066
19031,-1.2697417393342685,-0.008298802814695066
19032,-1.2697417393344936,-0.008298802814695066
19033,-1.2697417393347972,-0.008298802814695066
19034,-1.269741739334925,-0.008298802814695066
19035,-1.2697417393349448,-0.008298802814695066
19036,-1.2697417393352128,-0.008298802814695066
19037,-1.2697417393352315,-0.008298802814695066
19038,-1.2697417393352828,-0.008298802814695066
19039,-1.269741739336019,-0.008298802814695066
19040,-1.2697417393360313,-0.008298802814695066
19041,-1.2697417393360515,-0.008298802814695066
19042,-1.26974173933619,-0.008298802814695066
19043,-1.2697417393367543,-0.008298802814695066
19044,-1.2697417393367572,-0.008298802814695066
19045,-1.2697417393369628,-0.008298802814695066
19046,-1.269741739337351,-0.008298802814695066
19047,-1.2697417393374595,-0.008298802814695066
19048,-1.269741739337558,-0.008298802814695066
19049,-1.2697417393376298,-0.008298802814695066
19050,-1.269741739337761,-0.008298802814695066
19051,-1.2697417393378208,-0.008298802814695066
19052,-1.2697417393380621,-0.008298802814695066
19053,-1.2697417393387207,-0.008298802814695066
19054,-1.269741739338906,-0.008298802814695066
19055,-1.269741739338925,-0.008298802814695066
19056,-1.2697417393393367,-0.008298802814695066
19057,-1.2697417393398924,-0.008298802814695066
19058,-1.2697417393402186,-0.008298802814695066
19059,-1.2697417393410755,-0.008298802814695066
19060,-1.269741739341228,-0.008298802814695066
19061,-1.2697417393413282,-0.008298802814695066
19062,-1.2697417393414012,-0.008298802814695066
19063,-1.269741739341831,-0.008298802814695066
19064,-1.2697417393419834,-0.008298802814695066
19065,-1.2697417393423358,-0.008298802814695066
19066,-1.2697417393436157,-0.008298802814695066
19067,-1.2697417393436385,-0.008298802814695066
19068,-1.2697417393436936,-0.008298802814695066
19069,-1.269741739344084,-0.008298802814695066
19070,-1.2697417393441397,-0.008298802814695066
19071,-1.2697417393441408,-0.008298802814695066
19072,-1.2697417393442982,-0.008298802814695066
19073,-1.2697417393448645,-0.008298802814695066
19074,-1.2697417393449766,-0.008298802814695066
19075,-1.2697417393454977,-0.008298802814695066
19076,-1.269741739345733,-0.008298802814695066
19077,-1.2697417393460038,-0.008298802814695066
19078,-1.2697417393460244,-0.008298802814695066
19079,-1.2697417393461299,-0.008298802814695066
19080,-1.269741739346247,-0.008298802814695066
19081,-1.2697417393466215,-0.008298802814695066
19082,-1.269741739346777,-0.008298802814695066
19083,-1.2697417393470753,-0.008298802814695066
19084,-1.2697417393471002,-0.008298802814695066
19085,-1.26974173934752,-0.008298802814695066
19086,-1.2697417393476322,-0.008298802814695066
19087,-1.2697417393478734,-0.008298802814695066
19088,-1.2697417393485029,-0.008298802814695066
19089,-1.2697417393485084,-0.008298802814695066
19090,-1.269741739348741,-0.008298802814695066
19091,-1.2697417393491945,-0.008298802814695066
19092,-1.2697417393492245,-0.008298802814695066
19093,-1.2697417393495143,-0.008298802814695066
19094,-1.269741739349629,-0.008298802814695066
19095,-1.2697417393498178,-0.008298802814695066
19096,-1.2697417393499206,-0.008298802814695066
19097,-1.2697417393499413,-0.008298802814695066
19098,-1.2697417393509962,-0.008298802814695066
19099,-1.269741739351233,-0.008298802814695066
19100,-1.269741739351284,-0.008298802814695066
19101,-1.2697417393514532,-0.008298802814695066
19102,-1.2697417393521069,-0.008298802814695066
19103,-1.2697417393521127,-0.008298802814695066
19104,-1.2697417393524482,-0.008298802814695066
19105,-1.2697417393528314,-0.008298802814695066
19106,-1.269741739352905,-0.008298802814695066
19107,-1.2697417393530617,-0.008298802814695066
19108,-1.269741739353183,-0.008298802814695066
19109,-1.2697417393536454,-0.008298802814695066
19110,-1.269741739353956,-0.008298802814695066
19111,-1.2697417393541988,-0.008298802814695066
19112,-1.269741739354238,-0.008298802814695066
19113,-1.2697417393545032,-0.008298802814695066
19114,-1.2697417393550101,-0.008298802814695066
19115,-1.2697417393550792,-0.008298802814695066
19116,-1.2697417393554797,-0.008298802814695066
19117,-1.2697417393558685,-0.008298802814695066
19118,-1.2697417393559474,-0.008298802814695066
19119,-1.269741739356209,-0.008298802814695066
19120,-1.2697417393564376,-0.008298802814695066
19121,-1.269741739356844,-0.008298802814695066
19122,-1.2697417393573904,-0.008298802814695066
19123,-1.2697417393574209,-0.008298802814695066
19124,-1.269741739357693,-0.008298802814695066
19125,-1.2697417393578538,-0.008298802814695066
19126,-1.2697417393579489,-0.008298802814695066
19127,-1.2697417393580515,-0.008298802814695066
19128,-1.2697417393583728,-0.008298802814695066
19129,-1.2697417393587431,-0.008298802814695066
19130,-1.269741739359706,-0.008298802814695066
19131,-1.2697417393597201,-0.008298802814695066
19132,-1.2697417393599169,-0.008298802814695066
19133,-1.26974173936018,-0.008298802814695066
19134,-1.2697417393605392,-0.008298802814695066
19135,-1.269741739360876,-0.008298802814695066
19136,-1.2697417393611197,-0.008298802814695066
19137,-1.2697417393613548,-0.008298802814695066
19138,-1.2697417393614168,-0.008298802814695066
19139,-1.269741739361582,-0.008298802814695066
19140,-1.2697417393620816,-0.008298802814695066
19141,-1.2697417393622175,-0.008298802814695066
19142,-1.2697417393627692,-0.008298802814695066
19143,-1.2697417393627721,-0.008298802814695066
19144,-1.269741739363224,-0.008298802814695066
19145,-1.269741739363663,-0.008298802814695066
19146,-1.2697417393639832,-0.008298802814695066
19147,-1.2697417393640364,-0.008298802814695066
19148,-1.269741739364523,-0.008298802814695066
19149,-1.269741739364625,-0.008298802814695066
19150,-1.2697417393647394,-0.008298802814695066
19151,-1.2697417393652628,-0.008298802814695066
19152,-1.2697417393658204,-0.008298802814695066
19153,-1.2697417393667516,-0.008298802814695066
19154,-1.2697417393668375,-0.008298802814695066
19155,-1.269741739367276,-0.008298802814695066
19156,-1.2697417393673107,-0.008298802814695066
19157,-1.2697417393673343,-0.008298802814695066
19158,-1.2697417393677013,-0.008298802814695066
19159,-1.269741739368116,-0.008298802814695066
19160,-1.2697417393686499,-0.008298802814695066
19161,-1.2697417393694206,-0.008298802814695066
19162,-1.2697417393699624,-0.008298802814695066
19163,-1.2697417393700885,-0.008298802814695066
19164,-1.269741739370615,-0.008298802814695066
19165,-1.2697417393723947,-0.008298802814695066
19166,-1.2697417393725174,-0.008298802814695066
19167,-1.2697417393730177,-0.008298802814695066
19168,-1.269741739373034,-0.008298802814695066
19169,-1.2697417393730748,-0.008298802814695066
19170,-1.2697417393731163,-0.008298802814695066
19171,-1.269741739373148,-0.008298802814695066
19172,-1.2697417393732873,-0.008298802814695066
19173,-1.2697417393737058,-0.008298802814695066
19174,-1.269741739373716,-0.008298802814695066
19175,-1.2697417393739878,-0.008298802814695066
19176,-1.269741739374464,-0.008298802814695066
19177,-1.2697417393748536,-0.008298802814695066
19178,-1.2697417393749877,-0.008298802814695066
19179,-1.269741739375012,-0.008298802814695066
19180,-1.2697417393750263,-0.008298802814695066
19181,-1.2697417393755581,-0.008298802814695066
19182,-1.26974173937589,-0.008298802814695066
19183,-1.2697417393763175,-0.008298802814695066
19184,-1.269741739376824,-0.008298802814695066
19185,-1.2697417393770334,-0.008298802814695066
19186,-1.2697417393774335,-0.008298802814695066
19187,-1.2697417393776347,-0.008298802814695066
19188,-1.269741739378215,-0.008298802814695066
19189,-1.2697417393789283,-0.008298802814695066
19190,-1.2697417393795747,-0.008298802814695066
19191,-1.2697417393797432,-0.008298802814695066
19192,-1.2697417393798827,-0.008298802814695066
19193,-1.2697417393799317,-0.008298802814695066
19194,-1.2697417393801944,-0.008298802814695066
19195,-1.2697417393803616,-0.008298802814695066
19196,-1.2697417393805996,-0.008298802814695066
19197,-1.2697417393809154,-0.008298802814695066
19198,-1.2697417393811592,-0.008298802814695066
19199,-1.2697417393818002,-0.008298802814695066
19200,-1.2697417393820747,-0.008298802814695066
19201,-1.2697417393820962,-0.008298802814695066
19202,-1.2697417393821255,-0.008298802814695066
19203,-1.2697417393821435,-0.008298802814695066
19204,-1.2697417393825823,-0.008298802814695066
19205,-1.2697417393826953,-0.008298802814695066
19206,-1.269741739383046,-0.008298802814695066
19207,-1.2697417393830983,-0.008298802814695066
19208,-1.2697417393831074,-0.008298802814695066
19209,-1.2697417393831145,-0.008298802814695066
19210,-1.2697417393836394,-0.008298802814695066
19211,-1.2697417393840444,-0.008298802814695066
19212,-1.2697417393840749,-0.008298802814695066
19213,-1.2697417393842354,-0.008298802814695066
19214,-1.2697417393845214,-0.008298802814695066
19215,-1.269741739385061,-0.008298802814695066
19216,-1.2697417393851635,-0.008298802814695066
19217,-1.2697417393852923,-0.008298802814695066
19218,-1.2697417393853316,-0.008298802814695066
19219,-1.2697417393855908,-0.008298802814695066
19220,-1.2697417393856054,-0.008298802814695066
19221,-1.2697417393856658,-0.008298802814695066
19222,-1.269741739385747,-0.008298802814695066
19223,-1.2697417393858577,-0.008298802814695066
19224,-1.2697417393861388,-0.008298802814695066
19225,-1.2697417393862473,-0.008298802814695066
19226,-1.2697417393863697,-0.008298802814695066
19227,-1.2697417393863721,-0.008298802814695066
19228,-1.269741739386575,-0.008298802814695066
19229,-1.2697417393867667,-0.008298802814695066
19230,-1.2697417393868125,-0.008298802814695066
19231,-1.269741739386819,-0.008298802814695066
19232,-1.2697417393869217,-0.008298802814695066
19233,-1.26974173938707,-0.008298802814695066
19234,-1.2697417393873223,-0.008298802814695066
19235,-1.269741739387345,-0.008298802814695066
19236,-1.269741739387479,-0.008298802814695066
19237,-1.2697417393876858,-0.008298802814695066
19238,-1.2697417393877974,-0.008298802814695066
19239,-1.2697417393878871,-0.008298802814695066
19240,-1.2697417393879527,-0.008298802814695066
19241,-1.269741739388285,-0.008298802814695066
19242,-1.269741739388559,-0.008298802814695066
19243,-1.269741739389115,-0.008298802814695066
19244,-1.2697417393891186,-0.008298802814695066
19245,-1.2697417393893522,-0.008298802814695066
19246,-1.2697417393898611,-0.008298802814695066
19247,-1.2697417393900656,-0.008298802814695066
19248,-1.2697417393901214,-0.008298802814695066
19249,-1.269741739390179,-0.008298802814695066
19250,-1.269741739390527,-0.008298802814695066
19251,-1.26974173939065,-0.008298802814695066
19252,-1.2697417393906623,-0.008298802814695066
19253,-1.269741739391068,-0.008298802814695066
19254,-1.2697417393912105,-0.008298802814695066
19255,-1.2697417393912316,-0.008298802814695066
19256,-1.2697417393915003,-0.008298802814695066
19257,-1.2697417393915533,-0.008298802814695066
19258,-1.269741739391784,-0.008298802814695066
19259,-1.2697417393918937,-0.008298802814695066
19260,-1.2697417393919828,-0.008298802814695066
19261,-1.269741739392287,-0.008298802814695066
19262,-1.2697417393925157,-0.008298802814695066
19263,-1.2697417393931025,-0.008298802814695066
19264,-1.2697417393935442,-0.008298802814695066
19265,-1.2697417393939947,-0.008298802814695066
19266,-1.269741739394012,-0.008298802814695066
19267,-1.269741739394496,-0.008298802814695066
19268,-1.2697417393945747,-0.008298802814695066
19269,-1.269741739395283,-0.008298802814695066
19270,-1.2697417393954,-0.008298802814695066
19271,-1.2697417393957173,-0.008298802814695066
19272,-1.26974173939667,-0.008298802814695066
19273,-1.269741739396898,-0.008298802814695066
19274,-1.2697417393969146,-0.008298802814695066
19275,-1.2697417393969324,-0.008298802814695066
19276,-1.26974173939703,-0.008298802814695066
19277,-1.2697417393974126,-0.008298802814695066
19278,-1.2697417393975114,-0.008298802814695066
19279,-1.2697417393976225,-0.008298802814695066
19280,-1.2697417393976669,-0.008298802814695066
19281,-1.269741739397694,-0.008298802814695066
19282,-1.2697417393978905,-0.008298802814695066
19283,-1.2697417393979782,-0.008298802814695066
19284,-1.2697417393981076,-0.008298802814695066
19285,-1.2697417393983934,-0.008298802814695066
19286,-1.2697417393986352,-0.008298802814695066
19287,-1.2697417393987906,-0.008298802814695066
19288,-1.2697417393987993,-0.008298802814695066
19289,-1.2697417393994075,-0.008298802814695066
19290,-1.2697417393997328,-0.008298802814695066
19291,-1.2697417393998895,-0.008298802814695066
19292,-1.2697417394007395,-0.008298802814695066
19293,-1.2697417394009205,-0.008298802814695066
19294,-1.2697417394014994,-0.008298802814695066
19295,-1.2697417394017467,-0.008298802814695066
19296,-1.2697417394020465,-0.008298802814695066
19297,-1.2697417394027166,-0.008298802814695066
19298,-1.269741739402802,-0.008298802814695066
19299,-1.2697417394028856,-0.008298802814695066
19300,-1.2697417394028943,-0.008298802814695066
19301,-1.269741739403035,-0.008298802814695066
19302,-1.2697417394032198,-0.008298802814695066
19303,-1.269741739403353,-0.008298802814695066
19304,-1.2697417394034445,-0.008298802814695066
19305,-1.2697417394034902,-0.008298802814695066
19306,-1.2697417394035408,-0.008298802814695066
19307,-1.2697417394047381,-0.008298802814695066
19308,-1.2697417394052197,-0.008298802814695066
19309,-1.2697417394055148,-0.008298802814695066
19310,-1.26974173940553,-0.008298802814695066
19311,-1.2697417394061739,-0.008298802814695066
19312,-1.2697417394062718,-0.008298802814695066
19313,-1.2697417394063355,-0.008298802814695066
19314,-1.2697417394063413,-0.008298802814695066
19315,-1.2697417394066968,-0.008298802814695066
19316,-1.2697417394068593,-0.008298802814695066
19317,-1.2697417394069161,-0.008298802814695066
19318,-1.2697417394070196,-0.008298802814695066
19319,-1.2697417394070598,-0.008298802814695066
19320,-1.2697417394071175,-0.008298802814695066
19321,-1.2697417394072883,-0.008298802814695066
19322,-1.2697417394075612,-0.008298802814695066
19323,-1.2697417394080524,-0.008298802814695066
19324,-1.2697417394082189,-0.008298802814695066
19325,-1.2697417394084471,-0.008298802814695066
19326,-1.269741739408535,-0.008298802814695066
19327,-1.2697417394086996,-0.008298802814695066
19328,-1.2697417394088364,-0.008298802814695066
19329,-1.269741739409011,-0.008298802814695066
19330,-1.2697417394090942,-0.008298802814695066
19331,-1.2697417394095345,-0.008298802814695066
19332,-1.269741739410395,-0.008298802814695066
19333,-1.2697417394104196,-0.008298802814695066
19334,-1.2697417394104935,-0.008298802814695066
19335,-1.2697417394107147,-0.008298802814695066
19336,-1.269741739411582,-0.008298802814695066
19337,-1.269741739411652,-0.008298802814695066
19338,-1.2697417394116657,-0.008298802814695066
19339,-1.2697417394117023,-0.008298802814695066
19340,-1.2697417394117378,-0.008298802814695066
19341,-1.2697417394118766,-0.008298802814695066
19342,-1.2697417394119948,-0.008298802814695066
19343,-1.2697417394120103,-0.008298802814695066
19344,-1.2697417394120922,-0.008298802814695066
19345,-1.269741739412225,-0.008298802814695066
19346,-1.2697417394124564,-0.008298802814695066
19347,-1.2697417394128458,-0.008298802814695066
19348,-1.2697417394128663,-0.008298802814695066
19349,-1.2697417394132597,-0.008298802814695066
19350,-1.2697417394133075,-0.008298802814695066
19351,-1.2697417394135382,-0.008298802814695066
19352,-1.2697417394142323,-0.008298802814695066
19353,-1.2697417394142774,-0.008298802814695066
19354,-1.2697417394143438,-0.008298802814695066
19355,-1.269741739414471,-0.008298802814695066
19356,-1.2697417394146493,-0.008298802814695066
19357,-1.2697417394148722,-0.008298802814695066
19358,-1.269741739414912,-0.008298802814695066
19359,-1.2697417394150128,-0.008298802814695066
19360,-1.2697417394157302,-0.008298802814695066
19361,-1.2697417394160606,-0.008298802814695066
19362,-1.2697417394166703,-0.008298802814695066
19363,-1.2697417394167556,-0.008298802814695066
19364,-1.2697417394171253,-0.008298802814695066
19365,-1.2697417394172148,-0.008298802814695066
19366,-1.269741739417661,-0.008298802814695066
19367,-1.269741739417809,-0.008298802814695066
19368,-1.2697417394181043,-0.008298802814695066
19369,-1.2697417394181874,-0.008298802814695066
19370,-1.2697417394185122,-0.008298802814695066
19371,-1.269741739418675,-0.008298802814695066
19372,-1.2697417394197896,-0.008298802814695066
19373,-1.2697417394198398,-0.008298802814695066
19374,-1.2697417394198844,-0.008298802814695066
19375,-1.2697417394201342,-0.008298802814695066
19376,-1.2697417394204376,-0.008298802814695066
19377,-1.269741739420511,-0.008298802814695066
19378,-1.2697417394205546,-0.008298802814695066
19379,-1.2697417394206243,-0.008298802814695066
19380,-1.2697417394208266,-0.008298802814695066
19381,-1.2697417394209058,-0.008298802814695066
19382,-1.2697417394209705,-0.008298802814695066
19383,-1.2697417394211354,-0.008298802814695066
19384,-1.2697417394213237,-0.008298802814695066
19385,-1.269741739421646,-0.008298802814695066
19386,-1.2697417394219257,-0.008298802814695066
19387,-1.269741739422188,-0.008298802814695066
19388,-1.269741739422562,-0.008298802814695066
19389,-1.2697417394230195,-0.008298802814695066
19390,-1.2697417394230583,-0.008298802814695066
19391,-1.2697417394232746,-0.008298802814695066
19392,-1.269741739423436,-0.008298802814695066
19393,-1.269741739423506,-0.008298802814695066
19394,-1.2697417394235728,-0.008298802814695066
19395,-1.2697417394238226,-0.008298802814695066
19396,-1.2697417394242083,-0.008298802814695066
19397,-1.2697417394245152,-0.008298802814695066
19398,-1.2697417394245911,-0.008298802814695066
19399,-1.2697417394247015,-0.008298802814695066
19400,-1.2697417394248025,-0.008298802814695066
19401,-1.2697417394249118,-0.008298802814695066
19402,-1.2697417394249517,-0.008298802814695066
19403,-1.2697417394249668,-0.008298802814695066
19404,-1.2697417394251784,-0.008298802814695066
19405,-1.269741739425749,-0.008298802814695066
19406,-1.269741739425918,-0.008298802814695066
19407,-1.2697417394260735,-0.008298802814695066
19408,-1.2697417394271922,-0.008298802814695066
19409,-1.269741739427625,-0.008298802814695066
19410,-1.2697417394285535,-0.008298802814695066
19411,-1.269741739428614,-0.008298802814695066
19412,-1.26974173942863,-0.008298802814695066
19413,-1.269741739428863,-0.008298802814695066
19414,-1.2697417394289738,-0.008298802814695066
19415,-1.2697417394289787,-0.008298802814695066
19416,-1.2697417394289958,-0.008298802814695066
19417,-1.2697417394294366,-0.008298802814695066
19418,-1.2697417394295005,-0.008298802814695066
19419,-1.2697417394297892,-0.008298802814695066
19420,-1.2697417394302315,-0.008298802814695066
19421,-1.2697417394305042,-0.008298802814695066
19422,-1.2697417394306953,-0.008298802814695066
19423,-1.2697417394307087,-0.008298802814695066
19424,-1.2697417394308046,-0.008298802814695066
19425,-1.2697417394308605,-0.008298802814695066
19426,-1.269741739431176,-0.008298802814695066
19427,-1.269741739431196,-0.008298802814695066
19428,-1.2697417394314332,-0.008298802814695066
19429,-1.2697417394316672,-0.008298802814695066
19430,-1.2697417394321775,-0.008298802814695066
19431,-1.2697417394322001,-0.008298802814695066
19432,-1.269741739432409,-0.008298802814695066
19433,-1.2697417394324957,-0.008298802814695066
19434,-1.2697417394325727,-0.008298802814695066
19435,-1.2697417394326402,-0.008298802814695066
19436,-1.2697417394328663,-0.008298802814695066
19437,-1.2697417394331336,-0.008298802814695066
19438,-1.2697417394332715,-0.008298802814695066
19439,-1.2697417394332984,-0.008298802814695066
19440,-1.269741739433506,-0.008298802814695066
19441,-1.269741739433536,-0.008298802814695066
19442,-1.2697417394338122,-0.008298802814695066
19443,-1.2697417394338677,-0.008298802814695066
19444,-1.2697417394344828,-0.008298802814695066
19445,-1.2697417394348203,-0.008298802814695066
19446,-1.26974173943499,-0.008298802814695066
19447,-1.2697417394351074,-0.008298802814695066
19448,-1.2697417394351143,-0.008298802814695066
19449,-1.2697417394353323,-0.008298802814695066
19450,-1.2697417394354982,-0.008298802814695066
19451,-1.269741739435906,-0.008298802814695066
19452,-1.269741739436138,-0.008298802814695066
19453,-1.2697417394362134,-0.008298802814695066
19454,-1.2697417394364021,-0.008298802814695066
19455,-1.2697417394364452,-0.008298802814695066
19456,-1.2697417394365076,-0.008298802814695066
19457,-1.2697417394367319,-0.008298802814695066
19458,-1.269741739436794,-0.008298802814695066
19459,-1.269741739436866,-0.008298802814695066
19460,-1.2697417394371153,-0.008298802814695066
19461,-1.269741739437252,-0.008298802814695066
19462,-1.269741739437274,-0.008298802814695066
19463,-1.269741739437357,-0.008298802814695066
19464,-1.2697417394373594,-0.008298802814695066
19465,-1.269741739437402,-0.008298802814695066
19466,-1.269741739437508,-0.008298802814695066
19467,-1.269741739437603,-0.008298802814695066
19468,-1.2697417394380877,-0.008298802814695066
19469,-1.2697417394381172,-0.008298802814695066
19470,-1.2697417394381234,-0.008298802814695066
19471,-1.2697417394382007,-0.008298802814695066
19472,-1.2697417394382626,-0.008298802814695066
19473,-1.2697417394384192,-0.008298802814695066
19474,-1.2697417394384685,-0.008298802814695066
19475,-1.269741739438596,-0.008298802814695066
19476,-1.2697417394390627,-0.008298802814695066
19477,-1.2697417394392236,-0.008298802814695066
19478,-1.2697417394393304,-0.008298802814695066
19479,-1.2697417394393324,-0.008298802814695066
19480,-1.2697417394393422,-0.008298802814695066
19481,-1.2697417394396702,-0.008298802814695066
19482,-1.2697417394398605,-0.008298802814695066
19483,-1.2697417394398922,-0.008298802814695066
19484,-1.2697417394399635,-0.008298802814695066
19485,-1.269741739440078,-0.008298802814695066
19486,-1.269741739440128,-0.008298802814695066
19487,-1.2697417394405108,-0.008298802814695066
19488,-1.269741739440686,-0.008298802814695066
19489,-1.269741739440871,-0.008298802814695066
19490,-1.2697417394409543,-0.008298802814695066
19491,-1.269741739440961,-0.008298802814695066
19492,-1.269741739441356,-0.008298802814695066
19493,-1.269741739441824,-0.008298802814695066
19494,-1.2697417394422792,-0.008298802814695066
19495,-1.269741739442367,-0.008298802814695066
19496,-1.269741739442578,-0.008298802814695066
19497,-1.2697417394426593,-0.008298802814695066
19498,-1.2697417394429864,-0.008298802814695066
19499,-1.269741739443201,-0.008298802814695066
19500,-1.2697417394432837,-0.008298802814695066
19501,-1.2697417394433208,-0.008298802814695066
19502,-1.269741739443362,-0.008298802814695066
19503,-1.2697417394433932,-0.008298802814695066
19504,-1.2697417394436545,-0.008298802814695066
19505,-1.2697417394437518,-0.008298802814695066
19506,-1.2697417394439565,-0.008298802814695066
19507,-1.2697417394442774,-0.008298802814695066
19508,-1.2697417394444002,-0.008298802814695066
19509,-1.2697417394444472,-0.008298802814695066
19510,-1.269741739444668,-0.008298802814695066
19511,-1.2697417394449102,-0.008298802814695066
19512,-1.2697417394449624,-0.008298802814695066
19513,-1.2697417394449917,-0.008298802814695066
19514,-1.2697417394452246,-0.008298802814695066
19515,-1.2697417394453479,-0.008298802814695066
19516,-1.2697417394454849,-0.008298802814695066
19517,-1.2697417394455446,-0.008298802814695066
19518,-1.2697417394458026,-0.008298802814695066
19519,-1.2697417394458277,-0.008298802814695066
19520,-1.2697417394458488,-0.008298802814695066
19521,-1.269741739446255,-0.008298802814695066
19522,-1.2697417394462567,-0.008298802814695066
19523,-1.2697417394467065,-0.008298802814695066
19524,-1.269741739446718,-0.008298802814695066
19525,-1.269741739446865,-0.008298802814695066
19526,-1.2697417394470838,-0.008298802814695066
19527,-1.269741739447268,-0.008298802814695066
19528,-1.2697417394474704,-0.008298802814695066
19529,-1.2697417394477815,-0.008298802814695066
19530,-1.2697417394477915,-0.008298802814695066
19531,-1.2697417394478885,-0.008298802814695066
19532,-1.2697417394479467,-0.008298802814695066
19533,-1.2697417394481618,-0.008298802814695066
19534,-1.269741739448285,-0.008298802814695066
19535,-1.269741739448711,-0.008298802814695066
19536,-1.2697417394487633,-0.008298802814695066
19537,-1.2697417394491255,-0.008298802814695066
19538,-1.2697417394491692,-0.008298802814695066
19539,-1.2697417394496124,-0.008298802814695066
19540,-1.2697417394497,-0.008298802814695066
19541,-1.2697417394498427,-0.008298802814695066
19542,-1.269741739449855,-0.008298802814695066
19543,-1.2697417394499217,-0.008298802814695066
19544,-1.2697417394501245,-0.008298802814695066
19545,-1.2697417394501338,-0.008298802814695066
19546,-1.2697417394502775,-0.008298802814695066
19547,-1.269741739450288,-0.008298802814695066
19548,-1.2697417394504005,-0.008298802814695066
19549,-1.269741739450413,-0.008298802814695066
19550,-1.2697417394504318,-0.008298802814695066
19551,-1.2697417394506765,-0.008298802814695066
19552,-1.2697417394509598,-0.008298802814695066
19553,-1.2697417394509805,-0.008298802814695066
19554,-1.269741739451053,-0.008298802814695066
19555,-1.2697417394510926,-0.008298802814695066
19556,-1.2697417394510966,-0.008298802814695066
19557,-1.2697417394511323,-0.008298802814695066
19558,-1.269741739451495,-0.008298802814695066
19559,-1.2697417394516692,-0.008298802814695066
19560,-1.2697417394517878,-0.008298802814695066
19561,-1.2697417394519324,-0.008298802814695066
19562,-1.269741739452121,-0.008298802814695066
19563,-1.269741739452228,-0.008298802814695066
19564,-1.2697417394528085,-0.008298802814695066
19565,-1.269741739453028,-0.008298802814695066
19566,-1.2697417394530766,-0.008298802814695066
19567,-1.2697417394530792,-0.008298802814695066
19568,-1.2697417394532402,-0.008298802814695066
19569,-1.2697417394534007,-0.008298802814695066
19570,-1.269741739453607,-0.008298802814695066
19571,-1.2697417394537258,-0.008298802814695066
19572,-1.2697417394538293,-0.008298802814695066
19573,-1.2697417394540151,-0.008298802814695066
19574,-1.2697417394541817,-0.008298802814695066
19575,-1.2697417394542154,-0.008298802814695066
19576,-1.2697417394542438,-0.008298802814695066
19577,-1.2697417394547803,-0.008298802814695066
19578,-1.2697417394557888,-0.008298802814695066
19579,-1.2697417394559312,-0.008298802814695066
19580,-1.2697417394561277,-0.008298802814695066
19581,-1.269741739456427,-0.008298802814695066
19582,-1.269741739456433,-0.008298802814695066
19583,-1.2697417394564647,-0.008298802814695066
19584,-1.2697417394566464,-0.008298802814695066
19585,-1.269741739456817,-0.008298802814695066
19586,-1.269741739456893,-0.008298802814695066
19587,-1.2697417394570296,-0.008298802814695066
19588,-1.2697417394571158,-0.008298802814695066
19589,-1.2697417394572978,-0.008298802814695066
19590,-1.2697417394576713,-0.008298802814695066
19591,-1.2697417394576724,-0.008298802814695066
19592,-1.269741739457793,-0.008298802814695066
19593,-1.269741739458102,-0.008298802814695066
19594,-1.26974173945838,-0.008298802814695066
19595,-1.2697417394587782,-0.008298802814695066
19596,-1.2697417394588348,-0.008298802814695066
19597,-1.2697417394588624,-0.008298802814695066
19598,-1.2697417394590977,-0.008298802814695066
19599,-1.2697417394593142,-0.008298802814695066
19600,-1.2697417394596089,-0.008298802814695066
19601,-1.2697417394597894,-0.008298802814695066
19602,-1.2697417394598345,-0.008298802814695066
19603,-1.2697417394601134,-0.008298802814695066
19604,-1.2697417394605033,-0.008298802814695066
19605,-1.269741739460516,-0.008298802814695066
19606,-1.269741739460735,-0.008298802814695066
19607,-1.2697417394608386,-0.008298802814695066
19608,-1.2697417394611514,-0.008298802814695066
19609,-1.2697417394611823,-0.008298802814695066
19610,-1.269741739461562,-0.008298802814695066
19611,-1.2697417394615975,-0.008298802814695066
19612,-1.2697417394619492,-0.008298802814695066
19613,-1.2697417394620507,-0.008298802814695066
19614,-1.2697417394621917,-0.008298802814695066
19615,-1.2697417394623314,-0.008298802814695066
19616,-1.2697417394624226,-0.008298802814695066
19617,-1.2697417394628678,-0.008298802814695066
19618,-1.2697417394629045,-0.008298802814695066
19619,-1.2697417394631425,-0.008298802814695066
19620,-1.2697417394633366,-0.008298802814695066
19621,-1.269741739463485,-0.008298802814695066
19622,-1.269741739463698,-0.008298802814695066
19623,-1.2697417394637431,-0.008298802814695066
19624,-1.2697417394637558,-0.008298802814695066
19625,-1.2697417394639063,-0.008298802814695066
19626,-1.2697417394642103,-0.008298802814695066
19627,-1.2697417394644566,-0.008298802814695066
19628,-1.2697417394644581,-0.008298802814695066
19629,-1.2697417394645443,-0.008298802814695066
19630,-1.2697417394645703,-0.008298802814695066
19631,-1.2697417394646573,-0.008298802814695066
19632,-1.2697417394650254,-0.008298802814695066
19633,-1.2697417394650437,-0.008298802814695066
19634,-1.2697417394652106,-0.008298802814695066
19635,-1.2697417394653496,-0.008298802814695066
19636,-1.2697417394655117,-0.008298802814695066
19637,-1.2697417394656307,-0.008298802814695066
19638,-1.2697417394656791,-0.008298802814695066
19639,-1.2697417394656885,-0.008298802814695066
19640,-1.269741739465871,-0.008298802814695066
19641,-1.2697417394659647,-0.008298802814695066
19642,-1.2697417394661452,-0.008298802814695066
19643,-1.2697417394662736,-0.008298802814695066
19644,-1.2697417394664967,-0.008298802814695066
19645,-1.269741739466498,-0.008298802814695066
19646,-1.2697417394669377,-0.008298802814695066
19647,-1.26974173946711,-0.008298802814695066
19648,-1.2697417394671227,-0.008298802814695066
19649,-1.2697417394672463,-0.008298802814695066
19650,-1.2697417394674158,-0.008298802814695066
19651,-1.2697417394676644,-0.008298802814695066
19652,-1.2697417394676684,-0.008298802814695066
19653,-1.2697417394676875,-0.008298802814695066
19654,-1.2697417394679844,-0.008298802814695066
19655,-1.2697417394682995,-0.008298802814695066
19656,-1.2697417394686326,-0.008298802814695066
19657,-1.2697417394688941,-0.008298802814695066
19658,-1.2697417394691306,-0.008298802814695066
19659,-1.2697417394694532,-0.008298802814695066
19660,-1.2697417394697175,-0.008298802814695066
19661,-1.2697417394697703,-0.008298802814695066
19662,-1.2697417394699388,-0.008298802814695066
19663,-1.269741739470017,-0.008298802814695066
19664,-1.2697417394700223,-0.008298802814695066
19665,-1.2697417394701533,-0.008298802814695066
19666,-1.2697417394701762,-0.008298802814695066
19667,-1.2697417394701977,-0.008298802814695066
19668,-1.269741739470544,-0.008298802814695066
19669,-1.2697417394705859,-0.008298802814695066
19670,-1.2697417394706851,-0.008298802814695066
19671,-1.2697417394707142,-0.008298802814695066
19672,-1.2697417394707307,-0.008298802814695066
19673,-1.2697417394708017,-0.008298802814695066
19674,-1.269741739470844,-0.008298802814695066
19675,-1.269741739471023,-0.008298802814695066
19676,-1.2697417394710453,-0.008298802814695066
19677,-1.2697417394712627,-0.008298802814695066
19678,-1.269741739471532,-0.008298802814695066
19679,-1.2697417394715629,-0.008298802814695066
19680,-1.2697417394716073,-0.008298802814695066
19681,-1.2697417394718276,-0.008298802814695066
19682,-1.2697417394721182,-0.008298802814695066
19683,-1.2697417394722037,-0.008298802814695066
19684,-1.269741739472251,-0.008298802814695066
19685,-1.2697417394723145,-0.00836824967051658
19686,-1.2697417394723145,-0.008438868645864595
19687,-1.2697417394723767,-0.008298802814695066
19688,-1.2697417394725625,-0.008298802814695066
19689,-1.2697417394726465,-0.008298802814695066
19690,-1.2697417394727688,-0.008298802814695066
19691,-1.2697417394729607,-0.008298802814695066
19692,-1.269741739472977,-0.008298802814695066
19693,-1.2697417394732047,-0.008298802814695066
19694,-1.2697417394733113,-0.008298802814695066
19695,-1.2697417394735706,-0.008298802814695066
19696,-1.2697417394736,-0.008298802814695066
19697,-1.2697417394737103,-0.008298802814695066
19698,-1.269741739473825,-0.008298802814695066
19699,-1.269741739473984,-0.008298802814695066
19700,-1.2697417394740134,-0.008298802814695066
19701,-1.2697417394742943,-0.008298802814695066
19702,-1.2697417394744428,-0.008298802814695066
19703,-1.2697417394745156,-0.008298802814695066
19704,-1.269741739474544,-0.008298802814695066
19705,-1.2697417394747108,-0.008298802814695066
19706,-1.2697417394747639,-0.008298802814695066
19707,-1.269741739474812,-0.008298802814695066
19708,-1.2697417394748391,-0.008298802814695066
19709,-1.269741739474902,-0.008298802814695066
19710,-1.2697417394749966,-0.008298802814695066
19711,-1.26974173947514,-0.008298802814695066
19712,-1.2697417394751624,-0.008298802814695066
19713,-1.2697417394751793,-0.008298802814695066
19714,-1.26974173947519,-0.008298802814695066
19715,-1.269741739475355,-0.008298802814695066
19716,-1.269741739475597,-0.008298802814695066
19717,-1.2697417394756028,-0.008298802814695066
19718,-1.2697417394756831,-0.008298802814695066
19719,-1.2697417394757673,-0.008298802814695066
19720,-1.2697417394761072,-0.008298802814695066
19721,-1.2697417394762942,-0.008298802814695066
19722,-1.2697417394763875,-0.008298802814695066
19723,-1.2697417394767692,-0.008298802814695066
19724,-1.2697417394767894,-0.008298802814695066
19725,-1.2697417394769146,-0.008298802814695066
19726,-1.2697417394769197,-0.008298802814695066
19727,-1.2697417394769557,-0.008298802814695066
19728,-1.2697417394769774,-0.008298802814695066
19729,-1.2697417394769888,-0.008298802814695066
19730,-1.2697417394770254,-0.008298802814695066
19731,-1.2697417394772,-0.008298802814695066
19732,-1.2697417394772688,-0.008298802814695066
19733,-1.2697417394773918,-0.008298802814695066
19734,-1.269741739477407,-0.008298802814695066
19735,-1.2697417394774648,-0.008298802814695066
19736,-1.269741739477742,-0.008298802814695066
19737,-1.2697417394777846,-0.008298802814695066
19738,-1.2697417394778172,-0.008298802814695066
19739,-1.2697417394779131,-0.008298802814695066
19740,-1.2697417394781274,-0.008298802814695066
19741,-1.2697417394781727,-0.008298802814695066
19742,-1.2697417394781927,-0.008298802814695066
19743,-1.2697417394783928,-0.008298802814695066
19744,-1.2697417394785886,-0.008298802814695066
19745,-1.269741739478664,-0.008298802814695066
19746,-1.2697417394786854,-0.008298802814695066
19747,-1.2697417394789752,-0.008298802814695066
19748,-1.2697417394791373,-0.008298802814695066
19749,-1.2697417394791526,-0.008298802814695066
19750,-1.2697417394792414,-0.008298802814695066
19751,-1.2697417394793185,-0.008298802814695066
19752,-1.2697417394793515,-0.008298802814695066
19753,-1.2697417394793589,-0.008298802814695066
19754,-1.2697417394794321,-0.008298802814695066
19755,-1.2697417394797883,-0.008298802814695066
19756,-1.269741739479819,-0.008298802814695066
19757,-1.2697417394798536,-0.008298802814695066
19758,-1.2697417394800838,-0.008298802814695066
19759,-1.2697417394801052,-0.008298802814695066
19760,-1.2697417394801316,-0.008298802814695066
19761,-1.2697417394802044,-0.008298802814695066
19762,-1.2697417394802288,-0.008298802814695066
19763,-1.2697417394802986,-0.008298802814695066
19764,-1.2697417394803767,-0.008298802814695066
19765,-1.2697417394805615,-0.008298802814695066
19766,-1.2697417394806052,-0.008298802814695066
19767,-1.2697417394806063,-0.008298802814695066
19768,-1.2697417394806965,-0.008298802814695066
19769,-1.2697417394807684,-0.008298802814695066
19770,-1.2697417394808201,-0.008298802814695066
19771,-1.2697417394808475,-0.008298802814695066
19772,-1.269741739480862,-0.008298802814695066
19773,-1.269741739480903,-0.008298802814695066
19774,-1.2697417394811759,-0.008298802814695066
19775,-1.2697417394813042,-0.008298802814695066
19776,-1.2697417394815829,-0.008298802814695066
19777,-1.2697417394816246,-0.008298802814695066
19778,-1.269741739481678,-0.008298802814695066
19779,-1.2697417394817927,-0.008298802814695066
19780,-1.2697417394817998,-0.008298802814695066
19781,-1.2697417394820119,-0.008298802814695066
19782,-1.26974173948207,-0.008298802814695066
19783,-1.269741739482388,-0.008298802814695066
19784,-1.2697417394824675,-0.008298802814695066
19785,-1.269741739482519,-0.008298802814695066
19786,-1.26974173948256,-0.008298802814695066
19787,-1.2697417394828054,-0.008298802814695066
19788,-1.2697417394828083,-0.008298802814695066
19789,-1.2697417394828616,-0.008298802814695066
19790,-1.2697417394833908,-0.008298802814695066
19791,-1.2697417394834134,-0.008298802814695066
19792,-1.2697417394834214,-0.008298802814695066
19793,-1.2697417394836348,-0.008298802814695066
19794,-1.269741739483679,-0.008298802814695066
19795,-1.26974173948384,-0.008298802814695066
19796,-1.2697417394841781,-0.008298802814695066
19797,-1.269741739484237,-0.008298802814695066
19798,-1.2697417394842634,-0.008298802814695066
19799,-1.2697417394846064,-0.008298802814695066
19800,-1.2697417394846313,-0.008298802814695066
19801,-1.2697417394848922,-0.008298802814695066
19802,-1.2697417394849924,-0.008298802814695066
19803,-1.2697417394850323,-0.008298802814695066
19804,-1.2697417394850632,-0.008298802814695066
19805,-1.2697417394852466,-0.008298802814695066
19806,-1.2697417394852846,-0.008298802814695066
19807,-1.269741739485362,-0.008298802814695066
19808,-1.2697417394853625,-0.008298802814695066
19809,-1.2697417394856356,-0.008298802814695066
19810,-1.269741739485683,-0.008298802814695066
19811,-1.2697417394858352,-0.008298802814695066
19812,-1.2697417394858652,-0.008298802814695066
19813,-1.2697417394859962,-0.008298802814695066
19814,-1.2697417394862165,-0.008298802814695066
19815,-1.269741739486252,-0.008298802814695066
19816,-1.2697417394864194,-0.008298802814695066
19817,-1.2697417394865131,-0.008298802814695066
19818,-1.2697417394865296,-0.008298802814695066
19819,-1.2697417394865442,-0.008298802814695066
19820,-1.2697417394867236,-0.008298802814695066
19821,-1.2697417394868007,-0.008298802814695066
19822,-1.2697417394869233,-0.008298802814695066
19823,-1.2697417394869683,-0.008298802814695066
19824,-1.269741739487229,-0.008298802814695066
19825,-1.269741739487364,-0.008298802814695066
19826,-1.2697417394873876,-0.008298802814695066
19827,-1.2697417394874844,-0.008298802814695066
19828,-1.269741739487619,-0.008298802814695066
19829,-1.2697417394883912,-0.008298802814695066
19830,-1.2697417394883919,-0.008298802814695066
19831,-1.2697417394884876,-0.008298802814695066
19832,-1.2697417394886221,-0.008298802814695066
19833,-1.2697417394887187,-0.008298802814695066
19834,-1.2697417394887331,-0.008298802814695066
19835,-1.269741739488746,-0.008298802814695066
19836,-1.2697417394890471,-0.008298802814695066
19837,-1.2697417394890662,-0.008298802814695066
19838,-1.2697417394891766,-0.008298802814695066
19839,-1.2697417394892472,-0.008298802814695066
19840,-1.2697417394893684,-0.008298802814695066
19841,-1.26974173948938,-0.008298802814695066
19842,-1.269741739489646,-0.008298802814695066
19843,-1.2697417394897021,-0.008298802814695066
19844,-1.269741739489914,-0.008298802814695066
19845,-1.2697417394900938,-0.008298802814695066
19846,-1.2697417394901531,-0.008298802814695066
19847,-1.2697417394902324,-0.008298802814695066
19848,-1.2697417394903923,-0.008298802814695066
19849,-1.2697417394904322,-0.008298802814695066
19850,-1.269741739490462,-0.008298802814695066
19851,-1.2697417394905601,-0.008298802814695066
19852,-1.2697417394906734,-0.008298802814695066
19853,-1.2697417394909722,-0.008298802814695066
19854,-1.2697417394909845,-0.008298802814695066
19855,-1.2697417394914057,-0.008298802814695066
19856,-1.2697417394916852,-0.008298802814695066
19857,-1.2697417394917268,-0.008298802814695066
19858,-1.269741739491765,-0.008298802814695066
19859,-1.2697417394920132,-0.008298802814695066
19860,-1.2697417394920598,-0.008298802814695066
19861,-1.269741739492201,-0.008298802814695066
19862,-1.2697417394925004,-0.008298802814695066
19863,-1.2697417394925115,-0.008298802814695066
19864,-1.2697417394925221,-0.008298802814695066
19865,-1.269741739492523,-0.008298802814695066
19866,-1.2697417394926593,-0.008298802814695066
19867,-1.2697417394927422,-0.008298802814695066
19868,-1.269741739492769,-0.008298802814695066
19869,-1.2697417394928021,-0.008298802814695066
19870,-1.2697417394928734,-0.008298802814695066
19871,-1.269741739493081,-0.008298802814695066
19872,-1.2697417394931299,-0.008298802814695066
19873,-1.2697417394931514,-0.008298802814695066
19874,-1.2697417394932795,-0.008298802814695066
19875,-1.2697417394933068,-0.008298802814695066
19876,-1.2697417394933468,-0.008298802814695066
19877,-1.2697417394934034,-0.008298802814695066
19878,-1.2697417394934463,-0.008298802814695066
19879,-1.2697417394934738,-0.008298802814695066
19880,-1.2697417394935424,-0.008298802814695066
19881,-1.2697417394935482,-0.008298802814695066
19882,-1.2697417394937442,-0.008298802814695066
19883,-1.269741739493825,-0.008298802814695066
19884,-1.2697417394939363,-0.008298802814695066
19885,-1.2697417394939992,-0.008298802814695066
19886,-1.2697417394940533,-0.008298802814695066
19887,-1.2697417394940649,-0.008298802814695066
19888,-1.2697417394941781,-0.008298802814695066
19889,-1.2697417394941977,-0.008298802814695066
19890,-1.2697417394943262,-0.008298802814695066
19891,-1.2697417394944512,-0.008298802814695066
19892,-1.2697417394944748,-0.008298802814695066
19893,-1.2697417394945014,-0.008298802814695066
19894,-1.2697417394948227,-0.008298802814695066
19895,-1.269741739495015,-0.008298802814695066
19896,-1.2697417394950927,-0.008298802814695066
19897,-1.2697417394951593,-0.008298802814695066
19898,-1.2697417394951807,-0.008298802814695066
19899,-1.2697417394952106,-0.008298802814695066
19900,-1.2697417394952486,-0.008298802814695066
19901,-1.2697417394954305,-0.008298802814695066
19902,-1.2697417394954433,-0.008298802814695066
19903,-1.2697417394956947,-0.008298802814695066
19904,-1.269741739495719,-0.008298802814695066
19905,-1.269741739495744,-0.008298802814695066
19906,-1.269741739495787,-0.008298802814695066
19907,-1.2697417394960921,-0.008298802814695066
19908,-1.2697417394963144,-0.008298802814695066
19909,-1.269741739496449,-0.008298802814695066
19910,-1.2697417394965076,-0.008298802814695066
19911,-1.2697417394968302,-0.008298802814695066
19912,-1.2697417394968429,-0.008298802814695066
19913,-1.2697417394968546,-0.008298802814695066
19914,-1.269741739496954,-0.008298802814695066
19915,-1.2697417394971262,-0.008298802814695066
19916,-1.2697417394971557,-0.008298802814695066
19917,-1.2697417394972599,-0.008298802814695066
19918,-1.2697417394973318,-0.008298802814695066
19919,-1.2697417394973882,-0.008298802814695066
19920,-1.2697417394974793,-0.008298802814695066
19921,-1.2697417394975097,-0.008298802814695066
19922,-1.2697417394977144,-0.008298802814695066
19923,-1.269741739497827,-0.008298802814695066
19924,-1.2697417394978339,-0.008298802814695066
19925,-1.2697417394979382,-0.008298802814695066
19926,-1.2697417394980253,-0.008298802814695066
19927,-1.2697417394980461,-0.008298802814695066
19928,-1.2697417394980677,-0.008298802814695066
19929,-1.2697417394980848,-0.008298802814695066
19930,-1.269741739498201,-0.008298802814695066
19931,-1.2697417394984254,-0.008298802814695066
19932,-1.2697417394984696,-0.008298802814695066
19933,-1.2697417394984751,-0.008298802814695066
19934,-1.2697417394984836,-0.008298802814695066
19935,-1.2697417394985289,-0.008298802814695066
19936,-1.2697417394986774,-0.008298802814695066
19937,-1.2697417394988564,-0.008298802814695066
19938,-1.2697417394989672,-0.008298802814695066
19939,-1.269741739499009,-0.008298802814695066
19940,-1.269741739499078,-0.008298802814695066
19941,-1.2697417394991066,-0.008298802814695066
19942,-1.2697417394991686,-0.008298802814695066
19943,-1.2697417394992578,-0.00836824967051658
19944,-1.2697417394992578,-0.008438868645864595
19945,-1.2697417394994817,-0.008298802814695066
19946,-1.2697417394996426,-0.008298802814695066
19947,-1.269741739499686,-0.008298802814695066
19948,-1.2697417394996935,-0.008298802814695066
19949,-1.269741739499732,-0.008298802814695066
19950,-1.2697417394998056,-0.008298802814695066
19951,-1.269741739499878,-0.008298802814695066
19952,-1.2697417394999548,-0.008298802814695066
19953,-1.269741739499972,-0.008298802814695066
19954,-1.2697417395000121,-0.008298802814695066
19955,-1.2697417395000392,-0.008298802814695066
19956,-1.2697417395000792,-0.008298802814695066
19957,-1.2697417395000854,-0.008298802814695066
19958,-1.2697417395001342,-0.008298802814695066
19959,-1.2697417395002164,-0.008298802814695066
19960,-1.2697417395003034,-0.008298802814695066
19961,-1.2697417395004158,-0.008298802814695066
19962,-1.2697417395005832,-0.008298802814695066
19963,-1.2697417395006037,-0.008298802814695066
19964,-1.2697417395007815,-0.008298802814695066
19965,-1.269741739500793,-0.008298802814695066
19966,-1.2697417395008892,-0.008298802814695066
19967,-1.2697417395009156,-0.008298802814695066
19968,-1.2697417395010149,-0.008298802814695066
19969,-1.2697417395010322,-0.008298802814695066
19970,-1.269741739501051,-0.008298802814695066
19971,-1.269741739501066,-0.008298802814695066
19972,-1.2697417395012494,-0.008298802814695066
19973,-1.2697417395015727,-0.008298802814695066
19974,-1.2697417395017252,-0.008298802814695066
19975,-1.26974173950179,-0.008298802814695066
19976,-1.269741739501908,-0.008298802814695066
19977,-1.2697417395019603,-0.008298802814695066
19978,-1.2697417395019643,-0.008298802814695066
19979,-1.2697417395019683,-0.008298802814695066
19980,-1.2697417395020167,-0.008298802814695066
19981,-1.2697417395021369,-0.008298802814695066
19982,-1.2697417395022437,-0.008298802814695066
19983,-1.2697417395023154,-0.008298802814695066
19984,-1.269741739502395,-0.008298802814695066
19985,-1.2697417395024193,-0.008298802814695066
19986,-1.2697417395025554,-0.008298802814695066
19987,-1.2697417395026345,-0.008298802814695066
19988,-1.269741739502672,-0.008298802814695066
19989,-1.2697417395027317,-0.008298802814695066
19990,-1.2697417395028716,-0.008298802814695066
19991,-1.2697417395029174,-0.008298802814695066
19992,-1.2697417395030917,-0.008298802814695066
19993,-1.2697417395031547,-0.008298802814695066
19994,-1.2697417395031732,-0.008298802814695066
19995,-1.2697417395032227,-0.008298802814695066
19996,-1.2697417395032362,-0.008298802814695066
19997,-1.2697417395032984,-0.008298802814695066
19998,-1.2697417395034554,-0.008298802814695066
19999,-1.2697417395034731,-0.008298802814695066
20000,-1.269741739503608,-0.008298802814695066
