iter,emax,log_compression
1,4520.075857470694,-0.008298802814695066
2,413.64492598287336,-0.008298802814695066
3,255.85618540226835,-0.008298802814695066
4,183.57761388768168,-0.008298802814695066
5,183.02538659301746,-0.008298802814695066
6,151.8277501483891,-0.008298802814695066
7,62.05389929389187,-0.008298802814695066
8,50.49619279843664,-0.008298802814695066
9,21.347518506928324,-0.008298802814695066
10,16.037978756365646,-0.008298802814695066
11,9.966371381501315,-0.008298802814695066
12,8.92670802117292,-0.008298802814695066
13,7.735550145367981,-0.008298802814695066
14,4.999553522613083,-0.008298802814695066
15,3.4279339365405175,-0.008298802814695066
16,2.7242612139970834,-0.008298802814695066
17,2.2265837999217415,-0.008298802814695066
18,1.7420354345945686,-0.008298802814695066
19,1.3198939169520925,-0.008298802814695066
20,1.2505108765157573,-0.008298802814695066
21,1.1069897251197895,-0.008298802814695066
22,1.102427525199222,-0.008298802814695066
23,0.9691188829810834,-0.008298802814695066
24,0.9556352722954037,-0.008298802814695066
25,0.6506675564530042,-0.008298802814695066
26,0.542401538011596,-0.008298802814695066
27,0.44048188230346824,-0.008298802814695066
28,0.12392190189167895,-0.008298802814695066
29,0.11872638660840218,-0.008298802814695066
30,0.11675491100054762,-0.008298802814695066
31,0.07597948009468208,-0.008298802814695066
32,-0.00036917029688818753,-0.008298802814695066
33,-0.0009403795917557974,-0.008298802814695066
34,-0.0015380594848352302,-0.008298802814695066
35,-0.00207309659238587,-0.008298802814695066
36,-0.002077198222621811,-0.008298802814695066
37,-0.002839082246726044,-0.008298802814695066
38,-0.0030206526754546093,-0.008298802814695066
39,-0.003368851764589547,-0.008298802814695066
40,-0.003430084452857628,-0.008298802814695066
41,-0.0038410594004243946,-0.008298802814695066
42,-0.0038613566425773497,-0.008298802814695066
43,-0.004058829217632659,-0.008298802814695066
44,-0.004275844325608267,-0.008298802814695066
45,-0.005248135060722515,-0.008298802814695066
46,-0.005286990883323506,-0.008298802814695066
47,-0.00561109151756127,-0.008298802814695066
48,-0.005817882254613028,-0.008298802814695066
49,-0.006118453823039934,-0.008298802814695066
50,-0.006344061312658667,-0.008298802814695066
51,-0.006793366622571308,-0.008298802814695066
52,-0.006993117988931891,-0.008298802814695066
53,-0.007316112206912375,-0.008298802814695066
54,-0.008135687682830066,-0.008298802814695066
55,-0.00858652296359997,-0.008298802814695066
56,-0.008853551445992843,-0.008298802814695066
57,-0.008858424815046492,-0.008298802814695066
58,-0.008905207599219535,-0.008298802814695066
59,-0.009407116884701017,-0.008298802814695066
60,-0.009423858183898298,-0.008298802814695066
61,-0.00977583882568835,-0.008298802814695066
62,-0.0098919598030466,-0.008298802814695066
63,-0.010013034544234143,-0.008298802814695066
64,-0.010063650158992476,-0.008298802814695066
65,-0.010191920845065518,-0.008298802814695066
66,-0.010206277970898304,-0.008298802814695066
67,-0.011007524472955141,-0.008298802814695066
68,-0.011144734313534686,-0.008298802814695066
69,-0.011533113409283771,-0.008298802814695066
70,-0.01162185794865462,-0.008298802814695066
71,-0.011789081367576995,-0.008298802814695066
72,-0.012065574647695535,-0.008298802814695066
73,-0.012414049163212043,-0.008298802814695066
74,-0.012504844383674399,-0.008298802814695066
75,-0.01260167122366838,-0.008298802814695066
76,-0.012611824255912776,-0.008298802814695066
77,-0.013266621911695422,-0.008298802814695066
78,-0.013743951182887402,-0.008298802814695066
79,-0.015119683348429998,-0.008298802814695066
80,-0.015499175786318244,-0.008298802814695066
81,-0.01563388991470531,-0.008298802814695066
82,-0.015970542182727924,-0.008298802814695066
83,-0.016300647215446155,-0.008298802814695066
84,-0.016521374224055845,-0.008298802814695066
85,-0.01683939784838895,-0.008298802814695066
86,-0.016888244014818653,-0.008298802814695066
87,-0.017869987613834893,-0.008298802814695066
88,-0.01805824788134503,-0.008298802814695066
89,-0.018547866589892614,-0.008298802814695066
90,-0.01861611720419134,-0.008298802814695066
91,-0.01866571375635064,-0.008298802814695066
92,-0.0188542660670746,-0.008298802814695066
93,-0.01892133896155989,-0.008298802814695066
94,-0.019611398436112693,-0.008298802814695066
95,-0.019751965122811344,-0.008298802814695066
96,-0.019800796087294965,-0.008298802814695066
97,-0.02014034225178147,-0.008298802814695066
98,-0.02029182476232047,-0.008298802814695066
99,-0.020656853809713514,-0.008298802814695066
100,-0.020788931187277863,-0.008298802814695066
101,-0.02101267931212971,-0.008298802814695066
102,-0.021456902187029142,-0.008298802814695066
103,-0.021479061017676482,-0.008298802814695066
104,-0.022039077430915686,-0.008298802814695066
105,-0.022199200684309056,-0.008298802814695066
106,-0.022397524666074805,-0.008298802814695066
107,-0.02313642943994533,-0.008298802814695066
108,-0.02317159545929818,-0.008298802814695066
109,-0.023479440350231945,-0.008298802814695066
110,-0.02350784864645499,-0.008298802814695066
111,-0.023582718346805257,-0.008298802814695066
112,-0.024695014573875823,-0.008298802814695066
113,-0.02563900223463339,-0.008298802814695066
114,-0.025968222973344612,-0.008298802814695066
115,-0.027413289858343546,-0.008298802814695066
116,-0.028038002790460263,-0.008298802814695066
117,-0.028999978748684804,-0.008298802814695066
118,-0.029214168551800968,-0.008298802814695066
119,-0.029317983725349064,-0.008298802814695066
120,-0.03005803077233027,-0.008298802814695066
121,-0.030877836479731986,-0.008298802814695066
122,-0.03193485387685977,-0.008298802814695066
123,-0.03323819521265334,-0.008298802814695066
124,-0.03341276483617981,-0.008298802814695066
125,-0.03390479736099258,-0.008298802814695066
126,-0.03499121403854101,-0.008298802814695066
127,-0.03511879277011261,-0.008298802814695066
128,-0.03648360202136233,-0.008298802814695066
129,-0.0370364797271773,-0.008298802814695066
130,-0.0397595024096378,-0.008298802814695066
131,-0.040292826825640275,-0.008298802814695066
132,-0.04162807062324735,-0.008298802814695066
133,-0.04189828472522874,-0.008298802814695066
134,-0.04280984423495659,-0.008298802814695066
135,-0.04295483475297111,-0.008298802814695066
136,-0.04306150707611151,-0.008298802814695066
137,-0.04312095337686478,-0.008298802814695066
138,-0.04320707633887048,-0.008298802814695066
139,-0.04328301375485088,-0.008298802814695066
140,-0.04393000466213232,-0.008298802814695066
141,-0.04425909827927999,-0.008298802814695066
142,-0.04467234367069839,-0.008298802814695066
143,-0.044678503175722355,-0.008298802814695066
144,-0.045146457356058926,-0.008298802814695066
145,-0.04607190819741654,-0.008298802814695066
146,-0.046267955033547255,-0.008298802814695066
147,-0.046852139875180804,-0.008298802814695066
148,-0.046857970036631336,-0.008298802814695066
149,-0.04695364067772149,-0.008298802814695066
150,-0.047598950146847695,-0.008298802814695066
151,-0.04829643028682947,-0.008298802814695066
152,-0.049130679865069665,-0.008298802814695066
153,-0.04913481464481368,-0.008298802814695066
154,-0.051015891606080374,-0.008298802814695066
155,-0.05134498252059575,-0.008298802814695066
156,-0.05152964892209239,-0.008298802814695066
157,-0.05219600420313133,-0.008298802814695066
158,-0.05305568826997342,-0.008298802814695066
159,-0.05406913759115535,-0.008298802814695066
160,-0.05498507638855682,-0.008298802814695066
161,-0.05522598464305686,-0.008298802814695066
162,-0.05558643171822214,-0.008298802814695066
163,-0.055716044359335005,-0.008298802814695066
164,-0.05595764748438551,-0.008298802814695066
165,-0.05602585838469159,-0.008298802814695066
166,-0.056435544926152055,-0.008298802814695066
167,-0.0572920705697875,-0.008298802814695066
168,-0.05857080590773484,-0.008298802814695066
169,-0.05922146736415365,-0.008298802814695066
170,-0.05926528358390631,-0.008298802814695066
171,-0.06028385213184638,-0.008298802814695066
172,-0.061914172465788904,-0.008298802814695066
173,-0.06238444771001052,-0.008298802814695066
174,-0.06258609724697281,-0.008298802814695066
175,-0.06279576336800119,-0.008298802814695066
176,-0.06333838014970297,-0.008298802814695066
177,-0.06359870348086061,-0.008298802814695066
178,-0.06449004042383485,-0.008298802814695066
179,-0.0653846977921392,-0.008298802814695066
180,-0.06573298586336307,-0.008298802814695066
181,-0.06680465380635149,-0.008298802814695066
182,-0.06682885458952643,-0.008298802814695066
183,-0.06703842021345618,-0.008298802814695066
184,-0.06737225052976534,-0.008298802814695066
185,-0.06757139771173548,-0.008298802814695066
186,-0.06771426112214819,-0.008298802814695066
187,-0.06909872325598962,-0.008298802814695066
188,-0.06935905865733362,-0.008298802814695066
189,-0.06997140339247016,-0.008298802814695066
190,-0.07005552218138704,-0.008298802814695066
191,-0.07010516899714558,-0.008298802814695066
192,-0.07023512170670874,-0.008298802814695066
193,-0.07196898518924154,-0.008298802814695066
194,-0.07199266049833818,-0.008298802814695066
195,-0.07324563792115013,-0.008298802814695066
196,-0.07332879071924052,-0.008298802814695066
197,-0.07370690216840843,-0.008298802814695066
198,-0.07437139469274405,-0.008298802814695066
199,-0.07438603661096473,-0.008298802814695066
200,-0.0745959972840608,-0.008298802814695066
201,-0.07488568118554408,-0.008298802814695066
202,-0.07535179661727637,-0.008298802814695066
203,-0.07547166505531275,-0.008298802814695066
204,-0.07621957292022344,-0.008298802814695066
205,-0.0767321262638563,-0.008298802814695066
206,-0.07692761235738452,-0.008298802814695066
207,-0.07697491732578889,-0.008298802814695066
208,-0.07758325348459187,-0.008298802814695066
209,-0.07795381891330189,-0.008298802814695066
210,-0.07839470716655962,-0.008298802814695066
211,-0.08094224457205057,-0.008298802814695066
212,-0.08190177213222455,-0.008298802814695066
213,-0.08202725446761691,-0.008298802814695066
214,-0.0820390041129597,-0.008298802814695066
215,-0.08358389573924793,-0.008298802814695066
216,-0.08381939861315268,-0.008298802814695066
217,-0.08393034917731938,-0.008298802814695066
218,-0.08416107666268527,-0.008298802814695066
219,-0.08418098512445957,-0.008298802814695066
220,-0.0842869205309284,-0.008298802814695066
221,-0.08453123368582498,-0.008298802814695066
222,-0.08455981517130882,-0.008298802814695066
223,-0.08525066302427645,-0.008298802814695066
224,-0.0860462648930605,-0.008298802814695066
225,-0.08605299196404291,-0.008298802814695066
226,-0.08692826451302582,-0.008298802814695066
227,-0.08767900677313457,-0.008298802814695066
228,-0.0892101206361188,-0.008298802814695066
229,-0.0894379386716095,-0.008298802814695066
230,-0.08980828863137394,-0.008298802814695066
231,-0.09008109551217772,-0.008298802814695066
232,-0.09048860119667393,-0.008298802814695066
233,-0.09061949344709527,-0.008298802814695066
234,-0.09198420358869579,-0.008298802814695066
235,-0.09259924919432812,-0.008298802814695066
236,-0.09261084660195651,-0.008298802814695066
237,-0.09445207869841438,-0.008298802814695066
238,-0.09534541179700332,-0.008298802814695066
239,-0.0953671891020266,-0.008298802814695066
240,-0.09585004200364595,-0.008298802814695066
241,-0.09712438544526915,-0.008298802814695066
242,-0.09721874496808099,-0.008298802814695066
243,-0.09730559284725353,-0.008298802814695066
244,-0.09732693042391455,-0.008298802814695066
245,-0.09810096825389654,-0.008298802814695066
246,-0.09827581494468576,-0.008298802814695066
247,-0.0987555129777413,-0.008298802814695066
248,-0.09896870140405273,-0.008298802814695066
249,-0.0990292846884038,-0.008298802814695066
250,-0.09968429054479748,-0.008298802814695066
251,-0.09971989140371654,-0.008298802814695066
252,-0.09973601895505346,-0.008298802814695066
253,-0.0998855814341852,-0.008298802814695066
254,-0.1004257364833066,-0.008298802814695066
255,-0.10057585568422067,-0.008298802814695066
256,-0.10071523130523372,-0.008298802814695066
257,-0.10089305845715385,-0.008298802814695066
258,-0.10129440830444551,-0.008298802814695066
259,-0.10132082671477115,-0.008298802814695066
260,-0.10144273671562326,-0.008298802814695066
261,-0.10145844105056424,-0.008298802814695066
262,-0.10153846974050805,-0.008298802814695066
263,-0.10170356400846665,-0.008298802814695066
264,-0.10198476009203256,-0.008298802814695066
265,-0.10222744937779243,-0.008298802814695066
266,-0.10265413345493687,-0.008298802814695066
267,-0.10281408404715323,-0.008298802814695066
268,-0.1029465460258945,-0.008298802814695066
269,-0.10311544334130197,-0.008298802814695066
270,-0.10313865780913085,-0.008298802814695066
271,-0.10366521005307186,-0.008298802814695066
272,-0.10373704565312908,-0.008298802814695066
273,-0.10442559148544106,-0.008298802814695066
274,-0.10459797877392034,-0.008298802814695066
275,-0.10501582917728511,-0.008298802814695066
276,-0.10530781660943293,-0.008298802814695066
277,-0.10566960954554475,-0.008298802814695066
278,-0.10568944680347477,-0.008298802814695066
279,-0.10594808156990292,-0.008298802814695066
280,-0.10620253818487856,-0.008298802814695066
281,-0.10633999624770236,-0.008298802814695066
282,-0.10646253201031608,-0.008298802814695066
283,-0.10665327337933596,-0.008298802814695066
284,-0.10668382322886755,-0.008298802814695066
285,-0.1071020497822928,-0.008298802814695066
286,-0.10719620149570498,-0.008298802814695066
287,-0.10735052193523739,-0.008298802814695066
288,-0.10773530567527381,-0.008298802814695066
289,-0.10790240716345459,-0.008298802814695066
290,-0.1080503738890872,-0.008298802814695066
291,-0.10867244815222056,-0.008298802814695066
292,-0.10877788865729171,-0.008298802814695066
293,-0.10907863324968968,-0.008298802814695066
294,-0.10967839407755622,-0.008298802814695066
295,-0.11083063428007539,-0.008298802814695066
296,-0.1108785916514631,-0.008298802814695066
297,-0.11091419097307816,-0.008298802814695066
298,-0.11116490971642212,-0.008298802814695066
299,-0.11157746933209076,-0.008298802814695066
300,-0.11161372598895815,-0.008298802814695066
301,-0.1117017279930544,-0.008298802814695066
302,-0.11170430889526281,-0.008298802814695066
303,-0.11174258346885343,-0.008298802814695066
304,-0.11200681754759781,-0.008298802814695066
305,-0.11254337562167689,-0.008298802814695066
306,-0.11276999736952391,-0.008298802814695066
307,-0.11282485324914338,-0.008298802814695066
308,-0.11294441530424222,-0.008298802814695066
309,-0.11342288087818803,-0.008298802814695066
310,-0.11357720598012319,-0.008298802814695066
311,-0.1141489713821546,-0.008298802814695066
312,-0.11447195402997457,-0.008298802814695066
313,-0.11458264850503438,-0.008298802814695066
314,-0.11493631755266648,-0.008298802814695066
315,-0.11501979580984577,-0.008298802814695066
316,-0.11504676966629472,-0.008298802814695066
317,-0.11564562346101141,-0.008298802814695066
318,-0.11605312324254419,-0.008298802814695066
319,-0.116058892146357,-0.008298802814695066
320,-0.11654535172563539,-0.008298802814695066
321,-0.1168334130056024,-0.008298802814695066
322,-0.11749342526270665,-0.008298802814695066
323,-0.11787317586243247,-0.008298802814695066
324,-0.11849131606506429,-0.008298802814695066
325,-0.11852193021899915,-0.008298802814695066
326,-0.118649120928601,-0.008298802814695066
327,-0.11877209386662611,-0.008298802814695066
328,-0.11897503199899791,-0.008298802814695066
329,-0.1199825249683119,-0.008298802814695066
330,-0.1201666618173198,-0.008298802814695066
331,-0.12018846670574765,-0.008298802814695066
332,-0.1203706424904962,-0.008298802814695066
333,-0.12047386155379465,-0.008298802814695066
334,-0.12053754555822217,-0.008298802814695066
335,-0.12093339695521689,-0.008298802814695066
336,-0.12152384593659776,-0.008298802814695066
337,-0.12155466126904632,-0.008298802814695066
338,-0.12156444693132906,-0.008298802814695066
339,-0.12227115572983553,-0.008298802814695066
340,-0.12250294848907485,-0.008298802814695066
341,-0.12340032457756474,-0.008298802814695066
342,-0.12397295931570772,-0.008298802814695066
343,-0.12414661865799398,-0.008298802814695066
344,-0.12420318323827514,-0.008298802814695066
345,-0.12483238855586,-0.008298802814695066
346,-0.1252727871810626,-0.008298802814695066
347,-0.1254319971861598,-0.008298802814695066
348,-0.12546976748700206,-0.008298802814695066
349,-0.12609169305635368,-0.008298802814695066
350,-0.12610366300906736,-0.008298802814695066
351,-0.12626027047386298,-0.008298802814695066
352,-0.12707335793232705,-0.008298802814695066
353,-0.12740585130137574,-0.008298802814695066
354,-0.1275670875751322,-0.008298802814695066
355,-0.1277226402979522,-0.008298802814695066
356,-0.12820447802272572,-0.008298802814695066
357,-0.12871089055820445,-0.008298802814695066
358,-0.12875654799816363,-0.008298802814695066
359,-0.1290102528889711,-0.008298802814695066
360,-0.12913900372811135,-0.008298802814695066
361,-0.12924993214230607,-0.008298802814695066
362,-0.13048131887675185,-0.008298802814695066
363,-0.130508650393931,-0.008298802814695066
364,-0.1305224930276398,-0.008298802814695066
365,-0.13059830850803994,-0.008298802814695066
366,-0.13124869750449766,-0.008298802814695066
367,-0.13148744621892086,-0.008298802814695066
368,-0.13214215032027665,-0.008298802814695066
369,-0.13241787108039482,-0.008298802814695066
370,-0.1329613571858306,-0.008298802814695066
371,-0.13313524103752775,-0.008298802814695066
372,-0.13333143361046063,-0.008298802814695066
373,-0.133396292420121,-0.008298802814695066
374,-0.1335079280267236,-0.008298802814695066
375,-0.13352035195763468,-0.008298802814695066
376,-0.13359944330280557,-0.008298802814695066
377,-0.1336368721152825,-0.008298802814695066
378,-0.13420611726557735,-0.008298802814695066
379,-0.13492596185598588,-0.008298802814695066
380,-0.13535687324153547,-0.008298802814695066
381,-0.1355481944220726,-0.008298802814695066
382,-0.13584787575185434,-0.008298802814695066
383,-0.13589249818636218,-0.008298802814695066
384,-0.13649931390944098,-0.008298802814695066
385,-0.13681098412083362,-0.008298802814695066
386,-0.13685279297216973,-0.008298802814695066
387,-0.13701600459212052,-0.008298802814695066
388,-0.13711165818390525,-0.008298802814695066
389,-0.13728657723842252,-0.008298802814695066
390,-0.1375103576494693,-0.008298802814695066
391,-0.13759449897272158,-0.008298802814695066
392,-0.1379410434708124,-0.008298802814695066
393,-0.1380247976333318,-0.008298802814695066
394,-0.13866663885943495,-0.008298802814695066
395,-0.13867226935233648,-0.008298802814695066
396,-0.13897764723969258,-0.008298802814695066
397,-0.1392618338915078,-0.008298802814695066
398,-0.1395195748590356,-0.008298802814695066
399,-0.13998221249158035,-0.008298802814695066
400,-0.14034792013570635,-0.008298802814695066
401,-0.14114104521965984,-0.008298802814695066
402,-0.14149698162400348,-0.008298802814695066
403,-0.14181263465744182,-0.008298802814695066
404,-0.14239144834649217,-0.008298802814695066
405,-0.1437258072784436,-0.008298802814695066
406,-0.14397167226790564,-0.008298802814695066
407,-0.14400892010452856,-0.008298802814695066
408,-0.1445569808166783,-0.008298802814695066
409,-0.14462170546123088,-0.008298802814695066
410,-0.14493529847808437,-0.008298802814695066
411,-0.1450373157881824,-0.008298802814695066
412,-0.14507698461858923,-0.008298802814695066
413,-0.14511107472868298,-0.008298802814695066
414,-0.14519581138064133,-0.008298802814695066
415,-0.1454180763270211,-0.008298802814695066
416,-0.14543814843920064,-0.008298802814695066
417,-0.14567368654525326,-0.008298802814695066
418,-0.14567540853655503,-0.008298802814695066
419,-0.14597221572112706,-0.008298802814695066
420,-0.1460030287221577,-0.008298802814695066
421,-0.14696525942640465,-0.008298802814695066
422,-0.1474731468186544,-0.008298802814695066
423,-0.14760088468461055,-0.008298802814695066
424,-0.14762671867636518,-0.008298802814695066
425,-0.1481223922455992,-0.008298802814695066
426,-0.14831170790436196,-0.008298802814695066
427,-0.1483708639437669,-0.008298802814695066
428,-0.14871931876418587,-0.008298802814695066
429,-0.1487223088257351,-0.008298802814695066
430,-0.14931926125933254,-0.008298802814695066
431,-0.14935891834589643,-0.008298802814695066
432,-0.1494243646500119,-0.008298802814695066
433,-0.14971858451140563,-0.008298802814695066
434,-0.149902405591829,-0.008298802814695066
435,-0.14992333278068237,-0.008298802814695066
436,-0.15001819475120345,-0.008298802814695066
437,-0.15046779064464536,-0.008298802814695066
438,-0.15133474630632862,-0.008298802814695066
439,-0.15136891427516053,-0.008298802814695066
440,-0.15160323637544412,-0.008298802814695066
441,-0.15187719665871063,-0.008298802814695066
442,-0.15266492307430074,-0.008298802814695066
443,-0.1530202060510811,-0.008298802814695066
444,-0.15379180412025523,-0.008298802814695066
445,-0.15483697345665753,-0.008298802814695066
446,-0.1561906953027852,-0.008298802814695066
447,-0.15619822306327624,-0.008298802814695066
448,-0.15683371241914107,-0.008298802814695066
449,-0.1569748155055974,-0.008298802814695066
450,-0.15701192281175635,-0.008298802814695066
451,-0.15718411165114748,-0.008298802814695066
452,-0.15731727417988656,-0.008298802814695066
453,-0.15738269284332068,-0.008298802814695066
454,-0.15792537465975376,-0.008298802814695066
455,-0.1580400189644793,-0.008298802814695066
456,-0.15811595346549723,-0.008298802814695066
457,-0.15820802662485794,-0.008298802814695066
458,-0.15865544726679842,-0.008298802814695066
459,-0.15900594641439844,-0.008298802814695066
460,-0.15942339409534906,-0.008298802814695066
461,-0.15992737738524487,-0.008298802814695066
462,-0.16025660767380315,-0.008298802814695066
463,-0.16044249203721567,-0.008298802814695066
464,-0.16051783690969965,-0.008298802814695066
465,-0.16101003508483314,-0.008298802814695066
466,-0.16115450205117235,-0.008298802814695066
467,-0.16153425298229235,-0.008298802814695066
468,-0.16165512254887499,-0.008298802814695066
469,-0.16183458979692183,-0.008298802814695066
470,-0.16237931989894455,-0.008298802814695066
471,-0.16284785527625067,-0.008298802814695066
472,-0.16317781936064502,-0.008298802814695066
473,-0.16355543228391334,-0.008298802814695066
474,-0.16359556656982616,-0.008298802814695066
475,-0.16369362397687776,-0.008298802814695066
476,-0.16417038950773075,-0.008298802814695066
477,-0.16467555706636974,-0.008298802814695066
478,-0.1648465846866038,-0.008298802814695066
479,-0.16488994396224613,-0.008298802814695066
480,-0.1653653662314355,-0.008298802814695066
481,-0.1654778196572446,-0.008298802814695066
482,-0.16553678933964888,-0.008298802814695066
483,-0.16567256967488275,-0.008298802814695066
484,-0.16610761057352452,-0.008298802814695066
485,-0.16624973217853814,-0.008298802814695066
486,-0.16641475950169912,-0.008298802814695066
487,-0.16696516451302,-0.008298802814695066
488,-0.1673516149509491,-0.008298802814695066
489,-0.16737669125109716,-0.008298802814695066
490,-0.16744032655823612,-0.008298802814695066
491,-0.1682604043581476,-0.008298802814695066
492,-0.16841589768194698,-0.008298802814695066
493,-0.1688983093042562,-0.008298802814695066
494,-0.1689212834615467,-0.008298802814695066
495,-0.16932898472370134,-0.008298802814695066
496,-0.16989689254720533,-0.008298802814695066
497,-0.17010889468233523,-0.008298802814695066
498,-0.1703974083255801,-0.008298802814695066
499,-0.1705313057363227,-0.008298802814695066
500,-0.17100327719910458,-0.008298802814695066
501,-0.17101580671787958,-0.008298802814695066
502,-0.1713026988535771,-0.008298802814695066
503,-0.1713287489233285,-0.008298802814695066
504,-0.17139712413999014,-0.008298802814695066
505,-0.17148323391535283,-0.008298802814695066
506,-0.17150376955418092,-0.008298802814695066
507,-0.17277420510736724,-0.008298802814695066
508,-0.17314960441757823,-0.008298802814695066
509,-0.17315509727829104,-0.008298802814695066
510,-0.17315532335319328,-0.008298802814695066
511,-0.17442791835509683,-0.008298802814695066
512,-0.17473737428966873,-0.008298802814695066
513,-0.1748257764407092,-0.008298802814695066
514,-0.17483421780395866,-0.008298802814695066
515,-0.1749991092352465,-0.008298802814695066
516,-0.1751470953700053,-0.008298802814695066
517,-0.17515636630471673,-0.008298802814695066
518,-0.17518632563760447,-0.008298802814695066
519,-0.17523699888330976,-0.008298802814695066
520,-0.17536834568426074,-0.008298802814695066
521,-0.17551348592185878,-0.008298802814695066
522,-0.17589590859788456,-0.008298802814695066
523,-0.1763755823066664,-0.008298802814695066
524,-0.1765107341807979,-0.008298802814695066
525,-0.17658205941927585,-0.008298802814695066
526,-0.1773904234689429,-0.008298802814695066
527,-0.17743980057300632,-0.008298802814695066
528,-0.17857581922954605,-0.008298802814695066
529,-0.17877382779135018,-0.008298802814695066
530,-0.17883300365285829,-0.008298802814695066
531,-0.17895041315425608,-0.008298802814695066
532,-0.17935792730245886,-0.008298802814695066
533,-0.17950527209125022,-0.008298802814695066
534,-0.1797917917281993,-0.008298802814695066
535,-0.17984184511031034,-0.008298802814695066
536,-0.18005983417677554,-0.008298802814695066
537,-0.18039434481446193,-0.008298802814695066
538,-0.18041398275256781,-0.008298802814695066
539,-0.18103401556390047,-0.008298802814695066
540,-0.18104216072659648,-0.008298802814695066
541,-0.18233694016240884,-0.008298802814695066
542,-0.1827039274437711,-0.008298802814695066
543,-0.18278922767472605,-0.008298802814695066
544,-0.18286622375590325,-0.008298802814695066
545,-0.18317598887336384,-0.008298802814695066
546,-0.18342734075591463,-0.008298802814695066
547,-0.1839236697289897,-0.008298802814695066
548,-0.18426464174669768,-0.008298802814695066
549,-0.18430147913329142,-0.008298802814695066
550,-0.18446253558856768,-0.008298802814695066
551,-0.1845819780643936,-0.008298802814695066
552,-0.1847013060986013,-0.008298802814695066
553,-0.18490643274833155,-0.008298802814695066
554,-0.18501795582835537,-0.008298802814695066
555,-0.18509045619823888,-0.008298802814695066
556,-0.1851225028910458,-0.008298802814695066
557,-0.18520626159237538,-0.008298802814695066
558,-0.18580752250886354,-0.008298802814695066
559,-0.1860164266262834,-0.008298802814695066
560,-0.18617025648764196,-0.008298802814695066
561,-0.1867757415696714,-0.008298802814695066
562,-0.18712379928532824,-0.008298802814695066
563,-0.1872556093267533,-0.008298802814695066
564,-0.18863885174147527,-0.008298802814695066
565,-0.18909542714635896,-0.008298802814695066
566,-0.18922570689793253,-0.008298802814695066
567,-0.1892619061429255,-0.008298802814695066
568,-0.18987785344229652,-0.008298802814695066
569,-0.19042776419859564,-0.008298802814695066
570,-0.19068323700031536,-0.008298802814695066
571,-0.19096294951244358,-0.008298802814695066
572,-0.19104221036262442,-0.008298802814695066
573,-0.19204983763786168,-0.008298802814695066
574,-0.19229702605921523,-0.008298802814695066
575,-0.19235432792063153,-0.008298802814695066
576,-0.1929983406438192,-0.008298802814695066
577,-0.19312731888662252,-0.008298802814695066
578,-0.19330809761804038,-0.008298802814695066
579,-0.19405732548112858,-0.008298802814695066
580,-0.19447045059318183,-0.008298802814695066
581,-0.19447812175849724,-0.008298802814695066
582,-0.19448271748832888,-0.008298802814695066
583,-0.19511363876069135,-0.008298802814695066
584,-0.19527118972340363,-0.008298802814695066
585,-0.19529562103757578,-0.008298802814695066
586,-0.19586498399638805,-0.008298802814695066
587,-0.19648812042721706,-0.008298802814695066
588,-0.1966833328984089,-0.008298802814695066
589,-0.19739523032352868,-0.008298802814695066
590,-0.19769267486693126,-0.008298802814695066
591,-0.19793861186578512,-0.008298802814695066
592,-0.19794659099005246,-0.008298802814695066
593,-0.19824420251707375,-0.008298802814695066
594,-0.19877118654771986,-0.008298802814695066
595,-0.19896213766532722,-0.008298802814695066
596,-0.19920040903274777,-0.008298802814695066
597,-0.19937126135011057,-0.008298802814695066
598,-0.19954294432252584,-0.008298802814695066
599,-0.19984193957540852,-0.008298802814695066
600,-0.1999428796789052,-0.008298802814695066
601,-0.2000105272162248,-0.008298802814695066
602,-0.2000378473644402,-0.008298802814695066
603,-0.20004462045868374,-0.008298802814695066
604,-0.200363914659476,-0.008298802814695066
605,-0.20037062730101796,-0.008298802814695066
606,-0.2004111275915518,-0.008298802814695066
607,-0.2006820005875167,-0.008298802814695066
608,-0.20093624577078667,-0.008298802814695066
609,-0.20110887737966673,-0.008298802814695066
610,-0.20114932374729327,-0.008298802814695066
611,-0.2012238187600941,-0.008298802814695066
612,-0.20124929173975523,-0.008298802814695066
613,-0.20168614303092408,-0.008298802814695066
614,-0.20182759777851134,-0.008298802814695066
615,-0.20190481314852615,-0.008298802814695066
616,-0.2019474015374519,-0.008298802814695066
617,-0.20231870747292377,-0.008298802814695066
618,-0.20253174179747163,-0.008298802814695066
619,-0.20281785442074346,-0.008298802814695066
620,-0.20309613061704382,-0.008298802814695066
621,-0.20337211281436762,-0.008298802814695066
622,-0.20340044049583053,-0.008298802814695066
623,-0.20391319507469027,-0.008298802814695066
624,-0.20422481625464098,-0.008298802814695066
625,-0.20429327739113406,-0.008298802814695066
626,-0.20522389484941952,-0.008298802814695066
627,-0.20522718602208329,-0.008298802814695066
628,-0.20594673604721186,-0.008298802814695066
629,-0.2064882831493861,-0.008298802814695066
630,-0.20678468596664512,-0.008298802814695066
631,-0.2068809652453668,-0.008298802814695066
632,-0.20705839099314685,-0.008298802814695066
633,-0.20742348794692106,-0.008298802814695066
634,-0.20751923579226375,-0.008298802814695066
635,-0.2076970454413338,-0.008298802814695066
636,-0.20822245422887253,-0.008298802814695066
637,-0.20837224109992747,-0.008298802814695066
638,-0.20856652602120196,-0.008298802814695066
639,-0.20859002232396665,-0.008298802814695066
640,-0.20880612767675363,-0.008298802814695066
641,-0.2095531746092699,-0.008298802814695066
642,-0.20974685162609985,-0.008298802814695066
643,-0.20979442934559472,-0.008298802814695066
644,-0.21017790372234843,-0.008298802814695066
645,-0.21060154562667857,-0.008298802814695066
646,-0.2107780924662904,-0.008298802814695066
647,-0.2108055009570686,-0.008298802814695066
648,-0.21089888636484086,-0.008298802814695066
649,-0.21090898770136182,-0.008298802814695066
650,-0.21151951498766614,-0.008298802814695066
651,-0.21177127386965433,-0.008298802814695066
652,-0.21251414963733173,-0.008298802814695066
653,-0.21258404196629646,-0.008298802814695066
654,-0.2130188946669026,-0.008298802814695066
655,-0.21355538882050132,-0.008298802814695066
656,-0.214250941780433,-0.008298802814695066
657,-0.2156751989142095,-0.008298802814695066
658,-0.2157091615680371,-0.008298802814695066
659,-0.2160251144596709,-0.008298802814695066
660,-0.21629799924820356,-0.008298802814695066
661,-0.2167725028733327,-0.008298802814695066
662,-0.21685023403010695,-0.008298802814695066
663,-0.21730406929018925,-0.008298802814695066
664,-0.21772014666767195,-0.008298802814695066
665,-0.2178968715092262,-0.008298802814695066
666,-0.2184183904386977,-0.008298802814695066
667,-0.2190473532589254,-0.008298802814695066
668,-0.219634265183209,-0.008298802814695066
669,-0.2198218898513287,-0.008298802814695066
670,-0.22065199441758304,-0.008298802814695066
671,-0.2210493329111451,-0.008298802814695066
672,-0.22107384282755393,-0.008298802814695066
673,-0.22107457383251244,-0.008298802814695066
674,-0.22152872524063844,-0.008298802814695066
675,-0.2221659068736849,-0.008298802814695066
676,-0.222167802807036,-0.008298802814695066
677,-0.22308390836066325,-0.008298802814695066
678,-0.2232140774306226,-0.008298802814695066
679,-0.2232377939280515,-0.008298802814695066
680,-0.22344363738279824,-0.008298802814695066
681,-0.22431953915263086,-0.008298802814695066
682,-0.22438214650326951,-0.008298802814695066
683,-0.2244778630663028,-0.008298802814695066
684,-0.22485200438138578,-0.008298802814695066
685,-0.22520567885193155,-0.008298802814695066
686,-0.22522242462754372,-0.008298802814695066
687,-0.22557481811489427,-0.008298802814695066
688,-0.22575718504392547,-0.008298802814695066
689,-0.22612548435258895,-0.008298802814695066
690,-0.22618009380418952,-0.008298802814695066
691,-0.22631798489325267,-0.008298802814695066
692,-0.22701970655925519,-0.008298802814695066
693,-0.22827929211879355,-0.008298802814695066
694,-0.22842625530776123,-0.008298802814695066
695,-0.22869602329445135,-0.008298802814695066
696,-0.22888276758027665,-0.008298802814695066
697,-0.22982781338888225,-0.008298802814695066
698,-0.2301599104718099,-0.008298802814695066
699,-0.2302233895516977,-0.008298802814695066
700,-0.2304132047793086,-0.008298802814695066
701,-0.2305375526168666,-0.008298802814695066
702,-0.23125464617188804,-0.008298802814695066
703,-0.23159589726474167,-0.008298802814695066
704,-0.23170458706675312,-0.008298802814695066
705,-0.23173553935449756,-0.008298802814695066
706,-0.2331351211726038,-0.008298802814695066
707,-0.23323716900818525,-0.008298802814695066
708,-0.23364424536118167,-0.008298802814695066
709,-0.2336458970869113,-0.008298802814695066
710,-0.23393971550132214,-0.008298802814695066
711,-0.2340208750377796,-0.008298802814695066
712,-0.23406865840557214,-0.008298802814695066
713,-0.23469729380820692,-0.008298802814695066
714,-0.23495401465685756,-0.008298802814695066
715,-0.2350272913909622,-0.008298802814695066
716,-0.23569374911698165,-0.008298802814695066
717,-0.23604044428737406,-0.008298802814695066
718,-0.23626918093145627,-0.008298802814695066
719,-0.2363922369340466,-0.008298802814695066
720,-0.23656040501915915,-0.008298802814695066
721,-0.2365872244901664,-0.008298802814695066
722,-0.23769602466257592,-0.008298802814695066
723,-0.23788510025352394,-0.008298802814695066
724,-0.2382831606385474,-0.008298802814695066
725,-0.2383112687523501,-0.008298802814695066
726,-0.2387048684337062,-0.008298802814695066
727,-0.23883465764992523,-0.008298802814695066
728,-0.23904432335815023,-0.008298802814695066
729,-0.23941501317662858,-0.008298802814695066
730,-0.23961739355031067,-0.008298802814695066
731,-0.24015003987960865,-0.008298802814695066
732,-0.2403322952161387,-0.008298802814695066
733,-0.24204277324502876,-0.008298802814695066
734,-0.24228510183958865,-0.008298802814695066
735,-0.24234274922768267,-0.008298802814695066
736,-0.2431205137311068,-0.008298802814695066
737,-0.24349576346805812,-0.008298802814695066
738,-0.24360303652436202,-0.008298802814695066
739,-0.24369569857309703,-0.008298802814695066
740,-0.2438570331211145,-0.008298802814695066
741,-0.2438693967235941,-0.008298802814695066
742,-0.24415559000495193,-0.008298802814695066
743,-0.24418107013674284,-0.008298802814695066
744,-0.24441024240747078,-0.008298802814695066
745,-0.2446648070622495,-0.008298802814695066
746,-0.2451390769206254,-0.008298802814695066
747,-0.24581674262780462,-0.008298802814695066
748,-0.2465961031744831,-0.008298802814695066
749,-0.24665686890139105,-0.008298802814695066
750,-0.24667720599454487,-0.008298802814695066
751,-0.2469310904391372,-0.008298802814695066
752,-0.24741581866143775,-0.008298802814695066
753,-0.24764518946028338,-0.008298802814695066
754,-0.2481870709462235,-0.008298802814695066
755,-0.24848494226746423,-0.008298802814695066
756,-0.24867943878823134,-0.008298802814695066
757,-0.24885152715997425,-0.008298802814695066
758,-0.24916442228747807,-0.008298802814695066
759,-0.24942219839169844,-0.008298802814695066
760,-0.24965154256788802,-0.008298802814695066
761,-0.25141173284719787,-0.008298802814695066
762,-0.25221124913389176,-0.008298802814695066
763,-0.25226515511902464,-0.008298802814695066
764,-0.25235138956128744,-0.008298802814695066
765,-0.2527648250534874,-0.008298802814695066
766,-0.2533598130819972,-0.008298802814695066
767,-0.25355914281562264,-0.008298802814695066
768,-0.25403803241497136,-0.008298802814695066
769,-0.25433620024874937,-0.008298802814695066
770,-0.25435086873464685,-0.008298802814695066
771,-0.2552805026925289,-0.008298802814695066
772,-0.25562769281067266,-0.008298802814695066
773,-0.2557401625516454,-0.008298802814695066
774,-0.2559411631466037,-0.008298802814695066
775,-0.2565944892237997,-0.008298802814695066
776,-0.2582149271917102,-0.008298802814695066
777,-0.2583443169351786,-0.008298802814695066
778,-0.2587689280496397,-0.008298802814695066
779,-0.2590543323311788,-0.008298802814695066
780,-0.2592719782417456,-0.008298802814695066
781,-0.25973460699868134,-0.008298802814695066
782,-0.25985001639605865,-0.008298802814695066
783,-0.2599427248166115,-0.008298802814695066
784,-0.26000043308415655,-0.008298802814695066
785,-0.2604330923039061,-0.008298802814695066
786,-0.26120818028826853,-0.008298802814695066
787,-0.2612938767692137,-0.008298802814695066
788,-0.26176249941638413,-0.008298802814695066
789,-0.26188756513999767,-0.008298802814695066
790,-0.26199029281191766,-0.008298802814695066
791,-0.2620193136629587,-0.008298802814695066
792,-0.26288139770443547,-0.008298802814695066
793,-0.26298606569449573,-0.008298802814695066
794,-0.2632504688252822,-0.008298802814695066
795,-0.2636824862922261,-0.008298802814695066
796,-0.2638038464107022,-0.008298802814695066
797,-0.2638100990279508,-0.008298802814695066
798,-0.26391284705307805,-0.008298802814695066
799,-0.26498971464320986,-0.008298802814695066
800,-0.2657646805096876,-0.008298802814695066
801,-0.26608075648647417,-0.008298802814695066
802,-0.2663606772960274,-0.008298802814695066
803,-0.26653338447743935,-0.008298802814695066
804,-0.2666526820706989,-0.008298802814695066
805,-0.26724091623387003,-0.008298802814695066
806,-0.2683959402632782,-0.008298802814695066
807,-0.26853397977098564,-0.008298802814695066
808,-0.26916938568339205,-0.008298802814695066
809,-0.2695315136475167,-0.008298802814695066
810,-0.2700815229253346,-0.008298802814695066
811,-0.2718555782735683,-0.008298802814695066
812,-0.2719140224320651,-0.008298802814695066
813,-0.2719211171665686,-0.008298802814695066
814,-0.2725149447927646,-0.008298802814695066
815,-0.27298101316200346,-0.008298802814695066
816,-0.2734091163393053,-0.008298802814695066
817,-0.27374128513206486,-0.008298802814695066
818,-0.2737763221062216,-0.008298802814695066
819,-0.27387567927010575,-0.008298802814695066
820,-0.2742662423792728,-0.008298802814695066
821,-0.2757145139283702,-0.008298802814695066
822,-0.27598369205463724,-0.008298802814695066
823,-0.27628008989333136,-0.008298802814695066
824,-0.27631408837425103,-0.008298802814695066
825,-0.27638516168377486,-0.008298802814695066
826,-0.27665248955942495,-0.008298802814695066
827,-0.2766630826252684,-0.008298802814695066
828,-0.27676463006697877,-0.008298802814695066
829,-0.2777648146353531,-0.008298802814695066
830,-0.27804202549609675,-0.008298802814695066
831,-0.278823221930381,-0.008298802814695066
832,-0.2799180213611455,-0.008298802814695066
833,-0.27993395117051395,-0.008298802814695066
834,-0.2801642033494342,-0.008298802814695066
835,-0.2809361330877405,-0.008298802814695066
836,-0.28104658439127816,-0.008298802814695066
837,-0.28118983446903223,-0.008298802814695066
838,-0.2816170667779776,-0.008298802814695066
839,-0.2826233347524945,-0.008298802814695066
840,-0.28374115691128093,-0.008298802814695066
841,-0.2840749033154185,-0.008298802814695066
842,-0.28417759682744004,-0.008298802814695066
843,-0.2844201128793835,-0.008298802814695066
844,-0.28463695012846246,-0.008298802814695066
845,-0.28524557722199084,-0.008298802814695066
846,-0.2854249293711458,-0.008298802814695066
847,-0.2855216809332759,-0.008298802814695066
848,-0.2859727724291833,-0.008298802814695066
849,-0.28607293923029553,-0.008298802814695066
850,-0.28608441768719894,-0.008298802814695066
851,-0.2863330518683439,-0.008298802814695066
852,-0.2866895493669266,-0.008298802814695066
853,-0.2867679302349362,-0.008298802814695066
854,-0.2867850070465944,-0.008298802814695066
855,-0.28685278232354233,-0.008298802814695066
856,-0.2872469335723914,-0.008298802814695066
857,-0.2875519056506919,-0.008298802814695066
858,-0.2878058082300677,-0.008298802814695066
859,-0.2878156003329929,-0.008298802814695066
860,-0.2878461084554281,-0.008298802814695066
861,-0.2879153959574955,-0.008298802814695066
862,-0.2880772088474101,-0.008298802814695066
863,-0.2882467372959769,-0.008298802814695066
864,-0.2893622866838089,-0.008298802814695066
865,-0.28967011683791594,-0.008298802814695066
866,-0.28998096709262133,-0.008298802814695066
867,-0.2900324938450152,-0.008298802814695066
868,-0.29005904223071516,-0.008298802814695066
869,-0.29038314783298186,-0.008298802814695066
870,-0.2912331134116622,-0.008298802814695066
871,-0.29129765529388213,-0.008298802814695066
872,-0.2913380209648214,-0.008298802814695066
873,-0.2917237393584886,-0.008298802814695066
874,-0.29181167036104616,-0.008298802814695066
875,-0.29206229104067855,-0.008298802814695066
876,-0.29216991159729966,-0.008298802814695066
877,-0.2923843685584582,-0.008298802814695066
878,-0.29271915450225133,-0.008298802814695066
879,-0.2927252028171421,-0.008298802814695066
880,-0.29307577622156405,-0.008298802814695066
881,-0.2934019152554971,-0.008298802814695066
882,-0.29423284881700773,-0.008298802814695066
883,-0.2945689849739119,-0.008298802814695066
884,-0.2946150717514615,-0.008298802814695066
885,-0.2947916764055779,-0.008298802814695066
886,-0.2957298201591449,-0.008298802814695066
887,-0.2958016998555772,-0.008298802814695066
888,-0.2958066905414919,-0.008298802814695066
889,-0.297023121645736,-0.008298802814695066
890,-0.297552690128056,-0.008298802814695066
891,-0.2977222606135635,-0.008298802814695066
892,-0.2977920757236579,-0.008298802814695066
893,-0.2978398010110992,-0.008298802814695066
894,-0.2978834320626724,-0.008298802814695066
895,-0.29794846224613974,-0.008298802814695066
896,-0.2982692193220952,-0.008298802814695066
897,-0.2985848518862217,-0.008298802814695066
898,-0.2986287592792528,-0.008298802814695066
899,-0.2989660822016491,-0.008298802814695066
900,-0.2990799474385333,-0.008298802814695066
901,-0.29991499675516686,-0.008298802814695066
902,-0.30011227156593767,-0.008298802814695066
903,-0.300174606656059,-0.008298802814695066
904,-0.30057893302946026,-0.008298802814695066
905,-0.3011724892718928,-0.008298802814695066
906,-0.3013061170586305,-0.008298802814695066
907,-0.30144233717883656,-0.008298802814695066
908,-0.30152179383502187,-0.008298802814695066
909,-0.30209846982116934,-0.008298802814695066
910,-0.3024389843264747,-0.008298802814695066
911,-0.3028340163840471,-0.008298802814695066
912,-0.3031812370256586,-0.008298802814695066
913,-0.3033661368166475,-0.008298802814695066
914,-0.3034139056858536,-0.008298802814695066
915,-0.3034313511936062,-0.008298802814695066
916,-0.3036542686492854,-0.008298802814695066
917,-0.30378230651232374,-0.008298802814695066
918,-0.3038181370398457,-0.008298802814695066
919,-0.3045561203870626,-0.008298802814695066
920,-0.3052859507822988,-0.008298802814695066
921,-0.30528933090711463,-0.008298802814695066
922,-0.3057278097983012,-0.008298802814695066
923,-0.3057800994277013,-0.008298802814695066
924,-0.30661748917272436,-0.008298802814695066
925,-0.3068038533657246,-0.008298802814695066
926,-0.30696369433314274,-0.008298802814695066
927,-0.3069854249619072,-0.008298802814695066
928,-0.3070382532488735,-0.008298802814695066
929,-0.30732661082570023,-0.008298802814695066
930,-0.3074346504939609,-0.008298802814695066
931,-0.3074772202411702,-0.008298802814695066
932,-0.3077009544952268,-0.008298802814695066
933,-0.3083269999452282,-0.008298802814695066
934,-0.3091760962425567,-0.008298802814695066
935,-0.3093437867454883,-0.008298802814695066
936,-0.30952725962001976,-0.008298802814695066
937,-0.30962797688442234,-0.008298802814695066
938,-0.3096681322303988,-0.008298802814695066
939,-0.30996640368382283,-0.008298802814695066
940,-0.3101335223157463,-0.008298802814695066
941,-0.310243496344348,-0.008298802814695066
942,-0.3104077150968204,-0.008298802814695066
943,-0.3104301782843384,-0.008298802814695066
944,-0.31097608525944453,-0.008298802814695066
945,-0.31100582229674995,-0.008298802814695066
946,-0.31107504966752453,-0.008298802814695066
947,-0.3112707343540498,-0.008298802814695066
948,-0.31193422984422414,-0.008298802814695066
949,-0.3122410681666312,-0.008298802814695066
950,-0.31228651620410525,-0.008298802814695066
951,-0.313209588833486,-0.008298802814695066
952,-0.31340502448379237,-0.008298802814695066
953,-0.3135217076244977,-0.008298802814695066
954,-0.3136023300765121,-0.008298802814695066
955,-0.31422272997399214,-0.008298802814695066
956,-0.3146548497650895,-0.008298802814695066
957,-0.31502530560565783,-0.008298802814695066
958,-0.31526789832908186,-0.008298802814695066
959,-0.31552764459232496,-0.008298802814695066
960,-0.3157895052699376,-0.008298802814695066
961,-0.31605311599692676,-0.008298802814695066
962,-0.3164327801657962,-0.008298802814695066
963,-0.3171323566059884,-0.008298802814695066
964,-0.31741056846240173,-0.008298802814695066
965,-0.3181435375582973,-0.008298802814695066
966,-0.318245703314315,-0.008298802814695066
967,-0.31828397214537846,-0.008298802814695066
968,-0.3185216507756003,-0.008298802814695066
969,-0.318726045794882,-0.008298802814695066
970,-0.3191738633365401,-0.008298802814695066
971,-0.3196280048319174,-0.008298802814695066
972,-0.3206129883419959,-0.008298802814695066
973,-0.3212561530251615,-0.008298802814695066
974,-0.32131663446173425,-0.008298802814695066
975,-0.3216175886678928,-0.008298802814695066
976,-0.32174568413374666,-0.008298802814695066
977,-0.3220395403663721,-0.008298802814695066
978,-0.322042522926472,-0.008298802814695066
979,-0.3222535798002432,-0.008298802814695066
980,-0.32246542824008195,-0.008298802814695066
981,-0.3226430707263306,-0.008298802814695066
982,-0.3227944231339376,-0.008298802814695066
983,-0.3229967484663798,-0.008298802814695066
984,-0.32312458432428376,-0.008298802814695066
985,-0.32323798717529695,-0.008298802814695066
986,-0.3238470105153402,-0.008298802814695066
987,-0.32395814552660857,-0.008298802814695066
988,-0.3242542804268642,-0.008298802814695066
989,-0.3244040352854197,-0.008298802814695066
990,-0.32460165397688345,-0.008298802814695066
991,-0.324697852962046,-0.008298802814695066
992,-0.32472625261492577,-0.008298802814695066
993,-0.32477177642313054,-0.008298802814695066
994,-0.3248240289645155,-0.008298802814695066
995,-0.3257668592610138,-0.008298802814695066
996,-0.3258241618422153,-0.008298802814695066
997,-0.32583943081809397,-0.008298802814695066
998,-0.3259560154732198,-0.008298802814695066
999,-0.3261801243751894,-0.008298802814695066
1000,-0.3261871188696468,-0.008298802814695066
1001,-0.3265957189420445,-0.008298802814695066
1002,-0.32691375710321424,-0.008298802814695066
1003,-0.32735562975149074,-0.008298802814695066
1004,-0.32750823025368575,-0.008298802814695066
1005,-0.3277199939253423,-0.008298802814695066
1006,-0.3278994395307462,-0.008298802814695066
1007,-0.3283241050849973,-0.008298802814695066
1008,-0.32845288499045033,-0.008298802814695066
1009,-0.3285509563417485,-0.008298802814695066
1010,-0.32861129979554865,-0.008298802814695066
1011,-0.32874972857610596,-0.008298802814695066
1012,-0.32880082945772443,-0.008298802814695066
1013,-0.3288842369145297,-0.008298802814695066
1014,-0.329459562697645,-0.008298802814695066
1015,-0.32974389168593643,-0.008298802814695066
1016,-0.3298123365610871,-0.008298802814695066
1017,-0.330031677033905,-0.008298802814695066
1018,-0.3301336858624553,-0.008298802814695066
1019,-0.3308857244643963,-0.008298802814695066
1020,-0.33130161672740244,-0.008298802814695066
1021,-0.33149907124915107,-0.008298802814695066
1022,-0.33187264243902725,-0.008298802814695066
1023,-0.3319026377245437,-0.008298802814695066
1024,-0.33200964475935413,-0.008298802814695066
1025,-0.33205319515133874,-0.008298802814695066
1026,-0.3328784080596796,-0.008298802814695066
1027,-0.3334047946804899,-0.008298802814695066
1028,-0.3342296805141721,-0.008298802814695066
1029,-0.3345589076766511,-0.008298802814695066
1030,-0.3346202462451246,-0.008298802814695066
1031,-0.3350225512380848,-0.008298802814695066
1032,-0.33523819718544545,-0.008298802814695066
1033,-0.33547691308147826,-0.008298802814695066
1034,-0.33578543724697324,-0.008298802814695066
1035,-0.3357990665867376,-0.008298802814695066
1036,-0.33735085826985584,-0.008298802814695066
1037,-0.3378149041566522,-0.008298802814695066
1038,-0.33807788199775396,-0.008298802814695066
1039,-0.3384331290273121,-0.008298802814695066
1040,-0.33861965036519714,-0.008298802814695066
1041,-0.33872805247058163,-0.008298802814695066
1042,-0.3392947058277489,-0.008298802814695066
1043,-0.33944515043237095,-0.008298802814695066
1044,-0.33963456049317226,-0.008298802814695066
1045,-0.33990105254029984,-0.008298802814695066
1046,-0.34029094237340407,-0.008298802814695066
1047,-0.34040449026589836,-0.008298802814695066
1048,-0.34057946236568315,-0.008298802814695066
1049,-0.3408508819402361,-0.008298802814695066
1050,-0.3414793286628248,-0.008298802814695066
1051,-0.3415580082047911,-0.008298802814695066
1052,-0.34190973969611027,-0.008298802814695066
1053,-0.34254279415541533,-0.008298802814695066
1054,-0.34256761941147224,-0.008298802814695066
1055,-0.3426633730134658,-0.008298802814695066
1056,-0.34330005841935207,-0.008298802814695066
1057,-0.34358048168977917,-0.008298802814695066
1058,-0.34415878877957296,-0.008298802814695066
1059,-0.3450300085179242,-0.008298802814695066
1060,-0.3451138566005435,-0.008298802814695066
1061,-0.34525582221114526,-0.008298802814695066
1062,-0.3453403073950319,-0.008298802814695066
1063,-0.34546672747938645,-0.008298802814695066
1064,-0.34619836806929993,-0.008298802814695066
1065,-0.3462620731677559,-0.008298802814695066
1066,-0.3463901622885841,-0.008298802814695066
1067,-0.3465226414637912,-0.008298802814695066
1068,-0.34655461822734607,-0.008298802814695066
1069,-0.3467413428019949,-0.008298802814695066
1070,-0.34675051814575125,-0.008298802814695066
1071,-0.3468315133585282,-0.008298802814695066
1072,-0.3472641381636694,-0.008298802814695066
1073,-0.3473743334606058,-0.008298802814695066
1074,-0.3476490912538047,-0.008298802814695066
1075,-0.3477111889765926,-0.008298802814695066
1076,-0.3478337365856125,-0.008298802814695066
1077,-0.3479175589680388,-0.008298802814695066
1078,-0.34829355481609336,-0.008298802814695066
1079,-0.34851269162360504,-0.008298802814695066
1080,-0.34920201507322063,-0.008298802814695066
1081,-0.3494674489061774,-0.008298802814695066
1082,-0.34950022010956017,-0.008298802814695066
1083,-0.3498315151295021,-0.008298802814695066
1084,-0.3498458782427337,-0.008298802814695066
1085,-0.3501372793076864,-0.008298802814695066
1086,-0.3504603535518699,-0.008298802814695066
1087,-0.35095557227397356,-0.008298802814695066
1088,-0.35194335320595077,-0.008298802814695066
1089,-0.35206622160891987,-0.008298802814695066
1090,-0.35206932735757357,-0.008298802814695066
1091,-0.3526582571280665,-0.008298802814695066
1092,-0.35362087060707137,-0.008298802814695066
1093,-0.3540106848828712,-0.008298802814695066
1094,-0.35404435632050557,-0.008298802814695066
1095,-0.35431215511136327,-0.008298802814695066
1096,-0.3544779777182311,-0.008298802814695066
1097,-0.3550237658457082,-0.008298802814695066
1098,-0.35515866808857766,-0.008298802814695066
1099,-0.35533774337510154,-0.008298802814695066
1100,-0.3573042800868892,-0.008298802814695066
1101,-0.35776107459256906,-0.008298802814695066
1102,-0.35803433576975385,-0.008298802814695066
1103,-0.3582434179240018,-0.008298802814695066
1104,-0.3587248637135316,-0.008298802814695066
1105,-0.35925377723532487,-0.008298802814695066
1106,-0.3593016668984028,-0.008298802814695066
1107,-0.3594966777077649,-0.008298802814695066
1108,-0.35958954641378627,-0.008298802814695066
1109,-0.35993022754759474,-0.008298802814695066
1110,-0.3603223615600063,-0.008298802814695066
1111,-0.36090395141446907,-0.008298802814695066
1112,-0.3613319765352655,-0.008298802814695066
1113,-0.3614137397078484,-0.008298802814695066
1114,-0.36161169140593463,-0.008298802814695066
1115,-0.3617539768873947,-0.008298802814695066
1116,-0.36178097058659975,-0.008298802814695066
1117,-0.3619500655232326,-0.008298802814695066
1118,-0.36203482756681465,-0.008298802814695066
1119,-0.36275606693144813,-0.008298802814695066
1120,-0.36298885554530325,-0.008298802814695066
1121,-0.3633212764215529,-0.008298802814695066
1122,-0.36335030501364385,-0.008298802814695066
1123,-0.36416473620675854,-0.008298802814695066
1124,-0.364429287523646,-0.008298802814695066
1125,-0.3644552311190462,-0.008298802814695066
1126,-0.3645579855488874,-0.008298802814695066
1127,-0.36483993848064444,-0.008298802814695066
1128,-0.36508849815908984,-0.008298802814695066
1129,-0.3656803760945614,-0.008298802814695066
1130,-0.36569141051427256,-0.008298802814695066
1131,-0.3658874938107756,-0.008298802814695066
1132,-0.3663199510476212,-0.008298802814695066
1133,-0.36680001536917917,-0.008298802814695066
1134,-0.3670921376466903,-0.008298802814695066
1135,-0.36719969554088433,-0.008298802814695066
1136,-0.3672471159117314,-0.008298802814695066
1137,-0.367348047769979,-0.008298802814695066
1138,-0.36741648714253206,-0.008298802814695066
1139,-0.36751323172745093,-0.008298802814695066
1140,-0.3685619004682252,-0.008298802814695066
1141,-0.3686046156809085,-0.008298802814695066
1142,-0.36876958597839277,-0.008298802814695066
1143,-0.3691664886524994,-0.008298802814695066
1144,-0.36921032050549024,-0.008298802814695066
1145,-0.36939803288513506,-0.008298802814695066
1146,-0.37009343320354016,-0.008298802814695066
1147,-0.37166992282695743,-0.008298802814695066
1148,-0.3717771384448393,-0.008298802814695066
1149,-0.37188617391528717,-0.008298802814695066
1150,-0.372113422551232,-0.008298802814695066
1151,-0.3730881354733649,-0.008298802814695066
1152,-0.37380826977476994,-0.008298802814695066
1153,-0.37395325282789843,-0.008298802814695066
1154,-0.37399102228398684,-0.008298802814695066
1155,-0.37403221548905485,-0.008298802814695066
1156,-0.37410104778382425,-0.008298802814695066
1157,-0.37433586431429294,-0.008298802814695066
1158,-0.3746518833613408,-0.008298802814695066
1159,-0.37550748722078875,-0.008298802814695066
1160,-0.3755691028899586,-0.008298802814695066
1161,-0.3759026349117249,-0.008298802814695066
1162,-0.37597605230989,-0.008298802814695066
1163,-0.37599794364116934,-0.008298802814695066
1164,-0.37602207332522924,-0.008298802814695066
1165,-0.3763226650746687,-0.008298802814695066
1166,-0.3764693362456166,-0.008298802814695066
1167,-0.3769007047617361,-0.008298802814695066
1168,-0.3769902155913654,-0.008298802814695066
1169,-0.3770070848087408,-0.008298802814695066
1170,-0.37707154841891954,-0.008298802814695066
1171,-0.3770960103514475,-0.008298802814695066
1172,-0.3782434701985892,-0.008298802814695066
1173,-0.3783972370172359,-0.008298802814695066
1174,-0.37889708594459315,-0.008298802814695066
1175,-0.37954220825373575,-0.008298802814695066
1176,-0.3795648888955061,-0.008298802814695066
1177,-0.3798312246384453,-0.008298802814695066
1178,-0.37984533868800247,-0.008298802814695066
1179,-0.3799486077002994,-0.008298802814695066
1180,-0.38004151624795,-0.008298802814695066
1181,-0.38015707492599005,-0.008298802814695066
1182,-0.3804946017619243,-0.008298802814695066
1183,-0.38061154736164066,-0.008298802814695066
1184,-0.38062542851679354,-0.008298802814695066
1185,-0.3806818281381431,-0.008298802814695066
1186,-0.38111729523094384,-0.008298802814695066
1187,-0.38205022775063985,-0.008298802814695066
1188,-0.38223135054483237,-0.008298802814695066
1189,-0.38234058593017717,-0.008298802814695066
1190,-0.3829496951241854,-0.008298802814695066
1191,-0.38342023552754717,-0.008298802814695066
1192,-0.3837573325646638,-0.008298802814695066
1193,-0.38390783131800116,-0.008298802814695066
1194,-0.38413322461857086,-0.008298802814695066
1195,-0.3843343258611547,-0.008298802814695066
1196,-0.38544637056109515,-0.008298802814695066
1197,-0.38594511659074326,-0.008298802814695066
1198,-0.38599961306232305,-0.008298802814695066
1199,-0.3862238399070019,-0.008298802814695066
1200,-0.38627688767351764,-0.008298802814695066
1201,-0.3862777866727878,-0.008298802814695066
1202,-0.38635107618711073,-0.008298802814695066
1203,-0.38664418318917426,-0.008298802814695066
1204,-0.38673595821241125,-0.008298802814695066
1205,-0.3870672211890502,-0.008298802814695066
1206,-0.38723234908105386,-0.008298802814695066
1207,-0.38814575512823046,-0.008298802814695066
1208,-0.38823286860459766,-0.008298802814695066
1209,-0.38828780801060675,-0.008298802814695066
1210,-0.3883036128353939,-0.008298802814695066
1211,-0.38878231035180755,-0.008298802814695066
1212,-0.3889943706313621,-0.008298802814695066
1213,-0.38901148484546016,-0.008298802814695066
1214,-0.389408650017377,-0.008298802814695066
1215,-0.38962957678822524,-0.008298802814695066
1216,-0.39007222230144384,-0.008298802814695066
1217,-0.3902775935672717,-0.008298802814695066
1218,-0.39029387878949573,-0.008298802814695066
1219,-0.3904721967841263,-0.008298802814695066
1220,-0.3906455914094224,-0.008298802814695066
1221,-0.39069544157585906,-0.008298802814695066
1222,-0.3909108468166618,-0.008298802814695066
1223,-0.39119679495807497,-0.008298802814695066
1224,-0.3919612959602577,-0.008298802814695066
1225,-0.39253554822021636,-0.008298802814695066
1226,-0.3926256303040584,-0.008298802814695066
1227,-0.3927698923979216,-0.008298802814695066
1228,-0.3929913869767582,-0.008298802814695066
1229,-0.3931690230992589,-0.008298802814695066
1230,-0.39317859402523725,-0.008298802814695066
1231,-0.3935479239617354,-0.008298802814695066
1232,-0.393813296773974,-0.008298802814695066
1233,-0.3943670336834724,-0.008298802814695066
1234,-0.3943943381572384,-0.008298802814695066
1235,-0.3946295123546619,-0.008298802814695066
1236,-0.3946416147666262,-0.008298802814695066
1237,-0.39505017792556657,-0.008298802814695066
1238,-0.39563368746184097,-0.008298802814695066
1239,-0.3962606998342437,-0.008298802814695066
1240,-0.39636950750616967,-0.008298802814695066
1241,-0.39653675720984133,-0.008298802814695066
1242,-0.39666516325178625,-0.008298802814695066
1243,-0.39685292659301685,-0.008298802814695066
1244,-0.3968758161931037,-0.008298802814695066
1245,-0.3975704845946833,-0.008298802814695066
1246,-0.3975964612793645,-0.008298802814695066
1247,-0.39767478223442343,-0.008298802814695066
1248,-0.3978466977971352,-0.008298802814695066
1249,-0.3979273847738187,-0.008298802814695066
1250,-0.3984117988605011,-0.008298802814695066
1251,-0.3984199732433278,-0.008298802814695066
1252,-0.39876477210619843,-0.008298802814695066
1253,-0.39910958708212463,-0.008298802814695066
1254,-0.3991321550558701,-0.008298802814695066
1255,-0.39939949305466044,-0.008298802814695066
1256,-0.39991408402315565,-0.008298802814695066
1257,-0.40003953229387745,-0.008298802814695066
1258,-0.4001001644145696,-0.008298802814695066
1259,-0.40014312630223337,-0.008298802814695066
1260,-0.4004590664098453,-0.008298802814695066
1261,-0.4006446185317914,-0.008298802814695066
1262,-0.4007650375733611,-0.008298802814695066
1263,-0.40078170290513326,-0.008298802814695066
1264,-0.4011925038220056,-0.008298802814695066
1265,-0.40208566769089504,-0.008298802814695066
1266,-0.40212197471803507,-0.008298802814695066
1267,-0.4023900889676506,-0.008298802814695066
1268,-0.4034584279782085,-0.008298802814695066
1269,-0.4036040677839571,-0.008298802814695066
1270,-0.4040136157456363,-0.008298802814695066
1271,-0.404462060354155,-0.008298802814695066
1272,-0.4047481403214487,-0.008298802814695066
1273,-0.40497711066539993,-0.008298802814695066
1274,-0.4053451026066882,-0.008298802814695066
1275,-0.4054228743355226,-0.008298802814695066
1276,-0.40562236871535673,-0.008298802814695066
1277,-0.4061146958064676,-0.008298802814695066
1278,-0.4066194732600949,-0.008298802814695066
1279,-0.4073731614452946,-0.008298802814695066
1280,-0.40809264840113757,-0.008298802814695066
1281,-0.40827540743050766,-0.008298802814695066
1282,-0.4089334291419292,-0.008298802814695066
1283,-0.40953973521135856,-0.008298802814695066
1284,-0.40961835582914974,-0.008298802814695066
1285,-0.4099265128690637,-0.008298802814695066
1286,-0.40997108928090886,-0.008298802814695066
1287,-0.4101603377183227,-0.008298802814695066
1288,-0.4103971694362306,-0.008298802814695066
1289,-0.4108734227182001,-0.008298802814695066
1290,-0.4108907121929738,-0.008298802814695066
1291,-0.41118861480843155,-0.008298802814695066
1292,-0.4113454811487966,-0.008298802814695066
1293,-0.4113579741910426,-0.008298802814695066
1294,-0.411731311609709,-0.008298802814695066
1295,-0.4117818490828822,-0.008298802814695066
1296,-0.41198172123300725,-0.008298802814695066
1297,-0.41200810988207137,-0.008298802814695066
1298,-0.41217279549217434,-0.008298802814695066
1299,-0.4122936955047288,-0.008298802814695066
1300,-0.4126957914075042,-0.008298802814695066
1301,-0.41287795693440693,-0.008298802814695066
1302,-0.4132161371391147,-0.008298802814695066
1303,-0.4133477766680692,-0.008298802814695066
1304,-0.41349693643213553,-0.008298802814695066
1305,-0.41400261030813634,-0.008298802814695066
1306,-0.41448196134772747,-0.008298802814695066
1307,-0.414523275474625,-0.008298802814695066
1308,-0.41458433050231286,-0.008298802814695066
1309,-0.4145962181079681,-0.008298802814695066
1310,-0.41539486627198186,-0.008298802814695066
1311,-0.41541452484481645,-0.008298802814695066
1312,-0.4156054015888456,-0.008298802814695066
1313,-0.41606285394925063,-0.008298802814695066
1314,-0.41639077089134346,-0.008298802814695066
1315,-0.41665712501261554,-0.008298802814695066
1316,-0.41679903622917713,-0.008298802814695066
1317,-0.4168171361847228,-0.008298802814695066
1318,-0.417115747325466,-0.008298802814695066
1319,-0.417127132414177,-0.008298802814695066
1320,-0.4172305210053269,-0.008298802814695066
1321,-0.41728896570972934,-0.008298802814695066
1322,-0.4176033020286084,-0.008298802814695066
1323,-0.4178745833491363,-0.008298802814695066
1324,-0.4179391687454648,-0.008298802814695066
1325,-0.4180395813044938,-0.008298802814695066
1326,-0.4182128639711439,-0.008298802814695066
1327,-0.4191820829476606,-0.008298802814695066
1328,-0.41973185723964235,-0.008298802814695066
1329,-0.420603908901566,-0.008298802814695066
1330,-0.42175037742441795,-0.008298802814695066
1331,-0.4219446021961636,-0.008298802814695066
1332,-0.4220315803692536,-0.008298802814695066
1333,-0.42249829592910293,-0.008298802814695066
1334,-0.42288672387224513,-0.008298802814695066
1335,-0.4229304439260578,-0.008298802814695066
1336,-0.42301002012355216,-0.008298802814695066
1337,-0.4231124889836059,-0.008298802814695066
1338,-0.4234266301059609,-0.008298802814695066
1339,-0.42418681080834325,-0.008298802814695066
1340,-0.4243308188287995,-0.008298802814695066
1341,-0.424641667951342,-0.008298802814695066
1342,-0.4247669796429372,-0.008298802814695066
1343,-0.42485493984035694,-0.008298802814695066
1344,-0.4251162018120366,-0.008298802814695066
1345,-0.42542535996351755,-0.008298802814695066
1346,-0.42563783204975353,-0.008298802814695066
1347,-0.42643581280630205,-0.008298802814695066
1348,-0.426779990923811,-0.008298802814695066
1349,-0.42746063184189886,-0.008298802814695066
1350,-0.42855150655953633,-0.008298802814695066
1351,-0.42892184551619156,-0.008298802814695066
1352,-0.42901075550734213,-0.008298802814695066
1353,-0.4290920909107838,-0.008298802814695066
1354,-0.4294887544628709,-0.008298802814695066
1355,-0.43008345576749063,-0.008298802814695066
1356,-0.4305496294887423,-0.008298802814695066
1357,-0.430609629913786,-0.008298802814695066
1358,-0.4307492477422505,-0.008298802814695066
1359,-0.4308380083628245,-0.008298802814695066
1360,-0.43087145885522693,-0.008298802814695066
1361,-0.4309939541348094,-0.008298802814695066
1362,-0.4309959699841608,-0.008298802814695066
1363,-0.43118736663574064,-0.008298802814695066
1364,-0.43141684974607414,-0.008298802814695066
1365,-0.4316549355233834,-0.008298802814695066
1366,-0.4318820319606172,-0.008298802814695066
1367,-0.43205616544030223,-0.008298802814695066
1368,-0.43215437606852414,-0.008298802814695066
1369,-0.4325506472361179,-0.008298802814695066
1370,-0.43259163040028337,-0.008298802814695066
1371,-0.43259553317920474,-0.008298802814695066
1372,-0.43280222399017393,-0.008298802814695066
1373,-0.4329615790096726,-0.008298802814695066
1374,-0.4330563861878043,-0.008298802814695066
1375,-0.43347559906446437,-0.008298802814695066
1376,-0.4337528989188578,-0.008298802814695066
1377,-0.43490087750981266,-0.008298802814695066
1378,-0.43498295989459373,-0.008298802814695066
1379,-0.43517372949953587,-0.008298802814695066
1380,-0.43522260955396325,-0.008298802814695066
1381,-0.4355949038809277,-0.008298802814695066
1382,-0.43569137620066306,-0.008298802814695066
1383,-0.43576161626443227,-0.008298802814695066
1384,-0.43586856790822953,-0.008298802814695066
1385,-0.4361281109712041,-0.008298802814695066
1386,-0.4365093120296034,-0.008298802814695066
1387,-0.43701310815337613,-0.008298802814695066
1388,-0.4370288908887843,-0.008298802814695066
1389,-0.43733066780943997,-0.008298802814695066
1390,-0.43758323117942166,-0.008298802814695066
1391,-0.43759925993032683,-0.008298802814695066
1392,-0.4377164716448044,-0.008298802814695066
1393,-0.4378769053784042,-0.008298802814695066
1394,-0.4387056432552436,-0.008298802814695066
1395,-0.43876460786385096,-0.008298802814695066
1396,-0.43878839625307414,-0.008298802814695066
1397,-0.4402750377529018,-0.008298802814695066
1398,-0.44053500610937474,-0.008298802814695066
1399,-0.44055133377681777,-0.008298802814695066
1400,-0.4406223765845951,-0.008298802814695066
1401,-0.4411959512845606,-0.008298802814695066
1402,-0.44171586332298807,-0.008298802814695066
1403,-0.44179947223747923,-0.008298802814695066
1404,-0.4418073869804705,-0.008298802814695066
1405,-0.4418614474098621,-0.008298802814695066
1406,-0.4420657916887362,-0.008298802814695066
1407,-0.4424593576746382,-0.008298802814695066
1408,-0.4425897630696624,-0.008298802814695066
1409,-0.4429810433929601,-0.008298802814695066
1410,-0.44306584653832404,-0.008298802814695066
1411,-0.44308430475216637,-0.008298802814695066
1412,-0.44322457086671263,-0.008298802814695066
1413,-0.4437665130205843,-0.008298802814695066
1414,-0.44384265973458775,-0.008298802814695066
1415,-0.4442916384969185,-0.008298802814695066
1416,-0.44431295704899904,-0.008298802814695066
1417,-0.44457406086543827,-0.008298802814695066
1418,-0.44494671180367434,-0.008298802814695066
1419,-0.4452001238297336,-0.008298802814695066
1420,-0.4454237431506986,-0.008298802814695066
1421,-0.4454802471616697,-0.008298802814695066
1422,-0.44585103634056383,-0.008298802814695066
1423,-0.4462683117109373,-0.008298802814695066
1424,-0.4463622148874016,-0.008298802814695066
1425,-0.4464889965344184,-0.008298802814695066
1426,-0.44660555485702713,-0.008298802814695066
1427,-0.4467898986927499,-0.008298802814695066
1428,-0.44683119511358027,-0.008298802814695066
1429,-0.4475561014683878,-0.008298802814695066
1430,-0.44765771931461873,-0.008298802814695066
1431,-0.4481944983642574,-0.008298802814695066
1432,-0.44842549892481526,-0.008298802814695066
1433,-0.4486565781001723,-0.008298802814695066
1434,-0.44876463700781755,-0.008298802814695066
1435,-0.4487747783721685,-0.008298802814695066
1436,-0.4493542642778974,-0.008298802814695066
1437,-0.44992202362882816,-0.008298802814695066
1438,-0.4501634451460599,-0.008298802814695066
1439,-0.4506092792038588,-0.008298802814695066
1440,-0.4506364051475073,-0.008298802814695066
1441,-0.45071467349016414,-0.008298802814695066
1442,-0.4507793784245712,-0.008298802814695066
1443,-0.4507950321439818,-0.008298802814695066
1444,-0.45082913368725197,-0.008298802814695066
1445,-0.4509802701260915,-0.008298802814695066
1446,-0.4513770427928867,-0.008298802814695066
1447,-0.4518936200552639,-0.008298802814695066
1448,-0.4523989634919537,-0.008298802814695066
1449,-0.45254876801540167,-0.008298802814695066
1450,-0.45265050782195976,-0.008298802814695066
1451,-0.4527515426002117,-0.008298802814695066
1452,-0.4528222414518825,-0.008298802814695066
1453,-0.45293953973223156,-0.008298802814695066
1454,-0.45364941592230623,-0.008298802814695066
1455,-0.45394341567254265,-0.008298802814695066
1456,-0.45443172262094556,-0.008298802814695066
1457,-0.4545945245910391,-0.008298802814695066
1458,-0.4548495060320194,-0.008298802814695066
1459,-0.4550019741723867,-0.008298802814695066
1460,-0.45513942661917467,-0.008298802814695066
1461,-0.4562953498009544,-0.008298802814695066
1462,-0.45633261494699995,-0.008298802814695066
1463,-0.45741620114009396,-0.008298802814695066
1464,-0.4576020382836008,-0.008298802814695066
1465,-0.45793531354602746,-0.008298802814695066
1466,-0.4591943854797951,-0.008298802814695066
1467,-0.459957318669665,-0.008298802814695066
1468,-0.4602843584545434,-0.008298802814695066
1469,-0.46084830759770695,-0.008298802814695066
1470,-0.4610131539855541,-0.008298802814695066
1471,-0.4610161324149288,-0.008298802814695066
1472,-0.461161208585342,-0.008298802814695066
1473,-0.4613786267236657,-0.008298802814695066
1474,-0.4616217282677258,-0.008298802814695066
1475,-0.46185399776932434,-0.008298802814695066
1476,-0.462108404010922,-0.008298802814695066
1477,-0.4624558340224741,-0.008298802814695066
1478,-0.4635571687215697,-0.008298802814695066
1479,-0.46380333155552594,-0.008298802814695066
1480,-0.4640770099573458,-0.008298802814695066
1481,-0.4643315189869582,-0.008298802814695066
1482,-0.4644809653026101,-0.008298802814695066
1483,-0.46449797826739053,-0.008298802814695066
1484,-0.4646151010277231,-0.008298802814695066
1485,-0.46468867947597126,-0.008298802814695066
1486,-0.46498720523242876,-0.008298802814695066
1487,-0.4651698547664224,-0.008298802814695066
1488,-0.4653357408917934,-0.008298802814695066
1489,-0.4656659796286936,-0.008298802814695066
1490,-0.4656670348665849,-0.008298802814695066
1491,-0.46574980795483134,-0.008298802814695066
1492,-0.46635211158856343,-0.008298802814695066
1493,-0.4666739789183845,-0.008298802814695066
1494,-0.4667975122067834,-0.008298802814695066
1495,-0.46776377896746063,-0.008298802814695066
1496,-0.467992366238894,-0.008298802814695066
1497,-0.46809387643909645,-0.008298802814695066
1498,-0.4682099890125712,-0.008298802814695066
1499,-0.4684396873502266,-0.008298802814695066
1500,-0.4686366786935057,-0.008298802814695066
1501,-0.4686772313824545,-0.008298802814695066
1502,-0.46869347214547036,-0.008298802814695066
1503,-0.46870381224150365,-0.008298802814695066
1504,-0.4687330274221905,-0.008298802814695066
1505,-0.46889094701834655,-0.008298802814695066
1506,-0.4691398916674744,-0.008298802814695066
1507,-0.46930322329242286,-0.008298802814695066
1508,-0.4695128459771849,-0.008298802814695066
1509,-0.46957862762505365,-0.008298802814695066
1510,-0.469623155176187,-0.008298802814695066
1511,-0.4698482700685497,-0.008298802814695066
1512,-0.47021584674961264,-0.008298802814695066
1513,-0.4703087808043187,-0.008298802814695066
1514,-0.47046502250148803,-0.008298802814695066
1515,-0.4708888084330478,-0.008298802814695066
1516,-0.47090912627862436,-0.008298802814695066
1517,-0.47105561835341003,-0.008298802814695066
1518,-0.4710855861175652,-0.008298802814695066
1519,-0.4720559106503394,-0.008298802814695066
1520,-0.4722301583047807,-0.008298802814695066
1521,-0.47234591565408446,-0.008298802814695066
1522,-0.4724421652008618,-0.008298802814695066
1523,-0.47323837801466706,-0.008298802814695066
1524,-0.47336940592444066,-0.008298802814695066
1525,-0.4736574468207111,-0.008298802814695066
1526,-0.4739166751175396,-0.008298802814695066
1527,-0.47429400344582084,-0.008298802814695066
1528,-0.47458433508636244,-0.008298802814695066
1529,-0.47468694297471636,-0.008298802814695066
1530,-0.4747787838814751,-0.008298802814695066
1531,-0.4747994733125167,-0.008298802814695066
1532,-0.47490019181928234,-0.008298802814695066
1533,-0.47500070649596715,-0.008298802814695066
1534,-0.4754502236465643,-0.008298802814695066
1535,-0.4769123097321585,-0.008298802814695066
1536,-0.4770613320028759,-0.008298802814695066
1537,-0.47722195203430606,-0.008298802814695066
1538,-0.4772794355212061,-0.008298802814695066
1539,-0.47779625832532485,-0.008298802814695066
1540,-0.47808494180761724,-0.008298802814695066
1541,-0.47827398231519447,-0.008298802814695066
1542,-0.4788907793483208,-0.008298802814695066
1543,-0.47904060636027407,-0.008298802814695066
1544,-0.47905827583863564,-0.008298802814695066
1545,-0.4790610560709686,-0.008298802814695066
1546,-0.47920733010649824,-0.008298802814695066
1547,-0.4792421424150447,-0.008298802814695066
1548,-0.48073544357051456,-0.008298802814695066
1549,-0.48085537003895307,-0.008298802814695066
1550,-0.4812697030002468,-0.008298802814695066
1551,-0.4813269191149238,-0.008298802814695066
1552,-0.48134706223908463,-0.008298802814695066
1553,-0.48157473681571095,-0.008298802814695066
1554,-0.48164159830902065,-0.008298802814695066
1555,-0.48169060878373193,-0.008298802814695066
1556,-0.48201955365028565,-0.008298802814695066
1557,-0.4821339991042739,-0.008298802814695066
1558,-0.48214833287530023,-0.008298802814695066
1559,-0.48250438024956527,-0.008298802814695066
1560,-0.4826776967373686,-0.008298802814695066
1561,-0.48268308384716296,-0.008298802814695066
1562,-0.48272351320604034,-0.008298802814695066
1563,-0.4827618468621345,-0.008298802814695066
1564,-0.48285726846803884,-0.008298802814695066
1565,-0.48288894406941796,-0.008298802814695066
1566,-0.48307713996136803,-0.008298802814695066
1567,-0.4831017149460556,-0.008298802814695066
1568,-0.48337012591388373,-0.008298802814695066
1569,-0.48339024097738037,-0.008298802814695066
1570,-0.48380701715200425,-0.008298802814695066
1571,-0.48421041978979706,-0.008298802814695066
1572,-0.48457259439060163,-0.008298802814695066
1573,-0.48465146857715047,-0.008298802814695066
1574,-0.48524305394334954,-0.008298802814695066
1575,-0.48544779250951536,-0.008298802814695066
1576,-0.48561328017771804,-0.008298802814695066
1577,-0.48575107175519494,-0.008298802814695066
1578,-0.48579395991732943,-0.008298802814695066
1579,-0.48585377922545037,-0.008298802814695066
1580,-0.48622309820225135,-0.008298802814695066
1581,-0.486261033391076,-0.008298802814695066
1582,-0.4867354075359875,-0.008298802814695066
1583,-0.48682195815321294,-0.008298802814695066
1584,-0.4873563225964428,-0.008298802814695066
1585,-0.4873783269991693,-0.008298802814695066
1586,-0.48762488910045654,-0.008298802814695066
1587,-0.4878391906347092,-0.008298802814695066
1588,-0.4894094018063736,-0.008298802814695066
1589,-0.4895412248352934,-0.008298802814695066
1590,-0.4901086559149015,-0.008298802814695066
1591,-0.4911403883122506,-0.008298802814695066
1592,-0.4911929956950806,-0.008298802814695066
1593,-0.49140759520497956,-0.008298802814695066
1594,-0.49147856957693276,-0.008298802814695066
1595,-0.49168565902032313,-0.008298802814695066
1596,-0.49187140240030514,-0.008298802814695066
1597,-0.4921687921372913,-0.008298802814695066
1598,-0.4925305823146935,-0.008298802814695066
1599,-0.4929427039701813,-0.008298802814695066
1600,-0.49298343870273725,-0.008298802814695066
1601,-0.4930344170281397,-0.008298802814695066
1602,-0.49329853602543644,-0.008298802814695066
1603,-0.49385909718113213,-0.008298802814695066
1604,-0.4942181996750346,-0.008298802814695066
1605,-0.49438286778463436,-0.008298802814695066
1606,-0.49492496384156265,-0.008298802814695066
1607,-0.4952596121410551,-0.008298802814695066
1608,-0.49559031292472366,-0.008298802814695066
1609,-0.495851160939295,-0.008298802814695066
1610,-0.49609766636067953,-0.008298802814695066
1611,-0.49625391353171566,-0.008298802814695066
1612,-0.4963907578052561,-0.008298802814695066
1613,-0.49650164471270264,-0.008298802814695066
1614,-0.49682875075771865,-0.008298802814695066
1615,-0.4970360702840028,-0.008298802814695066
1616,-0.4970650940056883,-0.008298802814695066
1617,-0.49708184803943256,-0.008298802814695066
1618,-0.4978795747585155,-0.008298802814695066
1619,-0.4981638925297183,-0.008298802814695066
1620,-0.4982428757929129,-0.008298802814695066
1621,-0.49831537005660304,-0.008298802814695066
1622,-0.49839985288876093,-0.008298802814695066
1623,-0.4987216524299989,-0.008298802814695066
1624,-0.49872410301603176,-0.008298802814695066
1625,-0.4990799689330766,-0.008298802814695066
1626,-0.4991151025601619,-0.008298802814695066
1627,-0.4993833036445193,-0.008298802814695066
1628,-0.5001534336664636,-0.008298802814695066
1629,-0.500197102159932,-0.008298802814695066
1630,-0.5003101975627106,-0.008298802814695066
1631,-0.5004349769595835,-0.008298802814695066
1632,-0.5009018515678361,-0.008298802814695066
1633,-0.5010151642308872,-0.008298802814695066
1634,-0.5010405439764878,-0.008298802814695066
1635,-0.5014395305353802,-0.008298802814695066
1636,-0.5015528127103839,-0.008298802814695066
1637,-0.5015924397539866,-0.008298802814695066
1638,-0.5015937354775364,-0.008298802814695066
1639,-0.5016368595976728,-0.008298802814695066
1640,-0.5018197168305205,-0.008298802814695066
1641,-0.5023826985552917,-0.008298802814695066
1642,-0.5031159861673888,-0.008298802814695066
1643,-0.5035005903175611,-0.008298802814695066
1644,-0.5036063728165613,-0.008298802814695066
1645,-0.5036635321744974,-0.008298802814695066
1646,-0.5046224321388859,-0.008298802814695066
1647,-0.5049632111335209,-0.008298802814695066
1648,-0.5050044889264539,-0.008298802814695066
1649,-0.5062196918890587,-0.008298802814695066
1650,-0.5076349826930964,-0.008298802814695066
1651,-0.5076813589033371,-0.008298802814695066
1652,-0.5078052006579508,-0.008298802814695066
1653,-0.5079284632441161,-0.008298802814695066
1654,-0.5084092410073737,-0.008298802814695066
1655,-0.5089927321158954,-0.008298802814695066
1656,-0.509093503731126,-0.008298802814695066
1657,-0.5093322920806655,-0.008298802814695066
1658,-0.5094842904469464,-0.008298802814695066
1659,-0.5101941709794175,-0.008298802814695066
1660,-0.5105587645178643,-0.008298802814695066
1661,-0.5106423038591937,-0.008298802814695066
1662,-0.5108723453007147,-0.008298802814695066
1663,-0.5111209512468111,-0.008298802814695066
1664,-0.5114658299227911,-0.008298802814695066
1665,-0.5115256265131474,-0.008298802814695066
1666,-0.5123407017858284,-0.008298802814695066
1667,-0.5125298439926443,-0.008298802814695066
1668,-0.5126475278242837,-0.008298802814695066
1669,-0.5131811598610339,-0.008298802814695066
1670,-0.5133833924707415,-0.008298802814695066
1671,-0.5136121532351575,-0.008298802814695066
1672,-0.5138407131707334,-0.008298802814695066
1673,-0.5138755555156239,-0.008298802814695066
1674,-0.5144704345550102,-0.008298802814695066
1675,-0.514654998998689,-0.008298802814695066
1676,-0.51476121447061,-0.008298802814695066
1677,-0.5149178921735997,-0.008298802814695066
1678,-0.5149258099902155,-0.008298802814695066
1679,-0.5149351778426473,-0.008298802814695066
1680,-0.5150370564923509,-0.008298802814695066
1681,-0.5157582172333894,-0.008298802814695066
1682,-0.5157584238281241,-0.008298802814695066
1683,-0.5160992484553804,-0.008298802814695066
1684,-0.5161234816317056,-0.008298802814695066
1685,-0.5169576969249695,-0.008298802814695066
1686,-0.5171355566199494,-0.008298802814695066
1687,-0.5172668705216901,-0.008298802814695066
1688,-0.5179216641980074,-0.008298802814695066
1689,-0.5181252506186635,-0.008298802814695066
1690,-0.5182057180768895,-0.008298802814695066
1691,-0.5182760347070838,-0.008298802814695066
1692,-0.5184695219101567,-0.008298802814695066
1693,-0.5185290249872689,-0.008298802814695066
1694,-0.5189352829766332,-0.008298802814695066
1695,-0.5191374876698007,-0.008298802814695066
1696,-0.519583291137433,-0.008298802814695066
1697,-0.5196219059966372,-0.008298802814695066
1698,-0.5199528241209261,-0.008298802814695066
1699,-0.520144863058686,-0.008298802814695066
1700,-0.5203003000227052,-0.008298802814695066
1701,-0.5203544012739536,-0.008298802814695066
1702,-0.5209485619375613,-0.008298802814695066
1703,-0.521052890934312,-0.008298802814695066
1704,-0.5213187872332546,-0.008298802814695066
1705,-0.5218684237611378,-0.008298802814695066
1706,-0.5223611010229464,-0.008298802814695066
1707,-0.5227612668419233,-0.008298802814695066
1708,-0.5228832754206569,-0.008298802814695066
1709,-0.5231184366537548,-0.008298802814695066
1710,-0.5232104760868449,-0.008298802814695066
1711,-0.523229317697531,-0.008298802814695066
1712,-0.5235461882983214,-0.008298802814695066
1713,-0.5251523218014942,-0.008298802814695066
1714,-0.5252569264892385,-0.008298802814695066
1715,-0.5253183745865783,-0.008298802814695066
1716,-0.5254966727724303,-0.008298802814695066
1717,-0.5255707619822693,-0.008298802814695066
1718,-0.5260848307938631,-0.008298802814695066
1719,-0.5261141052078686,-0.008298802814695066
1720,-0.5265880103753637,-0.008298802814695066
1721,-0.5267596987802676,-0.008298802814695066
1722,-0.526838547216281,-0.008298802814695066
1723,-0.5271163302423059,-0.008298802814695066
1724,-0.5273659808035761,-0.008298802814695066
1725,-0.5292663564073665,-0.008298802814695066
1726,-0.5294807325834741,-0.008298802814695066
1727,-0.5298045017865198,-0.008298802814695066
1728,-0.5304955582670892,-0.008298802814695066
1729,-0.5309702914817109,-0.008298802814695066
1730,-0.5310259621304192,-0.008298802814695066
1731,-0.5310649359584771,-0.008298802814695066
1732,-0.5322059964530397,-0.008298802814695066
1733,-0.5324793866218495,-0.008298802814695066
1734,-0.5326218960638505,-0.008298802814695066
1735,-0.5328513313652927,-0.008298802814695066
1736,-0.5329716237071737,-0.008298802814695066
1737,-0.5333307997354901,-0.008298802814695066
1738,-0.5336331845435803,-0.008298802814695066
1739,-0.5339818243962003,-0.008298802814695066
1740,-0.5340968633136178,-0.008298802814695066
1741,-0.5342369453011299,-0.008298802814695066
1742,-0.5343196361677082,-0.008298802814695066
1743,-0.5344878389281632,-0.008298802814695066
1744,-0.535343021073733,-0.008298802814695066
1745,-0.5362980566511724,-0.008298802814695066
1746,-0.5364516947784732,-0.008298802814695066
1747,-0.5366492006663517,-0.008298802814695066
1748,-0.5366758844691837,-0.008298802814695066
1749,-0.5367720645550519,-0.008298802814695066
1750,-0.5370198123576626,-0.008298802814695066
1751,-0.5373552137794703,-0.008298802814695066
1752,-0.5379222325433012,-0.008298802814695066
1753,-0.5383520308865061,-0.008298802814695066
1754,-0.5385873235406398,-0.008298802814695066
1755,-0.5385962534167976,-0.008298802814695066
1756,-0.5387776764539646,-0.008298802814695066
1757,-0.5393349301112718,-0.008298802814695066
1758,-0.5394754756783742,-0.008298802814695066
1759,-0.5398656381153775,-0.008298802814695066
1760,-0.5399609562688112,-0.008298802814695066
1761,-0.5400995698471377,-0.008298802814695066
1762,-0.5404408104086148,-0.008298802814695066
1763,-0.5404475105107998,-0.008298802814695066
1764,-0.5421694735030794,-0.008298802814695066
1765,-0.5422816847697568,-0.008298802814695066
1766,-0.5423766936412907,-0.008298802814695066
1767,-0.5424604426854751,-0.008298802814695066
1768,-0.5426851311615717,-0.008298802814695066
1769,-0.543357217745615,-0.008298802814695066
1770,-0.5433661862652606,-0.008298802814695066
1771,-0.5434578334454098,-0.008298802814695066
1772,-0.5440539502162978,-0.008298802814695066
1773,-0.5440836883059864,-0.008298802814695066
1774,-0.5443818516281667,-0.008298802814695066
1775,-0.544816036573329,-0.008298802814695066
1776,-0.5453451297954889,-0.008298802814695066
1777,-0.5459340600721575,-0.008298802814695066
1778,-0.546182373459966,-0.008298802814695066
1779,-0.5467759277400401,-0.008298802814695066
1780,-0.5468932823457171,-0.008298802814695066
1781,-0.5471826191127048,-0.008298802814695066
1782,-0.5482302426330622,-0.008298802814695066
1783,-0.5482483588706771,-0.008298802814695066
1784,-0.5484055717423247,-0.008298802814695066
1785,-0.5484827287490643,-0.008298802814695066
1786,-0.5490850126068382,-0.008298802814695066
1787,-0.549157101170821,-0.008298802814695066
1788,-0.5492682547205548,-0.008298802814695066
1789,-0.5493722679541475,-0.008298802814695066
1790,-0.5495215344523298,-0.008298802814695066
1791,-0.5500999706861388,-0.008298802814695066
1792,-0.5505279947190276,-0.008298802814695066
1793,-0.5506958891741471,-0.008298802814695066
1794,-0.5508419980206204,-0.008298802814695066
1795,-0.5510243079524004,-0.008298802814695066
1796,-0.5512306835818805,-0.008298802814695066
1797,-0.5513717806619379,-0.008298802814695066
1798,-0.5515847254809946,-0.008298802814695066
1799,-0.5517865427342339,-0.008298802814695066
1800,-0.5526103359530703,-0.008298802814695066
1801,-0.5529224779154346,-0.008298802814695066
1802,-0.5531066804473505,-0.008298802814695066
1803,-0.5537534562321498,-0.008298802814695066
1804,-0.5540376654806421,-0.008298802814695066
1805,-0.5544022809387182,-0.008298802814695066
1806,-0.5544334008210212,-0.008298802814695066
1807,-0.5544977083531746,-0.008298802814695066
1808,-0.5547580587040327,-0.008298802814695066
1809,-0.5549598492423644,-0.008298802814695066
1810,-0.5553367367025361,-0.008298802814695066
1811,-0.5553614387192995,-0.008298802814695066
1812,-0.5555185225006001,-0.008298802814695066
1813,-0.5557853144353586,-0.008298802814695066
1814,-0.5562233086565658,-0.008298802814695066
1815,-0.5563693203290732,-0.008298802814695066
1816,-0.5564482758037901,-0.008298802814695066
1817,-0.5564492778020365,-0.008298802814695066
1818,-0.5569200013254165,-0.008298802814695066
1819,-0.5583834503957836,-0.008298802814695066
1820,-0.5586617468697346,-0.008298802814695066
1821,-0.5590529505477189,-0.008298802814695066
1822,-0.5590695353583273,-0.008298802814695066
1823,-0.5591532435140525,-0.008298802814695066
1824,-0.5595543449233242,-0.008298802814695066
1825,-0.5595796382179707,-0.008298802814695066
1826,-0.5598142017051302,-0.008298802814695066
1827,-0.5600350382496555,-0.008298802814695066
1828,-0.5601298338526134,-0.008298802814695066
1829,-0.5601932049668168,-0.008298802814695066
1830,-0.5602019447448887,-0.008298802814695066
1831,-0.5604165538249922,-0.008298802814695066
1832,-0.5608061280294435,-0.008298802814695066
1833,-0.5610385409122765,-0.008298802814695066
1834,-0.5610551330342051,-0.008298802814695066
1835,-0.5621600962868298,-0.008298802814695066
1836,-0.5622215560270688,-0.008298802814695066
1837,-0.5625403489131862,-0.008298802814695066
1838,-0.563262530831613,-0.008298802814695066
1839,-0.5634217624507811,-0.008298802814695066
1840,-0.5634796110792684,-0.008298802814695066
1841,-0.5640025600670777,-0.008298802814695066
1842,-0.564936462124602,-0.008298802814695066
1843,-0.5649420216930136,-0.008298802814695066
1844,-0.5652576487324072,-0.008298802814695066
1845,-0.5657610803485423,-0.008298802814695066
1846,-0.565920758452181,-0.008298802814695066
1847,-0.5660867513386046,-0.008298802814695066
1848,-0.566442595350458,-0.008298802814695066
1849,-0.5672494620785548,-0.008298802814695066
1850,-0.5677110401815164,-0.008298802814695066
1851,-0.5682713328930632,-0.008298802814695066
1852,-0.5686392224901271,-0.008298802814695066
1853,-0.5688655519084362,-0.008298802814695066
1854,-0.5689920795107959,-0.008298802814695066
1855,-0.5689961132768729,-0.008298802814695066
1856,-0.5692044991604488,-0.008298802814695066
1857,-0.5695681917260383,-0.008298802814695066
1858,-0.5696642984301946,-0.008298802814695066
1859,-0.5704409401786398,-0.008298802814695066
1860,-0.5708062951594151,-0.008298802814695066
1861,-0.5709388961799878,-0.008298802814695066
1862,-0.5709759065332809,-0.008298802814695066
1863,-0.5710766607604716,-0.008298802814695066
1864,-0.5719786005589689,-0.008298802814695066
1865,-0.5720701415505195,-0.008298802814695066
1866,-0.5725498701995967,-0.008298802814695066
1867,-0.5734753506755531,-0.008298802814695066
1868,-0.573621068567683,-0.008298802814695066
1869,-0.5737841874318371,-0.008298802814695066
1870,-0.5738421991590863,-0.008298802814695066
1871,-0.5753796303002182,-0.008298802814695066
1872,-0.5754054226189038,-0.008298802814695066
1873,-0.5766059524213619,-0.008298802814695066
1874,-0.5771706677306274,-0.008298802814695066
1875,-0.5776976848903009,-0.008298802814695066
1876,-0.5789910242492611,-0.008298802814695066
1877,-0.5790074633421085,-0.008298802814695066
1878,-0.5790749548075443,-0.008298802814695066
1879,-0.579198850312332,-0.008298802814695066
1880,-0.5800190306569106,-0.008298802814695066
1881,-0.5800457921708057,-0.008298802814695066
1882,-0.5802585175345519,-0.008298802814695066
1883,-0.5802860874596059,-0.008298802814695066
1884,-0.5806433423492685,-0.008298802814695066
1885,-0.5807993070657118,-0.008298802814695066
1886,-0.581668078736131,-0.008298802814695066
1887,-0.581767465380706,-0.008298802814695066
1888,-0.5818280795452837,-0.008298802814695066
1889,-0.5821607142828635,-0.008298802814695066
1890,-0.5822047680451974,-0.008298802814695066
1891,-0.582377826180304,-0.008298802814695066
1892,-0.5830843938766024,-0.008298802814695066
1893,-0.5835534460414028,-0.008298802814695066
1894,-0.5835887733172263,-0.008298802814695066
1895,-0.5838211632447345,-0.008298802814695066
1896,-0.5839030734288103,-0.008298802814695066
1897,-0.5842067246583019,-0.008298802814695066
1898,-0.5843999597904209,-0.008298802814695066
1899,-0.584427032137903,-0.008298802814695066
1900,-0.5846960835258189,-0.008298802814695066
1901,-0.5847900024159665,-0.008298802814695066
1902,-0.5849062057686638,-0.008298802814695066
1903,-0.5852603671816042,-0.008298802814695066
1904,-0.5857314554930835,-0.008298802814695066
1905,-0.5858618369237399,-0.008298802814695066
1906,-0.5860034334351281,-0.008298802814695066
1907,-0.5862180164637288,-0.008298802814695066
1908,-0.5864995473749605,-0.008298802814695066
1909,-0.5871501257848768,-0.008298802814695066
1910,-0.5872112600211654,-0.008298802814695066
1911,-0.5872953895968509,-0.008298802814695066
1912,-0.5874031654336767,-0.008298802814695066
1913,-0.5877866941651161,-0.008298802814695066
1914,-0.5880458423011917,-0.008298802814695066
1915,-0.5880626628143034,-0.008298802814695066
1916,-0.588515728988656,-0.008298802814695066
1917,-0.588815164146743,-0.008298802814695066
1918,-0.5896567185791981,-0.008298802814695066
1919,-0.5900821468274833,-0.008298802814695066
1920,-0.5901427549233658,-0.008298802814695066
1921,-0.5903416789082794,-0.008298802814695066
1922,-0.5903671784169577,-0.008298802814695066
1923,-0.5905196042316926,-0.008298802814695066
1924,-0.591313501827092,-0.008298802814695066
1925,-0.5920309239629037,-0.008298802814695066
1926,-0.5921817604371531,-0.008298802814695066
1927,-0.5929018928719019,-0.008298802814695066
1928,-0.5930497122390324,-0.008298802814695066
1929,-0.5937701494592196,-0.008298802814695066
1930,-0.5939421691006056,-0.008298802814695066
1931,-0.594139993755711,-0.008298802814695066
1932,-0.5943142534697643,-0.008298802814695066
1933,-0.5946121601926988,-0.008298802814695066
1934,-0.5946257982836184,-0.008298802814695066
1935,-0.594671187734609,-0.008298802814695066
1936,-0.5964949013328052,-0.008298802814695066
1937,-0.5965302696344691,-0.008298802814695066
1938,-0.5969571591276286,-0.008298802814695066
1939,-0.5970919208376333,-0.008298802814695066
1940,-0.5976911757637434,-0.008298802814695066
1941,-0.5978128834701293,-0.008298802814695066
1942,-0.5989604645554376,-0.008298802814695066
1943,-0.5991535820721212,-0.008298802814695066
1944,-0.599205337425637,-0.008298802814695066
1945,-0.6005869148893943,-0.008298802814695066
1946,-0.6007027757084834,-0.008298802814695066
1947,-0.6009569395201619,-0.008298802814695066
1948,-0.6011383379538676,-0.008298802814695066
1949,-0.6013512071277106,-0.008298802814695066
1950,-0.6014834623679978,-0.008298802814695066
1951,-0.6021046270259554,-0.008298802814695066
1952,-0.6022284300213163,-0.008298802814695066
1953,-0.6027578136631591,-0.008298802814695066
1954,-0.6030678439720687,-0.008298802814695066
1955,-0.6039571403763336,-0.008298802814695066
1956,-0.6042157647554066,-0.008298802814695066
1957,-0.6042993616446968,-0.008298802814695066
1958,-0.6044975990555366,-0.008298802814695066
1959,-0.6046885845975101,-0.008298802814695066
1960,-0.60470588958941,-0.008298802814695066
1961,-0.6051496649091708,-0.008298802814695066
1962,-0.6055155858645247,-0.008298802814695066
1963,-0.6057363185317168,-0.008298802814695066
1964,-0.6059074095760177,-0.008298802814695066
1965,-0.6059384747849904,-0.008298802814695066
1966,-0.6064339521133248,-0.008298802814695066
1967,-0.6066228807851122,-0.008298802814695066
1968,-0.607509320041927,-0.008298802814695066
1969,-0.6075309744055771,-0.008298802814695066
1970,-0.6084033428508957,-0.008298802814695066
1971,-0.6086427703436527,-0.008298802814695066
1972,-0.6087488015597737,-0.008298802814695066
1973,-0.6098005910458191,-0.008298802814695066
1974,-0.6098082902172257,-0.008298802814695066
1975,-0.6099668124977091,-0.008298802814695066
1976,-0.6099957938424199,-0.008298802814695066
1977,-0.6100390440051184,-0.008298802814695066
1978,-0.6102765510332152,-0.008298802814695066
1979,-0.6110927842123641,-0.008298802814695066
1980,-0.6111029209361027,-0.008298802814695066
1981,-0.61115568067919,-0.008298802814695066
1982,-0.6111931150935875,-0.008298802814695066
1983,-0.6112337803903186,-0.008298802814695066
1984,-0.612324878822661,-0.008298802814695066
1985,-0.6124895928257692,-0.008298802814695066
1986,-0.6127166742620712,-0.008298802814695066
1987,-0.6138935652945413,-0.008298802814695066
1988,-0.6146695985911564,-0.008298802814695066
1989,-0.6147495567967933,-0.008298802814695066
1990,-0.6152061854310784,-0.008298802814695066
1991,-0.6152877996062747,-0.008298802814695066
1992,-0.6156555003947042,-0.008298802814695066
1993,-0.6158373811225186,-0.008298802814695066
1994,-0.6159073163590925,-0.008298802814695066
1995,-0.6161123089095975,-0.008298802814695066
1996,-0.6163295025029119,-0.008298802814695066
1997,-0.6164337899803106,-0.008298802814695066
1998,-0.6177462478847364,-0.008298802814695066
1999,-0.617791639598114,-0.008298802814695066
2000,-0.6181427962133089,-0.008298802814695066
2001,-0.6188474412440179,-0.008298802814695066
2002,-0.6207182506060873,-0.008298802814695066
2003,-0.6210201732822433,-0.008298802814695066
2004,-0.6215313544242869,-0.008298802814695066
2005,-0.6220205786683333,-0.008298802814695066
2006,-0.6220742709537714,-0.008298802814695066
2007,-0.6223383777532225,-0.008298802814695066
2008,-0.6224622119780175,-0.008298802814695066
2009,-0.6227505886729273,-0.008298802814695066
2010,-0.6229288278593594,-0.008298802814695066
2011,-0.6229722933721309,-0.008298802814695066
2012,-0.6231357507469666,-0.008298802814695066
2013,-0.6232445030829983,-0.008298802814695066
2014,-0.6239589377336663,-0.008298802814695066
2015,-0.6242669286887766,-0.008298802814695066
2016,-0.6246017392046695,-0.008298802814695066
2017,-0.6252807661801093,-0.008298802814695066
2018,-0.6256147742447835,-0.008298802814695066
2019,-0.6259151354808098,-0.008298802814695066
2020,-0.6263212257300119,-0.008298802814695066
2021,-0.6277491198998595,-0.008298802814695066
2022,-0.6278186466403738,-0.008298802814695066
2023,-0.6281286251624247,-0.008298802814695066
2024,-0.6282389438003226,-0.008298802814695066
2025,-0.6284973379270293,-0.008298802814695066
2026,-0.6286314245986152,-0.008298802814695066
2027,-0.6288138630819959,-0.008298802814695066
2028,-0.6288177933154163,-0.008298802814695066
2029,-0.6289765015651424,-0.008298802814695066
2030,-0.6294339564786634,-0.008298802814695066
2031,-0.6294435299239023,-0.008298802814695066
2032,-0.6298913864066331,-0.008298802814695066
2033,-0.6307044799642219,-0.008298802814695066
2034,-0.6310257193527729,-0.008298802814695066
2035,-0.6317675878065991,-0.008298802814695066
2036,-0.6320951356121645,-0.008298802814695066
2037,-0.632571871546258,-0.008298802814695066
2038,-0.6328474540354824,-0.008298802814695066
2039,-0.6329159808328373,-0.008298802814695066
2040,-0.632971254625946,-0.008298802814695066
2041,-0.6330528690286048,-0.008298802814695066
2042,-0.6330678390454981,-0.008298802814695066
2043,-0.6332307898646019,-0.008298802814695066
2044,-0.6346478850698996,-0.008298802814695066
2045,-0.63481744868869,-0.008298802814695066
2046,-0.6351703683770838,-0.008298802814695066
2047,-0.6351886744025055,-0.008298802814695066
2048,-0.6356766077276378,-0.008298802814695066
2049,-0.6356803527417174,-0.008298802814695066
2050,-0.6358071512606416,-0.008298802814695066
2051,-0.635943939969384,-0.008298802814695066
2052,-0.636359718654632,-0.008298802814695066
2053,-0.637876415675924,-0.008298802814695066
2054,-0.6388745978540507,-0.008298802814695066
2055,-0.6389894571885322,-0.008298802814695066
2056,-0.6389936265248439,-0.008298802814695066
2057,-0.6392435082085469,-0.008298802814695066
2058,-0.6392544213203335,-0.008298802814695066
2059,-0.6394201384660609,-0.008298802814695066
2060,-0.6398775580779523,-0.008298802814695066
2061,-0.6400851115733619,-0.008298802814695066
2062,-0.6402199174322728,-0.008298802814695066
2063,-0.6405456374294753,-0.008298802814695066
2064,-0.6407020858016648,-0.008298802814695066
2065,-0.6410943950019738,-0.008298802814695066
2066,-0.6414284601439875,-0.008298802814695066
2067,-0.6414761881968964,-0.008298802814695066
2068,-0.6416450987607599,-0.008298802814695066
2069,-0.6416824212259944,-0.008298802814695066
2070,-0.641739715414233,-0.008298802814695066
2071,-0.6417659872355446,-0.008298802814695066
2072,-0.6418438221300963,-0.008298802814695066
2073,-0.6425035677343315,-0.008298802814695066
2074,-0.6427098206783228,-0.008298802814695066
2075,-0.6430837992480699,-0.008298802814695066
2076,-0.6431532273057433,-0.008298802814695066
2077,-0.6433595872277599,-0.008298802814695066
2078,-0.6434692250892757,-0.008298802814695066
2079,-0.6435507369326426,-0.008298802814695066
2080,-0.6436129097390039,-0.008298802814695066
2081,-0.6437529658901112,-0.008298802814695066
2082,-0.6440570929028442,-0.008298802814695066
2083,-0.6451238155418013,-0.008298802814695066
2084,-0.645418686690857,-0.008298802814695066
2085,-0.6454366408702116,-0.008298802814695066
2086,-0.6456617439817701,-0.008298802814695066
2087,-0.6462404471173909,-0.008298802814695066
2088,-0.6464055618310236,-0.008298802814695066
2089,-0.6474204206230973,-0.008298802814695066
2090,-0.6474904165449205,-0.008298802814695066
2091,-0.6477546429284337,-0.008298802814695066
2092,-0.6477944392646805,-0.008298802814695066
2093,-0.6478531532100752,-0.008298802814695066
2094,-0.6483766578407075,-0.008298802814695066
2095,-0.6486401186249997,-0.008298802814695066
2096,-0.6489381944787532,-0.008298802814695066
2097,-0.6491270427532733,-0.008298802814695066
2098,-0.6492031555563371,-0.008298802814695066
2099,-0.6493046188090896,-0.008298802814695066
2100,-0.6493399868068079,-0.008298802814695066
2101,-0.649519327790443,-0.008298802814695066
2102,-0.6496941370428888,-0.008298802814695066
2103,-0.6505731062091601,-0.008298802814695066
2104,-0.650574262413084,-0.008298802814695066
2105,-0.6507370588244297,-0.008298802814695066
2106,-0.6512493056066969,-0.008298802814695066
2107,-0.6513457290705319,-0.008298802814695066
2108,-0.6514456869458778,-0.008298802814695066
2109,-0.6516248874976532,-0.008298802814695066
2110,-0.6516421816893208,-0.008298802814695066
2111,-0.6518031243143776,-0.008298802814695066
2112,-0.6518542204029949,-0.008298802814695066
2113,-0.6519982663086057,-0.008298802814695066
2114,-0.6520362277262565,-0.008298802814695066
2115,-0.6525010406053439,-0.008298802814695066
2116,-0.6525794338631595,-0.008298802814695066
2117,-0.6530917993868747,-0.008298802814695066
2118,-0.6533732756781219,-0.008298802814695066
2119,-0.6536736526871479,-0.008298802814695066
2120,-0.6536738617985552,-0.008298802814695066
2121,-0.6555901774741771,-0.008298802814695066
2122,-0.6557139236892803,-0.008298802814695066
2123,-0.6558795106094129,-0.008298802814695066
2124,-0.6563739309303339,-0.008298802814695066
2125,-0.6564434742781101,-0.008298802814695066
2126,-0.6569282432101231,-0.008298802814695066
2127,-0.6569573012014133,-0.008298802814695066
2128,-0.6575926592055984,-0.008298802814695066
2129,-0.6583826532172445,-0.008298802814695066
2130,-0.659100631919319,-0.008298802814695066
2131,-0.6591434528650313,-0.008298802814695066
2132,-0.6592355503848923,-0.008298802814695066
2133,-0.6608624212679055,-0.008298802814695066
2134,-0.6608948239613163,-0.008298802814695066
2135,-0.661325056817747,-0.008298802814695066
2136,-0.6620930050004009,-0.008298802814695066
2137,-0.662208458305808,-0.008298802814695066
2138,-0.6628086022842646,-0.008298802814695066
2139,-0.6633527269948969,-0.008298802814695066
2140,-0.6634065407724983,-0.008298802814695066
2141,-0.6636862819548339,-0.008298802814695066
2142,-0.6637418350463458,-0.008298802814695066
2143,-0.6640843406214354,-0.008298802814695066
2144,-0.6643271108334237,-0.008298802814695066
2145,-0.6647666756768847,-0.008298802814695066
2146,-0.6648870787123602,-0.008298802814695066
2147,-0.6650095598312604,-0.008298802814695066
2148,-0.6654267558130664,-0.008298802814695066
2149,-0.665458201987124,-0.008298802814695066
2150,-0.6657286978362249,-0.008298802814695066
2151,-0.6661997937272932,-0.008298802814695066
2152,-0.6664951982104161,-0.008298802814695066
2153,-0.6665709261312751,-0.008298802814695066
2154,-0.6674715713428668,-0.008298802814695066
2155,-0.6675741526584895,-0.008298802814695066
2156,-0.6677126590821255,-0.008298802814695066
2157,-0.667898873840034,-0.008298802814695066
2158,-0.6683847993898995,-0.008298802814695066
2159,-0.6685283077632236,-0.008298802814695066
2160,-0.6686985419684145,-0.008298802814695066
2161,-0.6688414195166681,-0.008298802814695066
2162,-0.669388131052957,-0.008298802814695066
2163,-0.6695046339751954,-0.008298802814695066
2164,-0.6698280663518525,-0.008298802814695066
2165,-0.6700170150671575,-0.008298802814695066
2166,-0.6703543309688222,-0.008298802814695066
2167,-0.6703898910167719,-0.008298802814695066
2168,-0.6705869659110048,-0.008298802814695066
2169,-0.6711171462780002,-0.008298802814695066
2170,-0.671521848606527,-0.008298802814695066
2171,-0.6716638487489335,-0.008298802814695066
2172,-0.6716844169587822,-0.008298802814695066
2173,-0.6718852329449455,-0.008298802814695066
2174,-0.6720533727052351,-0.008298802814695066
2175,-0.6723555002883874,-0.008298802814695066
2176,-0.6725329814472487,-0.008298802814695066
2177,-0.6727950935136463,-0.008298802814695066
2178,-0.6739833785088168,-0.008298802814695066
2179,-0.6743410678603916,-0.008298802814695066
2180,-0.6744460482037085,-0.008298802814695066
2181,-0.6745758046446018,-0.008298802814695066
2182,-0.6745775885780466,-0.008298802814695066
2183,-0.6753788773766747,-0.008298802814695066
2184,-0.6755927651665654,-0.008298802814695066
2185,-0.6765926368024853,-0.008298802814695066
2186,-0.6766058156836634,-0.008298802814695066
2187,-0.6769597674504736,-0.008298802814695066
2188,-0.6772180051351184,-0.008298802814695066
2189,-0.6774313697480063,-0.008298802814695066
2190,-0.6774345197599536,-0.008298802814695066
2191,-0.6776484184364127,-0.008298802814695066
2192,-0.6780648785685712,-0.008298802814695066
2193,-0.6781620231879198,-0.008298802814695066
2194,-0.6795983227697582,-0.008298802814695066
2195,-0.6804311673348105,-0.008298802814695066
2196,-0.6804336673778966,-0.008298802814695066
2197,-0.6805306519483746,-0.008298802814695066
2198,-0.6811010990099415,-0.008298802814695066
2199,-0.6814600200629756,-0.008298802814695066
2200,-0.6823006090110977,-0.008298802814695066
2201,-0.6824047520769637,-0.008298802814695066
2202,-0.683370634949238,-0.008298802814695066
2203,-0.6840885379041539,-0.008298802814695066
2204,-0.6841119170727442,-0.008298802814695066
2205,-0.6841718932407223,-0.008298802814695066
2206,-0.6842103038096733,-0.008298802814695066
2207,-0.6846042655574717,-0.008298802814695066
2208,-0.6848609462349442,-0.008298802814695066
2209,-0.6850325180079445,-0.008298802814695066
2210,-0.6855370105757903,-0.008298802814695066
2211,-0.68581139220334,-0.008298802814695066
2212,-0.6859461044987029,-0.008298802814695066
2213,-0.6861912221551616,-0.008298802814695066
2214,-0.6863310640697864,-0.008298802814695066
2215,-0.6868806412788804,-0.008298802814695066
2216,-0.6870257711978355,-0.008298802814695066
2217,-0.6875487410152215,-0.008298802814695066
2218,-0.6877207443657267,-0.008298802814695066
2219,-0.6878401941216546,-0.008298802814695066
2220,-0.6880399519416782,-0.008298802814695066
2221,-0.688173747373971,-0.008298802814695066
2222,-0.6881908612550122,-0.008298802814695066
2223,-0.688553287857318,-0.008298802814695066
2224,-0.6890921047206263,-0.008298802814695066
2225,-0.6894039999572947,-0.008298802814695066
2226,-0.6896677889597049,-0.008298802814695066
2227,-0.6897291331329445,-0.008298802814695066
2228,-0.6897508102577703,-0.008298802814695066
2229,-0.6899125234813457,-0.008298802814695066
2230,-0.6900126800580364,-0.008298802814695066
2231,-0.6901003365068319,-0.008298802814695066
2232,-0.6902940112993339,-0.008298802814695066
2233,-0.6904963105056593,-0.008298802814695066
2234,-0.6911072117525926,-0.008298802814695066
2235,-0.6912393131713741,-0.008298802814695066
2236,-0.6913322201747254,-0.008298802814695066
2237,-0.6913890054950405,-0.008298802814695066
2238,-0.69139779879632,-0.008298802814695066
2239,-0.6915107525113271,-0.008298802814695066
2240,-0.6918860106825909,-0.008298802814695066
2241,-0.6922297100603794,-0.008298802814695066
2242,-0.6924672388395291,-0.008298802814695066
2243,-0.6929446602406334,-0.008298802814695066
2244,-0.6931706967783248,-0.008298802814695066
2245,-0.6932357444460321,-0.008298802814695066
2246,-0.6933390004614206,-0.008298802814695066
2247,-0.6933464388928076,-0.008298802814695066
2248,-0.69335930199931,-0.008298802814695066
2249,-0.6935575116571358,-0.008298802814695066
2250,-0.6937278901970345,-0.008298802814695066
2251,-0.6938860850156117,-0.008298802814695066
2252,-0.6939386243735138,-0.008298802814695066
2253,-0.6939664816486436,-0.008298802814695066
2254,-0.694534009820641,-0.008298802814695066
2255,-0.6948026704694139,-0.008298802814695066
2256,-0.6954825580894204,-0.008298802814695066
2257,-0.6960330937875803,-0.008298802814695066
2258,-0.696324772358568,-0.008298802814695066
2259,-0.6964090116230703,-0.008298802814695066
2260,-0.6981508242675075,-0.008298802814695066
2261,-0.6983994798230937,-0.008298802814695066
2262,-0.6990712290331127,-0.008298802814695066
2263,-0.699435029501619,-0.008298802814695066
2264,-0.6998005064821754,-0.008298802814695066
2265,-0.700036265190688,-0.008298802814695066
2266,-0.7000570353724327,-0.008298802814695066
2267,-0.7005918595421732,-0.008298802814695066
2268,-0.7010062042202534,-0.008298802814695066
2269,-0.7010632349822573,-0.008298802814695066
2270,-0.7011736128640753,-0.008298802814695066
2271,-0.701181455612977,-0.008298802814695066
2272,-0.7015796968777337,-0.008298802814695066
2273,-0.702687646986734,-0.008298802814695066
2274,-0.7027122817859464,-0.008298802814695066
2275,-0.7027130571934322,-0.008298802814695066
2276,-0.7027339795374485,-0.008298802814695066
2277,-0.7030502570019841,-0.008298802814695066
2278,-0.7031659287282931,-0.008298802814695066
2279,-0.703281191419404,-0.008298802814695066
2280,-0.7034427502127799,-0.008298802814695066
2281,-0.7038735836432068,-0.008298802814695066
2282,-0.703906041771428,-0.008298802814695066
2283,-0.7039342203526986,-0.008298802814695066
2284,-0.7042133731547942,-0.008298802814695066
2285,-0.7047993910562877,-0.008298802814695066
2286,-0.7049236404812412,-0.008298802814695066
2287,-0.7056815578948902,-0.008298802814695066
2288,-0.7060606648831105,-0.008298802814695066
2289,-0.7066271168103818,-0.008298802814695066
2290,-0.7067452808945278,-0.008298802814695066
2291,-0.7071452984659982,-0.008298802814695066
2292,-0.7074016261759677,-0.008298802814695066
2293,-0.7075144279956916,-0.008298802814695066
2294,-0.7080372589709962,-0.008298802814695066
2295,-0.7080433944679203,-0.008298802814695066
2296,-0.7084402490850688,-0.008298802814695066
2297,-0.7084975967158855,-0.008298802814695066
2298,-0.7090359706143214,-0.008298802814695066
2299,-0.7091805508308624,-0.008298802814695066
2300,-0.7097442495417698,-0.008298802814695066
2301,-0.7099083621820229,-0.008298802814695066
2302,-0.7099680130997196,-0.008298802814695066
2303,-0.7100823207156606,-0.008298802814695066
2304,-0.7101517319542276,-0.008298802814695066
2305,-0.7104607872805505,-0.008298802814695066
2306,-0.710873418009998,-0.008298802814695066
2307,-0.710939723291683,-0.008298802814695066
2308,-0.7111795541414943,-0.008298802814695066
2309,-0.7112390500319438,-0.008298802814695066
2310,-0.7118672708863325,-0.008298802814695066
2311,-0.711961479192168,-0.008298802814695066
2312,-0.7126375168630927,-0.008298802814695066
2313,-0.7127980765629771,-0.008298802814695066
2314,-0.7130162422871241,-0.008298802814695066
2315,-0.7134471291463786,-0.008298802814695066
2316,-0.7140115979922128,-0.008298802814695066
2317,-0.7142039291855049,-0.008298802814695066
2318,-0.7143285829100189,-0.008298802814695066
2319,-0.7147073478910105,-0.008298802814695066
2320,-0.7147646557939142,-0.008298802814695066
2321,-0.714960324721146,-0.008298802814695066
2322,-0.7151154492262253,-0.008298802814695066
2323,-0.7152430789120676,-0.008298802814695066
2324,-0.7156893745003026,-0.008298802814695066
2325,-0.7159302880816518,-0.008298802814695066
2326,-0.7160241279447692,-0.008298802814695066
2327,-0.7162502274302809,-0.008298802814695066
2328,-0.7165824293489369,-0.008298802814695066
2329,-0.716701924547116,-0.008298802814695066
2330,-0.7170519449005883,-0.008298802814695066
2331,-0.7174400713105158,-0.008298802814695066
2332,-0.7174888913943042,-0.008298802814695066
2333,-0.7176883058496648,-0.008298802814695066
2334,-0.7178886382957177,-0.008298802814695066
2335,-0.7180479832716959,-0.008298802814695066
2336,-0.7181316619895848,-0.008298802814695066
2337,-0.7181941234065312,-0.008298802814695066
2338,-0.718919287259717,-0.008298802814695066
2339,-0.7194382306727107,-0.008298802814695066
2340,-0.7196237584584887,-0.008298802814695066
2341,-0.7203931768094486,-0.008298802814695066
2342,-0.7206040479570526,-0.008298802814695066
2343,-0.7207599354147309,-0.008298802814695066
2344,-0.7208845430613763,-0.008298802814695066
2345,-0.7219463310940374,-0.008298802814695066
2346,-0.722049784219984,-0.008298802814695066
2347,-0.7225384445794918,-0.008298802814695066
2348,-0.7230083009885829,-0.008298802814695066
2349,-0.7241961281638845,-0.008298802814695066
2350,-0.7260015448120537,-0.008298802814695066
2351,-0.7268620973450097,-0.008298802814695066
2352,-0.7270537377161805,-0.008298802814695066
2353,-0.7271150196997871,-0.008298802814695066
2354,-0.7271566370293643,-0.008298802814695066
2355,-0.7272723554139506,-0.008298802814695066
2356,-0.7272851700317539,-0.008298802814695066
2357,-0.7277568805498649,-0.008298802814695066
2358,-0.7286568623550334,-0.008298802814695066
2359,-0.7288820040036271,-0.008298802814695066
2360,-0.7291710154935633,-0.008298802814695066
2361,-0.7296125434170206,-0.008298802814695066
2362,-0.7296778618295255,-0.008298802814695066
2363,-0.730450006316208,-0.008298802814695066
2364,-0.7305290171795283,-0.008298802814695066
2365,-0.7313967340103826,-0.008298802814695066
2366,-0.7314377818245432,-0.008298802814695066
2367,-0.7315170068260545,-0.008298802814695066
2368,-0.7315739937584176,-0.008298802814695066
2369,-0.7316207184293527,-0.008298802814695066
2370,-0.7317754690742737,-0.008298802814695066
2371,-0.7318789102839548,-0.008298802814695066
2372,-0.7319708843611259,-0.008298802814695066
2373,-0.732263458185831,-0.008298802814695066
2374,-0.7323233785492851,-0.008298802814695066
2375,-0.7327305351418711,-0.008298802814695066
2376,-0.7343950882616941,-0.008298802814695066
2377,-0.7347735989757721,-0.008298802814695066
2378,-0.7351339621207411,-0.008298802814695066
2379,-0.7373200552620988,-0.008298802814695066
2380,-0.7376559351371186,-0.008298802814695066
2381,-0.7378209722953714,-0.008298802814695066
2382,-0.7379161793261653,-0.008298802814695066
2383,-0.738564116483881,-0.008298802814695066
2384,-0.7386874294272641,-0.008298802814695066
2385,-0.7389139621254618,-0.008298802814695066
2386,-0.7395333411076053,-0.008298802814695066
2387,-0.7402987810525938,-0.008298802814695066
2388,-0.7403273080965778,-0.008298802814695066
2389,-0.7406933074180211,-0.008298802814695066
2390,-0.7408050177697881,-0.008298802814695066
2391,-0.7412189924248129,-0.008298802814695066
2392,-0.74144824926531,-0.008298802814695066
2393,-0.7418411378757992,-0.008298802814695066
2394,-0.7421750639888925,-0.008298802814695066
2395,-0.7425375809182048,-0.008298802814695066
2396,-0.742926217807008,-0.008298802814695066
2397,-0.7432663775652487,-0.008298802814695066
2398,-0.7435227301947881,-0.008298802814695066
2399,-0.7436123341532301,-0.008298802814695066
2400,-0.7437305921460603,-0.008298802814695066
2401,-0.7438870461235538,-0.008298802814695066
2402,-0.7440599803962927,-0.008298802814695066
2403,-0.7444039358084502,-0.008298802814695066
2404,-0.7444178596134904,-0.008298802814695066
2405,-0.7444283691359257,-0.008298802814695066
2406,-0.7445402182699594,-0.008298802814695066
2407,-0.7447414725086603,-0.008298802814695066
2408,-0.7448709150588864,-0.008298802814695066
2409,-0.7449144111077827,-0.008298802814695066
2410,-0.7450347304658043,-0.008298802814695066
2411,-0.7455271238208936,-0.008298802814695066
2412,-0.7457414759241059,-0.008298802814695066
2413,-0.7458410296592961,-0.008298802814695066
2414,-0.7463703456044541,-0.008298802814695066
2415,-0.7464691871753104,-0.008298802814695066
2416,-0.7472343067552528,-0.008298802814695066
2417,-0.7473269342855782,-0.008298802814695066
2418,-0.7473840520492936,-0.008298802814695066
2419,-0.7481915664199109,-0.008298802814695066
2420,-0.7488646293913488,-0.008298802814695066
2421,-0.7491539522795067,-0.008298802814695066
2422,-0.7492090591603768,-0.008298802814695066
2423,-0.7494636345932209,-0.008298802814695066
2424,-0.7496854084566257,-0.008298802814695066
2425,-0.7496970838518391,-0.008298802814695066
2426,-0.7497011472907626,-0.008298802814695066
2427,-0.7498558588199746,-0.008298802814695066
2428,-0.7501140350917076,-0.008298802814695066
2429,-0.7501968307489744,-0.008298802814695066
2430,-0.7514766679299203,-0.008298802814695066
2431,-0.7520027078335807,-0.008298802814695066
2432,-0.7520197684153427,-0.008298802814695066
2433,-0.752325688214794,-0.008298802814695066
2434,-0.7523987918570394,-0.008298802814695066
2435,-0.7525770531577406,-0.008298802814695066
2436,-0.7530792902019217,-0.008298802814695066
2437,-0.753110777844092,-0.008298802814695066
2438,-0.7532604162266825,-0.008298802814695066
2439,-0.7535816046227847,-0.008298802814695066
2440,-0.7538802355915892,-0.008298802814695066
2441,-0.7544425814409871,-0.008298802814695066
2442,-0.7547637118923847,-0.008298802814695066
2443,-0.7554994989021677,-0.008298802814695066
2444,-0.7556820435758969,-0.008298802814695066
2445,-0.7559165048281677,-0.008298802814695066
2446,-0.7559391207405852,-0.008298802814695066
2447,-0.7563636801912449,-0.008298802814695066
2448,-0.7566577234496723,-0.008298802814695066
2449,-0.7567389454812499,-0.008298802814695066
2450,-0.7568239526868097,-0.008298802814695066
2451,-0.7572304246696776,-0.008298802814695066
2452,-0.7576580545179918,-0.008298802814695066
2453,-0.7579750162940679,-0.008298802814695066
2454,-0.7581464647179139,-0.008298802814695066
2455,-0.7586551728165993,-0.008298802814695066
2456,-0.7592855134549846,-0.008298802814695066
2457,-0.7593275728631501,-0.008298802814695066
2458,-0.7601857648569288,-0.008298802814695066
2459,-0.7604527732523285,-0.008298802814695066
2460,-0.7608877108575834,-0.008298802814695066
2461,-0.7609084644985742,-0.008298802814695066
2462,-0.7609221078020386,-0.008298802814695066
2463,-0.7612242727946026,-0.008298802814695066
2464,-0.7613301988319555,-0.008298802814695066
2465,-0.7618391290047763,-0.008298802814695066
2466,-0.7626393926079781,-0.008298802814695066
2467,-0.7627068759967168,-0.008298802814695066
2468,-0.7630433355083166,-0.008298802814695066
2469,-0.7638477392442056,-0.008298802814695066
2470,-0.7645691434867437,-0.008298802814695066
2471,-0.7647997849689762,-0.008298802814695066
2472,-0.7648489339092323,-0.008298802814695066
2473,-0.7655766416556311,-0.008298802814695066
2474,-0.7656805177441668,-0.008298802814695066
2475,-0.7661455336820915,-0.008298802814695066
2476,-0.7664930079494818,-0.008298802814695066
2477,-0.7668151609423652,-0.008298802814695066
2478,-0.7670382394333615,-0.008298802814695066
2479,-0.7670616227902463,-0.008298802814695066
2480,-0.7671339716290725,-0.008298802814695066
2481,-0.7672417413924433,-0.008298802814695066
2482,-0.7675800232252558,-0.008298802814695066
2483,-0.7681838143260771,-0.008298802814695066
2484,-0.7685073952148644,-0.008298802814695066
2485,-0.7689699274547446,-0.008298802814695066
2486,-0.7690452723225925,-0.008298802814695066
2487,-0.7691100325871819,-0.008298802814695066
2488,-0.7691927327315315,-0.008298802814695066
2489,-0.7693195733983503,-0.008298802814695066
2490,-0.7705349211306872,-0.008298802814695066
2491,-0.7705364131264358,-0.008298802814695066
2492,-0.7709655256665062,-0.008298802814695066
2493,-0.7710912248836055,-0.008298802814695066
2494,-0.7712910594063529,-0.008298802814695066
2495,-0.7715630671508664,-0.008298802814695066
2496,-0.7719473646068502,-0.008298802814695066
2497,-0.7730152983208597,-0.008298802814695066
2498,-0.773153381374838,-0.008298802814695066
2499,-0.7731938615206161,-0.008298802814695066
2500,-0.7731973211707162,-0.008298802814695066
2501,-0.7732586871947946,-0.008298802814695066
2502,-0.7737561363072716,-0.008298802814695066
2503,-0.7738512307123128,-0.008298802814695066
2504,-0.774187224222996,-0.008298802814695066
2505,-0.7745656078548164,-0.008298802814695066
2506,-0.7746366928089337,-0.008298802814695066
2507,-0.7747899804709644,-0.008298802814695066
2508,-0.7750357083018721,-0.008298802814695066
2509,-0.7754287234248723,-0.008298802814695066
2510,-0.7754992637575772,-0.008298802814695066
2511,-0.7755236694495183,-0.008298802814695066
2512,-0.7757721943650456,-0.008298802814695066
2513,-0.7769776065056014,-0.008298802814695066
2514,-0.7770130130623218,-0.008298802814695066
2515,-0.7771136129562548,-0.008298802814695066
2516,-0.7773767565018589,-0.008298802814695066
2517,-0.7774600810303185,-0.008298802814695066
2518,-0.7777358098680827,-0.008298802814695066
2519,-0.7777697606950891,-0.008298802814695066
2520,-0.7778010505220478,-0.008298802814695066
2521,-0.7778288964674386,-0.008298802814695066
2522,-0.7781782253959677,-0.008298802814695066
2523,-0.7783695085010295,-0.008298802814695066
2524,-0.7788043833132519,-0.008298802814695066
2525,-0.7788422196627509,-0.008298802814695066
2526,-0.7793763557344842,-0.008298802814695066
2527,-0.779446664996985,-0.008298802814695066
2528,-0.7795683870678521,-0.008298802814695066
2529,-0.7801652845290747,-0.008298802814695066
2530,-0.7806846115208336,-0.008298802814695066
2531,-0.7807140909986336,-0.008298802814695066
2532,-0.7812073862786566,-0.008298802814695066
2533,-0.7813374425087102,-0.008298802814695066
2534,-0.7818235012226282,-0.008298802814695066
2535,-0.7821982961545592,-0.008298802814695066
2536,-0.7822129070414143,-0.008298802814695066
2537,-0.7822609008644447,-0.008298802814695066
2538,-0.7824283160711895,-0.008298802814695066
2539,-0.7827726133345854,-0.008298802814695066
2540,-0.7828580388234574,-0.008298802814695066
2541,-0.782860828849573,-0.008298802814695066
2542,-0.7830352812377246,-0.008298802814695066
2543,-0.7830377155429589,-0.008298802814695066
2544,-0.7832030901745657,-0.008298802814695066
2545,-0.7834771914176991,-0.008298802814695066
2546,-0.7835355051897536,-0.008298802814695066
2547,-0.7837461812690432,-0.008298802814695066
2548,-0.7837787980896036,-0.008298802814695066
2549,-0.784236421684569,-0.008298802814695066
2550,-0.7844228751024767,-0.008298802814695066
2551,-0.7847223435901997,-0.008298802814695066
2552,-0.784815938236814,-0.008298802814695066
2553,-0.7848944849813205,-0.008298802814695066
2554,-0.7853683857217293,-0.008298802814695066
2555,-0.7855063120557756,-0.008298802814695066
2556,-0.7855968430156138,-0.008298802814695066
2557,-0.7862929751189172,-0.008298802814695066
2558,-0.7867664784637916,-0.008298802814695066
2559,-0.7868264805906322,-0.008298802814695066
2560,-0.7868386103418805,-0.008298802814695066
2561,-0.7868391158738997,-0.008298802814695066
2562,-0.7868613821610131,-0.008298802814695066
2563,-0.7882781650150719,-0.008298802814695066
2564,-0.7887576113221038,-0.008298802814695066
2565,-0.7893816168424432,-0.008298802814695066
2566,-0.7893940951100646,-0.008298802814695066
2567,-0.7895008686413635,-0.008298802814695066
2568,-0.7896059585474671,-0.008298802814695066
2569,-0.7899139268211168,-0.008298802814695066
2570,-0.7899307582275847,-0.008298802814695066
2571,-0.7906394597470587,-0.008298802814695066
2572,-0.7911223820039925,-0.008298802814695066
2573,-0.791215364455913,-0.008298802814695066
2574,-0.7912714513192866,-0.008298802814695066
2575,-0.7912823357800032,-0.008298802814695066
2576,-0.7916180744750108,-0.008298802814695066
2577,-0.7920943072077301,-0.008298802814695066
2578,-0.792263880443988,-0.008298802814695066
2579,-0.7923935643935323,-0.008298802814695066
2580,-0.7925403875544663,-0.008298802814695066
2581,-0.7927613737143692,-0.008298802814695066
2582,-0.7929146785523062,-0.008298802814695066
2583,-0.7936434197493116,-0.008298802814695066
2584,-0.7939955739617663,-0.008298802814695066
2585,-0.7940932067711141,-0.008298802814695066
2586,-0.7944180477247638,-0.008298802814695066
2587,-0.7947429052820334,-0.008298802814695066
2588,-0.7953532598074695,-0.008298802814695066
2589,-0.795436016981466,-0.008298802814695066
2590,-0.7959078957126694,-0.008298802814695066
2591,-0.7960177999709879,-0.008298802814695066
2592,-0.796331787717625,-0.008298802814695066
2593,-0.7963375642063747,-0.008298802814695066
2594,-0.7968912265548551,-0.008298802814695066
2595,-0.7973487589814497,-0.008298802814695066
2596,-0.7979807058069164,-0.008298802814695066
2597,-0.7983349526553325,-0.008298802814695066
2598,-0.7984551044494869,-0.008298802814695066
2599,-0.7988117789762129,-0.008298802814695066
2600,-0.7991564044535789,-0.008298802814695066
2601,-0.7993073248252736,-0.008298802814695066
2602,-0.7994830257085154,-0.008298802814695066
2603,-0.799814298325924,-0.008298802814695066
2604,-0.800060785808011,-0.008298802814695066
2605,-0.8000750619580568,-0.008298802814695066
2606,-0.8001919006738893,-0.008298802814695066
2607,-0.8005040212929052,-0.008298802814695066
2608,-0.8011908584952863,-0.008298802814695066
2609,-0.8017094588834152,-0.008298802814695066
2610,-0.8018646820873205,-0.008298802814695066
2611,-0.8020926144851168,-0.008298802814695066
2612,-0.8025110710176624,-0.008298802814695066
2613,-0.8027035272139651,-0.008298802814695066
2614,-0.8039258494151544,-0.008298802814695066
2615,-0.8054400525162708,-0.008298802814695066
2616,-0.8054530947537867,-0.008298802814695066
2617,-0.8063948038375082,-0.008298802814695066
2618,-0.8066359065066935,-0.008298802814695066
2619,-0.8068626950026154,-0.008298802814695066
2620,-0.8068971124462907,-0.008298802814695066
2621,-0.8070681673024498,-0.008298802814695066
2622,-0.8075055292177461,-0.008298802814695066
2623,-0.8075854853256424,-0.008298802814695066
2624,-0.8076000223594662,-0.008298802814695066
2625,-0.8078259577862024,-0.008298802814695066
2626,-0.8081360852594964,-0.008298802814695066
2627,-0.8081843668200739,-0.008298802814695066
2628,-0.8082534572992011,-0.008298802814695066
2629,-0.8086447017761909,-0.008298802814695066
2630,-0.8087644139438837,-0.008298802814695066
2631,-0.808875270141329,-0.008298802814695066
2632,-0.8089378019779638,-0.008298802814695066
2633,-0.8093548754338645,-0.008298802814695066
2634,-0.8096969795455238,-0.008298802814695066
2635,-0.809759958276343,-0.008298802814695066
2636,-0.8100804596863515,-0.008298802814695066
2637,-0.8101560811113022,-0.008298802814695066
2638,-0.8107159689675264,-0.008298802814695066
2639,-0.8109620341556354,-0.008298802814695066
2640,-0.8110664529345551,-0.008298802814695066
2641,-0.8111199259382736,-0.008298802814695066
2642,-0.8113353876545049,-0.008298802814695066
2643,-0.8114673454332959,-0.008298802814695066
2644,-0.8116466311197765,-0.008298802814695066
2645,-0.8118553759955025,-0.008298802814695066
2646,-0.8119863708531199,-0.008298802814695066
2647,-0.8121907570339822,-0.008298802814695066
2648,-0.8123961179339191,-0.008298802814695066
2649,-0.8124627180737924,-0.008298802814695066
2650,-0.8128209065146128,-0.008298802814695066
2651,-0.8137947816930929,-0.008298802814695066
2652,-0.8138664705604659,-0.008298802814695066
2653,-0.8139107786259615,-0.008298802814695066
2654,-0.8140363218323439,-0.008298802814695066
2655,-0.8141470943181454,-0.008298802814695066
2656,-0.814526952428311,-0.008298802814695066
2657,-0.8147161568556045,-0.008298802814695066
2658,-0.8149533076651647,-0.008298802814695066
2659,-0.8154301720497413,-0.008298802814695066
2660,-0.8158141752239628,-0.008298802814695066
2661,-0.8158697242311427,-0.008298802814695066
2662,-0.8175632836710205,-0.008298802814695066
2663,-0.8176647629050064,-0.008298802814695066
2664,-0.8176758881282669,-0.008298802814695066
2665,-0.8177215315125215,-0.008298802814695066
2666,-0.817883548633068,-0.008298802814695066
2667,-0.8181231939438687,-0.008298802814695066
2668,-0.8185176025897144,-0.008298802814695066
2669,-0.8185598026674155,-0.008298802814695066
2670,-0.8189946143134179,-0.008298802814695066
2671,-0.8194056734833628,-0.008298802814695066
2672,-0.8194360631509741,-0.008298802814695066
2673,-0.8194696471876337,-0.008298802814695066
2674,-0.819549621625426,-0.008298802814695066
2675,-0.8199992436819358,-0.008298802814695066
2676,-0.8202198981506993,-0.008298802814695066
2677,-0.820281909178909,-0.008298802814695066
2678,-0.8205753683720858,-0.008298802814695066
2679,-0.8209012180908296,-0.008298802814695066
2680,-0.821096316874095,-0.008298802814695066
2681,-0.8211853680700578,-0.008298802814695066
2682,-0.8212887659304782,-0.008298802814695066
2683,-0.821437052229405,-0.008298802814695066
2684,-0.8216841514396402,-0.008298802814695066
2685,-0.8216908438952453,-0.008298802814695066
2686,-0.8218278263346082,-0.008298802814695066
2687,-0.8224638558220898,-0.008298802814695066
2688,-0.8225694025770646,-0.008298802814695066
2689,-0.8227067493421962,-0.008298802814695066
2690,-0.8237681304309206,-0.008298802814695066
2691,-0.8243536174726103,-0.008298802814695066
2692,-0.8256441628767572,-0.008298802814695066
2693,-0.8257885078940048,-0.008298802814695066
2694,-0.8262512769944262,-0.008298802814695066
2695,-0.826319878035527,-0.008298802814695066
2696,-0.8263295996650383,-0.008298802814695066
2697,-0.8269196136960859,-0.008298802814695066
2698,-0.8271406157630281,-0.008298802814695066
2699,-0.8275583879889625,-0.008298802814695066
2700,-0.8278484906214516,-0.008298802814695066
2701,-0.8280078107212293,-0.008298802814695066
2702,-0.8281459346048242,-0.008298802814695066
2703,-0.8288225173807368,-0.008298802814695066
2704,-0.8293492253601865,-0.008298802814695066
2705,-0.8295694179494546,-0.008298802814695066
2706,-0.8298025428500753,-0.008298802814695066
2707,-0.829841318959807,-0.008298802814695066
2708,-0.8298684869742295,-0.008298802814695066
2709,-0.8305264388168458,-0.008298802814695066
2710,-0.8310001269418653,-0.008298802814695066
2711,-0.8310201442598657,-0.008298802814695066
2712,-0.8310259924780061,-0.008298802814695066
2713,-0.8312434641251233,-0.008298802814695066
2714,-0.8313075392338,-0.008298802814695066
2715,-0.8313872636641609,-0.008298802814695066
2716,-0.8314961002942838,-0.008298802814695066
2717,-0.83158422524374,-0.008298802814695066
2718,-0.8316388928507839,-0.008298802814695066
2719,-0.8317620234545878,-0.008298802814695066
2720,-0.8317654633828337,-0.008298802814695066
2721,-0.8321348515221295,-0.008298802814695066
2722,-0.8326408843409704,-0.008298802814695066
2723,-0.8335333706861884,-0.008298802814695066
2724,-0.8336537213928337,-0.008298802814695066
2725,-0.8341080038296305,-0.008298802814695066
2726,-0.8347551713755592,-0.008298802814695066
2727,-0.8350594266474818,-0.008298802814695066
2728,-0.8352328682940079,-0.008298802814695066
2729,-0.8353861470229074,-0.008298802814695066
2730,-0.8354324080158785,-0.008298802814695066
2731,-0.835437708884877,-0.008298802814695066
2732,-0.8358711206158013,-0.008298802814695066
2733,-0.8360049578939907,-0.008298802814695066
2734,-0.8361959868347593,-0.008298802814695066
2735,-0.8370586881586035,-0.008298802814695066
2736,-0.8380196709372474,-0.008298802814695066
2737,-0.838559234663758,-0.008298802814695066
2738,-0.8389518637315372,-0.008298802814695066
2739,-0.8389593337258318,-0.008298802814695066
2740,-0.8392880606100781,-0.008298802814695066
2741,-0.8394089048813729,-0.008298802814695066
2742,-0.8396979768650057,-0.008298802814695066
2743,-0.8398211133133703,-0.008298802814695066
2744,-0.8399252507777136,-0.008298802814695066
2745,-0.8405906875017826,-0.008298802814695066
2746,-0.8406926554116448,-0.008298802814695066
2747,-0.840704486933576,-0.008298802814695066
2748,-0.840817872774955,-0.008298802814695066
2749,-0.8408561508088467,-0.008298802814695066
2750,-0.8422659376349261,-0.008298802814695066
2751,-0.8424260672885027,-0.008298802814695066
2752,-0.8429622977215492,-0.008298802814695066
2753,-0.8430634675098323,-0.008298802814695066
2754,-0.8433716281109321,-0.008298802814695066
2755,-0.8435339728327862,-0.008298802814695066
2756,-0.843902509666646,-0.008298802814695066
2757,-0.844228482758591,-0.008298802814695066
2758,-0.8442533325373547,-0.008298802814695066
2759,-0.8443336070015588,-0.008298802814695066
2760,-0.8443365582731547,-0.008298802814695066
2761,-0.8444103731827821,-0.008298802814695066
2762,-0.8448048366401616,-0.008298802814695066
2763,-0.8456885366102141,-0.008298802814695066
2764,-0.8457289881068062,-0.008298802814695066
2765,-0.846117985820547,-0.008298802814695066
2766,-0.846359120079184,-0.008298802814695066
2767,-0.8467133272743769,-0.008298802814695066
2768,-0.8467358714874618,-0.008298802814695066
2769,-0.8469838764535311,-0.008298802814695066
2770,-0.847110773233672,-0.008298802814695066
2771,-0.8476369344654544,-0.008298802814695066
2772,-0.8485801549092372,-0.008298802814695066
2773,-0.849423303317424,-0.008298802814695066
2774,-0.8495256675647751,-0.008298802814695066
2775,-0.8495436083868833,-0.008298802814695066
2776,-0.849558284667338,-0.008298802814695066
2777,-0.8497121124022335,-0.008298802814695066
2778,-0.8500198628883708,-0.008298802814695066
2779,-0.8504368825680042,-0.008298802814695066
2780,-0.8511734769083001,-0.008298802814695066
2781,-0.8515964760013935,-0.008298802814695066
2782,-0.85171132329959,-0.008298802814695066
2783,-0.852671673405051,-0.008298802814695066
2784,-0.8528012126522048,-0.008298802814695066
2785,-0.8531581825197008,-0.008298802814695066
2786,-0.8537284830924765,-0.008298802814695066
2787,-0.8537537043455891,-0.008298802814695066
2788,-0.8537540841017845,-0.008298802814695066
2789,-0.8550743095037958,-0.008298802814695066
2790,-0.8554635348629543,-0.008298802814695066
2791,-0.8560587483637946,-0.008298802814695066
2792,-0.8561648016720111,-0.008298802814695066
2793,-0.8565848525671864,-0.008298802814695066
2794,-0.8571274814203006,-0.008298802814695066
2795,-0.8572339963671378,-0.008298802814695066
2796,-0.8573507796470455,-0.008298802814695066
2797,-0.8574481728708099,-0.008298802814695066
2798,-0.8577253835463614,-0.008298802814695066
2799,-0.857874044980836,-0.008298802814695066
2800,-0.857945069337054,-0.008298802814695066
2801,-0.85853409261368,-0.008298802814695066
2802,-0.8586612056866353,-0.008298802814695066
2803,-0.8589021650419579,-0.008298802814695066
2804,-0.8592211795294338,-0.008298802814695066
2805,-0.8597430614681059,-0.008298802814695066
2806,-0.8600941386261117,-0.008298802814695066
2807,-0.8604108881777425,-0.008298802814695066
2808,-0.8605261897374661,-0.008298802814695066
2809,-0.8608625858760607,-0.008298802814695066
2810,-0.8612859229308096,-0.008298802814695066
2811,-0.8613218238184704,-0.008298802814695066
2812,-0.8613489309209578,-0.008298802814695066
2813,-0.861829694011208,-0.008298802814695066
2814,-0.8619453647321109,-0.008298802814695066
2815,-0.862820607541054,-0.008298802814695066
2816,-0.8630158757237149,-0.008298802814695066
2817,-0.8632311499767887,-0.008298802814695066
2818,-0.8632658664260711,-0.008298802814695066
2819,-0.8634524332555544,-0.008298802814695066
2820,-0.8636281648579356,-0.008298802814695066
2821,-0.8642904094012545,-0.008298802814695066
2822,-0.8644016775229715,-0.008298802814695066
2823,-0.8649607140054516,-0.008298802814695066
2824,-0.8653874214939091,-0.008298802814695066
2825,-0.8655042068091972,-0.008298802814695066
2826,-0.8655546847146449,-0.008298802814695066
2827,-0.8658635513507582,-0.008298802814695066
2828,-0.8658964031453253,-0.008298802814695066
2829,-0.8659963904088587,-0.008298802814695066
2830,-0.866312225316142,-0.008298802814695066
2831,-0.8664367480795739,-0.008298802814695066
2832,-0.8667413126096473,-0.008298802814695066
2833,-0.8667955668067746,-0.008298802814695066
2834,-0.8673009202049291,-0.008298802814695066
2835,-0.8674755566691488,-0.008298802814695066
2836,-0.8674929984540547,-0.008298802814695066
2837,-0.8675505282688784,-0.008298802814695066
2838,-0.8676666060469022,-0.008298802814695066
2839,-0.868229576881503,-0.008298802814695066
2840,-0.8690443631861013,-0.008298802814695066
2841,-0.8693606691381388,-0.008298802814695066
2842,-0.8697113272545975,-0.008298802814695066
2843,-0.8703481120832455,-0.008298802814695066
2844,-0.8705090174946271,-0.008298802814695066
2845,-0.8705318908701573,-0.008298802814695066
2846,-0.8707281861212506,-0.008298802814695066
2847,-0.8711640242562111,-0.008298802814695066
2848,-0.871217312509909,-0.008298802814695066
2849,-0.8713104633570907,-0.008298802814695066
2850,-0.8720312170243295,-0.008298802814695066
2851,-0.8720727209117558,-0.008298802814695066
2852,-0.8721992553534681,-0.008298802814695066
2853,-0.8722796282839551,-0.008298802814695066
2854,-0.8725253527487331,-0.008298802814695066
2855,-0.8737070807504237,-0.008298802814695066
2856,-0.8741445648693124,-0.008298802814695066
2857,-0.8743521315521579,-0.008298802814695066
2858,-0.8743695972190095,-0.008298802814695066
2859,-0.874574683897476,-0.008298802814695066
2860,-0.8752247992563691,-0.008298802814695066
2861,-0.8752376628432093,-0.008298802814695066
2862,-0.8753695401105758,-0.008298802814695066
2863,-0.875488883069683,-0.008298802814695066
2864,-0.8755164441585532,-0.008298802814695066
2865,-0.8756676033082575,-0.008298802814695066
2866,-0.8772477228377463,-0.008298802814695066
2867,-0.8774377731356955,-0.008298802814695066
2868,-0.8779564114000266,-0.008298802814695066
2869,-0.8781519475274657,-0.008298802814695066
2870,-0.8786751209742896,-0.008298802814695066
2871,-0.8789919231422716,-0.008298802814695066
2872,-0.8791417127683714,-0.008298802814695066
2873,-0.8798681921134082,-0.008298802814695066
2874,-0.8802577104037266,-0.008298802814695066
2875,-0.8807379489576299,-0.008298802814695066
2876,-0.8810130409602381,-0.008298802814695066
2877,-0.8816671452778003,-0.008298802814695066
2878,-0.8820104920314282,-0.008298802814695066
2879,-0.8820966118944495,-0.008298802814695066
2880,-0.8822010826062137,-0.008298802814695066
2881,-0.882572946113887,-0.008298802814695066
2882,-0.8828945756750568,-0.008298802814695066
2883,-0.8837939928508982,-0.008298802814695066
2884,-0.8838969734811818,-0.008298802814695066
2885,-0.8841508001613139,-0.008298802814695066
2886,-0.8841752955676794,-0.008298802814695066
2887,-0.8843197317895699,-0.008298802814695066
2888,-0.8844061104211329,-0.008298802814695066
2889,-0.8848737460887951,-0.008298802814695066
2890,-0.8849861981304625,-0.008298802814695066
2891,-0.8851376393862618,-0.008298802814695066
2892,-0.8852607109757618,-0.008298802814695066
2893,-0.8854933596251437,-0.008298802814695066
2894,-0.8857186016983243,-0.008298802814695066
2895,-0.8867226774887191,-0.008298802814695066
2896,-0.8868360408860022,-0.008298802814695066
2897,-0.8868980343099133,-0.008298802814695066
2898,-0.8872077591877253,-0.008298802814695066
2899,-0.887299292830166,-0.008298802814695066
2900,-0.8873379696619987,-0.008298802814695066
2901,-0.8873407227798429,-0.008298802814695066
2902,-0.8873638028721824,-0.008298802814695066
2903,-0.8876461375765501,-0.008298802814695066
2904,-0.8876574911973683,-0.008298802814695066
2905,-0.8878566942662589,-0.008298802814695066
2906,-0.8879889416888163,-0.008298802814695066
2907,-0.888162334671525,-0.008298802814695066
2908,-0.8884816160888498,-0.008298802814695066
2909,-0.8886528980610202,-0.008298802814695066
2910,-0.8889507963306205,-0.008298802814695066
2911,-0.8892850837350674,-0.008298802814695066
2912,-0.8893278082642208,-0.008298802814695066
2913,-0.8893896968974176,-0.008298802814695066
2914,-0.8896502086829832,-0.008298802814695066
2915,-0.8898881792481896,-0.008298802814695066
2916,-0.8900132525777947,-0.008298802814695066
2917,-0.8901996592512369,-0.008298802814695066
2918,-0.8902364114304349,-0.008298802814695066
2919,-0.8905441696488381,-0.008298802814695066
2920,-0.8906099697272212,-0.008298802814695066
2921,-0.8906145424717966,-0.008298802814695066
2922,-0.8907344102414367,-0.008298802814695066
2923,-0.8907866284832116,-0.008298802814695066
2924,-0.8909610711261661,-0.008298802814695066
2925,-0.8911346871320813,-0.008298802814695066
2926,-0.8911612202685464,-0.008298802814695066
2927,-0.8912736790622815,-0.008298802814695066
2928,-0.8915504128474466,-0.008298802814695066
2929,-0.8921224669172798,-0.008298802814695066
2930,-0.8922040616259145,-0.008298802814695066
2931,-0.8924890281113572,-0.008298802814695066
2932,-0.8926809323085412,-0.008298802814695066
2933,-0.8926877611412187,-0.008298802814695066
2934,-0.8932762899913919,-0.008298802814695066
2935,-0.8935648459258025,-0.008298802814695066
2936,-0.8939028558101421,-0.008298802814695066
2937,-0.8940079074349669,-0.008298802814695066
2938,-0.8946909311369189,-0.008298802814695066
2939,-0.8950366231791058,-0.008298802814695066
2940,-0.8950691377707733,-0.008298802814695066
2941,-0.8954377404978824,-0.008298802814695066
2942,-0.8954428533373917,-0.008298802814695066
2943,-0.8957201932879117,-0.008298802814695066
2944,-0.8961336259270671,-0.008298802814695066
2945,-0.8970112025131802,-0.008298802814695066
2946,-0.8973874853331162,-0.008298802814695066
2947,-0.8975617704221579,-0.008298802814695066
2948,-0.897867128874912,-0.008298802814695066
2949,-0.8982018219694736,-0.008298802814695066
2950,-0.8984372136830526,-0.008298802814695066
2951,-0.8985225178521135,-0.008298802814695066
2952,-0.89864722178659,-0.008298802814695066
2953,-0.8986639778301269,-0.008298802814695066
2954,-0.8989703666779225,-0.008298802814695066
2955,-0.8993134914998562,-0.008298802814695066
2956,-0.8995386876311916,-0.008298802814695066
2957,-0.8997560859262929,-0.008298802814695066
2958,-0.9000972346481793,-0.008298802814695066
2959,-0.9002110628734546,-0.008298802814695066
2960,-0.9003708831657969,-0.008298802814695066
2961,-0.9006363720253768,-0.008298802814695066
2962,-0.901046131788248,-0.008298802814695066
2963,-0.9013368168597338,-0.008298802814695066
2964,-0.9015076083022548,-0.008298802814695066
2965,-0.9017936805278932,-0.008298802814695066
2966,-0.9018991970923276,-0.008298802814695066
2967,-0.9021729313562121,-0.008298802814695066
2968,-0.9022977110642918,-0.008298802814695066
2969,-0.9025749435369759,-0.008298802814695066
2970,-0.9031186137759551,-0.008298802814695066
2971,-0.903226458020751,-0.008298802814695066
2972,-0.903686088766736,-0.008298802814695066
2973,-0.9036951400175207,-0.008298802814695066
2974,-0.9039208397016737,-0.008298802814695066
2975,-0.903987049854508,-0.008298802814695066
2976,-0.9040544760706091,-0.008298802814695066
2977,-0.9041701567466496,-0.008298802814695066
2978,-0.9042517432340277,-0.008298802814695066
2979,-0.9048401252748062,-0.008298802814695066
2980,-0.9049450897471333,-0.008298802814695066
2981,-0.9053583961310895,-0.008298802814695066
2982,-0.9062632934384732,-0.008298802814695066
2983,-0.9063410242499154,-0.008298802814695066
2984,-0.9064977705806672,-0.008298802814695066
2985,-0.906703481544713,-0.008298802814695066
2986,-0.9067643930516371,-0.008298802814695066
2987,-0.9068318224367095,-0.008298802814695066
2988,-0.907213522136902,-0.008298802814695066
2989,-0.9078600278856873,-0.008298802814695066
2990,-0.9085947216409032,-0.008298802814695066
2991,-0.9089298583496104,-0.008298802814695066
2992,-0.9090136469745455,-0.008298802814695066
2993,-0.9106406107128588,-0.008298802814695066
2994,-0.9107780206307416,-0.008298802814695066
2995,-0.91175637752548,-0.008298802814695066
2996,-0.9117860454643725,-0.008298802814695066
2997,-0.9117867603317903,-0.008298802814695066
2998,-0.9121964852363138,-0.008298802814695066
2999,-0.9128545138054855,-0.008298802814695066
3000,-0.913101239903833,-0.008298802814695066
3001,-0.9142772499856199,-0.008298802814695066
3002,-0.9143990721547679,-0.008298802814695066
3003,-0.9145096497221805,-0.008298802814695066
3004,-0.9147721372679145,-0.008298802814695066
3005,-0.9150908786891534,-0.008298802814695066
3006,-0.9155750560379408,-0.008298802814695066
3007,-0.9155884390320176,-0.008298802814695066
3008,-0.9156432722707795,-0.008298802814695066
3009,-0.915694165708258,-0.008298802814695066
3010,-0.9158549422396027,-0.008298802814695066
3011,-0.9160235479766132,-0.008298802814695066
3012,-0.9161632645006845,-0.008298802814695066
3013,-0.9161636364431442,-0.008298802814695066
3014,-0.916327248026265,-0.008298802814695066
3015,-0.9163719148318101,-0.008298802814695066
3016,-0.9165882674564129,-0.008298802814695066
3017,-0.9166157968360913,-0.008298802814695066
3018,-0.9166419713570226,-0.008298802814695066
3019,-0.9167542162593685,-0.008298802814695066
3020,-0.9168448013079092,-0.008298802814695066
3021,-0.917158116705679,-0.008298802814695066
3022,-0.9172373262064564,-0.008298802814695066
3023,-0.9174710820567731,-0.008298802814695066
3024,-0.9180129093072024,-0.008298802814695066
3025,-0.9181455226323901,-0.008298802814695066
3026,-0.9183374668885603,-0.008298802814695066
3027,-0.918768040631875,-0.008298802814695066
3028,-0.9189187518622898,-0.008298802814695066
3029,-0.9189413694961454,-0.008298802814695066
3030,-0.9189673310713649,-0.008298802814695066
3031,-0.9190252440201512,-0.008298802814695066
3032,-0.9192381293363773,-0.008298802814695066
3033,-0.9192808774012505,-0.008298802814695066
3034,-0.919343137319723,-0.008298802814695066
3035,-0.919922953621463,-0.008298802814695066
3036,-0.920585774632043,-0.008298802814695066
3037,-0.9208002400652017,-0.008298802814695066
3038,-0.9208187279303159,-0.008298802814695066
3039,-0.9208553780583382,-0.008298802814695066
3040,-0.921039839748269,-0.008298802814695066
3041,-0.9210752560105506,-0.008298802814695066
3042,-0.9210879925649407,-0.008298802814695066
3043,-0.9211320271358334,-0.008298802814695066
3044,-0.9212499173010085,-0.008298802814695066
3045,-0.9215440304270164,-0.008298802814695066
3046,-0.9217533006580447,-0.008298802814695066
3047,-0.9220144650773014,-0.008298802814695066
3048,-0.9222966689533001,-0.008298802814695066
3049,-0.9225708873684715,-0.008298802814695066
3050,-0.9226871100981942,-0.008298802814695066
3051,-0.922919110461619,-0.008298802814695066
3052,-0.9232463676475464,-0.008298802814695066
3053,-0.9237199487290819,-0.008298802814695066
3054,-0.9239990117976218,-0.008298802814695066
3055,-0.9243205750646849,-0.008298802814695066
3056,-0.9247751516122333,-0.008298802814695066
3057,-0.9253601189513473,-0.008298802814695066
3058,-0.9265084433009192,-0.008298802814695066
3059,-0.926544943524781,-0.008298802814695066
3060,-0.9266876075874532,-0.008298802814695066
3061,-0.926708297747117,-0.008298802814695066
3062,-0.9267346005395244,-0.008298802814695066
3063,-0.9267671604146649,-0.008298802814695066
3064,-0.9277550382418278,-0.008298802814695066
3065,-0.9279367058005572,-0.008298802814695066
3066,-0.9279607103772298,-0.008298802814695066
3067,-0.9281160507096268,-0.008298802814695066
3068,-0.9284994883776811,-0.008298802814695066
3069,-0.9286991991308826,-0.008298802814695066
3070,-0.928859191624475,-0.008298802814695066
3071,-0.9292759742145706,-0.008298802814695066
3072,-0.9295129925525274,-0.008298802814695066
3073,-0.9297004053716276,-0.008298802814695066
3074,-0.9300826962885012,-0.008298802814695066
3075,-0.9302488509576559,-0.008298802814695066
3076,-0.9306425713137227,-0.008298802814695066
3077,-0.9307003465155184,-0.008298802814695066
3078,-0.9309335471137087,-0.008298802814695066
3079,-0.9320567899550971,-0.008298802814695066
3080,-0.9320900324954376,-0.008298802814695066
3081,-0.9323733034050672,-0.008298802814695066
3082,-0.9324682447188596,-0.008298802814695066
3083,-0.932540440393404,-0.008298802814695066
3084,-0.9331143614046258,-0.008298802814695066
3085,-0.9333046464683615,-0.008298802814695066
3086,-0.9340186136385544,-0.008298802814695066
3087,-0.9342392456419837,-0.008298802814695066
3088,-0.9343600755832155,-0.008298802814695066
3089,-0.9345001265909467,-0.008298802814695066
3090,-0.9346883168129614,-0.008298802814695066
3091,-0.9347877733130832,-0.008298802814695066
3092,-0.9350381425608445,-0.008298802814695066
3093,-0.9351741791178185,-0.008298802814695066
3094,-0.9360703936815875,-0.008298802814695066
3095,-0.9361598235147335,-0.008298802814695066
3096,-0.9365736721323502,-0.008298802814695066
3097,-0.9370189309041055,-0.008298802814695066
3098,-0.937537645728943,-0.008298802814695066
3099,-0.9377084771745885,-0.008298802814695066
3100,-0.9378003055297421,-0.008298802814695066
3101,-0.9378214244009366,-0.008298802814695066
3102,-0.9379989527551318,-0.008298802814695066
3103,-0.9380038167289444,-0.008298802814695066
3104,-0.9382987141145747,-0.008298802814695066
3105,-0.9386030312132005,-0.008298802814695066
3106,-0.9387754438212175,-0.008298802814695066
3107,-0.938859145703278,-0.008298802814695066
3108,-0.938965228402912,-0.008298802814695066
3109,-0.9390798072640179,-0.008298802814695066
3110,-0.9392380499085612,-0.008298802814695066
3111,-0.9392864508986061,-0.008298802814695066
3112,-0.9403923318010865,-0.008298802814695066
3113,-0.94081469367589,-0.008298802814695066
3114,-0.9411033396282028,-0.008298802814695066
3115,-0.9411256235946779,-0.008298802814695066
3116,-0.9414836442079381,-0.008298802814695066
3117,-0.9425115055888758,-0.008298802814695066
3118,-0.9426070740249957,-0.008298802814695066
3119,-0.94266167030922,-0.008298802814695066
3120,-0.9429096093564797,-0.008298802814695066
3121,-0.9429401307387701,-0.008298802814695066
3122,-0.9431718340511049,-0.008298802814695066
3123,-0.9434823074061206,-0.008298802814695066
3124,-0.9435039392391631,-0.008298802814695066
3125,-0.943690741322166,-0.008298802814695066
3126,-0.9437538414291735,-0.008298802814695066
3127,-0.9438717186035281,-0.008298802814695066
3128,-0.9439609456164173,-0.008298802814695066
3129,-0.9439951661280485,-0.008298802814695066
3130,-0.9442757436145799,-0.008298802814695066
3131,-0.9452555333455774,-0.008298802814695066
3132,-0.9454500839827769,-0.008298802814695066
3133,-0.9457554521795696,-0.008298802814695066
3134,-0.945873371470559,-0.008298802814695066
3135,-0.9459118211497093,-0.008298802814695066
3136,-0.945936757927883,-0.008298802814695066
3137,-0.9461185756693318,-0.008298802814695066
3138,-0.9464119936674997,-0.008298802814695066
3139,-0.9464126298185258,-0.008298802814695066
3140,-0.9466377822728674,-0.008298802814695066
3141,-0.9468064489549389,-0.008298802814695066
3142,-0.9473507025174299,-0.008298802814695066
3143,-0.9474631534257134,-0.008298802814695066
3144,-0.9476133830864086,-0.008298802814695066
3145,-0.9479519359011876,-0.008298802814695066
3146,-0.9483619631351216,-0.008298802814695066
3147,-0.9484343783930642,-0.008298802814695066
3148,-0.9485269269187133,-0.008298802814695066
3149,-0.948625491753522,-0.008298802814695066
3150,-0.9488032310278752,-0.008298802814695066
3151,-0.948880512387992,-0.008298802814695066
3152,-0.948891504467089,-0.008298802814695066
3153,-0.9490335679065882,-0.008298802814695066
3154,-0.9494804712234133,-0.008298802814695066
3155,-0.9495948420874634,-0.008298802814695066
3156,-0.950196349681808,-0.008298802814695066
3157,-0.9502056333731319,-0.008298802814695066
3158,-0.9503370185852441,-0.008298802814695066
3159,-0.9507835035666885,-0.008298802814695066
3160,-0.9509909285879343,-0.008298802814695066
3161,-0.9512349280890519,-0.008298802814695066
3162,-0.951446833149524,-0.008298802814695066
3163,-0.9514606583531928,-0.008298802814695066
3164,-0.9515835396884175,-0.008298802814695066
3165,-0.9517075230955006,-0.008298802814695066
3166,-0.9518976204155463,-0.008298802814695066
3167,-0.9520068805448156,-0.008298802814695066
3168,-0.9522133341004084,-0.008298802814695066
3169,-0.9522833573734506,-0.008298802814695066
3170,-0.9526235555159559,-0.008298802814695066
3171,-0.9526428614037661,-0.008298802814695066
3172,-0.9526438808431422,-0.008298802814695066
3173,-0.9530431881114793,-0.008298802814695066
3174,-0.9533124278144336,-0.008298802814695066
3175,-0.9535901357307583,-0.008298802814695066
3176,-0.9538789738673209,-0.008298802814695066
3177,-0.9541191146091808,-0.008298802814695066
3178,-0.9541490872850101,-0.008298802814695066
3179,-0.9542927731433157,-0.008298802814695066
3180,-0.9543442264666764,-0.008298802814695066
3181,-0.9545317274150384,-0.008298802814695066
3182,-0.9548590680682831,-0.008298802814695066
3183,-0.9552000749268217,-0.008298802814695066
3184,-0.9555734871008061,-0.008298802814695066
3185,-0.9555806074114108,-0.008298802814695066
3186,-0.9556574771890601,-0.008298802814695066
3187,-0.9560787331059029,-0.008298802814695066
3188,-0.9562856664762033,-0.008298802814695066
3189,-0.9564079469466802,-0.008298802814695066
3190,-0.9570121756630774,-0.008298802814695066
3191,-0.957071962676049,-0.008298802814695066
3192,-0.9573870878864156,-0.008298802814695066
3193,-0.9578185236461227,-0.008298802814695066
3194,-0.9582852134329913,-0.008298802814695066
3195,-0.9583453524700896,-0.008298802814695066
3196,-0.9584000749723947,-0.008298802814695066
3197,-0.9590191832553414,-0.008298802814695066
3198,-0.9595305020876119,-0.008298802814695066
3199,-0.9596254434539009,-0.008298802814695066
3200,-0.9596272736428222,-0.008298802814695066
3201,-0.9599982320032574,-0.008298802814695066
3202,-0.96073874919705,-0.008298802814695066
3203,-0.9610905515755723,-0.008298802814695066
3204,-0.9615515539895342,-0.008298802814695066
3205,-0.9621674054849254,-0.008298802814695066
3206,-0.9622013127349935,-0.008298802814695066
3207,-0.9623702708161153,-0.008298802814695066
3208,-0.9624482501473643,-0.008298802814695066
3209,-0.9628590127614096,-0.008298802814695066
3210,-0.9628632966280392,-0.008298802814695066
3211,-0.9629297159033103,-0.008298802814695066
3212,-0.9630936830146434,-0.008298802814695066
3213,-0.963121458921366,-0.008298802814695066
3214,-0.9635034431432028,-0.008298802814695066
3215,-0.9635373342450251,-0.008298802814695066
3216,-0.9641385532055393,-0.008298802814695066
3217,-0.964145845384184,-0.008298802814695066
3218,-0.96428353771104,-0.008298802814695066
3219,-0.9644668051843425,-0.008298802814695066
3220,-0.964554969654982,-0.008298802814695066
3221,-0.9647234848948025,-0.008298802814695066
3222,-0.9647826342753343,-0.008298802814695066
3223,-0.9648493994759522,-0.008298802814695066
3224,-0.9653061028409737,-0.008298802814695066
3225,-0.9653478016021177,-0.008298802814695066
3226,-0.9653582228768639,-0.008298802814695066
3227,-0.9656724340436549,-0.008298802814695066
3228,-0.965836657158087,-0.008298802814695066
3229,-0.9660209462752205,-0.008298802814695066
3230,-0.9665959419567776,-0.008298802814695066
3231,-0.9667131436641625,-0.008298802814695066
3232,-0.966833247404735,-0.008298802814695066
3233,-0.9672324566033434,-0.008298802814695066
3234,-0.9673500677460372,-0.008298802814695066
3235,-0.9673703540163336,-0.008298802814695066
3236,-0.9674323517180838,-0.008298802814695066
3237,-0.9675664692338943,-0.008298802814695066
3238,-0.9682359379454295,-0.008298802814695066
3239,-0.9684905060043345,-0.008298802814695066
3240,-0.9685887233688861,-0.008298802814695066
3241,-0.9688576865378336,-0.008298802814695066
3242,-0.9690845086334576,-0.008298802814695066
3243,-0.969108124553815,-0.008298802814695066
3244,-0.9693497985195774,-0.008298802814695066
3245,-0.9693905686295996,-0.008298802814695066
3246,-0.9694759175398608,-0.008298802814695066
3247,-0.9696248570642622,-0.008298802814695066
3248,-0.9698962003292547,-0.008298802814695066
3249,-0.9700685845076246,-0.008298802814695066
3250,-0.9700925779766711,-0.008298802814695066
3251,-0.9706413969737471,-0.008298802814695066
3252,-0.9710082989650353,-0.008298802814695066
3253,-0.9710360971375502,-0.008298802814695066
3254,-0.9711270565336205,-0.008298802814695066
3255,-0.9711763681475365,-0.008298802814695066
3256,-0.9713170792333402,-0.008298802814695066
3257,-0.9713870097947797,-0.008298802814695066
3258,-0.9716222710190072,-0.008298802814695066
3259,-0.971640972734184,-0.008298802814695066
3260,-0.9717496872247582,-0.008298802814695066
3261,-0.9718325962794312,-0.008298802814695066
3262,-0.9722590740717413,-0.008298802814695066
3263,-0.9723005644043772,-0.008298802814695066
3264,-0.9729569776762882,-0.008298802814695066
3265,-0.9733219957093927,-0.008298802814695066
3266,-0.9733415501783258,-0.008298802814695066
3267,-0.9736036468388557,-0.008298802814695066
3268,-0.9739262124348562,-0.008298802814695066
3269,-0.9739977797441265,-0.008298802814695066
3270,-0.9745368785742712,-0.008298802814695066
3271,-0.9746807507798563,-0.008298802814695066
3272,-0.9750887997144884,-0.008298802814695066
3273,-0.9753422005113084,-0.008298802814695066
3274,-0.9754766163088278,-0.008298802814695066
3275,-0.9755783978755284,-0.008298802814695066
3276,-0.9757084755308958,-0.008298802814695066
3277,-0.9759520244495037,-0.008298802814695066
3278,-0.9760875900478555,-0.008298802814695066
3279,-0.9763426669648791,-0.008298802814695066
3280,-0.9764164001855923,-0.008298802814695066
3281,-0.9764816608337767,-0.008298802814695066
3282,-0.9767933240112272,-0.008298802814695066
3283,-0.9769320107557868,-0.008298802814695066
3284,-0.9772074567347129,-0.008298802814695066
3285,-0.9774107533928302,-0.008298802814695066
3286,-0.9774224733894705,-0.008298802814695066
3287,-0.9774839158623502,-0.008298802814695066
3288,-0.9776175103557834,-0.008298802814695066
3289,-0.9781777758569472,-0.008298802814695066
3290,-0.9783630992829282,-0.008298802814695066
3291,-0.9788646431457069,-0.008298802814695066
3292,-0.9791657412809871,-0.008298802814695066
3293,-0.9791761819502659,-0.008298802814695066
3294,-0.9791913515576964,-0.008298802814695066
3295,-0.9791958363876911,-0.008298802814695066
3296,-0.9792082045061556,-0.008298802814695066
3297,-0.9794779575386069,-0.008298802814695066
3298,-0.9795304220764418,-0.008298802814695066
3299,-0.9796485753595143,-0.008298802814695066
3300,-0.9799119652975752,-0.008298802814695066
3301,-0.9799292821941767,-0.008298802814695066
3302,-0.9800489237547596,-0.008298802814695066
3303,-0.9804485324340033,-0.008298802814695066
3304,-0.9804829306287086,-0.008298802814695066
3305,-0.9806193853629372,-0.008298802814695066
3306,-0.9809863589917052,-0.008298802814695066
3307,-0.98126938834954,-0.008298802814695066
3308,-0.9812877461083602,-0.008298802814695066
3309,-0.9812877498365594,-0.008298802814695066
3310,-0.9815691389069797,-0.008298802814695066
3311,-0.981679269356134,-0.008298802814695066
3312,-0.9817783851584319,-0.008298802814695066
3313,-0.9818216945355612,-0.008298802814695066
3314,-0.9821751076136926,-0.008298802814695066
3315,-0.9825723448386141,-0.008298802814695066
3316,-0.9828035958767194,-0.008298802814695066
3317,-0.9830066629112897,-0.008298802814695066
3318,-0.9836146845961828,-0.008298802814695066
3319,-0.9838304159268805,-0.008298802814695066
3320,-0.9839975775027443,-0.008298802814695066
3321,-0.984369087343171,-0.008298802814695066
3322,-0.984414329916053,-0.008298802814695066
3323,-0.9852383823157036,-0.008298802814695066
3324,-0.985365639521329,-0.008298802814695066
3325,-0.9856383843946623,-0.008298802814695066
3326,-0.9856449796163388,-0.008298802814695066
3327,-0.9868401373887732,-0.008298802814695066
3328,-0.9873656667504458,-0.008298802814695066
3329,-0.9876305053702611,-0.008298802814695066
3330,-0.9876737005340511,-0.008298802814695066
3331,-0.9882718521034108,-0.008298802814695066
3332,-0.9882845335369637,-0.008298802814695066
3333,-0.9884375077493417,-0.008298802814695066
3334,-0.9890309088597347,-0.008298802814695066
3335,-0.9894646674309919,-0.008298802814695066
3336,-0.989718416135835,-0.008298802814695066
3337,-0.9898806977763671,-0.008298802814695066
3338,-0.9899471164011232,-0.008298802814695066
3339,-0.9901443461996053,-0.008298802814695066
3340,-0.9903285898004441,-0.008298802814695066
3341,-0.9911245714726215,-0.008298802814695066
3342,-0.9912179867666384,-0.008298802814695066
3343,-0.9912892220141089,-0.008298802814695066
3344,-0.9913109919463269,-0.008298802814695066
3345,-0.9916797689437156,-0.008298802814695066
3346,-0.9918600096275152,-0.008298802814695066
3347,-0.9923660282372921,-0.008298802814695066
3348,-0.9924754607379359,-0.008298802814695066
3349,-0.9926266520308618,-0.008298802814695066
3350,-0.9926562887395298,-0.008298802814695066
3351,-0.9926811632641175,-0.008298802814695066
3352,-0.9927938682830567,-0.008298802814695066
3353,-0.993228280836747,-0.008298802814695066
3354,-0.993298067430139,-0.008298802814695066
3355,-0.9934335132205814,-0.008298802814695066
3356,-0.993449716080695,-0.008298802814695066
3357,-0.9935978196888055,-0.008298802814695066
3358,-0.9936113255932262,-0.008298802814695066
3359,-0.9941876360248356,-0.008298802814695066
3360,-0.99453294671435,-0.008298802814695066
3361,-0.9945856738744615,-0.008298802814695066
3362,-0.9949056132328082,-0.008298802814695066
3363,-0.9951847934917468,-0.008298802814695066
3364,-0.9952671509806862,-0.008298802814695066
3365,-0.9953994806223909,-0.008298802814695066
3366,-0.9954779951697014,-0.008298802814695066
3367,-0.9958098690855226,-0.008298802814695066
3368,-0.9960034869600531,-0.008298802814695066
3369,-0.9961466645865046,-0.008298802814695066
3370,-0.9964075050235908,-0.008298802814695066
3371,-0.9967063395165681,-0.008298802814695066
3372,-0.9967230742057975,-0.008298802814695066
3373,-0.9968301889426072,-0.008298802814695066
3374,-0.9969132795055382,-0.008298802814695066
3375,-0.9971439672025517,-0.008298802814695066
3376,-0.9972169212531188,-0.008298802814695066
3377,-0.997323480856293,-0.008298802814695066
3378,-0.9974021505490036,-0.008298802814695066
3379,-0.9976220784010943,-0.008298802814695066
3380,-0.9976336972591283,-0.008298802814695066
3381,-0.9976604898555614,-0.008298802814695066
3382,-0.9978592479455642,-0.008298802814695066
3383,-0.9980726368184516,-0.008298802814695066
3384,-0.9981738985510336,-0.008298802814695066
3385,-0.9982988029429247,-0.008298802814695066
3386,-0.999020158177075,-0.008298802814695066
3387,-0.9992651865717701,-0.008298802814695066
3388,-0.9993938370308275,-0.008298802814695066
3389,-0.9994605141667179,-0.008298802814695066
3390,-1.0004643217900475,-0.008298802814695066
3391,-1.0004917165818927,-0.008298802814695066
3392,-1.0016394933311497,-0.008298802814695066
3393,-1.001721715347498,-0.008298802814695066
3394,-1.0027673287083267,-0.008298802814695066
3395,-1.002866914895967,-0.008298802814695066
3396,-1.0029443126945923,-0.008298802814695066
3397,-1.0029506316424555,-0.008298802814695066
3398,-1.0029563339916778,-0.008298802814695066
3399,-1.002978469574668,-0.008298802814695066
3400,-1.0031908027195935,-0.008298802814695066
3401,-1.0034263170116269,-0.008298802814695066
3402,-1.003445394581302,-0.008298802814695066
3403,-1.0035016681331144,-0.008298802814695066
3404,-1.003714558489563,-0.008298802814695066
3405,-1.0040782476594279,-0.008298802814695066
3406,-1.0044530755830379,-0.008298802814695066
3407,-1.0044921685655475,-0.008298802814695066
3408,-1.0045128594746855,-0.008298802814695066
3409,-1.0047341074360543,-0.008298802814695066
3410,-1.0047679102880438,-0.008298802814695066
3411,-1.0050305981943386,-0.008298802814695066
3412,-1.005332331502947,-0.008298802814695066
3413,-1.0054350464440984,-0.008298802814695066
3414,-1.005546342114953,-0.008298802814695066
3415,-1.0055721976501923,-0.008298802814695066
3416,-1.0059275787140363,-0.008298802814695066
3417,-1.0060491168833803,-0.008298802814695066
3418,-1.006077493109254,-0.008298802814695066
3419,-1.006367623798256,-0.008298802814695066
3420,-1.0066715313371786,-0.008298802814695066
3421,-1.0067898316364756,-0.008298802814695066
3422,-1.006991132882902,-0.008298802814695066
3423,-1.0072162103779454,-0.008298802814695066
3424,-1.0073168547367,-0.008298802814695066
3425,-1.0073382745281332,-0.008298802814695066
3426,-1.0077264698445862,-0.008298802814695066
3427,-1.0081094573115912,-0.008298802814695066
3428,-1.0084647659319734,-0.008298802814695066
3429,-1.0084648036344677,-0.008298802814695066
3430,-1.0085338240071233,-0.008298802814695066
3431,-1.0087655205604458,-0.008298802814695066
3432,-1.0088267576821994,-0.008298802814695066
3433,-1.0089706366688211,-0.008298802814695066
3434,-1.0090483695167571,-0.008298802814695066
3435,-1.0091500981371522,-0.008298802814695066
3436,-1.009389710569376,-0.008298802814695066
3437,-1.0094336980609255,-0.008298802814695066
3438,-1.0096986643075312,-0.008298802814695066
3439,-1.0099145057526777,-0.008298802814695066
3440,-1.0100085809174635,-0.008298802814695066
3441,-1.0102461964266578,-0.008298802814695066
3442,-1.0102529919880254,-0.008298802814695066
3443,-1.0106619961854202,-0.008298802814695066
3444,-1.0107729939288022,-0.008298802814695066
3445,-1.010914481811345,-0.008298802814695066
3446,-1.0110283710558496,-0.008298802814695066
3447,-1.0112177562101412,-0.008298802814695066
3448,-1.0116852065723292,-0.008298802814695066
3449,-1.0119047446466234,-0.008298802814695066
3450,-1.0123125607782484,-0.008298802814695066
3451,-1.0127175909087767,-0.008298802814695066
3452,-1.01323488827296,-0.008298802814695066
3453,-1.0133130092677491,-0.008298802814695066
3454,-1.0135344882489592,-0.008298802814695066
3455,-1.013824736470209,-0.008298802814695066
3456,-1.0138274432262757,-0.008298802814695066
3457,-1.013840872037783,-0.008298802814695066
3458,-1.0138965254830357,-0.008298802814695066
3459,-1.0140216713209664,-0.008298802814695066
3460,-1.014220573833584,-0.008298802814695066
3461,-1.014427332802825,-0.008298802814695066
3462,-1.0144436858500123,-0.008298802814695066
3463,-1.0144482045442813,-0.008298802814695066
3464,-1.0144618712905968,-0.008298802814695066
3465,-1.0148493309802413,-0.008298802814695066
3466,-1.0150508438642032,-0.008298802814695066
3467,-1.0151224692585339,-0.008298802814695066
3468,-1.0153179315189549,-0.008298802814695066
3469,-1.015527782710248,-0.008298802814695066
3470,-1.0158197486472405,-0.008298802814695066
3471,-1.016198789352316,-0.008298802814695066
3472,-1.01621580029748,-0.008298802814695066
3473,-1.0163828936983237,-0.008298802814695066
3474,-1.0170800855348963,-0.008298802814695066
3475,-1.017104537390123,-0.008298802814695066
3476,-1.017116109951529,-0.008298802814695066
3477,-1.0171736842510084,-0.008298802814695066
3478,-1.0173676968135954,-0.008298802814695066
3479,-1.0174470470816543,-0.008298802814695066
3480,-1.0176066370275239,-0.008298802814695066
3481,-1.0179234125272014,-0.008298802814695066
3482,-1.0180625191488224,-0.008298802814695066
3483,-1.0182108527127416,-0.008298802814695066
3484,-1.0187852343672283,-0.008298802814695066
3485,-1.0188423108893419,-0.008298802814695066
3486,-1.0191550756122196,-0.008298802814695066
3487,-1.0192986797679606,-0.008298802814695066
3488,-1.0193452098379683,-0.008298802814695066
3489,-1.02000091285559,-0.008298802814695066
3490,-1.0205798280982408,-0.008298802814695066
3491,-1.02062755521992,-0.008298802814695066
3492,-1.0207130816796965,-0.008298802814695066
3493,-1.0208914372780074,-0.008298802814695066
3494,-1.0209071291744962,-0.008298802814695066
3495,-1.0210403808259267,-0.008298802814695066
3496,-1.0215375341677833,-0.008298802814695066
3497,-1.021576630232127,-0.008298802814695066
3498,-1.0224550569866797,-0.008298802814695066
3499,-1.0225706324911974,-0.008298802814695066
3500,-1.02269061431247,-0.008298802814695066
3501,-1.0229001858562452,-0.008298802814695066
3502,-1.0230161274964154,-0.008298802814695066
3503,-1.023344237515692,-0.008298802814695066
3504,-1.0237313389103453,-0.008298802814695066
3505,-1.0237438487908077,-0.008298802814695066
3506,-1.0238621420973926,-0.008298802814695066
3507,-1.0240764686961785,-0.008298802814695066
3508,-1.0243172010580628,-0.008298802814695066
3509,-1.0243899976413446,-0.008298802814695066
3510,-1.0244053381682423,-0.008298802814695066
3511,-1.0244849016651831,-0.008298802814695066
3512,-1.0246185355620319,-0.008298802814695066
3513,-1.0248787897513636,-0.008298802814695066
3514,-1.025341126910109,-0.008298802814695066
3515,-1.0255664920256544,-0.008298802814695066
3516,-1.025588916311741,-0.008298802814695066
3517,-1.0256749037489392,-0.008298802814695066
3518,-1.0258903601965228,-0.008298802814695066
3519,-1.0262755666994634,-0.008298802814695066
3520,-1.0263999445792664,-0.008298802814695066
3521,-1.0266561862518058,-0.008298802814695066
3522,-1.026916209887752,-0.008298802814695066
3523,-1.0274408996600226,-0.008298802814695066
3524,-1.0274835216256832,-0.008298802814695066
3525,-1.0275902331507412,-0.008298802814695066
3526,-1.027805969463277,-0.008298802814695066
3527,-1.027809338191614,-0.008298802814695066
3528,-1.0280004114551975,-0.008298802814695066
3529,-1.0280445764611712,-0.008298802814695066
3530,-1.0282595153030254,-0.008298802814695066
3531,-1.0284349661963315,-0.008298802814695066
3532,-1.0286263816481775,-0.008298802814695066
3533,-1.028728779184922,-0.008298802814695066
3534,-1.0292215733058394,-0.008298802814695066
3535,-1.0294716668262078,-0.008298802814695066
3536,-1.0296109996823932,-0.008298802814695066
3537,-1.0296224545510193,-0.008298802814695066
3538,-1.0297707973796393,-0.008298802814695066
3539,-1.0298797269352022,-0.008298802814695066
3540,-1.029880560171975,-0.008298802814695066
3541,-1.0299683440039713,-0.008298802814695066
3542,-1.0308185940790868,-0.008298802814695066
3543,-1.0308863539724444,-0.008298802814695066
3544,-1.030961857198824,-0.008298802814695066
3545,-1.0310642972285062,-0.008298802814695066
3546,-1.031081556953127,-0.008298802814695066
3547,-1.0312700522706195,-0.008298802814695066
3548,-1.0314148188936212,-0.008298802814695066
3549,-1.0315227838959715,-0.008298802814695066
3550,-1.0315909616950647,-0.008298802814695066
3551,-1.0316396971585586,-0.008298802814695066
3552,-1.0318277075640316,-0.008298802814695066
3553,-1.0319783727582452,-0.008298802814695066
3554,-1.032094395336085,-0.008298802814695066
3555,-1.0321533403760847,-0.008298802814695066
3556,-1.0323192684836384,-0.008298802814695066
3557,-1.0323897569341247,-0.008298802814695066
3558,-1.0324425462118278,-0.008298802814695066
3559,-1.0328650790295173,-0.008298802814695066
3560,-1.0330638621099775,-0.008298802814695066
3561,-1.033327263508553,-0.008298802814695066
3562,-1.0336583511634396,-0.008298802814695066
3563,-1.03410767343332,-0.008298802814695066
3564,-1.034606004550558,-0.008298802814695066
3565,-1.0348109935923717,-0.008298802814695066
3566,-1.034847832547098,-0.008298802814695066
3567,-1.034925891993564,-0.008298802814695066
3568,-1.0353020443250094,-0.008298802814695066
3569,-1.035499484328294,-0.008298802814695066
3570,-1.0359619727238494,-0.008298802814695066
3571,-1.0362378568293342,-0.008298802814695066
3572,-1.0362461112658732,-0.008298802814695066
3573,-1.0367555500573702,-0.008298802814695066
3574,-1.0367808690953306,-0.008298802814695066
3575,-1.0370171310081102,-0.008298802814695066
3576,-1.037101281285579,-0.008298802814695066
3577,-1.037181727037023,-0.008298802814695066
3578,-1.0373840473950524,-0.008298802814695066
3579,-1.037528552161816,-0.008298802814695066
3580,-1.0376604093769775,-0.008298802814695066
3581,-1.0377827071790042,-0.008298802814695066
3582,-1.0378359932057757,-0.008298802814695066
3583,-1.0379306039022551,-0.008298802814695066
3584,-1.0382076524501869,-0.008298802814695066
3585,-1.038269326546774,-0.008298802814695066
3586,-1.0383555677193292,-0.008298802814695066
3587,-1.0385044559451178,-0.008298802814695066
3588,-1.0388747621509826,-0.008298802814695066
3589,-1.0390428476872808,-0.008298802814695066
3590,-1.0392505214163503,-0.008298802814695066
3591,-1.0393985611988856,-0.008298802814695066
3592,-1.0394046269371524,-0.008298802814695066
3593,-1.039568945486155,-0.008298802814695066
3594,-1.039837967819523,-0.008298802814695066
3595,-1.0398436563558362,-0.008298802814695066
3596,-1.0400412141434558,-0.008298802814695066
3597,-1.0401762957203315,-0.008298802814695066
3598,-1.0401863352209504,-0.008298802814695066
3599,-1.0404039252963064,-0.008298802814695066
3600,-1.0404546617000947,-0.008298802814695066
3601,-1.0404567071646509,-0.008298802814695066
3602,-1.0407097400761298,-0.008298802814695066
3603,-1.0407159121948104,-0.008298802814695066
3604,-1.0410598780641815,-0.008298802814695066
3605,-1.0412052476092069,-0.008298802814695066
3606,-1.0412619306754578,-0.008298802814695066
3607,-1.0417940936066425,-0.008298802814695066
3608,-1.0418307188855045,-0.008298802814695066
3609,-1.0419598263327297,-0.008298802814695066
3610,-1.0419987592974849,-0.008298802814695066
3611,-1.042122455084785,-0.008298802814695066
3612,-1.042148136231996,-0.008298802814695066
3613,-1.0424468569620182,-0.008298802814695066
3614,-1.042869894711941,-0.008298802814695066
3615,-1.0429641569576478,-0.008298802814695066
3616,-1.0431515881832427,-0.008298802814695066
3617,-1.0432658703787703,-0.008298802814695066
3618,-1.0435951144282365,-0.008298802814695066
3619,-1.0436152120612687,-0.008298802814695066
3620,-1.0436575820976328,-0.008298802814695066
3621,-1.0441560161285457,-0.008298802814695066
3622,-1.0441741609644832,-0.008298802814695066
3623,-1.0445952622433683,-0.008298802814695066
3624,-1.0451040449111098,-0.008298802814695066
3625,-1.0451836152403464,-0.008298802814695066
3626,-1.0452124765676334,-0.008298802814695066
3627,-1.0453840202381957,-0.008298802814695066
3628,-1.0455229999796096,-0.008298802814695066
3629,-1.045672484493283,-0.008298802814695066
3630,-1.0456891140193985,-0.008298802814695066
3631,-1.0457126846010183,-0.008298802814695066
3632,-1.0457997712162808,-0.008298802814695066
3633,-1.045887954252237,-0.008298802814695066
3634,-1.0458930345772335,-0.008298802814695066
3635,-1.045909473109528,-0.008298802814695066
3636,-1.045946421167322,-0.008298802814695066
3637,-1.0460081825533654,-0.008298802814695066
3638,-1.0461512762459002,-0.008298802814695066
3639,-1.046167757635483,-0.008298802814695066
3640,-1.0461735288811465,-0.008298802814695066
3641,-1.0463133568651946,-0.008298802814695066
3642,-1.046484006183445,-0.008298802814695066
3643,-1.0465810564726885,-0.008298802814695066
3644,-1.0466105327914885,-0.008298802814695066
3645,-1.0467262020192836,-0.008298802814695066
3646,-1.0467821547380516,-0.008298802814695066
3647,-1.046915066761508,-0.008298802814695066
3648,-1.046963029758093,-0.008298802814695066
3649,-1.0470110099462004,-0.008298802814695066
3650,-1.0471095427498507,-0.008298802814695066
3651,-1.0476642156811513,-0.008298802814695066
3652,-1.0477098147610762,-0.008298802814695066
3653,-1.0477469663284937,-0.008298802814695066
3654,-1.047767909451658,-0.008298802814695066
3655,-1.0478477705143034,-0.008298802814695066
3656,-1.0478914035145936,-0.008298802814695066
3657,-1.0480256652489717,-0.008298802814695066
3658,-1.0480555377594656,-0.008298802814695066
3659,-1.0481935397929092,-0.008298802814695066
3660,-1.0482308408200953,-0.008298802814695066
3661,-1.0482349806032585,-0.008298802814695066
3662,-1.0484963585856941,-0.008298802814695066
3663,-1.0485521162514828,-0.008298802814695066
3664,-1.0487344983883748,-0.008298802814695066
3665,-1.04877858504342,-0.008298802814695066
3666,-1.0489153067770358,-0.008298802814695066
3667,-1.0489170429217531,-0.008298802814695066
3668,-1.0489239381077682,-0.008298802814695066
3669,-1.0494589635797333,-0.008298802814695066
3670,-1.0497660860505196,-0.008298802814695066
3671,-1.049825144872777,-0.008298802814695066
3672,-1.0499463874298622,-0.008298802814695066
3673,-1.0501155311552213,-0.008298802814695066
3674,-1.0501619731889738,-0.008298802814695066
3675,-1.0502029656442438,-0.008298802814695066
3676,-1.0502772015719624,-0.008298802814695066
3677,-1.0503919601576965,-0.008298802814695066
3678,-1.0505131977052857,-0.008298802814695066
3679,-1.0506156723118245,-0.008298802814695066
3680,-1.0506687861331943,-0.008298802814695066
3681,-1.0506744344851262,-0.008298802814695066
3682,-1.050933625750406,-0.008298802814695066
3683,-1.0510035126775779,-0.008298802814695066
3684,-1.0511061661829342,-0.008298802814695066
3685,-1.0511859579795555,-0.008298802814695066
3686,-1.051334962417841,-0.008298802814695066
3687,-1.0513521168032027,-0.008298802814695066
3688,-1.0516053931196478,-0.008298802814695066
3689,-1.0517670396866485,-0.008298802814695066
3690,-1.0519006665987698,-0.008298802814695066
3691,-1.052480507850181,-0.008298802814695066
3692,-1.0526363788397055,-0.008298802814695066
3693,-1.0527093059759525,-0.008298802814695066
3694,-1.0527162660479283,-0.008298802814695066
3695,-1.0531382210184157,-0.008298802814695066
3696,-1.053281611221275,-0.008298802814695066
3697,-1.0534148995604595,-0.008298802814695066
3698,-1.0534695933959985,-0.008298802814695066
3699,-1.0535589752805707,-0.008298802814695066
3700,-1.0535682634935863,-0.008298802814695066
3701,-1.0540545749390624,-0.008298802814695066
3702,-1.0540605370371752,-0.008298802814695066
3703,-1.0545368895210776,-0.008298802814695066
3704,-1.055117246336632,-0.008298802814695066
3705,-1.0554358171194054,-0.008298802814695066
3706,-1.05549499472946,-0.008298802814695066
3707,-1.055785699132678,-0.008298802814695066
3708,-1.0558968843729477,-0.008298802814695066
3709,-1.0566168079860445,-0.008298802814695066
3710,-1.0567087164636597,-0.008298802814695066
3711,-1.056994968451877,-0.008298802814695066
3712,-1.0571795402263908,-0.008298802814695066
3713,-1.0571861732674237,-0.008298802814695066
3714,-1.0573995494801212,-0.008298802814695066
3715,-1.057426561331861,-0.008298802814695066
3716,-1.0578231306362285,-0.008298802814695066
3717,-1.0580651865569555,-0.008298802814695066
3718,-1.0584181028148716,-0.008298802814695066
3719,-1.0590193274197275,-0.008298802814695066
3720,-1.0592570940352752,-0.008298802814695066
3721,-1.0593808037594363,-0.008298802814695066
3722,-1.0595005199637575,-0.008298802814695066
3723,-1.0595662166425175,-0.008298802814695066
3724,-1.0598017208085273,-0.008298802814695066
3725,-1.059850032779842,-0.008298802814695066
3726,-1.0601200704612137,-0.008298802814695066
3727,-1.060413148674214,-0.008298802814695066
3728,-1.0605494699842783,-0.008298802814695066
3729,-1.0605676509439608,-0.008298802814695066
3730,-1.0605718301749307,-0.008298802814695066
3731,-1.0606198090166605,-0.008298802814695066
3732,-1.0606869563701957,-0.008298802814695066
3733,-1.0607697527283433,-0.008298802814695066
3734,-1.0608701572668044,-0.008298802814695066
3735,-1.061314225016205,-0.008298802814695066
3736,-1.0614805717099391,-0.008298802814695066
3737,-1.061612871770475,-0.008298802814695066
3738,-1.061657765566278,-0.008298802814695066
3739,-1.0617113601930268,-0.008298802814695066
3740,-1.0619585005515133,-0.008298802814695066
3741,-1.0623098912356397,-0.008298802814695066
3742,-1.0623691891734284,-0.008298802814695066
3743,-1.062388063949165,-0.008298802814695066
3744,-1.062400071227375,-0.008298802814695066
3745,-1.0624075882303123,-0.008298802814695066
3746,-1.0624785410891517,-0.008298802814695066
3747,-1.062790393452177,-0.008298802814695066
3748,-1.0628387392991798,-0.008298802814695066
3749,-1.0628436881819194,-0.008298802814695066
3750,-1.062864231152973,-0.008298802814695066
3751,-1.0632237631303991,-0.008298802814695066
3752,-1.063228258241431,-0.008298802814695066
3753,-1.0633417658196325,-0.008298802814695066
3754,-1.0634146442026307,-0.008298802814695066
3755,-1.063788030528229,-0.008298802814695066
3756,-1.0637947701972474,-0.008298802814695066
3757,-1.0639968796068617,-0.008298802814695066
3758,-1.0644566838989733,-0.008298802814695066
3759,-1.0645296939928022,-0.008298802814695066
3760,-1.0645959993832477,-0.008298802814695066
3761,-1.0646649495824057,-0.008298802814695066
3762,-1.0651031778094104,-0.008298802814695066
3763,-1.0651586275866969,-0.008298802814695066
3764,-1.0652752630137665,-0.008298802814695066
3765,-1.0652843577852595,-0.008298802814695066
3766,-1.0653599186338811,-0.008298802814695066
3767,-1.065407574406898,-0.008298802814695066
3768,-1.0655195947774578,-0.008298802814695066
3769,-1.065567021843083,-0.008298802814695066
3770,-1.0656284796955713,-0.008298802814695066
3771,-1.0656704171170037,-0.008298802814695066
3772,-1.0656897997506163,-0.008298802814695066
3773,-1.0657733555909017,-0.008298802814695066
3774,-1.0661732644394506,-0.008298802814695066
3775,-1.0662145183351748,-0.008298802814695066
3776,-1.0667216064080967,-0.008298802814695066
3777,-1.0668657926414307,-0.008298802814695066
3778,-1.0668696814402179,-0.008298802814695066
3779,-1.0669763891591737,-0.008298802814695066
3780,-1.0670427985898365,-0.008298802814695066
3781,-1.0670775713787686,-0.008298802814695066
3782,-1.0671508671153025,-0.008298802814695066
3783,-1.0674551076469287,-0.008298802814695066
3784,-1.0675357234572314,-0.008298802814695066
3785,-1.0679015672611443,-0.008298802814695066
3786,-1.0679480804931452,-0.008298802814695066
3787,-1.0680419705699737,-0.008298802814695066
3788,-1.0681588125397163,-0.008298802814695066
3789,-1.0682401970477517,-0.008298802814695066
3790,-1.0682523893586438,-0.008298802814695066
3791,-1.0683997736357083,-0.008298802814695066
3792,-1.06845274695683,-0.008298802814695066
3793,-1.0684817431943527,-0.008298802814695066
3794,-1.0684932587145095,-0.008298802814695066
3795,-1.0686037451380905,-0.008298802814695066
3796,-1.0689917019367305,-0.008298802814695066
3797,-1.0691368142554096,-0.008298802814695066
3798,-1.0693804110913647,-0.008298802814695066
3799,-1.0694430713746328,-0.008298802814695066
3800,-1.0706449798335527,-0.008298802814695066
3801,-1.0707888071281766,-0.008298802814695066
3802,-1.07084547519928,-0.008298802814695066
3803,-1.0709599122078246,-0.008298802814695066
3804,-1.0709700479435733,-0.008298802814695066
3805,-1.0711314778979795,-0.008298802814695066
3806,-1.0716909180770167,-0.008298802814695066
3807,-1.0718509864788166,-0.008298802814695066
3808,-1.0720187439721909,-0.008298802814695066
3809,-1.0722022481557743,-0.008298802814695066
3810,-1.0724474649960143,-0.008298802814695066
3811,-1.0724482089823981,-0.008298802814695066
3812,-1.0724695699603533,-0.008298802814695066
3813,-1.0725207952113842,-0.008298802814695066
3814,-1.0725284288894668,-0.008298802814695066
3815,-1.0730042760975294,-0.008298802814695066
3816,-1.0730706193246995,-0.008298802814695066
3817,-1.073118316369558,-0.008298802814695066
3818,-1.0734464345605292,-0.008298802814695066
3819,-1.0734824479827783,-0.008298802814695066
3820,-1.0746655830303973,-0.008298802814695066
3821,-1.0747015398225748,-0.008298802814695066
3822,-1.074703591913037,-0.008298802814695066
3823,-1.0747442251075119,-0.008298802814695066
3824,-1.074767034917493,-0.008298802814695066
3825,-1.074818277567228,-0.008298802814695066
3826,-1.075269829847438,-0.008298802814695066
3827,-1.0753688340716114,-0.008298802814695066
3828,-1.0757129167292798,-0.008298802814695066
3829,-1.0757564136447475,-0.008298802814695066
3830,-1.075934979001913,-0.008298802814695066
3831,-1.075982003926561,-0.008298802814695066
3832,-1.076388653334223,-0.008298802814695066
3833,-1.076438201233903,-0.008298802814695066
3834,-1.0766731811221197,-0.008298802814695066
3835,-1.0768394473951153,-0.008298802814695066
3836,-1.0769936182173225,-0.008298802814695066
3837,-1.0769973835680744,-0.008298802814695066
3838,-1.0770981108296667,-0.008298802814695066
3839,-1.077347531489541,-0.008298802814695066
3840,-1.0776248235341273,-0.008298802814695066
3841,-1.07771923523096,-0.008298802814695066
3842,-1.077768978814449,-0.008298802814695066
3843,-1.0778063491721408,-0.008298802814695066
3844,-1.0778686596232565,-0.008298802814695066
3845,-1.0779069076939658,-0.008298802814695066
3846,-1.0781018656724752,-0.008298802814695066
3847,-1.078416969824377,-0.008298802814695066
3848,-1.078454480690652,-0.008298802814695066
3849,-1.0785231083357274,-0.008298802814695066
3850,-1.0786583707463975,-0.008298802814695066
3851,-1.0793856874504526,-0.008298802814695066
3852,-1.0795073427729691,-0.008298802814695066
3853,-1.0797307496576396,-0.008298802814695066
3854,-1.0798420638238326,-0.008298802814695066
3855,-1.0799101048256239,-0.008298802814695066
3856,-1.0799320180057022,-0.008298802814695066
3857,-1.0799874940611351,-0.008298802814695066
3858,-1.0800235123934034,-0.008298802814695066
3859,-1.0801846012632856,-0.008298802814695066
3860,-1.0802747356824614,-0.008298802814695066
3861,-1.080610186216428,-0.008298802814695066
3862,-1.080975421932247,-0.008298802814695066
3863,-1.0809890837317573,-0.008298802814695066
3864,-1.081035985170797,-0.008298802814695066
3865,-1.081335876666007,-0.008298802814695066
3866,-1.0815350325309676,-0.008298802814695066
3867,-1.081536282907421,-0.008298802814695066
3868,-1.0815705982555526,-0.008298802814695066
3869,-1.0818318241421179,-0.008298802814695066
3870,-1.0821204756255176,-0.008298802814695066
3871,-1.082138929197562,-0.008298802814695066
3872,-1.082293680566187,-0.008298802814695066
3873,-1.0823468341999216,-0.008298802814695066
3874,-1.082792126766344,-0.008298802814695066
3875,-1.0828229782881693,-0.008298802814695066
3876,-1.082834380161444,-0.008298802814695066
3877,-1.0829501134414756,-0.008298802814695066
3878,-1.0829802930142005,-0.008298802814695066
3879,-1.0831211391347288,-0.008298802814695066
3880,-1.083131579737329,-0.008298802814695066
3881,-1.0835068005531108,-0.008298802814695066
3882,-1.0835204260490074,-0.008298802814695066
3883,-1.0835582928111536,-0.008298802814695066
3884,-1.0835701061567642,-0.008298802814695066
3885,-1.0838666772640277,-0.008298802814695066
3886,-1.0838829284466704,-0.008298802814695066
3887,-1.0838842340533432,-0.008298802814695066
3888,-1.0841434752576995,-0.008298802814695066
3889,-1.084327856095739,-0.008298802814695066
3890,-1.0844571435505233,-0.008298802814695066
3891,-1.0845369333316914,-0.008298802814695066
3892,-1.0850361918924176,-0.008298802814695066
3893,-1.08508960332796,-0.008298802814695066
3894,-1.0851333343475937,-0.008298802814695066
3895,-1.0851666882805637,-0.008298802814695066
3896,-1.0851934754186137,-0.008298802814695066
3897,-1.085446487765458,-0.008298802814695066
3898,-1.0856814423126147,-0.008298802814695066
3899,-1.0858273083999233,-0.008298802814695066
3900,-1.0859007880052147,-0.008298802814695066
3901,-1.0859437526062352,-0.008298802814695066
3902,-1.0863532230423423,-0.008298802814695066
3903,-1.0870750969872955,-0.008298802814695066
3904,-1.0871206316697068,-0.008298802814695066
3905,-1.087121755107031,-0.008298802814695066
3906,-1.087284442800144,-0.008298802814695066
3907,-1.087408552005352,-0.008298802814695066
3908,-1.0875349652478634,-0.008298802814695066
3909,-1.0877501638308165,-0.008298802814695066
3910,-1.0878131212410782,-0.008298802814695066
3911,-1.087817007058917,-0.008298802814695066
3912,-1.088007049287976,-0.008298802814695066
3913,-1.0884954367270352,-0.008298802814695066
3914,-1.0886579548561963,-0.008298802814695066
3915,-1.088889839696086,-0.008298802814695066
3916,-1.0890281244003521,-0.008298802814695066
3917,-1.089187630180781,-0.008298802814695066
3918,-1.0895412661211377,-0.008298802814695066
3919,-1.0896646318397507,-0.008298802814695066
3920,-1.0898043295858304,-0.008298802814695066
3921,-1.0898128422334554,-0.008298802814695066
3922,-1.0898401693720117,-0.008298802814695066
3923,-1.0899025629135657,-0.008298802814695066
3924,-1.0899892171360643,-0.008298802814695066
3925,-1.0902085570853441,-0.008298802814695066
3926,-1.0902091333434074,-0.008298802814695066
3927,-1.0902219185957533,-0.008298802814695066
3928,-1.090630164618531,-0.008298802814695066
3929,-1.0907911077295283,-0.008298802814695066
3930,-1.0909112177893108,-0.008298802814695066
3931,-1.0911439566150427,-0.008298802814695066
3932,-1.091306023351694,-0.008298802814695066
3933,-1.0915086129036178,-0.008298802814695066
3934,-1.0915255746059807,-0.008298802814695066
3935,-1.091530438717272,-0.008298802814695066
3936,-1.0916883606897643,-0.008298802814695066
3937,-1.0917129911076762,-0.008298802814695066
3938,-1.0919387883766292,-0.008298802814695066
3939,-1.0920306245454974,-0.008298802814695066
3940,-1.0920409112688878,-0.008298802814695066
3941,-1.0922162359433605,-0.008298802814695066
3942,-1.0922488775926074,-0.008298802814695066
3943,-1.0927254852318344,-0.008298802814695066
3944,-1.0927872653524227,-0.008298802814695066
3945,-1.092868782992297,-0.008298802814695066
3946,-1.0928693310121094,-0.008298802814695066
3947,-1.0931320687962884,-0.008298802814695066
3948,-1.0931528606291854,-0.008298802814695066
3949,-1.0932581816622315,-0.008298802814695066
3950,-1.0936868208600181,-0.008298802814695066
3951,-1.093775088826937,-0.008298802814695066
3952,-1.0939105320567504,-0.008298802814695066
3953,-1.0945768344331033,-0.008298802814695066
3954,-1.0946477689683887,-0.008298802814695066
3955,-1.094829884713606,-0.008298802814695066
3956,-1.0948398491424642,-0.008298802814695066
3957,-1.0950218705870498,-0.008298802814695066
3958,-1.095042412510234,-0.008298802814695066
3959,-1.0951957425284546,-0.008298802814695066
3960,-1.0953597250129872,-0.008298802814695066
3961,-1.095421159390104,-0.008298802814695066
3962,-1.0954467558587375,-0.008298802814695066
3963,-1.095506903403559,-0.008298802814695066
3964,-1.09555831832803,-0.008298802814695066
3965,-1.0961969748021325,-0.008298802814695066
3966,-1.0962018846212052,-0.008298802814695066
3967,-1.0963194017229045,-0.008298802814695066
3968,-1.0964039858048604,-0.008298802814695066
3969,-1.0964070112993203,-0.008298802814695066
3970,-1.0964342497426856,-0.008298802814695066
3971,-1.0966244000819236,-0.008298802814695066
3972,-1.0967658918043908,-0.008298802814695066
3973,-1.0968402220401336,-0.008298802814695066
3974,-1.0969523872148466,-0.008298802814695066
3975,-1.0974183314725179,-0.008298802814695066
3976,-1.0976518311277408,-0.008298802814695066
3977,-1.0977956039956693,-0.008298802814695066
3978,-1.097847750185347,-0.008298802814695066
3979,-1.0979630610677922,-0.008298802814695066
3980,-1.0981271762751021,-0.008298802814695066
3981,-1.0982426055973138,-0.008298802814695066
3982,-1.0986788551159694,-0.008298802814695066
3983,-1.0987730204125357,-0.008298802814695066
3984,-1.0987829940382916,-0.008298802814695066
3985,-1.0989863413322514,-0.008298802814695066
3986,-1.0989936510134108,-0.008298802814695066
3987,-1.09948351411257,-0.008298802814695066
3988,-1.0995621722534836,-0.008298802814695066
3989,-1.0997129880566643,-0.008298802814695066
3990,-1.0998117574957775,-0.008298802814695066
3991,-1.1001858105326752,-0.008298802814695066
3992,-1.100620121746953,-0.008298802814695066
3993,-1.1007283605975284,-0.008298802814695066
3994,-1.1008700276563652,-0.008298802814695066
3995,-1.1010719725037759,-0.008298802814695066
3996,-1.101185394426909,-0.008298802814695066
3997,-1.1013245440586656,-0.008298802814695066
3998,-1.1013363268617544,-0.008298802814695066
3999,-1.1015919168063524,-0.008298802814695066
4000,-1.1018063013012784,-0.008298802814695066
4001,-1.1018531386422135,-0.008298802814695066
4002,-1.102224411322903,-0.008298802814695066
4003,-1.1023400490586701,-0.008298802814695066
4004,-1.102370594502334,-0.008298802814695066
4005,-1.1024012971186687,-0.008298802814695066
4006,-1.102437268183932,-0.008298802814695066
4007,-1.1026218408197888,-0.008298802814695066
4008,-1.1026558598631233,-0.008298802814695066
4009,-1.102897186470738,-0.008298802814695066
4010,-1.1030024390964308,-0.008298802814695066
4011,-1.103420089861546,-0.008298802814695066
4012,-1.1034973629591853,-0.008298802814695066
4013,-1.1035021070816802,-0.008298802814695066
4014,-1.1035993045653287,-0.008298802814695066
4015,-1.1037657919491244,-0.008298802814695066
4016,-1.1037724434113105,-0.008298802814695066
4017,-1.103897646684737,-0.008298802814695066
4018,-1.1040822124926684,-0.008298802814695066
4019,-1.1042298812721243,-0.008298802814695066
4020,-1.1045502967630962,-0.008298802814695066
4021,-1.1046094236255601,-0.008298802814695066
4022,-1.1046135658692897,-0.008298802814695066
4023,-1.1047006680484257,-0.008298802814695066
4024,-1.1053244644468316,-0.008298802814695066
4025,-1.105480371396886,-0.008298802814695066
4026,-1.105679245376649,-0.008298802814695066
4027,-1.105685335619274,-0.008298802814695066
4028,-1.1056929210038582,-0.008298802814695066
4029,-1.1057954207222076,-0.008298802814695066
4030,-1.1057992784866775,-0.008298802814695066
4031,-1.1060661951683155,-0.008298802814695066
4032,-1.1061978551390603,-0.008298802814695066
4033,-1.106513604181285,-0.008298802814695066
4034,-1.1066214110101493,-0.008298802814695066
4035,-1.1068907439542175,-0.008298802814695066
4036,-1.1069267580253794,-0.008298802814695066
4037,-1.1074549582070672,-0.008298802814695066
4038,-1.1077534080218545,-0.008298802814695066
4039,-1.1077618791159998,-0.008298802814695066
4040,-1.1087660841119258,-0.008298802814695066
4041,-1.1087940246324028,-0.008298802814695066
4042,-1.1087945556956782,-0.008298802814695066
4043,-1.1091012910159415,-0.008298802814695066
4044,-1.109660348664707,-0.008298802814695066
4045,-1.109789771582904,-0.008298802814695066
4046,-1.109930910694535,-0.008298802814695066
4047,-1.1101442255220515,-0.008298802814695066
4048,-1.1101926769008017,-0.008298802814695066
4049,-1.110293458383691,-0.008298802814695066
4050,-1.1104869927312457,-0.008298802814695066
4051,-1.1105763083488187,-0.008298802814695066
4052,-1.1106714689776942,-0.008298802814695066
4053,-1.110710602636645,-0.008298802814695066
4054,-1.110984901629703,-0.008298802814695066
4055,-1.111119490711406,-0.008298802814695066
4056,-1.1112247787765177,-0.008298802814695066
4057,-1.1113046481366393,-0.008298802814695066
4058,-1.1114788875952615,-0.008298802814695066
4059,-1.111572085442782,-0.008298802814695066
4060,-1.1115866476683869,-0.008298802814695066
4061,-1.1119028811496967,-0.008298802814695066
4062,-1.111966163880381,-0.008298802814695066
4063,-1.112169725901749,-0.008298802814695066
4064,-1.1123299673160156,-0.008298802814695066
4065,-1.1124091904783013,-0.008298802814695066
4066,-1.1125194712628916,-0.008298802814695066
4067,-1.1125344411817157,-0.008298802814695066
4068,-1.1126030560136058,-0.008298802814695066
4069,-1.1126426816991144,-0.008298802814695066
4070,-1.112647186417905,-0.008298802814695066
4071,-1.112845084696652,-0.008298802814695066
4072,-1.1129649368879342,-0.008298802814695066
4073,-1.1130647901491528,-0.008298802814695066
4074,-1.1133569773991077,-0.008298802814695066
4075,-1.1133885931479313,-0.008298802814695066
4076,-1.1136730433750792,-0.008298802814695066
4077,-1.114355945184137,-0.008298802814695066
4078,-1.1143576322197057,-0.008298802814695066
4079,-1.114414414762574,-0.008298802814695066
4080,-1.1144905158720764,-0.008298802814695066
4081,-1.1147194230351587,-0.008298802814695066
4082,-1.1147672522278678,-0.008298802814695066
4083,-1.114906701439413,-0.008298802814695066
4084,-1.1151277461708013,-0.008298802814695066
4085,-1.1154250034710445,-0.008298802814695066
4086,-1.1157614559061502,-0.008298802814695066
4087,-1.11579751804902,-0.008298802814695066
4088,-1.1161862052767162,-0.008298802814695066
4089,-1.1164748581691368,-0.008298802814695066
4090,-1.1166476374380752,-0.008298802814695066
4091,-1.1166963713552411,-0.008298802814695066
4092,-1.1166991131389252,-0.008298802814695066
4093,-1.116786548465966,-0.008298802814695066
4094,-1.1168442290623788,-0.008298802814695066
4095,-1.1169842258468807,-0.008298802814695066
4096,-1.116989846229584,-0.008298802814695066
4097,-1.1173572814469486,-0.008298802814695066
4098,-1.1175114196965246,-0.008298802814695066
4099,-1.1175691389238325,-0.008298802814695066
4100,-1.1178547956818734,-0.008298802814695066
4101,-1.1179062580629577,-0.008298802814695066
4102,-1.1179785340422437,-0.008298802814695066
4103,-1.1181160100829444,-0.008298802814695066
4104,-1.1182540691058256,-0.008298802814695066
4105,-1.11853822673621,-0.008298802814695066
4106,-1.118602967127976,-0.008298802814695066
4107,-1.118904067202325,-0.008298802814695066
4108,-1.1189759446388283,-0.008298802814695066
4109,-1.1190648754064447,-0.008298802814695066
4110,-1.1190862586883639,-0.008298802814695066
4111,-1.119142068233527,-0.008298802814695066
4112,-1.1192088050164157,-0.008298802814695066
4113,-1.1193340817454869,-0.008298802814695066
4114,-1.1193768595622502,-0.008298802814695066
4115,-1.119505433774779,-0.008298802814695066
4116,-1.1195060609322263,-0.008298802814695066
4117,-1.119775958182382,-0.008298802814695066
4118,-1.1198486256080924,-0.008298802814695066
4119,-1.119995848235589,-0.008298802814695066
4120,-1.1200456760512707,-0.008298802814695066
4121,-1.1202047337422811,-0.008298802814695066
4122,-1.1202256060637483,-0.008298802814695066
4123,-1.1203961619170313,-0.008298802814695066
4124,-1.1204143997084985,-0.008298802814695066
4125,-1.1206986209307581,-0.008298802814695066
4126,-1.1210435752511534,-0.008298802814695066
4127,-1.1210596586310306,-0.008298802814695066
4128,-1.1211566040743932,-0.008298802814695066
4129,-1.121167575422018,-0.008298802814695066
4130,-1.121521801294716,-0.008298802814695066
4131,-1.1215428176440911,-0.008298802814695066
4132,-1.1216131348789637,-0.008298802814695066
4133,-1.1216546994192447,-0.008298802814695066
4134,-1.1217124948137007,-0.008298802814695066
4135,-1.1217577678470476,-0.008298802814695066
4136,-1.1218200331996657,-0.008298802814695066
4137,-1.121861097120711,-0.008298802814695066
4138,-1.122295275113769,-0.008298802814695066
4139,-1.1225796916638549,-0.008298802814695066
4140,-1.1230012795396087,-0.008298802814695066
4141,-1.1230777050592788,-0.008298802814695066
4142,-1.1232726855706365,-0.008298802814695066
4143,-1.1234024163922811,-0.008298802814695066
4144,-1.1234327264922337,-0.008298802814695066
4145,-1.1237231755177057,-0.008298802814695066
4146,-1.1237594777867022,-0.008298802814695066
4147,-1.123832222357997,-0.008298802814695066
4148,-1.1238398930215903,-0.008298802814695066
4149,-1.1239064850834328,-0.008298802814695066
4150,-1.1241314827719049,-0.008298802814695066
4151,-1.1241601009342688,-0.008298802814695066
4152,-1.124197335678424,-0.008298802814695066
4153,-1.124215481434505,-0.008298802814695066
4154,-1.1242366367636674,-0.008298802814695066
4155,-1.124292422437936,-0.008298802814695066
4156,-1.1245070278277816,-0.008298802814695066
4157,-1.1248232456590772,-0.008298802814695066
4158,-1.1248305153347875,-0.008298802814695066
4159,-1.1248457915678882,-0.008298802814695066
4160,-1.124927383425057,-0.008298802814695066
4161,-1.124965301438257,-0.008298802814695066
4162,-1.125034426523564,-0.008298802814695066
4163,-1.125048266602171,-0.008298802814695066
4164,-1.1251136037830778,-0.008298802814695066
4165,-1.1252501065888099,-0.008298802814695066
4166,-1.1254785895532475,-0.008298802814695066
4167,-1.1254798417341398,-0.008298802814695066
4168,-1.1256635031249584,-0.008298802814695066
4169,-1.1258477273241585,-0.008298802814695066
4170,-1.1260706629196366,-0.008298802814695066
4171,-1.1261203274655363,-0.008298802814695066
4172,-1.1261687397363345,-0.008298802814695066
4173,-1.1262142333674174,-0.008298802814695066
4174,-1.1262583455894428,-0.008298802814695066
4175,-1.1262964650377103,-0.008298802814695066
4176,-1.1263088227725104,-0.008298802814695066
4177,-1.1264829473315106,-0.008298802814695066
4178,-1.1265550889444884,-0.008298802814695066
4179,-1.126633920846205,-0.008298802814695066
4180,-1.1266417609530215,-0.008298802814695066
4181,-1.1270903727207253,-0.008298802814695066
4182,-1.1274513454391002,-0.008298802814695066
4183,-1.1275494069561225,-0.008298802814695066
4184,-1.1275788554895267,-0.008298802814695066
4185,-1.1277774721359424,-0.008298802814695066
4186,-1.1278666959872719,-0.008298802814695066
4187,-1.1278963458341513,-0.008298802814695066
4188,-1.1280201016333553,-0.008298802814695066
4189,-1.1280647769776084,-0.008298802814695066
4190,-1.1281379126645692,-0.008298802814695066
4191,-1.1281632596328093,-0.008298802814695066
4192,-1.1284639917859187,-0.008298802814695066
4193,-1.1287101269610633,-0.008298802814695066
4194,-1.1288845891737422,-0.008298802814695066
4195,-1.128944896465549,-0.008298802814695066
4196,-1.1291477943855597,-0.008298802814695066
4197,-1.1294548231340484,-0.008298802814695066
4198,-1.1294777959180844,-0.008298802814695066
4199,-1.1295153894017058,-0.008298802814695066
4200,-1.1296593274874112,-0.008298802814695066
4201,-1.129820959278288,-0.008298802814695066
4202,-1.1302256226346645,-0.008298802814695066
4203,-1.1305124960708464,-0.008298802814695066
4204,-1.130806367000375,-0.008298802814695066
4205,-1.1310738255776225,-0.008298802814695066
4206,-1.13108784366469,-0.008298802814695066
4207,-1.1314234615081924,-0.008298802814695066
4208,-1.1314652348702798,-0.008298802814695066
4209,-1.1315523109922982,-0.008298802814695066
4210,-1.1315530618094807,-0.008298802814695066
4211,-1.1320859012512765,-0.008298802814695066
4212,-1.1321881855758065,-0.008298802814695066
4213,-1.132283993191915,-0.008298802814695066
4214,-1.1323032001743414,-0.008298802814695066
4215,-1.1324031744654397,-0.008298802814695066
4216,-1.1324796062049252,-0.008298802814695066
4217,-1.1327213789564778,-0.008298802814695066
4218,-1.1328579554147045,-0.008298802814695066
4219,-1.1331310089383388,-0.008298802814695066
4220,-1.1331508797717547,-0.008298802814695066
4221,-1.1331883228602024,-0.008298802814695066
4222,-1.1333021476758054,-0.008298802814695066
4223,-1.133713611773748,-0.008298802814695066
4224,-1.1337302233831312,-0.008298802814695066
4225,-1.133740686182346,-0.008298802814695066
4226,-1.1337922443617487,-0.008298802814695066
4227,-1.1338175324451496,-0.008298802814695066
4228,-1.1338307733616948,-0.008298802814695066
4229,-1.1338872500047246,-0.008298802814695066
4230,-1.1341455382272112,-0.008298802814695066
4231,-1.1347971825502003,-0.008298802814695066
4232,-1.1348621674048678,-0.008298802814695066
4233,-1.1349887121121585,-0.008298802814695066
4234,-1.1350682159839258,-0.008298802814695066
4235,-1.1351758638540648,-0.008298802814695066
4236,-1.1353805586628525,-0.008298802814695066
4237,-1.135662156699358,-0.008298802814695066
4238,-1.135853206411875,-0.008298802814695066
4239,-1.135888252423661,-0.008298802814695066
4240,-1.1359772052479347,-0.008298802814695066
4241,-1.1359892283698527,-0.008298802814695066
4242,-1.136048013040044,-0.008298802814695066
4243,-1.1361682359681071,-0.008298802814695066
4244,-1.136232760716764,-0.008298802814695066
4245,-1.1366119072661909,-0.008298802814695066
4246,-1.1366186346779088,-0.008298802814695066
4247,-1.13666190563791,-0.008298802814695066
4248,-1.1366681456339949,-0.008298802814695066
4249,-1.1367190512682404,-0.008298802814695066
4250,-1.1368160866735737,-0.008298802814695066
4251,-1.1368930599443554,-0.008298802814695066
4252,-1.1371405632031233,-0.008298802814695066
4253,-1.1372167932058355,-0.008298802814695066
4254,-1.1372787455103754,-0.008298802814695066
4255,-1.1375100950628703,-0.008298802814695066
4256,-1.137549742796041,-0.008298802814695066
4257,-1.137571596971932,-0.008298802814695066
4258,-1.1376347019519353,-0.008298802814695066
4259,-1.1376808222207813,-0.008298802814695066
4260,-1.1378574484048714,-0.008298802814695066
4261,-1.1379070990769924,-0.008298802814695066
4262,-1.1379736919643442,-0.008298802814695066
4263,-1.1382923516791128,-0.008298802814695066
4264,-1.1384523168355667,-0.008298802814695066
4265,-1.1385795402634025,-0.008298802814695066
4266,-1.1386302606717686,-0.008298802814695066
4267,-1.1388427678598279,-0.008298802814695066
4268,-1.1390112719042982,-0.008298802814695066
4269,-1.1390149636196556,-0.008298802814695066
4270,-1.1390292820468684,-0.008298802814695066
4271,-1.1390494143825627,-0.008298802814695066
4272,-1.1390825318519304,-0.008298802814695066
4273,-1.1391578147422121,-0.008298802814695066
4274,-1.139196808947705,-0.008298802814695066
4275,-1.1393146475002127,-0.008298802814695066
4276,-1.139494802903897,-0.008298802814695066
4277,-1.1395219281538391,-0.008298802814695066
4278,-1.1395685972013172,-0.008298802814695066
4279,-1.1397547972792086,-0.008298802814695066
4280,-1.139812429512316,-0.008298802814695066
4281,-1.1400272954482409,-0.008298802814695066
4282,-1.1401175960862062,-0.008298802814695066
4283,-1.1401443019097424,-0.008298802814695066
4284,-1.1402554820092103,-0.008298802814695066
4285,-1.1402731917856674,-0.008298802814695066
4286,-1.140358131765657,-0.008298802814695066
4287,-1.1403600508825582,-0.008298802814695066
4288,-1.1404111627077451,-0.008298802814695066
4289,-1.1405776978471147,-0.008298802814695066
4290,-1.1406473815407456,-0.008298802814695066
4291,-1.1407348239495085,-0.008298802814695066
4292,-1.1407386822417662,-0.008298802814695066
4293,-1.1408396172425923,-0.008298802814695066
4294,-1.1409836724259175,-0.008298802814695066
4295,-1.1410495566997128,-0.008298802814695066
4296,-1.1411185170620624,-0.008298802814695066
4297,-1.1413331460129885,-0.008298802814695066
4298,-1.1413367970329336,-0.008298802814695066
4299,-1.1413660497370868,-0.008298802814695066
4300,-1.141386366438738,-0.008298802814695066
4301,-1.1413961381603974,-0.008298802814695066
4302,-1.1421956410014373,-0.008298802814695066
4303,-1.1422132276347714,-0.008298802814695066
4304,-1.1423009685491883,-0.008298802814695066
4305,-1.1423195043798793,-0.008298802814695066
4306,-1.1428314054744841,-0.008298802814695066
4307,-1.142894778437022,-0.008298802814695066
4308,-1.1432170499663297,-0.008298802814695066
4309,-1.14328102520359,-0.008298802814695066
4310,-1.1434267970355974,-0.008298802814695066
4311,-1.1434720663976643,-0.008298802814695066
4312,-1.1435719016897352,-0.008298802814695066
4313,-1.1435844913833653,-0.008298802814695066
4314,-1.1436430936179265,-0.008298802814695066
4315,-1.1436433091997238,-0.008298802814695066
4316,-1.1437127474984647,-0.008298802814695066
4317,-1.1437759789542579,-0.008298802814695066
4318,-1.1439584023435456,-0.008298802814695066
4319,-1.14399014952946,-0.008298802814695066
4320,-1.144062914640772,-0.008298802814695066
4321,-1.1440688728672441,-0.008298802814695066
4322,-1.1441012117023184,-0.008298802814695066
4323,-1.144234637234037,-0.008298802814695066
4324,-1.1444496803514426,-0.008298802814695066
4325,-1.1444678142793594,-0.008298802814695066
4326,-1.144596790845984,-0.008298802814695066
4327,-1.1446727779194035,-0.008298802814695066
4328,-1.1448244637214904,-0.008298802814695066
4329,-1.1448899184582757,-0.008298802814695066
4330,-1.1454405943073245,-0.008298802814695066
4331,-1.1454646720888224,-0.008298802814695066
4332,-1.1457226589533884,-0.008298802814695066
4333,-1.1457779525858511,-0.008298802814695066
4334,-1.1459124333397488,-0.008298802814695066
4335,-1.1462011508332346,-0.008298802814695066
4336,-1.1463031312713539,-0.008298802814695066
4337,-1.1463264957123358,-0.008298802814695066
4338,-1.1466873842148595,-0.008298802814695066
4339,-1.1467054763230413,-0.008298802814695066
4340,-1.1469065555492324,-0.008298802814695066
4341,-1.1470750671352807,-0.008298802814695066
4342,-1.147285426010357,-0.008298802814695066
4343,-1.1473040552099114,-0.008298802814695066
4344,-1.1473662855755205,-0.008298802814695066
4345,-1.147426895903674,-0.008298802814695066
4346,-1.147549094322853,-0.008298802814695066
4347,-1.1477904032398272,-0.008298802814695066
4348,-1.147892254050491,-0.008298802814695066
4349,-1.148001673821875,-0.008298802814695066
4350,-1.14800688360296,-0.008298802814695066
4351,-1.1480762927417123,-0.008298802814695066
4352,-1.1481386931828133,-0.008298802814695066
4353,-1.1481464410957134,-0.008298802814695066
4354,-1.1483693605980765,-0.008298802814695066
4355,-1.1485412074633605,-0.008298802814695066
4356,-1.148671203185323,-0.008298802814695066
4357,-1.1487819442204108,-0.008298802814695066
4358,-1.1487967612067542,-0.008298802814695066
4359,-1.148921919308278,-0.008298802814695066
4360,-1.1489956824285792,-0.008298802814695066
4361,-1.1493175337638268,-0.008298802814695066
4362,-1.14955420523443,-0.008298802814695066
4363,-1.1498845200042407,-0.008298802814695066
4364,-1.149931126034196,-0.008298802814695066
4365,-1.1500300087536304,-0.008298802814695066
4366,-1.1500919569911419,-0.008298802814695066
4367,-1.150104252136511,-0.008298802814695066
4368,-1.1501159267239018,-0.008298802814695066
4369,-1.150129569677884,-0.008298802814695066
4370,-1.1501716536445392,-0.008298802814695066
4371,-1.1502555848762785,-0.008298802814695066
4372,-1.150362609221202,-0.008298802814695066
4373,-1.1503994470897312,-0.008298802814695066
4374,-1.1505300876559326,-0.008298802814695066
4375,-1.1505383968894862,-0.008298802814695066
4376,-1.1505879849675995,-0.008298802814695066
4377,-1.1506063885335367,-0.008298802814695066
4378,-1.1506999956158759,-0.008298802814695066
4379,-1.150764395336668,-0.008298802814695066
4380,-1.150798123630786,-0.008298802814695066
4381,-1.1508452543149263,-0.008298802814695066
4382,-1.1508821034747154,-0.008298802814695066
4383,-1.1515285514766807,-0.008298802814695066
4384,-1.151625659416157,-0.008298802814695066
4385,-1.1518330010938025,-0.008298802814695066
4386,-1.1518760468715739,-0.008298802814695066
4387,-1.1518926902587943,-0.008298802814695066
4388,-1.1519277890085016,-0.008298802814695066
4389,-1.151946425540336,-0.008298802814695066
4390,-1.1521292036232045,-0.008298802814695066
4391,-1.152176244389387,-0.008298802814695066
4392,-1.1521988669101602,-0.008298802814695066
4393,-1.152290039275248,-0.008298802814695066
4394,-1.1526007916012133,-0.008298802814695066
4395,-1.1526090323459206,-0.008298802814695066
4396,-1.1527973840899919,-0.008298802814695066
4397,-1.1528822752800343,-0.008298802814695066
4398,-1.1529232167634687,-0.008298802814695066
4399,-1.1530831848087575,-0.008298802814695066
4400,-1.1530911185507746,-0.008298802814695066
4401,-1.1531842223297482,-0.008298802814695066
4402,-1.1533805659084266,-0.008298802814695066
4403,-1.1534351651135495,-0.008298802814695066
4404,-1.1534432234656584,-0.008298802814695066
4405,-1.1535939847660015,-0.008298802814695066
4406,-1.1537084247305895,-0.008298802814695066
4407,-1.153777947060744,-0.008298802814695066
4408,-1.1538699183980756,-0.008298802814695066
4409,-1.1538892762184276,-0.008298802814695066
4410,-1.1542917429442952,-0.008298802814695066
4411,-1.1543575794587353,-0.008298802814695066
4412,-1.154367502792116,-0.008298802814695066
4413,-1.1546855706585109,-0.008298802814695066
4414,-1.1547906809892994,-0.008298802814695066
4415,-1.1552079492778173,-0.008298802814695066
4416,-1.1553989283893424,-0.008298802814695066
4417,-1.155409107461989,-0.008298802814695066
4418,-1.1555493969129336,-0.008298802814695066
4419,-1.1555495529586763,-0.008298802814695066
4420,-1.155847304815516,-0.008298802814695066
4421,-1.1558479569832374,-0.008298802814695066
4422,-1.1559349068269853,-0.008298802814695066
4423,-1.1560078490599905,-0.008298802814695066
4424,-1.1560575582078059,-0.008298802814695066
4425,-1.1560756568843868,-0.008298802814695066
4426,-1.156299136146966,-0.008298802814695066
4427,-1.1564371089353325,-0.008298802814695066
4428,-1.1564562023972587,-0.008298802814695066
4429,-1.1564965119220547,-0.008298802814695066
4430,-1.1565290722229682,-0.008298802814695066
4431,-1.1566428434162908,-0.008298802814695066
4432,-1.1566773620679967,-0.008298802814695066
4433,-1.1568298993776884,-0.008298802814695066
4434,-1.1571267719275513,-0.008298802814695066
4435,-1.1571324640746985,-0.008298802814695066
4436,-1.1572130389158302,-0.008298802814695066
4437,-1.1573397807859136,-0.008298802814695066
4438,-1.1573578377478322,-0.008298802814695066
4439,-1.1575401140516648,-0.008298802814695066
4440,-1.1576199261711952,-0.008298802814695066
4441,-1.1577180374538185,-0.008298802814695066
4442,-1.1577449542941256,-0.008298802814695066
4443,-1.1577991171408557,-0.008298802814695066
4444,-1.157833946046455,-0.008298802814695066
4445,-1.1578547196257052,-0.008298802814695066
4446,-1.1580019631227043,-0.008298802814695066
4447,-1.1580234026683964,-0.008298802814695066
4448,-1.1580241857030038,-0.008298802814695066
4449,-1.1580417734888628,-0.008298802814695066
4450,-1.158174648298222,-0.008298802814695066
4451,-1.1582179890918414,-0.008298802814695066
4452,-1.1583162235898534,-0.008298802814695066
4453,-1.158434933846534,-0.008298802814695066
4454,-1.1585182220724837,-0.008298802814695066
4455,-1.1585469173119651,-0.008298802814695066
4456,-1.158628228339274,-0.008298802814695066
4457,-1.158992227268481,-0.008298802814695066
4458,-1.1590703430763911,-0.008298802814695066
4459,-1.1592461451977776,-0.008298802814695066
4460,-1.15936842682434,-0.008298802814695066
4461,-1.159377846092985,-0.008298802814695066
4462,-1.1594750306159098,-0.008298802814695066
4463,-1.159870587696667,-0.008298802814695066
4464,-1.1600887024297521,-0.008298802814695066
4465,-1.160144377592963,-0.008298802814695066
4466,-1.1602385924429384,-0.008298802814695066
4467,-1.1606862759446228,-0.008298802814695066
4468,-1.1607954959516182,-0.008298802814695066
4469,-1.1609421125917458,-0.008298802814695066
4470,-1.1610045443960808,-0.008298802814695066
4471,-1.1612364211548374,-0.008298802814695066
4472,-1.16130422532683,-0.008298802814695066
4473,-1.1615608390661927,-0.008298802814695066
4474,-1.162032347131811,-0.008298802814695066
4475,-1.1621913532726864,-0.008298802814695066
4476,-1.162231271659089,-0.008298802814695066
4477,-1.1624892672459626,-0.008298802814695066
4478,-1.1625368741991957,-0.008298802814695066
4479,-1.162644752657592,-0.008298802814695066
4480,-1.1626750238695167,-0.008298802814695066
4481,-1.1628746145789015,-0.008298802814695066
4482,-1.1629020059565176,-0.008298802814695066
4483,-1.1629088421679143,-0.008298802814695066
4484,-1.1629915314567485,-0.008298802814695066
4485,-1.163101332854795,-0.008298802814695066
4486,-1.1631426773227274,-0.008298802814695066
4487,-1.163171943463195,-0.008298802814695066
4488,-1.163389916668549,-0.008298802814695066
4489,-1.1634606127886145,-0.008298802814695066
4490,-1.164065091877793,-0.008298802814695066
4491,-1.1640836029632247,-0.008298802814695066
4492,-1.1641021639427598,-0.008298802814695066
4493,-1.1641477531174913,-0.008298802814695066
4494,-1.1642633801306341,-0.008298802814695066
4495,-1.1644059646768259,-0.008298802814695066
4496,-1.1644120448411306,-0.008298802814695066
4497,-1.1646523341961863,-0.008298802814695066
4498,-1.164717759526092,-0.008298802814695066
4499,-1.1647304300670653,-0.008298802814695066
4500,-1.164760050599279,-0.008298802814695066
4501,-1.1647882382744297,-0.008298802814695066
4502,-1.1647899331837765,-0.008298802814695066
4503,-1.1648133185738347,-0.008298802814695066
4504,-1.1648990094721932,-0.008298802814695066
4505,-1.1650835215291118,-0.008298802814695066
4506,-1.1651954477444229,-0.008298802814695066
4507,-1.1652761960927125,-0.008298802814695066
4508,-1.165365584378252,-0.008298802814695066
4509,-1.1654164510122174,-0.008298802814695066
4510,-1.1657260916006742,-0.008298802814695066
4511,-1.1657510854214783,-0.008298802814695066
4512,-1.1657612517967977,-0.008298802814695066
4513,-1.1658488391055442,-0.008298802814695066
4514,-1.1659616498870033,-0.008298802814695066
4515,-1.1660590025821833,-0.008298802814695066
4516,-1.166093427628311,-0.008298802814695066
4517,-1.1661107149784051,-0.008298802814695066
4518,-1.1661876453953308,-0.008298802814695066
4519,-1.1662263872752185,-0.008298802814695066
4520,-1.1662491617647146,-0.008298802814695066
4521,-1.166450292756645,-0.008298802814695066
4522,-1.1665243560183916,-0.008298802814695066
4523,-1.1666120898426904,-0.008298802814695066
4524,-1.1666431191056443,-0.008298802814695066
4525,-1.1667544576144095,-0.008298802814695066
4526,-1.166981294346585,-0.008298802814695066
4527,-1.1670723974495976,-0.008298802814695066
4528,-1.1671422089479695,-0.008298802814695066
4529,-1.1673610057455763,-0.008298802814695066
4530,-1.1673779239093232,-0.008298802814695066
4531,-1.167400664249452,-0.008298802814695066
4532,-1.167632940378242,-0.008298802814695066
4533,-1.1676973002988058,-0.008298802814695066
4534,-1.1677661739989378,-0.008298802814695066
4535,-1.1677727655013743,-0.008298802814695066
4536,-1.1677824069690752,-0.008298802814695066
4537,-1.1681669756110145,-0.008298802814695066
4538,-1.1682494158235053,-0.008298802814695066
4539,-1.1682986642747961,-0.008298802814695066
4540,-1.1683668375416696,-0.008298802814695066
4541,-1.16845662555591,-0.008298802814695066
4542,-1.1684620895919984,-0.008298802814695066
4543,-1.1684819531044857,-0.008298802814695066
4544,-1.1685540149078693,-0.008298802814695066
4545,-1.1686043489731524,-0.008298802814695066
4546,-1.1690114436178711,-0.008298802814695066
4547,-1.1691675419837335,-0.008298802814695066
4548,-1.1693540940280551,-0.008298802814695066
4549,-1.1694273592449977,-0.008298802814695066
4550,-1.1694303370936636,-0.008298802814695066
4551,-1.1694502811965868,-0.008298802814695066
4552,-1.1694679153940246,-0.008298802814695066
4553,-1.1696439802449639,-0.008298802814695066
4554,-1.1696762621563739,-0.008298802814695066
4555,-1.169765004845761,-0.008298802814695066
4556,-1.1698112676512933,-0.008298802814695066
4557,-1.1699392345004258,-0.008298802814695066
4558,-1.169980633395236,-0.008298802814695066
4559,-1.1700875762804472,-0.008298802814695066
4560,-1.1702015767969778,-0.008298802814695066
4561,-1.1703253871143424,-0.008298802814695066
4562,-1.1704597765734905,-0.008298802814695066
4563,-1.1706962245534085,-0.008298802814695066
4564,-1.1709176051346823,-0.008298802814695066
4565,-1.170971179312868,-0.008298802814695066
4566,-1.171085890238156,-0.008298802814695066
4567,-1.1710948059743362,-0.008298802814695066
4568,-1.171097553851714,-0.008298802814695066
4569,-1.1714036742091978,-0.008298802814695066
4570,-1.1714296095260872,-0.008298802814695066
4571,-1.1714643162075422,-0.008298802814695066
4572,-1.1715012885244107,-0.008298802814695066
4573,-1.1715848094212826,-0.008298802814695066
4574,-1.1716296070633976,-0.008298802814695066
4575,-1.1717763155443297,-0.008298802814695066
4576,-1.1720397526437178,-0.008298802814695066
4577,-1.1720542057217904,-0.008298802814695066
4578,-1.1720782484503058,-0.008298802814695066
4579,-1.1723145436259603,-0.008298802814695066
4580,-1.1723651823348376,-0.008298802814695066
4581,-1.1724130193063818,-0.008298802814695066
4582,-1.1724172322655582,-0.008298802814695066
4583,-1.172818906094033,-0.008298802814695066
4584,-1.1728538699440394,-0.008298802814695066
4585,-1.172900460772432,-0.008298802814695066
4586,-1.1730291654253842,-0.008298802814695066
4587,-1.1730347215877046,-0.008298802814695066
4588,-1.1730676581441242,-0.008298802814695066
4589,-1.1730985263788938,-0.008298802814695066
4590,-1.1732458502973007,-0.008298802814695066
4591,-1.1733107845506927,-0.008298802814695066
4592,-1.1733484316661906,-0.008298802814695066
4593,-1.1733789466582827,-0.008298802814695066
4594,-1.173430585882741,-0.008298802814695066
4595,-1.1734397124701812,-0.008298802814695066
4596,-1.1735349396734038,-0.008298802814695066
4597,-1.1736338115231808,-0.008298802814695066
4598,-1.173706513072009,-0.008298802814695066
4599,-1.1739725364096742,-0.008298802814695066
4600,-1.1741100242759597,-0.008298802814695066
4601,-1.174114908808051,-0.008298802814695066
4602,-1.1741491487704936,-0.008298802814695066
4603,-1.1742560208404023,-0.008298802814695066
4604,-1.1745045678679504,-0.008298802814695066
4605,-1.1746427206771932,-0.008298802814695066
4606,-1.1746513700448413,-0.008298802814695066
4607,-1.174789473336284,-0.008298802814695066
4608,-1.174789736531849,-0.008298802814695066
4609,-1.174796238888934,-0.008298802814695066
4610,-1.1749366137227586,-0.008298802814695066
4611,-1.1749646263264397,-0.008298802814695066
4612,-1.175039032287744,-0.008298802814695066
4613,-1.1751063105718578,-0.008298802814695066
4614,-1.1754210373717056,-0.008298802814695066
4615,-1.1755864494790114,-0.008298802814695066
4616,-1.1756149763425658,-0.008298802814695066
4617,-1.1757627637278651,-0.008298802814695066
4618,-1.1758349683436,-0.008298802814695066
4619,-1.1759022287914225,-0.008298802814695066
4620,-1.1759629428216067,-0.008298802814695066
4621,-1.1760318515959751,-0.008298802814695066
4622,-1.1761221392817998,-0.008298802814695066
4623,-1.1761257342696765,-0.008298802814695066
4624,-1.176186397598356,-0.008298802814695066
4625,-1.1762679070987259,-0.008298802814695066
4626,-1.176346734021423,-0.008298802814695066
4627,-1.176387734016917,-0.008298802814695066
4628,-1.1766080114623767,-0.008298802814695066
4629,-1.1767066785680473,-0.008298802814695066
4630,-1.176732796471203,-0.008298802814695066
4631,-1.1769915013313126,-0.008298802814695066
4632,-1.1772447058816577,-0.008298802814695066
4633,-1.177483188486878,-0.008298802814695066
4634,-1.1775493247145548,-0.008298802814695066
4635,-1.17772431305675,-0.008298802814695066
4636,-1.1777925081604939,-0.008298802814695066
4637,-1.1778919340775118,-0.008298802814695066
4638,-1.1779019863390672,-0.008298802814695066
4639,-1.1779038830220019,-0.008298802814695066
4640,-1.1779113247618729,-0.008298802814695066
4641,-1.1779969248299191,-0.008298802814695066
4642,-1.178009343847664,-0.008298802814695066
4643,-1.1780228427256634,-0.008298802814695066
4644,-1.1780681970022722,-0.008298802814695066
4645,-1.1781555213206656,-0.008298802814695066
4646,-1.178230016068138,-0.008298802814695066
4647,-1.1783496424957676,-0.008298802814695066
4648,-1.1783525883860022,-0.008298802814695066
4649,-1.1783575368579082,-0.008298802814695066
4650,-1.1784111842038232,-0.008298802814695066
4651,-1.1785087491562178,-0.008298802814695066
4652,-1.1785161122609258,-0.008298802814695066
4653,-1.1785305533122066,-0.008298802814695066
4654,-1.1786376427168577,-0.008298802814695066
4655,-1.1786872299893008,-0.008298802814695066
4656,-1.1789513276757697,-0.008298802814695066
4657,-1.178994425666657,-0.008298802814695066
4658,-1.1790922867704416,-0.008298802814695066
4659,-1.1791727083197916,-0.008298802814695066
4660,-1.1792907774453956,-0.008298802814695066
4661,-1.1792914214022905,-0.008298802814695066
4662,-1.179491364465032,-0.008298802814695066
4663,-1.179513847584189,-0.008298802814695066
4664,-1.1796560308356079,-0.008298802814695066
4665,-1.179734860597562,-0.008298802814695066
4666,-1.179797907577091,-0.008298802814695066
4667,-1.1799290165731027,-0.008298802814695066
4668,-1.1799544704127514,-0.008298802814695066
4669,-1.1800008536324986,-0.008298802814695066
4670,-1.1800648192835719,-0.008298802814695066
4671,-1.1800859001979922,-0.008298802814695066
4672,-1.1801398609320868,-0.008298802814695066
4673,-1.1802002569080543,-0.008298802814695066
4674,-1.1802005402056386,-0.008298802814695066
4675,-1.180212184005569,-0.008298802814695066
4676,-1.1802232329521718,-0.008298802814695066
4677,-1.180340527642639,-0.008298802814695066
4678,-1.1806318076642879,-0.008298802814695066
4679,-1.1806871590486416,-0.008298802814695066
4680,-1.18070350833779,-0.008298802814695066
4681,-1.1808625618851702,-0.008298802814695066
4682,-1.1809007149558959,-0.008298802814695066
4683,-1.180959594968123,-0.008298802814695066
4684,-1.1809701976796405,-0.008298802814695066
4685,-1.1810613269740742,-0.008298802814695066
4686,-1.1811380966381895,-0.008298802814695066
4687,-1.1813720206181513,-0.008298802814695066
4688,-1.1813722205064783,-0.008298802814695066
4689,-1.1814315202262404,-0.008298802814695066
4690,-1.1815058555437452,-0.008298802814695066
4691,-1.1815356176352416,-0.008298802814695066
4692,-1.1816341965308568,-0.008298802814695066
4693,-1.181753468533941,-0.008298802814695066
4694,-1.1821060432225639,-0.008298802814695066
4695,-1.182312877642722,-0.008298802814695066
4696,-1.1823489000843792,-0.008298802814695066
4697,-1.1824526354103202,-0.008298802814695066
4698,-1.1824785278822936,-0.008298802814695066
4699,-1.1824856041602922,-0.008298802814695066
4700,-1.1825129738237092,-0.008298802814695066
4701,-1.1825615372682476,-0.008298802814695066
4702,-1.1827151775460907,-0.008298802814695066
4703,-1.18273087728855,-0.008298802814695066
4704,-1.1828291120985936,-0.008298802814695066
4705,-1.1828461367000016,-0.008298802814695066
4706,-1.18307848869224,-0.008298802814695066
4707,-1.1831479770375002,-0.008298802814695066
4708,-1.1832029498799035,-0.008298802814695066
4709,-1.1833770654027171,-0.008298802814695066
4710,-1.183467582152587,-0.008298802814695066
4711,-1.1834866376985493,-0.008298802814695066
4712,-1.1834899133307086,-0.008298802814695066
4713,-1.1835513604924504,-0.008298802814695066
4714,-1.1838014536351453,-0.008298802814695066
4715,-1.1838155270339021,-0.008298802814695066
4716,-1.18382784569555,-0.008298802814695066
4717,-1.1838417668143955,-0.008298802814695066
4718,-1.1839797875150868,-0.008298802814695066
4719,-1.1839806302378795,-0.008298802814695066
4720,-1.183989167447922,-0.008298802814695066
4721,-1.1840488596744378,-0.008298802814695066
4722,-1.1842233048624695,-0.008298802814695066
4723,-1.1842266342572618,-0.008298802814695066
4724,-1.184253827886428,-0.008298802814695066
4725,-1.1843127192231289,-0.008298802814695066
4726,-1.1845105800142537,-0.008298802814695066
4727,-1.1845419720533288,-0.008298802814695066
4728,-1.1845561856287103,-0.008298802814695066
4729,-1.184594583216023,-0.008298802814695066
4730,-1.18459727603424,-0.008298802814695066
4731,-1.1846327825628649,-0.008298802814695066
4732,-1.1847227799410667,-0.008298802814695066
4733,-1.184820985293638,-0.008298802814695066
4734,-1.185146553662568,-0.008298802814695066
4735,-1.1851616118661785,-0.008298802814695066
4736,-1.1852211039652314,-0.008298802814695066
4737,-1.1852881312384413,-0.008298802814695066
4738,-1.1853377646136232,-0.008298802814695066
4739,-1.1855947593999256,-0.008298802814695066
4740,-1.1856418193575684,-0.008298802814695066
4741,-1.1857680409917062,-0.008298802814695066
4742,-1.1857833832680986,-0.008298802814695066
4743,-1.1859329541220478,-0.008298802814695066
4744,-1.185941151425935,-0.008298802814695066
4745,-1.1859915771695522,-0.008298802814695066
4746,-1.186406044687449,-0.008298802814695066
4747,-1.1867906560116845,-0.008298802814695066
4748,-1.186808813042249,-0.008298802814695066
4749,-1.1868480518215745,-0.008298802814695066
4750,-1.1869178027252711,-0.008298802814695066
4751,-1.1870974691453515,-0.008298802814695066
4752,-1.187171781556987,-0.008298802814695066
4753,-1.1871860729949524,-0.008298802814695066
4754,-1.1873582794297328,-0.008298802814695066
4755,-1.1874617313097195,-0.008298802814695066
4756,-1.1875745317271764,-0.008298802814695066
4757,-1.1876274918886227,-0.008298802814695066
4758,-1.1878963600886545,-0.008298802814695066
4759,-1.1879437191801396,-0.008298802814695066
4760,-1.187991164330193,-0.008298802814695066
4761,-1.1881564776563298,-0.008298802814695066
4762,-1.1882143824891405,-0.008298802814695066
4763,-1.1882834637956232,-0.008298802814695066
4764,-1.1883109065277835,-0.008298802814695066
4765,-1.1885329471097914,-0.008298802814695066
4766,-1.1885980769067184,-0.008298802814695066
4767,-1.1886431753421607,-0.008298802814695066
4768,-1.1886796019401942,-0.008298802814695066
4769,-1.1887133212469578,-0.008298802814695066
4770,-1.1887956236254273,-0.008298802814695066
4771,-1.1888324155585697,-0.008298802814695066
4772,-1.188900955525093,-0.008298802814695066
4773,-1.1889010307762224,-0.008298802814695066
4774,-1.189097984799683,-0.008298802814695066
4775,-1.1891413809403932,-0.008298802814695066
4776,-1.1892163099967208,-0.008298802814695066
4777,-1.189279372107964,-0.008298802814695066
4778,-1.1893131074512644,-0.008298802814695066
4779,-1.1893249384724904,-0.008298802814695066
4780,-1.189336831078647,-0.008298802814695066
4781,-1.189365304546708,-0.008298802814695066
4782,-1.1893754370529128,-0.008298802814695066
4783,-1.1895916806788105,-0.008298802814695066
4784,-1.189820760718843,-0.008298802814695066
4785,-1.1898460082485867,-0.008298802814695066
4786,-1.1898757546538428,-0.008298802814695066
4787,-1.189903744423598,-0.008298802814695066
4788,-1.1899854492608204,-0.008298802814695066
4789,-1.1900252886188447,-0.008298802814695066
4790,-1.1900978345849496,-0.008298802814695066
4791,-1.1901317240897966,-0.008298802814695066
4792,-1.1901443008984105,-0.008298802814695066
4793,-1.190209396979103,-0.008298802814695066
4794,-1.1902550734226187,-0.008298802814695066
4795,-1.190294670088083,-0.008298802814695066
4796,-1.1903480335235306,-0.008298802814695066
4797,-1.1905799881167085,-0.008298802814695066
4798,-1.1905967299115807,-0.008298802814695066
4799,-1.1906763204657185,-0.008298802814695066
4800,-1.1906917966337236,-0.008298802814695066
4801,-1.1908798679654335,-0.008298802814695066
4802,-1.1908924763133095,-0.008298802814695066
4803,-1.1911422859142287,-0.008298802814695066
4804,-1.191154687461636,-0.008298802814695066
4805,-1.1912896395515933,-0.008298802814695066
4806,-1.1913083423917792,-0.008298802814695066
4807,-1.1915270285756696,-0.008298802814695066
4808,-1.1915394139018425,-0.008298802814695066
4809,-1.1915476096148867,-0.008298802814695066
4810,-1.1915501452408608,-0.008298802814695066
4811,-1.1918889138412694,-0.008298802814695066
4812,-1.1918933009580797,-0.008298802814695066
4813,-1.1919692626854426,-0.008298802814695066
4814,-1.1920573065751752,-0.008298802814695066
4815,-1.1921445491952458,-0.008298802814695066
4816,-1.1921547506070302,-0.008298802814695066
4817,-1.1922426189624535,-0.008298802814695066
4818,-1.1922919408303185,-0.008298802814695066
4819,-1.1923067906366094,-0.008298802814695066
4820,-1.1923712562826034,-0.008298802814695066
4821,-1.1923822368054553,-0.008298802814695066
4822,-1.192396184390714,-0.008298802814695066
4823,-1.1925598759340403,-0.008298802814695066
4824,-1.192596176700877,-0.008298802814695066
4825,-1.1926216954591013,-0.008298802814695066
4826,-1.1927312961449863,-0.008298802814695066
4827,-1.192756789703277,-0.008298802814695066
4828,-1.192834574516935,-0.008298802814695066
4829,-1.1929008723499406,-0.008298802814695066
4830,-1.1929763068180002,-0.008298802814695066
4831,-1.1929786747779305,-0.008298802814695066
4832,-1.1931760535070632,-0.008298802814695066
4833,-1.1931944323455206,-0.008298802814695066
4834,-1.1932354746145986,-0.008298802814695066
4835,-1.193236296110263,-0.008298802814695066
4836,-1.193251355499234,-0.008298802814695066
4837,-1.1933594524699147,-0.008298802814695066
4838,-1.1934476420345244,-0.008298802814695066
4839,-1.193482537021664,-0.008298802814695066
4840,-1.1934995728501068,-0.008298802814695066
4841,-1.1937171042812715,-0.008298802814695066
4842,-1.19374662619324,-0.008298802814695066
4843,-1.1938162478101013,-0.008298802814695066
4844,-1.1938532720894388,-0.008298802814695066
4845,-1.1939638682609288,-0.008298802814695066
4846,-1.1940466467067383,-0.008298802814695066
4847,-1.1941173549928847,-0.008298802814695066
4848,-1.1941253206602145,-0.008298802814695066
4849,-1.1941925141685124,-0.008298802814695066
4850,-1.1942385948182654,-0.008298802814695066
4851,-1.194285569020687,-0.008298802814695066
4852,-1.1943025243515786,-0.008298802814695066
4853,-1.1943370723063644,-0.008298802814695066
4854,-1.1944711015778045,-0.008298802814695066
4855,-1.194505899323424,-0.008298802814695066
4856,-1.1946957627616002,-0.008298802814695066
4857,-1.1949212979211004,-0.008298802814695066
4858,-1.1950146633666985,-0.008298802814695066
4859,-1.1950994950463338,-0.008298802814695066
4860,-1.1951728117980354,-0.008298802814695066
4861,-1.1953255968964545,-0.008298802814695066
4862,-1.1954379073552743,-0.008298802814695066
4863,-1.195455069399699,-0.008298802814695066
4864,-1.1954802177567092,-0.008298802814695066
4865,-1.1955361488385439,-0.008298802814695066
4866,-1.1958449045691497,-0.008298802814695066
4867,-1.1958586758152872,-0.008298802814695066
4868,-1.1962853982076218,-0.008298802814695066
4869,-1.1963390376978584,-0.008298802814695066
4870,-1.1965633858859952,-0.008298802814695066
4871,-1.1966124172241794,-0.008298802814695066
4872,-1.1966198726802673,-0.008298802814695066
4873,-1.1966703483010273,-0.008298802814695066
4874,-1.1966759653007941,-0.008298802814695066
4875,-1.1967591435924823,-0.008298802814695066
4876,-1.1968624389628033,-0.008298802814695066
4877,-1.1970914718036259,-0.008298802814695066
4878,-1.1971360619691078,-0.008298802814695066
4879,-1.1971662887841041,-0.008298802814695066
4880,-1.1971696213797685,-0.008298802814695066
4881,-1.1971696248006953,-0.008298802814695066
4882,-1.1971856396571008,-0.008298802814695066
4883,-1.1971985556896938,-0.008298802814695066
4884,-1.1972466491315241,-0.008298802814695066
4885,-1.1973109544230294,-0.008298802814695066
4886,-1.1973418258441004,-0.008298802814695066
4887,-1.1975002339212908,-0.008298802814695066
4888,-1.1976815634982692,-0.008298802814695066
4889,-1.197714620058032,-0.008298802814695066
4890,-1.1977166282951737,-0.008298802814695066
4891,-1.1977198842581243,-0.008298802814695066
4892,-1.1977200936751902,-0.008298802814695066
4893,-1.197737188208039,-0.008298802814695066
4894,-1.197801159710269,-0.008298802814695066
4895,-1.197889757994571,-0.008298802814695066
4896,-1.197939210123823,-0.008298802814695066
4897,-1.1980319370124664,-0.008298802814695066
4898,-1.1980342603711547,-0.008298802814695066
4899,-1.1980422282675165,-0.008298802814695066
4900,-1.1981951127010233,-0.008298802814695066
4901,-1.1983974630739012,-0.008298802814695066
4902,-1.1984871752247979,-0.008298802814695066
4903,-1.198533888525414,-0.008298802814695066
4904,-1.1985485256469066,-0.008298802814695066
4905,-1.1986125579985067,-0.008298802814695066
4906,-1.1987334390119633,-0.008298802814695066
4907,-1.1988298101715147,-0.008298802814695066
4908,-1.198911930378606,-0.008298802814695066
4909,-1.198919155468431,-0.008298802814695066
4910,-1.1990840869469648,-0.008298802814695066
4911,-1.1992170032193943,-0.008298802814695066
4912,-1.1992770813189542,-0.008298802814695066
4913,-1.199310836241734,-0.008298802814695066
4914,-1.19934970571208,-0.008298802814695066
4915,-1.199356410034797,-0.008298802814695066
4916,-1.199390728588927,-0.008298802814695066
4917,-1.1995763233935013,-0.008298802814695066
4918,-1.1996807727081784,-0.008298802814695066
4919,-1.1997275394205473,-0.008298802814695066
4920,-1.1999508827643348,-0.008298802814695066
4921,-1.1999651103841633,-0.008298802814695066
4922,-1.2000374961279947,-0.008298802814695066
4923,-1.2000713677889563,-0.008298802814695066
4924,-1.2000818755299485,-0.008298802814695066
4925,-1.2003288267554106,-0.008298802814695066
4926,-1.2003351707074965,-0.008298802814695066
4927,-1.200449836044108,-0.008298802814695066
4928,-1.20045402345366,-0.008298802814695066
4929,-1.2004758134740436,-0.008298802814695066
4930,-1.2004768237779642,-0.008298802814695066
4931,-1.2006109428695348,-0.008298802814695066
4932,-1.2007947716629792,-0.008298802814695066
4933,-1.200806350648798,-0.008298802814695066
4934,-1.200927373941572,-0.008298802814695066
4935,-1.2009649286801554,-0.008298802814695066
4936,-1.2009699663723432,-0.008298802814695066
4937,-1.2010269104217068,-0.008298802814695066
4938,-1.2011719959479756,-0.008298802814695066
4939,-1.2011983565034727,-0.008298802814695066
4940,-1.201357602173526,-0.008298802814695066
4941,-1.201415670357691,-0.008298802814695066
4942,-1.2015700878979159,-0.008298802814695066
4943,-1.2017052597467957,-0.008298802814695066
4944,-1.2017491776538423,-0.008298802814695066
4945,-1.2018022912099078,-0.008298802814695066
4946,-1.2018552952400783,-0.008298802814695066
4947,-1.2018698948598745,-0.008298802814695066
4948,-1.202015003681101,-0.008298802814695066
4949,-1.2020373958820314,-0.008298802814695066
4950,-1.202214432286899,-0.008298802814695066
4951,-1.2023788041012087,-0.008298802814695066
4952,-1.2024216503696015,-0.008298802814695066
4953,-1.2025526521404162,-0.008298802814695066
4954,-1.2026650358945739,-0.008298802814695066
4955,-1.203057686984399,-0.008298802814695066
4956,-1.2030593715795943,-0.008298802814695066
4957,-1.2032104068704785,-0.008298802814695066
4958,-1.203242125014653,-0.008298802814695066
4959,-1.2032577177141066,-0.008298802814695066
4960,-1.2033149490317296,-0.008298802814695066
4961,-1.2035455635632193,-0.008298802814695066
4962,-1.2036323270808498,-0.008298802814695066
4963,-1.2036459873467225,-0.008298802814695066
4964,-1.2037087297187496,-0.008298802814695066
4965,-1.2037321263524174,-0.008298802814695066
4966,-1.203917040027365,-0.008298802814695066
4967,-1.203951076269209,-0.008298802814695066
4968,-1.2040265707193485,-0.008298802814695066
4969,-1.2041033002567396,-0.008298802814695066
4970,-1.2043080668018176,-0.008298802814695066
4971,-1.2043144261582777,-0.008298802814695066
4972,-1.2043165420093822,-0.008298802814695066
4973,-1.2044693947090506,-0.008298802814695066
4974,-1.2045240506846002,-0.008298802814695066
4975,-1.2045595214835332,-0.008298802814695066
4976,-1.2045773694162154,-0.008298802814695066
4977,-1.204868920122323,-0.008298802814695066
4978,-1.2049730253871271,-0.008298802814695066
4979,-1.20505919850368,-0.008298802814695066
4980,-1.2053346825111975,-0.008298802814695066
4981,-1.2055330957777495,-0.008298802814695066
4982,-1.2055888183409724,-0.008298802814695066
4983,-1.2056570563772406,-0.008298802814695066
4984,-1.2057530573847783,-0.008298802814695066
4985,-1.2058660335979885,-0.008298802814695066
4986,-1.2058793241759165,-0.008298802814695066
4987,-1.2059058928607562,-0.008298802814695066
4988,-1.206023192414121,-0.008298802814695066
4989,-1.2061470036184623,-0.008298802814695066
4990,-1.2061626228782925,-0.008298802814695066
4991,-1.2062478392865819,-0.008298802814695066
4992,-1.2062740318242502,-0.008298802814695066
4993,-1.2063004680747706,-0.008298802814695066
4994,-1.2063712791598924,-0.008298802814695066
4995,-1.2064256198330077,-0.008298802814695066
4996,-1.206429008832429,-0.008298802814695066
4997,-1.2064432729951602,-0.008298802814695066
4998,-1.2064819072156112,-0.008298802814695066
4999,-1.2064866004571961,-0.008298802814695066
5000,-1.206487883530303,-0.008298802814695066
5001,-1.2065911652557046,-0.008298802814695066
5002,-1.2065998648071052,-0.008298802814695066
5003,-1.2066001767747578,-0.008298802814695066
5004,-1.206605485852475,-0.008298802814695066
5005,-1.2066611346089953,-0.008298802814695066
5006,-1.2067294830667843,-0.008298802814695066
5007,-1.2067715029164974,-0.008298802814695066
5008,-1.2067782667459004,-0.008298802814695066
5009,-1.2067927980359348,-0.008298802814695066
5010,-1.2068979618170916,-0.008298802814695066
5011,-1.2070796624265243,-0.008298802814695066
5012,-1.2070907586853354,-0.008298802814695066
5013,-1.2070944099389778,-0.008298802814695066
5014,-1.2071104263189094,-0.008298802814695066
5015,-1.2071341544977792,-0.008298802814695066
5016,-1.2072081551027014,-0.008298802814695066
5017,-1.2072433385367047,-0.008298802814695066
5018,-1.2072965312061663,-0.008298802814695066
5019,-1.207321490897388,-0.008298802814695066
5020,-1.207362451835721,-0.008298802814695066
5021,-1.2074688191640075,-0.008298802814695066
5022,-1.2075674083242105,-0.008298802814695066
5023,-1.2076546461976088,-0.008298802814695066
5024,-1.2076875484582712,-0.008298802814695066
5025,-1.2077049515780356,-0.008298802814695066
5026,-1.2077582016579425,-0.008298802814695066
5027,-1.2079244796385895,-0.008298802814695066
5028,-1.2079744874591636,-0.008298802814695066
5029,-1.2082331324116338,-0.008298802814695066
5030,-1.2082787803167157,-0.008298802814695066
5031,-1.2083058481310767,-0.008298802814695066
5032,-1.2083127356461958,-0.008298802814695066
5033,-1.2083415789534593,-0.008298802814695066
5034,-1.208380387934409,-0.008298802814695066
5035,-1.2083830965346911,-0.008298802814695066
5036,-1.2084409542606926,-0.008298802814695066
5037,-1.2086663642891935,-0.008298802814695066
5038,-1.2086930188612899,-0.008298802814695066
5039,-1.208807526224303,-0.008298802814695066
5040,-1.2090403169662687,-0.008298802814695066
5041,-1.2090485463384195,-0.008298802814695066
5042,-1.2091787252092063,-0.008298802814695066
5043,-1.2092486703463572,-0.008298802814695066
5044,-1.209257736623637,-0.008298802814695066
5045,-1.2093655174570668,-0.008298802814695066
5046,-1.2094022717963955,-0.008298802814695066
5047,-1.2095462261756655,-0.008298802814695066
5048,-1.209570323090055,-0.008298802814695066
5049,-1.2095793775351917,-0.008298802814695066
5050,-1.2096969328404168,-0.008298802814695066
5051,-1.20972315860637,-0.008298802814695066
5052,-1.2097806777036104,-0.008298802814695066
5053,-1.2098107953117003,-0.008298802814695066
5054,-1.2098218472562072,-0.008298802814695066
5055,-1.2098221071259903,-0.008298802814695066
5056,-1.2100110411087144,-0.008298802814695066
5057,-1.210027588742005,-0.008298802814695066
5058,-1.2100641986917189,-0.008298802814695066
5059,-1.2101403129937287,-0.008298802814695066
5060,-1.2102606756003775,-0.008298802814695066
5061,-1.2102621885263969,-0.008298802814695066
5062,-1.2103678360917174,-0.008298802814695066
5063,-1.2103909243453732,-0.008298802814695066
5064,-1.2103924714183467,-0.008298802814695066
5065,-1.2104447697408511,-0.008298802814695066
5066,-1.2105361940781592,-0.008298802814695066
5067,-1.2105934359858728,-0.008298802814695066
5068,-1.2106553940885447,-0.008298802814695066
5069,-1.2107122912022588,-0.008298802814695066
5070,-1.2107822285374448,-0.008298802814695066
5071,-1.2110373227435611,-0.008298802814695066
5072,-1.211108424212621,-0.008298802814695066
5073,-1.2111580268567415,-0.008298802814695066
5074,-1.2112141755188368,-0.008298802814695066
5075,-1.2112986003781585,-0.008298802814695066
5076,-1.2116869543560367,-0.008298802814695066
5077,-1.2117842428179393,-0.008298802814695066
5078,-1.211901478553226,-0.008298802814695066
5079,-1.2119190796516415,-0.008298802814695066
5080,-1.2120031220294076,-0.008298802814695066
5081,-1.212127598207457,-0.008298802814695066
5082,-1.2121378308527846,-0.008298802814695066
5083,-1.212147305927644,-0.008298802814695066
5084,-1.2121651227907322,-0.008298802814695066
5085,-1.2122658061102443,-0.008298802814695066
5086,-1.212269177748702,-0.008298802814695066
5087,-1.212303215156831,-0.008298802814695066
5088,-1.2124191685256769,-0.008298802814695066
5089,-1.212483617820428,-0.008298802814695066
5090,-1.2125190028503112,-0.008298802814695066
5091,-1.2128154051800233,-0.008298802814695066
5092,-1.2128346931282068,-0.008298802814695066
5093,-1.2128510537676684,-0.008298802814695066
5094,-1.2129497060741776,-0.008298802814695066
5095,-1.2129884365239998,-0.008298802814695066
5096,-1.2129946640286429,-0.008298802814695066
5097,-1.213081108710723,-0.008298802814695066
5098,-1.2131672072842736,-0.008298802814695066
5099,-1.2133198439444781,-0.008298802814695066
5100,-1.2134304857938862,-0.008298802814695066
5101,-1.2134641103897164,-0.008298802814695066
5102,-1.2134932673778327,-0.008298802814695066
5103,-1.213495567115405,-0.008298802814695066
5104,-1.2135547154077568,-0.008298802814695066
5105,-1.2136471886698865,-0.008298802814695066
5106,-1.213690780739698,-0.008298802814695066
5107,-1.213702854888376,-0.008298802814695066
5108,-1.2137089220226533,-0.008298802814695066
5109,-1.213716114507962,-0.008298802814695066
5110,-1.2137723227870136,-0.008298802814695066
5111,-1.2137953056497595,-0.008298802814695066
5112,-1.214063074697076,-0.008298802814695066
5113,-1.2140850622582844,-0.008298802814695066
5114,-1.2140948857641432,-0.008298802814695066
5115,-1.2141780604482955,-0.008298802814695066
5116,-1.2142608739239236,-0.008298802814695066
5117,-1.2142636477908928,-0.008298802814695066
5118,-1.2143556020554829,-0.008298802814695066
5119,-1.2143992226751437,-0.008298802814695066
5120,-1.2144902752298388,-0.008298802814695066
5121,-1.2145631990707952,-0.008298802814695066
5122,-1.2146153822865235,-0.008298802814695066
5123,-1.2146595204319048,-0.008298802814695066
5124,-1.2148434705608409,-0.008298802814695066
5125,-1.2148875504964276,-0.008298802814695066
5126,-1.214903010760204,-0.008298802814695066
5127,-1.2150180898911387,-0.008298802814695066
5128,-1.215083889209017,-0.008298802814695066
5129,-1.2150864094283957,-0.008298802814695066
5130,-1.2152430516380088,-0.008298802814695066
5131,-1.2152526382279287,-0.008298802814695066
5132,-1.2152596877368527,-0.008298802814695066
5133,-1.2152885593639466,-0.008298802814695066
5134,-1.215323982419301,-0.008298802814695066
5135,-1.2154964976822509,-0.008298802814695066
5136,-1.2156005166929071,-0.008298802814695066
5137,-1.2156649641692812,-0.008298802814695066
5138,-1.2157591828420546,-0.008298802814695066
5139,-1.2157729548035676,-0.008298802814695066
5140,-1.2158108789046413,-0.008298802814695066
5141,-1.2158335573497785,-0.008298802814695066
5142,-1.215995166818861,-0.008298802814695066
5143,-1.21606189953071,-0.008298802814695066
5144,-1.2161020049120062,-0.008298802814695066
5145,-1.2161731045871578,-0.008298802814695066
5146,-1.2163222462457324,-0.008298802814695066
5147,-1.2166183705544258,-0.008298802814695066
5148,-1.2166507830403195,-0.008298802814695066
5149,-1.2167470638185716,-0.008298802814695066
5150,-1.2167568945289793,-0.008298802814695066
5151,-1.216950355113946,-0.008298802814695066
5152,-1.2171480352280637,-0.008298802814695066
5153,-1.217177137090154,-0.008298802814695066
5154,-1.2172263655954674,-0.008298802814695066
5155,-1.2173582309189526,-0.008298802814695066
5156,-1.217391962532955,-0.008298802814695066
5157,-1.2174378558469725,-0.008298802814695066
5158,-1.2174880854411392,-0.008298802814695066
5159,-1.2175108581181178,-0.008298802814695066
5160,-1.2175670424536484,-0.008298802814695066
5161,-1.2175728217398576,-0.008298802814695066
5162,-1.2176587066339803,-0.008298802814695066
5163,-1.2176613883087415,-0.008298802814695066
5164,-1.2177935441699546,-0.008298802814695066
5165,-1.2178017070626983,-0.008298802814695066
5166,-1.217838896620969,-0.008298802814695066
5167,-1.2179899130483522,-0.008298802814695066
5168,-1.2180594773812154,-0.008298802814695066
5169,-1.2181169657554456,-0.008298802814695066
5170,-1.218205201085303,-0.008298802814695066
5171,-1.2182408415602772,-0.008298802814695066
5172,-1.218258180140457,-0.008298802814695066
5173,-1.2182705262683542,-0.008298802814695066
5174,-1.2183492576532378,-0.008298802814695066
5175,-1.2183549613611286,-0.008298802814695066
5176,-1.2183643927981418,-0.008298802814695066
5177,-1.218379541340794,-0.008298802814695066
5178,-1.2185932446284484,-0.008298802814695066
5179,-1.2186067035189159,-0.008298802814695066
5180,-1.2186568557806214,-0.008298802814695066
5181,-1.218663157661707,-0.008298802814695066
5182,-1.2188630171360206,-0.008298802814695066
5183,-1.2188698007599879,-0.008298802814695066
5184,-1.2188863501104836,-0.008298802814695066
5185,-1.2188966011740139,-0.008298802814695066
5186,-1.2189192974471985,-0.008298802814695066
5187,-1.2189935500634188,-0.008298802814695066
5188,-1.2190158835072622,-0.008298802814695066
5189,-1.2190817974676451,-0.008298802814695066
5190,-1.2191562965076697,-0.008298802814695066
5191,-1.2191643228626239,-0.008298802814695066
5192,-1.2192212488014336,-0.008298802814695066
5193,-1.2193349766353456,-0.008298802814695066
5194,-1.2193409873121244,-0.008298802814695066
5195,-1.2194203330459843,-0.008298802814695066
5196,-1.2194256914030697,-0.008298802814695066
5197,-1.219484842633313,-0.008298802814695066
5198,-1.219486816778376,-0.008298802814695066
5199,-1.21957577446269,-0.008298802814695066
5200,-1.21960262678847,-0.008298802814695066
5201,-1.2196592773934265,-0.008298802814695066
5202,-1.2197817813354694,-0.008298802814695066
5203,-1.2198731058015209,-0.008298802814695066
5204,-1.2198913351667304,-0.008298802814695066
5205,-1.2199106689607044,-0.008298802814695066
5206,-1.2199618839090058,-0.008298802814695066
5207,-1.220069519263301,-0.008298802814695066
5208,-1.2201246725583177,-0.008298802814695066
5209,-1.220142477173868,-0.008298802814695066
5210,-1.2202455610845848,-0.008298802814695066
5211,-1.2202984149805656,-0.008298802814695066
5212,-1.2203441771409842,-0.008298802814695066
5213,-1.220432697916104,-0.008298802814695066
5214,-1.2204452451855765,-0.008298802814695066
5215,-1.220464461356799,-0.008298802814695066
5216,-1.220592649258164,-0.008298802814695066
5217,-1.220609162285487,-0.008298802814695066
5218,-1.2210732757201215,-0.008298802814695066
5219,-1.2210915587899724,-0.008298802814695066
5220,-1.221120427234448,-0.008298802814695066
5221,-1.2212949265454052,-0.008298802814695066
5222,-1.2213531679838097,-0.008298802814695066
5223,-1.2213845744698753,-0.008298802814695066
5224,-1.2214491052220935,-0.008298802814695066
5225,-1.2215300628663994,-0.008298802814695066
5226,-1.221550209857293,-0.008298802814695066
5227,-1.2215642060030603,-0.008298802814695066
5228,-1.2216146356825532,-0.008298802814695066
5229,-1.2216150746527978,-0.008298802814695066
5230,-1.2216153870187565,-0.008298802814695066
5231,-1.2217602699249925,-0.008298802814695066
5232,-1.2217864892010084,-0.008298802814695066
5233,-1.2218478437239302,-0.008298802814695066
5234,-1.221988573869572,-0.008298802814695066
5235,-1.2219931825042238,-0.008298802814695066
5236,-1.2220292253808527,-0.008298802814695066
5237,-1.222086364451065,-0.008298802814695066
5238,-1.2221058660671709,-0.008298802814695066
5239,-1.2221765455915736,-0.008298802814695066
5240,-1.222291808375964,-0.008298802814695066
5241,-1.2223165090258716,-0.008298802814695066
5242,-1.2223599141545083,-0.008298802814695066
5243,-1.22236810664335,-0.008298802814695066
5244,-1.2223775242887187,-0.008298802814695066
5245,-1.2223955014394634,-0.008298802814695066
5246,-1.2224173775769795,-0.008298802814695066
5247,-1.2224532574826286,-0.008298802814695066
5248,-1.2225404013886108,-0.008298802814695066
5249,-1.222546457963423,-0.008298802814695066
5250,-1.2225561365098838,-0.008298802814695066
5251,-1.222586489272023,-0.008298802814695066
5252,-1.2226513471100384,-0.008298802814695066
5253,-1.222657763595093,-0.008298802814695066
5254,-1.222698704403451,-0.008298802814695066
5255,-1.222748181753531,-0.008298802814695066
5256,-1.2229374308030105,-0.008298802814695066
5257,-1.2229534644552964,-0.008298802814695066
5258,-1.223144813938158,-0.008298802814695066
5259,-1.2231884506440698,-0.008298802814695066
5260,-1.2232061384126536,-0.008298802814695066
5261,-1.2232689348240977,-0.008298802814695066
5262,-1.2232737023056532,-0.008298802814695066
5263,-1.2232786789690966,-0.008298802814695066
5264,-1.2234765010754143,-0.008298802814695066
5265,-1.2235697757032127,-0.008298802814695066
5266,-1.2236480661274212,-0.008298802814695066
5267,-1.2236489695733619,-0.008298802814695066
5268,-1.2237124660838732,-0.008298802814695066
5269,-1.2237974390716326,-0.008298802814695066
5270,-1.2238074598198132,-0.008298802814695066
5271,-1.2238149749426093,-0.008298802814695066
5272,-1.2238735297144863,-0.008298802814695066
5273,-1.223877388767787,-0.008298802814695066
5274,-1.2239556980833557,-0.008298802814695066
5275,-1.2240782335800555,-0.008298802814695066
5276,-1.2241327701930274,-0.008298802814695066
5277,-1.224234636600293,-0.008298802814695066
5278,-1.2244076568978406,-0.008298802814695066
5279,-1.2244282763864955,-0.008298802814695066
5280,-1.2246003574198703,-0.008298802814695066
5281,-1.2246075786308044,-0.008298802814695066
5282,-1.2246221393631467,-0.008298802814695066
5283,-1.22465125325422,-0.008298802814695066
5284,-1.2247252990676567,-0.008298802814695066
5285,-1.2247835050447784,-0.008298802814695066
5286,-1.2248239642737841,-0.008298802814695066
5287,-1.2248360573940147,-0.008298802814695066
5288,-1.2248709156975632,-0.008298802814695066
5289,-1.224944319674615,-0.008298802814695066
5290,-1.2249948108121127,-0.008298802814695066
5291,-1.2250196695165034,-0.008298802814695066
5292,-1.2250671062700265,-0.008298802814695066
5293,-1.225086767020759,-0.008298802814695066
5294,-1.225132791200951,-0.008298802814695066
5295,-1.2252531556717048,-0.008298802814695066
5296,-1.2254355349391384,-0.008298802814695066
5297,-1.225456061317304,-0.008298802814695066
5298,-1.2255090163707831,-0.008298802814695066
5299,-1.2256648559948335,-0.008298802814695066
5300,-1.2256763418057133,-0.008298802814695066
5301,-1.225678823272308,-0.008298802814695066
5302,-1.225754262332464,-0.008298802814695066
5303,-1.2259267640325844,-0.008298802814695066
5304,-1.2260042594122222,-0.008298802814695066
5305,-1.2260996898331153,-0.008298802814695066
5306,-1.2263041848590144,-0.008298802814695066
5307,-1.2263299273459205,-0.008298802814695066
5308,-1.2263307139831565,-0.008298802814695066
5309,-1.226331141426042,-0.008298802814695066
5310,-1.226531741838475,-0.008298802814695066
5311,-1.2265487209863806,-0.008298802814695066
5312,-1.2266512168087689,-0.008298802814695066
5313,-1.2266748315176115,-0.008298802814695066
5314,-1.2267224075884937,-0.008298802814695066
5315,-1.2267563221266862,-0.008298802814695066
5316,-1.2268740175931303,-0.008298802814695066
5317,-1.2268897753438712,-0.008298802814695066
5318,-1.226902495124555,-0.008298802814695066
5319,-1.2269317733784113,-0.008298802814695066
5320,-1.2269696930347762,-0.008298802814695066
5321,-1.2269744142352699,-0.008298802814695066
5322,-1.2271373294868415,-0.008298802814695066
5323,-1.2273258018214026,-0.008298802814695066
5324,-1.2274744737965646,-0.008298802814695066
5325,-1.2275072269269531,-0.008298802814695066
5326,-1.2275339659710522,-0.008298802814695066
5327,-1.2275436649498017,-0.008298802814695066
5328,-1.2276071879493193,-0.008298802814695066
5329,-1.2276299811182318,-0.008298802814695066
5330,-1.2276558515600635,-0.008298802814695066
5331,-1.2277167506837117,-0.008298802814695066
5332,-1.2277859634124375,-0.008298802814695066
5333,-1.2278020405517653,-0.008298802814695066
5334,-1.227875695067718,-0.008298802814695066
5335,-1.2279677496201504,-0.008298802814695066
5336,-1.2280262812184664,-0.008298802814695066
5337,-1.2280357650837437,-0.008298802814695066
5338,-1.2281064817563287,-0.008298802814695066
5339,-1.2282160140444673,-0.008298802814695066
5340,-1.2282514877968391,-0.008298802814695066
5341,-1.2282729372345011,-0.008298802814695066
5342,-1.228336988137312,-0.008298802814695066
5343,-1.2283567051710795,-0.008298802814695066
5344,-1.228376104162368,-0.008298802814695066
5345,-1.2284390489618064,-0.008298802814695066
5346,-1.2284647632738246,-0.008298802814695066
5347,-1.228520339235603,-0.008298802814695066
5348,-1.2285267363278007,-0.008298802814695066
5349,-1.228532892882615,-0.008298802814695066
5350,-1.2286387392370415,-0.008298802814695066
5351,-1.2287153561409498,-0.008298802814695066
5352,-1.2288930535484837,-0.008298802814695066
5353,-1.2290366715656778,-0.008298802814695066
5354,-1.2291361893324397,-0.008298802814695066
5355,-1.229170860490118,-0.008298802814695066
5356,-1.2291750358634252,-0.008298802814695066
5357,-1.2293381742314176,-0.008298802814695066
5358,-1.229363938593678,-0.008298802814695066
5359,-1.2294195102368484,-0.008298802814695066
5360,-1.2295868089107334,-0.008298802814695066
5361,-1.2295874858313451,-0.008298802814695066
5362,-1.2296477134331947,-0.008298802814695066
5363,-1.229820687847362,-0.008298802814695066
5364,-1.2298706257393652,-0.008298802814695066
5365,-1.2298755415582987,-0.008298802814695066
5366,-1.2299528520456604,-0.008298802814695066
5367,-1.2299903901598799,-0.008298802814695066
5368,-1.230280190155667,-0.008298802814695066
5369,-1.2303108863004013,-0.008298802814695066
5370,-1.2304219903591074,-0.008298802814695066
5371,-1.2304442232664383,-0.008298802814695066
5372,-1.230457748728167,-0.008298802814695066
5373,-1.230494782845939,-0.008298802814695066
5374,-1.230511948058689,-0.008298802814695066
5375,-1.2305321886701643,-0.008298802814695066
5376,-1.2306318802374339,-0.008298802814695066
5377,-1.2306656457785552,-0.008298802814695066
5378,-1.2308689319850197,-0.008298802814695066
5379,-1.2308699190692378,-0.008298802814695066
5380,-1.2308847195173118,-0.008298802814695066
5381,-1.2309036806351379,-0.008298802814695066
5382,-1.2309561183262723,-0.008298802814695066
5383,-1.2312299779162257,-0.008298802814695066
5384,-1.2312402250233079,-0.008298802814695066
5385,-1.231283992584882,-0.008298802814695066
5386,-1.231323246551083,-0.008298802814695066
5387,-1.231438608834857,-0.008298802814695066
5388,-1.2314566249032055,-0.008298802814695066
5389,-1.2314747202132275,-0.008298802814695066
5390,-1.2315155419852615,-0.008298802814695066
5391,-1.2316014137544935,-0.008298802814695066
5392,-1.2316051919760738,-0.008298802814695066
5393,-1.2316124166396478,-0.008298802814695066
5394,-1.2316133291350355,-0.008298802814695066
5395,-1.2316225774659912,-0.008298802814695066
5396,-1.2316310401525623,-0.008298802814695066
5397,-1.2316334839891323,-0.008298802814695066
5398,-1.231641161090426,-0.008298802814695066
5399,-1.2316812826221029,-0.008298802814695066
5400,-1.2316837706897386,-0.008298802814695066
5401,-1.2317027283454298,-0.008298802814695066
5402,-1.2317335574415673,-0.008298802814695066
5403,-1.2319227433898723,-0.008298802814695066
5404,-1.2319844378566094,-0.008298802814695066
5405,-1.23201225272052,-0.008298802814695066
5406,-1.2320255007206924,-0.008298802814695066
5407,-1.232048715346272,-0.008298802814695066
5408,-1.232053448172333,-0.008298802814695066
5409,-1.2320882596388583,-0.008298802814695066
5410,-1.2321107324863287,-0.008298802814695066
5411,-1.2321408610255136,-0.008298802814695066
5412,-1.2321577581431038,-0.008298802814695066
5413,-1.2321738793091919,-0.008298802814695066
5414,-1.23230660376819,-0.008298802814695066
5415,-1.2323225375694893,-0.008298802814695066
5416,-1.232326517208246,-0.008298802814695066
5417,-1.232378039529606,-0.008298802814695066
5418,-1.232393900256755,-0.008298802814695066
5419,-1.2324017028021608,-0.008298802814695066
5420,-1.2324146063713535,-0.008298802814695066
5421,-1.2324506356907516,-0.008298802814695066
5422,-1.2324894928008623,-0.008298802814695066
5423,-1.2325424014828834,-0.008298802814695066
5424,-1.2325942901250317,-0.008298802814695066
5425,-1.2326211797847324,-0.008298802814695066
5426,-1.2326314488982861,-0.008298802814695066
5427,-1.2326777014564687,-0.008298802814695066
5428,-1.2326884832495935,-0.008298802814695066
5429,-1.2327516627054749,-0.008298802814695066
5430,-1.232766454398847,-0.008298802814695066
5431,-1.2328500367087363,-0.008298802814695066
5432,-1.2328840490832558,-0.008298802814695066
5433,-1.2328938794507485,-0.008298802814695066
5434,-1.2329126090878746,-0.008298802814695066
5435,-1.2330210702565612,-0.008298802814695066
5436,-1.2330332281252607,-0.008298802814695066
5437,-1.2331860373075025,-0.008298802814695066
5438,-1.2332107818633575,-0.008298802814695066
5439,-1.2332163056974708,-0.008298802814695066
5440,-1.2332531292082378,-0.008298802814695066
5441,-1.2332715712927944,-0.008298802814695066
5442,-1.233331741807606,-0.008298802814695066
5443,-1.2333355032477005,-0.008298802814695066
5444,-1.2333437634767561,-0.008298802814695066
5445,-1.2334250542397065,-0.008298802814695066
5446,-1.2334395264017473,-0.008298802814695066
5447,-1.2334611445536277,-0.008298802814695066
5448,-1.233509453728592,-0.008298802814695066
5449,-1.2335407955294708,-0.008298802814695066
5450,-1.2335432926691423,-0.008298802814695066
5451,-1.2335480272710564,-0.008298802814695066
5452,-1.2336585066067778,-0.008298802814695066
5453,-1.2336930657209537,-0.008298802814695066
5454,-1.2337277626424838,-0.008298802814695066
5455,-1.233729569147705,-0.008298802814695066
5456,-1.2337722148927934,-0.008298802814695066
5457,-1.2337955640877967,-0.008298802814695066
5458,-1.233831948068882,-0.008298802814695066
5459,-1.2338351468586388,-0.008298802814695066
5460,-1.23393983624468,-0.008298802814695066
5461,-1.2339500204180833,-0.008298802814695066
5462,-1.233973792673595,-0.008298802814695066
5463,-1.2340071834806865,-0.008298802814695066
5464,-1.234009674723139,-0.008298802814695066
5465,-1.2340885746831676,-0.008298802814695066
5466,-1.2340898283232982,-0.008298802814695066
5467,-1.234113131273303,-0.008298802814695066
5468,-1.2341409816238837,-0.008298802814695066
5469,-1.2341673720606432,-0.008298802814695066
5470,-1.2342592976038533,-0.008298802814695066
5471,-1.2342601604824905,-0.008298802814695066
5472,-1.2343971139570744,-0.008298802814695066
5473,-1.234414712738386,-0.008298802814695066
5474,-1.2344493115782322,-0.008298802814695066
5475,-1.2344640169814305,-0.008298802814695066
5476,-1.2344906524733859,-0.008298802814695066
5477,-1.234556258216513,-0.008298802814695066
5478,-1.2346407703060298,-0.008298802814695066
5479,-1.2347392009089504,-0.008298802814695066
5480,-1.2348605133553698,-0.008298802814695066
5481,-1.234867272599631,-0.008298802814695066
5482,-1.2349076673937396,-0.008298802814695066
5483,-1.2349083349611782,-0.008298802814695066
5484,-1.2349665939857348,-0.008298802814695066
5485,-1.2349897817905022,-0.008298802814695066
5486,-1.2350315223441153,-0.008298802814695066
5487,-1.2350811912557844,-0.008298802814695066
5488,-1.23508197164903,-0.008298802814695066
5489,-1.2351320249601851,-0.008298802814695066
5490,-1.235165934053692,-0.008298802814695066
5491,-1.235180272699051,-0.008298802814695066
5492,-1.235187615249718,-0.008298802814695066
5493,-1.2351947580341323,-0.008298802814695066
5494,-1.2351981493721915,-0.008298802814695066
5495,-1.2352452321117307,-0.008298802814695066
5496,-1.2352488663993162,-0.008298802814695066
5497,-1.2353475058236156,-0.008298802814695066
5498,-1.2353534136726187,-0.008298802814695066
5499,-1.2353646312374795,-0.008298802814695066
5500,-1.2353664716314376,-0.008298802814695066
5501,-1.2354008842548887,-0.008298802814695066
5502,-1.2355043605465867,-0.008298802814695066
5503,-1.2355101209104271,-0.008298802814695066
5504,-1.235552596152449,-0.008298802814695066
5505,-1.2355558497962762,-0.008298802814695066
5506,-1.2356005704581599,-0.008298802814695066
5507,-1.2356041124015171,-0.008298802814695066
5508,-1.2356187403629728,-0.008298802814695066
5509,-1.2356356167017852,-0.008298802814695066
5510,-1.2356943119580437,-0.008298802814695066
5511,-1.235749926757057,-0.008298802814695066
5512,-1.235752911484231,-0.008298802814695066
5513,-1.2358034247153442,-0.008298802814695066
5514,-1.2358170826150443,-0.008298802814695066
5515,-1.2358820536578277,-0.008298802814695066
5516,-1.2359018997979936,-0.008298802814695066
5517,-1.2359403403760814,-0.008298802814695066
5518,-1.2359928140978396,-0.008298802814695066
5519,-1.2360149709684256,-0.008298802814695066
5520,-1.236017400445761,-0.008298802814695066
5521,-1.2360667031397523,-0.008298802814695066
5522,-1.2360953115847066,-0.008298802814695066
5523,-1.2361260124508502,-0.008298802814695066
5524,-1.2361297242712053,-0.008298802814695066
5525,-1.2363039045356685,-0.008298802814695066
5526,-1.2363987390865572,-0.008298802814695066
5527,-1.236429890417571,-0.008298802814695066
5528,-1.2365344408219836,-0.008298802814695066
5529,-1.2365488431053853,-0.008298802814695066
5530,-1.2365514271583606,-0.008298802814695066
5531,-1.2365894060241742,-0.008298802814695066
5532,-1.2366174135967891,-0.008298802814695066
5533,-1.236647013436892,-0.008298802814695066
5534,-1.2366952616598077,-0.008298802814695066
5535,-1.2367127145226244,-0.008298802814695066
5536,-1.2367378518053536,-0.008298802814695066
5537,-1.2367393005237075,-0.008298802814695066
5538,-1.2367632327164793,-0.008298802814695066
5539,-1.2367717976777841,-0.008298802814695066
5540,-1.2368965051195768,-0.008298802814695066
5541,-1.236958147379926,-0.008298802814695066
5542,-1.2369990675080924,-0.008298802814695066
5543,-1.2370547354490102,-0.008298802814695066
5544,-1.2371160507970147,-0.008298802814695066
5545,-1.2371610569763858,-0.008298802814695066
5546,-1.2371811078144228,-0.008298802814695066
5547,-1.2371864674368327,-0.008298802814695066
5548,-1.23720261819023,-0.008298802814695066
5549,-1.2372230869338612,-0.008298802814695066
5550,-1.2372593259452267,-0.008298802814695066
5551,-1.237285249722212,-0.008298802814695066
5552,-1.2373192081202875,-0.008298802814695066
5553,-1.2373310335032888,-0.008298802814695066
5554,-1.2373981568898937,-0.008298802814695066
5555,-1.2374463549726464,-0.008298802814695066
5556,-1.2374700668978096,-0.008298802814695066
5557,-1.2374896182107369,-0.008298802814695066
5558,-1.2375191657377707,-0.008298802814695066
5559,-1.2375914311812894,-0.008298802814695066
5560,-1.2376842386390012,-0.008298802814695066
5561,-1.2376927884086673,-0.008298802814695066
5562,-1.2377086031973565,-0.008298802814695066
5563,-1.237780779859631,-0.008298802814695066
5564,-1.2378269372406576,-0.008298802814695066
5565,-1.237846225347301,-0.008298802814695066
5566,-1.2378628685064332,-0.008298802814695066
5567,-1.2378643529340772,-0.008298802814695066
5568,-1.2379093398662555,-0.008298802814695066
5569,-1.2379415360817654,-0.008298802814695066
5570,-1.2379586784728698,-0.008298802814695066
5571,-1.2380964957877976,-0.008298802814695066
5572,-1.2381622583767984,-0.008298802814695066
5573,-1.2381767977775324,-0.008298802814695066
5574,-1.238184241292699,-0.008298802814695066
5575,-1.2382010913172632,-0.008298802814695066
5576,-1.2382073810619356,-0.008298802814695066
5577,-1.2382119012160593,-0.008298802814695066
5578,-1.238316239212807,-0.008298802814695066
5579,-1.238368081430051,-0.008298802814695066
5580,-1.2384086526494968,-0.008298802814695066
5581,-1.238455958999399,-0.008298802814695066
5582,-1.2384724258248347,-0.008298802814695066
5583,-1.2384815511216356,-0.008298802814695066
5584,-1.2384930459282117,-0.008298802814695066
5585,-1.238509232006249,-0.008298802814695066
5586,-1.2385327726268698,-0.008298802814695066
5587,-1.2385421726228343,-0.008298802814695066
5588,-1.238591933605942,-0.008298802814695066
5589,-1.2385934976038686,-0.008298802814695066
5590,-1.2386647348598572,-0.008298802814695066
5591,-1.238692766502719,-0.008298802814695066
5592,-1.2387853937795172,-0.008298802814695066
5593,-1.2387891931595751,-0.008298802814695066
5594,-1.2388357254461886,-0.008298802814695066
5595,-1.238871042039977,-0.008298802814695066
5596,-1.2388928859882216,-0.008298802814695066
5597,-1.2389428781346599,-0.008298802814695066
5598,-1.2390004659564975,-0.008298802814695066
5599,-1.2390402794795459,-0.008298802814695066
5600,-1.2390588782977985,-0.008298802814695066
5601,-1.239085805959653,-0.008298802814695066
5602,-1.2390891225130323,-0.008298802814695066
5603,-1.2391112197015397,-0.008298802814695066
5604,-1.239132638855403,-0.008298802814695066
5605,-1.2391854272398448,-0.008298802814695066
5606,-1.2392268781251345,-0.008298802814695066
5607,-1.2392283259105046,-0.008298802814695066
5608,-1.2392723958249812,-0.008298802814695066
5609,-1.239274910894447,-0.008298802814695066
5610,-1.2392971174261957,-0.008298802814695066
5611,-1.2393025427004547,-0.008298802814695066
5612,-1.239303062141996,-0.008298802814695066
5613,-1.2393088836047166,-0.008298802814695066
5614,-1.239402209438903,-0.008298802814695066
5615,-1.2394451353577578,-0.008298802814695066
5616,-1.2394611493404613,-0.008298802814695066
5617,-1.2394794537426188,-0.008298802814695066
5618,-1.2394944103509564,-0.008298802814695066
5619,-1.239532901857319,-0.008298802814695066
5620,-1.2396219047038506,-0.008298802814695066
5621,-1.239640521777344,-0.008298802814695066
5622,-1.2396479538524319,-0.008298802814695066
5623,-1.2396569044869787,-0.008298802814695066
5624,-1.2396687538922153,-0.008298802814695066
5625,-1.2396773850508627,-0.008298802814695066
5626,-1.2397273106206788,-0.008298802814695066
5627,-1.2397278095283513,-0.008298802814695066
5628,-1.2397369708429107,-0.008298802814695066
5629,-1.239755699088259,-0.008298802814695066
5630,-1.2397805600744456,-0.008298802814695066
5631,-1.2397967580516318,-0.008298802814695066
5632,-1.239833212014196,-0.008298802814695066
5633,-1.2398382508695849,-0.008298802814695066
5634,-1.2398466869710891,-0.008298802814695066
5635,-1.239853543886996,-0.008298802814695066
5636,-1.2398621420953049,-0.008298802814695066
5637,-1.2398780482433245,-0.008298802814695066
5638,-1.2398927871439493,-0.008298802814695066
5639,-1.2399485657351577,-0.008298802814695066
5640,-1.2399612752806437,-0.008298802814695066
5641,-1.2400054164042709,-0.008298802814695066
5642,-1.2400208558431671,-0.008298802814695066
5643,-1.240083670353251,-0.008298802814695066
5644,-1.240096932138938,-0.008298802814695066
5645,-1.2401290602661552,-0.008298802814695066
5646,-1.2401615565410646,-0.008298802814695066
5647,-1.2401650663797057,-0.008298802814695066
5648,-1.240178346365275,-0.008298802814695066
5649,-1.2402411762431693,-0.008298802814695066
5650,-1.2402870558677654,-0.008298802814695066
5651,-1.2403414612659267,-0.008298802814695066
5652,-1.2404406130379366,-0.008298802814695066
5653,-1.240453593776191,-0.008298802814695066
5654,-1.2404551958966428,-0.008298802814695066
5655,-1.240478552052533,-0.008298802814695066
5656,-1.2404978346716318,-0.008298802814695066
5657,-1.2405118495579672,-0.008298802814695066
5658,-1.2405613742870767,-0.008298802814695066
5659,-1.2405926882050662,-0.008298802814695066
5660,-1.2407232826700607,-0.008298802814695066
5661,-1.240745212724036,-0.008298802814695066
5662,-1.2407514401480277,-0.008298802814695066
5663,-1.2407728098689055,-0.008298802814695066
5664,-1.240816420093276,-0.008298802814695066
5665,-1.2408803079148374,-0.008298802814695066
5666,-1.240900424594373,-0.008298802814695066
5667,-1.240971043120867,-0.008298802814695066
5668,-1.2409795727642268,-0.008298802814695066
5669,-1.2410134590519635,-0.008298802814695066
5670,-1.2410154555885937,-0.008298802814695066
5671,-1.2410370557272281,-0.008298802814695066
5672,-1.241109495387237,-0.008298802814695066
5673,-1.2411148533412,-0.008298802814695066
5674,-1.2411313042035954,-0.008298802814695066
5675,-1.2411656816349286,-0.008298802814695066
5676,-1.2412131639861792,-0.008298802814695066
5677,-1.2412359780116176,-0.008298802814695066
5678,-1.2412467084372731,-0.008298802814695066
5679,-1.2412520396284723,-0.008298802814695066
5680,-1.241337443666361,-0.008298802814695066
5681,-1.2413530384191818,-0.008298802814695066
5682,-1.2413575818611715,-0.008298802814695066
5683,-1.2415065681806805,-0.008298802814695066
5684,-1.2415382078645276,-0.008298802814695066
5685,-1.2415403683597583,-0.008298802814695066
5686,-1.2416156459901484,-0.008298802814695066
5687,-1.2416182805389595,-0.008298802814695066
5688,-1.2416287691484342,-0.008298802814695066
5689,-1.2416451682193133,-0.008298802814695066
5690,-1.2416578058027212,-0.008298802814695066
5691,-1.241658078615716,-0.008298802814695066
5692,-1.2416828739669241,-0.008298802814695066
5693,-1.241696324128157,-0.008298802814695066
5694,-1.241742390834527,-0.008298802814695066
5695,-1.2417930380011972,-0.008298802814695066
5696,-1.2418020318698009,-0.008298802814695066
5697,-1.2418112372266426,-0.008298802814695066
5698,-1.241822702808171,-0.008298802814695066
5699,-1.2418377222789712,-0.008298802814695066
5700,-1.2418967901320634,-0.008298802814695066
5701,-1.241912323493467,-0.008298802814695066
5702,-1.2419552478781364,-0.008298802814695066
5703,-1.2419563662328785,-0.008298802814695066
5704,-1.2419751626689939,-0.008298802814695066
5705,-1.2419871484350427,-0.008298802814695066
5706,-1.2420685879832614,-0.008298802814695066
5707,-1.2420754220176147,-0.008298802814695066
5708,-1.2420865870258408,-0.008298802814695066
5709,-1.2421229656175714,-0.008298802814695066
5710,-1.2421259752897953,-0.008298802814695066
5711,-1.242180207904307,-0.008298802814695066
5712,-1.2422590335332897,-0.008298802814695066
5713,-1.242275908575931,-0.008298802814695066
5714,-1.2422999368689627,-0.008298802814695066
5715,-1.2423072442801502,-0.008298802814695066
5716,-1.2423265845696176,-0.008298802814695066
5717,-1.2423780318660254,-0.008298802814695066
5718,-1.2423870052895967,-0.008298802814695066
5719,-1.2424046332136773,-0.008298802814695066
5720,-1.2425171087043223,-0.008298802814695066
5721,-1.2425528202403904,-0.008298802814695066
5722,-1.242621513400068,-0.008298802814695066
5723,-1.2426702092404658,-0.008298802814695066
5724,-1.2427346283440188,-0.008298802814695066
5725,-1.242750995460205,-0.008298802814695066
5726,-1.2427612402917647,-0.008298802814695066
5727,-1.2428430619001927,-0.008298802814695066
5728,-1.2428961523324014,-0.008298802814695066
5729,-1.2430167121220959,-0.008298802814695066
5730,-1.2430535664769025,-0.008298802814695066
5731,-1.2430547828312024,-0.008298802814695066
5732,-1.2430946465248263,-0.008298802814695066
5733,-1.2433013519835743,-0.008298802814695066
5734,-1.2433022860625162,-0.008298802814695066
5735,-1.2433047703044875,-0.008298802814695066
5736,-1.2433165014272685,-0.008298802814695066
5737,-1.243317946718098,-0.008298802814695066
5738,-1.2433234455088555,-0.008298802814695066
5739,-1.243323924203828,-0.008298802814695066
5740,-1.2433275947976905,-0.008298802814695066
5741,-1.2433278026208712,-0.008298802814695066
5742,-1.2434022157328253,-0.008298802814695066
5743,-1.2434651383581254,-0.008298802814695066
5744,-1.2434990690262175,-0.008298802814695066
5745,-1.2435038918432724,-0.008298802814695066
5746,-1.2435807460398463,-0.008298802814695066
5747,-1.2436059932267507,-0.008298802814695066
5748,-1.2436153082270296,-0.008298802814695066
5749,-1.2436911046811492,-0.008298802814695066
5750,-1.243692625228634,-0.008298802814695066
5751,-1.243701211185045,-0.008298802814695066
5752,-1.2437289943261396,-0.008298802814695066
5753,-1.2437742363667983,-0.008298802814695066
5754,-1.2437898170406774,-0.008298802814695066
5755,-1.243837358849653,-0.008298802814695066
5756,-1.243851706695035,-0.008298802814695066
5757,-1.2438961813794474,-0.008298802814695066
5758,-1.2439030883380586,-0.008298802814695066
5759,-1.243919024000485,-0.008298802814695066
5760,-1.2440276642206387,-0.008298802814695066
5761,-1.2440685956239954,-0.008298802814695066
5762,-1.244104731555308,-0.008298802814695066
5763,-1.2441670024881257,-0.008298802814695066
5764,-1.2441707421363533,-0.008298802814695066
5765,-1.2441885154918935,-0.008298802814695066
5766,-1.244194476007754,-0.008298802814695066
5767,-1.2442101804004686,-0.008298802814695066
5768,-1.2442207108810859,-0.008298802814695066
5769,-1.2443445614958433,-0.008298802814695066
5770,-1.2443913488775367,-0.008298802814695066
5771,-1.24442337529622,-0.008298802814695066
5772,-1.2444373808536735,-0.008298802814695066
5773,-1.2444646136787927,-0.008298802814695066
5774,-1.2444914383970702,-0.008298802814695066
5775,-1.244495447471604,-0.008298802814695066
5776,-1.2444987490486934,-0.008298802814695066
5777,-1.2445318963045124,-0.008298802814695066
5778,-1.244555686695645,-0.008298802814695066
5779,-1.2445585456980441,-0.008298802814695066
5780,-1.2445706916029555,-0.008298802814695066
5781,-1.2445800016175648,-0.008298802814695066
5782,-1.2446575817438141,-0.008298802814695066
5783,-1.2446869146335677,-0.008298802814695066
5784,-1.244721084708673,-0.008298802814695066
5785,-1.2447339235560508,-0.008298802814695066
5786,-1.2448065134912187,-0.008298802814695066
5787,-1.2448078067963517,-0.008298802814695066
5788,-1.244823475241447,-0.008298802814695066
5789,-1.2448342584998326,-0.008298802814695066
5790,-1.2448665721325773,-0.008298802814695066
5791,-1.2448715104200716,-0.008298802814695066
5792,-1.244923019416394,-0.008298802814695066
5793,-1.2449246392180375,-0.008298802814695066
5794,-1.2449338856217513,-0.008298802814695066
5795,-1.245040809418678,-0.008298802814695066
5796,-1.245063119798282,-0.008298802814695066
5797,-1.2450685086971727,-0.008298802814695066
5798,-1.2450878133177268,-0.008298802814695066
5799,-1.2451136635767959,-0.008298802814695066
5800,-1.2451364058339145,-0.008298802814695066
5801,-1.2451682456123379,-0.008298802814695066
5802,-1.2452587351339799,-0.008298802814695066
5803,-1.2452622474083301,-0.008298802814695066
5804,-1.2452711872791737,-0.008298802814695066
5805,-1.245295454480435,-0.008298802814695066
5806,-1.2453022221985952,-0.008298802814695066
5807,-1.2453599045874408,-0.008298802814695066
5808,-1.2453635678313604,-0.008298802814695066
5809,-1.2454033097578123,-0.008298802814695066
5810,-1.2454485164618976,-0.008298802814695066
5811,-1.245474433699032,-0.008298802814695066
5812,-1.245475911931722,-0.008298802814695066
5813,-1.2454957289358872,-0.008298802814695066
5814,-1.245517195644946,-0.008298802814695066
5815,-1.2455305476618814,-0.008298802814695066
5816,-1.245532921296718,-0.008298802814695066
5817,-1.2456057005973435,-0.008298802814695066
5818,-1.2456126434957258,-0.008298802814695066
5819,-1.2456214878626155,-0.008298802814695066
5820,-1.245653331705121,-0.008298802814695066
5821,-1.245721853198242,-0.008298802814695066
5822,-1.2457280123005243,-0.008298802814695066
5823,-1.2457569520179868,-0.008298802814695066
5824,-1.2457788845311977,-0.008298802814695066
5825,-1.2458529122781388,-0.008298802814695066
5826,-1.2458581680865297,-0.008298802814695066
5827,-1.2459303651728248,-0.008298802814695066
5828,-1.2459491441266946,-0.008298802814695066
5829,-1.245954710419872,-0.008298802814695066
5830,-1.245980008578941,-0.008298802814695066
5831,-1.2460240852101694,-0.008298802814695066
5832,-1.2460406114529199,-0.008298802814695066
5833,-1.2460971618295624,-0.008298802814695066
5834,-1.246137470010296,-0.008298802814695066
5835,-1.2461378331582278,-0.008298802814695066
5836,-1.2461530684109996,-0.008298802814695066
5837,-1.2461775539388715,-0.008298802814695066
5838,-1.2462023706440468,-0.008298802814695066
5839,-1.24621150752494,-0.008298802814695066
5840,-1.2462557402220953,-0.008298802814695066
5841,-1.2463272968315806,-0.008298802814695066
5842,-1.2464797617457886,-0.008298802814695066
5843,-1.2464850685440658,-0.008298802814695066
5844,-1.2464960710967725,-0.008298802814695066
5845,-1.2465309229472128,-0.008298802814695066
5846,-1.2465380362761707,-0.008298802814695066
5847,-1.2465497632038776,-0.008298802814695066
5848,-1.2465591712012871,-0.008298802814695066
5849,-1.2465653131535512,-0.008298802814695066
5850,-1.2465691663352456,-0.008298802814695066
5851,-1.246602273821007,-0.008298802814695066
5852,-1.2466317984053068,-0.008298802814695066
5853,-1.2466428181008278,-0.008298802814695066
5854,-1.2466571602445746,-0.008298802814695066
5855,-1.2467440525472722,-0.008298802814695066
5856,-1.246880651358327,-0.008298802814695066
5857,-1.2468948000060625,-0.008298802814695066
5858,-1.2469015067952414,-0.008298802814695066
5859,-1.2469085545201681,-0.008298802814695066
5860,-1.2469341097130724,-0.008298802814695066
5861,-1.2469459676824928,-0.008298802814695066
5862,-1.2470028223164644,-0.008298802814695066
5863,-1.2470104498334356,-0.008298802814695066
5864,-1.2470124805051386,-0.008298802814695066
5865,-1.2470702259879276,-0.008298802814695066
5866,-1.2471013983451655,-0.008298802814695066
5867,-1.2471064641222875,-0.008298802814695066
5868,-1.2471204700434337,-0.008298802814695066
5869,-1.2471481627406884,-0.008298802814695066
5870,-1.2471509590804586,-0.008298802814695066
5871,-1.2471784680274207,-0.008298802814695066
5872,-1.2471866624521715,-0.008298802814695066
5873,-1.2471970706190412,-0.008298802814695066
5874,-1.2472991207343873,-0.008298802814695066
5875,-1.2473664879708724,-0.008298802814695066
5876,-1.247388820477142,-0.008298802814695066
5877,-1.2474194016208777,-0.008298802814695066
5878,-1.2474280165736455,-0.008298802814695066
5879,-1.247462195352905,-0.008298802814695066
5880,-1.2475046793612585,-0.008298802814695066
5881,-1.2475473040667024,-0.008298802814695066
5882,-1.247577468672235,-0.008298802814695066
5883,-1.2476387243155254,-0.008298802814695066
5884,-1.2476517651826613,-0.008298802814695066
5885,-1.2476896425495325,-0.008298802814695066
5886,-1.2476922801952697,-0.008298802814695066
5887,-1.2477394782334845,-0.008298802814695066
5888,-1.2478138635963332,-0.008298802814695066
5889,-1.2478211002694324,-0.008298802814695066
5890,-1.2478549304937674,-0.008298802814695066
5891,-1.247856201324292,-0.008298802814695066
5892,-1.2478763356220464,-0.008298802814695066
5893,-1.247903772110487,-0.008298802814695066
5894,-1.2479199155005665,-0.008298802814695066
5895,-1.2479747286128444,-0.008298802814695066
5896,-1.2481216085360562,-0.008298802814695066
5897,-1.2481940728218426,-0.008298802814695066
5898,-1.2482774932571457,-0.008298802814695066
5899,-1.2482963453484013,-0.008298802814695066
5900,-1.2483943678864786,-0.008298802814695066
5901,-1.2484438218982792,-0.008298802814695066
5902,-1.248446299798288,-0.008298802814695066
5903,-1.248463553021069,-0.008298802814695066
5904,-1.2485074304787362,-0.008298802814695066
5905,-1.2485240077077915,-0.008298802814695066
5906,-1.2485339656333694,-0.008298802814695066
5907,-1.2485602913999456,-0.008298802814695066
5908,-1.248561511774179,-0.008298802814695066
5909,-1.248563809351077,-0.008298802814695066
5910,-1.2485814056743902,-0.008298802814695066
5911,-1.2486098808637813,-0.008298802814695066
5912,-1.24872386455171,-0.008298802814695066
5913,-1.2487700350395423,-0.008298802814695066
5914,-1.2487716531079853,-0.008298802814695066
5915,-1.2488145193467166,-0.008298802814695066
5916,-1.2488391095385427,-0.008298802814695066
5917,-1.2488411000593431,-0.008298802814695066
5918,-1.2488483128164851,-0.008298802814695066
5919,-1.2488506421944146,-0.008298802814695066
5920,-1.248930953053654,-0.008298802814695066
5921,-1.2489856742478103,-0.008298802814695066
5922,-1.2489893851621068,-0.008298802814695066
5923,-1.2490754738614795,-0.008298802814695066
5924,-1.2490783035691688,-0.008298802814695066
5925,-1.2490792128247292,-0.008298802814695066
5926,-1.249159602319855,-0.008298802814695066
5927,-1.2492418230692872,-0.008298802814695066
5928,-1.2492662260568703,-0.008298802814695066
5929,-1.2492768183506011,-0.008298802814695066
5930,-1.2492873006370462,-0.008298802814695066
5931,-1.2492887249664701,-0.008298802814695066
5932,-1.2492933874003807,-0.008298802814695066
5933,-1.2492956684386227,-0.008298802814695066
5934,-1.249366321252174,-0.008298802814695066
5935,-1.2493745920251447,-0.008298802814695066
5936,-1.249395144213622,-0.008298802814695066
5937,-1.2493955262791738,-0.008298802814695066
5938,-1.2494073635252627,-0.008298802814695066
5939,-1.2494161174670415,-0.008298802814695066
5940,-1.2494365990640572,-0.008298802814695066
5941,-1.2494827257056116,-0.008298802814695066
5942,-1.2495285941223442,-0.008298802814695066
5943,-1.2495326613590945,-0.008298802814695066
5944,-1.2495349458417624,-0.008298802814695066
5945,-1.2496100354592328,-0.008298802814695066
5946,-1.2496133325996457,-0.008298802814695066
5947,-1.2496154649853177,-0.008298802814695066
5948,-1.249653923288851,-0.008298802814695066
5949,-1.2496789175539187,-0.008298802814695066
5950,-1.2496905117786585,-0.008298802814695066
5951,-1.2497060315113968,-0.008298802814695066
5952,-1.2498175147999202,-0.008298802814695066
5953,-1.2498183753573653,-0.008298802814695066
5954,-1.2498289194397927,-0.008298802814695066
5955,-1.2498303598612779,-0.008298802814695066
5956,-1.249864228461951,-0.008298802814695066
5957,-1.249904536206008,-0.008298802814695066
5958,-1.249925760653834,-0.008298802814695066
5959,-1.2499449725938847,-0.008298802814695066
5960,-1.2500068034376486,-0.008298802814695066
5961,-1.250040247639916,-0.008298802814695066
5962,-1.2500977237793438,-0.008298802814695066
5963,-1.2501115323088812,-0.008298802814695066
5964,-1.2501194077226399,-0.008298802814695066
5965,-1.2501775187844852,-0.008298802814695066
5966,-1.2502237529324969,-0.008298802814695066
5967,-1.2502742282372616,-0.008298802814695066
5968,-1.2502763832217707,-0.008298802814695066
5969,-1.2503013374225707,-0.008298802814695066
5970,-1.2504126863324008,-0.008298802814695066
5971,-1.2504203910962652,-0.008298802814695066
5972,-1.2504486608025527,-0.008298802814695066
5973,-1.250468670424442,-0.008298802814695066
5974,-1.250473432497628,-0.008298802814695066
5975,-1.2504906969689804,-0.008298802814695066
5976,-1.2505239374607795,-0.008298802814695066
5977,-1.2505762540383196,-0.008298802814695066
5978,-1.2506203288654065,-0.008298802814695066
5979,-1.2506273148562663,-0.008298802814695066
5980,-1.2506288201031777,-0.008298802814695066
5981,-1.2506599623744,-0.008298802814695066
5982,-1.2506866188304566,-0.008298802814695066
5983,-1.2508268451069742,-0.008298802814695066
5984,-1.250886629566497,-0.008298802814695066
5985,-1.2509442460382814,-0.008298802814695066
5986,-1.2509487154179584,-0.008298802814695066
5987,-1.2509574439773354,-0.008298802814695066
5988,-1.2509857677731104,-0.008298802814695066
5989,-1.2509974866484785,-0.008298802814695066
5990,-1.2510778527214796,-0.008298802814695066
5991,-1.251084836017185,-0.008298802814695066
5992,-1.251094953690429,-0.008298802814695066
5993,-1.2511017323276539,-0.008298802814695066
5994,-1.251114806871284,-0.008298802814695066
5995,-1.251131761776263,-0.008298802814695066
5996,-1.2511367937142495,-0.008298802814695066
5997,-1.2511615377344725,-0.008298802814695066
5998,-1.2511641452391864,-0.008298802814695066
5999,-1.251166145966265,-0.008298802814695066
6000,-1.2511832498765212,-0.008298802814695066
6001,-1.2512358240327202,-0.008298802814695066
6002,-1.2512902017321426,-0.008298802814695066
6003,-1.2513040259501862,-0.008298802814695066
6004,-1.2513469429886945,-0.008298802814695066
6005,-1.2513640980704601,-0.008298802814695066
6006,-1.2513665670048404,-0.008298802814695066
6007,-1.2513766186103763,-0.008298802814695066
6008,-1.2513946706729957,-0.008298802814695066
6009,-1.2514894690078668,-0.008298802814695066
6010,-1.2515064196010819,-0.008298802814695066
6011,-1.2515550866324077,-0.008298802814695066
6012,-1.251589859624096,-0.008298802814695066
6013,-1.251620549830832,-0.008298802814695066
6014,-1.2516355102291543,-0.008298802814695066
6015,-1.2516976323849296,-0.008298802814695066
6016,-1.2517012275905968,-0.008298802814695066
6017,-1.251737223939882,-0.008298802814695066
6018,-1.251742182413851,-0.008298802814695066
6019,-1.25174855588393,-0.008298802814695066
6020,-1.2517523021345296,-0.008298802814695066
6021,-1.2517911103878743,-0.008298802814695066
6022,-1.2518085276932873,-0.008298802814695066
6023,-1.2518248815461026,-0.008298802814695066
6024,-1.2518265770289023,-0.008298802814695066
6025,-1.2518495190644756,-0.008298802814695066
6026,-1.251855907443919,-0.008298802814695066
6027,-1.2518674289064144,-0.008298802814695066
6028,-1.2518763233669703,-0.008298802814695066
6029,-1.251879332729961,-0.008298802814695066
6030,-1.2519123050001784,-0.008298802814695066
6031,-1.2519594078240825,-0.008298802814695066
6032,-1.2520037864143088,-0.008298802814695066
6033,-1.2520043371358376,-0.008298802814695066
6034,-1.2520073023476186,-0.008298802814695066
6035,-1.2520314619568957,-0.008298802814695066
6036,-1.2520421065138088,-0.008298802814695066
6037,-1.2520937166426331,-0.008298802814695066
6038,-1.2521137938741171,-0.008298802814695066
6039,-1.2521162019054284,-0.008298802814695066
6040,-1.2521609444884287,-0.008298802814695066
6041,-1.2521654390471322,-0.008298802814695066
6042,-1.2521679526352485,-0.008298802814695066
6043,-1.2521761117809538,-0.008298802814695066
6044,-1.2521772964016336,-0.008298802814695066
6045,-1.2521912868111387,-0.008298802814695066
6046,-1.25219249686247,-0.008298802814695066
6047,-1.252215042728776,-0.008298802814695066
6048,-1.252215517200463,-0.008298802814695066
6049,-1.2522329553721687,-0.008298802814695066
6050,-1.2522490203763643,-0.008298802814695066
6051,-1.252285137281067,-0.008298802814695066
6052,-1.2523222172482658,-0.008298802814695066
6053,-1.2523395175610732,-0.008298802814695066
6054,-1.2523525767993107,-0.008298802814695066
6055,-1.2523650154928045,-0.008298802814695066
6056,-1.2523654693739097,-0.008298802814695066
6057,-1.2524045232865266,-0.008298802814695066
6058,-1.2524053418828256,-0.008298802814695066
6059,-1.2524789665653544,-0.008298802814695066
6060,-1.2525067579366558,-0.008298802814695066
6061,-1.2525759443307138,-0.008298802814695066
6062,-1.2525765755178095,-0.008298802814695066
6063,-1.2526575991797264,-0.008298802814695066
6064,-1.2527715275881046,-0.008298802814695066
6065,-1.2527970438822764,-0.008298802814695066
6066,-1.2528090597644863,-0.008298802814695066
6067,-1.2528134375781177,-0.008298802814695066
6068,-1.252825858843913,-0.008298802814695066
6069,-1.2528941504129743,-0.008298802814695066
6070,-1.252897602030464,-0.008298802814695066
6071,-1.2529092307046714,-0.008298802814695066
6072,-1.2529392770386152,-0.008298802814695066
6073,-1.2529662718043801,-0.008298802814695066
6074,-1.2529740002615997,-0.008298802814695066
6075,-1.252999040509628,-0.008298802814695066
6076,-1.2530325158940074,-0.008298802814695066
6077,-1.2530390307316128,-0.008298802814695066
6078,-1.253042079452996,-0.008298802814695066
6079,-1.2530433632186095,-0.008298802814695066
6080,-1.2530547859367416,-0.008298802814695066
6081,-1.253092487905024,-0.008298802814695066
6082,-1.2530937005558835,-0.008298802814695066
6083,-1.253105203602656,-0.008298802814695066
6084,-1.2532315893203352,-0.008298802814695066
6085,-1.2532338929417333,-0.008298802814695066
6086,-1.2532563664704157,-0.008298802814695066
6087,-1.2532703220685057,-0.008298802814695066
6088,-1.253289396619885,-0.008298802814695066
6089,-1.253295248622063,-0.008298802814695066
6090,-1.2533030077936989,-0.008298802814695066
6091,-1.2533042041099223,-0.008298802814695066
6092,-1.2533247405107302,-0.008298802814695066
6093,-1.2533313632991918,-0.008298802814695066
6094,-1.2533395148028603,-0.008298802814695066
6095,-1.25335136464268,-0.008298802814695066
6096,-1.2533652525576424,-0.008298802814695066
6097,-1.2533671094181917,-0.008298802814695066
6098,-1.2533817025666534,-0.008298802814695066
6099,-1.2533870844467774,-0.008298802814695066
6100,-1.253403945271024,-0.008298802814695066
6101,-1.2534724081196162,-0.008298802814695066
6102,-1.2535053162876806,-0.008298802814695066
6103,-1.2535486201428436,-0.008298802814695066
6104,-1.25356106648492,-0.008298802814695066
6105,-1.253600287625715,-0.008298802814695066
6106,-1.2536038420850204,-0.008298802814695066
6107,-1.2536153565604813,-0.008298802814695066
6108,-1.253621037063235,-0.008298802814695066
6109,-1.253647833157815,-0.008298802814695066
6110,-1.2536766100264278,-0.008298802814695066
6111,-1.2537224152542557,-0.008298802814695066
6112,-1.2537386968145183,-0.008298802814695066
6113,-1.2537396341031495,-0.008298802814695066
6114,-1.2537463535940576,-0.008298802814695066
6115,-1.253756411539942,-0.008298802814695066
6116,-1.2537683948928862,-0.008298802814695066
6117,-1.2538212726316584,-0.008298802814695066
6118,-1.253861523431332,-0.008298802814695066
6119,-1.2538877614307191,-0.008298802814695066
6120,-1.2539200524888798,-0.008298802814695066
6121,-1.253956903674876,-0.008298802814695066
6122,-1.2539594716994469,-0.008298802814695066
6123,-1.2539687379388695,-0.008298802814695066
6124,-1.2539693204719837,-0.008298802814695066
6125,-1.2539830526303195,-0.008298802814695066
6126,-1.2539872770472167,-0.008298802814695066
6127,-1.2539894253088206,-0.008298802814695066
6128,-1.2540242081794222,-0.008298802814695066
6129,-1.2540366617965848,-0.008298802814695066
6130,-1.2540398845881113,-0.008298802814695066
6131,-1.2540715572939272,-0.008298802814695066
6132,-1.2540778513798958,-0.008298802814695066
6133,-1.254094673677192,-0.008298802814695066
6134,-1.2541379474729812,-0.008298802814695066
6135,-1.2541550543178392,-0.008298802814695066
6136,-1.2542101648590636,-0.008298802814695066
6137,-1.2542104444102848,-0.008298802814695066
6138,-1.254231838256866,-0.008298802814695066
6139,-1.2543274796235941,-0.008298802814695066
6140,-1.2543612230809518,-0.008298802814695066
6141,-1.2543879022830768,-0.008298802814695066
6142,-1.2544058816561006,-0.008298802814695066
6143,-1.2544073431114569,-0.008298802814695066
6144,-1.254413558030011,-0.008298802814695066
6145,-1.254454611815546,-0.008298802814695066
6146,-1.2544706837678752,-0.008298802814695066
6147,-1.254479286146017,-0.008298802814695066
6148,-1.2544996146780878,-0.008298802814695066
6149,-1.254519719539223,-0.008298802814695066
6150,-1.254522467649041,-0.008298802814695066
6151,-1.2545227727150108,-0.008298802814695066
6152,-1.2545524151271508,-0.008298802814695066
6153,-1.2545593419604664,-0.008298802814695066
6154,-1.2545652652189223,-0.008298802814695066
6155,-1.2545803670866933,-0.008298802814695066
6156,-1.2546088262774342,-0.008298802814695066
6157,-1.2546108662440667,-0.008298802814695066
6158,-1.2546178008899664,-0.008298802814695066
6159,-1.2546241589148959,-0.008298802814695066
6160,-1.2546362403018,-0.008298802814695066
6161,-1.2546489040829643,-0.008298802814695066
6162,-1.2546885258321963,-0.008298802814695066
6163,-1.2547077053266018,-0.008298802814695066
6164,-1.2547368092475562,-0.008298802814695066
6165,-1.2547458193640375,-0.008298802814695066
6166,-1.2547530581143258,-0.008298802814695066
6167,-1.2547653705376547,-0.008298802814695066
6168,-1.254782366477054,-0.008298802814695066
6169,-1.2547898986896988,-0.008298802814695066
6170,-1.2548036968525675,-0.008298802814695066
6171,-1.2548167145411566,-0.008298802814695066
6172,-1.2548315682818036,-0.008298802814695066
6173,-1.2548833870112355,-0.008298802814695066
6174,-1.2549034059172528,-0.008298802814695066
6175,-1.2549069497658087,-0.008298802814695066
6176,-1.2549155380378263,-0.008298802814695066
6177,-1.2549279392286787,-0.008298802814695066
6178,-1.2549423899609744,-0.008298802814695066
6179,-1.2549516577681816,-0.008298802814695066
6180,-1.2549539133159213,-0.008298802814695066
6181,-1.2549811593713411,-0.008298802814695066
6182,-1.2549867256641272,-0.008298802814695066
6183,-1.255001530270036,-0.008298802814695066
6184,-1.2550129192483772,-0.008298802814695066
6185,-1.2550375662350897,-0.008298802814695066
6186,-1.2550593046934209,-0.008298802814695066
6187,-1.2550703653445046,-0.008298802814695066
6188,-1.255079945074021,-0.008298802814695066
6189,-1.2550855604600764,-0.008298802814695066
6190,-1.2550929645708369,-0.008298802814695066
6191,-1.2551246722385279,-0.008298802814695066
6192,-1.255134315081218,-0.008298802814695066
6193,-1.2551673429130965,-0.008298802814695066
6194,-1.2551688461720225,-0.008298802814695066
6195,-1.2551759724813727,-0.008298802814695066
6196,-1.255188873452259,-0.008298802814695066
6197,-1.2552410004166545,-0.008298802814695066
6198,-1.2552499942327002,-0.008298802814695066
6199,-1.2552757236152627,-0.008298802814695066
6200,-1.2552826800841375,-0.008298802814695066
6201,-1.2553126779328139,-0.008298802814695066
6202,-1.2553624568120372,-0.008298802814695066
6203,-1.2553740856729254,-0.008298802814695066
6204,-1.2554010482124174,-0.008298802814695066
6205,-1.2554163940680645,-0.008298802814695066
6206,-1.2554223588414066,-0.008298802814695066
6207,-1.255431259904018,-0.008298802814695066
6208,-1.2554492902817391,-0.008298802814695066
6209,-1.2554603944319538,-0.008298802814695066
6210,-1.2554855011908128,-0.008298802814695066
6211,-1.2555279422571621,-0.008298802814695066
6212,-1.255531776639943,-0.008298802814695066
6213,-1.2555437493157373,-0.008298802814695066
6214,-1.2555459196083913,-0.008298802814695066
6215,-1.2555652748112247,-0.008298802814695066
6216,-1.2555699559555455,-0.008298802814695066
6217,-1.2555799530190215,-0.008298802814695066
6218,-1.255583423155243,-0.008298802814695066
6219,-1.255591493115729,-0.008298802814695066
6220,-1.2555955415120277,-0.008298802814695066
6221,-1.255604579222087,-0.008298802814695066
6222,-1.2556056235023263,-0.008298802814695066
6223,-1.2556115192627706,-0.008298802814695066
6224,-1.2556257577971888,-0.008298802814695066
6225,-1.2556317895694848,-0.008298802814695066
6226,-1.2556945962005506,-0.008298802814695066
6227,-1.2557328305952178,-0.008298802814695066
6228,-1.2557525579537123,-0.008298802814695066
6229,-1.255804219078448,-0.008298802814695066
6230,-1.2558175554507451,-0.008298802814695066
6231,-1.255818643356982,-0.008298802814695066
6232,-1.2558501471080714,-0.008298802814695066
6233,-1.2558806368695747,-0.008298802814695066
6234,-1.2558841624601407,-0.008298802814695066
6235,-1.2559242508191963,-0.008298802814695066
6236,-1.2559295241519337,-0.008298802814695066
6237,-1.2559302295355266,-0.008298802814695066
6238,-1.2559462611846217,-0.008298802814695066
6239,-1.2559481202587286,-0.008298802814695066
6240,-1.2559509019629111,-0.008298802814695066
6241,-1.2559585761562502,-0.008298802814695066
6242,-1.255981421852115,-0.008298802814695066
6243,-1.2560354907467968,-0.008298802814695066
6244,-1.256062304724065,-0.008298802814695066
6245,-1.2560628975034045,-0.008298802814695066
6246,-1.2560760104860131,-0.008298802814695066
6247,-1.2560773865899686,-0.008298802814695066
6248,-1.2560780475172304,-0.008298802814695066
6249,-1.2560825936850577,-0.008298802814695066
6250,-1.256119001187837,-0.008298802814695066
6251,-1.256157242265561,-0.008298802814695066
6252,-1.2561572691911846,-0.008298802814695066
6253,-1.2561711145087422,-0.008298802814695066
6254,-1.2561819962722391,-0.008298802814695066
6255,-1.2562016602199335,-0.008298802814695066
6256,-1.256217149003702,-0.008298802814695066
6257,-1.2562174889566657,-0.008298802814695066
6258,-1.2562352590911063,-0.008298802814695066
6259,-1.2562835560516186,-0.008298802814695066
6260,-1.2562902465927415,-0.008298802814695066
6261,-1.256327340369502,-0.008298802814695066
6262,-1.2563880759375288,-0.008298802814695066
6263,-1.2564279139783225,-0.008298802814695066
6264,-1.2564346728342675,-0.008298802814695066
6265,-1.25644672437498,-0.008298802814695066
6266,-1.2564721159410277,-0.008298802814695066
6267,-1.2564731000971454,-0.008298802814695066
6268,-1.2564758413198274,-0.008298802814695066
6269,-1.256476283844996,-0.008298802814695066
6270,-1.2564853177886932,-0.008298802814695066
6271,-1.2565194612733004,-0.008298802814695066
6272,-1.2565363238118659,-0.008298802814695066
6273,-1.2565439116460344,-0.008298802814695066
6274,-1.2565929377911318,-0.008298802814695066
6275,-1.256619169983716,-0.008298802814695066
6276,-1.2566286328343719,-0.008298802814695066
6277,-1.2566289692875152,-0.008298802814695066
6278,-1.2566436511715147,-0.008298802814695066
6279,-1.2566715534206765,-0.008298802814695066
6280,-1.2566940439481584,-0.008298802814695066
6281,-1.2566941492885555,-0.008298802814695066
6282,-1.2567091253982448,-0.008298802814695066
6283,-1.2567100878433117,-0.008298802814695066
6284,-1.2567115817236938,-0.008298802814695066
6285,-1.2567118330240241,-0.008298802814695066
6286,-1.2567172311814407,-0.008298802814695066
6287,-1.2567577088669626,-0.008298802814695066
6288,-1.2567701286606725,-0.008298802814695066
6289,-1.2567846672977028,-0.008298802814695066
6290,-1.2568130496724101,-0.008298802814695066
6291,-1.2568237338219552,-0.008298802814695066
6292,-1.2568363323169338,-0.008298802814695066
6293,-1.256844229708411,-0.008298802814695066
6294,-1.256850363343867,-0.008298802814695066
6295,-1.2568567367356838,-0.008298802814695066
6296,-1.2568667922196393,-0.008298802814695066
6297,-1.2569048145086792,-0.008298802814695066
6298,-1.256908044074043,-0.008298802814695066
6299,-1.2569522918884424,-0.008298802814695066
6300,-1.2569704477277048,-0.008298802814695066
6301,-1.2569987723168514,-0.008298802814695066
6302,-1.2570067272599745,-0.008298802814695066
6303,-1.2570447099471345,-0.008298802814695066
6304,-1.2570623023485346,-0.008298802814695066
6305,-1.257068844175566,-0.008298802814695066
6306,-1.2570799584375596,-0.008298802814695066
6307,-1.2570894174828764,-0.008298802814695066
6308,-1.25709206342316,-0.008298802814695066
6309,-1.2571169961206135,-0.008298802814695066
6310,-1.257117696570508,-0.008298802814695066
6311,-1.257137745938365,-0.008298802814695066
6312,-1.2571424279540202,-0.008298802814695066
6313,-1.2571529617900388,-0.008298802814695066
6314,-1.2571539954320898,-0.008298802814695066
6315,-1.2571617886856337,-0.008298802814695066
6316,-1.2571977223332618,-0.008298802814695066
6317,-1.2572142565328344,-0.008298802814695066
6318,-1.2572202187970347,-0.008298802814695066
6319,-1.2572234973359826,-0.008298802814695066
6320,-1.2572414092943407,-0.008298802814695066
6321,-1.2572510100571197,-0.008298802814695066
6322,-1.2572544472481724,-0.008298802814695066
6323,-1.2572787036242556,-0.008298802814695066
6324,-1.2572862768896595,-0.008298802814695066
6325,-1.2572960175568588,-0.008298802814695066
6326,-1.2573003956215023,-0.008298802814695066
6327,-1.257311498826521,-0.008298802814695066
6328,-1.2573203102625847,-0.008298802814695066
6329,-1.257341976102202,-0.008298802814695066
6330,-1.2573651363924148,-0.008298802814695066
6331,-1.2573774500896606,-0.008298802814695066
6332,-1.2573810588454108,-0.008298802814695066
6333,-1.2573862765512152,-0.008298802814695066
6334,-1.2573918976801302,-0.008298802814695066
6335,-1.2574011797301754,-0.008298802814695066
6336,-1.2574017044337662,-0.008298802814695066
6337,-1.2574067309111152,-0.008298802814695066
6338,-1.2574108698435293,-0.008298802814695066
6339,-1.2574237495113763,-0.008298802814695066
6340,-1.2574525631256932,-0.008298802814695066
6341,-1.257469678943806,-0.008298802814695066
6342,-1.2574771452618263,-0.008298802814695066
6343,-1.2575013501267553,-0.008298802814695066
6344,-1.2575116598364622,-0.008298802814695066
6345,-1.2575201594559293,-0.008298802814695066
6346,-1.2575249573016083,-0.008298802814695066
6347,-1.2575428351937104,-0.008298802814695066
6348,-1.2575515769866992,-0.008298802814695066
6349,-1.2575602381152189,-0.008298802814695066
6350,-1.2575680343342461,-0.008298802814695066
6351,-1.2575994288347547,-0.008298802814695066
6352,-1.2576035037755278,-0.008298802814695066
6353,-1.2576072849235795,-0.008298802814695066
6354,-1.2576082115611518,-0.008298802814695066
6355,-1.2576099366101343,-0.008298802814695066
6356,-1.2576374078529584,-0.008298802814695066
6357,-1.2576395133552376,-0.008298802814695066
6358,-1.257684651082389,-0.008298802814695066
6359,-1.2576943015608084,-0.008298802814695066
6360,-1.257707681313294,-0.008298802814695066
6361,-1.2577094181278872,-0.008298802814695066
6362,-1.2577309037227242,-0.008298802814695066
6363,-1.2577600600361114,-0.008298802814695066
6364,-1.2577849286146603,-0.008298802814695066
6365,-1.257791944150289,-0.008298802814695066
6366,-1.2578157815075965,-0.008298802814695066
6367,-1.2578489012589018,-0.008298802814695066
6368,-1.257870159990315,-0.008298802814695066
6369,-1.2578757177727107,-0.008298802814695066
6370,-1.2578975386814462,-0.008298802814695066
6371,-1.2579216878078139,-0.008298802814695066
6372,-1.2579326341100192,-0.008298802814695066
6373,-1.2579477481473293,-0.008298802814695066
6374,-1.2579488482665473,-0.008298802814695066
6375,-1.257953383287325,-0.008298802814695066
6376,-1.2579557435020938,-0.008298802814695066
6377,-1.2579585477254132,-0.008298802814695066
6378,-1.2580190195985175,-0.008298802814695066
6379,-1.2580334332800347,-0.008298802814695066
6380,-1.2580488925064137,-0.008298802814695066
6381,-1.2580685900037298,-0.008298802814695066
6382,-1.258076933633863,-0.008298802814695066
6383,-1.258093390964193,-0.008298802814695066
6384,-1.2581342442735985,-0.008298802814695066
6385,-1.258135224485752,-0.008298802814695066
6386,-1.258143158660997,-0.008298802814695066
6387,-1.258143646806863,-0.008298802814695066
6388,-1.2581539003871858,-0.008298802814695066
6389,-1.2581982391510107,-0.008298802814695066
6390,-1.2582207350122567,-0.008298802814695066
6391,-1.2582368131788702,-0.008298802814695066
6392,-1.2582428867055566,-0.008298802814695066
6393,-1.2582580234510072,-0.008298802814695066
6394,-1.258263862718406,-0.008298802814695066
6395,-1.2582796626339638,-0.008298802814695066
6396,-1.2582946764939167,-0.008298802814695066
6397,-1.2582953413411826,-0.008298802814695066
6398,-1.2583042466400547,-0.008298802814695066
6399,-1.2583056154301806,-0.008298802814695066
6400,-1.2583176294089995,-0.008298802814695066
6401,-1.2583283097867006,-0.008298802814695066
6402,-1.2583427512348355,-0.008298802814695066
6403,-1.2583522460290577,-0.008298802814695066
6404,-1.2583730732044032,-0.008298802814695066
6405,-1.2583870034744264,-0.008298802814695066
6406,-1.2584444005333362,-0.008298802814695066
6407,-1.2584682520362478,-0.008298802814695066
6408,-1.2584758631438797,-0.008298802814695066
6409,-1.2584834989765035,-0.008298802814695066
6410,-1.2584905023560244,-0.008298802814695066
6411,-1.2585392309527537,-0.008298802814695066
6412,-1.2585560862822471,-0.008298802814695066
6413,-1.2585805668106622,-0.008298802814695066
6414,-1.2585891480052858,-0.008298802814695066
6415,-1.2585892884701015,-0.008298802814695066
6416,-1.2585897704074378,-0.008298802814695066
6417,-1.2586098742980887,-0.008298802814695066
6418,-1.2586427318611575,-0.008298802814695066
6419,-1.2586608579399883,-0.008298802814695066
6420,-1.2586815679284329,-0.008298802814695066
6421,-1.2587021883949292,-0.008298802814695066
6422,-1.2587106348186425,-0.008298802814695066
6423,-1.2587110005550235,-0.008298802814695066
6424,-1.2587230911180882,-0.008298802814695066
6425,-1.2587415054716535,-0.008298802814695066
6426,-1.2587548659213035,-0.008298802814695066
6427,-1.2587639900586653,-0.008298802814695066
6428,-1.2587651410846996,-0.008298802814695066
6429,-1.2587661186742447,-0.008298802814695066
6430,-1.258767255330313,-0.008298802814695066
6431,-1.2587791114541147,-0.008298802814695066
6432,-1.2587932901893188,-0.008298802814695066
6433,-1.2588000051930621,-0.008298802814695066
6434,-1.2588012265972002,-0.008298802814695066
6435,-1.2588086945528119,-0.008298802814695066
6436,-1.2588491070669254,-0.008298802814695066
6437,-1.2588525691127552,-0.008298802814695066
6438,-1.2588568784136656,-0.008298802814695066
6439,-1.2588903514980214,-0.008298802814695066
6440,-1.258891444468552,-0.008298802814695066
6441,-1.2588974841587723,-0.008298802814695066
6442,-1.2589075355289394,-0.008298802814695066
6443,-1.258954617894026,-0.008298802814695066
6444,-1.2589548073213592,-0.008298802814695066
6445,-1.2589703754974366,-0.008298802814695066
6446,-1.2589771856941985,-0.008298802814695066
6447,-1.258978201860093,-0.008298802814695066
6448,-1.258981192308207,-0.008298802814695066
6449,-1.258985305877057,-0.008298802814695066
6450,-1.2589981157747272,-0.008298802814695066
6451,-1.2590030873056133,-0.008298802814695066
6452,-1.2590343154482655,-0.008298802814695066
6453,-1.2590506120522271,-0.008298802814695066
6454,-1.2590623506091942,-0.008298802814695066
6455,-1.2590783365653913,-0.008298802814695066
6456,-1.2590984662428293,-0.008298802814695066
6457,-1.2591053707215376,-0.008298802814695066
6458,-1.259132851954932,-0.008298802814695066
6459,-1.2591354428024257,-0.008298802814695066
6460,-1.2591380776330623,-0.008298802814695066
6461,-1.2591426912333707,-0.008298802814695066
6462,-1.25917728694821,-0.008298802814695066
6463,-1.2591844393066272,-0.008298802814695066
6464,-1.2591852833121606,-0.008298802814695066
6465,-1.2591914800424633,-0.008298802814695066
6466,-1.2591948101692583,-0.008298802814695066
6467,-1.2592027202449603,-0.008298802814695066
6468,-1.2592060302529113,-0.008298802814695066
6469,-1.2592132541361207,-0.008298802814695066
6470,-1.2592194278763365,-0.008298802814695066
6471,-1.2592262485219234,-0.008298802814695066
6472,-1.259270303674765,-0.008298802814695066
6473,-1.2592879033295072,-0.008298802814695066
6474,-1.2592889014088748,-0.008298802814695066
6475,-1.2593043139672995,-0.008298802814695066
6476,-1.2593055318611115,-0.008298802814695066
6477,-1.2593658786976074,-0.008298802814695066
6478,-1.2593725776364804,-0.008298802814695066
6479,-1.2593828393372077,-0.008298802814695066
6480,-1.2593904598221706,-0.008298802814695066
6481,-1.2593911554719024,-0.008298802814695066
6482,-1.2594120135564584,-0.008298802814695066
6483,-1.259432910051229,-0.008298802814695066
6484,-1.2594835432507032,-0.008298802814695066
6485,-1.2595037449504232,-0.008298802814695066
6486,-1.2595088072034428,-0.008298802814695066
6487,-1.2595115324946726,-0.008298802814695066
6488,-1.2595235889863505,-0.008298802814695066
6489,-1.2595413909294926,-0.008298802814695066
6490,-1.2595530900772671,-0.008298802814695066
6491,-1.259570612496517,-0.008298802814695066
6492,-1.2595802242659406,-0.008298802814695066
6493,-1.2596920865479178,-0.008298802814695066
6494,-1.2596958474022342,-0.008298802814695066
6495,-1.259698809076459,-0.008298802814695066
6496,-1.2597108391577208,-0.008298802814695066
6497,-1.259718229624693,-0.008298802814695066
6498,-1.2597266281126538,-0.008298802814695066
6499,-1.259731089766741,-0.008298802814695066
6500,-1.259747171549176,-0.008298802814695066
6501,-1.2597588465385696,-0.008298802814695066
6502,-1.2597638732272245,-0.008298802814695066
6503,-1.2597776095053417,-0.008298802814695066
6504,-1.259789298786501,-0.008298802814695066
6505,-1.2597984749616171,-0.008298802814695066
6506,-1.2597987390047978,-0.008298802814695066
6507,-1.259812534929909,-0.008298802814695066
6508,-1.2598181869479654,-0.008298802814695066
6509,-1.259820359265251,-0.008298802814695066
6510,-1.2598354520120145,-0.008298802814695066
6511,-1.2598393716749823,-0.008298802814695066
6512,-1.2598401872998344,-0.008298802814695066
6513,-1.259870062212664,-0.008298802814695066
6514,-1.2598764912396097,-0.008298802814695066
6515,-1.2598790852604627,-0.008298802814695066
6516,-1.2598823083710389,-0.008298802814695066
6517,-1.2599122524701147,-0.008298802814695066
6518,-1.2599125791640622,-0.008298802814695066
6519,-1.2599131412400462,-0.008298802814695066
6520,-1.2599138194305062,-0.008298802814695066
6521,-1.2599325208105403,-0.008298802814695066
6522,-1.259932721631315,-0.008298802814695066
6523,-1.2599420401883532,-0.008298802814695066
6524,-1.259957295303304,-0.008298802814695066
6525,-1.2599671696676624,-0.008298802814695066
6526,-1.259972120354981,-0.008298802814695066
6527,-1.2599771644613558,-0.008298802814695066
6528,-1.2599793641185457,-0.008298802814695066
6529,-1.2599943624886505,-0.008298802814695066
6530,-1.260026130041105,-0.008298802814695066
6531,-1.260030393890821,-0.008298802814695066
6532,-1.260033743474198,-0.008298802814695066
6533,-1.260041660392208,-0.008298802814695066
6534,-1.260046720865968,-0.008298802814695066
6535,-1.2600618693881338,-0.008298802814695066
6536,-1.2600699914498086,-0.008298802814695066
6537,-1.2600764530433857,-0.008298802814695066
6538,-1.2600847892554232,-0.008298802814695066
6539,-1.2601217224329744,-0.008298802814695066
6540,-1.260136435481332,-0.008298802814695066
6541,-1.2601530957901987,-0.008298802814695066
6542,-1.2601717966185964,-0.008298802814695066
6543,-1.2601794508525725,-0.008298802814695066
6544,-1.260215369850907,-0.008298802814695066
6545,-1.2602361757740845,-0.008298802814695066
6546,-1.2603094116641902,-0.008298802814695066
6547,-1.2603209865471265,-0.008298802814695066
6548,-1.260336742511844,-0.008298802814695066
6549,-1.2603869996135846,-0.008298802814695066
6550,-1.2603922595317028,-0.008298802814695066
6551,-1.2604517923896748,-0.008298802814695066
6552,-1.260452094544155,-0.008298802814695066
6553,-1.2604791248242257,-0.008298802814695066
6554,-1.2604840549253118,-0.008298802814695066
6555,-1.2605070939053724,-0.008298802814695066
6556,-1.260557950301182,-0.008298802814695066
6557,-1.2605616181422454,-0.008298802814695066
6558,-1.2605963071139143,-0.008298802814695066
6559,-1.2606033351670558,-0.008298802814695066
6560,-1.2606211366115405,-0.008298802814695066
6561,-1.2606382692939064,-0.008298802814695066
6562,-1.2606539217077788,-0.008298802814695066
6563,-1.2606578655131577,-0.008298802814695066
6564,-1.2606715530369108,-0.008298802814695066
6565,-1.2606735322771745,-0.008298802814695066
6566,-1.2606737841949753,-0.008298802814695066
6567,-1.2607121585955552,-0.008298802814695066
6568,-1.260714796587142,-0.008298802814695066
6569,-1.2607167450670724,-0.008298802814695066
6570,-1.2607282981920538,-0.008298802814695066
6571,-1.2607300855593995,-0.008298802814695066
6572,-1.2607379409760615,-0.008298802814695066
6573,-1.2607485379232428,-0.008298802814695066
6574,-1.2607491775546147,-0.008298802814695066
6575,-1.2607540851389722,-0.008298802814695066
6576,-1.2608047719824815,-0.008298802814695066
6577,-1.2608095433059159,-0.008298802814695066
6578,-1.260855589976304,-0.008298802814695066
6579,-1.2608660137647323,-0.008298802814695066
6580,-1.26088358139962,-0.008298802814695066
6581,-1.2609253107310596,-0.008298802814695066
6582,-1.2609265340574907,-0.008298802814695066
6583,-1.2609432557647215,-0.008298802814695066
6584,-1.2609450254451102,-0.008298802814695066
6585,-1.2609586043208814,-0.008298802814695066
6586,-1.2609601301876268,-0.008298802814695066
6587,-1.2609727700647162,-0.008298802814695066
6588,-1.2609910382599536,-0.008298802814695066
6589,-1.2609988082234886,-0.008298802814695066
6590,-1.2610005984691575,-0.008298802814695066
6591,-1.2610193205082465,-0.008298802814695066
6592,-1.2610229893653626,-0.008298802814695066
6593,-1.2610248700991142,-0.008298802814695066
6594,-1.261028888632576,-0.008298802814695066
6595,-1.2610561533064517,-0.008298802814695066
6596,-1.261072811060543,-0.008298802814695066
6597,-1.2610753373737305,-0.008298802814695066
6598,-1.2611179865891413,-0.008298802814695066
6599,-1.261121152116829,-0.008298802814695066
6600,-1.2611628765263552,-0.008298802814695066
6601,-1.261221970372709,-0.008298802814695066
6602,-1.2612506595361501,-0.008298802814695066
6603,-1.2612614923030443,-0.008298802814695066
6604,-1.2612803923058666,-0.008298802814695066
6605,-1.2612952986460808,-0.008298802814695066
6606,-1.2612967592023117,-0.008298802814695066
6607,-1.2613322885975073,-0.008298802814695066
6608,-1.261332852640493,-0.008298802814695066
6609,-1.2613508020833835,-0.008298802814695066
6610,-1.2613551111068562,-0.008298802814695066
6611,-1.2613564122426069,-0.008298802814695066
6612,-1.2613719848402183,-0.008298802814695066
6613,-1.261383849726497,-0.008298802814695066
6614,-1.2613839969343257,-0.008298802814695066
6615,-1.2613885925229769,-0.008298802814695066
6616,-1.261397440120804,-0.008298802814695066
6617,-1.2614018504204214,-0.008298802814695066
6618,-1.2614022861367693,-0.008298802814695066
6619,-1.2614080823692788,-0.008298802814695066
6620,-1.2614102346370248,-0.008298802814695066
6621,-1.2614231419844824,-0.008298802814695066
6622,-1.2614265457375449,-0.008298802814695066
6623,-1.2614371026534328,-0.008298802814695066
6624,-1.2614418762359532,-0.008298802814695066
6625,-1.261445388796869,-0.008298802814695066
6626,-1.2614493341518949,-0.008298802814695066
6627,-1.2614568653532785,-0.008298802814695066
6628,-1.261465666027655,-0.008298802814695066
6629,-1.2614703646179068,-0.008298802814695066
6630,-1.2614759832895435,-0.008298802814695066
6631,-1.2614794687684712,-0.008298802814695066
6632,-1.2614819734150857,-0.008298802814695066
6633,-1.2614919247770737,-0.008298802814695066
6634,-1.2615027627357287,-0.008298802814695066
6635,-1.2615149757438382,-0.008298802814695066
6636,-1.2615178431272913,-0.008298802814695066
6637,-1.2615537797852978,-0.008298802814695066
6638,-1.2615575038920395,-0.008298802814695066
6639,-1.2615754287112717,-0.008298802814695066
6640,-1.2615877844693546,-0.008298802814695066
6641,-1.261598296033358,-0.008298802814695066
6642,-1.2616073627341673,-0.008298802814695066
6643,-1.2616135082284212,-0.008298802814695066
6644,-1.2616142766492684,-0.008298802814695066
6645,-1.261621696654513,-0.008298802814695066
6646,-1.2616304692444025,-0.008298802814695066
6647,-1.261642749483671,-0.008298802814695066
6648,-1.2616480466342215,-0.008298802814695066
6649,-1.2616515424005235,-0.008298802814695066
6650,-1.2616532194845385,-0.008298802814695066
6651,-1.2616558302749281,-0.008298802814695066
6652,-1.261671968459711,-0.008298802814695066
6653,-1.261683345992542,-0.008298802814695066
6654,-1.2617056639410607,-0.008298802814695066
6655,-1.2617199582499232,-0.008298802814695066
6656,-1.2617201511206535,-0.008298802814695066
6657,-1.2617358164638162,-0.008298802814695066
6658,-1.2617374195879218,-0.008298802814695066
6659,-1.2617526927920086,-0.008298802814695066
6660,-1.2617582202669881,-0.008298802814695066
6661,-1.2617748302258012,-0.008298802814695066
6662,-1.2617759744580619,-0.008298802814695066
6663,-1.2617778668328117,-0.008298802814695066
6664,-1.261780266310784,-0.008298802814695066
6665,-1.2617884111256037,-0.008298802814695066
6666,-1.261807768930828,-0.008298802814695066
6667,-1.2618311273167049,-0.008298802814695066
6668,-1.2618365261274886,-0.008298802814695066
6669,-1.2618561837175284,-0.008298802814695066
6670,-1.261857003283573,-0.008298802814695066
6671,-1.2619331846685569,-0.008298802814695066
6672,-1.2619461836980281,-0.008298802814695066
6673,-1.2619541934673966,-0.008298802814695066
6674,-1.2619547058629697,-0.008298802814695066
6675,-1.2619704885423084,-0.008298802814695066
6676,-1.2620443530070147,-0.008298802814695066
6677,-1.2620492398097192,-0.008298802814695066
6678,-1.2620492658292126,-0.008298802814695066
6679,-1.2620589367017443,-0.008298802814695066
6680,-1.2620747083681527,-0.008298802814695066
6681,-1.262088079894342,-0.008298802814695066
6682,-1.2621000333547105,-0.008298802814695066
6683,-1.262108976562774,-0.008298802814695066
6684,-1.2621098745550334,-0.008298802814695066
6685,-1.2621150953280247,-0.008298802814695066
6686,-1.2621603720273282,-0.008298802814695066
6687,-1.26216259818289,-0.008298802814695066
6688,-1.26218089938298,-0.008298802814695066
6689,-1.2621811474707758,-0.008298802814695066
6690,-1.262182695352176,-0.008298802814695066
6691,-1.262200178466105,-0.008298802814695066
6692,-1.2622143426387595,-0.008298802814695066
6693,-1.2622154916615698,-0.008298802814695066
6694,-1.2622182447815766,-0.008298802814695066
6695,-1.2622339708670143,-0.008298802814695066
6696,-1.2622498822746353,-0.008298802814695066
6697,-1.2622520737715173,-0.008298802814695066
6698,-1.2622535300821787,-0.008298802814695066
6699,-1.2622659396619729,-0.008298802814695066
6700,-1.2622670182109732,-0.008298802814695066
6701,-1.262292705416364,-0.008298802814695066
6702,-1.2623160693609001,-0.008298802814695066
6703,-1.262328993733763,-0.008298802814695066
6704,-1.262337380312491,-0.008298802814695066
6705,-1.2623397207968625,-0.008298802814695066
6706,-1.2623780332886825,-0.008298802814695066
6707,-1.2623797679522646,-0.008298802814695066
6708,-1.2623975059116594,-0.008298802814695066
6709,-1.2624137109501015,-0.008298802814695066
6710,-1.262417663729672,-0.008298802814695066
6711,-1.262419950787533,-0.008298802814695066
6712,-1.2624310336850297,-0.008298802814695066
6713,-1.2624311198747407,-0.008298802814695066
6714,-1.262436997795676,-0.008298802814695066
6715,-1.2624509349445863,-0.008298802814695066
6716,-1.2624532718775994,-0.008298802814695066
6717,-1.2624618851506482,-0.008298802814695066
6718,-1.2624663416544895,-0.008298802814695066
6719,-1.2624777330441312,-0.008298802814695066
6720,-1.2624791858892688,-0.008298802814695066
6721,-1.2624830100525344,-0.008298802814695066
6722,-1.2624933489659822,-0.008298802814695066
6723,-1.2624980949874953,-0.008298802814695066
6724,-1.262506953889388,-0.008298802814695066
6725,-1.2625144103210018,-0.008298802814695066
6726,-1.2625361148500769,-0.008298802814695066
6727,-1.262538243804706,-0.008298802814695066
6728,-1.2625389023407858,-0.008298802814695066
6729,-1.2625637702859613,-0.008298802814695066
6730,-1.262569188121812,-0.008298802814695066
6731,-1.2625766495156452,-0.008298802814695066
6732,-1.262578505226441,-0.008298802814695066
6733,-1.262580335162891,-0.008298802814695066
6734,-1.2625871114468485,-0.008298802814695066
6735,-1.2626019122488632,-0.008298802814695066
6736,-1.2626080169932357,-0.008298802814695066
6737,-1.2626197861996584,-0.008298802814695066
6738,-1.2626394280788489,-0.008298802814695066
6739,-1.2626618093633126,-0.008298802814695066
6740,-1.262686300139065,-0.008298802814695066
6741,-1.2627024235251338,-0.008298802814695066
6742,-1.2627133994189368,-0.008298802814695066
6743,-1.2627205341981371,-0.008298802814695066
6744,-1.2627374139237195,-0.008298802814695066
6745,-1.262752576403059,-0.008298802814695066
6746,-1.262753248536124,-0.008298802814695066
6747,-1.2627562791246363,-0.008298802814695066
6748,-1.2627719586707453,-0.008298802814695066
6749,-1.2627849320384326,-0.008298802814695066
6750,-1.2627921182067254,-0.008298802814695066
6751,-1.2628074903924305,-0.008298802814695066
6752,-1.2628133008154365,-0.008298802814695066
6753,-1.2628161151746695,-0.008298802814695066
6754,-1.262827582551889,-0.008298802814695066
6755,-1.2628283642284335,-0.008298802814695066
6756,-1.2628510976832752,-0.008298802814695066
6757,-1.262860849194828,-0.008298802814695066
6758,-1.2628621816199492,-0.008298802814695066
6759,-1.2628628127105324,-0.008298802814695066
6760,-1.2628635980075278,-0.008298802814695066
6761,-1.2628698169366026,-0.008298802814695066
6762,-1.2628718631540783,-0.008298802814695066
6763,-1.2628749533563703,-0.008298802814695066
6764,-1.262881268703831,-0.008298802814695066
6765,-1.2628926894149772,-0.008298802814695066
6766,-1.262894072718453,-0.008298802814695066
6767,-1.262906336968322,-0.008298802814695066
6768,-1.2629331643997572,-0.008298802814695066
6769,-1.2629530008843346,-0.008298802814695066
6770,-1.2629632888032587,-0.008298802814695066
6771,-1.2629663752434497,-0.008298802814695066
6772,-1.2629712122127477,-0.008298802814695066
6773,-1.2629898077846677,-0.008298802814695066
6774,-1.263010630726787,-0.008298802814695066
6775,-1.263018877696807,-0.008298802814695066
6776,-1.2630215490927854,-0.008298802814695066
6777,-1.2630250243241048,-0.008298802814695066
6778,-1.2630265333941688,-0.008298802814695066
6779,-1.2630278763116796,-0.008298802814695066
6780,-1.2630340551491817,-0.008298802814695066
6781,-1.2630395662594986,-0.008298802814695066
6782,-1.2630658318742105,-0.008298802814695066
6783,-1.2630707131321632,-0.008298802814695066
6784,-1.26308644864389,-0.008298802814695066
6785,-1.2631090123031505,-0.008298802814695066
6786,-1.2631110537076178,-0.008298802814695066
6787,-1.2631168065993947,-0.008298802814695066
6788,-1.2631186435881212,-0.008298802814695066
6789,-1.26311972961088,-0.008298802814695066
6790,-1.2631217326737665,-0.008298802814695066
6791,-1.2631230827923106,-0.008298802814695066
6792,-1.2631245181573811,-0.008298802814695066
6793,-1.263127585440684,-0.008298802814695066
6794,-1.2631309021659243,-0.008298802814695066
6795,-1.263138409035125,-0.008298802814695066
6796,-1.2631504348223004,-0.008298802814695066
6797,-1.2631522616926452,-0.008298802814695066
6798,-1.2631626620353253,-0.008298802814695066
6799,-1.2631683308992128,-0.008298802814695066
6800,-1.2631718347804077,-0.008298802814695066
6801,-1.2631832356885215,-0.008298802814695066
6802,-1.2632053667552068,-0.008298802814695066
6803,-1.2632076858095436,-0.008298802814695066
6804,-1.2632167616011338,-0.008298802814695066
6805,-1.2632656940647633,-0.008298802814695066
6806,-1.2632680163739927,-0.008298802814695066
6807,-1.2632719946892321,-0.008298802814695066
6808,-1.2632847606359896,-0.008298802814695066
6809,-1.2632848572236843,-0.008298802814695066
6810,-1.2632934187245337,-0.008298802814695066
6811,-1.2632966363192553,-0.008298802814695066
6812,-1.2633397895204816,-0.008298802814695066
6813,-1.2633639562348997,-0.008298802814695066
6814,-1.2633650727259491,-0.008298802814695066
6815,-1.2633817174670978,-0.008298802814695066
6816,-1.263382440507019,-0.008298802814695066
6817,-1.2633827547070469,-0.008298802814695066
6818,-1.2633878583454154,-0.008298802814695066
6819,-1.2633931614834468,-0.008298802814695066
6820,-1.263395230784627,-0.008298802814695066
6821,-1.263399291610694,-0.008298802814695066
6822,-1.2634122265208654,-0.008298802814695066
6823,-1.2634183719413694,-0.008298802814695066
6824,-1.2634252174669092,-0.008298802814695066
6825,-1.2634375805141067,-0.008298802814695066
6826,-1.2634416682164271,-0.008298802814695066
6827,-1.2634471959762061,-0.008298802814695066
6828,-1.2634827498736307,-0.008298802814695066
6829,-1.2634839696866442,-0.008298802814695066
6830,-1.2634931316954927,-0.008298802814695066
6831,-1.263505680741412,-0.008298802814695066
6832,-1.263510342842366,-0.008298802814695066
6833,-1.2635235461381193,-0.008298802814695066
6834,-1.2635367484562094,-0.008298802814695066
6835,-1.2635775309288133,-0.008298802814695066
6836,-1.263578400054281,-0.008298802814695066
6837,-1.2635959675694548,-0.008298802814695066
6838,-1.263598958874713,-0.008298802814695066
6839,-1.263604884242269,-0.008298802814695066
6840,-1.2636086980249372,-0.008298802814695066
6841,-1.2636201831983604,-0.008298802814695066
6842,-1.2636291997749187,-0.008298802814695066
6843,-1.2636302897655884,-0.008298802814695066
6844,-1.263632093791653,-0.008298802814695066
6845,-1.2636340311271443,-0.008298802814695066
6846,-1.2636390782941647,-0.008298802814695066
6847,-1.263655310731518,-0.008298802814695066
6848,-1.263671470849704,-0.008298802814695066
6849,-1.263675061061942,-0.008298802814695066
6850,-1.2636989717438167,-0.008298802814695066
6851,-1.2637123361026497,-0.008298802814695066
6852,-1.2637128804256923,-0.008298802814695066
6853,-1.263722789793814,-0.008298802814695066
6854,-1.263723419039812,-0.008298802814695066
6855,-1.2637278859531658,-0.008298802814695066
6856,-1.2637283976659535,-0.008298802814695066
6857,-1.2637351294652404,-0.008298802814695066
6858,-1.2637384819546786,-0.008298802814695066
6859,-1.2637458466850284,-0.008298802814695066
6860,-1.263753895788832,-0.008298802814695066
6861,-1.2637792493095144,-0.008298802814695066
6862,-1.2637879137632446,-0.008298802814695066
6863,-1.2638016956422733,-0.008298802814695066
6864,-1.2638193535243132,-0.008298802814695066
6865,-1.2638327140750993,-0.008298802814695066
6866,-1.263835727772101,-0.008298802814695066
6867,-1.2638418429092124,-0.008298802814695066
6868,-1.2638542228958038,-0.008298802814695066
6869,-1.2638684066498347,-0.008298802814695066
6870,-1.263881119187167,-0.008298802814695066
6871,-1.2638923337259937,-0.008298802814695066
6872,-1.2638979426476955,-0.008298802814695066
6873,-1.2639002009831035,-0.008298802814695066
6874,-1.2639391015012076,-0.008298802814695066
6875,-1.2639442991012837,-0.008298802814695066
6876,-1.2639605734906558,-0.008298802814695066
6877,-1.2639646938310756,-0.008298802814695066
6878,-1.2639688531306335,-0.008298802814695066
6879,-1.263969366183146,-0.008298802814695066
6880,-1.26397667701697,-0.008298802814695066
6881,-1.26399795999218,-0.008298802814695066
6882,-1.2640025354654774,-0.008298802814695066
6883,-1.2640119348229097,-0.008298802814695066
6884,-1.2640165421949914,-0.008298802814695066
6885,-1.264037858362407,-0.008298802814695066
6886,-1.264039551746055,-0.008298802814695066
6887,-1.2640404406623493,-0.008298802814695066
6888,-1.264041952347579,-0.008298802814695066
6889,-1.2640460174109935,-0.008298802814695066
6890,-1.264046424230894,-0.008298802814695066
6891,-1.2640468537398075,-0.008298802814695066
6892,-1.2640558357159386,-0.008298802814695066
6893,-1.2640653221580667,-0.008298802814695066
6894,-1.2640716483159589,-0.008298802814695066
6895,-1.2640898155350595,-0.008298802814695066
6896,-1.264114682808172,-0.008298802814695066
6897,-1.264121966105069,-0.008298802814695066
6898,-1.2641514253308634,-0.008298802814695066
6899,-1.264154981809726,-0.008298802814695066
6900,-1.264165073048388,-0.008298802814695066
6901,-1.2641682436641881,-0.008298802814695066
6902,-1.2641733709129779,-0.008298802814695066
6903,-1.2641823421153173,-0.008298802814695066
6904,-1.2641853129452538,-0.008298802814695066
6905,-1.2641913265233746,-0.008298802814695066
6906,-1.2641957977075973,-0.008298802814695066
6907,-1.2642130503495734,-0.008298802814695066
6908,-1.264216913354928,-0.008298802814695066
6909,-1.2642250268538877,-0.008298802814695066
6910,-1.2642348577077893,-0.008298802814695066
6911,-1.2642361310102932,-0.008298802814695066
6912,-1.2642570381897456,-0.008298802814695066
6913,-1.2642594859261567,-0.008298802814695066
6914,-1.26426626473032,-0.008298802814695066
6915,-1.2642775598944176,-0.008298802814695066
6916,-1.2642853244364514,-0.008298802814695066
6917,-1.264287750752457,-0.008298802814695066
6918,-1.2642898608646185,-0.008298802814695066
6919,-1.2642909422737076,-0.008298802814695066
6920,-1.2642912153725496,-0.008298802814695066
6921,-1.2642928786502527,-0.008298802814695066
6922,-1.2642963305643167,-0.008298802814695066
6923,-1.2643057298500193,-0.008298802814695066
6924,-1.26431505919638,-0.008298802814695066
6925,-1.26433164410627,-0.008298802814695066
6926,-1.2643510469289336,-0.008298802814695066
6927,-1.2643550313442409,-0.008298802814695066
6928,-1.2643603994365025,-0.008298802814695066
6929,-1.264380691820181,-0.008298802814695066
6930,-1.2643928670201476,-0.008298802814695066
6931,-1.264393049562801,-0.008298802814695066
6932,-1.2643954429805087,-0.008298802814695066
6933,-1.2643986209431897,-0.008298802814695066
6934,-1.264400966098281,-0.008298802814695066
6935,-1.264402919729884,-0.008298802814695066
6936,-1.2644053675543439,-0.008298802814695066
6937,-1.2644071617260788,-0.008298802814695066
6938,-1.264416806684733,-0.008298802814695066
6939,-1.2644172318541425,-0.008298802814695066
6940,-1.2644344082922185,-0.008298802814695066
6941,-1.2644355927631483,-0.008298802814695066
6942,-1.2644480366569395,-0.008298802814695066
6943,-1.264449298763241,-0.008298802814695066
6944,-1.2644801254481073,-0.008298802814695066
6945,-1.2644877111298334,-0.008298802814695066
6946,-1.2644933942987606,-0.008298802814695066
6947,-1.2645192086184078,-0.008298802814695066
6948,-1.2645198689874366,-0.008298802814695066
6949,-1.2645282418140715,-0.008298802814695066
6950,-1.2645392918525125,-0.008298802814695066
6951,-1.2645439080713692,-0.008298802814695066
6952,-1.264549882727317,-0.008298802814695066
6953,-1.264558671829985,-0.008298802814695066
6954,-1.2645609199444812,-0.008298802814695066
6955,-1.2645720874008892,-0.008298802814695066
6956,-1.2645783652005271,-0.008298802814695066
6957,-1.2645804331729598,-0.008298802814695066
6958,-1.264590826020874,-0.008298802814695066
6959,-1.2646073225372225,-0.008298802814695066
6960,-1.2646265415629525,-0.008298802814695066
6961,-1.264636922168611,-0.008298802814695066
6962,-1.2646446667343794,-0.008298802814695066
6963,-1.264645578278476,-0.008298802814695066
6964,-1.2646490433089785,-0.008298802814695066
6965,-1.2646519583811517,-0.008298802814695066
6966,-1.2646524531770957,-0.008298802814695066
6967,-1.2646538288556652,-0.008298802814695066
6968,-1.2646577260306402,-0.008298802814695066
6969,-1.264667391732242,-0.008298802814695066
6970,-1.2646690895875943,-0.008298802814695066
6971,-1.264670861557536,-0.008298802814695066
6972,-1.2646974584486665,-0.008298802814695066
6973,-1.264709696042674,-0.008298802814695066
6974,-1.2647339560267343,-0.008298802814695066
6975,-1.2647422603005647,-0.008298802814695066
6976,-1.2647438382453298,-0.008298802814695066
6977,-1.2647456846347402,-0.008298802814695066
6978,-1.2647495370385164,-0.008298802814695066
6979,-1.264756391846349,-0.008298802814695066
6980,-1.2647668907319878,-0.008298802814695066
6981,-1.2647695156507681,-0.008298802814695066
6982,-1.2647701944348715,-0.008298802814695066
6983,-1.2647787803820698,-0.008298802814695066
6984,-1.264781853472589,-0.008298802814695066
6985,-1.2647818554232155,-0.008298802814695066
6986,-1.2647961219480384,-0.008298802814695066
6987,-1.2648001025607083,-0.008298802814695066
6988,-1.264810286287166,-0.008298802814695066
6989,-1.2648114097898144,-0.008298802814695066
6990,-1.2648139389256357,-0.008298802814695066
6991,-1.2648154234342883,-0.008298802814695066
6992,-1.2648263387350795,-0.008298802814695066
6993,-1.2648370657787162,-0.008298802814695066
6994,-1.2648473097773438,-0.008298802814695066
6995,-1.2648491082431388,-0.008298802814695066
6996,-1.2648547402310704,-0.008298802814695066
6997,-1.2648568005733274,-0.008298802814695066
6998,-1.2648607194894306,-0.008298802814695066
6999,-1.2648624970808637,-0.008298802814695066
7000,-1.2648691289646834,-0.008298802814695066
7001,-1.2648697874201515,-0.008298802814695066
7002,-1.2648745257165275,-0.008298802814695066
7003,-1.2648799534517265,-0.008298802814695066
7004,-1.2648917292456214,-0.008298802814695066
7005,-1.2648936100786463,-0.008298802814695066
7006,-1.2648942236455105,-0.008298802814695066
7007,-1.2649120904569644,-0.008298802814695066
7008,-1.2649345743318658,-0.008298802814695066
7009,-1.2649401488738203,-0.008298802814695066
7010,-1.264940859484219,-0.008298802814695066
7011,-1.2649480797643158,-0.008298802814695066
7012,-1.2649491665221633,-0.008298802814695066
7013,-1.2649568570217746,-0.008298802814695066
7014,-1.2649689645088653,-0.008298802814695066
7015,-1.264970588550981,-0.008298802814695066
7016,-1.264971236075388,-0.008298802814695066
7017,-1.2649741203809564,-0.008298802814695066
7018,-1.2649824970450798,-0.008298802814695066
7019,-1.2649828780955983,-0.008298802814695066
7020,-1.2649910864563947,-0.008298802814695066
7021,-1.264997939500243,-0.008298802814695066
7022,-1.264998551458577,-0.008298802814695066
7023,-1.2650056199341355,-0.008298802814695066
7024,-1.2650117605463802,-0.008298802814695066
7025,-1.265011999027409,-0.008298802814695066
7026,-1.2650224925261084,-0.008298802814695066
7027,-1.2650261130849356,-0.008298802814695066
7028,-1.2650358088586438,-0.008298802814695066
7029,-1.2650413415008437,-0.008298802814695066
7030,-1.2650532799828538,-0.008298802814695066
7031,-1.2650539941444827,-0.008298802814695066
7032,-1.2650629093368546,-0.008298802814695066
7033,-1.2650669202265474,-0.008298802814695066
7034,-1.2650693626326521,-0.008298802814695066
7035,-1.2650709436330283,-0.008298802814695066
7036,-1.2650727313643606,-0.008298802814695066
7037,-1.265075555291745,-0.008298802814695066
7038,-1.2650808501410018,-0.008298802814695066
7039,-1.2650820455553,-0.008298802814695066
7040,-1.2650841801153057,-0.008298802814695066
7041,-1.265108526180496,-0.008298802814695066
7042,-1.265117154856625,-0.008298802814695066
7043,-1.2651243195829849,-0.008298802814695066
7044,-1.2651243263111513,-0.008298802814695066
7045,-1.2651542052084706,-0.008298802814695066
7046,-1.2651598169309275,-0.008298802814695066
7047,-1.2651629839549396,-0.008298802814695066
7048,-1.2651635495280809,-0.008298802814695066
7049,-1.265174078561294,-0.008298802814695066
7050,-1.2651773792303593,-0.008298802814695066
7051,-1.2651777134430784,-0.008298802814695066
7052,-1.2652080650391901,-0.008298802814695066
7053,-1.2652096023567871,-0.008298802814695066
7054,-1.2652104907836457,-0.008298802814695066
7055,-1.2652165416182042,-0.008298802814695066
7056,-1.265217544939497,-0.008298802814695066
7057,-1.265221678751796,-0.008298802814695066
7058,-1.2652325208879616,-0.008298802814695066
7059,-1.2652342996604709,-0.008298802814695066
7060,-1.2652356831184353,-0.008298802814695066
7061,-1.265243651176804,-0.008298802814695066
7062,-1.2652503182873427,-0.008298802814695066
7063,-1.265258228814598,-0.008298802814695066
7064,-1.2652627913636474,-0.008298802814695066
7065,-1.2652634511393412,-0.008298802814695066
7066,-1.2652789341093784,-0.008298802814695066
7067,-1.2652861705598584,-0.008298802814695066
7068,-1.2652882366967024,-0.008298802814695066
7069,-1.2652894159927328,-0.008298802814695066
7070,-1.2652913379160717,-0.008298802814695066
7071,-1.2652931584838476,-0.008298802814695066
7072,-1.2652957337194783,-0.008298802814695066
7073,-1.265302743688137,-0.008298802814695066
7074,-1.2653121028904994,-0.008298802814695066
7075,-1.2653142647830369,-0.008298802814695066
7076,-1.2653276322122589,-0.008298802814695066
7077,-1.2653317243048021,-0.008298802814695066
7078,-1.2653336270900282,-0.008298802814695066
7079,-1.2653340597213085,-0.008298802814695066
7080,-1.2653347179288388,-0.008298802814695066
7081,-1.2653422902441402,-0.008298802814695066
7082,-1.2653435961783877,-0.008298802814695066
7083,-1.2653482302265293,-0.008298802814695066
7084,-1.2653505681645176,-0.008298802814695066
7085,-1.2653556635837429,-0.008298802814695066
7086,-1.2653649266205025,-0.008298802814695066
7087,-1.2653688937694925,-0.008298802814695066
7088,-1.265387131471652,-0.008298802814695066
7089,-1.2653888384975964,-0.008298802814695066
7090,-1.2653905249406265,-0.008298802814695066
7091,-1.26539346701921,-0.008298802814695066
7092,-1.2653944555631307,-0.008298802814695066
7093,-1.2654077911879202,-0.008298802814695066
7094,-1.2654199673547233,-0.008298802814695066
7095,-1.2654220982955318,-0.008298802814695066
7096,-1.265427146236423,-0.008298802814695066
7097,-1.2654338350055012,-0.008298802814695066
7098,-1.2654383195617283,-0.008298802814695066
7099,-1.2654545263259698,-0.008298802814695066
7100,-1.265476792332353,-0.008298802814695066
7101,-1.265487850457536,-0.008298802814695066
7102,-1.2654957429207285,-0.008298802814695066
7103,-1.2655048370015938,-0.008298802814695066
7104,-1.2655141682690438,-0.008298802814695066
7105,-1.2655181165768679,-0.008298802814695066
7106,-1.2655351639908754,-0.008298802814695066
7107,-1.2655390452174715,-0.008298802814695066
7108,-1.2655500702738365,-0.008298802814695066
7109,-1.2655562417387687,-0.008298802814695066
7110,-1.2655571758914883,-0.008298802814695066
7111,-1.26555869186942,-0.008298802814695066
7112,-1.2655676006780672,-0.008298802814695066
7113,-1.265574429450914,-0.008298802814695066
7114,-1.2655779632006199,-0.008298802814695066
7115,-1.2655853209779533,-0.008298802814695066
7116,-1.2655894583320455,-0.008298802814695066
7117,-1.2655908525136947,-0.008298802814695066
7118,-1.265591958665483,-0.008298802814695066
7119,-1.2656021224172151,-0.008298802814695066
7120,-1.2656185745171482,-0.008298802814695066
7121,-1.2656227664015607,-0.008298802814695066
7122,-1.2656286225755717,-0.008298802814695066
7123,-1.2656287701710272,-0.008298802814695066
7124,-1.2656447466795526,-0.008298802814695066
7125,-1.265654339397198,-0.008298802814695066
7126,-1.2656565160380597,-0.008298802814695066
7127,-1.2656612236499365,-0.008298802814695066
7128,-1.2656669557250262,-0.008298802814695066
7129,-1.2656729176137702,-0.008298802814695066
7130,-1.265679731839786,-0.008298802814695066
7131,-1.2656813095489214,-0.008298802814695066
7132,-1.26568296916469,-0.008298802814695066
7133,-1.2656855309311459,-0.008298802814695066
7134,-1.2656905342062097,-0.008298802814695066
7135,-1.2656946124355994,-0.008298802814695066
7136,-1.2657007336422454,-0.008298802814695066
7137,-1.2657238848797654,-0.008298802814695066
7138,-1.2657322907251831,-0.008298802814695066
7139,-1.2657399809177663,-0.008298802814695066
7140,-1.2657414190005367,-0.008298802814695066
7141,-1.2657464859513443,-0.008298802814695066
7142,-1.2657557215513193,-0.008298802814695066
7143,-1.2657674462352992,-0.008298802814695066
7144,-1.2657693767450158,-0.008298802814695066
7145,-1.2657709723442432,-0.008298802814695066
7146,-1.2657720006414204,-0.008298802814695066
7147,-1.2657757165527295,-0.008298802814695066
7148,-1.2657773916430917,-0.008298802814695066
7149,-1.2657849559089955,-0.008298802814695066
7150,-1.2657877345526967,-0.008298802814695066
7151,-1.2657913027517502,-0.008298802814695066
7152,-1.2658028038015048,-0.008298802814695066
7153,-1.2658148420670081,-0.008298802814695066
7154,-1.265816019703045,-0.008298802814695066
7155,-1.2658192881483532,-0.008298802814695066
7156,-1.265819627784518,-0.008298802814695066
7157,-1.2658253349421371,-0.008298802814695066
7158,-1.2658513464927095,-0.008298802814695066
7159,-1.2658530625764597,-0.008298802814695066
7160,-1.2658598296084342,-0.008298802814695066
7161,-1.2658722531384725,-0.008298802814695066
7162,-1.265885921253703,-0.008298802814695066
7163,-1.2658860236418472,-0.008298802814695066
7164,-1.2658931335187726,-0.008298802814695066
7165,-1.2658972683082481,-0.008298802814695066
7166,-1.265908272648071,-0.008298802814695066
7167,-1.2659148196944947,-0.008298802814695066
7168,-1.2659197635637702,-0.008298802814695066
7169,-1.2659243872419368,-0.008298802814695066
7170,-1.2659244326506613,-0.008298802814695066
7171,-1.2659275174008022,-0.008298802814695066
7172,-1.2659279597230897,-0.008298802814695066
7173,-1.2659344008016498,-0.008298802814695066
7174,-1.2659384745827031,-0.008298802814695066
7175,-1.2659450817096334,-0.008298802814695066
7176,-1.265948776027598,-0.008298802814695066
7177,-1.2659520248928915,-0.008298802814695066
7178,-1.2659535243387536,-0.008298802814695066
7179,-1.265960014584187,-0.008298802814695066
7180,-1.2659605727257195,-0.008298802814695066
7181,-1.265966215938089,-0.008298802814695066
7182,-1.2659702402131279,-0.008298802814695066
7183,-1.265973938178353,-0.008298802814695066
7184,-1.2659827193740683,-0.008298802814695066
7185,-1.265999506529321,-0.008298802814695066
7186,-1.2659995670630335,-0.008298802814695066
7187,-1.2660088837907093,-0.008298802814695066
7188,-1.266016069075676,-0.008298802814695066
7189,-1.2660216618634588,-0.008298802814695066
7190,-1.2660243609151864,-0.008298802814695066
7191,-1.2660311220334344,-0.008298802814695066
7192,-1.2660405600011757,-0.008298802814695066
7193,-1.2660441614407125,-0.008298802814695066
7194,-1.2660449043389366,-0.008298802814695066
7195,-1.2660450168176478,-0.008298802814695066
7196,-1.2660505746394524,-0.008298802814695066
7197,-1.266052488589815,-0.008298802814695066
7198,-1.2660553519666606,-0.008298802814695066
7199,-1.2660591296226622,-0.008298802814695066
7200,-1.2660601527121733,-0.008298802814695066
7201,-1.2660627107472158,-0.008298802814695066
7202,-1.266078594752408,-0.008298802814695066
7203,-1.2660803655790174,-0.008298802814695066
7204,-1.2660845257905569,-0.008298802814695066
7205,-1.266086835667393,-0.008298802814695066
7206,-1.2660903197027924,-0.008298802814695066
7207,-1.2660999629467111,-0.008298802814695066
7208,-1.2661068747626951,-0.008298802814695066
7209,-1.2661154344950845,-0.008298802814695066
7210,-1.2661158114451974,-0.008298802814695066
7211,-1.2661222706881787,-0.008298802814695066
7212,-1.2661235605047234,-0.008298802814695066
7213,-1.2661311609446944,-0.008298802814695066
7214,-1.2661467115922342,-0.008298802814695066
7215,-1.2661471439154162,-0.008298802814695066
7216,-1.266147658005685,-0.008298802814695066
7217,-1.2661482988011077,-0.008298802814695066
7218,-1.266151035394644,-0.008298802814695066
7219,-1.266155456087864,-0.008298802814695066
7220,-1.266161936045234,-0.008298802814695066
7221,-1.2661679084586448,-0.008298802814695066
7222,-1.2661698429757904,-0.008298802814695066
7223,-1.2661718755917006,-0.008298802814695066
7224,-1.2661866389042773,-0.008298802814695066
7225,-1.2661988601995837,-0.008298802814695066
7226,-1.2662064232137327,-0.008298802814695066
7227,-1.2662254507689268,-0.008298802814695066
7228,-1.2662304394602886,-0.008298802814695066
7229,-1.266234664120272,-0.008298802814695066
7230,-1.2662391080091528,-0.008298802814695066
7231,-1.2662428771632595,-0.008298802814695066
7232,-1.2662443280284847,-0.008298802814695066
7233,-1.2662505855924129,-0.008298802814695066
7234,-1.2662546588725296,-0.008298802814695066
7235,-1.2662617293384772,-0.008298802814695066
7236,-1.2662650768891668,-0.008298802814695066
7237,-1.266266738825704,-0.008298802814695066
7238,-1.26626999653263,-0.008298802814695066
7239,-1.2662808577367208,-0.008298802814695066
7240,-1.2662860560339857,-0.008298802814695066
7241,-1.266294451734521,-0.008298802814695066
7242,-1.26630180346935,-0.008298802814695066
7243,-1.266304956856536,-0.008298802814695066
7244,-1.266307745809854,-0.008298802814695066
7245,-1.266308189443832,-0.008298802814695066
7246,-1.266313563533654,-0.008298802814695066
7247,-1.2663242907497696,-0.008298802814695066
7248,-1.2663253490797337,-0.008298802814695066
7249,-1.2663257545606899,-0.008298802814695066
7250,-1.2663349354609383,-0.008298802814695066
7251,-1.2663396406898906,-0.008298802814695066
7252,-1.2663533357857373,-0.008298802814695066
7253,-1.2663577001245307,-0.008298802814695066
7254,-1.2663582466206025,-0.008298802814695066
7255,-1.2663645902131804,-0.008298802814695066
7256,-1.2663675202266118,-0.008298802814695066
7257,-1.266371730677118,-0.008298802814695066
7258,-1.2663752739275735,-0.008298802814695066
7259,-1.2663806269328512,-0.008298802814695066
7260,-1.2663807386547132,-0.008298802814695066
7261,-1.2663816360977744,-0.008298802814695066
7262,-1.2663837478846873,-0.008298802814695066
7263,-1.266386448342582,-0.008298802814695066
7264,-1.2663872026876746,-0.008298802814695066
7265,-1.2663874677826552,-0.008298802814695066
7266,-1.26639394486253,-0.008298802814695066
7267,-1.2664069188220943,-0.008298802814695066
7268,-1.266417959506508,-0.008298802814695066
7269,-1.266422734303747,-0.008298802814695066
7270,-1.2664250193446418,-0.008298802814695066
7271,-1.2664264083770296,-0.008298802814695066
7272,-1.2664296265261852,-0.008298802814695066
7273,-1.2664305087937828,-0.008298802814695066
7274,-1.266446742363446,-0.008298802814695066
7275,-1.2664474112471438,-0.008298802814695066
7276,-1.2664475347298185,-0.008298802814695066
7277,-1.2664486089363107,-0.008298802814695066
7278,-1.2664495712022559,-0.008298802814695066
7279,-1.266456279446055,-0.008298802814695066
7280,-1.2664588704122655,-0.008298802814695066
7281,-1.2664637910390346,-0.008298802814695066
7282,-1.2664675847610296,-0.008298802814695066
7283,-1.2664699617709072,-0.008298802814695066
7284,-1.2664717396528726,-0.008298802814695066
7285,-1.266485673995533,-0.008298802814695066
7286,-1.266485791222592,-0.008298802814695066
7287,-1.266497707438988,-0.008298802814695066
7288,-1.2665026633774017,-0.008298802814695066
7289,-1.266502803812211,-0.008298802814695066
7290,-1.2665075194045763,-0.008298802814695066
7291,-1.2665198792696706,-0.008298802814695066
7292,-1.2665237234357392,-0.008298802814695066
7293,-1.266528189070387,-0.008298802814695066
7294,-1.2665411376238669,-0.008298802814695066
7295,-1.266548003007623,-0.008298802814695066
7296,-1.2665492611947964,-0.008298802814695066
7297,-1.266549676446912,-0.008298802814695066
7298,-1.266551386244004,-0.008298802814695066
7299,-1.2665573301367523,-0.008298802814695066
7300,-1.266560382712259,-0.008298802814695066
7301,-1.2665609699250115,-0.008298802814695066
7302,-1.2665702167381354,-0.008298802814695066
7303,-1.2665752918187476,-0.008298802814695066
7304,-1.2665757382631257,-0.008298802814695066
7305,-1.266577184183177,-0.008298802814695066
7306,-1.2665881476814513,-0.008298802814695066
7307,-1.266590753835067,-0.008298802814695066
7308,-1.266598769217641,-0.008298802814695066
7309,-1.266603134386928,-0.008298802814695066
7310,-1.2666040488295531,-0.008298802814695066
7311,-1.2666050986466408,-0.008298802814695066
7312,-1.2666098235838539,-0.008298802814695066
7313,-1.266610440644592,-0.008298802814695066
7314,-1.266613103622661,-0.008298802814695066
7315,-1.266616499427273,-0.008298802814695066
7316,-1.2666177020594334,-0.008298802814695066
7317,-1.2666244651105774,-0.008298802814695066
7318,-1.2666346452583022,-0.008298802814695066
7319,-1.2666369488158715,-0.008298802814695066
7320,-1.2666410819906555,-0.008298802814695066
7321,-1.2666530391641218,-0.008298802814695066
7322,-1.2666539115982316,-0.008298802814695066
7323,-1.2666562035676736,-0.008298802814695066
7324,-1.2666723886630606,-0.008298802814695066
7325,-1.2666740467081823,-0.008298802814695066
7326,-1.266674873767927,-0.008298802814695066
7327,-1.2666825942672852,-0.008298802814695066
7328,-1.2666860503133828,-0.008298802814695066
7329,-1.2666874896766445,-0.008298802814695066
7330,-1.2666896343814928,-0.008298802814695066
7331,-1.26669094000416,-0.008298802814695066
7332,-1.2666948524127035,-0.008298802814695066
7333,-1.266695586510588,-0.008298802814695066
7334,-1.2666962999218692,-0.008298802814695066
7335,-1.2666965202242382,-0.008298802814695066
7336,-1.2667042017951335,-0.008298802814695066
7337,-1.2667081275277607,-0.008298802814695066
7338,-1.2667089559227576,-0.008298802814695066
7339,-1.2667097536279504,-0.008298802814695066
7340,-1.2667114207143644,-0.008298802814695066
7341,-1.266723565648165,-0.008298802814695066
7342,-1.2667302383096544,-0.008298802814695066
7343,-1.266731843340108,-0.008298802814695066
7344,-1.2667344797757658,-0.008298802814695066
7345,-1.266743102059434,-0.008298802814695066
7346,-1.2667527468484652,-0.008298802814695066
7347,-1.2667632077164703,-0.008298802814695066
7348,-1.2667716755343215,-0.008298802814695066
7349,-1.2667778561038001,-0.008298802814695066
7350,-1.2667820396846683,-0.008298802814695066
7351,-1.2667963952082661,-0.008298802814695066
7352,-1.2668038323052282,-0.008298802814695066
7353,-1.2668043900918549,-0.008298802814695066
7354,-1.2668167648449875,-0.008298802814695066
7355,-1.2668234109645973,-0.008298802814695066
7356,-1.2668276998646102,-0.008298802814695066
7357,-1.2668306772122566,-0.008298802814695066
7358,-1.2668311112046893,-0.008298802814695066
7359,-1.2668382656564252,-0.008298802814695066
7360,-1.2668408805737847,-0.008298802814695066
7361,-1.2668442604506607,-0.008298802814695066
7362,-1.2668502388958802,-0.008298802814695066
7363,-1.2668558168459236,-0.008298802814695066
7364,-1.2668606384032954,-0.008298802814695066
7365,-1.2668654563742119,-0.008298802814695066
7366,-1.2668753072207688,-0.008298802814695066
7367,-1.2668826983114094,-0.008298802814695066
7368,-1.2668865408969585,-0.008298802814695066
7369,-1.2668919670998993,-0.008298802814695066
7370,-1.2668993311801455,-0.008298802814695066
7371,-1.26689965073879,-0.008298802814695066
7372,-1.2669002891846957,-0.008298802814695066
7373,-1.266900822213968,-0.008298802814695066
7374,-1.2669129792094456,-0.008298802814695066
7375,-1.2669177984030506,-0.008298802814695066
7376,-1.2669205331462927,-0.008298802814695066
7377,-1.2669224204520895,-0.008298802814695066
7378,-1.266923946405352,-0.008298802814695066
7379,-1.266925817064927,-0.008298802814695066
7380,-1.266931005522369,-0.008298802814695066
7381,-1.2669336603598342,-0.008298802814695066
7382,-1.266935344838088,-0.008298802814695066
7383,-1.2669380514906108,-0.008298802814695066
7384,-1.266941581754942,-0.008298802814695066
7385,-1.2669423506035766,-0.008298802814695066
7386,-1.2669426444421754,-0.008298802814695066
7387,-1.2669448559106018,-0.008298802814695066
7388,-1.2669492516133443,-0.008298802814695066
7389,-1.2669613252539882,-0.008298802814695066
7390,-1.2669641939332326,-0.008298802814695066
7391,-1.266968826064369,-0.008298802814695066
7392,-1.266972769317803,-0.008298802814695066
7393,-1.2669775382890869,-0.008298802814695066
7394,-1.2669780628865441,-0.008298802814695066
7395,-1.2669800485821001,-0.008298802814695066
7396,-1.266980849378761,-0.008298802814695066
7397,-1.266981741535993,-0.008298802814695066
7398,-1.2669836132193377,-0.008298802814695066
7399,-1.2669843268413423,-0.008298802814695066
7400,-1.2669847346199463,-0.008298802814695066
7401,-1.2669892440199682,-0.008298802814695066
7402,-1.2669923440468316,-0.008298802814695066
7403,-1.2669925019318007,-0.008298802814695066
7404,-1.2669979433525413,-0.008298802814695066
7405,-1.2670019653432907,-0.008298802814695066
7406,-1.2670028117618362,-0.008298802814695066
7407,-1.2670045312387848,-0.008298802814695066
7408,-1.2670052632975468,-0.008298802814695066
7409,-1.267009052578791,-0.008298802814695066
7410,-1.2670104967263243,-0.008298802814695066
7411,-1.267012520528611,-0.008298802814695066
7412,-1.2670173564192595,-0.008298802814695066
7413,-1.2670294971139084,-0.008298802814695066
7414,-1.2670303754736567,-0.008298802814695066
7415,-1.267031680879595,-0.008298802814695066
7416,-1.2670327169831752,-0.008298802814695066
7417,-1.2670373586018766,-0.008298802814695066
7418,-1.2670402623471633,-0.008298802814695066
7419,-1.2670440067960331,-0.008298802814695066
7420,-1.2670498380229769,-0.008298802814695066
7421,-1.2670519666486895,-0.008298802814695066
7422,-1.2670542344154663,-0.008298802814695066
7423,-1.2670777700148046,-0.008298802814695066
7424,-1.267082450814464,-0.008298802814695066
7425,-1.267086618528513,-0.008298802814695066
7426,-1.2670877678579933,-0.008298802814695066
7427,-1.267087837658502,-0.008298802814695066
7428,-1.267092680294933,-0.008298802814695066
7429,-1.267097053970391,-0.008298802814695066
7430,-1.267099400888787,-0.008298802814695066
7431,-1.2671019510516377,-0.008298802814695066
7432,-1.2671048667861577,-0.008298802814695066
7433,-1.2671186868062614,-0.008298802814695066
7434,-1.2671213531018934,-0.008298802814695066
7435,-1.2671238643921006,-0.008298802814695066
7436,-1.267126127156721,-0.008298802814695066
7437,-1.2671355496635224,-0.008298802814695066
7438,-1.2671360014621742,-0.008298802814695066
7439,-1.2671399491172375,-0.008298802814695066
7440,-1.2671413761757764,-0.008298802814695066
7441,-1.2671424049760138,-0.008298802814695066
7442,-1.2671518822231969,-0.008298802814695066
7443,-1.267154653288498,-0.008298802814695066
7444,-1.2671555954843945,-0.008298802814695066
7445,-1.2671561956950845,-0.008298802814695066
7446,-1.2671574136581416,-0.008298802814695066
7447,-1.2671574523466462,-0.008298802814695066
7448,-1.267157866105339,-0.008298802814695066
7449,-1.2671616059209148,-0.008298802814695066
7450,-1.2671657575738735,-0.008298802814695066
7451,-1.2671665005563264,-0.008298802814695066
7452,-1.2671755367097548,-0.008298802814695066
7453,-1.2671891840430116,-0.008298802814695066
7454,-1.2671893249341804,-0.008298802814695066
7455,-1.267197769307025,-0.008298802814695066
7456,-1.2672015109052324,-0.008298802814695066
7457,-1.267202545515476,-0.008298802814695066
7458,-1.2672065708430371,-0.008298802814695066
7459,-1.2672109150363942,-0.008298802814695066
7460,-1.267211350853276,-0.008298802814695066
7461,-1.2672220886861154,-0.008298802814695066
7462,-1.2672241356835028,-0.008298802814695066
7463,-1.267225891599224,-0.008298802814695066
7464,-1.2672328533398403,-0.008298802814695066
7465,-1.2672487798355285,-0.008298802814695066
7466,-1.2672504806480074,-0.008298802814695066
7467,-1.2672515110853317,-0.008298802814695066
7468,-1.2672555891728263,-0.008298802814695066
7469,-1.2672557302796723,-0.008298802814695066
7470,-1.2672577827010711,-0.008298802814695066
7471,-1.2672588842062387,-0.008298802814695066
7472,-1.2672617059137545,-0.008298802814695066
7473,-1.2672650583464364,-0.008298802814695066
7474,-1.2672665808346877,-0.008298802814695066
7475,-1.2672699257597146,-0.008298802814695066
7476,-1.2672722312921907,-0.008298802814695066
7477,-1.2672727292752066,-0.008298802814695066
7478,-1.2672734237396373,-0.008298802814695066
7479,-1.2672742999098743,-0.008298802814695066
7480,-1.2672772829211865,-0.008298802814695066
7481,-1.2672788411833573,-0.008298802814695066
7482,-1.2672806463883663,-0.008298802814695066
7483,-1.2672821202922988,-0.008298802814695066
7484,-1.2672865366049328,-0.008298802814695066
7485,-1.267287172466948,-0.008298802814695066
7486,-1.2672880767713117,-0.008298802814695066
7487,-1.26729249407848,-0.008298802814695066
7488,-1.2672949331266192,-0.008298802814695066
7489,-1.2672960341584825,-0.008298802814695066
7490,-1.267296614444409,-0.008298802814695066
7491,-1.267297810422042,-0.008298802814695066
7492,-1.2672982985283077,-0.008298802814695066
7493,-1.2673022272958265,-0.008298802814695066
7494,-1.2673031495221014,-0.008298802814695066
7495,-1.2673061506903673,-0.008298802814695066
7496,-1.2673091962339047,-0.008298802814695066
7497,-1.2673096397392196,-0.008298802814695066
7498,-1.2673154970498046,-0.008298802814695066
7499,-1.2673228089651762,-0.008298802814695066
7500,-1.2673229200433502,-0.008298802814695066
7501,-1.2673233898336072,-0.008298802814695066
7502,-1.2673245880960797,-0.008298802814695066
7503,-1.2673335816769764,-0.008298802814695066
7504,-1.2673341128681792,-0.008298802814695066
7505,-1.2673342896521016,-0.008298802814695066
7506,-1.2673385891843072,-0.008298802814695066
7507,-1.2673404660970886,-0.008298802814695066
7508,-1.2673411799469956,-0.008298802814695066
7509,-1.267353109543377,-0.008298802814695066
7510,-1.267354495555618,-0.008298802814695066
7511,-1.2673569132391769,-0.008298802814695066
7512,-1.2673574016080031,-0.008298802814695066
7513,-1.2673673099034743,-0.008298802814695066
7514,-1.267371861478342,-0.008298802814695066
7515,-1.2673733153904694,-0.008298802814695066
7516,-1.267374989189274,-0.008298802814695066
7517,-1.2673767468440713,-0.008298802814695066
7518,-1.2673806352108348,-0.008298802814695066
7519,-1.2673854416172146,-0.008298802814695066
7520,-1.2673859336157312,-0.008298802814695066
7521,-1.2673915674694491,-0.008298802814695066
7522,-1.2673960235256454,-0.008298802814695066
7523,-1.2673981197958963,-0.008298802814695066
7524,-1.2673992441401931,-0.008298802814695066
7525,-1.2674073366345553,-0.008298802814695066
7526,-1.2674084111670534,-0.008298802814695066
7527,-1.267414754858041,-0.008298802814695066
7528,-1.267417005553181,-0.008298802814695066
7529,-1.2674175120281719,-0.008298802814695066
7530,-1.2674194947860769,-0.008298802814695066
7531,-1.267422603542391,-0.008298802814695066
7532,-1.267430097175565,-0.008298802814695066
7533,-1.2674304777440943,-0.008298802814695066
7534,-1.267444010643342,-0.008298802814695066
7535,-1.2674446575347527,-0.008298802814695066
7536,-1.2674518281778226,-0.008298802814695066
7537,-1.2674588198430115,-0.008298802814695066
7538,-1.2674621894753053,-0.008298802814695066
7539,-1.2674675900607573,-0.008298802814695066
7540,-1.2674696656213724,-0.008298802814695066
7541,-1.2674701254144956,-0.008298802814695066
7542,-1.2674714818127466,-0.008298802814695066
7543,-1.2674747006281184,-0.008298802814695066
7544,-1.26747498683428,-0.008298802814695066
7545,-1.267475767988115,-0.008298802814695066
7546,-1.2674773104148802,-0.008298802814695066
7547,-1.2674773347338344,-0.008298802814695066
7548,-1.2674829277454598,-0.008298802814695066
7549,-1.2674956841967866,-0.008298802814695066
7550,-1.2674972367969084,-0.008298802814695066
7551,-1.2674985175372167,-0.008298802814695066
7552,-1.2675011718146978,-0.008298802814695066
7553,-1.2675046791235351,-0.008298802814695066
7554,-1.2675071392231527,-0.008298802814695066
7555,-1.2675081307061506,-0.008298802814695066
7556,-1.2675102500439617,-0.008298802814695066
7557,-1.2675116178066428,-0.008298802814695066
7558,-1.2675123900628273,-0.008298802814695066
7559,-1.2675130015581406,-0.008298802814695066
7560,-1.2675188189336004,-0.008298802814695066
7561,-1.267528381492813,-0.008298802814695066
7562,-1.2675320815985778,-0.008298802814695066
7563,-1.2675352014506085,-0.008298802814695066
7564,-1.2675355335223062,-0.008298802814695066
7565,-1.2675361081841037,-0.008298802814695066
7566,-1.2675382655759575,-0.008298802814695066
7567,-1.2675386698307827,-0.008298802814695066
7568,-1.2675426284332754,-0.008298802814695066
7569,-1.2675430561575127,-0.008298802814695066
7570,-1.2675451515763265,-0.008298802814695066
7571,-1.2675462813953882,-0.008298802814695066
7572,-1.2675497074558,-0.008298802814695066
7573,-1.2675498446214353,-0.008298802814695066
7574,-1.2675504159816358,-0.008298802814695066
7575,-1.2675525975411202,-0.008298802814695066
7576,-1.2675543276546624,-0.008298802814695066
7577,-1.2675614336495198,-0.008298802814695066
7578,-1.2675629652158975,-0.008298802814695066
7579,-1.267563930620748,-0.008298802814695066
7580,-1.2675775133614284,-0.008298802814695066
7581,-1.2675805738945856,-0.008298802814695066
7582,-1.267582182595897,-0.008298802814695066
7583,-1.2675847492522123,-0.008298802814695066
7584,-1.2675888830758708,-0.008298802814695066
7585,-1.267596525883156,-0.008298802814695066
7586,-1.2675988250823704,-0.008298802814695066
7587,-1.267599044307076,-0.008298802814695066
7588,-1.2676049682512947,-0.008298802814695066
7589,-1.2676086948163732,-0.008298802814695066
7590,-1.2676119251679259,-0.008298802814695066
7591,-1.267617823248455,-0.008298802814695066
7592,-1.2676180471810559,-0.008298802814695066
7593,-1.267624645205452,-0.008298802814695066
7594,-1.2676267587875296,-0.008298802814695066
7595,-1.267631576337239,-0.008298802814695066
7596,-1.2676328043341574,-0.008298802814695066
7597,-1.267636292874438,-0.008298802814695066
7598,-1.267637306430678,-0.008298802814695066
7599,-1.2676384760073076,-0.008298802814695066
7600,-1.267642444346215,-0.008298802814695066
7601,-1.2676461029634996,-0.008298802814695066
7602,-1.2676476314717349,-0.008298802814695066
7603,-1.2676498402780716,-0.008298802814695066
7604,-1.2676507666375898,-0.008298802814695066
7605,-1.267656822293025,-0.008298802814695066
7606,-1.2676627483468736,-0.008298802814695066
7607,-1.2676632583245961,-0.008298802814695066
7608,-1.2676701990682768,-0.008298802814695066
7609,-1.2676715859807497,-0.008298802814695066
7610,-1.267680264785753,-0.008298802814695066
7611,-1.2676810561305776,-0.008298802814695066
7612,-1.2676827782317066,-0.008298802814695066
7613,-1.2676831946176428,-0.008298802814695066
7614,-1.2676852902599034,-0.008298802814695066
7615,-1.2676857656946812,-0.008298802814695066
7616,-1.2676857961900878,-0.008298802814695066
7617,-1.267686180999248,-0.008298802814695066
7618,-1.267687217018655,-0.008298802814695066
7619,-1.2676884156973593,-0.008298802814695066
7620,-1.2676957152386914,-0.008298802814695066
7621,-1.2676991215771416,-0.008298802814695066
7622,-1.26769978830299,-0.008298802814695066
7623,-1.2677010748744284,-0.008298802814695066
7624,-1.2677054014119082,-0.008298802814695066
7625,-1.2677055541502649,-0.008298802814695066
7626,-1.2677061258274556,-0.008298802814695066
7627,-1.2677145603697357,-0.008298802814695066
7628,-1.2677185939665265,-0.008298802814695066
7629,-1.267719697856205,-0.008298802814695066
7630,-1.2677207834346151,-0.008298802814695066
7631,-1.2677208237345692,-0.008298802814695066
7632,-1.2677243780461585,-0.008298802814695066
7633,-1.267726011703365,-0.008298802814695066
7634,-1.2677316207823617,-0.008298802814695066
7635,-1.2677320929549016,-0.008298802814695066
7636,-1.2677326422756159,-0.008298802814695066
7637,-1.2677332631009386,-0.008298802814695066
7638,-1.267734276042463,-0.008298802814695066
7639,-1.2677389581497298,-0.008298802814695066
7640,-1.2677427893178113,-0.008298802814695066
7641,-1.2677454972352566,-0.008298802814695066
7642,-1.2677469641795505,-0.008298802814695066
7643,-1.2677480194239523,-0.008298802814695066
7644,-1.2677496051385457,-0.008298802814695066
7645,-1.2677538342869195,-0.008298802814695066
7646,-1.2677551734011423,-0.008298802814695066
7647,-1.2677619704031065,-0.008298802814695066
7648,-1.2677639687651505,-0.008298802814695066
7649,-1.2677641930327792,-0.008298802814695066
7650,-1.2677674570692639,-0.008298802814695066
7651,-1.2677766539249267,-0.008298802814695066
7652,-1.2677823517634816,-0.008298802814695066
7653,-1.2677876690457488,-0.008298802814695066
7654,-1.2677943042557807,-0.008298802814695066
7655,-1.2677965006455933,-0.008298802814695066
7656,-1.267798484216677,-0.008298802814695066
7657,-1.2678063731242135,-0.008298802814695066
7658,-1.2678065353519887,-0.008298802814695066
7659,-1.2678077097608704,-0.008298802814695066
7660,-1.2678117064970236,-0.008298802814695066
7661,-1.2678153170799646,-0.008298802814695066
7662,-1.2678167205550088,-0.008298802814695066
7663,-1.2678184285534133,-0.008298802814695066
7664,-1.2678218036981725,-0.008298802814695066
7665,-1.2678233180631209,-0.008298802814695066
7666,-1.2678244899877145,-0.008298802814695066
7667,-1.2678322949187164,-0.008298802814695066
7668,-1.2678329561027601,-0.008298802814695066
7669,-1.2678336518491546,-0.008298802814695066
7670,-1.267834631012953,-0.008298802814695066
7671,-1.2678390088943614,-0.008298802814695066
7672,-1.2678391674867053,-0.008298802814695066
7673,-1.2678456893713221,-0.008298802814695066
7674,-1.267848255621948,-0.008298802814695066
7675,-1.2678541060681328,-0.008298802814695066
7676,-1.2678551581256772,-0.008298802814695066
7677,-1.2678561472217638,-0.008298802814695066
7678,-1.2678578190484284,-0.008298802814695066
7679,-1.2678585014773638,-0.008298802814695066
7680,-1.2678585286285233,-0.008298802814695066
7681,-1.2678647277990767,-0.008298802814695066
7682,-1.2678653150532149,-0.008298802814695066
7683,-1.267867706421156,-0.008298802814695066
7684,-1.2678720007277011,-0.008298802814695066
7685,-1.2678746079607108,-0.008298802814695066
7686,-1.2678752789449417,-0.008298802814695066
7687,-1.267880859677452,-0.008298802814695066
7688,-1.267883118074888,-0.008298802814695066
7689,-1.2678891074860288,-0.008298802814695066
7690,-1.2678894127150682,-0.008298802814695066
7691,-1.2678956022869168,-0.008298802814695066
7692,-1.2679008308262616,-0.008298802814695066
7693,-1.2679015577319572,-0.008298802814695066
7694,-1.2679056907005002,-0.008298802814695066
7695,-1.2679057656416126,-0.008298802814695066
7696,-1.2679096353553567,-0.008298802814695066
7697,-1.267910312546157,-0.008298802814695066
7698,-1.2679118091542028,-0.008298802814695066
7699,-1.2679122887365684,-0.008298802814695066
7700,-1.267913899650688,-0.008298802814695066
7701,-1.267921268181568,-0.008298802814695066
7702,-1.267922970648286,-0.008298802814695066
7703,-1.2679263648222625,-0.008298802814695066
7704,-1.2679298541413933,-0.008298802814695066
7705,-1.2679304578915491,-0.008298802814695066
7706,-1.2679317168751836,-0.008298802814695066
7707,-1.2679328058019819,-0.008298802814695066
7708,-1.267933626733713,-0.008298802814695066
7709,-1.26793699833166,-0.008298802814695066
7710,-1.267937163050145,-0.008298802814695066
7711,-1.26793727598337,-0.008298802814695066
7712,-1.267938927212617,-0.008298802814695066
7713,-1.2679453535474208,-0.008298802814695066
7714,-1.2679459853330148,-0.008298802814695066
7715,-1.267946140043406,-0.008298802814695066
7716,-1.2679483442747261,-0.008298802814695066
7717,-1.2679496199690026,-0.008298802814695066
7718,-1.267952979777932,-0.008298802814695066
7719,-1.2679554386595027,-0.008298802814695066
7720,-1.267957172765892,-0.008298802814695066
7721,-1.26796003271795,-0.008298802814695066
7722,-1.267962047883505,-0.008298802814695066
7723,-1.2679621679100386,-0.008298802814695066
7724,-1.2679647663568159,-0.008298802814695066
7725,-1.267969894180661,-0.008298802814695066
7726,-1.2679709314341892,-0.008298802814695066
7727,-1.2679733425643611,-0.008298802814695066
7728,-1.267977319887387,-0.008298802814695066
7729,-1.2679826582748597,-0.008298802814695066
7730,-1.2679838664372687,-0.008298802814695066
7731,-1.2679849506619583,-0.008298802814695066
7732,-1.267986549794414,-0.008298802814695066
7733,-1.267988086579208,-0.008298802814695066
7734,-1.2679914077421275,-0.008298802814695066
7735,-1.2679918444203122,-0.008298802814695066
7736,-1.2680001375767425,-0.008298802814695066
7737,-1.268002932564699,-0.008298802814695066
7738,-1.268011255969898,-0.008298802814695066
7739,-1.2680127399825283,-0.008298802814695066
7740,-1.2680142708165114,-0.008298802814695066
7741,-1.2680169722407295,-0.008298802814695066
7742,-1.26801799064692,-0.008298802814695066
7743,-1.26802006529971,-0.008298802814695066
7744,-1.268020304908756,-0.008298802814695066
7745,-1.268021955750249,-0.008298802814695066
7746,-1.2680234991550017,-0.008298802814695066
7747,-1.2680251694032882,-0.008298802814695066
7748,-1.2680259028884002,-0.008298802814695066
7749,-1.2680277894538419,-0.008298802814695066
7750,-1.268027995582657,-0.008298802814695066
7751,-1.26802868016092,-0.008298802814695066
7752,-1.268028919219712,-0.008298802814695066
7753,-1.2680308755787961,-0.008298802814695066
7754,-1.2680390146203862,-0.008298802814695066
7755,-1.2680426858631941,-0.008298802814695066
7756,-1.2680432469108767,-0.008298802814695066
7757,-1.2680477629387472,-0.008298802814695066
7758,-1.268048956376238,-0.008298802814695066
7759,-1.2680514870631976,-0.008298802814695066
7760,-1.2680541772072944,-0.008298802814695066
7761,-1.268056127738003,-0.008298802814695066
7762,-1.2680572063287228,-0.008298802814695066
7763,-1.2680623888910432,-0.008298802814695066
7764,-1.2680668165394096,-0.008298802814695066
7765,-1.2680672550133019,-0.008298802814695066
7766,-1.2680683706780769,-0.008298802814695066
7767,-1.2680688903044806,-0.008298802814695066
7768,-1.2680727557230673,-0.008298802814695066
7769,-1.2680729782005487,-0.008298802814695066
7770,-1.2680742443742254,-0.008298802814695066
7771,-1.2680753348542277,-0.008298802814695066
7772,-1.2680762139489639,-0.008298802814695066
7773,-1.2680762914200243,-0.008298802814695066
7774,-1.2680763105096227,-0.008298802814695066
7775,-1.2680777029958838,-0.008298802814695066
7776,-1.2680782047701191,-0.008298802814695066
7777,-1.268078210797711,-0.008298802814695066
7778,-1.2680791067342947,-0.008298802814695066
7779,-1.2680834321888494,-0.008298802814695066
7780,-1.2680835865356006,-0.008298802814695066
7781,-1.268084821114802,-0.008298802814695066
7782,-1.2680877860426765,-0.008298802814695066
7783,-1.2680897571088268,-0.008298802814695066
7784,-1.2680915977047398,-0.008298802814695066
7785,-1.2680931562319355,-0.008298802814695066
7786,-1.2680962441067911,-0.008298802814695066
7787,-1.2680989598381847,-0.008298802814695066
7788,-1.268100595163929,-0.008298802814695066
7789,-1.268100880308241,-0.008298802814695066
7790,-1.2681061826839677,-0.008298802814695066
7791,-1.2681064670599813,-0.008298802814695066
7792,-1.2681079958692725,-0.008298802814695066
7793,-1.2681084107997505,-0.008298802814695066
7794,-1.2681095873721961,-0.008298802814695066
7795,-1.2681110850590378,-0.008298802814695066
7796,-1.2681129429461593,-0.008298802814695066
7797,-1.2681133057582952,-0.008298802814695066
7798,-1.2681142029267962,-0.008298802814695066
7799,-1.268114872105068,-0.008298802814695066
7800,-1.268118823118876,-0.008298802814695066
7801,-1.2681254459199913,-0.008298802814695066
7802,-1.2681258664861697,-0.008298802814695066
7803,-1.268127418012309,-0.008298802814695066
7804,-1.268128717922314,-0.008298802814695066
7805,-1.268129276237386,-0.008298802814695066
7806,-1.268129927723114,-0.008298802814695066
7807,-1.268133137984853,-0.008298802814695066
7808,-1.2681389840217165,-0.008298802814695066
7809,-1.2681404358825379,-0.008298802814695066
7810,-1.2681408140430317,-0.008298802814695066
7811,-1.2681430923084749,-0.008298802814695066
7812,-1.2681449553436928,-0.008298802814695066
7813,-1.2681451528541205,-0.008298802814695066
7814,-1.2681462846340723,-0.008298802814695066
7815,-1.2681469544753865,-0.008298802814695066
7816,-1.2681511339450156,-0.008298802814695066
7817,-1.2681527299986923,-0.008298802814695066
7818,-1.2681545028517864,-0.008298802814695066
7819,-1.2681580151951648,-0.008298802814695066
7820,-1.2681583511823034,-0.008298802814695066
7821,-1.2681647653787391,-0.008298802814695066
7822,-1.2681683631361391,-0.008298802814695066
7823,-1.2681685008779806,-0.008298802814695066
7824,-1.2681732440565998,-0.008298802814695066
7825,-1.2681745118190715,-0.008298802814695066
7826,-1.2681842940524932,-0.008298802814695066
7827,-1.2681855907949318,-0.008298802814695066
7828,-1.268192033908293,-0.008298802814695066
7829,-1.2681928700887082,-0.008298802814695066
7830,-1.2681940387654818,-0.008298802814695066
7831,-1.2681945592352162,-0.008298802814695066
7832,-1.2681952926781108,-0.008298802814695066
7833,-1.2681973617815951,-0.008298802814695066
7834,-1.2681986790402493,-0.008298802814695066
7835,-1.2681988971248412,-0.008298802814695066
7836,-1.2681997790115813,-0.008298802814695066
7837,-1.2682026934506074,-0.008298802814695066
7838,-1.2682036436690232,-0.008298802814695066
7839,-1.2682059240940495,-0.008298802814695066
7840,-1.2682066077055179,-0.008298802814695066
7841,-1.2682068554720165,-0.008298802814695066
7842,-1.2682093997278703,-0.008298802814695066
7843,-1.2682127012637998,-0.008298802814695066
7844,-1.2682134555612452,-0.008298802814695066
7845,-1.268214532085223,-0.008298802814695066
7846,-1.2682156215893117,-0.008298802814695066
7847,-1.2682181148030356,-0.008298802814695066
7848,-1.2682183563160236,-0.008298802814695066
7849,-1.2682191290220475,-0.008298802814695066
7850,-1.2682198246981633,-0.008298802814695066
7851,-1.2682205287655939,-0.008298802814695066
7852,-1.2682251580084334,-0.008298802814695066
7853,-1.268226131812608,-0.008298802814695066
7854,-1.2682342103064652,-0.008298802814695066
7855,-1.2682362936192135,-0.008298802814695066
7856,-1.268236368861978,-0.008298802814695066
7857,-1.2682368619338587,-0.008298802814695066
7858,-1.2682369483137206,-0.008298802814695066
7859,-1.2682445079161588,-0.008298802814695066
7860,-1.2682496223076192,-0.008298802814695066
7861,-1.2682509709918746,-0.008298802814695066
7862,-1.268254579548709,-0.008298802814695066
7863,-1.2682566879106756,-0.008298802814695066
7864,-1.2682592072994712,-0.008298802814695066
7865,-1.2682621734004644,-0.008298802814695066
7866,-1.2682623910774706,-0.008298802814695066
7867,-1.268263395947458,-0.008298802814695066
7868,-1.2682640400293568,-0.008298802814695066
7869,-1.2682676434495759,-0.008298802814695066
7870,-1.2682682409189914,-0.008298802814695066
7871,-1.2682743899935902,-0.008298802814695066
7872,-1.2682758137293024,-0.008298802814695066
7873,-1.2682759038958866,-0.008298802814695066
7874,-1.2682771062651392,-0.008298802814695066
7875,-1.2682820165674404,-0.008298802814695066
7876,-1.2682849016117912,-0.008298802814695066
7877,-1.2682861884483672,-0.008298802814695066
7878,-1.2682903278162647,-0.008298802814695066
7879,-1.2682956173849456,-0.008298802814695066
7880,-1.2682996195639489,-0.008298802814695066
7881,-1.2683004762447025,-0.008298802814695066
7882,-1.268300775523171,-0.008298802814695066
7883,-1.268302633513534,-0.008298802814695066
7884,-1.2683048208960446,-0.008298802814695066
7885,-1.2683057347547493,-0.008298802814695066
7886,-1.268305859549585,-0.008298802814695066
7887,-1.2683085589544352,-0.008298802814695066
7888,-1.2683116379043309,-0.008298802814695066
7889,-1.2683119257366937,-0.008298802814695066
7890,-1.2683121038894334,-0.008298802814695066
7891,-1.2683131186965388,-0.008298802814695066
7892,-1.2683162331418703,-0.008298802814695066
7893,-1.2683169001580894,-0.008298802814695066
7894,-1.2683198399134843,-0.008298802814695066
7895,-1.2683198591011131,-0.008298802814695066
7896,-1.2683221995172924,-0.008298802814695066
7897,-1.2683225288422162,-0.008298802814695066
7898,-1.268330695562875,-0.008298802814695066
7899,-1.2683322048837853,-0.008298802814695066
7900,-1.2683331304980399,-0.008298802814695066
7901,-1.2683369417828207,-0.008298802814695066
7902,-1.268337975112943,-0.008298802814695066
7903,-1.2683395719080255,-0.008298802814695066
7904,-1.2683440303076923,-0.008298802814695066
7905,-1.268344666179776,-0.008298802814695066
7906,-1.2683497159854698,-0.008298802814695066
7907,-1.2683514369114621,-0.008298802814695066
7908,-1.2683531029218738,-0.008298802814695066
7909,-1.26835397461358,-0.008298802814695066
7910,-1.2683545978485868,-0.008298802814695066
7911,-1.2683560532986322,-0.008298802814695066
7912,-1.2683586851737811,-0.008298802814695066
7913,-1.2683596896044516,-0.008298802814695066
7914,-1.2683601534621751,-0.008298802814695066
7915,-1.2683601691603688,-0.008298802814695066
7916,-1.2683602731253578,-0.008298802814695066
7917,-1.2683624179862962,-0.008298802814695066
7918,-1.2683624952534125,-0.008298802814695066
7919,-1.2683628604701753,-0.008298802814695066
7920,-1.2683669311897345,-0.008298802814695066
7921,-1.268368976117122,-0.008298802814695066
7922,-1.2683690242966847,-0.008298802814695066
7923,-1.268371120547781,-0.008298802814695066
7924,-1.268372216791091,-0.008298802814695066
7925,-1.2683774249103852,-0.008298802814695066
7926,-1.2683780031750127,-0.008298802814695066
7927,-1.268381134324364,-0.008298802814695066
7928,-1.2683819823135694,-0.008298802814695066
7929,-1.2683902996641399,-0.008298802814695066
7930,-1.2683909492903997,-0.008298802814695066
7931,-1.268391148228937,-0.008298802814695066
7932,-1.2683919965092574,-0.008298802814695066
7933,-1.2683971739465065,-0.008298802814695066
7934,-1.268398779136348,-0.008298802814695066
7935,-1.268400616343175,-0.008298802814695066
7936,-1.2684006335659481,-0.008298802814695066
7937,-1.268401022135433,-0.008298802814695066
7938,-1.2684016188598446,-0.008298802814695066
7939,-1.268404326516427,-0.008298802814695066
7940,-1.2684072418002024,-0.008298802814695066
7941,-1.26840937954725,-0.008298802814695066
7942,-1.2684134900625879,-0.008298802814695066
7943,-1.2684138965014056,-0.008298802814695066
7944,-1.268414823305958,-0.008298802814695066
7945,-1.268416434556931,-0.008298802814695066
7946,-1.2684171225230492,-0.008298802814695066
7947,-1.2684201935385992,-0.008298802814695066
7948,-1.2684206435760537,-0.008298802814695066
7949,-1.268423290032316,-0.008298802814695066
7950,-1.2684242959810579,-0.008298802814695066
7951,-1.268429088903165,-0.008298802814695066
7952,-1.268430074522223,-0.008298802814695066
7953,-1.268430981244392,-0.008298802814695066
7954,-1.268432891669986,-0.008298802814695066
7955,-1.2684354399799656,-0.008298802814695066
7956,-1.268437031703417,-0.008298802814695066
7957,-1.268437437193415,-0.008298802814695066
7958,-1.2684374699778989,-0.008298802814695066
7959,-1.2684385960634081,-0.008298802814695066
7960,-1.268439319803765,-0.008298802814695066
7961,-1.2684394899688658,-0.008298802814695066
7962,-1.2684404148059372,-0.008298802814695066
7963,-1.2684409710553821,-0.008298802814695066
7964,-1.2684430907154955,-0.008298802814695066
7965,-1.268449189523103,-0.008298802814695066
7966,-1.26845006206458,-0.008298802814695066
7967,-1.2684556465933676,-0.008298802814695066
7968,-1.2684582643825397,-0.008298802814695066
7969,-1.2684605718293804,-0.008298802814695066
7970,-1.268461471467083,-0.008298802814695066
7971,-1.2684615871130367,-0.008298802814695066
7972,-1.268464110332854,-0.008298802814695066
7973,-1.2684663317375897,-0.008298802814695066
7974,-1.2684665545600065,-0.008298802814695066
7975,-1.2684696464144247,-0.008298802814695066
7976,-1.2684728439437578,-0.008298802814695066
7977,-1.2684739729412782,-0.008298802814695066
7978,-1.2684782978565416,-0.008298802814695066
7979,-1.2684784385443337,-0.008298802814695066
7980,-1.2684811324412664,-0.008298802814695066
7981,-1.2684825578147576,-0.008298802814695066
7982,-1.2684833248058487,-0.008298802814695066
7983,-1.2684842759359336,-0.008298802814695066
7984,-1.2684876760052606,-0.008298802814695066
7985,-1.2684899644608885,-0.008298802814695066
7986,-1.2684936788388574,-0.008298802814695066
7987,-1.2684937809435586,-0.008298802814695066
7988,-1.2684951674040934,-0.008298802814695066
7989,-1.2684953337660339,-0.008298802814695066
7990,-1.2684958091027358,-0.008298802814695066
7991,-1.2684987694192937,-0.008298802814695066
7992,-1.268500661216627,-0.008298802814695066
7993,-1.2685008455456885,-0.008298802814695066
7994,-1.2685059326617931,-0.008298802814695066
7995,-1.2685091085437896,-0.008298802814695066
7996,-1.2685094708883782,-0.008298802814695066
7997,-1.26851012286239,-0.008298802814695066
7998,-1.2685102418038592,-0.008298802814695066
7999,-1.268510497483422,-0.008298802814695066
8000,-1.268511172062811,-0.008298802814695066
8001,-1.268514133309654,-0.008298802814695066
8002,-1.268515046763227,-0.008298802814695066
8003,-1.2685151683471265,-0.008298802814695066
8004,-1.268515264051135,-0.008298802814695066
8005,-1.2685160478028032,-0.008298802814695066
8006,-1.2685183613518076,-0.008298802814695066
8007,-1.2685195863422654,-0.008298802814695066
8008,-1.2685213307728507,-0.008298802814695066
8009,-1.2685220621331534,-0.008298802814695066
8010,-1.2685233643030451,-0.008298802814695066
8011,-1.2685242726403223,-0.008298802814695066
8012,-1.268525767101275,-0.008298802814695066
8013,-1.2685281369330172,-0.008298802814695066
8014,-1.2685300721378547,-0.008298802814695066
8015,-1.2685306620992503,-0.008298802814695066
8016,-1.2685310793518199,-0.008298802814695066
8017,-1.2685339129482647,-0.008298802814695066
8018,-1.2685386868411297,-0.008298802814695066
8019,-1.268541428452822,-0.008298802814695066
8020,-1.2685431912086684,-0.008298802814695066
8021,-1.2685460186522501,-0.008298802814695066
8022,-1.2685491423805952,-0.008298802814695066
8023,-1.268549338362522,-0.008298802814695066
8024,-1.2685507797460245,-0.008298802814695066
8025,-1.2685514958368351,-0.008298802814695066
8026,-1.2685534700415566,-0.008298802814695066
8027,-1.2685538177111968,-0.008298802814695066
8028,-1.2685549929891944,-0.008298802814695066
8029,-1.2685555002233748,-0.008298802814695066
8030,-1.2685565729280899,-0.008298802814695066
8031,-1.268559387528926,-0.008298802814695066
8032,-1.268559753811607,-0.008298802814695066
8033,-1.2685599760078166,-0.008298802814695066
8034,-1.268561014641001,-0.008298802814695066
8035,-1.268565289217779,-0.008298802814695066
8036,-1.2685669764677907,-0.008298802814695066
8037,-1.2685679807278647,-0.008298802814695066
8038,-1.268568076638756,-0.008298802814695066
8039,-1.268568223486104,-0.008298802814695066
8040,-1.2685723695129096,-0.008298802814695066
8041,-1.2685733411860698,-0.008298802814695066
8042,-1.2685733871408869,-0.008298802814695066
8043,-1.2685736143583828,-0.008298802814695066
8044,-1.2685747117851878,-0.008298802814695066
8045,-1.2685754897769665,-0.008298802814695066
8046,-1.2685755985047735,-0.008298802814695066
8047,-1.2685855115207623,-0.008298802814695066
8048,-1.2685860216671159,-0.008298802814695066
8049,-1.2685865317080953,-0.008298802814695066
8050,-1.2685880544573171,-0.008298802814695066
8051,-1.2685911799171525,-0.008298802814695066
8052,-1.2685940090784225,-0.008298802814695066
8053,-1.2685961314098744,-0.008298802814695066
8054,-1.2685985451795676,-0.008298802814695066
8055,-1.2685993328037155,-0.008298802814695066
8056,-1.268600595967425,-0.008298802814695066
8057,-1.268602813731812,-0.008298802814695066
8058,-1.268605676381454,-0.008298802814695066
8059,-1.2686067502793976,-0.008298802814695066
8060,-1.268608163181264,-0.008298802814695066
8061,-1.2686082686265623,-0.008298802814695066
8062,-1.2686089370849603,-0.008298802814695066
8063,-1.2686121455941244,-0.008298802814695066
8064,-1.2686123307946915,-0.008298802814695066
8065,-1.2686126183293758,-0.008298802814695066
8066,-1.2686131171989987,-0.008298802814695066
8067,-1.2686133817445193,-0.008298802814695066
8068,-1.268613997529057,-0.008298802814695066
8069,-1.2686148629499236,-0.008298802814695066
8070,-1.26861506082615,-0.008298802814695066
8071,-1.2686163022148245,-0.008298802814695066
8072,-1.268616351754067,-0.008298802814695066
8073,-1.2686165591950689,-0.008298802814695066
8074,-1.2686175770813128,-0.008298802814695066
8075,-1.268624437021504,-0.008298802814695066
8076,-1.2686257289760308,-0.008298802814695066
8077,-1.2686260332192962,-0.008298802814695066
8078,-1.2686283110809409,-0.008298802814695066
8079,-1.2686294632365005,-0.008298802814695066
8080,-1.2686305379337663,-0.008298802814695066
8081,-1.268631476072998,-0.008298802814695066
8082,-1.2686317097849233,-0.008298802814695066
8083,-1.2686320898198706,-0.008298802814695066
8084,-1.26863221673087,-0.008298802814695066
8085,-1.2686328448563033,-0.008298802814695066
8086,-1.2686335972271858,-0.008298802814695066
8087,-1.268634496887398,-0.008298802814695066
8088,-1.2686347888004446,-0.008298802814695066
8089,-1.2686349281432607,-0.008298802814695066
8090,-1.2686371760230022,-0.008298802814695066
8091,-1.2686402726791937,-0.008298802814695066
8092,-1.268640817561984,-0.008298802814695066
8093,-1.2686409987411995,-0.008298802814695066
8094,-1.2686427008653622,-0.008298802814695066
8095,-1.2686445440635845,-0.008298802814695066
8096,-1.2686454688592446,-0.008298802814695066
8097,-1.2686472351661484,-0.008298802814695066
8098,-1.2686485537043022,-0.008298802814695066
8099,-1.2686492812187153,-0.008298802814695066
8100,-1.2686520986749277,-0.008298802814695066
8101,-1.268652334401293,-0.008298802814695066
8102,-1.268652437570431,-0.008298802814695066
8103,-1.268652481754166,-0.008298802814695066
8104,-1.2686529281777579,-0.008298802814695066
8105,-1.2686530464884538,-0.008298802814695066
8106,-1.2686556901686565,-0.008298802814695066
8107,-1.2686575252248213,-0.008298802814695066
8108,-1.268659772148727,-0.008298802814695066
8109,-1.2686598354394025,-0.008298802814695066
8110,-1.268660695567393,-0.008298802814695066
8111,-1.2686613630353276,-0.008298802814695066
8112,-1.2686624513507971,-0.008298802814695066
8113,-1.2686625569105647,-0.008298802814695066
8114,-1.2686651995894775,-0.008298802814695066
8115,-1.2686667356965091,-0.008298802814695066
8116,-1.2686701340489202,-0.008298802814695066
8117,-1.2686711921464142,-0.008298802814695066
8118,-1.2686721350577266,-0.008298802814695066
8119,-1.2686748674800161,-0.008298802814695066
8120,-1.2686757714329506,-0.008298802814695066
8121,-1.2686769723228493,-0.008298802814695066
8122,-1.2686771099539402,-0.008298802814695066
8123,-1.2686786033560882,-0.008298802814695066
8124,-1.2686794059425117,-0.008298802814695066
8125,-1.2686796280939086,-0.008298802814695066
8126,-1.2686887195656005,-0.008298802814695066
8127,-1.2686893333530826,-0.008298802814695066
8128,-1.268690404545802,-0.008298802814695066
8129,-1.2686913049300892,-0.008298802814695066
8130,-1.2686957205933793,-0.008298802814695066
8131,-1.2686978932142448,-0.008298802814695066
8132,-1.2686995448252427,-0.008298802814695066
8133,-1.2686998922496149,-0.008298802814695066
8134,-1.2687033935604655,-0.008298802814695066
8135,-1.2687042551474077,-0.008298802814695066
8136,-1.268706887053198,-0.008298802814695066
8137,-1.2687093173029005,-0.008298802814695066
8138,-1.268709890857001,-0.008298802814695066
8139,-1.2687103956356502,-0.008298802814695066
8140,-1.2687104338058333,-0.008298802814695066
8141,-1.2687105865530413,-0.008298802814695066
8142,-1.2687118520601968,-0.008298802814695066
8143,-1.2687149111077276,-0.008298802814695066
8144,-1.2687156560293356,-0.008298802814695066
8145,-1.2687178524515268,-0.008298802814695066
8146,-1.268717954455255,-0.008298802814695066
8147,-1.2687197721149042,-0.008298802814695066
8148,-1.2687203944719019,-0.008298802814695066
8149,-1.2687216716285925,-0.008298802814695066
8150,-1.2687226625156247,-0.008298802814695066
8151,-1.2687234875078106,-0.008298802814695066
8152,-1.2687240952119376,-0.008298802814695066
8153,-1.268724520575617,-0.008298802814695066
8154,-1.2687249375699512,-0.008298802814695066
8155,-1.2687261243870769,-0.008298802814695066
8156,-1.2687272462114154,-0.008298802814695066
8157,-1.2687278097187729,-0.008298802814695066
8158,-1.2687285025803678,-0.008298802814695066
8159,-1.2687307468777305,-0.008298802814695066
8160,-1.268732068726588,-0.008298802814695066
8161,-1.2687363422419748,-0.008298802814695066
8162,-1.26873702931008,-0.008298802814695066
8163,-1.2687377440393939,-0.008298802814695066
8164,-1.2687382891236145,-0.008298802814695066
8165,-1.268738623618962,-0.008298802814695066
8166,-1.2687396447326158,-0.008298802814695066
8167,-1.2687404647939982,-0.008298802814695066
8168,-1.2687405200749358,-0.008298802814695066
8169,-1.2687432978220192,-0.008298802814695066
8170,-1.268743706342316,-0.008298802814695066
8171,-1.2687440728534873,-0.008298802814695066
8172,-1.2687441164103532,-0.008298802814695066
8173,-1.2687450496866712,-0.008298802814695066
8174,-1.26874613318397,-0.008298802814695066
8175,-1.2687475968183883,-0.008298802814695066
8176,-1.2687476882200346,-0.008298802814695066
8177,-1.268749648705606,-0.008298802814695066
8178,-1.2687504756648422,-0.008298802814695066
8179,-1.2687537440284582,-0.008298802814695066
8180,-1.268753990433081,-0.008298802814695066
8181,-1.2687546248235284,-0.008298802814695066
8182,-1.2687547498705944,-0.008298802814695066
8183,-1.268761342570135,-0.008298802814695066
8184,-1.2687616268579676,-0.008298802814695066
8185,-1.2687658627857674,-0.008298802814695066
8186,-1.2687660212541798,-0.008298802814695066
8187,-1.268767695084521,-0.008298802814695066
8188,-1.2687677240607367,-0.008298802814695066
8189,-1.2687682250211982,-0.008298802814695066
8190,-1.2687694355677939,-0.008298802814695066
8191,-1.2687701850473438,-0.008298802814695066
8192,-1.268771109443777,-0.008298802814695066
8193,-1.2687720957375248,-0.008298802814695066
8194,-1.2687721623681165,-0.008298802814695066
8195,-1.2687728611490277,-0.008298802814695066
8196,-1.2687744873345315,-0.008298802814695066
8197,-1.2687745398024934,-0.008298802814695066
8198,-1.2687749111936086,-0.008298802814695066
8199,-1.2687771515194322,-0.008298802814695066
8200,-1.2687815518836556,-0.008298802814695066
8201,-1.2687827358767767,-0.008298802814695066
8202,-1.2687831537730365,-0.008298802814695066
8203,-1.2687831558184826,-0.008298802814695066
8204,-1.2687854790615198,-0.008298802814695066
8205,-1.2687860123248595,-0.008298802814695066
8206,-1.2687860490164395,-0.008298802814695066
8207,-1.2687863729373285,-0.008298802814695066
8208,-1.2687894263017747,-0.008298802814695066
8209,-1.2687905645693696,-0.008298802814695066
8210,-1.2687917156451864,-0.008298802814695066
8211,-1.268792045413966,-0.008298802814695066
8212,-1.2687939900813885,-0.008298802814695066
8213,-1.2687941270951266,-0.008298802814695066
8214,-1.2687942154593268,-0.008298802814695066
8215,-1.2687970260780121,-0.008298802814695066
8216,-1.2687978120798928,-0.008298802814695066
8217,-1.2687986050459832,-0.008298802814695066
8218,-1.2688004066001675,-0.008298802814695066
8219,-1.2688017606459123,-0.008298802814695066
8220,-1.2688023315853865,-0.008298802814695066
8221,-1.2688038315342955,-0.008298802814695066
8222,-1.2688043548310168,-0.008298802814695066
8223,-1.2688130729008882,-0.008298802814695066
8224,-1.268813322982593,-0.008298802814695066
8225,-1.268814927289216,-0.008298802814695066
8226,-1.2688149679142215,-0.008298802814695066
8227,-1.2688168593226645,-0.008298802814695066
8228,-1.2688181771523752,-0.008298802814695066
8229,-1.2688208095221718,-0.008298802814695066
8230,-1.2688223412134731,-0.008298802814695066
8231,-1.2688224686898673,-0.008298802814695066
8232,-1.2688278691978265,-0.008298802814695066
8233,-1.2688307204247353,-0.008298802814695066
8234,-1.2688308860216655,-0.008298802814695066
8235,-1.2688312705758857,-0.008298802814695066
8236,-1.2688378863847456,-0.008298802814695066
8237,-1.268838860854286,-0.008298802814695066
8238,-1.2688394432515973,-0.008298802814695066
8239,-1.2688405991347644,-0.008298802814695066
8240,-1.268841638651272,-0.008298802814695066
8241,-1.2688424386598656,-0.008298802814695066
8242,-1.2688441539107096,-0.008298802814695066
8243,-1.2688453205351526,-0.008298802814695066
8244,-1.2688473433990897,-0.008298802814695066
8245,-1.2688476315486457,-0.008298802814695066
8246,-1.2688478390701903,-0.008298802814695066
8247,-1.2688481803438332,-0.008298802814695066
8248,-1.2688487954000547,-0.008298802814695066
8249,-1.2688507385025898,-0.008298802814695066
8250,-1.2688516205059586,-0.008298802814695066
8251,-1.268851747707205,-0.008298802814695066
8252,-1.2688524329312063,-0.008298802814695066
8253,-1.2688524451305194,-0.008298802814695066
8254,-1.2688531599607016,-0.008298802814695066
8255,-1.2688540353189945,-0.008298802814695066
8256,-1.268855486095115,-0.008298802814695066
8257,-1.2688579849087493,-0.008298802814695066
8258,-1.2688595048171538,-0.008298802814695066
8259,-1.2688597041824057,-0.008298802814695066
8260,-1.2688611555358045,-0.008298802814695066
8261,-1.2688612125210625,-0.008298802814695066
8262,-1.268861573372943,-0.008298802814695066
8263,-1.268861603506502,-0.008298802814695066
8264,-1.2688620562533228,-0.008298802814695066
8265,-1.2688621460730822,-0.008298802814695066
8266,-1.2688633438128565,-0.008298802814695066
8267,-1.268863911267226,-0.008298802814695066
8268,-1.2688665259699237,-0.008298802814695066
8269,-1.2688671901803685,-0.008298802814695066
8270,-1.2688691049595413,-0.008298802814695066
8271,-1.268870869213416,-0.008298802814695066
8272,-1.2688709648365846,-0.008298802814695066
8273,-1.2688716833006484,-0.008298802814695066
8274,-1.268877759722291,-0.008298802814695066
8275,-1.268878233424371,-0.008298802814695066
8276,-1.268880254233428,-0.008298802814695066
8277,-1.2688819815547645,-0.008298802814695066
8278,-1.2688838972740275,-0.008298802814695066
8279,-1.2688851865209205,-0.008298802814695066
8280,-1.2688866029784354,-0.008298802814695066
8281,-1.2688880396871138,-0.008298802814695066
8282,-1.2688888950388733,-0.008298802814695066
8283,-1.268889080951718,-0.008298802814695066
8284,-1.2688899579241455,-0.008298802814695066
8285,-1.2688925116677368,-0.008298802814695066
8286,-1.2688928695571815,-0.008298802814695066
8287,-1.2688942483240382,-0.008298802814695066
8288,-1.2688955787957552,-0.008298802814695066
8289,-1.2688973277223283,-0.008298802814695066
8290,-1.2688974573830896,-0.008298802814695066
8291,-1.268897614596214,-0.008298802814695066
8292,-1.2688977754223423,-0.008298802814695066
8293,-1.268898942249764,-0.008298802814695066
8294,-1.2688999018322382,-0.008298802814695066
8295,-1.2689002290649163,-0.008298802814695066
8296,-1.2689020399410023,-0.008298802814695066
8297,-1.2689022845356892,-0.008298802814695066
8298,-1.268902869412631,-0.008298802814695066
8299,-1.2689035403933153,-0.008298802814695066
8300,-1.26890437649429,-0.008298802814695066
8301,-1.2689054285805268,-0.008298802814695066
8302,-1.2689062344902542,-0.008298802814695066
8303,-1.2689068038515359,-0.008298802814695066
8304,-1.2689068082612063,-0.008298802814695066
8305,-1.2689069199203669,-0.008298802814695066
8306,-1.268907081234393,-0.008298802814695066
8307,-1.268907153372481,-0.008298802814695066
8308,-1.2689077970469427,-0.008298802814695066
8309,-1.268910857292948,-0.008298802814695066
8310,-1.2689114905984027,-0.008298802814695066
8311,-1.26891204174532,-0.008298802814695066
8312,-1.2689124052965148,-0.008298802814695066
8313,-1.2689134534012403,-0.008298802814695066
8314,-1.2689136411969466,-0.008298802814695066
8315,-1.268914267299313,-0.008298802814695066
8316,-1.268914884600186,-0.008298802814695066
8317,-1.2689152514641804,-0.008298802814695066
8318,-1.2689158413302106,-0.008298802814695066
8319,-1.2689186594080655,-0.008298802814695066
8320,-1.2689194892671949,-0.008298802814695066
8321,-1.2689206717339405,-0.008298802814695066
8322,-1.2689208145552815,-0.008298802814695066
8323,-1.268923408074639,-0.008298802814695066
8324,-1.2689256931521702,-0.008298802814695066
8325,-1.2689260093419927,-0.008298802814695066
8326,-1.2689268092206438,-0.008298802814695066
8327,-1.2689289682685452,-0.008298802814695066
8328,-1.2689310782757581,-0.008298802814695066
8329,-1.2689328463460263,-0.008298802814695066
8330,-1.2689329547553134,-0.008298802814695066
8331,-1.2689365327054758,-0.008298802814695066
8332,-1.268936720244444,-0.008298802814695066
8333,-1.2689371914804255,-0.008298802814695066
8334,-1.268938380414181,-0.008298802814695066
8335,-1.2689399652337117,-0.008298802814695066
8336,-1.2689402893017996,-0.008298802814695066
8337,-1.2689408748498876,-0.008298802814695066
8338,-1.2689423301826348,-0.008298802814695066
8339,-1.2689438161234237,-0.008298802814695066
8340,-1.2689439607127426,-0.008298802814695066
8341,-1.2689440752130854,-0.008298802814695066
8342,-1.26894411556216,-0.008298802814695066
8343,-1.2689465351295213,-0.008298802814695066
8344,-1.26894677551731,-0.008298802814695066
8345,-1.2689470168536556,-0.008298802814695066
8346,-1.2689470520730959,-0.008298802814695066
8347,-1.2689471103959031,-0.008298802814695066
8348,-1.268947595704967,-0.008298802814695066
8349,-1.2689477472338762,-0.008298802814695066
8350,-1.2689495034078102,-0.008298802814695066
8351,-1.2689502080190351,-0.008298802814695066
8352,-1.2689508032127788,-0.008298802814695066
8353,-1.2689551026147727,-0.008298802814695066
8354,-1.2689555893311395,-0.008298802814695066
8355,-1.2689558231234872,-0.008298802814695066
8356,-1.2689573406488837,-0.008298802814695066
8357,-1.26895796759768,-0.008298802814695066
8358,-1.268958665981219,-0.008298802814695066
8359,-1.268959137792323,-0.008298802814695066
8360,-1.2689609899724643,-0.008298802814695066
8361,-1.2689622909118627,-0.008298802814695066
8362,-1.2689633415431034,-0.008298802814695066
8363,-1.2689641514134706,-0.008298802814695066
8364,-1.268964588454176,-0.008298802814695066
8365,-1.268965291625279,-0.008298802814695066
8366,-1.2689673394909409,-0.008298802814695066
8367,-1.268967583919178,-0.008298802814695066
8368,-1.268967872814182,-0.008298802814695066
8369,-1.2689681272338837,-0.008298802814695066
8370,-1.2689692698916055,-0.008298802814695066
8371,-1.2689698172658397,-0.008298802814695066
8372,-1.2689700985590764,-0.008298802814695066
8373,-1.268972495966859,-0.008298802814695066
8374,-1.2689739119672852,-0.008298802814695066
8375,-1.2689751983290651,-0.008298802814695066
8376,-1.2689753411032214,-0.008298802814695066
8377,-1.2689755139760432,-0.008298802814695066
8378,-1.2689775529399936,-0.008298802814695066
8379,-1.2689782687686728,-0.008298802814695066
8380,-1.2689786684257987,-0.008298802814695066
8381,-1.2689787535080639,-0.008298802814695066
8382,-1.2689789241313347,-0.008298802814695066
8383,-1.2689793364542932,-0.008298802814695066
8384,-1.2689803018112742,-0.008298802814695066
8385,-1.2689824041618967,-0.008298802814695066
8386,-1.2689828828368293,-0.008298802814695066
8387,-1.2689829553948075,-0.008298802814695066
8388,-1.2689841103077606,-0.008298802814695066
8389,-1.26898433237483,-0.008298802814695066
8390,-1.2689853090413603,-0.008298802814695066
8391,-1.268985410469797,-0.008298802814695066
8392,-1.2689873175764488,-0.008298802814695066
8393,-1.2689874776582666,-0.008298802814695066
8394,-1.2689882897702949,-0.008298802814695066
8395,-1.2689885790663826,-0.008298802814695066
8396,-1.2689899959759474,-0.008298802814695066
8397,-1.268990359093752,-0.008298802814695066
8398,-1.26899062031725,-0.008298802814695066
8399,-1.2689924835973982,-0.008298802814695066
8400,-1.2689969495239692,-0.008298802814695066
8401,-1.2689970225596365,-0.008298802814695066
8402,-1.2689972588800464,-0.008298802814695066
8403,-1.2689984263924257,-0.008298802814695066
8404,-1.2689987783333423,-0.008298802814695066
8405,-1.26899914619153,-0.008298802814695066
8406,-1.2690009754239338,-0.008298802814695066
8407,-1.2690023449748278,-0.008298802814695066
8408,-1.2690047280461696,-0.008298802814695066
8409,-1.2690053543300264,-0.008298802814695066
8410,-1.269006023707337,-0.008298802814695066
8411,-1.2690063345995377,-0.008298802814695066
8412,-1.2690074397348705,-0.008298802814695066
8413,-1.2690089240917122,-0.008298802814695066
8414,-1.2690099263036898,-0.008298802814695066
8415,-1.269010260399318,-0.008298802814695066
8416,-1.2690120562524485,-0.008298802814695066
8417,-1.2690129040633902,-0.008298802814695066
8418,-1.26901382732162,-0.008298802814695066
8419,-1.2690140617112353,-0.008298802814695066
8420,-1.269015982212821,-0.008298802814695066
8421,-1.2690173390048283,-0.008298802814695066
8422,-1.2690178937365753,-0.008298802814695066
8423,-1.2690205274321253,-0.008298802814695066
8424,-1.2690211901232058,-0.008298802814695066
8425,-1.2690216101133212,-0.008298802814695066
8426,-1.2690242746734959,-0.008298802814695066
8427,-1.2690247628631022,-0.008298802814695066
8428,-1.2690286821690655,-0.008298802814695066
8429,-1.2690306724181606,-0.008298802814695066
8430,-1.269031318608275,-0.008298802814695066
8431,-1.269033132609629,-0.008298802814695066
8432,-1.2690331942875421,-0.008298802814695066
8433,-1.2690349014912725,-0.008298802814695066
8434,-1.2690358242398707,-0.008298802814695066
8435,-1.269035886113166,-0.008298802814695066
8436,-1.2690360846184796,-0.008298802814695066
8437,-1.269036547714249,-0.008298802814695066
8438,-1.2690366014325947,-0.008298802814695066
8439,-1.2690369005823032,-0.008298802814695066
8440,-1.2690378080096107,-0.008298802814695066
8441,-1.269038775741428,-0.008298802814695066
8442,-1.2690431363806105,-0.008298802814695066
8443,-1.2690433059365185,-0.008298802814695066
8444,-1.2690446415059182,-0.008298802814695066
8445,-1.2690458609457282,-0.008298802814695066
8446,-1.2690469494640397,-0.008298802814695066
8447,-1.269047139540266,-0.008298802814695066
8448,-1.2690482594699763,-0.008298802814695066
8449,-1.2690482668677503,-0.008298802814695066
8450,-1.2690483277526963,-0.008298802814695066
8451,-1.2690495766711727,-0.008298802814695066
8452,-1.2690497522418653,-0.008298802814695066
8453,-1.2690502669719754,-0.008298802814695066
8454,-1.2690507373008666,-0.008298802814695066
8455,-1.2690543548352908,-0.008298802814695066
8456,-1.2690545773481894,-0.008298802814695066
8457,-1.2690549839138863,-0.008298802814695066
8458,-1.269058875965821,-0.008298802814695066
8459,-1.2690600373590706,-0.008298802814695066
8460,-1.2690601366312895,-0.008298802814695066
8461,-1.2690608429456205,-0.008298802814695066
8462,-1.269060929174401,-0.008298802814695066
8463,-1.2690617142100373,-0.008298802814695066
8464,-1.2690628110501478,-0.008298802814695066
8465,-1.2690629000304434,-0.008298802814695066
8466,-1.2690630092289863,-0.008298802814695066
8467,-1.269063026509132,-0.008298802814695066
8468,-1.2690638206880271,-0.008298802814695066
8469,-1.2690657769071105,-0.008298802814695066
8470,-1.269065785810743,-0.008298802814695066
8471,-1.269066468703933,-0.008298802814695066
8472,-1.2690669738020355,-0.008298802814695066
8473,-1.2690691044149514,-0.008298802814695066
8474,-1.2690695245090233,-0.008298802814695066
8475,-1.2690700226891518,-0.008298802814695066
8476,-1.269070147567536,-0.008298802814695066
8477,-1.2690710874834323,-0.008298802814695066
8478,-1.2690721573607069,-0.008298802814695066
8479,-1.2690725431985603,-0.008298802814695066
8480,-1.269073852006982,-0.008298802814695066
8481,-1.26907438934975,-0.008298802814695066
8482,-1.2690744215707535,-0.008298802814695066
8483,-1.2690755883051767,-0.008298802814695066
8484,-1.2690756586693464,-0.008298802814695066
8485,-1.2690759096103625,-0.008298802814695066
8486,-1.2690785910674427,-0.008298802814695066
8487,-1.2690797821678683,-0.008298802814695066
8488,-1.269079917585076,-0.008298802814695066
8489,-1.2690804535088605,-0.008298802814695066
8490,-1.2690818488930564,-0.008298802814695066
8491,-1.2690825623189987,-0.008298802814695066
8492,-1.2690832209538732,-0.008298802814695066
8493,-1.2690839375097303,-0.008298802814695066
8494,-1.2690847027768806,-0.008298802814695066
8495,-1.2690848617085966,-0.008298802814695066
8496,-1.2690874844828754,-0.008298802814695066
8497,-1.2690905897179243,-0.008298802814695066
8498,-1.2690906652373337,-0.008298802814695066
8499,-1.2690915760073627,-0.008298802814695066
8500,-1.2690920743794611,-0.008298802814695066
8501,-1.269093031434751,-0.008298802814695066
8502,-1.2690932195244446,-0.008298802814695066
8503,-1.2690947940144004,-0.008298802814695066
8504,-1.2690951520278362,-0.008298802814695066
8505,-1.269096671980846,-0.008298802814695066
8506,-1.2690991741270186,-0.008298802814695066
8507,-1.269101516503901,-0.008298802814695066
8508,-1.269102286130169,-0.008298802814695066
8509,-1.2691026370538356,-0.008298802814695066
8510,-1.2691028674742524,-0.008298802814695066
8511,-1.2691029658944837,-0.008298802814695066
8512,-1.2691030746505665,-0.008298802814695066
8513,-1.2691038099820002,-0.008298802814695066
8514,-1.2691052444026965,-0.008298802814695066
8515,-1.2691055576616002,-0.008298802814695066
8516,-1.2691057535471235,-0.008298802814695066
8517,-1.269106397496367,-0.008298802814695066
8518,-1.2691068533234307,-0.008298802814695066
8519,-1.269107019664181,-0.008298802814695066
8520,-1.2691099944852073,-0.008298802814695066
8521,-1.2691105560042504,-0.008298802814695066
8522,-1.2691110024324894,-0.008298802814695066
8523,-1.2691119654298282,-0.008298802814695066
8524,-1.2691124468082926,-0.008298802814695066
8525,-1.2691130422272312,-0.008298802814695066
8526,-1.2691137701597082,-0.008298802814695066
8527,-1.2691140447755647,-0.008298802814695066
8528,-1.26911767945101,-0.008298802814695066
8529,-1.2691183764998688,-0.008298802814695066
8530,-1.2691199130360413,-0.008298802814695066
8531,-1.269119924066684,-0.008298802814695066
8532,-1.269120862054874,-0.008298802814695066
8533,-1.2691211814122543,-0.008298802814695066
8534,-1.2691218077926862,-0.008298802814695066
8535,-1.2691219079065919,-0.008298802814695066
8536,-1.2691220679838073,-0.008298802814695066
8537,-1.2691232876010277,-0.008298802814695066
8538,-1.26912404077204,-0.008298802814695066
8539,-1.2691264194959173,-0.008298802814695066
8540,-1.2691286165374414,-0.008298802814695066
8541,-1.2691292359013902,-0.008298802814695066
8542,-1.2691296094161113,-0.008298802814695066
8543,-1.2691302033567762,-0.008298802814695066
8544,-1.2691305716431367,-0.008298802814695066
8545,-1.2691311048998388,-0.008298802814695066
8546,-1.2691313146694976,-0.008298802814695066
8547,-1.2691320501692926,-0.008298802814695066
8548,-1.2691326223850423,-0.008298802814695066
8549,-1.2691337359440165,-0.008298802814695066
8550,-1.2691339297768673,-0.008298802814695066
8551,-1.269135518631655,-0.008298802814695066
8552,-1.2691363861426126,-0.008298802814695066
8553,-1.2691365603774747,-0.008298802814695066
8554,-1.2691368128683296,-0.008298802814695066
8555,-1.2691392576385792,-0.008298802814695066
8556,-1.2691394456357599,-0.008298802814695066
8557,-1.2691398721330254,-0.008298802814695066
8558,-1.2691400622885909,-0.008298802814695066
8559,-1.2691417258250912,-0.008298802814695066
8560,-1.2691420126979474,-0.008298802814695066
8561,-1.2691426490752555,-0.008298802814695066
8562,-1.269143128854851,-0.008298802814695066
8563,-1.2691432305412371,-0.008298802814695066
8564,-1.2691442272045783,-0.008298802814695066
8565,-1.269144478350964,-0.008298802814695066
8566,-1.269146656304998,-0.008298802814695066
8567,-1.2691467461004224,-0.008298802814695066
8568,-1.269146931367654,-0.008298802814695066
8569,-1.2691480539610427,-0.008298802814695066
8570,-1.2691483293656296,-0.008298802814695066
8571,-1.2691487355622204,-0.008298802814695066
8572,-1.2691490004506039,-0.008298802814695066
8573,-1.2691492108667637,-0.008298802814695066
8574,-1.2691492906128734,-0.008298802814695066
8575,-1.2691497221024512,-0.008298802814695066
8576,-1.2691505794541549,-0.008298802814695066
8577,-1.2691511859920606,-0.008298802814695066
8578,-1.2691519084642597,-0.008298802814695066
8579,-1.2691519744812791,-0.008298802814695066
8580,-1.2691522077541448,-0.008298802814695066
8581,-1.2691529567953046,-0.008298802814695066
8582,-1.2691558016740767,-0.008298802814695066
8583,-1.2691562132227439,-0.008298802814695066
8584,-1.2691563003647794,-0.008298802814695066
8585,-1.2691564274834368,-0.008298802814695066
8586,-1.269159012365304,-0.008298802814695066
8587,-1.2691617403324857,-0.008298802814695066
8588,-1.269162231004628,-0.008298802814695066
8589,-1.2691631690139977,-0.008298802814695066
8590,-1.2691638651951034,-0.008298802814695066
8591,-1.2691653044808524,-0.008298802814695066
8592,-1.2691657762247766,-0.008298802814695066
8593,-1.2691658050655465,-0.008298802814695066
8594,-1.269165899552984,-0.008298802814695066
8595,-1.2691662161009354,-0.008298802814695066
8596,-1.2691665745326162,-0.008298802814695066
8597,-1.2691666663815802,-0.008298802814695066
8598,-1.2691667099145922,-0.008298802814695066
8599,-1.2691671268401508,-0.008298802814695066
8600,-1.2691680376864358,-0.008298802814695066
8601,-1.2691681812876814,-0.008298802814695066
8602,-1.2691693845770233,-0.008298802814695066
8603,-1.2691695035363364,-0.008298802814695066
8604,-1.2691710302217087,-0.008298802814695066
8605,-1.2691713964666336,-0.008298802814695066
8606,-1.2691722743041154,-0.008298802814695066
8607,-1.2691751174780261,-0.008298802814695066
8608,-1.2691753454322292,-0.008298802814695066
8609,-1.2691767246712906,-0.008298802814695066
8610,-1.269176797563823,-0.008298802814695066
8611,-1.269176930789317,-0.008298802814695066
8612,-1.269177560861213,-0.008298802814695066
8613,-1.2691781921523333,-0.008298802814695066
8614,-1.2691790743680582,-0.008298802814695066
8615,-1.2691792029141036,-0.008298802814695066
8616,-1.2691796714412338,-0.008298802814695066
8617,-1.2691810542339312,-0.008298802814695066
8618,-1.2691814078076429,-0.008298802814695066
8619,-1.2691820736671662,-0.008298802814695066
8620,-1.269182714708618,-0.008298802814695066
8621,-1.269183251542291,-0.008298802814695066
8622,-1.2691845185137618,-0.008298802814695066
8623,-1.2691849732408111,-0.008298802814695066
8624,-1.2691862626043675,-0.008298802814695066
8625,-1.269187384784408,-0.008298802814695066
8626,-1.2691876186059898,-0.008298802814695066
8627,-1.2691887183561121,-0.008298802814695066
8628,-1.269189201810742,-0.008298802814695066
8629,-1.2691912511757792,-0.008298802814695066
8630,-1.2691920367972345,-0.008298802814695066
8631,-1.2691935102262082,-0.008298802814695066
8632,-1.2691935383810833,-0.008298802814695066
8633,-1.26919540102491,-0.008298802814695066
8634,-1.269197171116705,-0.008298802814695066
8635,-1.269197524748051,-0.008298802814695066
8636,-1.2691978576467806,-0.008298802814695066
8637,-1.2691983092766868,-0.008298802814695066
8638,-1.2691985791131741,-0.008298802814695066
8639,-1.2691988456742471,-0.008298802814695066
8640,-1.2691988503438756,-0.008298802814695066
8641,-1.269200364083238,-0.008298802814695066
8642,-1.2692051195392167,-0.008298802814695066
8643,-1.2692051395210084,-0.008298802814695066
8644,-1.2692054101667003,-0.008298802814695066
8645,-1.269206212699792,-0.008298802814695066
8646,-1.26920657816851,-0.008298802814695066
8647,-1.2692083750247196,-0.008298802814695066
8648,-1.2692093701299862,-0.008298802814695066
8649,-1.2692098730691637,-0.008298802814695066
8650,-1.2692111412229765,-0.008298802814695066
8651,-1.2692113558601368,-0.008298802814695066
8652,-1.2692124422597137,-0.008298802814695066
8653,-1.2692136679661012,-0.008298802814695066
8654,-1.2692154528588693,-0.008298802814695066
8655,-1.2692161265878164,-0.008298802814695066
8656,-1.269216855307111,-0.008298802814695066
8657,-1.2692173644905471,-0.008298802814695066
8658,-1.269217374581611,-0.008298802814695066
8659,-1.2692182518838606,-0.008298802814695066
8660,-1.2692192107499536,-0.008298802814695066
8661,-1.2692212723519398,-0.008298802814695066
8662,-1.2692220614100855,-0.008298802814695066
8663,-1.2692234093845896,-0.008298802814695066
8664,-1.2692244310898673,-0.008298802814695066
8665,-1.2692251255363924,-0.008298802814695066
8666,-1.2692252006479887,-0.008298802814695066
8667,-1.2692264190140863,-0.008298802814695066
8668,-1.269227394737905,-0.008298802814695066
8669,-1.2692291324063043,-0.008298802814695066
8670,-1.2692312357248734,-0.008298802814695066
8671,-1.2692316179764012,-0.008298802814695066
8672,-1.269231901554472,-0.008298802814695066
8673,-1.2692321139074727,-0.008298802814695066
8674,-1.269232661356122,-0.008298802814695066
8675,-1.2692332310181769,-0.008298802814695066
8676,-1.2692342092931848,-0.008298802814695066
8677,-1.2692343795041758,-0.008298802814695066
8678,-1.2692357326033517,-0.008298802814695066
8679,-1.2692364073087243,-0.008298802814695066
8680,-1.2692364330239911,-0.008298802814695066
8681,-1.2692373671576276,-0.008298802814695066
8682,-1.26923801285202,-0.008298802814695066
8683,-1.2692383966123106,-0.008298802814695066
8684,-1.269238608040172,-0.008298802814695066
8685,-1.2692388565749524,-0.008298802814695066
8686,-1.2692400172275922,-0.008298802814695066
8687,-1.2692402169185035,-0.008298802814695066
8688,-1.269240283255166,-0.008298802814695066
8689,-1.2692410433587498,-0.008298802814695066
8690,-1.2692419399476078,-0.008298802814695066
8691,-1.2692425547918855,-0.008298802814695066
8692,-1.2692429118197657,-0.008298802814695066
8693,-1.2692443763054935,-0.008298802814695066
8694,-1.2692443848807404,-0.008298802814695066
8695,-1.2692455191928897,-0.008298802814695066
8696,-1.2692457483314132,-0.008298802814695066
8697,-1.269246118870077,-0.008298802814695066
8698,-1.2692466694106506,-0.008298802814695066
8699,-1.2692488258131267,-0.008298802814695066
8700,-1.2692498955149913,-0.008298802814695066
8701,-1.269250824532282,-0.008298802814695066
8702,-1.2692511555759831,-0.008298802814695066
8703,-1.2692513145544355,-0.008298802814695066
8704,-1.2692517941365185,-0.008298802814695066
8705,-1.269253181533716,-0.008298802814695066
8706,-1.269253891128903,-0.008298802814695066
8707,-1.2692544126316425,-0.008298802814695066
8708,-1.2692544499586917,-0.008298802814695066
8709,-1.2692569539721994,-0.008298802814695066
8710,-1.2692574169033926,-0.008298802814695066
8711,-1.2692574663007363,-0.008298802814695066
8712,-1.2692577324036753,-0.008298802814695066
8713,-1.2692577332965733,-0.008298802814695066
8714,-1.2692580812188807,-0.008298802814695066
8715,-1.2692582550129008,-0.008298802814695066
8716,-1.2692585580758413,-0.008298802814695066
8717,-1.2692585944842842,-0.008298802814695066
8718,-1.2692588071438833,-0.008298802814695066
8719,-1.2692601508282089,-0.008298802814695066
8720,-1.2692606649090779,-0.008298802814695066
8721,-1.2692606772070156,-0.008298802814695066
8722,-1.2692615963257925,-0.008298802814695066
8723,-1.2692618275914214,-0.008298802814695066
8724,-1.269262914866896,-0.008298802814695066
8725,-1.2692637655936552,-0.008298802814695066
8726,-1.2692643576930338,-0.008298802814695066
8727,-1.2692650243876602,-0.008298802814695066
8728,-1.2692666730815443,-0.008298802814695066
8729,-1.269267257615638,-0.008298802814695066
8730,-1.269267443530918,-0.008298802814695066
8731,-1.2692690486583393,-0.008298802814695066
8732,-1.269270188793132,-0.008298802814695066
8733,-1.2692716591917816,-0.008298802814695066
8734,-1.2692718696102137,-0.008298802814695066
8735,-1.269273000712042,-0.008298802814695066
8736,-1.2692737060554575,-0.008298802814695066
8737,-1.2692755186647917,-0.008298802814695066
8738,-1.2692761196320101,-0.008298802814695066
8739,-1.2692762756026528,-0.008298802814695066
8740,-1.2692769554929844,-0.008298802814695066
8741,-1.2692780284632623,-0.008298802814695066
8742,-1.2692802216060064,-0.008298802814695066
8743,-1.269280558009282,-0.008298802814695066
8744,-1.269281003395251,-0.008298802814695066
8745,-1.269282763491267,-0.008298802814695066
8746,-1.2692829196959692,-0.008298802814695066
8747,-1.26928357559485,-0.008298802814695066
8748,-1.269283817116357,-0.008298802814695066
8749,-1.2692840199081379,-0.008298802814695066
8750,-1.2692841253400768,-0.008298802814695066
8751,-1.269284402265291,-0.008298802814695066
8752,-1.2692853622957216,-0.008298802814695066
8753,-1.269285416337035,-0.008298802814695066
8754,-1.269286051849134,-0.008298802814695066
8755,-1.2692867154169543,-0.008298802814695066
8756,-1.2692868951929264,-0.008298802814695066
8757,-1.269287227260249,-0.008298802814695066
8758,-1.2692873626679004,-0.008298802814695066
8759,-1.2692874165919474,-0.008298802814695066
8760,-1.2692882795283706,-0.008298802814695066
8761,-1.2692893704274797,-0.008298802814695066
8762,-1.2692900404563798,-0.008298802814695066
8763,-1.2692906088806717,-0.008298802814695066
8764,-1.2692917193320894,-0.008298802814695066
8765,-1.2692920883036585,-0.008298802814695066
8766,-1.2692925354012663,-0.008298802814695066
8767,-1.2692927909902154,-0.008298802814695066
8768,-1.2692939677591424,-0.008298802814695066
8769,-1.2692940831015795,-0.008298802814695066
8770,-1.2692942470587645,-0.008298802814695066
8771,-1.2692946089109247,-0.008298802814695066
8772,-1.2692948930770296,-0.008298802814695066
8773,-1.2692950234952645,-0.008298802814695066
8774,-1.2692966126997427,-0.008298802814695066
8775,-1.2692970212624508,-0.008298802814695066
8776,-1.2692982238529258,-0.008298802814695066
8777,-1.2693006929309802,-0.008298802814695066
8778,-1.2693017488830918,-0.008298802814695066
8779,-1.2693019138654074,-0.008298802814695066
8780,-1.2693027006925384,-0.008298802814695066
8781,-1.2693031556997512,-0.008298802814695066
8782,-1.2693032375098157,-0.008298802814695066
8783,-1.2693034415205242,-0.008298802814695066
8784,-1.2693038559417065,-0.008298802814695066
8785,-1.2693041381576768,-0.008298802814695066
8786,-1.2693042844676852,-0.008298802814695066
8787,-1.2693044405185243,-0.008298802814695066
8788,-1.269304462525088,-0.008298802814695066
8789,-1.2693052014220996,-0.008298802814695066
8790,-1.2693054235798686,-0.008298802814695066
8791,-1.2693057023518222,-0.008298802814695066
8792,-1.2693057826853784,-0.008298802814695066
8793,-1.2693058831351456,-0.008298802814695066
8794,-1.269306079332574,-0.008298802814695066
8795,-1.2693077878829748,-0.008298802814695066
8796,-1.2693096868954206,-0.008298802814695066
8797,-1.2693097897117323,-0.008298802814695066
8798,-1.2693098431741525,-0.008298802814695066
8799,-1.2693100193954623,-0.008298802814695066
8800,-1.2693101437293433,-0.008298802814695066
8801,-1.2693102677426844,-0.008298802814695066
8802,-1.2693110292047005,-0.008298802814695066
8803,-1.2693113511902265,-0.008298802814695066
8804,-1.269311555139257,-0.008298802814695066
8805,-1.2693117175197102,-0.008298802814695066
8806,-1.269313216587464,-0.008298802814695066
8807,-1.2693132406917882,-0.008298802814695066
8808,-1.2693134232380314,-0.008298802814695066
8809,-1.269313967639992,-0.008298802814695066
8810,-1.2693142518372769,-0.008298802814695066
8811,-1.2693144383563462,-0.008298802814695066
8812,-1.2693150238951652,-0.008298802814695066
8813,-1.2693155100149476,-0.008298802814695066
8814,-1.2693158893041427,-0.008298802814695066
8815,-1.2693163561408478,-0.008298802814695066
8816,-1.2693169091751266,-0.008298802814695066
8817,-1.2693169360623497,-0.008298802814695066
8818,-1.2693169456133102,-0.008298802814695066
8819,-1.2693174885352256,-0.008298802814695066
8820,-1.2693180424920525,-0.008298802814695066
8821,-1.269318082726771,-0.008298802814695066
8822,-1.2693181316022282,-0.008298802814695066
8823,-1.2693181813594974,-0.008298802814695066
8824,-1.2693188579020829,-0.008298802814695066
8825,-1.269320294472307,-0.008298802814695066
8826,-1.2693203824517325,-0.008298802814695066
8827,-1.269321170611008,-0.008298802814695066
8828,-1.269321679072497,-0.008298802814695066
8829,-1.269321767856967,-0.008298802814695066
8830,-1.269322079691472,-0.008298802814695066
8831,-1.269322181001921,-0.008298802814695066
8832,-1.26932241126445,-0.008298802814695066
8833,-1.2693230454736872,-0.008298802814695066
8834,-1.269323679077651,-0.008298802814695066
8835,-1.269324126756809,-0.008298802814695066
8836,-1.269324594866735,-0.008298802814695066
8837,-1.2693261126607633,-0.008298802814695066
8838,-1.2693261423768845,-0.008298802814695066
8839,-1.2693262463155315,-0.008298802814695066
8840,-1.2693265366488768,-0.008298802814695066
8841,-1.269326971616596,-0.008298802814695066
8842,-1.2693271178808425,-0.008298802814695066
8843,-1.269327780938164,-0.008298802814695066
8844,-1.269328170589216,-0.008298802814695066
8845,-1.2693285128525709,-0.008298802814695066
8846,-1.269330004112331,-0.008298802814695066
8847,-1.2693301065180467,-0.008298802814695066
8848,-1.2693306584937982,-0.008298802814695066
8849,-1.2693308727677282,-0.008298802814695066
8850,-1.2693311978593103,-0.008298802814695066
8851,-1.2693313961012684,-0.008298802814695066
8852,-1.2693325024499167,-0.008298802814695066
8853,-1.2693325549006125,-0.008298802814695066
8854,-1.2693328588412665,-0.008298802814695066
8855,-1.269334260993429,-0.008298802814695066
8856,-1.2693356584793865,-0.008298802814695066
8857,-1.2693363420231398,-0.008298802814695066
8858,-1.2693365625882882,-0.008298802814695066
8859,-1.2693365814359499,-0.008298802814695066
8860,-1.2693372713288245,-0.008298802814695066
8861,-1.2693382304256526,-0.008298802814695066
8862,-1.2693387168000974,-0.008298802814695066
8863,-1.2693387672447507,-0.008298802814695066
8864,-1.269339220585536,-0.008298802814695066
8865,-1.2693394159611684,-0.008298802814695066
8866,-1.2693402183489844,-0.008298802814695066
8867,-1.26934024434304,-0.008298802814695066
8868,-1.2693405934123485,-0.008298802814695066
8869,-1.2693409415291776,-0.008298802814695066
8870,-1.2693437720468892,-0.008298802814695066
8871,-1.2693447086418328,-0.008298802814695066
8872,-1.2693461139541637,-0.008298802814695066
8873,-1.2693464138090294,-0.008298802814695066
8874,-1.269346923939257,-0.008298802814695066
8875,-1.2693469344922659,-0.008298802814695066
8876,-1.2693475565462495,-0.008298802814695066
8877,-1.269347571887081,-0.008298802814695066
8878,-1.2693482470174287,-0.008298802814695066
8879,-1.2693483159799819,-0.008298802814695066
8880,-1.269348726296518,-0.008298802814695066
8881,-1.2693490329387622,-0.008298802814695066
8882,-1.2693493309545105,-0.008298802814695066
8883,-1.2693500733107026,-0.008298802814695066
8884,-1.2693503391036134,-0.008298802814695066
8885,-1.2693513509216705,-0.008298802814695066
8886,-1.2693525894714106,-0.008298802814695066
8887,-1.2693526116253753,-0.008298802814695066
8888,-1.2693527483119482,-0.008298802814695066
8889,-1.2693528939987293,-0.008298802814695066
8890,-1.2693533798248167,-0.008298802814695066
8891,-1.2693536694117982,-0.008298802814695066
8892,-1.2693540505861127,-0.008298802814695066
8893,-1.2693559709038778,-0.008298802814695066
8894,-1.2693568535892448,-0.008298802814695066
8895,-1.2693568854116735,-0.008298802814695066
8896,-1.269357418189047,-0.008298802814695066
8897,-1.2693585780309782,-0.008298802814695066
8898,-1.269360141380741,-0.008298802814695066
8899,-1.2693603552493484,-0.008298802814695066
8900,-1.2693611547673522,-0.008298802814695066
8901,-1.2693622678732819,-0.008298802814695066
8902,-1.269362282859137,-0.008298802814695066
8903,-1.269363544477348,-0.008298802814695066
8904,-1.269363639234536,-0.008298802814695066
8905,-1.269364059427036,-0.008298802814695066
8906,-1.2693651027072665,-0.008298802814695066
8907,-1.2693665121196138,-0.008298802814695066
8908,-1.2693668152194097,-0.008298802814695066
8909,-1.269367395720796,-0.008298802814695066
8910,-1.26936955598626,-0.008298802814695066
8911,-1.269369808651063,-0.008298802814695066
8912,-1.2693708070589251,-0.008298802814695066
8913,-1.2693714200091533,-0.008298802814695066
8914,-1.2693716367559764,-0.008298802814695066
8915,-1.2693718931386868,-0.008298802814695066
8916,-1.2693721526296218,-0.008298802814695066
8917,-1.2693729759422723,-0.008298802814695066
8918,-1.2693737293268847,-0.008298802814695066
8919,-1.269374153236262,-0.008298802814695066
8920,-1.2693744650861936,-0.008298802814695066
8921,-1.2693747829653912,-0.008298802814695066
8922,-1.269374957696109,-0.008298802814695066
8923,-1.2693751945386884,-0.008298802814695066
8924,-1.2693755941159983,-0.008298802814695066
8925,-1.2693768867877115,-0.008298802814695066
8926,-1.2693784420193235,-0.008298802814695066
8927,-1.2693801490859626,-0.008298802814695066
8928,-1.2693802283364604,-0.008298802814695066
8929,-1.2693804697183038,-0.008298802814695066
8930,-1.2693807999715856,-0.008298802814695066
8931,-1.2693809313471036,-0.008298802814695066
8932,-1.2693815999702476,-0.008298802814695066
8933,-1.2693817999374746,-0.008298802814695066
8934,-1.2693819715915915,-0.008298802814695066
8935,-1.2693821280589368,-0.008298802814695066
8936,-1.2693824467755048,-0.008298802814695066
8937,-1.2693825319140255,-0.008298802814695066
8938,-1.2693827187588171,-0.008298802814695066
8939,-1.2693831183450897,-0.008298802814695066
8940,-1.269384217338583,-0.008298802814695066
8941,-1.2693849949215974,-0.008298802814695066
8942,-1.2693851635293076,-0.008298802814695066
8943,-1.2693853049815644,-0.008298802814695066
8944,-1.2693853908934487,-0.008298802814695066
8945,-1.2693858107725742,-0.008298802814695066
8946,-1.2693859070219273,-0.008298802814695066
8947,-1.2693862091943937,-0.008298802814695066
8948,-1.2693878020670981,-0.008298802814695066
8949,-1.2693883650176159,-0.008298802814695066
8950,-1.2693884995661087,-0.008298802814695066
8951,-1.2693885569238073,-0.008298802814695066
8952,-1.2693894489662023,-0.008298802814695066
8953,-1.269389924052627,-0.008298802814695066
8954,-1.2693903628792371,-0.008298802814695066
8955,-1.2693905505068372,-0.008298802814695066
8956,-1.2693906869745062,-0.008298802814695066
8957,-1.269390893928917,-0.008298802814695066
8958,-1.2693911211242654,-0.008298802814695066
8959,-1.269391760982707,-0.008298802814695066
8960,-1.269392767484884,-0.008298802814695066
8961,-1.269393992202494,-0.008298802814695066
8962,-1.2693940640248407,-0.008298802814695066
8963,-1.2693949240605529,-0.008298802814695066
8964,-1.2693950077729488,-0.008298802814695066
8965,-1.2693957759120758,-0.008298802814695066
8966,-1.2693965586334308,-0.008298802814695066
8967,-1.269397244015055,-0.008298802814695066
8968,-1.2693991134287932,-0.008298802814695066
8969,-1.2693991181603514,-0.008298802814695066
8970,-1.2693996819321234,-0.008298802814695066
8971,-1.2693998680434113,-0.008298802814695066
8972,-1.2694001135035768,-0.008298802814695066
8973,-1.2694005246037046,-0.008298802814695066
8974,-1.2694010365667667,-0.008298802814695066
8975,-1.2694011764364144,-0.008298802814695066
8976,-1.2694019404707355,-0.008298802814695066
8977,-1.2694026485763463,-0.008298802814695066
8978,-1.2694026706796666,-0.008298802814695066
8979,-1.2694028115205231,-0.008298802814695066
8980,-1.2694029450219437,-0.008298802814695066
8981,-1.2694030060814607,-0.008298802814695066
8982,-1.2694031070584424,-0.008298802814695066
8983,-1.2694041297393301,-0.008298802814695066
8984,-1.2694045544213735,-0.008298802814695066
8985,-1.2694046031303168,-0.008298802814695066
8986,-1.2694055490428968,-0.008298802814695066
8987,-1.2694069308269673,-0.008298802814695066
8988,-1.2694073171413738,-0.008298802814695066
8989,-1.269407343922585,-0.008298802814695066
8990,-1.2694077090235714,-0.008298802814695066
8991,-1.2694083172602204,-0.008298802814695066
8992,-1.2694092579985312,-0.008298802814695066
8993,-1.2694093551941574,-0.008298802814695066
8994,-1.2694096124725962,-0.008298802814695066
8995,-1.2694101348202618,-0.008298802814695066
8996,-1.2694101707543501,-0.008298802814695066
8997,-1.2694101846021324,-0.008298802814695066
8998,-1.2694112720338828,-0.008298802814695066
8999,-1.2694123938856492,-0.008298802814695066
9000,-1.2694123994100277,-0.008298802814695066
9001,-1.2694126999352051,-0.008298802814695066
9002,-1.269413035394215,-0.008298802814695066
9003,-1.2694142288882868,-0.008298802814695066
9004,-1.2694153636779701,-0.008298802814695066
9005,-1.2694156580855904,-0.008298802814695066
9006,-1.2694161038330716,-0.008298802814695066
9007,-1.269416107034955,-0.008298802814695066
9008,-1.2694163224192168,-0.008298802814695066
9009,-1.2694163928679394,-0.008298802814695066
9010,-1.269416556012906,-0.008298802814695066
9011,-1.2694166417261992,-0.008298802814695066
9012,-1.2694170015665958,-0.008298802814695066
9013,-1.26941705568994,-0.008298802814695066
9014,-1.2694172044433318,-0.008298802814695066
9015,-1.2694172263280208,-0.008298802814695066
9016,-1.2694173662308423,-0.008298802814695066
9017,-1.2694179534478434,-0.008298802814695066
9018,-1.2694179809083097,-0.008298802814695066
9019,-1.2694182607155033,-0.008298802814695066
9020,-1.269418452235323,-0.008298802814695066
9021,-1.2694185428283045,-0.008298802814695066
9022,-1.269419060456858,-0.008298802814695066
9023,-1.2694191225052074,-0.008298802814695066
9024,-1.2694198698248034,-0.008298802814695066
9025,-1.2694198975402,-0.008298802814695066
9026,-1.269420485883935,-0.008298802814695066
9027,-1.2694206425172596,-0.008298802814695066
9028,-1.269420752474638,-0.008298802814695066
9029,-1.2694212561771443,-0.008298802814695066
9030,-1.2694212618543261,-0.008298802814695066
9031,-1.2694226513839286,-0.008298802814695066
9032,-1.2694230318479378,-0.008298802814695066
9033,-1.2694231500304451,-0.008298802814695066
9034,-1.2694240319969605,-0.008298802814695066
9035,-1.2694248376713662,-0.008298802814695066
9036,-1.2694249716926547,-0.008298802814695066
9037,-1.269425541451348,-0.008298802814695066
9038,-1.2694258684902338,-0.008298802814695066
9039,-1.269426553675376,-0.008298802814695066
9040,-1.2694269535614824,-0.008298802814695066
9041,-1.2694283617986217,-0.008298802814695066
9042,-1.2694296322900238,-0.008298802814695066
9043,-1.269430003909398,-0.008298802814695066
9044,-1.269430253537199,-0.008298802814695066
9045,-1.2694303873815371,-0.008298802814695066
9046,-1.2694319353436552,-0.008298802814695066
9047,-1.2694324531949281,-0.008298802814695066
9048,-1.2694331451368084,-0.008298802814695066
9049,-1.2694336687093162,-0.008298802814695066
9050,-1.2694342449212546,-0.008298802814695066
9051,-1.2694342823693316,-0.008298802814695066
9052,-1.2694345087530785,-0.008298802814695066
9053,-1.2694354946558655,-0.008298802814695066
9054,-1.2694355674800113,-0.008298802814695066
9055,-1.2694356886447922,-0.008298802814695066
9056,-1.269435689203856,-0.008298802814695066
9057,-1.2694358178933673,-0.008298802814695066
9058,-1.269435925957511,-0.008298802814695066
9059,-1.2694360634213935,-0.008298802814695066
9060,-1.269436530876498,-0.008298802814695066
9061,-1.269437250978696,-0.008298802814695066
9062,-1.2694381215566013,-0.008298802814695066
9063,-1.2694382080971027,-0.008298802814695066
9064,-1.269438230728086,-0.008298802814695066
9065,-1.2694384369005824,-0.008298802814695066
9066,-1.269439133037143,-0.008298802814695066
9067,-1.269440231490397,-0.008298802814695066
9068,-1.2694406170379786,-0.008298802814695066
9069,-1.2694407975044326,-0.008298802814695066
9070,-1.269440797532825,-0.008298802814695066
9071,-1.2694414882314093,-0.008298802814695066
9072,-1.269441917584828,-0.008298802814695066
9073,-1.2694419723316108,-0.008298802814695066
9074,-1.2694421716718782,-0.008298802814695066
9075,-1.2694427995583393,-0.008298802814695066
9076,-1.2694428579692563,-0.008298802814695066
9077,-1.2694429856699994,-0.008298802814695066
9078,-1.2694433800080982,-0.008298802814695066
9079,-1.2694434430753183,-0.008298802814695066
9080,-1.2694444834917984,-0.008298802814695066
9081,-1.269444540572021,-0.008298802814695066
9082,-1.2694445671051637,-0.008298802814695066
9083,-1.2694458608275887,-0.008298802814695066
9084,-1.2694460377763683,-0.008298802814695066
9085,-1.2694471890229062,-0.008298802814695066
9086,-1.2694482893918928,-0.008298802814695066
9087,-1.2694489698034177,-0.008298802814695066
9088,-1.2694500623460636,-0.008298802814695066
9089,-1.2694505695102212,-0.008298802814695066
9090,-1.269451216539396,-0.008298802814695066
9091,-1.2694523704228908,-0.008298802814695066
9092,-1.2694524807638876,-0.008298802814695066
9093,-1.2694528105087355,-0.008298802814695066
9094,-1.2694530588032782,-0.008298802814695066
9095,-1.2694532776976055,-0.008298802814695066
9096,-1.2694532974230228,-0.008298802814695066
9097,-1.269453523598734,-0.008298802814695066
9098,-1.2694535342720097,-0.008298802814695066
9099,-1.2694535639793925,-0.008298802814695066
9100,-1.2694537228530292,-0.008298802814695066
9101,-1.2694537920320303,-0.008298802814695066
9102,-1.2694538426063762,-0.008298802814695066
9103,-1.269454491079699,-0.008298802814695066
9104,-1.2694548340956942,-0.008298802814695066
9105,-1.2694553963873707,-0.008298802814695066
9106,-1.2694554023485003,-0.008298802814695066
9107,-1.2694554349630245,-0.008298802814695066
9108,-1.2694559997610992,-0.008298802814695066
9109,-1.2694563937779688,-0.008298802814695066
9110,-1.2694565950966183,-0.008298802814695066
9111,-1.2694569932834687,-0.008298802814695066
9112,-1.269457296203198,-0.008298802814695066
9113,-1.2694576098342552,-0.008298802814695066
9114,-1.269457619754478,-0.008298802814695066
9115,-1.2694577579449602,-0.008298802814695066
9116,-1.2694578088231445,-0.008298802814695066
9117,-1.269458660329537,-0.008298802814695066
9118,-1.2694593526487914,-0.008298802814695066
9119,-1.2694594135417605,-0.008298802814695066
9120,-1.2694606860216906,-0.008298802814695066
9121,-1.2694606866113665,-0.008298802814695066
9122,-1.2694609133765802,-0.008298802814695066
9123,-1.269461599793978,-0.008298802814695066
9124,-1.2694616637533804,-0.008298802814695066
9125,-1.269461754017061,-0.008298802814695066
9126,-1.269461860618934,-0.008298802814695066
9127,-1.2694626265716311,-0.008298802814695066
9128,-1.2694626751711209,-0.008298802814695066
9129,-1.269462810435096,-0.008298802814695066
9130,-1.2694629669780717,-0.008298802814695066
9131,-1.2694630386571544,-0.008298802814695066
9132,-1.2694637564759081,-0.008298802814695066
9133,-1.2694639181169343,-0.008298802814695066
9134,-1.2694639244142185,-0.008298802814695066
9135,-1.269464372045369,-0.008298802814695066
9136,-1.2694643752582082,-0.008298802814695066
9137,-1.2694645399110671,-0.008298802814695066
9138,-1.2694649192181326,-0.008298802814695066
9139,-1.2694658527591496,-0.008298802814695066
9140,-1.2694662773674037,-0.008298802814695066
9141,-1.2694663321412307,-0.008298802814695066
9142,-1.2694664654144734,-0.008298802814695066
9143,-1.2694668843079286,-0.008298802814695066
9144,-1.2694670588902175,-0.008298802814695066
9145,-1.2694673042566869,-0.008298802814695066
9146,-1.26946747167334,-0.008298802814695066
9147,-1.2694675406770677,-0.008298802814695066
9148,-1.2694678217652344,-0.008298802814695066
9149,-1.269467856661077,-0.008298802814695066
9150,-1.269467915650895,-0.008298802814695066
9151,-1.2694681580820535,-0.008298802814695066
9152,-1.2694681823276772,-0.008298802814695066
9153,-1.2694683347999323,-0.008298802814695066
9154,-1.2694689761263311,-0.008298802814695066
9155,-1.2694692401637186,-0.008298802814695066
9156,-1.2694692696118253,-0.008298802814695066
9157,-1.2694701163102753,-0.008298802814695066
9158,-1.2694702394488266,-0.008298802814695066
9159,-1.2694707282491782,-0.008298802814695066
9160,-1.2694707872016213,-0.008298802814695066
9161,-1.2694713380618114,-0.008298802814695066
9162,-1.2694716192086744,-0.008298802814695066
9163,-1.2694721439888905,-0.008298802814695066
9164,-1.26947279248547,-0.008298802814695066
9165,-1.26947284840418,-0.008298802814695066
9166,-1.2694730336930857,-0.008298802814695066
9167,-1.2694735958687604,-0.008298802814695066
9168,-1.269473636573567,-0.008298802814695066
9169,-1.2694737240743907,-0.008298802814695066
9170,-1.2694737686921425,-0.008298802814695066
9171,-1.2694738510551389,-0.008298802814695066
9172,-1.269473938219894,-0.008298802814695066
9173,-1.2694740691144253,-0.008298802814695066
9174,-1.2694744623533356,-0.008298802814695066
9175,-1.2694745125582552,-0.008298802814695066
9176,-1.2694750213991821,-0.008298802814695066
9177,-1.269475247965732,-0.008298802814695066
9178,-1.2694761797332694,-0.008298802814695066
9179,-1.2694774923009517,-0.008298802814695066
9180,-1.2694781249461013,-0.008298802814695066
9181,-1.2694784872486473,-0.008298802814695066
9182,-1.269478519430584,-0.008298802814695066
9183,-1.269478533073917,-0.008298802814695066
9184,-1.2694786130395084,-0.008298802814695066
9185,-1.2694786593044045,-0.008298802814695066
9186,-1.269479238910835,-0.008298802814695066
9187,-1.2694796996185145,-0.008298802814695066
9188,-1.2694799345443304,-0.008298802814695066
9189,-1.269480150078386,-0.008298802814695066
9190,-1.2694803616597297,-0.008298802814695066
9191,-1.2694804355373435,-0.008298802814695066
9192,-1.2694812932331137,-0.008298802814695066
9193,-1.2694822251204638,-0.008298802814695066
9194,-1.2694823616449704,-0.008298802814695066
9195,-1.2694830209015162,-0.008298802814695066
9196,-1.2694832127419104,-0.008298802814695066
9197,-1.2694837834525692,-0.008298802814695066
9198,-1.2694840616255931,-0.008298802814695066
9199,-1.2694842805492363,-0.008298802814695066
9200,-1.2694842860381295,-0.008298802814695066
9201,-1.269484296562085,-0.008298802814695066
9202,-1.2694852217585806,-0.008298802814695066
9203,-1.2694855010233226,-0.008298802814695066
9204,-1.269486256599812,-0.008298802814695066
9205,-1.2694863710439936,-0.008298802814695066
9206,-1.2694867596980215,-0.008298802814695066
9207,-1.2694879508769858,-0.008298802814695066
9208,-1.2694883604275833,-0.008298802814695066
9209,-1.2694884553512296,-0.008298802814695066
9210,-1.2694886148347382,-0.008298802814695066
9211,-1.2694887446286118,-0.008298802814695066
9212,-1.2694888579599581,-0.008298802814695066
9213,-1.2694891525637644,-0.008298802814695066
9214,-1.2694891568586764,-0.008298802814695066
9215,-1.2694891624320834,-0.008298802814695066
9216,-1.2694894689732183,-0.008298802814695066
9217,-1.2694895226449765,-0.008298802814695066
9218,-1.2694896528362531,-0.008298802814695066
9219,-1.269489864926396,-0.008298802814695066
9220,-1.269489878771087,-0.008298802814695066
9221,-1.2694900229943,-0.008298802814695066
9222,-1.2694909412251012,-0.008298802814695066
9223,-1.2694910238284205,-0.008298802814695066
9224,-1.269491394662214,-0.008298802814695066
9225,-1.2694916190146954,-0.008298802814695066
9226,-1.2694917057267896,-0.008298802814695066
9227,-1.269492030157808,-0.008298802814695066
9228,-1.2694938312103163,-0.008298802814695066
9229,-1.2694940881707564,-0.008298802814695066
9230,-1.2694942352157088,-0.008298802814695066
9231,-1.2694942981726502,-0.008298802814695066
9232,-1.2694945817059669,-0.008298802814695066
9233,-1.2694956010380565,-0.008298802814695066
9234,-1.2694961613325564,-0.008298802814695066
9235,-1.2694976051192082,-0.008298802814695066
9236,-1.2694978867241136,-0.008298802814695066
9237,-1.2694986848172958,-0.008298802814695066
9238,-1.2694988964605036,-0.008298802814695066
9239,-1.269499079225071,-0.008298802814695066
9240,-1.2694991117007572,-0.008298802814695066
9241,-1.2694991811362863,-0.008298802814695066
9242,-1.2694992294309453,-0.008298802814695066
9243,-1.2694993453811139,-0.008298802814695066
9244,-1.2694994303444902,-0.008298802814695066
9245,-1.2694996171052695,-0.008298802814695066
9246,-1.2695004888370578,-0.008298802814695066
9247,-1.269500521261944,-0.008298802814695066
9248,-1.269500797568552,-0.008298802814695066
9249,-1.2695013209894253,-0.008298802814695066
9250,-1.2695013583021035,-0.008298802814695066
9251,-1.269501500380438,-0.008298802814695066
9252,-1.2695015356181107,-0.008298802814695066
9253,-1.269501705542583,-0.008298802814695066
9254,-1.2695019881227263,-0.008298802814695066
9255,-1.2695029406202458,-0.008298802814695066
9256,-1.2695041129903764,-0.008298802814695066
9257,-1.2695045249573131,-0.008298802814695066
9258,-1.2695048746395665,-0.008298802814695066
9259,-1.2695049579700923,-0.008298802814695066
9260,-1.2695051702716593,-0.008298802814695066
9261,-1.2695060313056459,-0.008298802814695066
9262,-1.2695064361026593,-0.008298802814695066
9263,-1.2695069346005194,-0.008298802814695066
9264,-1.2695074741034709,-0.008298802814695066
9265,-1.2695081933589574,-0.008298802814695066
9266,-1.269508417518404,-0.008298802814695066
9267,-1.2695087173904391,-0.008298802814695066
9268,-1.2695088350015276,-0.008298802814695066
9269,-1.2695088447471692,-0.008298802814695066
9270,-1.2695088722721937,-0.008298802814695066
9271,-1.2695089630658858,-0.008298802814695066
9272,-1.2695091148268625,-0.008298802814695066
9273,-1.269509186874938,-0.008298802814695066
9274,-1.269509625123722,-0.008298802814695066
9275,-1.2695098954329067,-0.008298802814695066
9276,-1.2695102961125069,-0.008298802814695066
9277,-1.2695105552996704,-0.008298802814695066
9278,-1.2695111292643635,-0.008298802814695066
9279,-1.269511155899312,-0.008298802814695066
9280,-1.2695112888352353,-0.008298802814695066
9281,-1.2695114083445382,-0.008298802814695066
9282,-1.269511436505066,-0.008298802814695066
9283,-1.2695122015122444,-0.008298802814695066
9284,-1.2695126372770003,-0.008298802814695066
9285,-1.2695127002288051,-0.008298802814695066
9286,-1.269513216128177,-0.008298802814695066
9287,-1.2695144381997348,-0.008298802814695066
9288,-1.2695149509292443,-0.008298802814695066
9289,-1.2695149741274643,-0.008298802814695066
9290,-1.2695149853455452,-0.008298802814695066
9291,-1.269515265393245,-0.008298802814695066
9292,-1.2695153195065663,-0.008298802814695066
9293,-1.26951536035813,-0.008298802814695066
9294,-1.2695153759211752,-0.008298802814695066
9295,-1.269515466293722,-0.008298802814695066
9296,-1.2695159477506157,-0.008298802814695066
9297,-1.2695160655933788,-0.008298802814695066
9298,-1.2695163556435047,-0.008298802814695066
9299,-1.269516748471107,-0.008298802814695066
9300,-1.2695176463208786,-0.008298802814695066
9301,-1.2695182599504014,-0.008298802814695066
9302,-1.2695196491264025,-0.008298802814695066
9303,-1.2695203164606723,-0.008298802814695066
9304,-1.2695206167505733,-0.008298802814695066
9305,-1.2695211260655386,-0.008298802814695066
9306,-1.2695212894800214,-0.008298802814695066
9307,-1.2695217110168722,-0.008298802814695066
9308,-1.2695220179568123,-0.008298802814695066
9309,-1.269522157124904,-0.008298802814695066
9310,-1.269522952861576,-0.008298802814695066
9311,-1.2695230930090826,-0.008298802814695066
9312,-1.2695237521970772,-0.008298802814695066
9313,-1.2695240467445534,-0.008298802814695066
9314,-1.2695243695442744,-0.008298802814695066
9315,-1.2695244626292639,-0.008298802814695066
9316,-1.269525250671894,-0.008298802814695066
9317,-1.2695257342518325,-0.008298802814695066
9318,-1.2695257406947305,-0.008298802814695066
9319,-1.2695259888467825,-0.008298802814695066
9320,-1.2695266450927596,-0.008298802814695066
9321,-1.2695267707306783,-0.008298802814695066
9322,-1.2695268757004479,-0.008298802814695066
9323,-1.2695273448108442,-0.008298802814695066
9324,-1.269527530869695,-0.008298802814695066
9325,-1.2695280983199058,-0.008298802814695066
9326,-1.2695287705310165,-0.008298802814695066
9327,-1.2695290665432648,-0.008298802814695066
9328,-1.2695301064785718,-0.008298802814695066
9329,-1.2695301232427383,-0.008298802814695066
9330,-1.269530251121997,-0.008298802814695066
9331,-1.2695306248654514,-0.008298802814695066
9332,-1.2695307929995943,-0.008298802814695066
9333,-1.2695310379332603,-0.008298802814695066
9334,-1.26953181982062,-0.008298802814695066
9335,-1.269532146584606,-0.008298802814695066
9336,-1.269532209410198,-0.008298802814695066
9337,-1.2695326312802004,-0.008298802814695066
9338,-1.2695328058263895,-0.008298802814695066
9339,-1.2695328670058967,-0.008298802814695066
9340,-1.2695329812074923,-0.008298802814695066
9341,-1.26953329578396,-0.008298802814695066
9342,-1.2695335342084713,-0.008298802814695066
9343,-1.2695338695699088,-0.008298802814695066
9344,-1.2695341558072206,-0.008298802814695066
9345,-1.269534317805923,-0.008298802814695066
9346,-1.269534418002225,-0.008298802814695066
9347,-1.2695347068043252,-0.008298802814695066
9348,-1.2695348225422776,-0.008298802814695066
9349,-1.2695348560579598,-0.008298802814695066
9350,-1.2695364929428465,-0.008298802814695066
9351,-1.2695372161708778,-0.008298802814695066
9352,-1.2695378336031542,-0.008298802814695066
9353,-1.2695378840457097,-0.008298802814695066
9354,-1.2695382870356249,-0.008298802814695066
9355,-1.2695383327034486,-0.008298802814695066
9356,-1.269539372765121,-0.008298802814695066
9357,-1.2695394694511242,-0.008298802814695066
9358,-1.26953956845616,-0.008298802814695066
9359,-1.2695397880437314,-0.008298802814695066
9360,-1.2695398814187973,-0.008298802814695066
9361,-1.2695399437686552,-0.008298802814695066
9362,-1.2695405002592826,-0.008298802814695066
9363,-1.2695405555620378,-0.008298802814695066
9364,-1.269540589345215,-0.008298802814695066
9365,-1.2695409247228704,-0.008298802814695066
9366,-1.2695410624660541,-0.008298802814695066
9367,-1.269541835421185,-0.008298802814695066
9368,-1.269541843185867,-0.008298802814695066
9369,-1.2695420954780114,-0.008298802814695066
9370,-1.2695421912128295,-0.008298802814695066
9371,-1.2695422617230494,-0.008298802814695066
9372,-1.2695427294601402,-0.008298802814695066
9373,-1.2695428522867194,-0.008298802814695066
9374,-1.2695429692267934,-0.008298802814695066
9375,-1.2695430860534462,-0.008298802814695066
9376,-1.2695435850850525,-0.008298802814695066
9377,-1.2695439575982894,-0.008298802814695066
9378,-1.2695440260139155,-0.008298802814695066
9379,-1.2695442307296416,-0.008298802814695066
9380,-1.269544455009783,-0.008298802814695066
9381,-1.2695445189395431,-0.008298802814695066
9382,-1.2695445969787391,-0.008298802814695066
9383,-1.26954468749571,-0.008298802814695066
9384,-1.2695452445356725,-0.008298802814695066
9385,-1.269545286221517,-0.008298802814695066
9386,-1.2695453427691792,-0.008298802814695066
9387,-1.2695455183584055,-0.008298802814695066
9388,-1.2695456059443,-0.008298802814695066
9389,-1.2695456223455022,-0.008298802814695066
9390,-1.2695457521558646,-0.008298802814695066
9391,-1.269546362951201,-0.008298802814695066
9392,-1.2695464626051889,-0.008298802814695066
9393,-1.269546516925345,-0.008298802814695066
9394,-1.269547201149491,-0.008298802814695066
9395,-1.2695478243600535,-0.008298802814695066
9396,-1.2695482676161538,-0.008298802814695066
9397,-1.2695483512845542,-0.008298802814695066
9398,-1.2695483558422382,-0.008298802814695066
9399,-1.2695488970058904,-0.008298802814695066
9400,-1.2695491169797983,-0.008298802814695066
9401,-1.269549364837529,-0.008298802814695066
9402,-1.269549514956144,-0.008298802814695066
9403,-1.2695503960599037,-0.008298802814695066
9404,-1.2695504635050088,-0.008298802814695066
9405,-1.2695505608301525,-0.008298802814695066
9406,-1.2695510106095664,-0.008298802814695066
9407,-1.269552001625657,-0.008298802814695066
9408,-1.2695528418724853,-0.008298802814695066
9409,-1.2695530502246528,-0.008298802814695066
9410,-1.2695532964402225,-0.008298802814695066
9411,-1.2695535471738761,-0.008298802814695066
9412,-1.26955362847888,-0.008298802814695066
9413,-1.269553646847484,-0.008298802814695066
9414,-1.2695536631532023,-0.008298802814695066
9415,-1.26955367336856,-0.008298802814695066
9416,-1.269554178118962,-0.008298802814695066
9417,-1.2695544426760181,-0.008298802814695066
9418,-1.2695544501158695,-0.008298802814695066
9419,-1.2695548147537454,-0.008298802814695066
9420,-1.2695548560352228,-0.008298802814695066
9421,-1.2695550331186447,-0.008298802814695066
9422,-1.2695554450181095,-0.008298802814695066
9423,-1.2695556488790376,-0.008298802814695066
9424,-1.2695557882459405,-0.008298802814695066
9425,-1.2695561716325139,-0.008298802814695066
9426,-1.2695569927029464,-0.008298802814695066
9427,-1.269557396679303,-0.008298802814695066
9428,-1.269557496724231,-0.008298802814695066
9429,-1.2695578726590133,-0.008298802814695066
9430,-1.2695579046133325,-0.008298802814695066
9431,-1.2695580919314708,-0.008298802814695066
9432,-1.2695581516643994,-0.008298802814695066
9433,-1.2695581946836627,-0.008298802814695066
9434,-1.2695584808687765,-0.008298802814695066
9435,-1.2695585503144575,-0.008298802814695066
9436,-1.2695587257228573,-0.008298802814695066
9437,-1.2695593247813657,-0.008298802814695066
9438,-1.2695593504058489,-0.008298802814695066
9439,-1.2695595561770623,-0.008298802814695066
9440,-1.2695596973037113,-0.008298802814695066
9441,-1.2695603719688384,-0.008298802814695066
9442,-1.2695604047477953,-0.008298802814695066
9443,-1.2695604313388187,-0.008298802814695066
9444,-1.2695605838353334,-0.008298802814695066
9445,-1.2695608563457315,-0.008298802814695066
9446,-1.269560940361776,-0.008298802814695066
9447,-1.2695612962744154,-0.008298802814695066
9448,-1.269561400874518,-0.008298802814695066
9449,-1.2695615787977506,-0.008298802814695066
9450,-1.2695619704314618,-0.008298802814695066
9451,-1.269562070595548,-0.008298802814695066
9452,-1.269562246401513,-0.008298802814695066
9453,-1.2695623703092282,-0.008298802814695066
9454,-1.2695625655347937,-0.008298802814695066
9455,-1.269563032105965,-0.008298802814695066
9456,-1.269563104811465,-0.008298802814695066
9457,-1.2695632019626164,-0.008298802814695066
9458,-1.2695634553246635,-0.008298802814695066
9459,-1.269563458997607,-0.008298802814695066
9460,-1.2695635134566794,-0.008298802814695066
9461,-1.2695635944341448,-0.008298802814695066
9462,-1.2695642607007451,-0.008298802814695066
9463,-1.2695643376468153,-0.008298802814695066
9464,-1.2695653231320694,-0.008298802814695066
9465,-1.2695654487197898,-0.008298802814695066
9466,-1.2695660236784676,-0.008298802814695066
9467,-1.2695660673807903,-0.008298802814695066
9468,-1.2695661279426758,-0.008298802814695066
9469,-1.2695661553823343,-0.008298802814695066
9470,-1.2695662805469121,-0.008298802814695066
9471,-1.269566543681552,-0.008298802814695066
9472,-1.2695665858755818,-0.008298802814695066
9473,-1.2695667163238447,-0.008298802814695066
9474,-1.2695673155678573,-0.008298802814695066
9475,-1.269567821302375,-0.008298802814695066
9476,-1.2695678604515968,-0.008298802814695066
9477,-1.2695679274951346,-0.008298802814695066
9478,-1.269568254433917,-0.008298802814695066
9479,-1.2695683412761334,-0.008298802814695066
9480,-1.2695683628418555,-0.008298802814695066
9481,-1.2695690036642568,-0.008298802814695066
9482,-1.2695692374481173,-0.008298802814695066
9483,-1.2695694747720596,-0.008298802814695066
9484,-1.269569746626794,-0.008298802814695066
9485,-1.269569849539615,-0.008298802814695066
9486,-1.2695700662594007,-0.008298802814695066
9487,-1.2695702387548635,-0.008298802814695066
9488,-1.2695702503151454,-0.008298802814695066
9489,-1.2695706551308295,-0.008298802814695066
9490,-1.2695709145511516,-0.008298802814695066
9491,-1.2695713637189563,-0.008298802814695066
9492,-1.269571571951083,-0.008298802814695066
9493,-1.2695718456511924,-0.008298802814695066
9494,-1.2695718953566786,-0.008298802814695066
9495,-1.2695721822844401,-0.008298802814695066
9496,-1.2695723355587352,-0.008298802814695066
9497,-1.2695723916437787,-0.008298802814695066
9498,-1.2695726674188081,-0.008298802814695066
9499,-1.2695729289812687,-0.008298802814695066
9500,-1.2695729326969845,-0.008298802814695066
9501,-1.2695730608820146,-0.008298802814695066
9502,-1.2695733158547367,-0.008298802814695066
9503,-1.2695734324148218,-0.008298802814695066
9504,-1.2695737501736477,-0.008298802814695066
9505,-1.2695738832887375,-0.008298802814695066
9506,-1.2695739165820998,-0.008298802814695066
9507,-1.2695740751653164,-0.008298802814695066
9508,-1.2695742997890487,-0.008298802814695066
9509,-1.2695747905047003,-0.008298802814695066
9510,-1.2695748869288894,-0.008298802814695066
9511,-1.269574993537456,-0.008298802814695066
9512,-1.2695750903695526,-0.008298802814695066
9513,-1.2695752392114845,-0.008298802814695066
9514,-1.2695760645604786,-0.008298802814695066
9515,-1.269576230747111,-0.008298802814695066
9516,-1.2695763298699456,-0.008298802814695066
9517,-1.2695765358302333,-0.008298802814695066
9518,-1.2695766213500832,-0.008298802814695066
9519,-1.2695769326181394,-0.008298802814695066
9520,-1.2695769331173752,-0.008298802814695066
9521,-1.2695775802220661,-0.008298802814695066
9522,-1.2695779770091162,-0.008298802814695066
9523,-1.2695784289268315,-0.008298802814695066
9524,-1.2695787080520475,-0.008298802814695066
9525,-1.2695787468414463,-0.008298802814695066
9526,-1.2695787977864437,-0.008298802814695066
9527,-1.269578937537938,-0.008298802814695066
9528,-1.269579405950541,-0.008298802814695066
9529,-1.2695794820321646,-0.008298802814695066
9530,-1.2695794831985703,-0.008298802814695066
9531,-1.2695797403872124,-0.008298802814695066
9532,-1.2695797657101853,-0.008298802814695066
9533,-1.2695799967993542,-0.008298802814695066
9534,-1.269580234060247,-0.008298802814695066
9535,-1.2695803097885239,-0.008298802814695066
9536,-1.2695806818323674,-0.008298802814695066
9537,-1.2695811985086671,-0.008298802814695066
9538,-1.2695812509567768,-0.008298802814695066
9539,-1.2695816703099214,-0.008298802814695066
9540,-1.2695818669598986,-0.008298802814695066
9541,-1.269582069458945,-0.008298802814695066
9542,-1.269582135694452,-0.008298802814695066
9543,-1.269582168516387,-0.008298802814695066
9544,-1.269582241384896,-0.008298802814695066
9545,-1.2695822666646754,-0.008298802814695066
9546,-1.2695834190181812,-0.008298802814695066
9547,-1.269583710670956,-0.008298802814695066
9548,-1.2695839664471884,-0.008298802814695066
9549,-1.2695841496532108,-0.008298802814695066
9550,-1.2695843035918941,-0.008298802814695066
9551,-1.2695847074648392,-0.008298802814695066
9552,-1.2695847641518248,-0.008298802814695066
9553,-1.2695852893982231,-0.008298802814695066
9554,-1.2695853412633598,-0.008298802814695066
9555,-1.26958555176742,-0.008298802814695066
9556,-1.2695855528637212,-0.008298802814695066
9557,-1.2695857348969206,-0.008298802814695066
9558,-1.2695861272555347,-0.008298802814695066
9559,-1.2695863360796222,-0.008298802814695066
9560,-1.269586563735956,-0.008298802814695066
9561,-1.2695866795071542,-0.008298802814695066
9562,-1.2695868090235325,-0.008298802814695066
9563,-1.2695872936294832,-0.008298802814695066
9564,-1.2695873662239312,-0.008298802814695066
9565,-1.269587864033233,-0.008298802814695066
9566,-1.2695879225980704,-0.008298802814695066
9567,-1.269588163800555,-0.008298802814695066
9568,-1.2695881770075763,-0.008298802814695066
9569,-1.269588190125624,-0.008298802814695066
9570,-1.2695884264610062,-0.008298802814695066
9571,-1.269588841798479,-0.008298802814695066
9572,-1.2695889928757256,-0.008298802814695066
9573,-1.269589387076579,-0.008298802814695066
9574,-1.2695899235914336,-0.008298802814695066
9575,-1.2695899816512233,-0.008298802814695066
9576,-1.2695900809940284,-0.008298802814695066
9577,-1.2695903789352914,-0.008298802814695066
9578,-1.2695907813811165,-0.008298802814695066
9579,-1.2695909148344113,-0.008298802814695066
9580,-1.2695910238900483,-0.008298802814695066
9581,-1.2695910783199638,-0.008298802814695066
9582,-1.2695912821502064,-0.008298802814695066
9583,-1.2695913151394342,-0.008298802814695066
9584,-1.2695914306064404,-0.008298802814695066
9585,-1.269591891117302,-0.008298802814695066
9586,-1.269592391778897,-0.008298802814695066
9587,-1.269592431228565,-0.008298802814695066
9588,-1.2695924766116502,-0.008298802814695066
9589,-1.2695926133440383,-0.008298802814695066
9590,-1.2695927564336507,-0.008298802814695066
9591,-1.269593159303425,-0.008298802814695066
9592,-1.2695932976779745,-0.008298802814695066
9593,-1.2695934765737316,-0.008298802814695066
9594,-1.269593518782366,-0.008298802814695066
9595,-1.2695938064363321,-0.008298802814695066
9596,-1.2695938962340523,-0.008298802814695066
9597,-1.269594323121207,-0.008298802814695066
9598,-1.2695944929191452,-0.008298802814695066
9599,-1.2695946839685561,-0.008298802814695066
9600,-1.2695947699561387,-0.008298802814695066
9601,-1.2695952238293966,-0.008298802814695066
9602,-1.2695953127966566,-0.008298802814695066
9603,-1.2695954294709828,-0.008298802814695066
9604,-1.2695954803534366,-0.008298802814695066
9605,-1.2695955138240058,-0.008298802814695066
9606,-1.2695955554445786,-0.008298802814695066
9607,-1.2695957894466776,-0.008298802814695066
9608,-1.2695959868738622,-0.008298802814695066
9609,-1.2695961949420111,-0.008298802814695066
9610,-1.269596215212703,-0.008298802814695066
9611,-1.2695962458636276,-0.008298802814695066
9612,-1.2695964078753914,-0.008298802814695066
9613,-1.2695967551429361,-0.008298802814695066
9614,-1.269597203871603,-0.008298802814695066
9615,-1.2695975461589044,-0.008298802814695066
9616,-1.2695978831815145,-0.008298802814695066
9617,-1.2695981102470897,-0.008298802814695066
9618,-1.2695984301699932,-0.008298802814695066
9619,-1.2695985321440972,-0.008298802814695066
9620,-1.269598653509661,-0.008298802814695066
9621,-1.2695988479859106,-0.008298802814695066
9622,-1.2695989647814327,-0.008298802814695066
9623,-1.2695991310213273,-0.008298802814695066
9624,-1.2695991775149023,-0.008298802814695066
9625,-1.2695993248712285,-0.008298802814695066
9626,-1.2695993261341294,-0.008298802814695066
9627,-1.2695994250020544,-0.008298802814695066
9628,-1.2695996302264163,-0.008298802814695066
9629,-1.2695998910604154,-0.008298802814695066
9630,-1.2696009068588543,-0.008298802814695066
9631,-1.2696012640323358,-0.008298802814695066
9632,-1.2696014042807469,-0.008298802814695066
9633,-1.2696014355306078,-0.008298802814695066
9634,-1.2696020115618027,-0.008298802814695066
9635,-1.2696021191244042,-0.008298802814695066
9636,-1.269602230881812,-0.008298802814695066
9637,-1.2696023493056194,-0.008298802814695066
9638,-1.2696025365680375,-0.008298802814695066
9639,-1.2696025594401195,-0.008298802814695066
9640,-1.2696025747144724,-0.008298802814695066
9641,-1.2696026354248242,-0.008298802814695066
9642,-1.2696026638908302,-0.008298802814695066
9643,-1.2696028349948405,-0.008298802814695066
9644,-1.2696029905510557,-0.008298802814695066
9645,-1.269602993849712,-0.008298802814695066
9646,-1.2696035158888197,-0.008298802814695066
9647,-1.2696036646543862,-0.008298802814695066
9648,-1.2696036975459095,-0.008298802814695066
9649,-1.2696037198954957,-0.008298802814695066
9650,-1.2696038166142694,-0.008298802814695066
9651,-1.2696041332703751,-0.008298802814695066
9652,-1.2696042310891502,-0.008298802814695066
9653,-1.2696047085402016,-0.008298802814695066
9654,-1.2696051727058872,-0.008298802814695066
9655,-1.269605538493479,-0.008298802814695066
9656,-1.2696056671888063,-0.008298802814695066
9657,-1.269605672059952,-0.008298802814695066
9658,-1.269605716022042,-0.008298802814695066
9659,-1.2696057538506973,-0.008298802814695066
9660,-1.2696057804908567,-0.008298802814695066
9661,-1.269605824472944,-0.008298802814695066
9662,-1.2696060870270265,-0.008298802814695066
9663,-1.2696060905079878,-0.008298802814695066
9664,-1.2696061828231882,-0.008298802814695066
9665,-1.2696064006116763,-0.008298802814695066
9666,-1.269606481580738,-0.008298802814695066
9667,-1.2696069410308921,-0.008298802814695066
9668,-1.2696070213939203,-0.008298802814695066
9669,-1.26960707931116,-0.008298802814695066
9670,-1.2696071620584777,-0.008298802814695066
9671,-1.2696072324533556,-0.008298802814695066
9672,-1.2696074091375376,-0.008298802814695066
9673,-1.2696076779524013,-0.008298802814695066
9674,-1.2696086472428698,-0.008298802814695066
9675,-1.2696090174051509,-0.008298802814695066
9676,-1.2696091073315814,-0.008298802814695066
9677,-1.2696095189065382,-0.008298802814695066
9678,-1.2696098552839188,-0.008298802814695066
9679,-1.2696102114937027,-0.008298802814695066
9680,-1.2696103739563385,-0.008298802814695066
9681,-1.2696108038234009,-0.008298802814695066
9682,-1.269610866936485,-0.008298802814695066
9683,-1.2696108940867827,-0.008298802814695066
9684,-1.269611022531112,-0.008298802814695066
9685,-1.2696112397755237,-0.008298802814695066
9686,-1.2696113234471607,-0.008298802814695066
9687,-1.2696113850923587,-0.008298802814695066
9688,-1.269611462407319,-0.008298802814695066
9689,-1.269611675011926,-0.008298802814695066
9690,-1.2696118179857878,-0.008298802814695066
9691,-1.2696118880116005,-0.008298802814695066
9692,-1.2696118922402144,-0.008298802814695066
9693,-1.2696119809880495,-0.008298802814695066
9694,-1.269612028252856,-0.008298802814695066
9695,-1.2696120380454061,-0.008298802814695066
9696,-1.2696120583403838,-0.008298802814695066
9697,-1.2696123296396158,-0.008298802814695066
9698,-1.269612492875516,-0.008298802814695066
9699,-1.2696127363820604,-0.008298802814695066
9700,-1.2696127694594812,-0.008298802814695066
9701,-1.2696128816107257,-0.008298802814695066
9702,-1.2696129591098866,-0.008298802814695066
9703,-1.2696130291712187,-0.008298802814695066
9704,-1.2696130788696989,-0.008298802814695066
9705,-1.2696136355770162,-0.008298802814695066
9706,-1.269613912501759,-0.008298802814695066
9707,-1.269614260017511,-0.008298802814695066
9708,-1.2696148809475523,-0.008298802814695066
9709,-1.2696151833817586,-0.008298802814695066
9710,-1.2696151892046985,-0.008298802814695066
9711,-1.2696152399466663,-0.008298802814695066
9712,-1.2696160110396226,-0.008298802814695066
9713,-1.269616108524169,-0.008298802814695066
9714,-1.2696161202797076,-0.008298802814695066
9715,-1.269616281121384,-0.008298802814695066
9716,-1.2696166064773258,-0.008298802814695066
9717,-1.2696166764592167,-0.008298802814695066
9718,-1.26961678542127,-0.008298802814695066
9719,-1.2696169717722907,-0.008298802814695066
9720,-1.2696170939364004,-0.008298802814695066
9721,-1.2696173373797048,-0.008298802814695066
9722,-1.2696173866914147,-0.008298802814695066
9723,-1.2696175795155487,-0.008298802814695066
9724,-1.2696176482351667,-0.008298802814695066
9725,-1.2696176980487106,-0.008298802814695066
9726,-1.2696177590784585,-0.008298802814695066
9727,-1.2696180891571034,-0.008298802814695066
9728,-1.2696180993190969,-0.008298802814695066
9729,-1.269618154483282,-0.008298802814695066
9730,-1.2696182245470191,-0.008298802814695066
9731,-1.2696182610106965,-0.008298802814695066
9732,-1.2696185562688984,-0.008298802814695066
9733,-1.2696186331638384,-0.008298802814695066
9734,-1.2696189311662902,-0.008298802814695066
9735,-1.2696190073147962,-0.008298802814695066
9736,-1.26961939025,-0.008298802814695066
9737,-1.2696195166358715,-0.008298802814695066
9738,-1.2696195389903717,-0.008298802814695066
9739,-1.2696196352135671,-0.008298802814695066
9740,-1.2696196416066032,-0.008298802814695066
9741,-1.2696196510320619,-0.008298802814695066
9742,-1.2696197474174695,-0.008298802814695066
9743,-1.2696198662561307,-0.008298802814695066
9744,-1.269619945447823,-0.008298802814695066
9745,-1.2696201852441318,-0.008298802814695066
9746,-1.2696203876844236,-0.008298802814695066
9747,-1.269620457051101,-0.008298802814695066
9748,-1.2696207830701165,-0.008298802814695066
9749,-1.2696211577224599,-0.008298802814695066
9750,-1.2696211578485985,-0.008298802814695066
9751,-1.2696212598938503,-0.008298802814695066
9752,-1.2696215166713698,-0.008298802814695066
9753,-1.2696219818009975,-0.008298802814695066
9754,-1.269622120552853,-0.008298802814695066
9755,-1.2696222049869625,-0.008298802814695066
9756,-1.2696223768464159,-0.008298802814695066
9757,-1.2696228757736951,-0.008298802814695066
9758,-1.2696229042802207,-0.008298802814695066
9759,-1.2696230651438498,-0.008298802814695066
9760,-1.2696230902035852,-0.008298802814695066
9761,-1.2696233494367444,-0.008298802814695066
9762,-1.2696235703314516,-0.008298802814695066
9763,-1.269623601126287,-0.008298802814695066
9764,-1.2696242169993257,-0.008298802814695066
9765,-1.269624292454615,-0.008298802814695066
9766,-1.2696245410723168,-0.008298802814695066
9767,-1.2696246153100132,-0.008298802814695066
9768,-1.2696246587758337,-0.008298802814695066
9769,-1.2696250421120867,-0.008298802814695066
9770,-1.2696250449231627,-0.008298802814695066
9771,-1.269625381734074,-0.008298802814695066
9772,-1.2696254873033888,-0.008298802814695066
9773,-1.2696257450515653,-0.008298802814695066
9774,-1.2696260620532216,-0.008298802814695066
9775,-1.2696262325982375,-0.008298802814695066
9776,-1.269626593421325,-0.008298802814695066
9777,-1.269626935234709,-0.008298802814695066
9778,-1.2696269647692033,-0.008298802814695066
9779,-1.2696274454574605,-0.008298802814695066
9780,-1.269627504237166,-0.008298802814695066
9781,-1.2696275394571572,-0.008298802814695066
9782,-1.2696275768661582,-0.008298802814695066
9783,-1.2696280569026865,-0.008298802814695066
9784,-1.2696280827521131,-0.008298802814695066
9785,-1.2696281518880268,-0.008298802814695066
9786,-1.2696282962766656,-0.008298802814695066
9787,-1.2696282996733892,-0.008298802814695066
9788,-1.2696284788637908,-0.008298802814695066
9789,-1.2696286844113736,-0.008298802814695066
9790,-1.2696291498981918,-0.008298802814695066
9791,-1.2696294005048787,-0.008298802814695066
9792,-1.2696297638337022,-0.008298802814695066
9793,-1.2696298481157162,-0.008298802814695066
9794,-1.2696300135152554,-0.008298802814695066
9795,-1.26963002036598,-0.008298802814695066
9796,-1.269630163639206,-0.008298802814695066
9797,-1.2696302710188578,-0.008298802814695066
9798,-1.2696302712831065,-0.008298802814695066
9799,-1.269630294227069,-0.008298802814695066
9800,-1.2696303816438668,-0.008298802814695066
9801,-1.269630390045883,-0.008298802814695066
9802,-1.2696304411768708,-0.008298802814695066
9803,-1.2696304995835501,-0.008298802814695066
9804,-1.2696305506535663,-0.008298802814695066
9805,-1.2696306695950406,-0.008298802814695066
9806,-1.2696306811057996,-0.008298802814695066
9807,-1.2696307158637783,-0.008298802814695066
9808,-1.2696307755033653,-0.008298802814695066
9809,-1.269630936928785,-0.008298802814695066
9810,-1.2696311341358186,-0.008298802814695066
9811,-1.269631260883336,-0.008298802814695066
9812,-1.269631341680912,-0.008298802814695066
9813,-1.269631393701496,-0.008298802814695066
9814,-1.2696314556402652,-0.008298802814695066
9815,-1.2696316919618509,-0.008298802814695066
9816,-1.2696317821090652,-0.008298802814695066
9817,-1.269632093164857,-0.008298802814695066
9818,-1.269632212761975,-0.008298802814695066
9819,-1.2696327865459047,-0.008298802814695066
9820,-1.269632836982246,-0.008298802814695066
9821,-1.2696328986252359,-0.008298802814695066
9822,-1.2696328996107267,-0.008298802814695066
9823,-1.2696329379195441,-0.008298802814695066
9824,-1.269632992586756,-0.008298802814695066
9825,-1.2696330415128156,-0.008298802814695066
9826,-1.2696330638661157,-0.008298802814695066
9827,-1.2696333572794467,-0.008298802814695066
9828,-1.2696337624537124,-0.008298802814695066
9829,-1.2696342091150288,-0.008298802814695066
9830,-1.2696347264062586,-0.008298802814695066
9831,-1.269634867711087,-0.008298802814695066
9832,-1.2696349089969543,-0.008298802814695066
9833,-1.269634948356225,-0.008298802814695066
9834,-1.269635071318036,-0.008298802814695066
9835,-1.269635086189649,-0.008298802814695066
9836,-1.2696351269864277,-0.008298802814695066
9837,-1.2696352198191647,-0.008298802814695066
9838,-1.269635292184466,-0.008298802814695066
9839,-1.2696353679247436,-0.008298802814695066
9840,-1.2696354990403205,-0.008298802814695066
9841,-1.269635574425154,-0.008298802814695066
9842,-1.2696356103642745,-0.008298802814695066
9843,-1.2696356139256126,-0.008298802814695066
9844,-1.2696356879491608,-0.008298802814695066
9845,-1.2696360939764701,-0.008298802814695066
9846,-1.269636114017152,-0.008298802814695066
9847,-1.2696365113959462,-0.008298802814695066
9848,-1.269636528978849,-0.008298802814695066
9849,-1.2696367431268991,-0.008298802814695066
9850,-1.2696368036068688,-0.008298802814695066
9851,-1.2696370301122335,-0.008298802814695066
9852,-1.2696374930074548,-0.008298802814695066
9853,-1.2696377600989717,-0.008298802814695066
9854,-1.269637760317238,-0.008298802814695066
9855,-1.2696378293369552,-0.008298802814695066
9856,-1.269637994526636,-0.008298802814695066
9857,-1.2696382532008301,-0.008298802814695066
9858,-1.2696383940224982,-0.008298802814695066
9859,-1.2696385341018528,-0.008298802814695066
9860,-1.2696385364062777,-0.008298802814695066
9861,-1.269638559306466,-0.008298802814695066
9862,-1.2696386304684637,-0.008298802814695066
9863,-1.2696386844912506,-0.008298802814695066
9864,-1.269638886913182,-0.008298802814695066
9865,-1.2696389352130437,-0.008298802814695066
9866,-1.269638966221005,-0.008298802814695066
9867,-1.2696389709263634,-0.008298802814695066
9868,-1.269639067001934,-0.008298802814695066
9869,-1.2696391305197265,-0.008298802814695066
9870,-1.2696391329270833,-0.008298802814695066
9871,-1.269639428479917,-0.008298802814695066
9872,-1.269639659517631,-0.008298802814695066
9873,-1.269639766450183,-0.008298802814695066
9874,-1.2696400650479238,-0.008298802814695066
9875,-1.269640188372723,-0.008298802814695066
9876,-1.2696402985353998,-0.008298802814695066
9877,-1.2696404963893684,-0.008298802814695066
9878,-1.2696405353902733,-0.008298802814695066
9879,-1.2696406091654988,-0.008298802814695066
9880,-1.2696407686501523,-0.008298802814695066
9881,-1.2696409264180337,-0.008298802814695066
9882,-1.2696409696065887,-0.008298802814695066
9883,-1.2696410156741273,-0.008298802814695066
9884,-1.2696412832000439,-0.008298802814695066
9885,-1.2696416498473364,-0.008298802814695066
9886,-1.269641745585853,-0.008298802814695066
9887,-1.269641955122753,-0.008298802814695066
9888,-1.2696420271199171,-0.008298802814695066
9889,-1.2696420452317816,-0.008298802814695066
9890,-1.2696421260404303,-0.008298802814695066
9891,-1.2696421750338687,-0.008298802814695066
9892,-1.2696422873339945,-0.008298802814695066
9893,-1.2696423022599193,-0.008298802814695066
9894,-1.2696426606623339,-0.008298802814695066
9895,-1.26964298985604,-0.008298802814695066
9896,-1.2696431103694221,-0.008298802814695066
9897,-1.2696432277689023,-0.008298802814695066
9898,-1.2696433475785265,-0.008298802814695066
9899,-1.2696433534460339,-0.008298802814695066
9900,-1.2696436206387829,-0.008298802814695066
9901,-1.2696436816797236,-0.008298802814695066
9902,-1.2696440082558291,-0.008298802814695066
9903,-1.2696440736380379,-0.008298802814695066
9904,-1.2696441692858331,-0.008298802814695066
9905,-1.2696442507758512,-0.008298802814695066
9906,-1.269644571214752,-0.008298802814695066
9907,-1.2696446269820885,-0.008298802814695066
9908,-1.2696450231124656,-0.008298802814695066
9909,-1.269645109122862,-0.008298802814695066
9910,-1.269645325963177,-0.008298802814695066
9911,-1.2696454306915503,-0.008298802814695066
9912,-1.2696454340234993,-0.008298802814695066
9913,-1.269645458222155,-0.008298802814695066
9914,-1.2696460436794472,-0.008298802814695066
9915,-1.2696460650871089,-0.008298802814695066
9916,-1.2696462776958475,-0.008298802814695066
9917,-1.2696464071745903,-0.008298802814695066
9918,-1.2696465856851353,-0.008298802814695066
9919,-1.269646659864131,-0.008298802814695066
9920,-1.2696467432792762,-0.008298802814695066
9921,-1.2696467435489145,-0.008298802814695066
9922,-1.269646768403606,-0.008298802814695066
9923,-1.269646783652681,-0.008298802814695066
9924,-1.2696468671346066,-0.008298802814695066
9925,-1.2696468671393761,-0.008298802814695066
9926,-1.2696468879702714,-0.008298802814695066
9927,-1.2696470848836408,-0.008298802814695066
9928,-1.269647475479981,-0.008298802814695066
9929,-1.2696475544451709,-0.008298802814695066
9930,-1.2696480158481855,-0.008298802814695066
9931,-1.269648167486638,-0.008298802814695066
9932,-1.269648270977398,-0.008298802814695066
9933,-1.269648351806057,-0.008298802814695066
9934,-1.2696483587182146,-0.008298802814695066
9935,-1.2696483761901047,-0.008298802814695066
9936,-1.2696487821675817,-0.008298802814695066
9937,-1.269648846839732,-0.008298802814695066
9938,-1.269648849571893,-0.008298802814695066
9939,-1.2696489910722566,-0.008298802814695066
9940,-1.2696491100332354,-0.008298802814695066
9941,-1.2696492991251929,-0.008298802814695066
9942,-1.2696493410767045,-0.008298802814695066
9943,-1.2696494098977276,-0.008298802814695066
9944,-1.2696494109680487,-0.008298802814695066
9945,-1.2696494602852182,-0.008298802814695066
9946,-1.269649529822783,-0.008298802814695066
9947,-1.2696496032515945,-0.008298802814695066
9948,-1.269649801930012,-0.008298802814695066
9949,-1.2696500016873227,-0.008298802814695066
9950,-1.2696500177928063,-0.008298802814695066
9951,-1.2696500585538235,-0.008298802814695066
9952,-1.2696501010289014,-0.008298802814695066
9953,-1.2696501389191224,-0.008298802814695066
9954,-1.269650178849814,-0.008298802814695066
9955,-1.2696502085121222,-0.008298802814695066
9956,-1.269650382671723,-0.008298802814695066
9957,-1.2696504199124117,-0.008298802814695066
9958,-1.269650433167917,-0.008298802814695066
9959,-1.2696504658960373,-0.008298802814695066
9960,-1.2696505300310887,-0.008298802814695066
9961,-1.2696505556178102,-0.008298802814695066
9962,-1.2696506157210683,-0.008298802814695066
9963,-1.2696506374389873,-0.008298802814695066
9964,-1.2696506884484016,-0.008298802814695066
9965,-1.269650775936848,-0.008298802814695066
9966,-1.2696508884668283,-0.008298802814695066
9967,-1.2696510516215334,-0.008298802814695066
9968,-1.2696512483275388,-0.008298802814695066
9969,-1.2696512748311144,-0.008298802814695066
9970,-1.26965148253836,-0.008298802814695066
9971,-1.2696515238891926,-0.008298802814695066
9972,-1.269651530970378,-0.008298802814695066
9973,-1.2696515887869524,-0.008298802814695066
9974,-1.2696516557003203,-0.008298802814695066
9975,-1.269651766981708,-0.008298802814695066
9976,-1.2696521184583702,-0.008298802814695066
9977,-1.2696524057784315,-0.008298802814695066
9978,-1.2696525535806016,-0.008298802814695066
9979,-1.269652882053427,-0.008298802814695066
9980,-1.2696528948200154,-0.008298802814695066
9981,-1.2696529726339447,-0.008298802814695066
9982,-1.269653094452349,-0.008298802814695066
9983,-1.2696532596614987,-0.008298802814695066
9984,-1.2696532606170565,-0.008298802814695066
9985,-1.2696534294625592,-0.008298802814695066
9986,-1.2696536353181473,-0.008298802814695066
9987,-1.26965385314235,-0.008298802814695066
9988,-1.2696539522571915,-0.008298802814695066
9989,-1.2696540394020577,-0.008298802814695066
9990,-1.2696540690141902,-0.008298802814695066
9991,-1.2696540799713474,-0.008298802814695066
9992,-1.269654317461268,-0.008298802814695066
9993,-1.2696543287637432,-0.008298802814695066
9994,-1.2696543907543516,-0.008298802814695066
9995,-1.2696545540228006,-0.008298802814695066
9996,-1.269654793514929,-0.008298802814695066
9997,-1.2696548577476499,-0.008298802814695066
9998,-1.2696549373973007,-0.008298802814695066
9999,-1.2696550513682872,-0.008298802814695066
10000,-1.269655083115509,-0.008298802814695066
10001,-1.269655148482816,-0.008298802814695066
10002,-1.2696551684516841,-0.008298802814695066
10003,-1.2696552542371018,-0.008298802814695066
10004,-1.2696552549568256,-0.008298802814695066
10005,-1.2696552755826436,-0.008298802814695066
10006,-1.2696553968907274,-0.008298802814695066
10007,-1.2696554394404167,-0.008298802814695066
10008,-1.2696555074136353,-0.008298802814695066
10009,-1.2696556581093628,-0.008298802814695066
10010,-1.2696558287342552,-0.008298802814695066
10011,-1.2696559353688506,-0.008298802814695066
10012,-1.2696560700624313,-0.008298802814695066
10013,-1.269656205153722,-0.008298802814695066
10014,-1.269656279757606,-0.008298802814695066
10015,-1.2696565625147531,-0.008298802814695066
10016,-1.2696565926122898,-0.008298802814695066
10017,-1.269656634548487,-0.008298802814695066
10018,-1.269656886967649,-0.008298802814695066
10019,-1.2696569093186099,-0.008298802814695066
10020,-1.2696570452898406,-0.008298802814695066
10021,-1.2696573778994862,-0.008298802814695066
10022,-1.269657580007117,-0.008298802814695066
10023,-1.2696577275202818,-0.008298802814695066
10024,-1.2696577979112187,-0.008298802814695066
10025,-1.2696578424459957,-0.008298802814695066
10026,-1.2696579136642536,-0.008298802814695066
10027,-1.2696581032645888,-0.008298802814695066
10028,-1.2696581096572084,-0.008298802814695066
10029,-1.2696582194452621,-0.008298802814695066
10030,-1.2696582601434838,-0.008298802814695066
10031,-1.2696582692867717,-0.008298802814695066
10032,-1.269658677844814,-0.008298802814695066
10033,-1.269659002665836,-0.008298802814695066
10034,-1.2696590524239126,-0.008298802814695066
10035,-1.2696591163952233,-0.008298802814695066
10036,-1.2696591465182514,-0.008298802814695066
10037,-1.2696592869844243,-0.008298802814695066
10038,-1.2696592896751608,-0.008298802814695066
10039,-1.269659591496211,-0.008298802814695066
10040,-1.26965981183402,-0.008298802814695066
10041,-1.2696598934282286,-0.008298802814695066
10042,-1.2696600373620273,-0.008298802814695066
10043,-1.2696602626447042,-0.008298802814695066
10044,-1.2696605620864112,-0.008298802814695066
10045,-1.269660583218068,-0.008298802814695066
10046,-1.2696606094577847,-0.008298802814695066
10047,-1.2696610269772326,-0.008298802814695066
10048,-1.269661360114591,-0.008298802814695066
10049,-1.2696615184097446,-0.008298802814695066
10050,-1.2696615659898007,-0.008298802814695066
10051,-1.2696616834093915,-0.008298802814695066
10052,-1.2696617827484196,-0.008298802814695066
10053,-1.269661820385605,-0.008298802814695066
10054,-1.2696620168215444,-0.008298802814695066
10055,-1.26966213912079,-0.008298802814695066
10056,-1.2696621461562063,-0.008298802814695066
10057,-1.269662170093426,-0.008298802814695066
10058,-1.2696621878428673,-0.008298802814695066
10059,-1.2696622942514766,-0.008298802814695066
10060,-1.2696623524524366,-0.008298802814695066
10061,-1.2696624762618602,-0.008298802814695066
10062,-1.2696625879102612,-0.008298802814695066
10063,-1.2696626304707572,-0.008298802814695066
10064,-1.2696626379203537,-0.008298802814695066
10065,-1.2696626387662902,-0.008298802814695066
10066,-1.269662817286072,-0.008298802814695066
10067,-1.269662966130277,-0.008298802814695066
10068,-1.2696629822057446,-0.008298802814695066
10069,-1.2696630197189258,-0.008298802814695066
10070,-1.2696631193477976,-0.008298802814695066
10071,-1.2696632961001935,-0.008298802814695066
10072,-1.2696633862737698,-0.008298802814695066
10073,-1.2696633866515736,-0.008298802814695066
10074,-1.2696641136946387,-0.008298802814695066
10075,-1.2696641703705236,-0.008298802814695066
10076,-1.2696642123106363,-0.008298802814695066
10077,-1.269664291934796,-0.008298802814695066
10078,-1.269664301238087,-0.008298802814695066
10079,-1.2696643397101248,-0.008298802814695066
10080,-1.2696643623560946,-0.008298802814695066
10081,-1.2696649180112636,-0.008298802814695066
10082,-1.269665124276099,-0.008298802814695066
10083,-1.2696651529866367,-0.008298802814695066
10084,-1.2696652329681632,-0.008298802814695066
10085,-1.2696653425198465,-0.008298802814695066
10086,-1.2696653696392026,-0.008298802814695066
10087,-1.2696654062388966,-0.008298802814695066
10088,-1.269665791955985,-0.008298802814695066
10089,-1.2696660452225863,-0.008298802814695066
10090,-1.2696664516769627,-0.008298802814695066
10091,-1.2696665647409326,-0.008298802814695066
10092,-1.2696668161865345,-0.008298802814695066
10093,-1.2696668172861996,-0.008298802814695066
10094,-1.2696668942920237,-0.008298802814695066
10095,-1.2696669535687035,-0.008298802814695066
10096,-1.2696669856497818,-0.008298802814695066
10097,-1.2696672626486567,-0.008298802814695066
10098,-1.2696672759292478,-0.008298802814695066
10099,-1.2696672989272053,-0.008298802814695066
10100,-1.2696672996850846,-0.008298802814695066
10101,-1.2696673155970322,-0.008298802814695066
10102,-1.2696674024396613,-0.008298802814695066
10103,-1.2696678328832296,-0.008298802814695066
10104,-1.269667886442551,-0.008298802814695066
10105,-1.2696679356049008,-0.008298802814695066
10106,-1.2696679909912785,-0.008298802814695066
10107,-1.2696680257312365,-0.008298802814695066
10108,-1.269668270581355,-0.008298802814695066
10109,-1.2696683337430077,-0.008298802814695066
10110,-1.2696685342990666,-0.008298802814695066
10111,-1.2696689983488505,-0.008298802814695066
10112,-1.2696691176293426,-0.008298802814695066
10113,-1.2696691877446113,-0.008298802814695066
10114,-1.2696693585930392,-0.008298802814695066
10115,-1.269669435859535,-0.008298802814695066
10116,-1.269669818016707,-0.008298802814695066
10117,-1.2696699568831886,-0.008298802814695066
10118,-1.2696699748244733,-0.008298802814695066
10119,-1.2696700216431602,-0.008298802814695066
10120,-1.2696701180702485,-0.008298802814695066
10121,-1.2696701543171554,-0.008298802814695066
10122,-1.2696701573259128,-0.008298802814695066
10123,-1.2696701816575837,-0.008298802814695066
10124,-1.2696704131448493,-0.008298802814695066
10125,-1.2696705179317558,-0.008298802814695066
10126,-1.2696705185027997,-0.008298802814695066
10127,-1.2696705672048618,-0.008298802814695066
10128,-1.2696706391159185,-0.008298802814695066
10129,-1.269670669682343,-0.008298802814695066
10130,-1.2696706881158168,-0.008298802814695066
10131,-1.2696707977409265,-0.008298802814695066
10132,-1.26967100727677,-0.008298802814695066
10133,-1.2696710164652023,-0.008298802814695066
10134,-1.2696711338631201,-0.008298802814695066
10135,-1.269671259686578,-0.008298802814695066
10136,-1.269671277166787,-0.008298802814695066
10137,-1.2696714371838622,-0.008298802814695066
10138,-1.269671484151296,-0.008298802814695066
10139,-1.2696715192293428,-0.008298802814695066
10140,-1.2696716107648012,-0.008298802814695066
10141,-1.2696718257869384,-0.008298802814695066
10142,-1.269672363468179,-0.008298802814695066
10143,-1.2696724428624275,-0.008298802814695066
10144,-1.2696725217806104,-0.008298802814695066
10145,-1.2696725305237624,-0.008298802814695066
10146,-1.269672538635883,-0.008298802814695066
10147,-1.2696725389237185,-0.008298802814695066
10148,-1.269672627838057,-0.008298802814695066
10149,-1.2696726279704496,-0.008298802814695066
10150,-1.2696726396476699,-0.008298802814695066
10151,-1.2696726721831026,-0.008298802814695066
10152,-1.269672946167787,-0.008298802814695066
10153,-1.269673047029338,-0.008298802814695066
10154,-1.2696730736951292,-0.008298802814695066
10155,-1.2696731391484477,-0.008298802814695066
10156,-1.2696733528287831,-0.008298802814695066
10157,-1.2696734812180037,-0.008298802814695066
10158,-1.2696735306316091,-0.008298802814695066
10159,-1.269673544201183,-0.008298802814695066
10160,-1.2696735614682426,-0.008298802814695066
10161,-1.2696736251970395,-0.008298802814695066
10162,-1.2696736448193622,-0.008298802814695066
10163,-1.26967376618023,-0.008298802814695066
10164,-1.2696738550425086,-0.008298802814695066
10165,-1.269674006104333,-0.008298802814695066
10166,-1.2696740552893302,-0.008298802814695066
10167,-1.2696741276843377,-0.008298802814695066
10168,-1.2696741548940835,-0.008298802814695066
10169,-1.2696741733540429,-0.008298802814695066
10170,-1.2696742453629042,-0.008298802814695066
10171,-1.269674336245688,-0.008298802814695066
10172,-1.269674540791299,-0.008298802814695066
10173,-1.2696746091400049,-0.008298802814695066
10174,-1.2696746122947795,-0.008298802814695066
10175,-1.269674656452216,-0.008298802814695066
10176,-1.2696747406825004,-0.008298802814695066
10177,-1.2696747631175773,-0.008298802814695066
10178,-1.2696748158614035,-0.008298802814695066
10179,-1.269675009980861,-0.008298802814695066
10180,-1.2696750539529487,-0.008298802814695066
10181,-1.2696750608340122,-0.008298802814695066
10182,-1.2696751173406453,-0.008298802814695066
10183,-1.2696751247985958,-0.008298802814695066
10184,-1.2696755853885793,-0.008298802814695066
10185,-1.2696756876273163,-0.008298802814695066
10186,-1.2696757399410052,-0.008298802814695066
10187,-1.2696757623841926,-0.008298802814695066
10188,-1.2696757658154678,-0.008298802814695066
10189,-1.2696758732601416,-0.008298802814695066
10190,-1.269676004917852,-0.008298802814695066
10191,-1.2696760945947212,-0.008298802814695066
10192,-1.2696761114807689,-0.008298802814695066
10193,-1.2696761765187863,-0.008298802814695066
10194,-1.2696762032626778,-0.008298802814695066
10195,-1.2696762424528836,-0.008298802814695066
10196,-1.2696762581136238,-0.008298802814695066
10197,-1.269676280073599,-0.008298802814695066
10198,-1.2696763952435897,-0.008298802814695066
10199,-1.26967640955597,-0.008298802814695066
10200,-1.2696764313866522,-0.008298802814695066
10201,-1.26967643974336,-0.008298802814695066
10202,-1.2696764993948975,-0.008298802814695066
10203,-1.2696765867122437,-0.008298802814695066
10204,-1.2696766165818287,-0.008298802814695066
10205,-1.2696766738648972,-0.008298802814695066
10206,-1.2696766852405008,-0.008298802814695066
10207,-1.2696767198461236,-0.008298802814695066
10208,-1.2696767204644002,-0.008298802814695066
10209,-1.2696767546131817,-0.008298802814695066
10210,-1.2696767666896935,-0.008298802814695066
10211,-1.2696767773899793,-0.008298802814695066
10212,-1.2696769641656185,-0.008298802814695066
10213,-1.2696770258896422,-0.008298802814695066
10214,-1.2696770795105485,-0.008298802814695066
10215,-1.2696778385241758,-0.008298802814695066
10216,-1.2696780192703532,-0.008298802814695066
10217,-1.269678038919789,-0.008298802814695066
10218,-1.2696781932256158,-0.008298802814695066
10219,-1.2696782813800136,-0.008298802814695066
10220,-1.2696782842716399,-0.008298802814695066
10221,-1.2696783665135316,-0.008298802814695066
10222,-1.2696783690841458,-0.008298802814695066
10223,-1.269678758969658,-0.008298802814695066
10224,-1.2696790074141613,-0.008298802814695066
10225,-1.2696790640380395,-0.008298802814695066
10226,-1.2696791187032062,-0.008298802814695066
10227,-1.2696791937374197,-0.008298802814695066
10228,-1.2696792004520794,-0.008298802814695066
10229,-1.2696792183008048,-0.008298802814695066
10230,-1.2696792946811732,-0.008298802814695066
10231,-1.2696794334147592,-0.008298802814695066
10232,-1.2696794722383575,-0.008298802814695066
10233,-1.2696795234091085,-0.008298802814695066
10234,-1.2696795507340721,-0.008298802814695066
10235,-1.2696795764034858,-0.008298802814695066
10236,-1.2696798476167195,-0.008298802814695066
10237,-1.2696800599213753,-0.008298802814695066
10238,-1.2696800738093548,-0.008298802814695066
10239,-1.2696801392966006,-0.008298802814695066
10240,-1.2696801475652149,-0.008298802814695066
10241,-1.2696802340458266,-0.008298802814695066
10242,-1.2696803882170773,-0.008298802814695066
10243,-1.269680539567473,-0.008298802814695066
10244,-1.2696805485343592,-0.008298802814695066
10245,-1.2696806151356244,-0.008298802814695066
10246,-1.269680622205968,-0.008298802814695066
10247,-1.2696806707908557,-0.008298802814695066
10248,-1.2696807179024339,-0.008298802814695066
10249,-1.2696807364718552,-0.008298802814695066
10250,-1.2696807879026584,-0.008298802814695066
10251,-1.2696810010042447,-0.008298802814695066
10252,-1.2696810496781605,-0.008298802814695066
10253,-1.2696810573527788,-0.008298802814695066
10254,-1.2696812192648044,-0.008298802814695066
10255,-1.26968128949221,-0.008298802814695066
10256,-1.2696813204680681,-0.008298802814695066
10257,-1.2696813597694179,-0.008298802814695066
10258,-1.269681691865948,-0.008298802814695066
10259,-1.269681695502626,-0.008298802814695066
10260,-1.2696818040812605,-0.008298802814695066
10261,-1.269681926440243,-0.008298802814695066
10262,-1.2696820190372922,-0.008298802814695066
10263,-1.269682121447992,-0.008298802814695066
10264,-1.269682404908195,-0.008298802814695066
10265,-1.2696824610130613,-0.008298802814695066
10266,-1.2696825043695803,-0.008298802814695066
10267,-1.2696825821600237,-0.008298802814695066
10268,-1.2696826321546246,-0.008298802814695066
10269,-1.2696826333368136,-0.008298802814695066
10270,-1.2696826446454663,-0.008298802814695066
10271,-1.2696827219700277,-0.008298802814695066
10272,-1.2696827747668384,-0.008298802814695066
10273,-1.2696829009296637,-0.008298802814695066
10274,-1.2696830341528669,-0.008298802814695066
10275,-1.2696832153403304,-0.008298802814695066
10276,-1.2696832389596118,-0.008298802814695066
10277,-1.2696832460957772,-0.008298802814695066
10278,-1.2696833395667646,-0.008298802814695066
10279,-1.2696834040016887,-0.008298802814695066
10280,-1.2696836109652363,-0.008298802814695066
10281,-1.2696836274875152,-0.008298802814695066
10282,-1.2696836988971056,-0.008298802814695066
10283,-1.2696837064528186,-0.008298802814695066
10284,-1.26968392654692,-0.008298802814695066
10285,-1.269684032093062,-0.008298802814695066
10286,-1.2696840827344669,-0.008298802814695066
10287,-1.2696841045097833,-0.008298802814695066
10288,-1.269684145043828,-0.008298802814695066
10289,-1.269684280204687,-0.008298802814695066
10290,-1.2696843843692112,-0.008298802814695066
10291,-1.2696845482766672,-0.008298802814695066
10292,-1.269684603812215,-0.008298802814695066
10293,-1.269684657347655,-0.008298802814695066
10294,-1.2696847818965837,-0.008298802814695066
10295,-1.2696848892891432,-0.008298802814695066
10296,-1.2696849192370372,-0.008298802814695066
10297,-1.2696850403578264,-0.008298802814695066
10298,-1.2696850966883308,-0.008298802814695066
10299,-1.2696851198631895,-0.008298802814695066
10300,-1.2696851342165756,-0.008298802814695066
10301,-1.2696851730632766,-0.008298802814695066
10302,-1.2696852140194732,-0.008298802814695066
10303,-1.2696852460621662,-0.008298802814695066
10304,-1.2696852672722714,-0.008298802814695066
10305,-1.2696853436867892,-0.008298802814695066
10306,-1.2696854175481271,-0.008298802814695066
10307,-1.2696854979228864,-0.008298802814695066
10308,-1.2696855995756686,-0.008298802814695066
10309,-1.2696856010316577,-0.008298802814695066
10310,-1.2696856670593364,-0.008298802814695066
10311,-1.269685725299783,-0.008298802814695066
10312,-1.2696857304769036,-0.008298802814695066
10313,-1.2696857458891917,-0.008298802814695066
10314,-1.2696857804919188,-0.008298802814695066
10315,-1.2696858887180484,-0.008298802814695066
10316,-1.2696859285044135,-0.008298802814695066
10317,-1.269685989058234,-0.008298802814695066
10318,-1.2696860212975858,-0.008298802814695066
10319,-1.2696860218322816,-0.008298802814695066
10320,-1.2696861520486151,-0.008298802814695066
10321,-1.269686248464859,-0.008298802814695066
10322,-1.2696862957052777,-0.008298802814695066
10323,-1.2696864093501556,-0.008298802814695066
10324,-1.2696865650820521,-0.008298802814695066
10325,-1.2696866029404874,-0.008298802814695066
10326,-1.2696866179360673,-0.008298802814695066
10327,-1.2696867234742033,-0.008298802814695066
10328,-1.2696867299257104,-0.008298802814695066
10329,-1.2696867826923026,-0.008298802814695066
10330,-1.2696867998865178,-0.008298802814695066
10331,-1.2696869737080383,-0.008298802814695066
10332,-1.269687083421242,-0.008298802814695066
10333,-1.2696871103577352,-0.008298802814695066
10334,-1.2696872871892593,-0.008298802814695066
10335,-1.2696872878812047,-0.008298802814695066
10336,-1.2696873385759364,-0.008298802814695066
10337,-1.269687445087956,-0.008298802814695066
10338,-1.269687709528503,-0.008298802814695066
10339,-1.269687857250084,-0.008298802814695066
10340,-1.2696879521719322,-0.008298802814695066
10341,-1.2696880056417958,-0.008298802814695066
10342,-1.2696880793535608,-0.008298802814695066
10343,-1.269688195140541,-0.008298802814695066
10344,-1.2696882109353078,-0.008298802814695066
10345,-1.2696882173235746,-0.008298802814695066
10346,-1.269688277158495,-0.008298802814695066
10347,-1.2696882844272694,-0.008298802814695066
10348,-1.2696883273524975,-0.008298802814695066
10349,-1.2696883490250706,-0.008298802814695066
10350,-1.2696883838918056,-0.008298802814695066
10351,-1.2696884436909586,-0.008298802814695066
10352,-1.26968855421684,-0.008298802814695066
10353,-1.2696886944590255,-0.008298802814695066
10354,-1.2696887759100048,-0.008298802814695066
10355,-1.2696887996263524,-0.008298802814695066
10356,-1.2696889110597054,-0.008298802814695066
10357,-1.2696889215004645,-0.008298802814695066
10358,-1.2696890206601563,-0.008298802814695066
10359,-1.2696890327481891,-0.008298802814695066
10360,-1.2696890508851595,-0.008298802814695066
10361,-1.2696891230420675,-0.008298802814695066
10362,-1.269689145480441,-0.008298802814695066
10363,-1.2696893784170624,-0.008298802814695066
10364,-1.2696895748087744,-0.008298802814695066
10365,-1.2696896686724999,-0.008298802814695066
10366,-1.2696896900492878,-0.008298802814695066
10367,-1.2696897825226396,-0.008298802814695066
10368,-1.2696901154570461,-0.008298802814695066
10369,-1.2696902119121525,-0.008298802814695066
10370,-1.2696902125616591,-0.008298802814695066
10371,-1.2696903263093293,-0.008298802814695066
10372,-1.2696903514232987,-0.008298802814695066
10373,-1.269690380326983,-0.008298802814695066
10374,-1.269690399222137,-0.008298802814695066
10375,-1.2696907680761873,-0.008298802814695066
10376,-1.2696907971825901,-0.008298802814695066
10377,-1.2696908655370502,-0.008298802814695066
10378,-1.2696908881643854,-0.008298802814695066
10379,-1.2696909387531126,-0.008298802814695066
10380,-1.2696909850695428,-0.008298802814695066
10381,-1.269691027319474,-0.008298802814695066
10382,-1.2696910710378277,-0.008298802814695066
10383,-1.2696910943489006,-0.008298802814695066
10384,-1.2696910963068122,-0.008298802814695066
10385,-1.269691235077607,-0.008298802814695066
10386,-1.2696912591756742,-0.008298802814695066
10387,-1.269691264865108,-0.008298802814695066
10388,-1.2696912749739193,-0.008298802814695066
10389,-1.2696913234029998,-0.008298802814695066
10390,-1.2696913359160096,-0.008298802814695066
10391,-1.269691349151926,-0.008298802814695066
10392,-1.2696913664761704,-0.008298802814695066
10393,-1.2696914010248912,-0.008298802814695066
10394,-1.2696914350256574,-0.008298802814695066
10395,-1.2696914442924612,-0.008298802814695066
10396,-1.2696915522793817,-0.008298802814695066
10397,-1.2696915787161296,-0.008298802814695066
10398,-1.2696915984209174,-0.008298802814695066
10399,-1.2696916933260858,-0.008298802814695066
10400,-1.2696919143689176,-0.008298802814695066
10401,-1.2696919458007727,-0.008298802814695066
10402,-1.2696921566611812,-0.008298802814695066
10403,-1.2696923281373687,-0.008298802814695066
10404,-1.269692335394501,-0.008298802814695066
10405,-1.2696925393752685,-0.008298802814695066
10406,-1.2696925836362691,-0.008298802814695066
10407,-1.2696926371550523,-0.008298802814695066
10408,-1.2696927964193958,-0.008298802814695066
10409,-1.2696928428545466,-0.008298802814695066
10410,-1.2696930526701513,-0.008298802814695066
10411,-1.2696931997089231,-0.008298802814695066
10412,-1.2696932255538962,-0.008298802814695066
10413,-1.269693261343562,-0.008298802814695066
10414,-1.2696933297685669,-0.008298802814695066
10415,-1.2696933649640028,-0.008298802814695066
10416,-1.2696934013214318,-0.008298802814695066
10417,-1.2696934167928677,-0.008298802814695066
10418,-1.2696934257364447,-0.008298802814695066
10419,-1.2696935144143622,-0.008298802814695066
10420,-1.2696935590649179,-0.008298802814695066
10421,-1.269693733139347,-0.008298802814695066
10422,-1.2696937642186727,-0.008298802814695066
10423,-1.2696939578817412,-0.008298802814695066
10424,-1.2696940740250058,-0.008298802814695066
10425,-1.269694131350709,-0.008298802814695066
10426,-1.2696941504197006,-0.008298802814695066
10427,-1.2696941549473113,-0.008298802814695066
10428,-1.2696941906915202,-0.008298802814695066
10429,-1.2696941934678843,-0.008298802814695066
10430,-1.2696943247862449,-0.008298802814695066
10431,-1.2696943973650239,-0.008298802814695066
10432,-1.2696944324548056,-0.008298802814695066
10433,-1.2696945123700365,-0.008298802814695066
10434,-1.2696945322579005,-0.008298802814695066
10435,-1.2696945672544944,-0.008298802814695066
10436,-1.269694621063985,-0.008298802814695066
10437,-1.2696946288072424,-0.008298802814695066
10438,-1.2696946696291262,-0.008298802814695066
10439,-1.2696947430799252,-0.008298802814695066
10440,-1.2696947446799849,-0.008298802814695066
10441,-1.26969475244801,-0.008298802814695066
10442,-1.2696948556447334,-0.008298802814695066
10443,-1.2696948614838406,-0.008298802814695066
10444,-1.2696948889784105,-0.008298802814695066
10445,-1.2696949590452993,-0.008298802814695066
10446,-1.2696949662333716,-0.008298802814695066
10447,-1.2696950629285664,-0.008298802814695066
10448,-1.2696951112534203,-0.008298802814695066
10449,-1.2696951235133749,-0.008298802814695066
10450,-1.2696951404101908,-0.008298802814695066
10451,-1.2696951853371856,-0.008298802814695066
10452,-1.2696951989725098,-0.008298802814695066
10453,-1.2696954590065421,-0.008298802814695066
10454,-1.2696954807572443,-0.008298802814695066
10455,-1.2696955188380856,-0.008298802814695066
10456,-1.2696955286123224,-0.008298802814695066
10457,-1.2696956336632448,-0.008298802814695066
10458,-1.2696956497327085,-0.008298802814695066
10459,-1.269695762122888,-0.008298802814695066
10460,-1.269695815135842,-0.008298802814695066
10461,-1.2696959509183174,-0.008298802814695066
10462,-1.2696960533809685,-0.008298802814695066
10463,-1.2696960942559605,-0.008298802814695066
10464,-1.2696961305731498,-0.008298802814695066
10465,-1.2696962175829916,-0.008298802814695066
10466,-1.2696962617384835,-0.008298802814695066
10467,-1.2696962965705625,-0.008298802814695066
10468,-1.2696963528363885,-0.008298802814695066
10469,-1.2696963876066811,-0.008298802814695066
10470,-1.269696394700469,-0.008298802814695066
10471,-1.2696964139971036,-0.008298802814695066
10472,-1.2696964442801157,-0.008298802814695066
10473,-1.2696964953470524,-0.008298802814695066
10474,-1.2696965189809557,-0.008298802814695066
10475,-1.2696965563686649,-0.008298802814695066
10476,-1.2696966196704782,-0.008298802814695066
10477,-1.269696640702678,-0.008298802814695066
10478,-1.2696967267220114,-0.008298802814695066
10479,-1.269696728069782,-0.008298802814695066
10480,-1.2696968225361898,-0.008298802814695066
10481,-1.2696969797579785,-0.008298802814695066
10482,-1.269697205021087,-0.008298802814695066
10483,-1.2696972988745905,-0.008298802814695066
10484,-1.2696973118323407,-0.008298802814695066
10485,-1.2696973391346202,-0.008298802814695066
10486,-1.2696973791403683,-0.008298802814695066
10487,-1.2696974272858967,-0.008298802814695066
10488,-1.2696974506529888,-0.008298802814695066
10489,-1.2696975391452126,-0.008298802814695066
10490,-1.2696975511105382,-0.008298802814695066
10491,-1.2696975729704385,-0.008298802814695066
10492,-1.2696975838375377,-0.008298802814695066
10493,-1.2696976412102057,-0.008298802814695066
10494,-1.2696976872978882,-0.008298802814695066
10495,-1.2696977572185233,-0.008298802814695066
10496,-1.2696977951042787,-0.008298802814695066
10497,-1.2696978604078275,-0.008298802814695066
10498,-1.2696981437542014,-0.008298802814695066
10499,-1.2696982146252207,-0.008298802814695066
10500,-1.269698368261602,-0.008298802814695066
10501,-1.2696983735352376,-0.008298802814695066
10502,-1.2696984052265463,-0.008298802814695066
10503,-1.2696984066452668,-0.008298802814695066
10504,-1.2696984850177357,-0.008298802814695066
10505,-1.2696985455648753,-0.008298802814695066
10506,-1.269698658555491,-0.008298802814695066
10507,-1.2696987907288586,-0.008298802814695066
10508,-1.2696988512255907,-0.008298802814695066
10509,-1.2696989199567186,-0.008298802814695066
10510,-1.2696989565413537,-0.008298802814695066
10511,-1.2696989575005728,-0.008298802814695066
10512,-1.2696989945863872,-0.008298802814695066
10513,-1.2696990687796936,-0.008298802814695066
10514,-1.2696991323248197,-0.008298802814695066
10515,-1.2696991972441714,-0.008298802814695066
10516,-1.2696992577200232,-0.008298802814695066
10517,-1.2696994953031548,-0.008298802814695066
10518,-1.2696995357090037,-0.008298802814695066
10519,-1.2696995423058004,-0.008298802814695066
10520,-1.269699555660271,-0.008298802814695066
10521,-1.2696995787989427,-0.008298802814695066
10522,-1.2696996239868032,-0.008298802814695066
10523,-1.2696996537174887,-0.008298802814695066
10524,-1.2696996848204387,-0.008298802814695066
10525,-1.2696996972046972,-0.008298802814695066
10526,-1.2696997856291863,-0.008298802814695066
10527,-1.269699850035082,-0.008298802814695066
10528,-1.2696999025946725,-0.008298802814695066
10529,-1.2696999690433106,-0.008298802814695066
10530,-1.269700064194095,-0.008298802814695066
10531,-1.2697002003905173,-0.008298802814695066
10532,-1.269700203933918,-0.008298802814695066
10533,-1.269700324179475,-0.008298802814695066
10534,-1.269700410082756,-0.008298802814695066
10535,-1.269700458400468,-0.008298802814695066
10536,-1.2697004788283053,-0.008298802814695066
10537,-1.269700507018645,-0.008298802814695066
10538,-1.2697005524386644,-0.008298802814695066
10539,-1.269700553217843,-0.008298802814695066
10540,-1.2697005603153622,-0.008298802814695066
10541,-1.2697005702488404,-0.008298802814695066
10542,-1.2697006318176913,-0.008298802814695066
10543,-1.2697006978908143,-0.008298802814695066
10544,-1.2697007382993626,-0.008298802814695066
10545,-1.2697008298463577,-0.008298802814695066
10546,-1.2697008561493588,-0.008298802814695066
10547,-1.2697008830072776,-0.008298802814695066
10548,-1.2697008842681692,-0.008298802814695066
10549,-1.2697009404394997,-0.008298802814695066
10550,-1.269700962386984,-0.008298802814695066
10551,-1.269700998866139,-0.008298802814695066
10552,-1.269701018118377,-0.008298802814695066
10553,-1.2697010604471177,-0.008298802814695066
10554,-1.2697010794597312,-0.008298802814695066
10555,-1.2697010966438396,-0.008298802814695066
10556,-1.2697011644227973,-0.008298802814695066
10557,-1.26970120811421,-0.008298802814695066
10558,-1.2697012168852575,-0.008298802814695066
10559,-1.2697012291357117,-0.008298802814695066
10560,-1.2697013252801956,-0.008298802814695066
10561,-1.269701325900945,-0.008298802814695066
10562,-1.269701408326944,-0.008298802814695066
10563,-1.2697014585616886,-0.008298802814695066
10564,-1.269701501603714,-0.008298802814695066
10565,-1.2697015154818017,-0.008298802814695066
10566,-1.2697016649545532,-0.008298802814695066
10567,-1.2697017189624038,-0.008298802814695066
10568,-1.2697017260178765,-0.008298802814695066
10569,-1.2697018329261414,-0.008298802814695066
10570,-1.269701871253921,-0.008298802814695066
10571,-1.2697020311670948,-0.008298802814695066
10572,-1.269702042628642,-0.008298802814695066
10573,-1.2697021014699597,-0.008298802814695066
10574,-1.2697021440098522,-0.008298802814695066
10575,-1.2697023009238602,-0.008298802814695066
10576,-1.2697023018792497,-0.008298802814695066
10577,-1.2697023256177884,-0.008298802814695066
10578,-1.269702434712999,-0.008298802814695066
10579,-1.2697024638544485,-0.008298802814695066
10580,-1.2697025237037862,-0.008298802814695066
10581,-1.2697025629706427,-0.008298802814695066
10582,-1.2697025759551188,-0.008298802814695066
10583,-1.2697025831351574,-0.008298802814695066
10584,-1.2697025916882942,-0.008298802814695066
10585,-1.2697026036321168,-0.008298802814695066
10586,-1.2697026935042564,-0.008298802814695066
10587,-1.2697027095316384,-0.008298802814695066
10588,-1.2697028239334607,-0.008298802814695066
10589,-1.269702952271992,-0.008298802814695066
10590,-1.2697030136666063,-0.008298802814695066
10591,-1.2697030164644292,-0.008298802814695066
10592,-1.2697031149534022,-0.008298802814695066
10593,-1.2697031151595102,-0.008298802814695066
10594,-1.2697032298953923,-0.008298802814695066
10595,-1.2697032579613,-0.008298802814695066
10596,-1.2697033475764137,-0.008298802814695066
10597,-1.2697034462807464,-0.008298802814695066
10598,-1.2697035530675045,-0.008298802814695066
10599,-1.269703600498689,-0.008298802814695066
10600,-1.2697036288830894,-0.008298802814695066
10601,-1.2697036786062617,-0.008298802814695066
10602,-1.2697037365517194,-0.008298802814695066
10603,-1.269703749206997,-0.008298802814695066
10604,-1.269703794656051,-0.008298802814695066
10605,-1.2697038089800874,-0.008298802814695066
10606,-1.269703861758684,-0.008298802814695066
10607,-1.2697038650224575,-0.008298802814695066
10608,-1.269703959125061,-0.008298802814695066
10609,-1.2697040355963907,-0.008298802814695066
10610,-1.2697040774222335,-0.008298802814695066
10611,-1.2697040859021937,-0.008298802814695066
10612,-1.269704095099762,-0.008298802814695066
10613,-1.269704097975427,-0.008298802814695066
10614,-1.269704113633043,-0.008298802814695066
10615,-1.2697041198890322,-0.008298802814695066
10616,-1.2697041706805694,-0.008298802814695066
10617,-1.2697041893925802,-0.008298802814695066
10618,-1.2697041963424618,-0.008298802814695066
10619,-1.2697042398500065,-0.008298802814695066
10620,-1.2697042545416757,-0.008298802814695066
10621,-1.2697043183522332,-0.008298802814695066
10622,-1.269704410748011,-0.008298802814695066
10623,-1.2697045381134222,-0.008298802814695066
10624,-1.2697045601240682,-0.008298802814695066
10625,-1.2697046186860828,-0.008298802814695066
10626,-1.2697046384567843,-0.008298802814695066
10627,-1.2697046820006044,-0.008298802814695066
10628,-1.2697048116075311,-0.008298802814695066
10629,-1.2697048656271097,-0.008298802814695066
10630,-1.2697048741540136,-0.008298802814695066
10631,-1.269704904988754,-0.008298802814695066
10632,-1.2697049556136362,-0.008298802814695066
10633,-1.2697049693117703,-0.008298802814695066
10634,-1.269704979709566,-0.008298802814695066
10635,-1.269704992872567,-0.008298802814695066
10636,-1.2697050117828073,-0.008298802814695066
10637,-1.2697051130080668,-0.008298802814695066
10638,-1.2697051312834464,-0.008298802814695066
10639,-1.2697052620827116,-0.008298802814695066
10640,-1.2697053782011656,-0.008298802814695066
10641,-1.2697055134097988,-0.008298802814695066
10642,-1.2697055243243416,-0.008298802814695066
10643,-1.2697055890291016,-0.008298802814695066
10644,-1.2697056836678484,-0.008298802814695066
10645,-1.2697056934605233,-0.008298802814695066
10646,-1.2697056935861275,-0.008298802814695066
10647,-1.2697057098803348,-0.008298802814695066
10648,-1.2697057571575252,-0.008298802814695066
10649,-1.2697058093776077,-0.008298802814695066
10650,-1.2697058499400362,-0.008298802814695066
10651,-1.2697058812525475,-0.008298802814695066
10652,-1.269705886421062,-0.008298802814695066
10653,-1.2697060082149116,-0.008298802814695066
10654,-1.2697060564589966,-0.008298802814695066
10655,-1.26970606417158,-0.008298802814695066
10656,-1.2697060700147442,-0.008298802814695066
10657,-1.2697060869149448,-0.008298802814695066
10658,-1.2697061596610595,-0.008298802814695066
10659,-1.2697061778027072,-0.008298802814695066
10660,-1.2697063810871612,-0.008298802814695066
10661,-1.2697064530558684,-0.008298802814695066
10662,-1.269706469335022,-0.008298802814695066
10663,-1.2697064746657187,-0.008298802814695066
10664,-1.2697064824729252,-0.008298802814695066
10665,-1.2697064836719085,-0.008298802814695066
10666,-1.2697065755939336,-0.008298802814695066
10667,-1.2697065831106056,-0.008298802814695066
10668,-1.269706588302538,-0.008298802814695066
10669,-1.2697065913479353,-0.008298802814695066
10670,-1.2697066459596453,-0.008298802814695066
10671,-1.269706664139321,-0.008298802814695066
10672,-1.2697067044834962,-0.008298802814695066
10673,-1.2697067706995626,-0.008298802814695066
10674,-1.269706783114794,-0.008298802814695066
10675,-1.2697068246174514,-0.008298802814695066
10676,-1.2697068625643162,-0.008298802814695066
10677,-1.2697068863438492,-0.008298802814695066
10678,-1.2697069029823007,-0.008298802814695066
10679,-1.2697069363248987,-0.008298802814695066
10680,-1.2697069946320478,-0.008298802814695066
10681,-1.269707011650972,-0.008298802814695066
10682,-1.26970707410925,-0.008298802814695066
10683,-1.269707085160919,-0.008298802814695066
10684,-1.2697070925724516,-0.008298802814695066
10685,-1.2697071421750383,-0.008298802814695066
10686,-1.269707173700409,-0.008298802814695066
10687,-1.2697072286529334,-0.008298802814695066
10688,-1.269707266519272,-0.008298802814695066
10689,-1.2697073356953168,-0.008298802814695066
10690,-1.269707404291161,-0.008298802814695066
10691,-1.2697075220483938,-0.008298802814695066
10692,-1.2697075244009213,-0.008298802814695066
10693,-1.269707530798303,-0.008298802814695066
10694,-1.2697078114637081,-0.008298802814695066
10695,-1.2697078416424181,-0.008298802814695066
10696,-1.2697079470335229,-0.008298802814695066
10697,-1.2697080088349209,-0.008298802814695066
10698,-1.2697080428256198,-0.008298802814695066
10699,-1.2697081664874341,-0.008298802814695066
10700,-1.2697082241935913,-0.008298802814695066
10701,-1.2697084474130358,-0.008298802814695066
10702,-1.2697085937839487,-0.008298802814695066
10703,-1.2697086134450761,-0.008298802814695066
10704,-1.2697086135483262,-0.008298802814695066
10705,-1.2697086699408944,-0.008298802814695066
10706,-1.269708735576862,-0.008298802814695066
10707,-1.2697087715923285,-0.008298802814695066
10708,-1.2697089271561208,-0.008298802814695066
10709,-1.2697089528317758,-0.008298802814695066
10710,-1.2697089755946736,-0.008298802814695066
10711,-1.2697090725094802,-0.008298802814695066
10712,-1.2697091225026416,-0.008298802814695066
10713,-1.269709222420929,-0.008298802814695066
10714,-1.2697092243706598,-0.008298802814695066
10715,-1.2697092813627124,-0.008298802814695066
10716,-1.269709291204746,-0.008298802814695066
10717,-1.269709341203718,-0.008298802814695066
10718,-1.2697094140790237,-0.008298802814695066
10719,-1.269709604659961,-0.008298802814695066
10720,-1.2697096130789343,-0.008298802814695066
10721,-1.2697097034263907,-0.008298802814695066
10722,-1.2697097216937252,-0.008298802814695066
10723,-1.2697098041755557,-0.008298802814695066
10724,-1.2697098325870482,-0.008298802814695066
10725,-1.269709845300476,-0.008298802814695066
10726,-1.2697098684325545,-0.008298802814695066
10727,-1.269709913623156,-0.008298802814695066
10728,-1.2697099748937646,-0.008298802814695066
10729,-1.2697100671785335,-0.008298802814695066
10730,-1.2697102016285753,-0.008298802814695066
10731,-1.2697102336035462,-0.008298802814695066
10732,-1.2697103345739904,-0.008298802814695066
10733,-1.269710344193381,-0.008298802814695066
10734,-1.2697103559636431,-0.008298802814695066
10735,-1.2697104622330166,-0.008298802814695066
10736,-1.2697104681929718,-0.008298802814695066
10737,-1.2697104943987507,-0.008298802814695066
10738,-1.2697105325485962,-0.008298802814695066
10739,-1.2697105438859162,-0.008298802814695066
10740,-1.2697106313537327,-0.008298802814695066
10741,-1.2697106762768886,-0.008298802814695066
10742,-1.269710684707447,-0.008298802814695066
10743,-1.2697107304702355,-0.008298802814695066
10744,-1.269710733362765,-0.008298802814695066
10745,-1.2697107482589778,-0.008298802814695066
10746,-1.2697107754248012,-0.008298802814695066
10747,-1.2697107819804088,-0.008298802814695066
10748,-1.2697108981791967,-0.008298802814695066
10749,-1.2697109082852647,-0.008298802814695066
10750,-1.2697109353283147,-0.008298802814695066
10751,-1.2697109656153844,-0.008298802814695066
10752,-1.269710987217526,-0.008298802814695066
10753,-1.2697110093540307,-0.008298802814695066
10754,-1.2697110503921316,-0.008298802814695066
10755,-1.269711108031858,-0.008298802814695066
10756,-1.2697111804964831,-0.008298802814695066
10757,-1.2697111824482659,-0.008298802814695066
10758,-1.2697112142041145,-0.008298802814695066
10759,-1.2697113053914786,-0.008298802814695066
10760,-1.2697113271689977,-0.008298802814695066
10761,-1.2697113788956789,-0.008298802814695066
10762,-1.269711493863036,-0.008298802814695066
10763,-1.2697115489371784,-0.008298802814695066
10764,-1.2697116230312346,-0.008298802814695066
10765,-1.2697117269300966,-0.008298802814695066
10766,-1.2697117416032058,-0.008298802814695066
10767,-1.2697118108311725,-0.008298802814695066
10768,-1.2697118609802533,-0.008298802814695066
10769,-1.2697118968180652,-0.008298802814695066
10770,-1.2697119097008351,-0.008298802814695066
10771,-1.2697119313162946,-0.008298802814695066
10772,-1.2697119354038868,-0.008298802814695066
10773,-1.2697119459386048,-0.008298802814695066
10774,-1.2697119468413385,-0.008298802814695066
10775,-1.269712022705133,-0.008298802814695066
10776,-1.2697120298377422,-0.008298802814695066
10777,-1.2697120314739863,-0.008298802814695066
10778,-1.2697120435584965,-0.008298802814695066
10779,-1.2697120943226423,-0.008298802814695066
10780,-1.2697122455774403,-0.008298802814695066
10781,-1.2697123609462242,-0.008298802814695066
10782,-1.2697124103514885,-0.008298802814695066
10783,-1.2697124268408675,-0.008298802814695066
10784,-1.2697124909190325,-0.008298802814695066
10785,-1.2697125444779493,-0.008298802814695066
10786,-1.269712589464974,-0.008298802814695066
10787,-1.2697126030577344,-0.008298802814695066
10788,-1.2697126149072564,-0.008298802814695066
10789,-1.2697127068598775,-0.008298802814695066
10790,-1.2697127458426036,-0.008298802814695066
10791,-1.2697127977061584,-0.008298802814695066
10792,-1.2697128061900884,-0.008298802814695066
10793,-1.2697128268714901,-0.008298802814695066
10794,-1.2697128690763644,-0.008298802814695066
10795,-1.2697128801231345,-0.008298802814695066
10796,-1.269712900629218,-0.008298802814695066
10797,-1.2697129548533101,-0.008298802814695066
10798,-1.2697129551359572,-0.008298802814695066
10799,-1.2697130238973995,-0.008298802814695066
10800,-1.269713060557537,-0.008298802814695066
10801,-1.2697130699544315,-0.008298802814695066
10802,-1.2697130987625078,-0.008298802814695066
10803,-1.2697131224980691,-0.008298802814695066
10804,-1.2697131253276277,-0.008298802814695066
10805,-1.2697131762124843,-0.008298802814695066
10806,-1.2697131855594082,-0.008298802814695066
10807,-1.2697132013739019,-0.008298802814695066
10808,-1.2697132632637464,-0.008298802814695066
10809,-1.2697132990578952,-0.008298802814695066
10810,-1.2697134286296583,-0.008298802814695066
10811,-1.2697134287590774,-0.008298802814695066
10812,-1.2697134553320937,-0.008298802814695066
10813,-1.26971352050763,-0.008298802814695066
10814,-1.269713538934313,-0.008298802814695066
10815,-1.269713591764822,-0.008298802814695066
10816,-1.269713601894185,-0.008298802814695066
10817,-1.269713693347918,-0.008298802814695066
10818,-1.2697137145004902,-0.008298802814695066
10819,-1.2697137229983073,-0.008298802814695066
10820,-1.269713772950741,-0.008298802814695066
10821,-1.2697138411974693,-0.008298802814695066
10822,-1.2697139031268418,-0.008298802814695066
10823,-1.2697139760135048,-0.008298802814695066
10824,-1.2697140194954522,-0.008298802814695066
10825,-1.269714038442478,-0.008298802814695066
10826,-1.2697140864705814,-0.008298802814695066
10827,-1.2697140881782478,-0.008298802814695066
10828,-1.2697141376973968,-0.008298802814695066
10829,-1.2697141539131278,-0.008298802814695066
10830,-1.2697141548205164,-0.008298802814695066
10831,-1.269714205709894,-0.008298802814695066
10832,-1.2697143419625625,-0.008298802814695066
10833,-1.2697143953106849,-0.008298802814695066
10834,-1.2697144040759611,-0.008298802814695066
10835,-1.269714429809878,-0.008298802814695066
10836,-1.2697144578462463,-0.008298802814695066
10837,-1.2697144583414033,-0.008298802814695066
10838,-1.2697145259727696,-0.008298802814695066
10839,-1.2697145574556394,-0.008298802814695066
10840,-1.269714558941478,-0.008298802814695066
10841,-1.269714576211396,-0.008298802814695066
10842,-1.2697146459808448,-0.008298802814695066
10843,-1.269714668861634,-0.008298802814695066
10844,-1.269714672961654,-0.008298802814695066
10845,-1.26971468521996,-0.008298802814695066
10846,-1.2697147473124755,-0.008298802814695066
10847,-1.2697147831656372,-0.008298802814695066
10848,-1.2697148218338496,-0.008298802814695066
10849,-1.2697148507747882,-0.008298802814695066
10850,-1.2697148555703361,-0.008298802814695066
10851,-1.2697149162542252,-0.008298802814695066
10852,-1.269714995766186,-0.008298802814695066
10853,-1.269715045900065,-0.008298802814695066
10854,-1.269715047071339,-0.008298802814695066
10855,-1.2697150777842103,-0.008298802814695066
10856,-1.2697151252388372,-0.008298802814695066
10857,-1.2697151368940844,-0.008298802814695066
10858,-1.2697151676422653,-0.008298802814695066
10859,-1.2697152681368016,-0.008298802814695066
10860,-1.2697152962688423,-0.008298802814695066
10861,-1.2697153094884779,-0.008298802814695066
10862,-1.2697153602485776,-0.008298802814695066
10863,-1.2697153867266382,-0.008298802814695066
10864,-1.2697154440056977,-0.008298802814695066
10865,-1.2697154469404892,-0.008298802814695066
10866,-1.2697154608144194,-0.008298802814695066
10867,-1.2697154715322552,-0.008298802814695066
10868,-1.269715487317064,-0.008298802814695066
10869,-1.2697155305918493,-0.008298802814695066
10870,-1.269715558688183,-0.008298802814695066
10871,-1.2697155845987833,-0.008298802814695066
10872,-1.2697156290370362,-0.008298802814695066
10873,-1.2697156291308827,-0.008298802814695066
10874,-1.2697156310936413,-0.008298802814695066
10875,-1.269715638476419,-0.008298802814695066
10876,-1.2697156493717814,-0.008298802814695066
10877,-1.269715663865551,-0.008298802814695066
10878,-1.2697157280654245,-0.008298802814695066
10879,-1.2697157354339081,-0.008298802814695066
10880,-1.2697157470527807,-0.008298802814695066
10881,-1.2697158028444728,-0.008298802814695066
10882,-1.269715827901271,-0.008298802814695066
10883,-1.2697158364253103,-0.008298802814695066
10884,-1.2697158875351944,-0.008298802814695066
10885,-1.2697159284953052,-0.008298802814695066
10886,-1.2697159373238562,-0.008298802814695066
10887,-1.2697159493388344,-0.008298802814695066
10888,-1.269715965862202,-0.008298802814695066
10889,-1.269715973366508,-0.008298802814695066
10890,-1.2697159735182568,-0.008298802814695066
10891,-1.2697160513940409,-0.008298802814695066
10892,-1.2697160677712442,-0.008298802814695066
10893,-1.2697160887816263,-0.008298802814695066
10894,-1.269716125623694,-0.008298802814695066
10895,-1.2697161413780813,-0.008298802814695066
10896,-1.2697162252124186,-0.008298802814695066
10897,-1.2697162416493255,-0.008298802814695066
10898,-1.2697162426471644,-0.008298802814695066
10899,-1.269716291186732,-0.008298802814695066
10900,-1.2697163636140112,-0.008298802814695066
10901,-1.2697163887137033,-0.008298802814695066
10902,-1.2697163994237632,-0.008298802814695066
10903,-1.2697164406285928,-0.008298802814695066
10904,-1.2697165165363598,-0.008298802814695066
10905,-1.2697166103116095,-0.008298802814695066
10906,-1.2697166489773548,-0.008298802814695066
10907,-1.2697166756297091,-0.008298802814695066
10908,-1.26971672683025,-0.008298802814695066
10909,-1.2697168003981978,-0.008298802814695066
10910,-1.269716813654436,-0.008298802814695066
10911,-1.269716827359523,-0.008298802814695066
10912,-1.2697168388469682,-0.008298802814695066
10913,-1.2697168409013873,-0.008298802814695066
10914,-1.269716876168265,-0.008298802814695066
10915,-1.2697169211497759,-0.008298802814695066
10916,-1.2697169269401698,-0.008298802814695066
10917,-1.2697170339468657,-0.008298802814695066
10918,-1.2697170373756788,-0.008298802814695066
10919,-1.2697170487171068,-0.008298802814695066
10920,-1.2697171032043162,-0.008298802814695066
10921,-1.2697171082079033,-0.008298802814695066
10922,-1.2697171558520708,-0.008298802814695066
10923,-1.2697172058345456,-0.008298802814695066
10924,-1.2697172183382914,-0.008298802814695066
10925,-1.2697172258816785,-0.008298802814695066
10926,-1.2697172900956075,-0.008298802814695066
10927,-1.2697173052753854,-0.008298802814695066
10928,-1.2697173548385237,-0.008298802814695066
10929,-1.2697173741876637,-0.008298802814695066
10930,-1.2697173889897464,-0.008298802814695066
10931,-1.2697174140211298,-0.008298802814695066
10932,-1.2697174674982146,-0.008298802814695066
10933,-1.269717491847542,-0.008298802814695066
10934,-1.2697175194459513,-0.008298802814695066
10935,-1.2697175221238255,-0.008298802814695066
10936,-1.2697175247661643,-0.008298802814695066
10937,-1.269717571076787,-0.008298802814695066
10938,-1.269717587487244,-0.008298802814695066
10939,-1.2697176565572583,-0.008298802814695066
10940,-1.2697177365196874,-0.008298802814695066
10941,-1.2697177387603253,-0.008298802814695066
10942,-1.2697178365650559,-0.008298802814695066
10943,-1.269717929333158,-0.008298802814695066
10944,-1.2697179869462507,-0.008298802814695066
10945,-1.2697179975286015,-0.008298802814695066
10946,-1.2697180045895888,-0.008298802814695066
10947,-1.2697180345048953,-0.008298802814695066
10948,-1.2697180792425091,-0.008298802814695066
10949,-1.2697180885214576,-0.008298802814695066
10950,-1.2697180958580017,-0.008298802814695066
10951,-1.269718137064718,-0.008298802814695066
10952,-1.269718143130308,-0.008298802814695066
10953,-1.269718157349507,-0.008298802814695066
10954,-1.2697181679174356,-0.008298802814695066
10955,-1.2697181979133887,-0.008298802814695066
10956,-1.269718286191612,-0.008298802814695066
10957,-1.2697183765119333,-0.008298802814695066
10958,-1.2697184144205074,-0.008298802814695066
10959,-1.2697184447956937,-0.008298802814695066
10960,-1.269718474348024,-0.008298802814695066
10961,-1.2697185338365937,-0.008298802814695066
10962,-1.2697185908474553,-0.008298802814695066
10963,-1.2697186026719296,-0.008298802814695066
10964,-1.269718675158662,-0.008298802814695066
10965,-1.2697186776909049,-0.008298802814695066
10966,-1.2697187124330973,-0.008298802814695066
10967,-1.2697187160747108,-0.008298802814695066
10968,-1.2697187275258777,-0.008298802814695066
10969,-1.2697187574022935,-0.008298802814695066
10970,-1.2697187759660702,-0.008298802814695066
10971,-1.2697187958836031,-0.008298802814695066
10972,-1.269718807037948,-0.008298802814695066
10973,-1.2697188305005536,-0.008298802814695066
10974,-1.269719027239327,-0.008298802814695066
10975,-1.2697191097277827,-0.008298802814695066
10976,-1.2697191152124163,-0.008298802814695066
10977,-1.2697191610449132,-0.008298802814695066
10978,-1.269719180394531,-0.008298802814695066
10979,-1.269719231480192,-0.008298802814695066
10980,-1.2697192898858314,-0.008298802814695066
10981,-1.2697193056031872,-0.008298802814695066
10982,-1.2697193714064146,-0.008298802814695066
10983,-1.2697194409642885,-0.008298802814695066
10984,-1.2697194450036415,-0.008298802814695066
10985,-1.2697194556739246,-0.008298802814695066
10986,-1.2697194891104469,-0.008298802814695066
10987,-1.2697195114258315,-0.008298802814695066
10988,-1.2697195125667766,-0.008298802814695066
10989,-1.2697195778994408,-0.008298802814695066
10990,-1.2697195853493475,-0.008298802814695066
10991,-1.2697195931239769,-0.008298802814695066
10992,-1.2697196049255315,-0.008298802814695066
10993,-1.2697196397557793,-0.008298802814695066
10994,-1.269719735431193,-0.008298802814695066
10995,-1.2697197426421296,-0.008298802814695066
10996,-1.269719777719407,-0.008298802814695066
10997,-1.2697197876445498,-0.008298802814695066
10998,-1.2697198157254224,-0.008298802814695066
10999,-1.2697198300023769,-0.008298802814695066
11000,-1.2697198979910556,-0.008298802814695066
11001,-1.2697199810678705,-0.008298802814695066
11002,-1.2697200424388209,-0.008298802814695066
11003,-1.2697200432421079,-0.008298802814695066
11004,-1.2697200558786534,-0.008298802814695066
11005,-1.2697200678628922,-0.008298802814695066
11006,-1.2697200977427046,-0.008298802814695066
11007,-1.2697201220197714,-0.008298802814695066
11008,-1.269720130171109,-0.008298802814695066
11009,-1.2697201347964289,-0.008298802814695066
11010,-1.2697201489303904,-0.008298802814695066
11011,-1.2697201726228309,-0.008298802814695066
11012,-1.269720214048505,-0.008298802814695066
11013,-1.2697202284376763,-0.008298802814695066
11014,-1.2697202456082164,-0.008298802814695066
11015,-1.2697202899995463,-0.008298802814695066
11016,-1.2697202909647023,-0.008298802814695066
11017,-1.2697203083818445,-0.008298802814695066
11018,-1.2697204089451022,-0.008298802814695066
11019,-1.2697204617220692,-0.008298802814695066
11020,-1.2697204702571598,-0.008298802814695066
11021,-1.26972047745529,-0.008298802814695066
11022,-1.269720529788937,-0.008298802814695066
11023,-1.269720571677212,-0.008298802814695066
11024,-1.2697206257231444,-0.008298802814695066
11025,-1.2697206303938335,-0.008298802814695066
11026,-1.269720644695753,-0.008298802814695066
11027,-1.269720699770137,-0.008298802814695066
11028,-1.2697207031470987,-0.008298802814695066
11029,-1.2697207049882224,-0.008298802814695066
11030,-1.2697208138491543,-0.008298802814695066
11031,-1.2697208433560627,-0.008298802814695066
11032,-1.2697208531293422,-0.008298802814695066
11033,-1.2697208746473096,-0.008298802814695066
11034,-1.269720876943834,-0.008298802814695066
11035,-1.2697209754084369,-0.008298802814695066
11036,-1.2697210800759369,-0.008298802814695066
11037,-1.2697210980778428,-0.008298802814695066
11038,-1.2697211642683468,-0.008298802814695066
11039,-1.2697211650406146,-0.008298802814695066
11040,-1.2697212166653962,-0.008298802814695066
11041,-1.2697212500092128,-0.008298802814695066
11042,-1.2697212509735114,-0.008298802814695066
11043,-1.2697212547834307,-0.008298802814695066
11044,-1.2697212631063504,-0.008298802814695066
11045,-1.2697213000077587,-0.008298802814695066
11046,-1.2697213099431315,-0.008298802814695066
11047,-1.2697213257547988,-0.008298802814695066
11048,-1.2697213491385402,-0.008298802814695066
11049,-1.2697213499213622,-0.008298802814695066
11050,-1.2697213661610482,-0.008298802814695066
11051,-1.2697214258610274,-0.008298802814695066
11052,-1.2697214308349485,-0.008298802814695066
11053,-1.2697214323511832,-0.008298802814695066
11054,-1.2697214431414685,-0.008298802814695066
11055,-1.2697214464790991,-0.008298802814695066
11056,-1.2697214627160482,-0.008298802814695066
11057,-1.269721472050992,-0.008298802814695066
11058,-1.269721484042389,-0.008298802814695066
11059,-1.2697215119258014,-0.008298802814695066
11060,-1.2697215174756595,-0.008298802814695066
11061,-1.269721525332418,-0.008298802814695066
11062,-1.2697215378970004,-0.008298802814695066
11063,-1.269721544257716,-0.008298802814695066
11064,-1.269721566313628,-0.008298802814695066
11065,-1.2697215986220265,-0.008298802814695066
11066,-1.2697216104658684,-0.008298802814695066
11067,-1.2697216148651804,-0.008298802814695066
11068,-1.2697216603584882,-0.008298802814695066
11069,-1.2697217397147411,-0.008298802814695066
11070,-1.2697217517243864,-0.008298802814695066
11071,-1.2697217620419514,-0.008298802814695066
11072,-1.2697218058895392,-0.008298802814695066
11073,-1.2697218338620673,-0.008298802814695066
11074,-1.2697218516445234,-0.008298802814695066
11075,-1.2697218782866861,-0.008298802814695066
11076,-1.2697218886447899,-0.008298802814695066
11077,-1.2697219032490223,-0.008298802814695066
11078,-1.2697219050684463,-0.008298802814695066
11079,-1.2697219363728345,-0.008298802814695066
11080,-1.2697220050405174,-0.008298802814695066
11081,-1.2697220225782133,-0.008298802814695066
11082,-1.269722039557567,-0.008298802814695066
11083,-1.2697220578179478,-0.008298802814695066
11084,-1.2697220624334145,-0.008298802814695066
11085,-1.2697220639692912,-0.008298802814695066
11086,-1.2697220783093461,-0.008298802814695066
11087,-1.2697220815387749,-0.008298802814695066
11088,-1.2697220947606453,-0.008298802814695066
11089,-1.269722110238445,-0.008298802814695066
11090,-1.2697221357010229,-0.008298802814695066
11091,-1.2697221660819498,-0.008298802814695066
11092,-1.2697221863134187,-0.008298802814695066
11093,-1.2697221965658652,-0.008298802814695066
11094,-1.269722207147858,-0.008298802814695066
11095,-1.2697222174516545,-0.008298802814695066
11096,-1.2697222246931443,-0.008298802814695066
11097,-1.2697222515505062,-0.008298802814695066
11098,-1.269722268994107,-0.008298802814695066
11099,-1.2697222928611922,-0.008298802814695066
11100,-1.2697223459473248,-0.008298802814695066
11101,-1.2697223568642537,-0.008298802814695066
11102,-1.2697223852795871,-0.008298802814695066
11103,-1.269722399938484,-0.008298802814695066
11104,-1.2697224118803656,-0.008298802814695066
11105,-1.2697224186614786,-0.008298802814695066
11106,-1.2697224619012957,-0.008298802814695066
11107,-1.269722469326922,-0.008298802814695066
11108,-1.2697225553557647,-0.008298802814695066
11109,-1.2697225653386304,-0.008298802814695066
11110,-1.2697225814715947,-0.008298802814695066
11111,-1.2697225889585129,-0.008298802814695066
11112,-1.2697226110435986,-0.008298802814695066
11113,-1.2697226169896934,-0.008298802814695066
11114,-1.2697226638509507,-0.008298802814695066
11115,-1.269722715764386,-0.008298802814695066
11116,-1.2697227562976934,-0.008298802814695066
11117,-1.2697227870924772,-0.008298802814695066
11118,-1.269722835629179,-0.008298802814695066
11119,-1.2697228583350029,-0.008298802814695066
11120,-1.2697229330920048,-0.008298802814695066
11121,-1.269722965920424,-0.008298802814695066
11122,-1.2697229806819175,-0.008298802814695066
11123,-1.2697229906881111,-0.008298802814695066
11124,-1.2697230443526815,-0.008298802814695066
11125,-1.2697230463192073,-0.008298802814695066
11126,-1.2697230909114938,-0.008298802814695066
11127,-1.269723105083714,-0.008298802814695066
11128,-1.2697231479657463,-0.008298802814695066
11129,-1.2697231704859715,-0.008298802814695066
11130,-1.2697231810002965,-0.008298802814695066
11131,-1.2697233050685017,-0.008298802814695066
11132,-1.2697233063954685,-0.008298802814695066
11133,-1.2697233453396293,-0.008298802814695066
11134,-1.2697233487841584,-0.008298802814695066
11135,-1.2697233882475791,-0.008298802814695066
11136,-1.2697233933659093,-0.008298802814695066
11137,-1.2697234348610893,-0.008298802814695066
11138,-1.2697234398160187,-0.008298802814695066
11139,-1.2697234435289644,-0.008298802814695066
11140,-1.2697234559566528,-0.008298802814695066
11141,-1.2697234706628644,-0.008298802814695066
11142,-1.269723474018731,-0.008298802814695066
11143,-1.2697234823327326,-0.008298802814695066
11144,-1.2697234881509667,-0.008298802814695066
11145,-1.2697235238258098,-0.008298802814695066
11146,-1.2697235391987531,-0.008298802814695066
11147,-1.2697235902354151,-0.008298802814695066
11148,-1.2697237356067659,-0.008298802814695066
11149,-1.2697237735515934,-0.008298802814695066
11150,-1.2697237946486322,-0.008298802814695066
11151,-1.2697238031413522,-0.008298802814695066
11152,-1.2697238372275728,-0.008298802814695066
11153,-1.2697238443150503,-0.008298802814695066
11154,-1.2697238510782838,-0.008298802814695066
11155,-1.2697238806144282,-0.008298802814695066
11156,-1.2697238951734406,-0.008298802814695066
11157,-1.2697239125707902,-0.008298802814695066
11158,-1.269723995040823,-0.008298802814695066
11159,-1.26972400670795,-0.008298802814695066
11160,-1.2697240172741997,-0.008298802814695066
11161,-1.2697240186240968,-0.008298802814695066
11162,-1.269724047183288,-0.008298802814695066
11163,-1.2697240731687787,-0.008298802814695066
11164,-1.2697241542635913,-0.008298802814695066
11165,-1.2697241648819555,-0.008298802814695066
11166,-1.2697241903929708,-0.008298802814695066
11167,-1.26972421400239,-0.008298802814695066
11168,-1.2697242257853127,-0.008298802814695066
11169,-1.2697242358383358,-0.008298802814695066
11170,-1.2697242483574702,-0.008298802814695066
11171,-1.2697242595428933,-0.008298802814695066
11172,-1.2697242646263112,-0.008298802814695066
11173,-1.269724293151238,-0.008298802814695066
11174,-1.2697242951801728,-0.008298802814695066
11175,-1.2697243794944124,-0.008298802814695066
11176,-1.269724382713039,-0.008298802814695066
11177,-1.2697244277125015,-0.008298802814695066
11178,-1.2697244374871646,-0.008298802814695066
11179,-1.2697244383563961,-0.008298802814695066
11180,-1.269724486122577,-0.008298802814695066
11181,-1.269724518212575,-0.008298802814695066
11182,-1.2697245497117087,-0.008298802814695066
11183,-1.2697245639604324,-0.008298802814695066
11184,-1.2697245697326245,-0.008298802814695066
11185,-1.2697245863429654,-0.008298802814695066
11186,-1.2697246362398726,-0.008298802814695066
11187,-1.26972471342983,-0.008298802814695066
11188,-1.2697247174879627,-0.008298802814695066
11189,-1.2697247235371103,-0.008298802814695066
11190,-1.2697247359534183,-0.008298802814695066
11191,-1.269724739432296,-0.008298802814695066
11192,-1.2697248243020363,-0.008298802814695066
11193,-1.2697248626576585,-0.008298802814695066
11194,-1.2697248676656994,-0.008298802814695066
11195,-1.2697249044219663,-0.008298802814695066
11196,-1.269724908312112,-0.008298802814695066
11197,-1.269724909070463,-0.008298802814695066
11198,-1.2697249202601728,-0.008298802814695066
11199,-1.269724925441968,-0.008298802814695066
11200,-1.2697249270296793,-0.008298802814695066
11201,-1.2697249508419053,-0.008298802814695066
11202,-1.269724971113675,-0.008298802814695066
11203,-1.2697249754951585,-0.008298802814695066
11204,-1.2697249912484998,-0.008298802814695066
11205,-1.2697250193747163,-0.008298802814695066
11206,-1.269725023146717,-0.008298802814695066
11207,-1.2697250426921527,-0.008298802814695066
11208,-1.2697250571970597,-0.008298802814695066
11209,-1.2697250709657417,-0.008298802814695066
11210,-1.2697251058112649,-0.008298802814695066
11211,-1.2697251185973406,-0.008298802814695066
11212,-1.2697251365111915,-0.008298802814695066
11213,-1.2697252192015447,-0.008298802814695066
11214,-1.269725236729012,-0.008298802814695066
11215,-1.269725243648276,-0.008298802814695066
11216,-1.269725279430852,-0.008298802814695066
11217,-1.2697252854785679,-0.008298802814695066
11218,-1.269725290615768,-0.008298802814695066
11219,-1.269725293558397,-0.008298802814695066
11220,-1.2697252936505752,-0.008298802814695066
11221,-1.2697253113840938,-0.008298802814695066
11222,-1.2697253158237838,-0.008298802814695066
11223,-1.2697253313101324,-0.008298802814695066
11224,-1.2697253469399543,-0.008298802814695066
11225,-1.2697253494988197,-0.008298802814695066
11226,-1.2697253708848972,-0.008298802814695066
11227,-1.2697253900061476,-0.008298802814695066
11228,-1.269725402181427,-0.008298802814695066
11229,-1.2697254045930677,-0.008298802814695066
11230,-1.2697254181983675,-0.008298802814695066
11231,-1.2697254235064805,-0.008298802814695066
11232,-1.2697254421383817,-0.008298802814695066
11233,-1.2697254448021242,-0.008298802814695066
11234,-1.2697254515103946,-0.008298802814695066
11235,-1.2697254526591497,-0.008298802814695066
11236,-1.2697254763968346,-0.008298802814695066
11237,-1.269725559875759,-0.008298802814695066
11238,-1.2697255901563016,-0.008298802814695066
11239,-1.2697255999217538,-0.008298802814695066
11240,-1.269725601843668,-0.008298802814695066
11241,-1.2697256342468723,-0.008298802814695066
11242,-1.2697256674456097,-0.008298802814695066
11243,-1.2697257377655216,-0.008298802814695066
11244,-1.269725762119157,-0.008298802814695066
11245,-1.2697257973765779,-0.008298802814695066
11246,-1.2697258206754392,-0.008298802814695066
11247,-1.2697258613858926,-0.008298802814695066
11248,-1.2697258652149,-0.008298802814695066
11249,-1.2697258832953768,-0.008298802814695066
11250,-1.269725887541812,-0.008298802814695066
11251,-1.2697259073063814,-0.008298802814695066
11252,-1.2697259086463255,-0.008298802814695066
11253,-1.2697259993201953,-0.008298802814695066
11254,-1.2697259995516295,-0.008298802814695066
11255,-1.2697260059546902,-0.008298802814695066
11256,-1.2697260487106372,-0.008298802814695066
11257,-1.2697260872873408,-0.008298802814695066
11258,-1.269726095469028,-0.008298802814695066
11259,-1.2697260961796357,-0.008298802814695066
11260,-1.269726107938238,-0.008298802814695066
11261,-1.2697261479929167,-0.008298802814695066
11262,-1.269726173445106,-0.008298802814695066
11263,-1.2697261782466254,-0.008298802814695066
11264,-1.269726181549711,-0.008298802814695066
11265,-1.2697261846079873,-0.008298802814695066
11266,-1.2697262069569664,-0.008298802814695066
11267,-1.2697262673893281,-0.008298802814695066
11268,-1.2697262854503055,-0.008298802814695066
11269,-1.2697262888665368,-0.008298802814695066
11270,-1.2697262991070157,-0.008298802814695066
11271,-1.2697263212920071,-0.008298802814695066
11272,-1.2697263354534873,-0.008298802814695066
11273,-1.2697263447644034,-0.008298802814695066
11274,-1.2697263707214477,-0.008298802814695066
11275,-1.2697263733369877,-0.008298802814695066
11276,-1.2697263750080405,-0.008298802814695066
11277,-1.269726388210217,-0.008298802814695066
11278,-1.2697264629318994,-0.008298802814695066
11279,-1.2697264790781024,-0.008298802814695066
11280,-1.269726484129034,-0.008298802814695066
11281,-1.269726490931741,-0.008298802814695066
11282,-1.2697265096947403,-0.008298802814695066
11283,-1.2697265200067591,-0.008298802814695066
11284,-1.269726606753948,-0.008298802814695066
11285,-1.2697266180081268,-0.008298802814695066
11286,-1.2697266181369495,-0.008298802814695066
11287,-1.2697266909426,-0.008298802814695066
11288,-1.269726697826885,-0.008298802814695066
11289,-1.2697267793099947,-0.008298802814695066
11290,-1.2697267819364053,-0.008298802814695066
11291,-1.2697267901905809,-0.008298802814695066
11292,-1.2697268432939754,-0.008298802814695066
11293,-1.269726849671978,-0.008298802814695066
11294,-1.269726872985013,-0.008298802814695066
11295,-1.2697268964421362,-0.008298802814695066
11296,-1.2697269016639545,-0.008298802814695066
11297,-1.2697269269101579,-0.008298802814695066
11298,-1.2697269480609001,-0.008298802814695066
11299,-1.2697269754482092,-0.008298802814695066
11300,-1.2697269755338474,-0.008298802814695066
11301,-1.2697269988499602,-0.008298802814695066
11302,-1.2697270241157679,-0.008298802814695066
11303,-1.2697270333849957,-0.008298802814695066
11304,-1.2697270782034675,-0.008298802814695066
11305,-1.2697271038971243,-0.008298802814695066
11306,-1.2697271395843988,-0.008298802814695066
11307,-1.2697272077340214,-0.008298802814695066
11308,-1.2697272515427251,-0.008298802814695066
11309,-1.2697272574689515,-0.008298802814695066
11310,-1.2697273046034356,-0.008298802814695066
11311,-1.2697273061395522,-0.008298802814695066
11312,-1.2697273394605966,-0.008298802814695066
11313,-1.2697273494985808,-0.008298802814695066
11314,-1.2697273920716983,-0.008298802814695066
11315,-1.26972739818468,-0.008298802814695066
11316,-1.2697274021962823,-0.008298802814695066
11317,-1.2697274733625517,-0.008298802814695066
11318,-1.2697274993823244,-0.008298802814695066
11319,-1.269727523582446,-0.008298802814695066
11320,-1.269727546721434,-0.008298802814695066
11321,-1.2697276064218206,-0.008298802814695066
11322,-1.2697276134173077,-0.008298802814695066
11323,-1.269727614517577,-0.008298802814695066
11324,-1.269727616977907,-0.008298802814695066
11325,-1.2697276384647433,-0.008298802814695066
11326,-1.2697276640521464,-0.008298802814695066
11327,-1.2697276733000427,-0.008298802814695066
11328,-1.2697276867518292,-0.008298802814695066
11329,-1.2697276931807862,-0.008298802814695066
11330,-1.2697277033410854,-0.008298802814695066
11331,-1.269727720463517,-0.008298802814695066
11332,-1.2697277268140645,-0.008298802814695066
11333,-1.2697277586885196,-0.008298802814695066
11334,-1.2697278158560767,-0.008298802814695066
11335,-1.2697278255557731,-0.008298802814695066
11336,-1.2697278277996589,-0.008298802814695066
11337,-1.2697278312686355,-0.008298802814695066
11338,-1.2697278590505925,-0.008298802814695066
11339,-1.2697279483580775,-0.008298802814695066
11340,-1.2697279743117735,-0.008298802814695066
11341,-1.26972797594966,-0.008298802814695066
11342,-1.269727978913664,-0.008298802814695066
11343,-1.2697279864522997,-0.008298802814695066
11344,-1.269728053582101,-0.008298802814695066
11345,-1.2697280730325142,-0.008298802814695066
11346,-1.2697280784602165,-0.008298802814695066
11347,-1.2697280998197855,-0.008298802814695066
11348,-1.2697281100739481,-0.008298802814695066
11349,-1.2697281233806366,-0.008298802814695066
11350,-1.2697281570308923,-0.008298802814695066
11351,-1.269728194222215,-0.008298802814695066
11352,-1.2697282106508656,-0.008298802814695066
11353,-1.2697282267240408,-0.008298802814695066
11354,-1.2697282455517807,-0.008298802814695066
11355,-1.2697283215033734,-0.008298802814695066
11356,-1.2697283477914023,-0.008298802814695066
11357,-1.2697283731881825,-0.008298802814695066
11358,-1.2697283912205015,-0.008298802814695066
11359,-1.2697284001517537,-0.008298802814695066
11360,-1.269728421338665,-0.008298802814695066
11361,-1.2697284355452836,-0.008298802814695066
11362,-1.2697284478562612,-0.008298802814695066
11363,-1.2697284481206887,-0.008298802814695066
11364,-1.2697284515695104,-0.008298802814695066
11365,-1.2697284526163748,-0.008298802814695066
11366,-1.269728457819391,-0.008298802814695066
11367,-1.2697284801938875,-0.008298802814695066
11368,-1.269728484453886,-0.008298802814695066
11369,-1.269728490137834,-0.008298802814695066
11370,-1.2697285000773197,-0.008298802814695066
11371,-1.2697285029870602,-0.008298802814695066
11372,-1.2697285113079646,-0.008298802814695066
11373,-1.269728533386798,-0.008298802814695066
11374,-1.2697285336835815,-0.008298802814695066
11375,-1.2697285611078422,-0.008298802814695066
11376,-1.2697285707185495,-0.008298802814695066
11377,-1.26972861403795,-0.008298802814695066
11378,-1.2697286194252104,-0.008298802814695066
11379,-1.269728644020179,-0.008298802814695066
11380,-1.2697286631024514,-0.008298802814695066
11381,-1.269728666703871,-0.008298802814695066
11382,-1.2697286833240167,-0.008298802814695066
11383,-1.2697287004345466,-0.008298802814695066
11384,-1.2697287010147882,-0.008298802814695066
11385,-1.2697287351590576,-0.008298802814695066
11386,-1.2697287621872362,-0.008298802814695066
11387,-1.2697287717586034,-0.008298802814695066
11388,-1.2697287904038281,-0.008298802814695066
11389,-1.2697288261343584,-0.008298802814695066
11390,-1.2697288753576457,-0.008298802814695066
11391,-1.2697288875680546,-0.008298802814695066
11392,-1.2697289155057216,-0.008298802814695066
11393,-1.2697289405758982,-0.008298802814695066
11394,-1.269728944450097,-0.008298802814695066
11395,-1.2697289649225283,-0.008298802814695066
11396,-1.2697289768791307,-0.008298802814695066
11397,-1.2697290174403943,-0.008298802814695066
11398,-1.2697290343518794,-0.008298802814695066
11399,-1.269729035981176,-0.008298802814695066
11400,-1.2697290548762674,-0.008298802814695066
11401,-1.269729063875805,-0.008298802814695066
11402,-1.2697290672329542,-0.008298802814695066
11403,-1.26972908777456,-0.008298802814695066
11404,-1.2697291355018436,-0.008298802814695066
11405,-1.2697291470547731,-0.008298802814695066
11406,-1.2697291626675666,-0.008298802814695066
11407,-1.2697291627489447,-0.008298802814695066
11408,-1.2697291670072546,-0.008298802814695066
11409,-1.2697291682723917,-0.008298802814695066
11410,-1.2697291697825472,-0.008298802814695066
11411,-1.2697292011640073,-0.008298802814695066
11412,-1.269729201585458,-0.008298802814695066
11413,-1.2697292199998975,-0.008298802814695066
11414,-1.2697292272856728,-0.008298802814695066
11415,-1.2697292302076688,-0.008298802814695066
11416,-1.2697292461691863,-0.008298802814695066
11417,-1.2697292611012667,-0.008298802814695066
11418,-1.2697292699799883,-0.008298802814695066
11419,-1.2697292940649187,-0.008298802814695066
11420,-1.269729298951504,-0.008298802814695066
11421,-1.2697293011095185,-0.008298802814695066
11422,-1.269729312144096,-0.008298802814695066
11423,-1.269729321150785,-0.008298802814695066
11424,-1.269729327213786,-0.008298802814695066
11425,-1.2697293286524665,-0.008298802814695066
11426,-1.2697293324592462,-0.008298802814695066
11427,-1.2697293400618492,-0.008298802814695066
11428,-1.2697293415577233,-0.008298802814695066
11429,-1.2697293640198752,-0.008298802814695066
11430,-1.2697293830087955,-0.008298802814695066
11431,-1.269729406109014,-0.008298802814695066
11432,-1.269729414072601,-0.008298802814695066
11433,-1.269729426468413,-0.008298802814695066
11434,-1.269729475469715,-0.008298802814695066
11435,-1.2697295703294484,-0.008298802814695066
11436,-1.269729576031507,-0.008298802814695066
11437,-1.2697296127260802,-0.008298802814695066
11438,-1.2697296156889633,-0.008298802814695066
11439,-1.2697296297232592,-0.008298802814695066
11440,-1.2697296330781087,-0.008298802814695066
11441,-1.2697296561507483,-0.008298802814695066
11442,-1.2697296741572097,-0.008298802814695066
11443,-1.2697296752676226,-0.008298802814695066
11444,-1.26972969236007,-0.008298802814695066
11445,-1.2697296947051409,-0.008298802814695066
11446,-1.2697296960243833,-0.008298802814695066
11447,-1.269729698798606,-0.008298802814695066
11448,-1.2697297114729267,-0.008298802814695066
11449,-1.2697297366186198,-0.008298802814695066
11450,-1.2697297625003872,-0.008298802814695066
11451,-1.269729774444906,-0.008298802814695066
11452,-1.2697298022515464,-0.008298802814695066
11453,-1.2697298173768026,-0.008298802814695066
11454,-1.2697298310365048,-0.008298802814695066
11455,-1.2697298455599113,-0.008298802814695066
11456,-1.2697298743671708,-0.008298802814695066
11457,-1.2697298751706783,-0.008298802814695066
11458,-1.2697298999595468,-0.008298802814695066
11459,-1.2697299061139955,-0.008298802814695066
11460,-1.2697299103569097,-0.008298802814695066
11461,-1.2697299177245691,-0.008298802814695066
11462,-1.2697299449405988,-0.008298802814695066
11463,-1.2697299501468242,-0.008298802814695066
11464,-1.2697299703050224,-0.008298802814695066
11465,-1.2697299712910626,-0.008298802814695066
11466,-1.2697300033070804,-0.008298802814695066
11467,-1.2697300279755532,-0.008298802814695066
11468,-1.2697300511053702,-0.008298802814695066
11469,-1.2697300960188338,-0.008298802814695066
11470,-1.2697300981999817,-0.008298802814695066
11471,-1.269730118915529,-0.008298802814695066
11472,-1.2697301532475866,-0.008298802814695066
11473,-1.269730168835994,-0.008298802814695066
11474,-1.269730187511219,-0.008298802814695066
11475,-1.2697301904522638,-0.008298802814695066
11476,-1.2697302314701084,-0.008298802814695066
11477,-1.2697302337673315,-0.008298802814695066
11478,-1.2697302397880113,-0.008298802814695066
11479,-1.2697302502277514,-0.008298802814695066
11480,-1.269730272920745,-0.008298802814695066
11481,-1.2697302854986718,-0.008298802814695066
11482,-1.2697302930954009,-0.008298802814695066
11483,-1.2697302995584314,-0.008298802814695066
11484,-1.2697303305216225,-0.008298802814695066
11485,-1.2697303444344854,-0.008298802814695066
11486,-1.2697303496396763,-0.008298802814695066
11487,-1.2697303584715072,-0.008298802814695066
11488,-1.2697303720886834,-0.008298802814695066
11489,-1.2697303778224962,-0.008298802814695066
11490,-1.2697303906452069,-0.008298802814695066
11491,-1.2697304217544474,-0.008298802814695066
11492,-1.269730513517883,-0.008298802814695066
11493,-1.269730550577624,-0.008298802814695066
11494,-1.269730559347487,-0.008298802814695066
11495,-1.2697305656304958,-0.008298802814695066
11496,-1.2697305698257957,-0.008298802814695066
11497,-1.269730580784293,-0.008298802814695066
11498,-1.269730582942812,-0.008298802814695066
11499,-1.2697306028655913,-0.008298802814695066
11500,-1.269730603949066,-0.008298802814695066
11501,-1.269730607375636,-0.008298802814695066
11502,-1.2697306343537227,-0.008298802814695066
11503,-1.2697306348687838,-0.008298802814695066
11504,-1.2697306405754452,-0.008298802814695066
11505,-1.2697306504560342,-0.008298802814695066
11506,-1.2697306946904547,-0.008298802814695066
11507,-1.2697307368461623,-0.008298802814695066
11508,-1.2697307389984296,-0.008298802814695066
11509,-1.2697307557239474,-0.008298802814695066
11510,-1.2697307692336246,-0.008298802814695066
11511,-1.2697307698404818,-0.008298802814695066
11512,-1.2697307784817868,-0.008298802814695066
11513,-1.2697307794347052,-0.008298802814695066
11514,-1.269730832893269,-0.008298802814695066
11515,-1.269730836500032,-0.008298802814695066
11516,-1.2697308482458523,-0.008298802814695066
11517,-1.269730849837317,-0.008298802814695066
11518,-1.2697309074981948,-0.008298802814695066
11519,-1.2697309222343267,-0.008298802814695066
11520,-1.2697309417385756,-0.008298802814695066
11521,-1.2697309577154114,-0.008298802814695066
11522,-1.2697309770784504,-0.008298802814695066
11523,-1.2697309799041614,-0.008298802814695066
11524,-1.2697309806755135,-0.008298802814695066
11525,-1.2697309912625347,-0.008298802814695066
11526,-1.2697309986913472,-0.008298802814695066
11527,-1.2697310013861465,-0.008298802814695066
11528,-1.2697310091756124,-0.008298802814695066
11529,-1.2697310144917897,-0.008298802814695066
11530,-1.269731015919758,-0.008298802814695066
11531,-1.2697310205967092,-0.008298802814695066
11532,-1.2697310243853899,-0.008298802814695066
11533,-1.2697310347184363,-0.008298802814695066
11534,-1.2697310473889039,-0.008298802814695066
11535,-1.269731094628284,-0.008298802814695066
11536,-1.2697311208792934,-0.008298802814695066
11537,-1.269731124785591,-0.008298802814695066
11538,-1.2697311550224135,-0.008298802814695066
11539,-1.2697311584845883,-0.008298802814695066
11540,-1.2697311696944984,-0.008298802814695066
11541,-1.2697311767746216,-0.008298802814695066
11542,-1.269731176818475,-0.008298802814695066
11543,-1.2697311806543101,-0.008298802814695066
11544,-1.2697312052063638,-0.008298802814695066
11545,-1.2697312584885463,-0.008298802814695066
11546,-1.2697312590760395,-0.008298802814695066
11547,-1.2697312598450656,-0.008298802814695066
11548,-1.2697312822315665,-0.008298802814695066
11549,-1.2697312835915266,-0.008298802814695066
11550,-1.2697312927862834,-0.008298802814695066
11551,-1.2697312985578348,-0.008298802814695066
11552,-1.2697312998121193,-0.008298802814695066
11553,-1.269731343102758,-0.008298802814695066
11554,-1.2697313528388063,-0.008298802814695066
11555,-1.2697313575082307,-0.008298802814695066
11556,-1.2697313594792015,-0.008298802814695066
11557,-1.2697313612306593,-0.008298802814695066
11558,-1.2697313680944189,-0.008298802814695066
11559,-1.2697313931905434,-0.008298802814695066
11560,-1.2697313977337772,-0.008298802814695066
11561,-1.2697314441720053,-0.008298802814695066
11562,-1.2697314594644529,-0.008298802814695066
11563,-1.2697314641733288,-0.008298802814695066
11564,-1.2697314723310535,-0.008298802814695066
11565,-1.269731480227234,-0.008298802814695066
11566,-1.2697314818515328,-0.008298802814695066
11567,-1.26973151130264,-0.008298802814695066
11568,-1.2697315277380161,-0.008298802814695066
11569,-1.269731528717046,-0.008298802814695066
11570,-1.269731539158576,-0.008298802814695066
11571,-1.2697315437387937,-0.008298802814695066
11572,-1.2697315690753774,-0.008298802814695066
11573,-1.2697315754665008,-0.008298802814695066
11574,-1.2697315942195424,-0.008298802814695066
11575,-1.2697315950939303,-0.008298802814695066
11576,-1.2697315960648359,-0.008298802814695066
11577,-1.2697316114855124,-0.008298802814695066
11578,-1.2697316231514133,-0.008298802814695066
11579,-1.2697316305835913,-0.008298802814695066
11580,-1.26973171126005,-0.008298802814695066
11581,-1.2697317436098514,-0.008298802814695066
11582,-1.269731761015548,-0.008298802814695066
11583,-1.2697317656927036,-0.008298802814695066
11584,-1.2697317659207885,-0.008298802814695066
11585,-1.2697317840593532,-0.008298802814695066
11586,-1.2697317956186156,-0.008298802814695066
11587,-1.2697317991768957,-0.008298802814695066
11588,-1.2697317993185533,-0.008298802814695066
11589,-1.2697318810123477,-0.008298802814695066
11590,-1.269731898775377,-0.008298802814695066
11591,-1.2697319409498158,-0.008298802814695066
11592,-1.2697319502489057,-0.008298802814695066
11593,-1.2697319593017307,-0.008298802814695066
11594,-1.26973197022007,-0.008298802814695066
11595,-1.2697319771323088,-0.008298802814695066
11596,-1.2697319789598325,-0.008298802814695066
11597,-1.2697319913284992,-0.008298802814695066
11598,-1.2697320220176864,-0.008298802814695066
11599,-1.2697320276050252,-0.008298802814695066
11600,-1.2697320489192419,-0.008298802814695066
11601,-1.269732079215361,-0.008298802814695066
11602,-1.2697320838081312,-0.008298802814695066
11603,-1.2697320967742685,-0.008298802814695066
11604,-1.2697320973633661,-0.008298802814695066
11605,-1.269732098456944,-0.008298802814695066
11606,-1.2697321033345246,-0.008298802814695066
11607,-1.2697321221669213,-0.008298802814695066
11608,-1.2697321305226563,-0.008298802814695066
11609,-1.2697321328583762,-0.008298802814695066
11610,-1.2697321585354768,-0.008298802814695066
11611,-1.2697321808332958,-0.008298802814695066
11612,-1.2697321873158263,-0.008298802814695066
11613,-1.2697321881228398,-0.008298802814695066
11614,-1.269732193194818,-0.008298802814695066
11615,-1.2697321961230346,-0.008298802814695066
11616,-1.2697322114593146,-0.008298802814695066
11617,-1.2697322157127564,-0.008298802814695066
11618,-1.2697322334338077,-0.008298802814695066
11619,-1.2697322696948552,-0.008298802814695066
11620,-1.2697322699539693,-0.008298802814695066
11621,-1.2697322709537495,-0.008298802814695066
11622,-1.2697323065244455,-0.008298802814695066
11623,-1.2697323165677732,-0.008298802814695066
11624,-1.2697323196415615,-0.008298802814695066
11625,-1.2697323318528895,-0.008298802814695066
11626,-1.269732362778579,-0.008298802814695066
11627,-1.2697323702161492,-0.008298802814695066
11628,-1.269732387414364,-0.008298802814695066
11629,-1.2697323932018392,-0.008298802814695066
11630,-1.2697323974898904,-0.008298802814695066
11631,-1.269732397958351,-0.008298802814695066
11632,-1.2697324225423094,-0.008298802814695066
11633,-1.2697324362973856,-0.008298802814695066
11634,-1.2697324391787257,-0.008298802814695066
11635,-1.2697324462545405,-0.008298802814695066
11636,-1.2697324463333877,-0.008298802814695066
11637,-1.2697324781817816,-0.008298802814695066
11638,-1.2697324933877958,-0.008298802814695066
11639,-1.2697325054781579,-0.008298802814695066
11640,-1.2697325197173126,-0.008298802814695066
11641,-1.2697325322751636,-0.008298802814695066
11642,-1.269732550705779,-0.008298802814695066
11643,-1.2697325558132702,-0.008298802814695066
11644,-1.2697325569145865,-0.008298802814695066
11645,-1.2697325613908155,-0.008298802814695066
11646,-1.26973256169053,-0.008298802814695066
11647,-1.269732562285029,-0.008298802814695066
11648,-1.269732577154962,-0.008298802814695066
11649,-1.2697325853117305,-0.008298802814695066
11650,-1.2697325992240247,-0.008298802814695066
11651,-1.269732621061201,-0.008298802814695066
11652,-1.269732628762645,-0.008298802814695066
11653,-1.2697326420022492,-0.008298802814695066
11654,-1.2697326461643306,-0.008298802814695066
11655,-1.269732681739826,-0.008298802814695066
11656,-1.269732758751288,-0.008298802814695066
11657,-1.26973276355667,-0.008298802814695066
11658,-1.2697327644652108,-0.008298802814695066
11659,-1.2697327681368855,-0.008298802814695066
11660,-1.2697327710246753,-0.008298802814695066
11661,-1.2697327997252807,-0.008298802814695066
11662,-1.2697328166733557,-0.008298802814695066
11663,-1.2697328341200549,-0.008298802814695066
11664,-1.2697328453438332,-0.008298802814695066
11665,-1.2697328514655633,-0.008298802814695066
11666,-1.2697328627365367,-0.008298802814695066
11667,-1.26973287562768,-0.008298802814695066
11668,-1.2697328901867002,-0.008298802814695066
11669,-1.2697328913952504,-0.008298802814695066
11670,-1.2697328930846759,-0.008298802814695066
11671,-1.2697328940736317,-0.008298802814695066
11672,-1.2697329012007275,-0.008298802814695066
11673,-1.2697329013774998,-0.008298802814695066
11674,-1.2697329026394863,-0.008298802814695066
11675,-1.2697329265754254,-0.008298802814695066
11676,-1.269732971952021,-0.008298802814695066
11677,-1.2697329809275115,-0.008298802814695066
11678,-1.2697329832764233,-0.008298802814695066
11679,-1.2697330189260607,-0.008298802814695066
11680,-1.2697330231017725,-0.008298802814695066
11681,-1.2697330345844118,-0.008298802814695066
11682,-1.2697330397967328,-0.008298802814695066
11683,-1.2697330466508632,-0.008298802814695066
11684,-1.2697330545529026,-0.008298802814695066
11685,-1.2697330571161327,-0.008298802814695066
11686,-1.269733062495022,-0.008298802814695066
11687,-1.269733067160336,-0.008298802814695066
11688,-1.2697330699617617,-0.008298802814695066
11689,-1.2697331002118748,-0.008298802814695066
11690,-1.269733110751186,-0.008298802814695066
11691,-1.2697331913969565,-0.008298802814695066
11692,-1.2697331972724148,-0.008298802814695066
11693,-1.2697332184876335,-0.008298802814695066
11694,-1.26973322247156,-0.008298802814695066
11695,-1.2697332347121109,-0.008298802814695066
11696,-1.2697332407765998,-0.008298802814695066
11697,-1.269733248890254,-0.008298802814695066
11698,-1.2697332593319202,-0.008298802814695066
11699,-1.269733261562726,-0.008298802814695066
11700,-1.269733262778987,-0.008298802814695066
11701,-1.2697332666545114,-0.008298802814695066
11702,-1.269733266915126,-0.008298802814695066
11703,-1.2697332687211393,-0.008298802814695066
11704,-1.2697332706340638,-0.008298802814695066
11705,-1.2697332765272,-0.008298802814695066
11706,-1.2697332896198672,-0.008298802814695066
11707,-1.2697333050059136,-0.008298802814695066
11708,-1.2697333120094487,-0.008298802814695066
11709,-1.269733328187177,-0.008298802814695066
11710,-1.2697333419127868,-0.008298802814695066
11711,-1.2697333471072545,-0.008298802814695066
11712,-1.269733383926284,-0.008298802814695066
11713,-1.2697333883937558,-0.008298802814695066
11714,-1.269733446835131,-0.008298802814695066
11715,-1.2697334538621492,-0.008298802814695066
11716,-1.2697334653528478,-0.008298802814695066
11717,-1.2697334740273485,-0.008298802814695066
11718,-1.269733484203101,-0.008298802814695066
11719,-1.2697334892525114,-0.008298802814695066
11720,-1.2697335308442708,-0.008298802814695066
11721,-1.269733538997574,-0.008298802814695066
11722,-1.2697335444071056,-0.008298802814695066
11723,-1.269733548386362,-0.008298802814695066
11724,-1.2697335547633697,-0.008298802814695066
11725,-1.2697335551620674,-0.008298802814695066
11726,-1.2697335679652735,-0.008298802814695066
11727,-1.2697335869226798,-0.008298802814695066
11728,-1.2697336211167354,-0.008298802814695066
11729,-1.2697336468702438,-0.008298802814695066
11730,-1.2697336525255478,-0.008298802814695066
11731,-1.269733665405847,-0.008298802814695066
11732,-1.2697336709220122,-0.008298802814695066
11733,-1.2697336714514869,-0.008298802814695066
11734,-1.2697337106396533,-0.008298802814695066
11735,-1.2697337149397554,-0.008298802814695066
11736,-1.2697337256299992,-0.008298802814695066
11737,-1.269733746135307,-0.008298802814695066
11738,-1.2697337851137662,-0.008298802814695066
11739,-1.269733796852901,-0.008298802814695066
11740,-1.2697337992820126,-0.008298802814695066
11741,-1.2697338076761235,-0.008298802814695066
11742,-1.2697338077029603,-0.008298802814695066
11743,-1.2697338095507924,-0.008298802814695066
11744,-1.269733814673514,-0.008298802814695066
11745,-1.2697338171156833,-0.008298802814695066
11746,-1.2697338316916307,-0.008298802814695066
11747,-1.269733860881553,-0.008298802814695066
11748,-1.2697338626624906,-0.008298802814695066
11749,-1.2697338767791868,-0.008298802814695066
11750,-1.2697338953770516,-0.008298802814695066
11751,-1.2697338984653683,-0.008298802814695066
11752,-1.269733909815222,-0.008298802814695066
11753,-1.269733912825569,-0.008298802814695066
11754,-1.269733918936848,-0.008298802814695066
11755,-1.2697339386634332,-0.008298802814695066
11756,-1.269733978130034,-0.008298802814695066
11757,-1.2697339783418446,-0.008298802814695066
11758,-1.2697340203512693,-0.008298802814695066
11759,-1.2697340304376867,-0.008298802814695066
11760,-1.2697340594334676,-0.008298802814695066
11761,-1.2697340596037299,-0.008298802814695066
11762,-1.269734097475832,-0.008298802814695066
11763,-1.269734117960714,-0.008298802814695066
11764,-1.269734130883615,-0.008298802814695066
11765,-1.2697341381188765,-0.008298802814695066
11766,-1.2697341621727836,-0.008298802814695066
11767,-1.2697341697263338,-0.008298802814695066
11768,-1.2697342246171188,-0.008298802814695066
11769,-1.2697342516800245,-0.008298802814695066
11770,-1.2697342639575697,-0.008298802814695066
11771,-1.2697342704531787,-0.008298802814695066
11772,-1.269734279975741,-0.008298802814695066
11773,-1.2697342815048405,-0.008298802814695066
11774,-1.2697342816717554,-0.008298802814695066
11775,-1.2697343544603998,-0.008298802814695066
11776,-1.269734365778575,-0.008298802814695066
11777,-1.2697343771933038,-0.008298802814695066
11778,-1.2697343780691333,-0.008298802814695066
11779,-1.2697343802005958,-0.008298802814695066
11780,-1.2697343956971283,-0.008298802814695066
11781,-1.269734409038521,-0.008298802814695066
11782,-1.269734409714982,-0.008298802814695066
11783,-1.2697344158635855,-0.008298802814695066
11784,-1.2697344505891417,-0.008298802814695066
11785,-1.269734459630155,-0.008298802814695066
11786,-1.2697344634706238,-0.008298802814695066
11787,-1.26973446534139,-0.008298802814695066
11788,-1.2697344726978201,-0.008298802814695066
11789,-1.2697344779151931,-0.008298802814695066
11790,-1.269734480885,-0.008298802814695066
11791,-1.269734491602664,-0.008298802814695066
11792,-1.2697345183817856,-0.008298802814695066
11793,-1.2697345306763521,-0.008298802814695066
11794,-1.269734530867821,-0.008298802814695066
11795,-1.2697345368432316,-0.008298802814695066
11796,-1.2697345527205564,-0.008298802814695066
11797,-1.2697345686841397,-0.008298802814695066
11798,-1.2697345711051595,-0.008298802814695066
11799,-1.2697345735693275,-0.008298802814695066
11800,-1.2697345898294043,-0.008298802814695066
11801,-1.269734600812299,-0.008298802814695066
11802,-1.269734612654495,-0.008298802814695066
11803,-1.269734612801784,-0.008298802814695066
11804,-1.2697346193024885,-0.008298802814695066
11805,-1.2697346207133897,-0.008298802814695066
11806,-1.2697346223586319,-0.008298802814695066
11807,-1.2697346245444217,-0.008298802814695066
11808,-1.269734625210625,-0.008298802814695066
11809,-1.269734628501197,-0.008298802814695066
11810,-1.2697346356197732,-0.008298802814695066
11811,-1.2697346478749028,-0.008298802814695066
11812,-1.2697346515686523,-0.008298802814695066
11813,-1.2697346678506314,-0.008298802814695066
11814,-1.2697346728576813,-0.008298802814695066
11815,-1.2697346735770965,-0.008298802814695066
11816,-1.26973467538415,-0.008298802814695066
11817,-1.269734675812916,-0.008298802814695066
11818,-1.269734679500735,-0.008298802814695066
11819,-1.2697346943086654,-0.008298802814695066
11820,-1.2697347010566769,-0.008298802814695066
11821,-1.269734704180666,-0.008298802814695066
11822,-1.2697347236849386,-0.008298802814695066
11823,-1.2697347416753775,-0.008298802814695066
11824,-1.2697347564979242,-0.008298802814695066
11825,-1.2697347634612495,-0.008298802814695066
11826,-1.269734769104562,-0.008298802814695066
11827,-1.2697347758009325,-0.008298802814695066
11828,-1.2697347808754043,-0.008298802814695066
11829,-1.2697347868733173,-0.008298802814695066
11830,-1.2697347916190769,-0.008298802814695066
11831,-1.2697347974191446,-0.008298802814695066
11832,-1.269734804850608,-0.008298802814695066
11833,-1.26973481643469,-0.008298802814695066
11834,-1.2697348190768514,-0.008298802814695066
11835,-1.2697348199874487,-0.008298802814695066
11836,-1.269734836405238,-0.008298802814695066
11837,-1.2697348367222752,-0.008298802814695066
11838,-1.2697348367305499,-0.008298802814695066
11839,-1.2697348446246521,-0.008298802814695066
11840,-1.269734846261658,-0.008298802814695066
11841,-1.2697348502795351,-0.008298802814695066
11842,-1.2697348767648158,-0.008298802814695066
11843,-1.2697349035288663,-0.008298802814695066
11844,-1.2697349039802523,-0.008298802814695066
11845,-1.269734914414328,-0.008298802814695066
11846,-1.2697349215203946,-0.008298802814695066
11847,-1.2697349242286615,-0.008298802814695066
11848,-1.269734937189388,-0.008298802814695066
11849,-1.2697349380142093,-0.008298802814695066
11850,-1.2697349434348797,-0.008298802814695066
11851,-1.2697349486295342,-0.008298802814695066
11852,-1.2697349603759895,-0.008298802814695066
11853,-1.2697349674307592,-0.008298802814695066
11854,-1.2697349691079565,-0.008298802814695066
11855,-1.269734978178542,-0.008298802814695066
11856,-1.2697349998221474,-0.008298802814695066
11857,-1.269735000696946,-0.008298802814695066
11858,-1.2697350089189816,-0.008298802814695066
11859,-1.2697350140329213,-0.008298802814695066
11860,-1.269735015969824,-0.008298802814695066
11861,-1.269735019600549,-0.008298802814695066
11862,-1.2697350272821106,-0.008298802814695066
11863,-1.2697350306946522,-0.008298802814695066
11864,-1.2697350427721052,-0.008298802814695066
11865,-1.2697350561000305,-0.008298802814695066
11866,-1.2697350609810663,-0.008298802814695066
11867,-1.2697350621667165,-0.008298802814695066
11868,-1.2697350629244266,-0.008298802814695066
11869,-1.2697350729677939,-0.008298802814695066
11870,-1.2697350842998076,-0.008298802814695066
11871,-1.2697351106066959,-0.008298802814695066
11872,-1.269735111149826,-0.008298802814695066
11873,-1.2697351181261058,-0.008298802814695066
11874,-1.269735131987995,-0.008298802814695066
11875,-1.269735135090133,-0.008298802814695066
11876,-1.2697351363926606,-0.008298802814695066
11877,-1.2697351510618509,-0.008298802814695066
11878,-1.269735153937116,-0.008298802814695066
11879,-1.2697351679940658,-0.008298802814695066
11880,-1.269735169951249,-0.008298802814695066
11881,-1.269735170282743,-0.008298802814695066
11882,-1.269735173557819,-0.008298802814695066
11883,-1.2697351770730485,-0.008298802814695066
11884,-1.2697351795879777,-0.008298802814695066
11885,-1.269735185648937,-0.008298802814695066
11886,-1.2697351866029418,-0.008298802814695066
11887,-1.2697351879388767,-0.008298802814695066
11888,-1.269735201105711,-0.008298802814695066
11889,-1.269735206692855,-0.008298802814695066
11890,-1.2697352097931134,-0.008298802814695066
11891,-1.2697352208213504,-0.008298802814695066
11892,-1.2697352224552598,-0.008298802814695066
11893,-1.269735225251474,-0.008298802814695066
11894,-1.2697352289031043,-0.008298802814695066
11895,-1.269735229498735,-0.008298802814695066
11896,-1.2697352300974396,-0.008298802814695066
11897,-1.2697352386212528,-0.008298802814695066
11898,-1.269735244161246,-0.008298802814695066
11899,-1.2697352454841857,-0.008298802814695066
11900,-1.2697352458130964,-0.008298802814695066
11901,-1.2697352605288783,-0.008298802814695066
11902,-1.269735292717832,-0.008298802814695066
11903,-1.269735305370525,-0.008298802814695066
11904,-1.2697353136338254,-0.008298802814695066
11905,-1.2697353181461262,-0.008298802814695066
11906,-1.2697353245089056,-0.008298802814695066
11907,-1.269735339458018,-0.008298802814695066
11908,-1.2697353402662765,-0.008298802814695066
11909,-1.2697353405180911,-0.008298802814695066
11910,-1.269735340986145,-0.008298802814695066
11911,-1.269735342488268,-0.008298802814695066
11912,-1.2697353478389166,-0.008298802814695066
11913,-1.2697353549222359,-0.008298802814695066
11914,-1.269735358053934,-0.008298802814695066
11915,-1.2697353652602978,-0.008298802814695066
11916,-1.2697353662155395,-0.008298802814695066
11917,-1.2697353759031478,-0.008298802814695066
11918,-1.2697353881893654,-0.008298802814695066
11919,-1.2697354046169969,-0.008298802814695066
11920,-1.2697354187782794,-0.008298802814695066
11921,-1.269735419694223,-0.008298802814695066
11922,-1.2697354270723968,-0.008298802814695066
11923,-1.2697354314403682,-0.008298802814695066
11924,-1.2697354339370017,-0.008298802814695066
11925,-1.2697354352617585,-0.008298802814695066
11926,-1.2697354383586645,-0.008298802814695066
11927,-1.269735457478626,-0.008298802814695066
11928,-1.2697354664189662,-0.008298802814695066
11929,-1.269735471883703,-0.008298802814695066
11930,-1.2697354754486976,-0.008298802814695066
11931,-1.2697354789910509,-0.008298802814695066
11932,-1.269735486300345,-0.008298802814695066
11933,-1.269735487134435,-0.008298802814695066
11934,-1.2697355257003866,-0.008298802814695066
11935,-1.2697355348043244,-0.008298802814695066
11936,-1.269735539132007,-0.008298802814695066
11937,-1.269735541475441,-0.008298802814695066
11938,-1.2697355613974348,-0.008298802814695066
11939,-1.269735562321374,-0.008298802814695066
11940,-1.2697355669370887,-0.008298802814695066
11941,-1.2697355694581005,-0.008298802814695066
11942,-1.2697355704012516,-0.008298802814695066
11943,-1.2697355734322522,-0.008298802814695066
11944,-1.2697355906635104,-0.008298802814695066
11945,-1.2697355923930809,-0.008298802814695066
11946,-1.2697355930374723,-0.008298802814695066
11947,-1.2697356080456899,-0.008298802814695066
11948,-1.2697356088945824,-0.008298802814695066
11949,-1.2697356102683193,-0.008298802814695066
11950,-1.2697356193379876,-0.008298802814695066
11951,-1.2697356232063037,-0.008298802814695066
11952,-1.2697356238090003,-0.008298802814695066
11953,-1.269735656388709,-0.008298802814695066
11954,-1.26973566276475,-0.008298802814695066
11955,-1.2697356650471472,-0.008298802814695066
11956,-1.2697356698707867,-0.008298802814695066
11957,-1.269735672041272,-0.008298802814695066
11958,-1.2697356774557658,-0.008298802814695066
11959,-1.2697356782179923,-0.008298802814695066
11960,-1.2697357494252308,-0.008298802814695066
11961,-1.269735750737778,-0.008298802814695066
11962,-1.2697357582393825,-0.008298802814695066
11963,-1.2697357606787025,-0.008298802814695066
11964,-1.2697357622590013,-0.008298802814695066
11965,-1.2697357657809385,-0.008298802814695066
11966,-1.2697357704684662,-0.008298802814695066
11967,-1.269735776056367,-0.008298802814695066
11968,-1.269735780471579,-0.008298802814695066
11969,-1.2697357805067322,-0.008298802814695066
11970,-1.269735782778417,-0.008298802814695066
11971,-1.2697357881897644,-0.008298802814695066
11972,-1.2697357916915735,-0.008298802814695066
11973,-1.269735818359219,-0.008298802814695066
11974,-1.269735819638011,-0.008298802814695066
11975,-1.2697358277043822,-0.008298802814695066
11976,-1.2697358400165317,-0.008298802814695066
11977,-1.2697358548882338,-0.008298802814695066
11978,-1.2697358601556377,-0.008298802814695066
11979,-1.2697358628052124,-0.008298802814695066
11980,-1.2697358685623947,-0.008298802814695066
11981,-1.269735873017513,-0.008298802814695066
11982,-1.2697358813185982,-0.008298802814695066
11983,-1.2697358935742538,-0.008298802814695066
11984,-1.2697358968485843,-0.008298802814695066
11985,-1.2697359021760408,-0.008298802814695066
11986,-1.2697359026355874,-0.008298802814695066
11987,-1.2697359092762552,-0.008298802814695066
11988,-1.2697359100848065,-0.008298802814695066
11989,-1.269735917390617,-0.008298802814695066
11990,-1.2697359179805456,-0.008298802814695066
11991,-1.2697359214353023,-0.008298802814695066
11992,-1.269735925049799,-0.008298802814695066
11993,-1.2697359300097752,-0.008298802814695066
11994,-1.2697359346827817,-0.008298802814695066
11995,-1.2697359388187746,-0.008298802814695066
11996,-1.26973594615174,-0.008298802814695066
11997,-1.2697359505249965,-0.008298802814695066
11998,-1.2697359521677256,-0.008298802814695066
11999,-1.269735968714048,-0.008298802814695066
12000,-1.2697359719547907,-0.008298802814695066
12001,-1.2697359911106036,-0.008298802814695066
12002,-1.2697359987874077,-0.008298802814695066
12003,-1.2697360158125721,-0.008298802814695066
12004,-1.2697360178980046,-0.008298802814695066
12005,-1.2697360295678637,-0.008298802814695066
12006,-1.2697360308265606,-0.008298802814695066
12007,-1.26973604463487,-0.008298802814695066
12008,-1.2697360450327861,-0.008298802814695066
12009,-1.2697360455361095,-0.008298802814695066
12010,-1.2697360602818826,-0.008298802814695066
12011,-1.269736065071549,-0.008298802814695066
12012,-1.269736067550559,-0.008298802814695066
12013,-1.2697360888150488,-0.008298802814695066
12014,-1.2697360902305679,-0.008298802814695066
12015,-1.2697360994126294,-0.008298802814695066
12016,-1.269736108007376,-0.008298802814695066
12017,-1.2697361167353822,-0.008298802814695066
12018,-1.2697361388253874,-0.008298802814695066
12019,-1.2697361401820508,-0.008298802814695066
12020,-1.2697361648505594,-0.008298802814695066
12021,-1.2697361674269043,-0.008298802814695066
12022,-1.2697361763854549,-0.008298802814695066
12023,-1.2697361858558984,-0.008298802814695066
12024,-1.2697361918511028,-0.008298802814695066
12025,-1.2697361942492604,-0.008298802814695066
12026,-1.2697361958163256,-0.008298802814695066
12027,-1.2697361968454683,-0.008298802814695066
12028,-1.26973619926116,-0.008298802814695066
12029,-1.2697362065829465,-0.008298802814695066
12030,-1.2697362123522495,-0.008298802814695066
12031,-1.2697362173372937,-0.008298802814695066
12032,-1.269736217691494,-0.008298802814695066
12033,-1.269736220285519,-0.008298802814695066
12034,-1.2697362211372492,-0.008298802814695066
12035,-1.2697362216801191,-0.008298802814695066
12036,-1.2697362247891808,-0.008298802814695066
12037,-1.2697362275151778,-0.008298802814695066
12038,-1.2697362297276042,-0.008298802814695066
12039,-1.2697362312031846,-0.008298802814695066
12040,-1.2697362330029158,-0.008298802814695066
12041,-1.269736241622736,-0.008298802814695066
12042,-1.2697362439424702,-0.008298802814695066
12043,-1.2697362449188054,-0.008298802814695066
12044,-1.2697362551652902,-0.008298802814695066
12045,-1.2697362613865009,-0.008298802814695066
12046,-1.269736261766494,-0.008298802814695066
12047,-1.2697362799569913,-0.008298802814695066
12048,-1.2697362842726143,-0.008298802814695066
12049,-1.26973629090107,-0.008298802814695066
12050,-1.2697362920722206,-0.008298802814695066
12051,-1.2697363000881285,-0.008298802814695066
12052,-1.2697363014081808,-0.008298802814695066
12053,-1.2697363021913113,-0.008298802814695066
12054,-1.2697363103401176,-0.008298802814695066
12055,-1.2697363195144393,-0.008298802814695066
12056,-1.269736324381435,-0.008298802814695066
12057,-1.2697363306493863,-0.008298802814695066
12058,-1.2697363365336676,-0.008298802814695066
12059,-1.2697363411888394,-0.008298802814695066
12060,-1.269736346448743,-0.008298802814695066
12061,-1.2697363521764058,-0.008298802814695066
12062,-1.269736356297419,-0.008298802814695066
12063,-1.2697363598720361,-0.008298802814695066
12064,-1.2697363617682975,-0.008298802814695066
12065,-1.2697363637158112,-0.008298802814695066
12066,-1.2697363650146567,-0.008298802814695066
12067,-1.2697363692414516,-0.008298802814695066
12068,-1.269736372170255,-0.008298802814695066
12069,-1.269736384920211,-0.008298802814695066
12070,-1.2697363853455188,-0.008298802814695066
12071,-1.2697363855021626,-0.008298802814695066
12072,-1.2697363871036493,-0.008298802814695066
12073,-1.2697363891949185,-0.008298802814695066
12074,-1.2697363958541874,-0.008298802814695066
12075,-1.2697364090647285,-0.008298802814695066
12076,-1.2697364103713227,-0.008298802814695066
12077,-1.2697364177939496,-0.008298802814695066
12078,-1.2697364207445432,-0.008298802814695066
12079,-1.2697364375736695,-0.008298802814695066
12080,-1.2697364473520933,-0.008298802814695066
12081,-1.2697364496148504,-0.008298802814695066
12082,-1.2697364605080956,-0.008298802814695066
12083,-1.2697364606057113,-0.008298802814695066
12084,-1.2697364606102082,-0.008298802814695066
12085,-1.2697364741899309,-0.008298802814695066
12086,-1.269736477709694,-0.008298802814695066
12087,-1.2697364816576773,-0.008298802814695066
12088,-1.269736485958312,-0.008298802814695066
12089,-1.2697364908064954,-0.008298802814695066
12090,-1.2697364929610995,-0.008298802814695066
12091,-1.2697365052444103,-0.008298802814695066
12092,-1.2697365157206932,-0.008298802814695066
12093,-1.2697365185433434,-0.008298802814695066
12094,-1.269736521609325,-0.008298802814695066
12095,-1.2697365223862567,-0.008298802814695066
12096,-1.2697365239414666,-0.008298802814695066
12097,-1.2697365268811298,-0.008298802814695066
12098,-1.2697365271963406,-0.008298802814695066
12099,-1.2697365283320525,-0.008298802814695066
12100,-1.269736530150315,-0.008298802814695066
12101,-1.2697365314863953,-0.008298802814695066
12102,-1.2697365366989666,-0.008298802814695066
12103,-1.2697365380097472,-0.008298802814695066
12104,-1.2697365510431555,-0.008298802814695066
12105,-1.2697365574351345,-0.008298802814695066
12106,-1.2697365593729757,-0.008298802814695066
12107,-1.2697365620707424,-0.008298802814695066
12108,-1.269736580294155,-0.008298802814695066
12109,-1.2697365817154127,-0.008298802814695066
12110,-1.2697366009209279,-0.008298802814695066
12111,-1.2697366116117035,-0.008298802814695066
12112,-1.2697366153739853,-0.008298802814695066
12113,-1.2697366339479506,-0.008298802814695066
12114,-1.269736642961686,-0.008298802814695066
12115,-1.2697366544435638,-0.008298802814695066
12116,-1.2697366564983381,-0.008298802814695066
12117,-1.2697366583538376,-0.008298802814695066
12118,-1.2697366680463817,-0.008298802814695066
12119,-1.2697366696753682,-0.008298802814695066
12120,-1.2697366703327733,-0.008298802814695066
12121,-1.269736687107794,-0.008298802814695066
12122,-1.2697366899787683,-0.008298802814695066
12123,-1.2697366929215212,-0.008298802814695066
12124,-1.2697367128534793,-0.008298802814695066
12125,-1.269736718855567,-0.008298802814695066
12126,-1.269736721762669,-0.008298802814695066
12127,-1.269736740721389,-0.008298802814695066
12128,-1.2697367511975994,-0.008298802814695066
12129,-1.2697367549913134,-0.008298802814695066
12130,-1.269736759962695,-0.008298802814695066
12131,-1.2697367637387627,-0.008298802814695066
12132,-1.269736785540224,-0.008298802814695066
12133,-1.269736796678062,-0.008298802814695066
12134,-1.2697368014699908,-0.008298802814695066
12135,-1.2697368122920802,-0.008298802814695066
12136,-1.2697368243813631,-0.008298802814695066
12137,-1.2697368266235398,-0.008298802814695066
12138,-1.2697368434032061,-0.008298802814695066
12139,-1.2697368492080552,-0.008298802814695066
12140,-1.2697368511729519,-0.008298802814695066
12141,-1.2697368623179082,-0.008298802814695066
12142,-1.2697368703517462,-0.008298802814695066
12143,-1.2697368753987148,-0.008298802814695066
12144,-1.2697368824538242,-0.008298802814695066
12145,-1.2697368856981703,-0.008298802814695066
12146,-1.2697368932283948,-0.008298802814695066
12147,-1.2697369037319401,-0.008298802814695066
12148,-1.2697369078999483,-0.008298802814695066
12149,-1.2697369129485645,-0.008298802814695066
12150,-1.2697369200569528,-0.008298802814695066
12151,-1.269736933286814,-0.008298802814695066
12152,-1.269736933828646,-0.008298802814695066
12153,-1.2697369356220527,-0.008298802814695066
12154,-1.2697369372097806,-0.008298802814695066
12155,-1.2697369451860505,-0.008298802814695066
12156,-1.2697369480056775,-0.008298802814695066
12157,-1.2697369502930844,-0.008298802814695066
12158,-1.269736956343663,-0.008298802814695066
12159,-1.269736964359932,-0.008298802814695066
12160,-1.2697369657452353,-0.008298802814695066
12161,-1.2697369784870758,-0.008298802814695066
12162,-1.2697369831481418,-0.008298802814695066
12163,-1.2697369947556227,-0.008298802814695066
12164,-1.2697370077342387,-0.008298802814695066
12165,-1.2697370136599597,-0.008298802814695066
12166,-1.2697370157761174,-0.008298802814695066
12167,-1.2697370164391613,-0.008298802814695066
12168,-1.2697370181447156,-0.008298802814695066
12169,-1.2697370185426053,-0.008298802814695066
12170,-1.2697370306064069,-0.008298802814695066
12171,-1.2697370363578928,-0.008298802814695066
12172,-1.269737044085533,-0.008298802814695066
12173,-1.2697370493263629,-0.008298802814695066
12174,-1.269737049346615,-0.008298802814695066
12175,-1.2697370629611329,-0.008298802814695066
12176,-1.269737063891865,-0.008298802814695066
12177,-1.2697370681067628,-0.008298802814695066
12178,-1.2697370777231436,-0.008298802814695066
12179,-1.269737083352914,-0.008298802814695066
12180,-1.2697370981973006,-0.008298802814695066
12181,-1.2697371106120465,-0.008298802814695066
12182,-1.2697371303491543,-0.008298802814695066
12183,-1.2697371452849198,-0.008298802814695066
12184,-1.2697371460076656,-0.008298802814695066
12185,-1.2697371477836494,-0.008298802814695066
12186,-1.2697371546459135,-0.008298802814695066
12187,-1.269737159869197,-0.008298802814695066
12188,-1.2697371740327899,-0.008298802814695066
12189,-1.2697371789211718,-0.008298802814695066
12190,-1.2697371842110994,-0.008298802814695066
12191,-1.2697371853346184,-0.008298802814695066
12192,-1.2697371908816242,-0.008298802814695066
12193,-1.2697372284600044,-0.008298802814695066
12194,-1.269737231561996,-0.008298802814695066
12195,-1.2697372446442416,-0.008298802814695066
12196,-1.2697372487882457,-0.008298802814695066
12197,-1.2697372572783914,-0.008298802814695066
12198,-1.2697372676055316,-0.008298802814695066
12199,-1.2697372691744866,-0.008298802814695066
12200,-1.269737279235378,-0.008298802814695066
12201,-1.269737282817208,-0.008298802814695066
12202,-1.2697372910890834,-0.008298802814695066
12203,-1.2697372963998343,-0.008298802814695066
12204,-1.2697372985803461,-0.008298802814695066
12205,-1.2697373026136407,-0.008298802814695066
12206,-1.269737304642474,-0.008298802814695066
12207,-1.2697373068171567,-0.008298802814695066
12208,-1.2697373151223852,-0.008298802814695066
12209,-1.2697373278849073,-0.008298802814695066
12210,-1.2697373283477473,-0.008298802814695066
12211,-1.2697373302517545,-0.008298802814695066
12212,-1.2697373322825538,-0.008298802814695066
12213,-1.2697373329891743,-0.008298802814695066
12214,-1.269737337807392,-0.008298802814695066
12215,-1.269737355357967,-0.008298802814695066
12216,-1.2697373565690198,-0.008298802814695066
12217,-1.2697373651102708,-0.008298802814695066
12218,-1.26973736746554,-0.008298802814695066
12219,-1.269737381343519,-0.008298802814695066
12220,-1.2697373855478769,-0.008298802814695066
12221,-1.2697373888156944,-0.008298802814695066
12222,-1.269737389031814,-0.008298802814695066
12223,-1.2697373934527207,-0.008298802814695066
12224,-1.2697374006653592,-0.008298802814695066
12225,-1.2697374071327774,-0.008298802814695066
12226,-1.2697374128576142,-0.008298802814695066
12227,-1.269737416274649,-0.008298802814695066
12228,-1.2697374288439267,-0.008298802814695066
12229,-1.2697374291388719,-0.008298802814695066
12230,-1.2697374308677918,-0.008298802814695066
12231,-1.2697374324503559,-0.008298802814695066
12232,-1.2697374326045177,-0.008298802814695066
12233,-1.2697374328668842,-0.008298802814695066
12234,-1.2697374473481253,-0.008298802814695066
12235,-1.269737448759124,-0.008298802814695066
12236,-1.2697374537111803,-0.008298802814695066
12237,-1.2697374550116372,-0.008298802814695066
12238,-1.2697374585444803,-0.008298802814695066
12239,-1.269737460796784,-0.008298802814695066
12240,-1.2697374617266506,-0.008298802814695066
12241,-1.2697374691225984,-0.008298802814695066
12242,-1.2697374765237832,-0.008298802814695066
12243,-1.269737480305551,-0.008298802814695066
12244,-1.2697374857134882,-0.008298802814695066
12245,-1.2697374976951965,-0.008298802814695066
12246,-1.2697375029264975,-0.008298802814695066
12247,-1.269737510957223,-0.008298802814695066
12248,-1.2697375152977606,-0.008298802814695066
12249,-1.2697375174107672,-0.008298802814695066
12250,-1.2697375176338572,-0.008298802814695066
12251,-1.2697375214387732,-0.008298802814695066
12252,-1.2697375298361213,-0.008298802814695066
12253,-1.269737531477595,-0.008298802814695066
12254,-1.2697375402835192,-0.008298802814695066
12255,-1.2697375619237556,-0.008298802814695066
12256,-1.2697375623991527,-0.008298802814695066
12257,-1.269737564255049,-0.008298802814695066
12258,-1.269737568395741,-0.008298802814695066
12259,-1.2697375767302057,-0.008298802814695066
12260,-1.2697375804905924,-0.008298802814695066
12261,-1.2697375827659554,-0.008298802814695066
12262,-1.269737587235314,-0.008298802814695066
12263,-1.2697375873385925,-0.008298802814695066
12264,-1.2697375970267948,-0.008298802814695066
12265,-1.2697376111489604,-0.008298802814695066
12266,-1.26973761567087,-0.008298802814695066
12267,-1.269737622336489,-0.008298802814695066
12268,-1.2697376270709722,-0.008298802814695066
12269,-1.2697376282110708,-0.008298802814695066
12270,-1.2697376418195185,-0.008298802814695066
12271,-1.2697376452906175,-0.008298802814695066
12272,-1.2697376539054765,-0.008298802814695066
12273,-1.2697376545969556,-0.008298802814695066
12274,-1.2697376648368577,-0.008298802814695066
12275,-1.2697376765101298,-0.008298802814695066
12276,-1.269737677494681,-0.008298802814695066
12277,-1.2697376799738431,-0.008298802814695066
12278,-1.2697376852886695,-0.008298802814695066
12279,-1.269737687996627,-0.008298802814695066
12280,-1.2697376884388865,-0.008298802814695066
12281,-1.2697377002835633,-0.008298802814695066
12282,-1.269737703141985,-0.008298802814695066
12283,-1.2697377041339852,-0.008298802814695066
12284,-1.269737704253542,-0.008298802814695066
12285,-1.2697377074335217,-0.008298802814695066
12286,-1.2697377076144565,-0.008298802814695066
12287,-1.2697377079088232,-0.008298802814695066
12288,-1.2697377120003492,-0.008298802814695066
12289,-1.2697377136229988,-0.008298802814695066
12290,-1.2697377157292258,-0.008298802814695066
12291,-1.2697377179896836,-0.008298802814695066
12292,-1.2697377190916181,-0.008298802814695066
12293,-1.2697377238029217,-0.008298802814695066
12294,-1.2697377245753398,-0.008298802814695066
12295,-1.2697377304977302,-0.008298802814695066
12296,-1.2697377464913513,-0.008298802814695066
12297,-1.2697377573396949,-0.008298802814695066
12298,-1.2697377683529896,-0.008298802814695066
12299,-1.2697377721683294,-0.008298802814695066
12300,-1.2697377793333764,-0.008298802814695066
12301,-1.2697377803794492,-0.008298802814695066
12302,-1.2697377839454618,-0.008298802814695066
12303,-1.269737786373534,-0.008298802814695066
12304,-1.2697378042728933,-0.008298802814695066
12305,-1.269737812701546,-0.008298802814695066
12306,-1.2697378148110587,-0.008298802814695066
12307,-1.2697378317851364,-0.008298802814695066
12308,-1.2697378348144412,-0.008298802814695066
12309,-1.2697378365258247,-0.008298802814695066
12310,-1.2697378379847999,-0.008298802814695066
12311,-1.2697378507909736,-0.008298802814695066
12312,-1.2697378541298228,-0.008298802814695066
12313,-1.2697378623689706,-0.008298802814695066
12314,-1.269737863634391,-0.008298802814695066
12315,-1.2697378668426162,-0.008298802814695066
12316,-1.269737867668794,-0.008298802814695066
12317,-1.26973788025033,-0.008298802814695066
12318,-1.2697378852477248,-0.008298802814695066
12319,-1.2697378872278566,-0.008298802814695066
12320,-1.2697378892333693,-0.008298802814695066
12321,-1.2697378912125066,-0.008298802814695066
12322,-1.2697379044291377,-0.008298802814695066
12323,-1.2697379190704472,-0.008298802814695066
12324,-1.2697379201429866,-0.008298802814695066
12325,-1.2697379268580233,-0.008298802814695066
12326,-1.2697379273034035,-0.008298802814695066
12327,-1.2697379357247103,-0.008298802814695066
12328,-1.2697379393352657,-0.008298802814695066
12329,-1.2697379436048972,-0.008298802814695066
12330,-1.2697379549938144,-0.008298802814695066
12331,-1.2697379672265068,-0.008298802814695066
12332,-1.2697379814138374,-0.008298802814695066
12333,-1.2697379867843985,-0.008298802814695066
12334,-1.2697379878862782,-0.008298802814695066
12335,-1.2697379999118243,-0.008298802814695066
12336,-1.2697380077491935,-0.008298802814695066
12337,-1.269738014588562,-0.008298802814695066
12338,-1.2697380190519767,-0.008298802814695066
12339,-1.2697380194896757,-0.008298802814695066
12340,-1.2697380224090493,-0.008298802814695066
12341,-1.2697380261292601,-0.008298802814695066
12342,-1.269738048361474,-0.008298802814695066
12343,-1.2697380502858087,-0.008298802814695066
12344,-1.269738055021635,-0.008298802814695066
12345,-1.2697380608195812,-0.008298802814695066
12346,-1.2697380666874936,-0.008298802814695066
12347,-1.269738071806958,-0.008298802814695066
12348,-1.2697380779769447,-0.008298802814695066
12349,-1.2697380880119815,-0.008298802814695066
12350,-1.2697380905811748,-0.008298802814695066
12351,-1.269738091797108,-0.008298802814695066
12352,-1.2697380941091585,-0.008298802814695066
12353,-1.2697380973028107,-0.008298802814695066
12354,-1.2697381086973891,-0.008298802814695066
12355,-1.2697381101148342,-0.008298802814695066
12356,-1.2697381132415586,-0.008298802814695066
12357,-1.2697381141086048,-0.008298802814695066
12358,-1.2697381170545967,-0.008298802814695066
12359,-1.2697381173859905,-0.008298802814695066
12360,-1.2697381234962755,-0.008298802814695066
12361,-1.2697381308987314,-0.008298802814695066
12362,-1.2697381353625357,-0.008298802814695066
12363,-1.2697381366956446,-0.008298802814695066
12364,-1.269738150353744,-0.008298802814695066
12365,-1.2697381513858166,-0.008298802814695066
12366,-1.2697381547161815,-0.008298802814695066
12367,-1.2697381558705236,-0.008298802814695066
12368,-1.2697381584867133,-0.008298802814695066
12369,-1.269738163798368,-0.008298802814695066
12370,-1.2697381724372392,-0.008298802814695066
12371,-1.2697381745283327,-0.008298802814695066
12372,-1.2697381867494382,-0.008298802814695066
12373,-1.2697381964137657,-0.008298802814695066
12374,-1.2697382021786547,-0.008298802814695066
12375,-1.2697382059205748,-0.008298802814695066
12376,-1.2697382122137224,-0.008298802814695066
12377,-1.269738217686553,-0.008298802814695066
12378,-1.2697382183013572,-0.008298802814695066
12379,-1.2697382192693334,-0.008298802814695066
12380,-1.2697382388095309,-0.008298802814695066
12381,-1.269738241778086,-0.008298802814695066
12382,-1.2697382436861822,-0.008298802814695066
12383,-1.2697382440161977,-0.008298802814695066
12384,-1.269738249329335,-0.008298802814695066
12385,-1.2697382640341428,-0.008298802814695066
12386,-1.2697382656641931,-0.008298802814695066
12387,-1.2697382711538419,-0.008298802814695066
12388,-1.2697382947326692,-0.008298802814695066
12389,-1.269738295072708,-0.008298802814695066
12390,-1.2697383053473223,-0.008298802814695066
12391,-1.2697383260137423,-0.008298802814695066
12392,-1.2697383287950106,-0.008298802814695066
12393,-1.2697383336491714,-0.008298802814695066
12394,-1.269738333896217,-0.008298802814695066
12395,-1.2697383345622049,-0.008298802814695066
12396,-1.269738345707562,-0.008298802814695066
12397,-1.2697383462812426,-0.008298802814695066
12398,-1.2697383503600974,-0.008298802814695066
12399,-1.2697383532904098,-0.008298802814695066
12400,-1.2697383540269718,-0.008298802814695066
12401,-1.2697383547546908,-0.008298802814695066
12402,-1.269738362004726,-0.008298802814695066
12403,-1.269738362058954,-0.008298802814695066
12404,-1.2697383642842324,-0.008298802814695066
12405,-1.269738368679397,-0.008298802814695066
12406,-1.2697383762101015,-0.008298802814695066
12407,-1.2697383788922703,-0.008298802814695066
12408,-1.2697383804463604,-0.008298802814695066
12409,-1.269738386681254,-0.008298802814695066
12410,-1.2697384006983796,-0.008298802814695066
12411,-1.2697384067142103,-0.008298802814695066
12412,-1.2697384090489228,-0.008298802814695066
12413,-1.269738415659027,-0.008298802814695066
12414,-1.269738416002052,-0.008298802814695066
12415,-1.269738417518415,-0.008298802814695066
12416,-1.269738433620588,-0.008298802814695066
12417,-1.2697384352399692,-0.008298802814695066
12418,-1.269738440291988,-0.008298802814695066
12419,-1.2697384425024754,-0.008298802814695066
12420,-1.2697384437095844,-0.008298802814695066
12421,-1.2697384459338061,-0.008298802814695066
12422,-1.2697384542668901,-0.008298802814695066
12423,-1.2697384551068167,-0.008298802814695066
12424,-1.2697384733806558,-0.008298802814695066
12425,-1.2697384751739924,-0.008298802814695066
12426,-1.26973847672167,-0.008298802814695066
12427,-1.2697384780497305,-0.008298802814695066
12428,-1.2697384802983671,-0.008298802814695066
12429,-1.2697384820042807,-0.008298802814695066
12430,-1.269738490576517,-0.008298802814695066
12431,-1.2697384937984024,-0.008298802814695066
12432,-1.2697384958144249,-0.008298802814695066
12433,-1.2697384982304225,-0.008298802814695066
12434,-1.2697384997171897,-0.008298802814695066
12435,-1.2697385033322137,-0.008298802814695066
12436,-1.2697385056682098,-0.008298802814695066
12437,-1.269738508188873,-0.008298802814695066
12438,-1.2697385128713845,-0.008298802814695066
12439,-1.2697385143897493,-0.008298802814695066
12440,-1.2697385150909195,-0.008298802814695066
12441,-1.2697385154717034,-0.008298802814695066
12442,-1.269738515695856,-0.008298802814695066
12443,-1.2697385160602306,-0.008298802814695066
12444,-1.2697385254729099,-0.008298802814695066
12445,-1.2697385284344789,-0.008298802814695066
12446,-1.2697385293899248,-0.008298802814695066
12447,-1.269738529855381,-0.008298802814695066
12448,-1.2697385310959524,-0.008298802814695066
12449,-1.2697385476507517,-0.008298802814695066
12450,-1.269738550392803,-0.008298802814695066
12451,-1.269738552238869,-0.008298802814695066
12452,-1.26973855524772,-0.008298802814695066
12453,-1.2697385552529117,-0.008298802814695066
12454,-1.269738558926954,-0.008298802814695066
12455,-1.2697385611015146,-0.008298802814695066
12456,-1.2697385663015748,-0.008298802814695066
12457,-1.2697385739229257,-0.008298802814695066
12458,-1.2697385806237347,-0.008298802814695066
12459,-1.2697385829612629,-0.008298802814695066
12460,-1.2697385855251886,-0.008298802814695066
12461,-1.2697385876761365,-0.008298802814695066
12462,-1.2697385923058024,-0.008298802814695066
12463,-1.269738603689219,-0.008298802814695066
12464,-1.2697386151118146,-0.008298802814695066
12465,-1.2697386212258244,-0.008298802814695066
12466,-1.2697386214384396,-0.008298802814695066
12467,-1.2697386251025753,-0.008298802814695066
12468,-1.2697386293888664,-0.008298802814695066
12469,-1.2697386429106008,-0.008298802814695066
12470,-1.26973864332226,-0.008298802814695066
12471,-1.269738644183671,-0.008298802814695066
12472,-1.2697386484277522,-0.008298802814695066
12473,-1.2697386541026168,-0.008298802814695066
12474,-1.2697386605606633,-0.008298802814695066
12475,-1.2697386615573563,-0.008298802814695066
12476,-1.269738661817911,-0.008298802814695066
12477,-1.269738670448759,-0.008298802814695066
12478,-1.269738671703884,-0.008298802814695066
12479,-1.2697386788737115,-0.008298802814695066
12480,-1.2697386825412122,-0.008298802814695066
12481,-1.2697386835792746,-0.008298802814695066
12482,-1.2697386852602377,-0.008298802814695066
12483,-1.2697386870610026,-0.008298802814695066
12484,-1.2697387005983036,-0.008298802814695066
12485,-1.269738708427187,-0.008298802814695066
12486,-1.2697387100919026,-0.008298802814695066
12487,-1.2697387118132186,-0.008298802814695066
12488,-1.2697387181644113,-0.008298802814695066
12489,-1.269738719079791,-0.008298802814695066
12490,-1.2697387265426676,-0.008298802814695066
12491,-1.2697387269742877,-0.008298802814695066
12492,-1.2697387319271027,-0.008298802814695066
12493,-1.269738735098111,-0.008298802814695066
12494,-1.2697387361458483,-0.008298802814695066
12495,-1.2697387491695487,-0.008298802814695066
12496,-1.269738749188834,-0.008298802814695066
12497,-1.2697387542219056,-0.008298802814695066
12498,-1.2697387547568624,-0.008298802814695066
12499,-1.2697387588497169,-0.008298802814695066
12500,-1.2697387659199337,-0.008298802814695066
12501,-1.2697387677633358,-0.008298802814695066
12502,-1.269738793192299,-0.008298802814695066
12503,-1.2697388010411548,-0.008298802814695066
12504,-1.2697388010964148,-0.008298802814695066
12505,-1.269738803374212,-0.008298802814695066
12506,-1.2697388128178657,-0.008298802814695066
12507,-1.2697388139678614,-0.008298802814695066
12508,-1.2697388171069355,-0.008298802814695066
12509,-1.2697388182741611,-0.008298802814695066
12510,-1.269738819519231,-0.008298802814695066
12511,-1.2697388201012778,-0.008298802814695066
12512,-1.269738824681936,-0.008298802814695066
12513,-1.2697388279437658,-0.008298802814695066
12514,-1.269738838599752,-0.008298802814695066
12515,-1.2697388404366439,-0.008298802814695066
12516,-1.2697388423643214,-0.008298802814695066
12517,-1.2697388467339845,-0.008298802814695066
12518,-1.2697388469465394,-0.008298802814695066
12519,-1.2697388507506042,-0.008298802814695066
12520,-1.2697388569501058,-0.008298802814695066
12521,-1.2697388576813322,-0.008298802814695066
12522,-1.2697388598089039,-0.008298802814695066
12523,-1.2697388608770552,-0.008298802814695066
12524,-1.269738862752374,-0.008298802814695066
12525,-1.2697388637441704,-0.008298802814695066
12526,-1.2697388661211675,-0.008298802814695066
12527,-1.2697388685480893,-0.008298802814695066
12528,-1.269738871807373,-0.008298802814695066
12529,-1.26973887226714,-0.008298802814695066
12530,-1.2697388767287952,-0.008298802814695066
12531,-1.2697388810800656,-0.008298802814695066
12532,-1.2697388856412888,-0.008298802814695066
12533,-1.2697388962320881,-0.008298802814695066
12534,-1.2697388989356377,-0.008298802814695066
12535,-1.2697389106403343,-0.008298802814695066
12536,-1.2697389156481165,-0.008298802814695066
12537,-1.2697389227157776,-0.008298802814695066
12538,-1.2697389254616764,-0.008298802814695066
12539,-1.269738927070866,-0.008298802814695066
12540,-1.2697389375473855,-0.008298802814695066
12541,-1.2697389377601662,-0.008298802814695066
12542,-1.2697389429444368,-0.008298802814695066
12543,-1.2697389470404472,-0.008298802814695066
12544,-1.2697389513275374,-0.008298802814695066
12545,-1.2697389545076392,-0.008298802814695066
12546,-1.2697389612499674,-0.008298802814695066
12547,-1.269738969737172,-0.008298802814695066
12548,-1.2697389714929121,-0.008298802814695066
12549,-1.2697389727306907,-0.008298802814695066
12550,-1.2697389728185065,-0.008298802814695066
12551,-1.2697389758659694,-0.008298802814695066
12552,-1.269738983758455,-0.008298802814695066
12553,-1.2697389898216507,-0.008298802814695066
12554,-1.2697389913224968,-0.008298802814695066
12555,-1.269738995246943,-0.008298802814695066
12556,-1.269739002686893,-0.008298802814695066
12557,-1.2697390027673259,-0.008298802814695066
12558,-1.269739007770608,-0.008298802814695066
12559,-1.2697390115061047,-0.008298802814695066
12560,-1.2697390118207172,-0.008298802814695066
12561,-1.269739012830448,-0.008298802814695066
12562,-1.2697390133142221,-0.008298802814695066
12563,-1.2697390163069684,-0.008298802814695066
12564,-1.2697390165003104,-0.008298802814695066
12565,-1.2697390186283948,-0.008298802814695066
12566,-1.269739022073476,-0.008298802814695066
12567,-1.2697390251874248,-0.008298802814695066
12568,-1.2697390331094325,-0.008298802814695066
12569,-1.2697390380341684,-0.008298802814695066
12570,-1.2697390389226189,-0.008298802814695066
12571,-1.2697390413394898,-0.008298802814695066
12572,-1.2697390419852526,-0.008298802814695066
12573,-1.26973904233988,-0.008298802814695066
12574,-1.2697390452105832,-0.008298802814695066
12575,-1.2697390460046256,-0.008298802814695066
12576,-1.2697390470945495,-0.008298802814695066
12577,-1.2697390486948055,-0.008298802814695066
12578,-1.269739054404747,-0.008298802814695066
12579,-1.2697390581419914,-0.008298802814695066
12580,-1.2697390722601947,-0.008298802814695066
12581,-1.2697390741557963,-0.008298802814695066
12582,-1.2697390865676728,-0.008298802814695066
12583,-1.2697390874100851,-0.008298802814695066
12584,-1.2697390877098633,-0.008298802814695066
12585,-1.2697390909727932,-0.008298802814695066
12586,-1.2697390930069608,-0.008298802814695066
12587,-1.2697390945815272,-0.008298802814695066
12588,-1.2697390952947574,-0.008298802814695066
12589,-1.269739097804699,-0.008298802814695066
12590,-1.269739098275498,-0.008298802814695066
12591,-1.2697391035882304,-0.008298802814695066
12592,-1.2697391112905674,-0.008298802814695066
12593,-1.269739113871967,-0.008298802814695066
12594,-1.269739122073134,-0.008298802814695066
12595,-1.2697391221615657,-0.008298802814695066
12596,-1.2697391242253857,-0.008298802814695066
12597,-1.2697391254801986,-0.008298802814695066
12598,-1.2697391257056765,-0.008298802814695066
12599,-1.2697391259283723,-0.008298802814695066
12600,-1.2697391318488465,-0.008298802814695066
12601,-1.269739133245005,-0.008298802814695066
12602,-1.2697391435265906,-0.008298802814695066
12603,-1.2697391463460348,-0.008298802814695066
12604,-1.2697391569041345,-0.008298802814695066
12605,-1.2697391599233079,-0.008298802814695066
12606,-1.2697391678194132,-0.008298802814695066
12607,-1.2697391756732337,-0.008298802814695066
12608,-1.269739177884054,-0.008298802814695066
12609,-1.269739178804305,-0.008298802814695066
12610,-1.2697391803402764,-0.008298802814695066
12611,-1.2697391824478255,-0.008298802814695066
12612,-1.2697391916315661,-0.008298802814695066
12613,-1.2697391942881953,-0.008298802814695066
12614,-1.2697392051683145,-0.008298802814695066
12615,-1.2697392063412536,-0.008298802814695066
12616,-1.2697392122862288,-0.008298802814695066
12617,-1.2697392169214279,-0.008298802814695066
12618,-1.2697392207945002,-0.008298802814695066
12619,-1.2697392303804538,-0.008298802814695066
12620,-1.2697392306890214,-0.008298802814695066
12621,-1.2697392348903282,-0.008298802814695066
12622,-1.2697392360281918,-0.008298802814695066
12623,-1.2697392375045913,-0.008298802814695066
12624,-1.2697392377713705,-0.008298802814695066
12625,-1.2697392394261255,-0.008298802814695066
12626,-1.269739242721881,-0.008298802814695066
12627,-1.2697392480210794,-0.008298802814695066
12628,-1.269739252834281,-0.008298802814695066
12629,-1.2697392534443046,-0.008298802814695066
12630,-1.2697392574848605,-0.008298802814695066
12631,-1.2697392583459242,-0.008298802814695066
12632,-1.26973926015361,-0.008298802814695066
12633,-1.26973926094446,-0.008298802814695066
12634,-1.2697392618405807,-0.008298802814695066
12635,-1.2697392737862507,-0.008298802814695066
12636,-1.2697392761222852,-0.008298802814695066
12637,-1.2697392790394033,-0.008298802814695066
12638,-1.2697392834687442,-0.008298802814695066
12639,-1.2697392872837696,-0.008298802814695066
12640,-1.2697393050515597,-0.008298802814695066
12641,-1.2697393092091185,-0.008298802814695066
12642,-1.2697393147277258,-0.008298802814695066
12643,-1.2697393150000456,-0.008298802814695066
12644,-1.2697393163410378,-0.008298802814695066
12645,-1.2697393171826774,-0.008298802814695066
12646,-1.2697393202732283,-0.008298802814695066
12647,-1.26973932315607,-0.008298802814695066
12648,-1.2697393240972055,-0.008298802814695066
12649,-1.2697393242885266,-0.008298802814695066
12650,-1.2697393292496213,-0.008298802814695066
12651,-1.2697393348285493,-0.008298802814695066
12652,-1.2697393355722504,-0.008298802814695066
12653,-1.2697393397999113,-0.008298802814695066
12654,-1.2697393404868142,-0.008298802814695066
12655,-1.2697393414993008,-0.008298802814695066
12656,-1.2697393429522374,-0.008298802814695066
12657,-1.269739349859513,-0.008298802814695066
12658,-1.2697393512387702,-0.008298802814695066
12659,-1.26973935661089,-0.008298802814695066
12660,-1.2697393578504503,-0.008298802814695066
12661,-1.2697393645727202,-0.008298802814695066
12662,-1.2697393686200362,-0.008298802814695066
12663,-1.2697393688756908,-0.008298802814695066
12664,-1.2697393691879024,-0.008298802814695066
12665,-1.2697393749636094,-0.008298802814695066
12666,-1.269739385507067,-0.008298802814695066
12667,-1.2697393899187746,-0.008298802814695066
12668,-1.2697393901222305,-0.008298802814695066
12669,-1.269739394510361,-0.008298802814695066
12670,-1.2697393983842324,-0.008298802814695066
12671,-1.2697394028854319,-0.008298802814695066
12672,-1.2697394053053115,-0.008298802814695066
12673,-1.2697394079223363,-0.008298802814695066
12674,-1.2697394171955567,-0.008298802814695066
12675,-1.2697394193486176,-0.008298802814695066
12676,-1.2697394205477486,-0.008298802814695066
12677,-1.2697394207036312,-0.008298802814695066
12678,-1.2697394238264224,-0.008298802814695066
12679,-1.269739424522983,-0.008298802814695066
12680,-1.2697394276217069,-0.008298802814695066
12681,-1.2697394286982402,-0.008298802814695066
12682,-1.2697394306528624,-0.008298802814695066
12683,-1.269739432879056,-0.008298802814695066
12684,-1.2697394357773555,-0.008298802814695066
12685,-1.2697394364838603,-0.008298802814695066
12686,-1.2697394401971829,-0.008298802814695066
12687,-1.269739442393122,-0.008298802814695066
12688,-1.2697394443848242,-0.008298802814695066
12689,-1.2697394464933394,-0.008298802814695066
12690,-1.2697394516263418,-0.008298802814695066
12691,-1.2697394528462977,-0.008298802814695066
12692,-1.26973946273991,-0.008298802814695066
12693,-1.269739464069277,-0.008298802814695066
12694,-1.2697394673618698,-0.008298802814695066
12695,-1.2697394730918337,-0.008298802814695066
12696,-1.2697394755808868,-0.008298802814695066
12697,-1.2697394802302635,-0.008298802814695066
12698,-1.2697394863181093,-0.008298802814695066
12699,-1.2697394967153819,-0.008298802814695066
12700,-1.269739497694844,-0.008298802814695066
12701,-1.269739501023244,-0.008298802814695066
12702,-1.2697395026474314,-0.008298802814695066
12703,-1.269739509829006,-0.008298802814695066
12704,-1.2697395105955331,-0.008298802814695066
12705,-1.2697395110155334,-0.008298802814695066
12706,-1.2697395142314323,-0.008298802814695066
12707,-1.2697395194917487,-0.008298802814695066
12708,-1.2697395202486244,-0.008298802814695066
12709,-1.269739522192502,-0.008298802814695066
12710,-1.2697395230185091,-0.008298802814695066
12711,-1.2697395231178636,-0.008298802814695066
12712,-1.269739531154114,-0.008298802814695066
12713,-1.269739531315953,-0.008298802814695066
12714,-1.2697395345033633,-0.008298802814695066
12715,-1.26973953623519,-0.008298802814695066
12716,-1.2697395375505076,-0.008298802814695066
12717,-1.2697395375602152,-0.008298802814695066
12718,-1.2697395387373058,-0.008298802814695066
12719,-1.2697395461456864,-0.008298802814695066
12720,-1.2697395463771195,-0.008298802814695066
12721,-1.269739546434871,-0.008298802814695066
12722,-1.2697395628329637,-0.008298802814695066
12723,-1.2697395641651381,-0.008298802814695066
12724,-1.269739576003159,-0.008298802814695066
12725,-1.2697395783946743,-0.008298802814695066
12726,-1.2697395784665821,-0.008298802814695066
12727,-1.2697395850103337,-0.008298802814695066
12728,-1.2697395852468314,-0.008298802814695066
12729,-1.2697395872750266,-0.008298802814695066
12730,-1.2697395909066471,-0.008298802814695066
12731,-1.2697395939777543,-0.008298802814695066
12732,-1.2697395976862913,-0.008298802814695066
12733,-1.269739597741152,-0.008298802814695066
12734,-1.2697396003478163,-0.008298802814695066
12735,-1.269739601123131,-0.008298802814695066
12736,-1.269739603568075,-0.008298802814695066
12737,-1.269739604267589,-0.008298802814695066
12738,-1.2697396046272296,-0.008298802814695066
12739,-1.2697396080855123,-0.008298802814695066
12740,-1.2697396105834895,-0.008298802814695066
12741,-1.2697396125636542,-0.008298802814695066
12742,-1.269739612874537,-0.008298802814695066
12743,-1.2697396132257515,-0.008298802814695066
12744,-1.269739614564003,-0.008298802814695066
12745,-1.2697396187598216,-0.008298802814695066
12746,-1.269739622379871,-0.008298802814695066
12747,-1.2697396239632983,-0.008298802814695066
12748,-1.269739629731778,-0.008298802814695066
12749,-1.26973963719482,-0.008298802814695066
12750,-1.2697396373933645,-0.008298802814695066
12751,-1.2697396387731135,-0.008298802814695066
12752,-1.2697396414864188,-0.008298802814695066
12753,-1.2697396478097285,-0.008298802814695066
12754,-1.2697396486769383,-0.008298802814695066
12755,-1.2697396499541267,-0.008298802814695066
12756,-1.269739655131055,-0.008298802814695066
12757,-1.2697396590712877,-0.008298802814695066
12758,-1.2697396655361044,-0.008298802814695066
12759,-1.269739666147004,-0.008298802814695066
12760,-1.269739672866208,-0.008298802814695066
12761,-1.2697396730007446,-0.008298802814695066
12762,-1.2697396746521101,-0.008298802814695066
12763,-1.269739675492462,-0.008298802814695066
12764,-1.2697396772679401,-0.008298802814695066
12765,-1.2697396794114921,-0.008298802814695066
12766,-1.2697396816243818,-0.008298802814695066
12767,-1.2697396831954388,-0.008298802814695066
12768,-1.2697396839283066,-0.008298802814695066
12769,-1.269739684746873,-0.008298802814695066
12770,-1.2697396873911773,-0.008298802814695066
12771,-1.2697396921594726,-0.008298802814695066
12772,-1.2697396982290723,-0.008298802814695066
12773,-1.2697397006173758,-0.008298802814695066
12774,-1.2697397044479795,-0.008298802814695066
12775,-1.269739705490617,-0.008298802814695066
12776,-1.2697397087237257,-0.008298802814695066
12777,-1.26973970874346,-0.008298802814695066
12778,-1.2697397154567611,-0.008298802814695066
12779,-1.2697397178338496,-0.008298802814695066
12780,-1.269739721897119,-0.008298802814695066
12781,-1.2697397376494932,-0.008298802814695066
12782,-1.2697397386969465,-0.008298802814695066
12783,-1.2697397409144981,-0.008298802814695066
12784,-1.2697397427704928,-0.008298802814695066
12785,-1.269739745023664,-0.008298802814695066
12786,-1.2697397456419386,-0.008298802814695066
12787,-1.2697397503436643,-0.008298802814695066
12788,-1.2697397515029307,-0.008298802814695066
12789,-1.2697397586764017,-0.008298802814695066
12790,-1.269739759288041,-0.008298802814695066
12791,-1.2697397609442571,-0.008298802814695066
12792,-1.269739761174221,-0.008298802814695066
12793,-1.2697397620432032,-0.008298802814695066
12794,-1.2697397627661582,-0.008298802814695066
12795,-1.2697397636005472,-0.008298802814695066
12796,-1.2697397642283859,-0.008298802814695066
12797,-1.269739775861018,-0.008298802814695066
12798,-1.269739776073231,-0.008298802814695066
12799,-1.2697397767055225,-0.008298802814695066
12800,-1.2697397781579105,-0.008298802814695066
12801,-1.269739780475672,-0.008298802814695066
12802,-1.2697397811788425,-0.008298802814695066
12803,-1.2697397819474572,-0.008298802814695066
12804,-1.2697397830938961,-0.008298802814695066
12805,-1.2697397832168107,-0.008298802814695066
12806,-1.26973978518316,-0.008298802814695066
12807,-1.26973978521717,-0.008298802814695066
12808,-1.2697397888705586,-0.008298802814695066
12809,-1.2697397919404292,-0.008298802814695066
12810,-1.2697397990597896,-0.008298802814695066
12811,-1.269739802179533,-0.008298802814695066
12812,-1.2697398080999736,-0.008298802814695066
12813,-1.2697398184071318,-0.008298802814695066
12814,-1.269739819638565,-0.008298802814695066
12815,-1.269739823096012,-0.008298802814695066
12816,-1.2697398235229458,-0.008298802814695066
12817,-1.2697398262792832,-0.008298802814695066
12818,-1.269739830050126,-0.008298802814695066
12819,-1.269739830998048,-0.008298802814695066
12820,-1.2697398389259156,-0.008298802814695066
12821,-1.2697398444477346,-0.008298802814695066
12822,-1.269739845538818,-0.008298802814695066
12823,-1.2697398466438892,-0.008298802814695066
12824,-1.2697398567490894,-0.008298802814695066
12825,-1.2697398640882058,-0.008298802814695066
12826,-1.2697398646270237,-0.008298802814695066
12827,-1.269739866285097,-0.008298802814695066
12828,-1.2697398665845596,-0.008298802814695066
12829,-1.269739869454413,-0.008298802814695066
12830,-1.2697398738523842,-0.008298802814695066
12831,-1.2697398780778049,-0.008298802814695066
12832,-1.2697398794539585,-0.008298802814695066
12833,-1.2697398804983933,-0.008298802814695066
12834,-1.2697398810469398,-0.008298802814695066
12835,-1.2697398833023488,-0.008298802814695066
12836,-1.2697398842552885,-0.008298802814695066
12837,-1.2697398844429952,-0.008298802814695066
12838,-1.2697398891920377,-0.008298802814695066
12839,-1.2697398899882715,-0.008298802814695066
12840,-1.2697398909743045,-0.008298802814695066
12841,-1.2697398927469024,-0.008298802814695066
12842,-1.2697398983425987,-0.008298802814695066
12843,-1.2697399020333886,-0.008298802814695066
12844,-1.2697399041267494,-0.008298802814695066
12845,-1.2697399083479908,-0.008298802814695066
12846,-1.269739910767964,-0.008298802814695066
12847,-1.2697399129100946,-0.008298802814695066
12848,-1.269739913407491,-0.008298802814695066
12849,-1.2697399193989325,-0.008298802814695066
12850,-1.2697399205627853,-0.008298802814695066
12851,-1.2697399307884911,-0.008298802814695066
12852,-1.269739933939848,-0.008298802814695066
12853,-1.2697399340129747,-0.008298802814695066
12854,-1.2697399344059184,-0.008298802814695066
12855,-1.2697399370498066,-0.008298802814695066
12856,-1.2697399384120212,-0.008298802814695066
12857,-1.2697399386511519,-0.008298802814695066
12858,-1.2697399449565683,-0.008298802814695066
12859,-1.269739945603174,-0.008298802814695066
12860,-1.2697399458168455,-0.008298802814695066
12861,-1.2697399461789347,-0.008298802814695066
12862,-1.2697399471798363,-0.008298802814695066
12863,-1.2697399545093613,-0.008298802814695066
12864,-1.269739956320493,-0.008298802814695066
12865,-1.2697399605379909,-0.008298802814695066
12866,-1.2697399619503722,-0.008298802814695066
12867,-1.2697399632881259,-0.008298802814695066
12868,-1.2697399652662464,-0.008298802814695066
12869,-1.2697399657872046,-0.008298802814695066
12870,-1.2697399663744298,-0.008298802814695066
12871,-1.2697399675118217,-0.008298802814695066
12872,-1.269739969820723,-0.008298802814695066
12873,-1.2697399704683088,-0.008298802814695066
12874,-1.269739984669556,-0.008298802814695066
12875,-1.2697399880259934,-0.008298802814695066
12876,-1.2697399896717894,-0.008298802814695066
12877,-1.269739990274473,-0.008298802814695066
12878,-1.2697399932819047,-0.008298802814695066
12879,-1.2697399980519697,-0.008298802814695066
12880,-1.2697400017327496,-0.008298802814695066
12881,-1.2697400027145498,-0.008298802814695066
12882,-1.2697400027483559,-0.008298802814695066
12883,-1.2697400038393245,-0.008298802814695066
12884,-1.269740004036953,-0.008298802814695066
12885,-1.2697400050468337,-0.008298802814695066
12886,-1.2697400054194605,-0.008298802814695066
12887,-1.2697400061259498,-0.008298802814695066
12888,-1.269740011082207,-0.008298802814695066
12889,-1.2697400186360972,-0.008298802814695066
12890,-1.269740019836157,-0.008298802814695066
12891,-1.2697400221946555,-0.008298802814695066
12892,-1.2697400230470248,-0.008298802814695066
12893,-1.2697400304813855,-0.008298802814695066
12894,-1.2697400315049319,-0.008298802814695066
12895,-1.2697400316776575,-0.008298802814695066
12896,-1.2697400337503708,-0.008298802814695066
12897,-1.2697400347136638,-0.008298802814695066
12898,-1.2697400370274385,-0.008298802814695066
12899,-1.2697400399950034,-0.008298802814695066
12900,-1.2697400554267315,-0.008298802814695066
12901,-1.2697400576207098,-0.008298802814695066
12902,-1.2697400600463973,-0.008298802814695066
12903,-1.2697400604148175,-0.008298802814695066
12904,-1.2697400613432919,-0.008298802814695066
12905,-1.2697400615765493,-0.008298802814695066
12906,-1.2697400629174012,-0.008298802814695066
12907,-1.269740064810806,-0.008298802814695066
12908,-1.2697400654506017,-0.008298802814695066
12909,-1.2697400658054494,-0.008298802814695066
12910,-1.2697400685662696,-0.008298802814695066
12911,-1.2697400694565668,-0.008298802814695066
12912,-1.2697400730734754,-0.008298802814695066
12913,-1.269740074402761,-0.008298802814695066
12914,-1.2697400748690049,-0.008298802814695066
12915,-1.269740079453335,-0.008298802814695066
12916,-1.2697400814203839,-0.008298802814695066
12917,-1.2697400822784328,-0.008298802814695066
12918,-1.269740082438672,-0.008298802814695066
12919,-1.2697400833498727,-0.008298802814695066
12920,-1.2697400833505896,-0.008298802814695066
12921,-1.2697400861768053,-0.008298802814695066
12922,-1.26974008643084,-0.008298802814695066
12923,-1.269740090769599,-0.008298802814695066
12924,-1.269740090935269,-0.008298802814695066
12925,-1.2697400911775525,-0.008298802814695066
12926,-1.269740093587715,-0.008298802814695066
12927,-1.2697400961677903,-0.008298802814695066
12928,-1.2697400962124445,-0.008298802814695066
12929,-1.2697400983449907,-0.008298802814695066
12930,-1.2697400991768228,-0.008298802814695066
12931,-1.269740099708189,-0.008298802814695066
12932,-1.269740100901919,-0.008298802814695066
12933,-1.2697401025545287,-0.008298802814695066
12934,-1.269740102968086,-0.008298802814695066
12935,-1.269740102982072,-0.008298802814695066
12936,-1.2697401032286701,-0.008298802814695066
12937,-1.269740104827243,-0.008298802814695066
12938,-1.2697401064300673,-0.008298802814695066
12939,-1.269740116381248,-0.008298802814695066
12940,-1.269740116613085,-0.008298802814695066
12941,-1.269740117359544,-0.008298802814695066
12942,-1.2697401190408062,-0.008298802814695066
12943,-1.269740125830649,-0.008298802814695066
12944,-1.2697401293542456,-0.008298802814695066
12945,-1.2697401307231602,-0.008298802814695066
12946,-1.2697401323559934,-0.008298802814695066
12947,-1.2697401333923992,-0.008298802814695066
12948,-1.2697401351425242,-0.008298802814695066
12949,-1.2697401352830249,-0.008298802814695066
12950,-1.269740136930541,-0.008298802814695066
12951,-1.269740137353659,-0.008298802814695066
12952,-1.2697401405910032,-0.008298802814695066
12953,-1.2697401425782089,-0.008298802814695066
12954,-1.2697401433069155,-0.008298802814695066
12955,-1.269740144700199,-0.008298802814695066
12956,-1.26974014557167,-0.008298802814695066
12957,-1.269740154449841,-0.008298802814695066
12958,-1.269740159556262,-0.008298802814695066
12959,-1.2697401623384257,-0.008298802814695066
12960,-1.2697401628395895,-0.008298802814695066
12961,-1.269740167487215,-0.008298802814695066
12962,-1.2697401695439565,-0.008298802814695066
12963,-1.2697401722044535,-0.008298802814695066
12964,-1.2697401722437385,-0.008298802814695066
12965,-1.2697401734141258,-0.008298802814695066
12966,-1.269740174069034,-0.008298802814695066
12967,-1.2697401742071026,-0.008298802814695066
12968,-1.2697401763978071,-0.008298802814695066
12969,-1.2697401767225398,-0.008298802814695066
12970,-1.2697401810746587,-0.008298802814695066
12971,-1.269740184010299,-0.008298802814695066
12972,-1.2697401874904068,-0.008298802814695066
12973,-1.2697401879854866,-0.008298802814695066
12974,-1.2697401918908835,-0.008298802814695066
12975,-1.269740192061628,-0.008298802814695066
12976,-1.2697401927214824,-0.008298802814695066
12977,-1.269740193839664,-0.008298802814695066
12978,-1.2697401946657452,-0.008298802814695066
12979,-1.2697401947402607,-0.008298802814695066
12980,-1.269740198120965,-0.008298802814695066
12981,-1.2697401984143732,-0.008298802814695066
12982,-1.2697401996966264,-0.008298802814695066
12983,-1.2697402010620147,-0.008298802814695066
12984,-1.2697402015594617,-0.008298802814695066
12985,-1.2697402024486335,-0.008298802814695066
12986,-1.269740203788174,-0.008298802814695066
12987,-1.2697402042940713,-0.008298802814695066
12988,-1.2697402057761789,-0.008298802814695066
12989,-1.2697402078666506,-0.008298802814695066
12990,-1.2697402118102514,-0.008298802814695066
12991,-1.2697402150223631,-0.008298802814695066
12992,-1.2697402160734055,-0.008298802814695066
12993,-1.2697402164738034,-0.008298802814695066
12994,-1.2697402170179406,-0.008298802814695066
12995,-1.2697402177012056,-0.008298802814695066
12996,-1.269740217870282,-0.008298802814695066
12997,-1.26974021929346,-0.008298802814695066
12998,-1.26974022046773,-0.008298802814695066
12999,-1.269740222111068,-0.008298802814695066
13000,-1.2697402234505493,-0.008298802814695066
13001,-1.2697402253986685,-0.008298802814695066
13002,-1.269740228447915,-0.008298802814695066
13003,-1.2697402292808324,-0.008298802814695066
13004,-1.2697402336386645,-0.008298802814695066
13005,-1.2697402358719083,-0.008298802814695066
13006,-1.2697402449831947,-0.008298802814695066
13007,-1.2697402487333027,-0.008298802814695066
13008,-1.2697402498852026,-0.008298802814695066
13009,-1.2697402512819589,-0.008298802814695066
13010,-1.2697402518587684,-0.008298802814695066
13011,-1.269740253266375,-0.008298802814695066
13012,-1.2697402535809454,-0.008298802814695066
13013,-1.2697402551314998,-0.008298802814695066
13014,-1.2697402591862919,-0.008298802814695066
13015,-1.2697402601932999,-0.008298802814695066
13016,-1.269740260860279,-0.008298802814695066
13017,-1.26974026182012,-0.008298802814695066
13018,-1.2697402621772462,-0.008298802814695066
13019,-1.2697402631977963,-0.008298802814695066
13020,-1.269740265872858,-0.008298802814695066
13021,-1.2697402662453627,-0.008298802814695066
13022,-1.2697402671217035,-0.008298802814695066
13023,-1.2697402694066344,-0.008298802814695066
13024,-1.2697402699583487,-0.008298802814695066
13025,-1.2697402718042736,-0.008298802814695066
13026,-1.2697402749216442,-0.008298802814695066
13027,-1.2697402752253715,-0.008298802814695066
13028,-1.2697402796284771,-0.008298802814695066
13029,-1.2697402840212013,-0.008298802814695066
13030,-1.2697402845130574,-0.008298802814695066
13031,-1.2697402859472329,-0.008298802814695066
13032,-1.2697402878356656,-0.008298802814695066
13033,-1.2697402891000817,-0.008298802814695066
13034,-1.269740290410929,-0.008298802814695066
13035,-1.2697402940253624,-0.008298802814695066
13036,-1.2697402950996295,-0.008298802814695066
13037,-1.2697402951972165,-0.008298802814695066
13038,-1.2697402963755426,-0.008298802814695066
13039,-1.269740298999103,-0.008298802814695066
13040,-1.2697403032638244,-0.008298802814695066
13041,-1.2697403034841963,-0.008298802814695066
13042,-1.2697403039359045,-0.008298802814695066
13043,-1.2697403061923662,-0.008298802814695066
13044,-1.2697403086164023,-0.008298802814695066
13045,-1.2697403111049927,-0.008298802814695066
13046,-1.269740311531757,-0.008298802814695066
13047,-1.2697403123323645,-0.008298802814695066
13048,-1.2697403169394992,-0.008298802814695066
13049,-1.2697403170115147,-0.008298802814695066
13050,-1.2697403185276137,-0.008298802814695066
13051,-1.269740320125322,-0.008298802814695066
13052,-1.269740320334921,-0.008298802814695066
13053,-1.2697403256459625,-0.008298802814695066
13054,-1.269740332057914,-0.008298802814695066
13055,-1.2697403328382535,-0.008298802814695066
13056,-1.2697403334744228,-0.008298802814695066
13057,-1.2697403350326122,-0.008298802814695066
13058,-1.2697403387372561,-0.008298802814695066
13059,-1.2697403398358773,-0.008298802814695066
13060,-1.2697403402114067,-0.008298802814695066
13061,-1.26974034053057,-0.008298802814695066
13062,-1.269740341990512,-0.008298802814695066
13063,-1.2697403426163794,-0.008298802814695066
13064,-1.2697403428176721,-0.008298802814695066
13065,-1.2697403466169954,-0.008298802814695066
13066,-1.2697403486108203,-0.008298802814695066
13067,-1.269740350313713,-0.008298802814695066
13068,-1.2697403506983773,-0.008298802814695066
13069,-1.2697403540940346,-0.008298802814695066
13070,-1.2697403544059334,-0.008298802814695066
13071,-1.2697403568471304,-0.008298802814695066
13072,-1.2697403595697558,-0.008298802814695066
13073,-1.2697403596583907,-0.008298802814695066
13074,-1.2697403601414956,-0.008298802814695066
13075,-1.2697403615413174,-0.008298802814695066
13076,-1.2697403629362403,-0.008298802814695066
13077,-1.2697403632307873,-0.008298802814695066
13078,-1.269740366125506,-0.008298802814695066
13079,-1.2697403672446412,-0.008298802814695066
13080,-1.2697403675954861,-0.008298802814695066
13081,-1.2697403686075348,-0.008298802814695066
13082,-1.2697403688831859,-0.008298802814695066
13083,-1.269740371099447,-0.008298802814695066
13084,-1.269740376802942,-0.008298802814695066
13085,-1.2697403772355667,-0.008298802814695066
13086,-1.2697403784232524,-0.008298802814695066
13087,-1.2697403801507554,-0.008298802814695066
13088,-1.2697403807829417,-0.008298802814695066
13089,-1.2697403838915844,-0.008298802814695066
13090,-1.2697403862751242,-0.008298802814695066
13091,-1.2697403900380797,-0.008298802814695066
13092,-1.269740390075037,-0.008298802814695066
13093,-1.2697403903229778,-0.008298802814695066
13094,-1.2697403927017876,-0.008298802814695066
13095,-1.2697403938949634,-0.008298802814695066
13096,-1.2697403940353744,-0.008298802814695066
13097,-1.2697403952137019,-0.008298802814695066
13098,-1.269740398152912,-0.008298802814695066
13099,-1.2697404015003566,-0.008298802814695066
13100,-1.2697404017020013,-0.008298802814695066
13101,-1.2697404026925898,-0.008298802814695066
13102,-1.2697404039523075,-0.008298802814695066
13103,-1.2697404061911355,-0.008298802814695066
13104,-1.2697404084131028,-0.008298802814695066
13105,-1.2697404102222491,-0.008298802814695066
13106,-1.2697404105215715,-0.008298802814695066
13107,-1.2697404106235897,-0.008298802814695066
13108,-1.269740414403385,-0.008298802814695066
13109,-1.269740415928161,-0.008298802814695066
13110,-1.2697404181918897,-0.008298802814695066
13111,-1.2697404185613645,-0.008298802814695066
13112,-1.269740421733284,-0.008298802814695066
13113,-1.2697404253125144,-0.008298802814695066
13114,-1.2697404253991884,-0.008298802814695066
13115,-1.2697404265466408,-0.008298802814695066
13116,-1.2697404269444732,-0.008298802814695066
13117,-1.2697404276273023,-0.008298802814695066
13118,-1.2697404300977082,-0.008298802814695066
13119,-1.2697404310922118,-0.008298802814695066
13120,-1.2697404366156584,-0.008298802814695066
13121,-1.269740439023198,-0.008298802814695066
13122,-1.2697404396838967,-0.008298802814695066
13123,-1.269740440530867,-0.008298802814695066
13124,-1.26974044091029,-0.008298802814695066
13125,-1.2697404425494092,-0.008298802814695066
13126,-1.2697404477389207,-0.008298802814695066
13127,-1.2697404479590877,-0.008298802814695066
13128,-1.2697404494370392,-0.008298802814695066
13129,-1.269740450492524,-0.008298802814695066
13130,-1.2697404506788799,-0.008298802814695066
13131,-1.269740450804397,-0.008298802814695066
13132,-1.269740456086942,-0.008298802814695066
13133,-1.269740458438897,-0.008298802814695066
13134,-1.269740459890758,-0.008298802814695066
13135,-1.2697404606094842,-0.008298802814695066
13136,-1.2697404654812512,-0.008298802814695066
13137,-1.2697404674702146,-0.008298802814695066
13138,-1.269740475943593,-0.008298802814695066
13139,-1.269740476733035,-0.008298802814695066
13140,-1.2697404788117095,-0.008298802814695066
13141,-1.2697404807399801,-0.008298802814695066
13142,-1.26974048482105,-0.008298802814695066
13143,-1.2697404854024885,-0.008298802814695066
13144,-1.2697404859916017,-0.008298802814695066
13145,-1.2697404867150959,-0.008298802814695066
13146,-1.269740487583925,-0.008298802814695066
13147,-1.2697404884999406,-0.008298802814695066
13148,-1.2697404892095594,-0.008298802814695066
13149,-1.2697404893739352,-0.008298802814695066
13150,-1.269740490908893,-0.008298802814695066
13151,-1.2697404911681225,-0.008298802814695066
13152,-1.2697405010301166,-0.008298802814695066
13153,-1.269740501146332,-0.008298802814695066
13154,-1.269740504380859,-0.008298802814695066
13155,-1.2697405049888468,-0.008298802814695066
13156,-1.2697405056251343,-0.008298802814695066
13157,-1.269740507924316,-0.008298802814695066
13158,-1.2697405089524012,-0.008298802814695066
13159,-1.2697405153548749,-0.008298802814695066
13160,-1.2697405154525776,-0.008298802814695066
13161,-1.2697405193968725,-0.008298802814695066
13162,-1.2697405225452116,-0.008298802814695066
13163,-1.269740527343727,-0.008298802814695066
13164,-1.2697405275039193,-0.008298802814695066
13165,-1.2697405302191014,-0.008298802814695066
13166,-1.2697405317653192,-0.008298802814695066
13167,-1.269740534332867,-0.008298802814695066
13168,-1.2697405352836841,-0.008298802814695066
13169,-1.269740541114388,-0.008298802814695066
13170,-1.2697405418416416,-0.008298802814695066
13171,-1.2697405429844644,-0.008298802814695066
13172,-1.2697405431468007,-0.008298802814695066
13173,-1.2697405435749185,-0.008298802814695066
13174,-1.2697405439318585,-0.008298802814695066
13175,-1.2697405456718671,-0.008298802814695066
13176,-1.2697405462622484,-0.008298802814695066
13177,-1.2697405508103397,-0.008298802814695066
13178,-1.2697405535023631,-0.008298802814695066
13179,-1.269740554332382,-0.008298802814695066
13180,-1.26974055639704,-0.008298802814695066
13181,-1.269740557517193,-0.008298802814695066
13182,-1.2697405675722746,-0.008298802814695066
13183,-1.269740567944457,-0.008298802814695066
13184,-1.2697405686952452,-0.008298802814695066
13185,-1.269740569006557,-0.008298802814695066
13186,-1.2697405690842987,-0.008298802814695066
13187,-1.2697405696214532,-0.008298802814695066
13188,-1.2697405703395537,-0.008298802814695066
13189,-1.269740570595462,-0.008298802814695066
13190,-1.2697405720809611,-0.008298802814695066
13191,-1.26974057588742,-0.008298802814695066
13192,-1.2697405787053186,-0.008298802814695066
13193,-1.269740579566224,-0.008298802814695066
13194,-1.2697405801694295,-0.008298802814695066
13195,-1.2697405854167811,-0.008298802814695066
13196,-1.269740586602564,-0.008298802814695066
13197,-1.2697405872019014,-0.008298802814695066
13198,-1.269740589313638,-0.008298802814695066
13199,-1.2697405901281178,-0.008298802814695066
13200,-1.269740590982778,-0.008298802814695066
13201,-1.2697405927818002,-0.008298802814695066
13202,-1.2697405937868276,-0.008298802814695066
13203,-1.2697405942492481,-0.008298802814695066
13204,-1.269740597838416,-0.008298802814695066
13205,-1.2697406004594587,-0.008298802814695066
13206,-1.2697406037295818,-0.008298802814695066
13207,-1.269740604827223,-0.008298802814695066
13208,-1.2697406067570498,-0.008298802814695066
13209,-1.2697406069148025,-0.008298802814695066
13210,-1.269740607560113,-0.008298802814695066
13211,-1.2697406076502034,-0.008298802814695066
13212,-1.269740611550315,-0.008298802814695066
13213,-1.26974061294603,-0.008298802814695066
13214,-1.2697406134603777,-0.008298802814695066
13215,-1.2697406143382914,-0.008298802814695066
13216,-1.2697406155402597,-0.008298802814695066
13217,-1.269740615672269,-0.008298802814695066
13218,-1.2697406171950671,-0.008298802814695066
13219,-1.2697406209327515,-0.008298802814695066
13220,-1.2697406232311603,-0.008298802814695066
13221,-1.2697406262768491,-0.008298802814695066
13222,-1.2697406267630587,-0.008298802814695066
13223,-1.2697406275481535,-0.008298802814695066
13224,-1.2697406279744148,-0.008298802814695066
13225,-1.2697406293303888,-0.008298802814695066
13226,-1.2697406310761763,-0.008298802814695066
13227,-1.26974063144529,-0.008298802814695066
13228,-1.2697406358889467,-0.008298802814695066
13229,-1.2697406372376783,-0.008298802814695066
13230,-1.2697406372434998,-0.008298802814695066
13231,-1.2697406395048199,-0.008298802814695066
13232,-1.269740639691761,-0.008298802814695066
13233,-1.2697406429277824,-0.008298802814695066
13234,-1.2697406430356302,-0.008298802814695066
13235,-1.269740644564314,-0.008298802814695066
13236,-1.2697406460846556,-0.008298802814695066
13237,-1.2697406478862874,-0.008298802814695066
13238,-1.2697406494308505,-0.008298802814695066
13239,-1.2697406521468388,-0.008298802814695066
13240,-1.2697406560080389,-0.008298802814695066
13241,-1.2697406578444368,-0.008298802814695066
13242,-1.2697406593179474,-0.008298802814695066
13243,-1.2697406594015535,-0.008298802814695066
13244,-1.2697406600812362,-0.008298802814695066
13245,-1.269740663012768,-0.008298802814695066
13246,-1.2697406632943369,-0.008298802814695066
13247,-1.2697406642576374,-0.008298802814695066
13248,-1.2697406652792094,-0.008298802814695066
13249,-1.2697406661204276,-0.008298802814695066
13250,-1.2697406670879348,-0.008298802814695066
13251,-1.2697406677313996,-0.008298802814695066
13252,-1.2697406695469664,-0.008298802814695066
13253,-1.2697406728575849,-0.008298802814695066
13254,-1.269740679258002,-0.008298802814695066
13255,-1.2697406810364973,-0.008298802814695066
13256,-1.2697406830471722,-0.008298802814695066
13257,-1.2697406833098308,-0.008298802814695066
13258,-1.2697406835481952,-0.008298802814695066
13259,-1.2697406836480083,-0.008298802814695066
13260,-1.2697406839721763,-0.008298802814695066
13261,-1.269740684235746,-0.008298802814695066
13262,-1.2697406847883812,-0.008298802814695066
13263,-1.269740685559332,-0.008298802814695066
13264,-1.2697406906493822,-0.008298802814695066
13265,-1.2697406907706963,-0.008298802814695066
13266,-1.2697406917635046,-0.008298802814695066
13267,-1.269740692859071,-0.008298802814695066
13268,-1.2697406935279385,-0.008298802814695066
13269,-1.2697406967453815,-0.008298802814695066
13270,-1.269740697171178,-0.008298802814695066
13271,-1.2697406987303008,-0.008298802814695066
13272,-1.2697407007779402,-0.008298802814695066
13273,-1.2697407025664624,-0.008298802814695066
13274,-1.2697407045453115,-0.008298802814695066
13275,-1.2697407058518895,-0.008298802814695066
13276,-1.2697407062629915,-0.008298802814695066
13277,-1.2697407078662253,-0.008298802814695066
13278,-1.2697407117555495,-0.008298802814695066
13279,-1.2697407119838708,-0.008298802814695066
13280,-1.2697407146695026,-0.008298802814695066
13281,-1.2697407183222775,-0.008298802814695066
13282,-1.2697407208980502,-0.008298802814695066
13283,-1.2697407239630119,-0.008298802814695066
13284,-1.269740724514675,-0.008298802814695066
13285,-1.2697407255238107,-0.008298802814695066
13286,-1.269740726847603,-0.008298802814695066
13287,-1.2697407284356665,-0.008298802814695066
13288,-1.2697407296831589,-0.008298802814695066
13289,-1.2697407303244876,-0.008298802814695066
13290,-1.269740733370178,-0.008298802814695066
13291,-1.269740735738503,-0.008298802814695066
13292,-1.2697407358648705,-0.008298802814695066
13293,-1.2697407364580553,-0.008298802814695066
13294,-1.269740736533089,-0.008298802814695066
13295,-1.2697407371277065,-0.008298802814695066
13296,-1.2697407386914412,-0.008298802814695066
13297,-1.2697407393445195,-0.008298802814695066
13298,-1.2697407394093063,-0.008298802814695066
13299,-1.2697407435379904,-0.008298802814695066
13300,-1.2697407450829388,-0.008298802814695066
13301,-1.2697407466305097,-0.008298802814695066
13302,-1.2697407467510695,-0.008298802814695066
13303,-1.2697407478404228,-0.008298802814695066
13304,-1.2697407485617644,-0.008298802814695066
13305,-1.2697407490758184,-0.008298802814695066
13306,-1.2697407498558098,-0.008298802814695066
13307,-1.2697407520603086,-0.008298802814695066
13308,-1.2697407537579686,-0.008298802814695066
13309,-1.2697407545709591,-0.008298802814695066
13310,-1.2697407546956658,-0.008298802814695066
13311,-1.2697407552143496,-0.008298802814695066
13312,-1.2697407556364633,-0.008298802814695066
13313,-1.2697407585914773,-0.008298802814695066
13314,-1.2697407597182189,-0.008298802814695066
13315,-1.2697407604896118,-0.008298802814695066
13316,-1.2697407612656226,-0.008298802814695066
13317,-1.2697407618967713,-0.008298802814695066
13318,-1.2697407626762407,-0.008298802814695066
13319,-1.2697407652029615,-0.008298802814695066
13320,-1.269740765453938,-0.008298802814695066
13321,-1.2697407655455517,-0.008298802814695066
13322,-1.2697407660296096,-0.008298802814695066
13323,-1.2697407660889666,-0.008298802814695066
13324,-1.2697407690893687,-0.008298802814695066
13325,-1.269740771007869,-0.008298802814695066
13326,-1.2697407711857875,-0.008298802814695066
13327,-1.2697407716243259,-0.008298802814695066
13328,-1.269740772664074,-0.008298802814695066
13329,-1.2697407740580189,-0.008298802814695066
13330,-1.2697407748168625,-0.008298802814695066
13331,-1.2697407750427063,-0.008298802814695066
13332,-1.2697407762619952,-0.008298802814695066
13333,-1.2697407766802307,-0.008298802814695066
13334,-1.2697407778047478,-0.008298802814695066
13335,-1.2697407811216987,-0.008298802814695066
13336,-1.2697407815386925,-0.008298802814695066
13337,-1.2697407826211757,-0.008298802814695066
13338,-1.2697407826675569,-0.008298802814695066
13339,-1.269740782746005,-0.008298802814695066
13340,-1.269740785965603,-0.008298802814695066
13341,-1.2697407862127328,-0.008298802814695066
13342,-1.2697407875544078,-0.008298802814695066
13343,-1.2697407878474851,-0.008298802814695066
13344,-1.2697407880076528,-0.008298802814695066
13345,-1.2697407881644125,-0.008298802814695066
13346,-1.2697407884763732,-0.008298802814695066
13347,-1.2697407904978113,-0.008298802814695066
13348,-1.2697407931814504,-0.008298802814695066
13349,-1.2697407939957512,-0.008298802814695066
13350,-1.2697407952768933,-0.008298802814695066
13351,-1.269740795374496,-0.008298802814695066
13352,-1.2697407962895892,-0.008298802814695066
13353,-1.2697407964499574,-0.008298802814695066
13354,-1.269740796469626,-0.008298802814695066
13355,-1.269740796597181,-0.008298802814695066
13356,-1.2697407973427355,-0.008298802814695066
13357,-1.269740799241737,-0.008298802814695066
13358,-1.2697408000862467,-0.008298802814695066
13359,-1.2697408010549274,-0.008298802814695066
13360,-1.2697408011587712,-0.008298802814695066
13361,-1.269740801616241,-0.008298802814695066
13362,-1.2697408024678902,-0.008298802814695066
13363,-1.2697408029777202,-0.008298802814695066
13364,-1.269740803873886,-0.008298802814695066
13365,-1.269740804948443,-0.008298802814695066
13366,-1.2697408057679613,-0.008298802814695066
13367,-1.2697408071383236,-0.008298802814695066
13368,-1.2697408076749097,-0.008298802814695066
13369,-1.2697408120079339,-0.008298802814695066
13370,-1.2697408124600196,-0.008298802814695066
13371,-1.2697408135959836,-0.008298802814695066
13372,-1.2697408144592874,-0.008298802814695066
13373,-1.2697408148254157,-0.008298802814695066
13374,-1.2697408159112145,-0.008298802814695066
13375,-1.2697408165117916,-0.008298802814695066
13376,-1.2697408192512178,-0.008298802814695066
13377,-1.269740819560542,-0.008298802814695066
13378,-1.2697408226034435,-0.008298802814695066
13379,-1.2697408230265594,-0.008298802814695066
13380,-1.2697408251554825,-0.008298802814695066
13381,-1.2697408252758247,-0.008298802814695066
13382,-1.2697408253902678,-0.008298802814695066
13383,-1.2697408291606678,-0.008298802814695066
13384,-1.2697408293583936,-0.008298802814695066
13385,-1.2697408310735698,-0.008298802814695066
13386,-1.2697408313495357,-0.008298802814695066
13387,-1.269740832889834,-0.008298802814695066
13388,-1.2697408342830054,-0.008298802814695066
13389,-1.2697408345338081,-0.008298802814695066
13390,-1.2697408346092516,-0.008298802814695066
13391,-1.2697408346892616,-0.008298802814695066
13392,-1.2697408355462643,-0.008298802814695066
13393,-1.2697408413284226,-0.008298802814695066
13394,-1.2697408417060836,-0.008298802814695066
13395,-1.2697408421570273,-0.008298802814695066
13396,-1.2697408458685095,-0.008298802814695066
13397,-1.2697408521248503,-0.008298802814695066
13398,-1.2697408550062252,-0.008298802814695066
13399,-1.2697408555679626,-0.008298802814695066
13400,-1.2697408576333191,-0.008298802814695066
13401,-1.269740858203726,-0.008298802814695066
13402,-1.2697408592556696,-0.008298802814695066
13403,-1.2697408594955633,-0.008298802814695066
13404,-1.2697408601332763,-0.008298802814695066
13405,-1.2697408614718244,-0.008298802814695066
13406,-1.2697408637651728,-0.008298802814695066
13407,-1.2697408640108387,-0.008298802814695066
13408,-1.2697408654851223,-0.008298802814695066
13409,-1.2697408663150065,-0.008298802814695066
13410,-1.269740867169355,-0.008298802814695066
13411,-1.269740867517955,-0.008298802814695066
13412,-1.2697408681593112,-0.008298802814695066
13413,-1.2697408686475073,-0.008298802814695066
13414,-1.2697408688693166,-0.008298802814695066
13415,-1.2697408691335863,-0.008298802814695066
13416,-1.2697408721506243,-0.008298802814695066
13417,-1.2697408751557995,-0.008298802814695066
13418,-1.2697408761993707,-0.008298802814695066
13419,-1.2697408772382364,-0.008298802814695066
13420,-1.2697408784630584,-0.008298802814695066
13421,-1.269740878649723,-0.008298802814695066
13422,-1.2697408823747156,-0.008298802814695066
13423,-1.2697408835804893,-0.008298802814695066
13424,-1.2697408852528669,-0.008298802814695066
13425,-1.2697408854140284,-0.008298802814695066
13426,-1.2697408860597894,-0.008298802814695066
13427,-1.2697408863121276,-0.008298802814695066
13428,-1.2697408866262427,-0.008298802814695066
13429,-1.2697408892778788,-0.008298802814695066
13430,-1.2697408903816698,-0.008298802814695066
13431,-1.2697408909533507,-0.008298802814695066
13432,-1.2697408909988959,-0.008298802814695066
13433,-1.2697408914272212,-0.008298802814695066
13434,-1.2697408951821503,-0.008298802814695066
13435,-1.2697408957383924,-0.008298802814695066
13436,-1.2697408957942553,-0.008298802814695066
13437,-1.2697408976620355,-0.008298802814695066
13438,-1.2697408984063547,-0.008298802814695066
13439,-1.2697408988421524,-0.008298802814695066
13440,-1.2697408995734762,-0.008298802814695066
13441,-1.26974089970513,-0.008298802814695066
13442,-1.2697409020931119,-0.008298802814695066
13443,-1.2697409029738291,-0.008298802814695066
13444,-1.2697409044272334,-0.008298802814695066
13445,-1.2697409049383819,-0.008298802814695066
13446,-1.2697409055813573,-0.008298802814695066
13447,-1.2697409058816724,-0.008298802814695066
13448,-1.2697409077000725,-0.008298802814695066
13449,-1.269740908240909,-0.008298802814695066
13450,-1.2697409093043455,-0.008298802814695066
13451,-1.2697409113046332,-0.008298802814695066
13452,-1.269740913225467,-0.008298802814695066
13453,-1.2697409191905011,-0.008298802814695066
13454,-1.2697409236683954,-0.008298802814695066
13455,-1.269740925033892,-0.008298802814695066
13456,-1.2697409275064482,-0.008298802814695066
13457,-1.2697409275720495,-0.008298802814695066
13458,-1.2697409282005538,-0.008298802814695066
13459,-1.269740929222659,-0.008298802814695066
13460,-1.2697409337313705,-0.008298802814695066
13461,-1.2697409343440822,-0.008298802814695066
13462,-1.2697409345173438,-0.008298802814695066
13463,-1.2697409346834199,-0.008298802814695066
13464,-1.269740936638202,-0.008298802814695066
13465,-1.2697409376565563,-0.008298802814695066
13466,-1.2697409396391572,-0.008298802814695066
13467,-1.2697409415602432,-0.008298802814695066
13468,-1.269740942168197,-0.008298802814695066
13469,-1.2697409435563904,-0.008298802814695066
13470,-1.2697409438193041,-0.008298802814695066
13471,-1.2697409459143203,-0.008298802814695066
13472,-1.2697409467109655,-0.008298802814695066
13473,-1.2697409475591002,-0.008298802814695066
13474,-1.269740951162271,-0.008298802814695066
13475,-1.2697409516451565,-0.008298802814695066
13476,-1.2697409542283806,-0.008298802814695066
13477,-1.2697409556329637,-0.008298802814695066
13478,-1.2697409583025274,-0.008298802814695066
13479,-1.2697409585567698,-0.008298802814695066
13480,-1.2697409615862014,-0.008298802814695066
13481,-1.269740962693416,-0.008298802814695066
13482,-1.2697409636495904,-0.008298802814695066
13483,-1.2697409637137214,-0.008298802814695066
13484,-1.2697409638789152,-0.008298802814695066
13485,-1.2697409663797399,-0.008298802814695066
13486,-1.2697409664074368,-0.008298802814695066
13487,-1.2697409670712525,-0.008298802814695066
13488,-1.26974096874996,-0.008298802814695066
13489,-1.2697409699333497,-0.008298802814695066
13490,-1.26974097125856,-0.008298802814695066
13491,-1.2697409717783754,-0.008298802814695066
13492,-1.2697409736825773,-0.008298802814695066
13493,-1.2697409739555667,-0.008298802814695066
13494,-1.2697409745251957,-0.008298802814695066
13495,-1.2697409764931455,-0.008298802814695066
13496,-1.2697409772881025,-0.008298802814695066
13497,-1.2697409799248982,-0.008298802814695066
13498,-1.2697409818610805,-0.008298802814695066
13499,-1.2697409857931472,-0.008298802814695066
13500,-1.2697409862501172,-0.008298802814695066
13501,-1.2697409873170338,-0.008298802814695066
13502,-1.2697409882515789,-0.008298802814695066
13503,-1.269740988414913,-0.008298802814695066
13504,-1.2697409890253135,-0.008298802814695066
13505,-1.2697409891101885,-0.008298802814695066
13506,-1.2697409891554097,-0.008298802814695066
13507,-1.26974098922977,-0.008298802814695066
13508,-1.2697409920141456,-0.008298802814695066
13509,-1.2697409938944828,-0.008298802814695066
13510,-1.2697409939311244,-0.008298802814695066
13511,-1.269740997374527,-0.008298802814695066
13512,-1.2697409974238076,-0.008298802814695066
13513,-1.2697409974331617,-0.008298802814695066
13514,-1.2697409990921802,-0.008298802814695066
13515,-1.2697410027357394,-0.008298802814695066
13516,-1.269741007391677,-0.008298802814695066
13517,-1.2697410083202991,-0.008298802814695066
13518,-1.2697410090003403,-0.008298802814695066
13519,-1.2697410100774282,-0.008298802814695066
13520,-1.269741011363192,-0.008298802814695066
13521,-1.2697410139050014,-0.008298802814695066
13522,-1.2697410154012014,-0.008298802814695066
13523,-1.2697410159668503,-0.008298802814695066
13524,-1.269741017976762,-0.008298802814695066
13525,-1.2697410182254747,-0.008298802814695066
13526,-1.2697410190508158,-0.008298802814695066
13527,-1.2697410215760419,-0.008298802814695066
13528,-1.2697410217218885,-0.008298802814695066
13529,-1.2697410233533302,-0.008298802814695066
13530,-1.2697410260410544,-0.008298802814695066
13531,-1.269741026488933,-0.008298802814695066
13532,-1.2697410267482407,-0.008298802814695066
13533,-1.2697410270973797,-0.008298802814695066
13534,-1.2697410277934145,-0.008298802814695066
13535,-1.2697410281116772,-0.008298802814695066
13536,-1.2697410284226633,-0.008298802814695066
13537,-1.2697410291015978,-0.008298802814695066
13538,-1.2697410299532228,-0.008298802814695066
13539,-1.2697410307284227,-0.008298802814695066
13540,-1.2697410309122248,-0.008298802814695066
13541,-1.2697410321657645,-0.008298802814695066
13542,-1.26974103256755,-0.008298802814695066
13543,-1.2697410341177207,-0.008298802814695066
13544,-1.2697410348137408,-0.008298802814695066
13545,-1.2697410350639746,-0.008298802814695066
13546,-1.2697410353925875,-0.008298802814695066
13547,-1.2697410362006338,-0.008298802814695066
13548,-1.2697410370621132,-0.008298802814695066
13549,-1.2697410384821493,-0.008298802814695066
13550,-1.2697410385117154,-0.008298802814695066
13551,-1.2697410389463952,-0.008298802814695066
13552,-1.2697410394317385,-0.008298802814695066
13553,-1.2697410396550328,-0.008298802814695066
13554,-1.2697410401369753,-0.008298802814695066
13555,-1.2697410401527884,-0.008298802814695066
13556,-1.2697410414165422,-0.008298802814695066
13557,-1.2697410422022184,-0.008298802814695066
13558,-1.2697410422910607,-0.008298802814695066
13559,-1.2697410431559857,-0.008298802814695066
13560,-1.2697410444264952,-0.008298802814695066
13561,-1.2697410467568975,-0.008298802814695066
13562,-1.2697410474704323,-0.008298802814695066
13563,-1.2697410481095606,-0.008298802814695066
13564,-1.2697410485013396,-0.008298802814695066
13565,-1.2697410486005785,-0.008298802814695066
13566,-1.269741050960335,-0.008298802814695066
13567,-1.2697410517074228,-0.008298802814695066
13568,-1.2697410539400005,-0.008298802814695066
13569,-1.2697410544806447,-0.008298802814695066
13570,-1.2697410551291992,-0.008298802814695066
13571,-1.2697410563174705,-0.008298802814695066
13572,-1.2697410584674735,-0.008298802814695066
13573,-1.2697410599524945,-0.008298802814695066
13574,-1.2697410603105668,-0.008298802814695066
13575,-1.2697410604843824,-0.008298802814695066
13576,-1.269741062824249,-0.008298802814695066
13577,-1.2697410644729579,-0.008298802814695066
13578,-1.269741065952442,-0.008298802814695066
13579,-1.26974106640403,-0.008298802814695066
13580,-1.2697410664256816,-0.008298802814695066
13581,-1.2697410693210438,-0.008298802814695066
13582,-1.2697410693375357,-0.008298802814695066
13583,-1.2697410698368967,-0.008298802814695066
13584,-1.2697410698755096,-0.008298802814695066
13585,-1.269741069960285,-0.008298802814695066
13586,-1.2697410718850022,-0.008298802814695066
13587,-1.2697410723738507,-0.008298802814695066
13588,-1.2697410732315335,-0.008298802814695066
13589,-1.2697410735472452,-0.008298802814695066
13590,-1.269741074560193,-0.008298802814695066
13591,-1.269741074574286,-0.008298802814695066
13592,-1.2697410747442872,-0.008298802814695066
13593,-1.269741075441023,-0.008298802814695066
13594,-1.2697410756242566,-0.008298802814695066
13595,-1.2697410764990325,-0.008298802814695066
13596,-1.2697410784516017,-0.008298802814695066
13597,-1.2697410794805863,-0.008298802814695066
13598,-1.2697410798744984,-0.008298802814695066
13599,-1.2697410802606623,-0.008298802814695066
13600,-1.269741082510531,-0.008298802814695066
13601,-1.2697410846013781,-0.008298802814695066
13602,-1.2697410857994313,-0.008298802814695066
13603,-1.2697410875825121,-0.008298802814695066
13604,-1.269741089915605,-0.008298802814695066
13605,-1.269741090557865,-0.008298802814695066
13606,-1.2697410926996529,-0.008298802814695066
13607,-1.2697410932116093,-0.008298802814695066
13608,-1.2697410945892653,-0.008298802814695066
13609,-1.2697410954359492,-0.008298802814695066
13610,-1.2697410957220359,-0.008298802814695066
13611,-1.2697410961384263,-0.008298802814695066
13612,-1.2697410962450575,-0.008298802814695066
13613,-1.269741100394631,-0.008298802814695066
13614,-1.2697411033498374,-0.008298802814695066
13615,-1.2697411064629955,-0.008298802814695066
13616,-1.2697411082691668,-0.008298802814695066
13617,-1.2697411089056696,-0.008298802814695066
13618,-1.2697411091757003,-0.008298802814695066
13619,-1.2697411115383788,-0.008298802814695066
13620,-1.2697411119970778,-0.008298802814695066
13621,-1.2697411123158144,-0.008298802814695066
13622,-1.2697411126638376,-0.008298802814695066
13623,-1.2697411159769438,-0.008298802814695066
13624,-1.269741116249207,-0.008298802814695066
13625,-1.269741116253905,-0.008298802814695066
13626,-1.2697411174734419,-0.008298802814695066
13627,-1.2697411176275535,-0.008298802814695066
13628,-1.269741117637233,-0.008298802814695066
13629,-1.2697411182393423,-0.008298802814695066
13630,-1.2697411183604763,-0.008298802814695066
13631,-1.2697411185128034,-0.008298802814695066
13632,-1.2697411188501482,-0.008298802814695066
13633,-1.2697411192954908,-0.008298802814695066
13634,-1.2697411201157145,-0.008298802814695066
13635,-1.2697411208893343,-0.008298802814695066
13636,-1.2697411219745325,-0.008298802814695066
13637,-1.2697411226431885,-0.008298802814695066
13638,-1.2697411244409502,-0.008298802814695066
13639,-1.2697411247289019,-0.008298802814695066
13640,-1.26974112666033,-0.008298802814695066
13641,-1.269741127917145,-0.008298802814695066
13642,-1.2697411286445557,-0.008298802814695066
13643,-1.2697411300377393,-0.008298802814695066
13644,-1.269741130226224,-0.008298802814695066
13645,-1.2697411323589274,-0.008298802814695066
13646,-1.2697411328044648,-0.008298802814695066
13647,-1.269741132948425,-0.008298802814695066
13648,-1.2697411336851805,-0.008298802814695066
13649,-1.269741133852081,-0.008298802814695066
13650,-1.2697411353507293,-0.008298802814695066
13651,-1.2697411357282247,-0.008298802814695066
13652,-1.26974113576385,-0.008298802814695066
13653,-1.2697411361917808,-0.008298802814695066
13654,-1.2697411366489877,-0.008298802814695066
13655,-1.2697411367543532,-0.008298802814695066
13656,-1.2697411387718214,-0.008298802814695066
13657,-1.2697411411787292,-0.008298802814695066
13658,-1.269741142375981,-0.008298802814695066
13659,-1.2697411431811785,-0.008298802814695066
13660,-1.2697411443588056,-0.008298802814695066
13661,-1.2697411463483868,-0.008298802814695066
13662,-1.269741148032619,-0.008298802814695066
13663,-1.2697411490352113,-0.008298802814695066
13664,-1.2697411492444468,-0.008298802814695066
13665,-1.2697411492847652,-0.008298802814695066
13666,-1.2697411503324139,-0.008298802814695066
13667,-1.269741151272683,-0.008298802814695066
13668,-1.269741151751381,-0.008298802814695066
13669,-1.2697411533913805,-0.008298802814695066
13670,-1.2697411538439525,-0.008298802814695066
13671,-1.269741153997579,-0.008298802814695066
13672,-1.269741154120839,-0.008298802814695066
13673,-1.2697411543114439,-0.008298802814695066
13674,-1.2697411556816962,-0.008298802814695066
13675,-1.2697411601145459,-0.008298802814695066
13676,-1.2697411615529766,-0.008298802814695066
13677,-1.269741161866023,-0.008298802814695066
13678,-1.2697411619427639,-0.008298802814695066
13679,-1.2697411625767367,-0.008298802814695066
13680,-1.2697411638041367,-0.008298802814695066
13681,-1.2697411641290324,-0.008298802814695066
13682,-1.269741164508108,-0.008298802814695066
13683,-1.2697411649053374,-0.008298802814695066
13684,-1.2697411653483022,-0.008298802814695066
13685,-1.269741165600554,-0.008298802814695066
13686,-1.2697411659394402,-0.008298802814695066
13687,-1.2697411663985851,-0.008298802814695066
13688,-1.2697411665980458,-0.008298802814695066
13689,-1.269741168107841,-0.008298802814695066
13690,-1.269741169010999,-0.008298802814695066
13691,-1.2697411696283316,-0.008298802814695066
13692,-1.269741169728893,-0.008298802814695066
13693,-1.2697411709015098,-0.008298802814695066
13694,-1.2697411716997407,-0.008298802814695066
13695,-1.2697411723849412,-0.008298802814695066
13696,-1.2697411742520626,-0.008298802814695066
13697,-1.2697411743352294,-0.008298802814695066
13698,-1.2697411744801275,-0.008298802814695066
13699,-1.2697411769838962,-0.008298802814695066
13700,-1.2697411777069065,-0.008298802814695066
13701,-1.269741178124772,-0.008298802814695066
13702,-1.2697411783457246,-0.008298802814695066
13703,-1.269741178445598,-0.008298802814695066
13704,-1.2697411791678168,-0.008298802814695066
13705,-1.2697411827265337,-0.008298802814695066
13706,-1.2697411827832052,-0.008298802814695066
13707,-1.2697411838513637,-0.008298802814695066
13708,-1.2697411843507143,-0.008298802814695066
13709,-1.2697411846416369,-0.008298802814695066
13710,-1.2697411852278984,-0.008298802814695066
13711,-1.269741185682703,-0.008298802814695066
13712,-1.2697411861643677,-0.008298802814695066
13713,-1.2697411891479642,-0.008298802814695066
13714,-1.26974118993719,-0.008298802814695066
13715,-1.2697411924399287,-0.008298802814695066
13716,-1.2697411926998503,-0.008298802814695066
13717,-1.2697411934244642,-0.008298802814695066
13718,-1.26974119435662,-0.008298802814695066
13719,-1.2697411947004675,-0.008298802814695066
13720,-1.269741197912646,-0.008298802814695066
13721,-1.269741198441623,-0.008298802814695066
13722,-1.269741200101814,-0.008298802814695066
13723,-1.2697412005492037,-0.008298802814695066
13724,-1.2697412005940274,-0.008298802814695066
13725,-1.2697412017483574,-0.008298802814695066
13726,-1.2697412017570766,-0.008298802814695066
13727,-1.2697412019207683,-0.008298802814695066
13728,-1.2697412032967805,-0.008298802814695066
13729,-1.2697412037957654,-0.008298802814695066
13730,-1.2697412068881437,-0.008298802814695066
13731,-1.2697412072027223,-0.008298802814695066
13732,-1.2697412098407723,-0.008298802814695066
13733,-1.2697412099354133,-0.008298802814695066
13734,-1.26974121502528,-0.008298802814695066
13735,-1.2697412158031693,-0.008298802814695066
13736,-1.2697412159245283,-0.008298802814695066
13737,-1.269741216004546,-0.008298802814695066
13738,-1.269741217018102,-0.008298802814695066
13739,-1.269741218740116,-0.008298802814695066
13740,-1.2697412189134205,-0.008298802814695066
13741,-1.2697412206671654,-0.008298802814695066
13742,-1.2697412212433377,-0.008298802814695066
13743,-1.2697412215507826,-0.008298802814695066
13744,-1.2697412235540801,-0.008298802814695066
13745,-1.2697412244260793,-0.008298802814695066
13746,-1.2697412244486708,-0.008298802814695066
13747,-1.269741225045904,-0.008298802814695066
13748,-1.269741226189751,-0.008298802814695066
13749,-1.26974122712133,-0.008298802814695066
13750,-1.269741227252179,-0.008298802814695066
13751,-1.2697412286438927,-0.008298802814695066
13752,-1.269741228713078,-0.008298802814695066
13753,-1.2697412314499876,-0.008298802814695066
13754,-1.2697412315454502,-0.008298802814695066
13755,-1.2697412317444408,-0.008298802814695066
13756,-1.269741231789302,-0.008298802814695066
13757,-1.2697412329264848,-0.008298802814695066
13758,-1.269741233062602,-0.008298802814695066
13759,-1.2697412339288294,-0.008298802814695066
13760,-1.2697412340872658,-0.008298802814695066
13761,-1.2697412342786993,-0.008298802814695066
13762,-1.2697412362701046,-0.008298802814695066
13763,-1.2697412364944605,-0.008298802814695066
13764,-1.2697412367370813,-0.008298802814695066
13765,-1.2697412379623607,-0.008298802814695066
13766,-1.2697412385822862,-0.008298802814695066
13767,-1.2697412393381717,-0.008298802814695066
13768,-1.2697412405362751,-0.008298802814695066
13769,-1.2697412417755733,-0.008298802814695066
13770,-1.2697412419009595,-0.008298802814695066
13771,-1.2697412420839664,-0.008298802814695066
13772,-1.2697412426618488,-0.008298802814695066
13773,-1.269741243381153,-0.008298802814695066
13774,-1.2697412435104867,-0.008298802814695066
13775,-1.269741244310393,-0.008298802814695066
13776,-1.2697412446619238,-0.008298802814695066
13777,-1.2697412461765891,-0.008298802814695066
13778,-1.269741247314625,-0.008298802814695066
13779,-1.2697412477284422,-0.008298802814695066
13780,-1.269741247866747,-0.008298802814695066
13781,-1.269741248101257,-0.008298802814695066
13782,-1.2697412493388507,-0.008298802814695066
13783,-1.2697412496778884,-0.008298802814695066
13784,-1.269741251309329,-0.008298802814695066
13785,-1.269741251355498,-0.008298802814695066
13786,-1.2697412516040552,-0.008298802814695066
13787,-1.2697412516894944,-0.008298802814695066
13788,-1.269741252140367,-0.008298802814695066
13789,-1.2697412521681732,-0.008298802814695066
13790,-1.269741252295148,-0.008298802814695066
13791,-1.269741252665642,-0.008298802814695066
13792,-1.2697412531554104,-0.008298802814695066
13793,-1.2697412535804413,-0.008298802814695066
13794,-1.2697412541706825,-0.008298802814695066
13795,-1.2697412545671145,-0.008298802814695066
13796,-1.2697412547486338,-0.008298802814695066
13797,-1.2697412557191758,-0.008298802814695066
13798,-1.2697412557587187,-0.008298802814695066
13799,-1.2697412579324328,-0.008298802814695066
13800,-1.2697412580934095,-0.008298802814695066
13801,-1.2697412583265273,-0.008298802814695066
13802,-1.269741259736633,-0.008298802814695066
13803,-1.2697412607132483,-0.008298802814695066
13804,-1.2697412608618452,-0.008298802814695066
13805,-1.2697412616931412,-0.008298802814695066
13806,-1.2697412619632016,-0.008298802814695066
13807,-1.2697412621425588,-0.008298802814695066
13808,-1.2697412624398001,-0.008298802814695066
13809,-1.2697412629723948,-0.008298802814695066
13810,-1.2697412636252727,-0.008298802814695066
13811,-1.2697412642042611,-0.008298802814695066
13812,-1.2697412668023758,-0.008298802814695066
13813,-1.2697412675224613,-0.008298802814695066
13814,-1.2697412686959797,-0.008298802814695066
13815,-1.2697412696045611,-0.008298802814695066
13816,-1.2697412717418008,-0.008298802814695066
13817,-1.2697412718636456,-0.008298802814695066
13818,-1.2697412719992953,-0.008298802814695066
13819,-1.2697412720250107,-0.008298802814695066
13820,-1.2697412734192877,-0.008298802814695066
13821,-1.2697412748846302,-0.008298802814695066
13822,-1.2697412754597162,-0.008298802814695066
13823,-1.269741276212964,-0.008298802814695066
13824,-1.2697412766597005,-0.008298802814695066
13825,-1.2697412768692011,-0.008298802814695066
13826,-1.2697412778030537,-0.008298802814695066
13827,-1.269741278249367,-0.008298802814695066
13828,-1.269741278678374,-0.008298802814695066
13829,-1.2697412788846179,-0.008298802814695066
13830,-1.2697412796405099,-0.008298802814695066
13831,-1.2697412811455209,-0.008298802814695066
13832,-1.2697412821631375,-0.008298802814695066
13833,-1.2697412822364322,-0.008298802814695066
13834,-1.2697412827562544,-0.008298802814695066
13835,-1.2697412873711755,-0.008298802814695066
13836,-1.269741288041346,-0.008298802814695066
13837,-1.2697412882706902,-0.008298802814695066
13838,-1.26974128830158,-0.008298802814695066
13839,-1.2697412884367898,-0.008298802814695066
13840,-1.2697412915190385,-0.008298802814695066
13841,-1.2697412918989668,-0.008298802814695066
13842,-1.2697412926087177,-0.008298802814695066
13843,-1.269741292750537,-0.008298802814695066
13844,-1.2697412928243126,-0.008298802814695066
13845,-1.2697412929612195,-0.008298802814695066
13846,-1.2697412930407546,-0.008298802814695066
13847,-1.2697412947698128,-0.008298802814695066
13848,-1.2697412949977496,-0.008298802814695066
13849,-1.269741295119461,-0.008298802814695066
13850,-1.269741295719224,-0.008298802814695066
13851,-1.2697412961520103,-0.008298802814695066
13852,-1.2697412985557817,-0.008298802814695066
13853,-1.269741298855698,-0.008298802814695066
13854,-1.2697413001752862,-0.008298802814695066
13855,-1.269741300300178,-0.008298802814695066
13856,-1.2697413004456912,-0.008298802814695066
13857,-1.2697413005397908,-0.008298802814695066
13858,-1.2697413017843617,-0.008298802814695066
13859,-1.2697413023388118,-0.008298802814695066
13860,-1.2697413023985096,-0.008298802814695066
13861,-1.2697413028777451,-0.008298802814695066
13862,-1.2697413031744655,-0.008298802814695066
13863,-1.2697413046279378,-0.008298802814695066
13864,-1.269741304995302,-0.008298802814695066
13865,-1.2697413062868104,-0.008298802814695066
13866,-1.269741306712311,-0.008298802814695066
13867,-1.2697413075203416,-0.008298802814695066
13868,-1.2697413078167872,-0.008298802814695066
13869,-1.269741309263782,-0.008298802814695066
13870,-1.2697413113922835,-0.008298802814695066
13871,-1.2697413115444602,-0.008298802814695066
13872,-1.2697413119521517,-0.008298802814695066
13873,-1.2697413121032775,-0.008298802814695066
13874,-1.269741312665935,-0.008298802814695066
13875,-1.2697413127463557,-0.008298802814695066
13876,-1.2697413130536224,-0.008298802814695066
13877,-1.2697413135489228,-0.008298802814695066
13878,-1.2697413135912772,-0.008298802814695066
13879,-1.2697413147619248,-0.008298802814695066
13880,-1.2697413151170434,-0.008298802814695066
13881,-1.269741315837849,-0.008298802814695066
13882,-1.2697413164787574,-0.008298802814695066
13883,-1.2697413177980816,-0.008298802814695066
13884,-1.2697413179080455,-0.008298802814695066
13885,-1.2697413181703336,-0.008298802814695066
13886,-1.2697413183887247,-0.008298802814695066
13887,-1.2697413195531537,-0.008298802814695066
13888,-1.2697413204686328,-0.008298802814695066
13889,-1.2697413213735829,-0.008298802814695066
13890,-1.2697413220231843,-0.008298802814695066
13891,-1.2697413233016845,-0.008298802814695066
13892,-1.2697413241066124,-0.008298802814695066
13893,-1.269741325112358,-0.008298802814695066
13894,-1.2697413261197483,-0.008298802814695066
13895,-1.2697413270813906,-0.008298802814695066
13896,-1.2697413274160816,-0.008298802814695066
13897,-1.2697413281600398,-0.008298802814695066
13898,-1.2697413291079886,-0.008298802814695066
13899,-1.2697413292357,-0.008298802814695066
13900,-1.2697413295115352,-0.008298802814695066
13901,-1.269741329918621,-0.008298802814695066
13902,-1.269741329944229,-0.008298802814695066
13903,-1.269741330064019,-0.008298802814695066
13904,-1.2697413308236987,-0.008298802814695066
13905,-1.2697413310873007,-0.008298802814695066
13906,-1.2697413314749078,-0.008298802814695066
13907,-1.2697413317811181,-0.008298802814695066
13908,-1.2697413330750371,-0.008298802814695066
13909,-1.2697413334274015,-0.008298802814695066
13910,-1.2697413341305903,-0.008298802814695066
13911,-1.2697413349546953,-0.008298802814695066
13912,-1.2697413356589342,-0.008298802814695066
13913,-1.2697413356987308,-0.008298802814695066
13914,-1.269741336475085,-0.008298802814695066
13915,-1.2697413366163786,-0.008298802814695066
13916,-1.2697413368003068,-0.008298802814695066
13917,-1.2697413371027,-0.008298802814695066
13918,-1.2697413375025006,-0.008298802814695066
13919,-1.269741339316832,-0.008298802814695066
13920,-1.269741340815937,-0.008298802814695066
13921,-1.2697413414478196,-0.008298802814695066
13922,-1.2697413422917938,-0.008298802814695066
13923,-1.2697413432314233,-0.008298802814695066
13924,-1.2697413433729494,-0.008298802814695066
13925,-1.2697413437808815,-0.008298802814695066
13926,-1.2697413452586552,-0.008298802814695066
13927,-1.2697413456815483,-0.008298802814695066
13928,-1.2697413462002995,-0.008298802814695066
13929,-1.2697413471131949,-0.008298802814695066
13930,-1.2697413475846424,-0.008298802814695066
13931,-1.2697413477114394,-0.008298802814695066
13932,-1.2697413480727777,-0.008298802814695066
13933,-1.2697413486098803,-0.008298802814695066
13934,-1.2697413488230573,-0.008298802814695066
13935,-1.2697413492885972,-0.008298802814695066
13936,-1.2697413516582938,-0.008298802814695066
13937,-1.2697413519038183,-0.008298802814695066
13938,-1.2697413523686318,-0.008298802814695066
13939,-1.2697413532215365,-0.008298802814695066
13940,-1.2697413542134353,-0.008298802814695066
13941,-1.2697413551789976,-0.008298802814695066
13942,-1.269741355213165,-0.008298802814695066
13943,-1.2697413558656467,-0.008298802814695066
13944,-1.2697413561653568,-0.008298802814695066
13945,-1.269741356774826,-0.008298802814695066
13946,-1.2697413571742733,-0.008298802814695066
13947,-1.2697413574684053,-0.008298802814695066
13948,-1.2697413592371463,-0.008298802814695066
13949,-1.2697413594349687,-0.008298802814695066
13950,-1.2697413597858804,-0.008298802814695066
13951,-1.2697413599299714,-0.008298802814695066
13952,-1.2697413609084303,-0.008298802814695066
13953,-1.2697413610708441,-0.008298802814695066
13954,-1.2697413621317248,-0.008298802814695066
13955,-1.2697413624858245,-0.008298802814695066
13956,-1.2697413630772925,-0.008298802814695066
13957,-1.269741364166002,-0.008298802814695066
13958,-1.269741364491738,-0.008298802814695066
13959,-1.2697413658536651,-0.008298802814695066
13960,-1.2697413659468948,-0.008298802814695066
13961,-1.2697413663028638,-0.008298802814695066
13962,-1.2697413666417399,-0.008298802814695066
13963,-1.26974136690254,-0.008298802814695066
13964,-1.2697413670175461,-0.008298802814695066
13965,-1.2697413680560237,-0.008298802814695066
13966,-1.2697413682846468,-0.008298802814695066
13967,-1.2697413685225147,-0.008298802814695066
13968,-1.2697413685821015,-0.008298802814695066
13969,-1.2697413685900287,-0.008298802814695066
13970,-1.2697413687151873,-0.008298802814695066
13971,-1.2697413692167783,-0.008298802814695066
13972,-1.269741369756225,-0.008298802814695066
13973,-1.2697413703726004,-0.008298802814695066
13974,-1.269741372356795,-0.008298802814695066
13975,-1.2697413731778782,-0.008298802814695066
13976,-1.269741373354299,-0.008298802814695066
13977,-1.2697413735753287,-0.008298802814695066
13978,-1.2697413736869365,-0.008298802814695066
13979,-1.269741373931744,-0.008298802814695066
13980,-1.269741374210162,-0.008298802814695066
13981,-1.2697413756055318,-0.008298802814695066
13982,-1.269741376361642,-0.008298802814695066
13983,-1.2697413763626495,-0.008298802814695066
13984,-1.2697413764690326,-0.008298802814695066
13985,-1.2697413768808892,-0.008298802814695066
13986,-1.2697413769653898,-0.008298802814695066
13987,-1.2697413778058346,-0.008298802814695066
13988,-1.269741379141706,-0.008298802814695066
13989,-1.269741379180537,-0.008298802814695066
13990,-1.2697413810774383,-0.008298802814695066
13991,-1.2697413812393672,-0.008298802814695066
13992,-1.2697413822997539,-0.008298802814695066
13993,-1.2697413831501843,-0.008298802814695066
13994,-1.2697413836795062,-0.008298802814695066
13995,-1.2697413838452547,-0.008298802814695066
13996,-1.2697413838695821,-0.008298802814695066
13997,-1.26974138411217,-0.008298802814695066
13998,-1.2697413854434227,-0.008298802814695066
13999,-1.269741386019335,-0.008298802814695066
14000,-1.2697413863157845,-0.008298802814695066
14001,-1.269741386459912,-0.008298802814695066
14002,-1.2697413865381355,-0.008298802814695066
14003,-1.2697413870451484,-0.008298802814695066
14004,-1.2697413885910143,-0.008298802814695066
14005,-1.2697413889526397,-0.008298802814695066
14006,-1.269741389055126,-0.008298802814695066
14007,-1.269741389091331,-0.008298802814695066
14008,-1.2697413895456804,-0.008298802814695066
14009,-1.2697413895651668,-0.008298802814695066
14010,-1.2697413895847287,-0.008298802814695066
14011,-1.2697413899233028,-0.008298802814695066
14012,-1.2697413899962247,-0.008298802814695066
14013,-1.2697413903631332,-0.008298802814695066
14014,-1.2697413904075396,-0.008298802814695066
14015,-1.269741391156664,-0.008298802814695066
14016,-1.2697413912312068,-0.008298802814695066
14017,-1.2697413914692235,-0.008298802814695066
14018,-1.26974139148941,-0.008298802814695066
14019,-1.2697413921870717,-0.008298802814695066
14020,-1.2697413922595304,-0.008298802814695066
14021,-1.2697413926770402,-0.008298802814695066
14022,-1.2697413933725987,-0.008298802814695066
14023,-1.2697413948106344,-0.008298802814695066
14024,-1.2697413951647052,-0.008298802814695066
14025,-1.2697413965654527,-0.008298802814695066
14026,-1.2697413977404015,-0.008298802814695066
14027,-1.2697413977714453,-0.008298802814695066
14028,-1.2697413981592531,-0.008298802814695066
14029,-1.269741398210649,-0.008298802814695066
14030,-1.2697413989049064,-0.008298802814695066
14031,-1.2697413989450925,-0.008298802814695066
14032,-1.2697413994277036,-0.008298802814695066
14033,-1.2697414002590601,-0.008298802814695066
14034,-1.2697414005883374,-0.008298802814695066
14035,-1.269741401016102,-0.008298802814695066
14036,-1.269741401202105,-0.008298802814695066
14037,-1.2697414021648015,-0.008298802814695066
14038,-1.2697414032178331,-0.008298802814695066
14039,-1.269741403578426,-0.008298802814695066
14040,-1.2697414044480344,-0.008298802814695066
14041,-1.2697414055785177,-0.008298802814695066
14042,-1.2697414061991883,-0.008298802814695066
14043,-1.2697414062260433,-0.008298802814695066
14044,-1.2697414068684445,-0.008298802814695066
14045,-1.2697414072081128,-0.008298802814695066
14046,-1.2697414086963177,-0.008298802814695066
14047,-1.2697414089977108,-0.008298802814695066
14048,-1.2697414101584594,-0.008298802814695066
14049,-1.2697414108618577,-0.008298802814695066
14050,-1.2697414124961095,-0.008298802814695066
14051,-1.2697414127369688,-0.008298802814695066
14052,-1.2697414131019158,-0.008298802814695066
14053,-1.2697414141154018,-0.008298802814695066
14054,-1.2697414148461035,-0.008298802814695066
14055,-1.2697414159081923,-0.008298802814695066
14056,-1.2697414168997878,-0.008298802814695066
14057,-1.2697414171899093,-0.008298802814695066
14058,-1.2697414172324173,-0.008298802814695066
14059,-1.2697414173131674,-0.008298802814695066
14060,-1.2697414173356854,-0.008298802814695066
14061,-1.269741417380866,-0.008298802814695066
14062,-1.2697414174336443,-0.008298802814695066
14063,-1.2697414181097657,-0.008298802814695066
14064,-1.2697414193749714,-0.008298802814695066
14065,-1.2697414194373438,-0.008298802814695066
14066,-1.2697414203656343,-0.008298802814695066
14067,-1.269741420641077,-0.008298802814695066
14068,-1.269741420672779,-0.008298802814695066
14069,-1.2697414214065788,-0.008298802814695066
14070,-1.269741421446441,-0.008298802814695066
14071,-1.2697414216828702,-0.008298802814695066
14072,-1.2697414228153718,-0.008298802814695066
14073,-1.2697414231782518,-0.008298802814695066
14074,-1.2697414232044117,-0.008298802814695066
14075,-1.2697414236901094,-0.008298802814695066
14076,-1.2697414237126265,-0.008298802814695066
14077,-1.269741423923296,-0.008298802814695066
14078,-1.2697414242390728,-0.008298802814695066
14079,-1.2697414243929288,-0.008298802814695066
14080,-1.269741424535494,-0.008298802814695066
14081,-1.2697414252113666,-0.008298802814695066
14082,-1.2697414252248016,-0.008298802814695066
14083,-1.2697414257317936,-0.008298802814695066
14084,-1.2697414268462814,-0.008298802814695066
14085,-1.2697414273682996,-0.008298802814695066
14086,-1.2697414273970706,-0.008298802814695066
14087,-1.2697414279094643,-0.008298802814695066
14088,-1.2697414280739527,-0.008298802814695066
14089,-1.2697414281586332,-0.008298802814695066
14090,-1.269741428264414,-0.008298802814695066
14091,-1.269741428858429,-0.008298802814695066
14092,-1.2697414295677152,-0.008298802814695066
14093,-1.2697414302627086,-0.008298802814695066
14094,-1.2697414304459862,-0.008298802814695066
14095,-1.2697414305450745,-0.008298802814695066
14096,-1.2697414306439119,-0.008298802814695066
14097,-1.2697414312390953,-0.008298802814695066
14098,-1.2697414314754456,-0.008298802814695066
14099,-1.2697414321987086,-0.008298802814695066
14100,-1.2697414323469172,-0.008298802814695066
14101,-1.2697414328597536,-0.008298802814695066
14102,-1.2697414329374983,-0.008298802814695066
14103,-1.26974143301093,-0.008298802814695066
14104,-1.2697414331400787,-0.008298802814695066
14105,-1.2697414334955728,-0.008298802814695066
14106,-1.269741433519408,-0.008298802814695066
14107,-1.2697414368591797,-0.008298802814695066
14108,-1.2697414372703228,-0.008298802814695066
14109,-1.2697414379743834,-0.008298802814695066
14110,-1.269741438376023,-0.008298802814695066
14111,-1.2697414389777433,-0.008298802814695066
14112,-1.2697414393415443,-0.008298802814695066
14113,-1.2697414397062614,-0.008298802814695066
14114,-1.2697414398424958,-0.008298802814695066
14115,-1.2697414398700917,-0.008298802814695066
14116,-1.2697414406906296,-0.008298802814695066
14117,-1.2697414413450434,-0.008298802814695066
14118,-1.269741441432216,-0.008298802814695066
14119,-1.2697414414801567,-0.008298802814695066
14120,-1.2697414429343536,-0.008298802814695066
14121,-1.269741443152138,-0.008298802814695066
14122,-1.2697414439045924,-0.008298802814695066
14123,-1.269741444099541,-0.008298802814695066
14124,-1.269741444125947,-0.008298802814695066
14125,-1.269741444153778,-0.008298802814695066
14126,-1.2697414453986817,-0.008298802814695066
14127,-1.2697414456148983,-0.008298802814695066
14128,-1.269741445988879,-0.008298802814695066
14129,-1.2697414468323218,-0.008298802814695066
14130,-1.2697414482454201,-0.008298802814695066
14131,-1.2697414487743135,-0.008298802814695066
14132,-1.269741449346909,-0.008298802814695066
14133,-1.2697414498118547,-0.008298802814695066
14134,-1.2697414502901896,-0.008298802814695066
14135,-1.269741450837237,-0.008298802814695066
14136,-1.2697414513905723,-0.008298802814695066
14137,-1.2697414515222825,-0.008298802814695066
14138,-1.2697414515251717,-0.008298802814695066
14139,-1.2697414515361742,-0.008298802814695066
14140,-1.269741451913191,-0.008298802814695066
14141,-1.269741451949454,-0.008298802814695066
14142,-1.2697414519513028,-0.008298802814695066
14143,-1.2697414519870467,-0.008298802814695066
14144,-1.2697414522913943,-0.008298802814695066
14145,-1.26974145259138,-0.008298802814695066
14146,-1.2697414531470246,-0.008298802814695066
14147,-1.2697414531502038,-0.008298802814695066
14148,-1.2697414533296778,-0.008298802814695066
14149,-1.2697414536628093,-0.008298802814695066
14150,-1.2697414536980673,-0.008298802814695066
14151,-1.2697414539223064,-0.008298802814695066
14152,-1.2697414540314644,-0.008298802814695066
14153,-1.2697414541763683,-0.008298802814695066
14154,-1.2697414546799104,-0.008298802814695066
14155,-1.2697414551672044,-0.008298802814695066
14156,-1.2697414552083,-0.008298802814695066
14157,-1.2697414553936501,-0.008298802814695066
14158,-1.2697414557292683,-0.008298802814695066
14159,-1.269741455981545,-0.008298802814695066
14160,-1.2697414564675469,-0.008298802814695066
14161,-1.269741456519582,-0.008298802814695066
14162,-1.269741457300755,-0.008298802814695066
14163,-1.269741457522926,-0.008298802814695066
14164,-1.269741457984587,-0.008298802814695066
14165,-1.2697414583919977,-0.008298802814695066
14166,-1.269741458485648,-0.008298802814695066
14167,-1.2697414589487253,-0.008298802814695066
14168,-1.2697414596212606,-0.008298802814695066
14169,-1.2697414601463213,-0.008298802814695066
14170,-1.2697414604020465,-0.008298802814695066
14171,-1.2697414604228643,-0.008298802814695066
14172,-1.2697414607565687,-0.008298802814695066
14173,-1.2697414611022486,-0.008298802814695066
14174,-1.2697414613579425,-0.008298802814695066
14175,-1.269741461871928,-0.008298802814695066
14176,-1.2697414628460444,-0.008298802814695066
14177,-1.2697414629172021,-0.008298802814695066
14178,-1.2697414638442226,-0.008298802814695066
14179,-1.2697414642299751,-0.008298802814695066
14180,-1.2697414647746454,-0.008298802814695066
14181,-1.2697414651053722,-0.008298802814695066
14182,-1.2697414651546377,-0.008298802814695066
14183,-1.2697414656036878,-0.008298802814695066
14184,-1.2697414660904107,-0.008298802814695066
14185,-1.2697414671122882,-0.008298802814695066
14186,-1.2697414676871048,-0.008298802814695066
14187,-1.269741468030338,-0.008298802814695066
14188,-1.2697414682768444,-0.008298802814695066
14189,-1.2697414685658135,-0.008298802814695066
14190,-1.2697414694594977,-0.008298802814695066
14191,-1.2697414695378186,-0.008298802814695066
14192,-1.2697414717067246,-0.008298802814695066
14193,-1.2697414720157647,-0.008298802814695066
14194,-1.269741472038052,-0.008298802814695066
14195,-1.2697414725186127,-0.008298802814695066
14196,-1.269741472830589,-0.008298802814695066
14197,-1.2697414729109424,-0.008298802814695066
14198,-1.2697414730930316,-0.008298802814695066
14199,-1.269741473198049,-0.008298802814695066
14200,-1.2697414736234265,-0.008298802814695066
14201,-1.2697414737958024,-0.008298802814695066
14202,-1.2697414749474998,-0.008298802814695066
14203,-1.269741475009025,-0.008298802814695066
14204,-1.2697414755999037,-0.008298802814695066
14205,-1.2697414758291676,-0.008298802814695066
14206,-1.2697414758632108,-0.008298802814695066
14207,-1.269741475924084,-0.008298802814695066
14208,-1.2697414761827326,-0.008298802814695066
14209,-1.2697414769133184,-0.008298802814695066
14210,-1.269741477496984,-0.008298802814695066
14211,-1.2697414781596774,-0.008298802814695066
14212,-1.2697414786310968,-0.008298802814695066
14213,-1.2697414786924306,-0.008298802814695066
14214,-1.2697414789838941,-0.008298802814695066
14215,-1.2697414791682138,-0.008298802814695066
14216,-1.269741479535478,-0.008298802814695066
14217,-1.269741479786859,-0.008298802814695066
14218,-1.2697414803353295,-0.008298802814695066
14219,-1.2697414804509395,-0.008298802814695066
14220,-1.269741482785666,-0.008298802814695066
14221,-1.2697414830514007,-0.008298802814695066
14222,-1.269741483350558,-0.008298802814695066
14223,-1.269741483731925,-0.008298802814695066
14224,-1.2697414844535502,-0.008298802814695066
14225,-1.2697414848250275,-0.008298802814695066
14226,-1.2697414848633217,-0.008298802814695066
14227,-1.269741484874175,-0.008298802814695066
14228,-1.2697414849904154,-0.008298802814695066
14229,-1.2697414852445943,-0.008298802814695066
14230,-1.2697414857388092,-0.008298802814695066
14231,-1.2697414858861333,-0.008298802814695066
14232,-1.269741486224156,-0.008298802814695066
14233,-1.2697414864327787,-0.008298802814695066
14234,-1.269741486613978,-0.008298802814695066
14235,-1.2697414868415473,-0.008298802814695066
14236,-1.2697414870472397,-0.008298802814695066
14237,-1.2697414871616874,-0.008298802814695066
14238,-1.2697414872584651,-0.008298802814695066
14239,-1.2697414877967181,-0.008298802814695066
14240,-1.2697414881752542,-0.008298802814695066
14241,-1.2697414886620746,-0.008298802814695066
14242,-1.2697414889730185,-0.008298802814695066
14243,-1.2697414902027708,-0.008298802814695066
14244,-1.269741490251755,-0.008298802814695066
14245,-1.2697414902948656,-0.008298802814695066
14246,-1.2697414912337304,-0.008298802814695066
14247,-1.2697414912409937,-0.008298802814695066
14248,-1.269741491590187,-0.008298802814695066
14249,-1.2697414918205803,-0.008298802814695066
14250,-1.2697414918774343,-0.008298802814695066
14251,-1.2697414920540029,-0.008298802814695066
14252,-1.269741492278446,-0.008298802814695066
14253,-1.269741492584603,-0.008298802814695066
14254,-1.2697414928197448,-0.008298802814695066
14255,-1.2697414928274364,-0.008298802814695066
14256,-1.2697414938514466,-0.008298802814695066
14257,-1.2697414941652199,-0.008298802814695066
14258,-1.2697414947393213,-0.008298802814695066
14259,-1.2697414955771296,-0.008298802814695066
14260,-1.2697414955965525,-0.008298802814695066
14261,-1.2697414958208395,-0.008298802814695066
14262,-1.269741495910549,-0.008298802814695066
14263,-1.2697414959192774,-0.008298802814695066
14264,-1.2697414963291798,-0.008298802814695066
14265,-1.2697414963553597,-0.008298802814695066
14266,-1.2697414970432828,-0.008298802814695066
14267,-1.2697414976106216,-0.008298802814695066
14268,-1.2697414976511028,-0.008298802814695066
14269,-1.269741497800046,-0.008298802814695066
14270,-1.269741498009059,-0.008298802814695066
14271,-1.2697414980559785,-0.008298802814695066
14272,-1.2697414983671704,-0.008298802814695066
14273,-1.2697414983757813,-0.008298802814695066
14274,-1.2697414984525621,-0.008298802814695066
14275,-1.2697414985155837,-0.008298802814695066
14276,-1.2697414996298682,-0.008298802814695066
14277,-1.2697414998861858,-0.008298802814695066
14278,-1.2697415002767385,-0.008298802814695066
14279,-1.269741500523226,-0.008298802814695066
14280,-1.269741501396787,-0.008298802814695066
14281,-1.2697415015246385,-0.008298802814695066
14282,-1.2697415020484217,-0.008298802814695066
14283,-1.2697415022093002,-0.008298802814695066
14284,-1.2697415026688346,-0.008298802814695066
14285,-1.2697415027220211,-0.008298802814695066
14286,-1.2697415034287711,-0.008298802814695066
14287,-1.2697415035667419,-0.008298802814695066
14288,-1.2697415046203389,-0.008298802814695066
14289,-1.269741505139705,-0.008298802814695066
14290,-1.26974150526488,-0.008298802814695066
14291,-1.269741506721501,-0.008298802814695066
14292,-1.2697415069597067,-0.008298802814695066
14293,-1.2697415071034792,-0.008298802814695066
14294,-1.269741507109213,-0.008298802814695066
14295,-1.2697415076530034,-0.008298802814695066
14296,-1.269741507731022,-0.008298802814695066
14297,-1.2697415078902463,-0.008298802814695066
14298,-1.2697415081848331,-0.008298802814695066
14299,-1.2697415091784554,-0.008298802814695066
14300,-1.2697415097300946,-0.008298802814695066
14301,-1.2697415099688674,-0.008298802814695066
14302,-1.2697415100301288,-0.008298802814695066
14303,-1.2697415101716223,-0.008298802814695066
14304,-1.269741510765059,-0.008298802814695066
14305,-1.2697415116533577,-0.008298802814695066
14306,-1.269741511930468,-0.008298802814695066
14307,-1.2697415120880589,-0.008298802814695066
14308,-1.2697415122898372,-0.008298802814695066
14309,-1.2697415124848874,-0.008298802814695066
14310,-1.2697415126409946,-0.008298802814695066
14311,-1.2697415131723715,-0.008298802814695066
14312,-1.2697415137306127,-0.008298802814695066
14313,-1.2697415139818853,-0.008298802814695066
14314,-1.2697415140483355,-0.008298802814695066
14315,-1.2697415143529946,-0.008298802814695066
14316,-1.2697415144316777,-0.008298802814695066
14317,-1.269741514593948,-0.008298802814695066
14318,-1.2697415151315923,-0.008298802814695066
14319,-1.2697415151482692,-0.008298802814695066
14320,-1.269741515247441,-0.008298802814695066
14321,-1.2697415156085636,-0.008298802814695066
14322,-1.269741515624256,-0.008298802814695066
14323,-1.2697415156685534,-0.008298802814695066
14324,-1.2697415157792955,-0.008298802814695066
14325,-1.2697415159068934,-0.008298802814695066
14326,-1.269741515949905,-0.008298802814695066
14327,-1.26974151699299,-0.008298802814695066
14328,-1.2697415175127245,-0.008298802814695066
14329,-1.2697415176234679,-0.008298802814695066
14330,-1.269741517922165,-0.008298802814695066
14331,-1.2697415181876408,-0.008298802814695066
14332,-1.2697415182884264,-0.008298802814695066
14333,-1.2697415184727543,-0.008298802814695066
14334,-1.2697415185314824,-0.008298802814695066
14335,-1.2697415187883045,-0.008298802814695066
14336,-1.2697415188323906,-0.008298802814695066
14337,-1.2697415188396022,-0.008298802814695066
14338,-1.2697415189022452,-0.008298802814695066
14339,-1.269741519566872,-0.008298802814695066
14340,-1.2697415213606789,-0.008298802814695066
14341,-1.269741521501425,-0.008298802814695066
14342,-1.2697415217255206,-0.008298802814695066
14343,-1.2697415217539714,-0.008298802814695066
14344,-1.2697415226651338,-0.008298802814695066
14345,-1.2697415227731916,-0.008298802814695066
14346,-1.2697415229780384,-0.008298802814695066
14347,-1.2697415230896143,-0.008298802814695066
14348,-1.2697415232815088,-0.008298802814695066
14349,-1.2697415232992355,-0.008298802814695066
14350,-1.2697415239478391,-0.008298802814695066
14351,-1.2697415239929875,-0.008298802814695066
14352,-1.2697415243203178,-0.008298802814695066
14353,-1.2697415244742627,-0.008298802814695066
14354,-1.269741524497853,-0.008298802814695066
14355,-1.2697415249437514,-0.008298802814695066
14356,-1.2697415262079075,-0.008298802814695066
14357,-1.2697415266481564,-0.008298802814695066
14358,-1.2697415269230716,-0.008298802814695066
14359,-1.2697415270418375,-0.008298802814695066
14360,-1.2697415272665864,-0.008298802814695066
14361,-1.2697415273459045,-0.008298802814695066
14362,-1.2697415275592752,-0.008298802814695066
14363,-1.269741528192545,-0.008298802814695066
14364,-1.2697415284214169,-0.008298802814695066
14365,-1.2697415296850452,-0.008298802814695066
14366,-1.269741529758955,-0.008298802814695066
14367,-1.2697415297863146,-0.008298802814695066
14368,-1.2697415304613322,-0.008298802814695066
14369,-1.2697415307420326,-0.008298802814695066
14370,-1.2697415308418531,-0.008298802814695066
14371,-1.2697415312806397,-0.008298802814695066
14372,-1.2697415313409621,-0.008298802814695066
14373,-1.2697415314331408,-0.008298802814695066
14374,-1.2697415318467318,-0.008298802814695066
14375,-1.2697415318652325,-0.008298802814695066
14376,-1.2697415325109453,-0.008298802814695066
14377,-1.2697415328145145,-0.008298802814695066
14378,-1.269741533857582,-0.008298802814695066
14379,-1.2697415339258273,-0.008298802814695066
14380,-1.269741533942788,-0.008298802814695066
14381,-1.269741533944298,-0.008298802814695066
14382,-1.2697415345090224,-0.008298802814695066
14383,-1.2697415345497522,-0.008298802814695066
14384,-1.2697415350012702,-0.008298802814695066
14385,-1.2697415359836628,-0.008298802814695066
14386,-1.2697415362209412,-0.008298802814695066
14387,-1.26974153703373,-0.008298802814695066
14388,-1.2697415371207261,-0.008298802814695066
14389,-1.2697415379985708,-0.008298802814695066
14390,-1.269741538285127,-0.008298802814695066
14391,-1.2697415385649151,-0.008298802814695066
14392,-1.2697415385892463,-0.008298802814695066
14393,-1.2697415386228148,-0.008298802814695066
14394,-1.2697415386330206,-0.008298802814695066
14395,-1.2697415390193472,-0.008298802814695066
14396,-1.26974153928438,-0.008298802814695066
14397,-1.2697415392992488,-0.008298802814695066
14398,-1.2697415394406764,-0.008298802814695066
14399,-1.2697415394529459,-0.008298802814695066
14400,-1.269741539489297,-0.008298802814695066
14401,-1.2697415401011174,-0.008298802814695066
14402,-1.2697415418937799,-0.008298802814695066
14403,-1.2697415426891403,-0.008298802814695066
14404,-1.26974154346695,-0.008298802814695066
14405,-1.2697415442432514,-0.008298802814695066
14406,-1.2697415450781575,-0.008298802814695066
14407,-1.2697415451848728,-0.008298802814695066
14408,-1.2697415452931193,-0.008298802814695066
14409,-1.2697415453995666,-0.008298802814695066
14410,-1.2697415456466168,-0.008298802814695066
14411,-1.2697415462958255,-0.008298802814695066
14412,-1.2697415466194197,-0.008298802814695066
14413,-1.2697415467620632,-0.008298802814695066
14414,-1.269741547019627,-0.008298802814695066
14415,-1.2697415470230964,-0.008298802814695066
14416,-1.2697415470505944,-0.008298802814695066
14417,-1.269741547468114,-0.008298802814695066
14418,-1.2697415475308467,-0.008298802814695066
14419,-1.269741548564994,-0.008298802814695066
14420,-1.2697415486294843,-0.008298802814695066
14421,-1.2697415486844328,-0.008298802814695066
14422,-1.2697415487008707,-0.008298802814695066
14423,-1.269741549083591,-0.008298802814695066
14424,-1.2697415491935162,-0.008298802814695066
14425,-1.2697415495415174,-0.008298802814695066
14426,-1.2697415497509303,-0.008298802814695066
14427,-1.269741549797289,-0.008298802814695066
14428,-1.2697415498089186,-0.008298802814695066
14429,-1.269741550107319,-0.008298802814695066
14430,-1.2697415506292702,-0.008298802814695066
14431,-1.2697415512158365,-0.008298802814695066
14432,-1.2697415513477153,-0.008298802814695066
14433,-1.2697415516918498,-0.008298802814695066
14434,-1.2697415517069055,-0.008298802814695066
14435,-1.2697415517601411,-0.008298802814695066
14436,-1.2697415520920612,-0.008298802814695066
14437,-1.2697415526485802,-0.008298802814695066
14438,-1.2697415532564387,-0.008298802814695066
14439,-1.269741553371144,-0.008298802814695066
14440,-1.2697415536631853,-0.008298802814695066
14441,-1.269741553837738,-0.008298802814695066
14442,-1.2697415538855577,-0.008298802814695066
14443,-1.269741554102003,-0.008298802814695066
14444,-1.2697415541550434,-0.008298802814695066
14445,-1.2697415543806685,-0.008298802814695066
14446,-1.2697415546244817,-0.008298802814695066
14447,-1.2697415552952012,-0.008298802814695066
14448,-1.269741555353069,-0.008298802814695066
14449,-1.26974155556558,-0.008298802814695066
14450,-1.2697415557551004,-0.008298802814695066
14451,-1.269741555908377,-0.008298802814695066
14452,-1.2697415561382424,-0.008298802814695066
14453,-1.2697415566029346,-0.008298802814695066
14454,-1.2697415566398103,-0.008298802814695066
14455,-1.2697415566903487,-0.008298802814695066
14456,-1.2697415571247637,-0.008298802814695066
14457,-1.2697415575631235,-0.008298802814695066
14458,-1.2697415575728266,-0.008298802814695066
14459,-1.2697415576671682,-0.008298802814695066
14460,-1.2697415576868765,-0.008298802814695066
14461,-1.2697415580172529,-0.008298802814695066
14462,-1.2697415580653186,-0.008298802814695066
14463,-1.2697415580753062,-0.008298802814695066
14464,-1.2697415581028821,-0.008298802814695066
14465,-1.2697415585086151,-0.008298802814695066
14466,-1.2697415588663594,-0.008298802814695066
14467,-1.2697415594789283,-0.008298802814695066
14468,-1.2697415596840822,-0.008298802814695066
14469,-1.2697415597441688,-0.008298802814695066
14470,-1.2697415598467097,-0.008298802814695066
14471,-1.2697415600759863,-0.008298802814695066
14472,-1.2697415608533378,-0.008298802814695066
14473,-1.2697415615698033,-0.008298802814695066
14474,-1.2697415615905485,-0.008298802814695066
14475,-1.269741561618878,-0.008298802814695066
14476,-1.2697415617012842,-0.008298802814695066
14477,-1.269741561757149,-0.008298802814695066
14478,-1.2697415619465775,-0.008298802814695066
14479,-1.2697415621989139,-0.008298802814695066
14480,-1.2697415623137085,-0.008298802814695066
14481,-1.2697415627347384,-0.008298802814695066
14482,-1.2697415627651683,-0.008298802814695066
14483,-1.2697415628853728,-0.008298802814695066
14484,-1.2697415631653728,-0.008298802814695066
14485,-1.269741563374023,-0.008298802814695066
14486,-1.269741563609859,-0.008298802814695066
14487,-1.269741563817783,-0.008298802814695066
14488,-1.2697415638296266,-0.008298802814695066
14489,-1.269741564040528,-0.008298802814695066
14490,-1.2697415645805044,-0.008298802814695066
14491,-1.2697415647015546,-0.008298802814695066
14492,-1.2697415649473653,-0.008298802814695066
14493,-1.269741565309331,-0.008298802814695066
14494,-1.269741565311295,-0.008298802814695066
14495,-1.269741566002981,-0.008298802814695066
14496,-1.2697415661130915,-0.008298802814695066
14497,-1.2697415669895096,-0.008298802814695066
14498,-1.269741567126292,-0.008298802814695066
14499,-1.2697415676687065,-0.008298802814695066
14500,-1.2697415677543384,-0.008298802814695066
14501,-1.2697415679447257,-0.008298802814695066
14502,-1.2697415679831452,-0.008298802814695066
14503,-1.2697415679958948,-0.008298802814695066
14504,-1.269741568253711,-0.008298802814695066
14505,-1.2697415685104612,-0.008298802814695066
14506,-1.2697415685112543,-0.008298802814695066
14507,-1.2697415685474245,-0.008298802814695066
14508,-1.2697415686530826,-0.008298802814695066
14509,-1.2697415687620512,-0.008298802814695066
14510,-1.2697415688570535,-0.008298802814695066
14511,-1.2697415694694185,-0.008298802814695066
14512,-1.2697415697670196,-0.008298802814695066
14513,-1.2697415698224042,-0.008298802814695066
14514,-1.2697415702736055,-0.008298802814695066
14515,-1.2697415704894535,-0.008298802814695066
14516,-1.269741570664138,-0.008298802814695066
14517,-1.2697415707582502,-0.008298802814695066
14518,-1.2697415707595696,-0.008298802814695066
14519,-1.2697415707608894,-0.008298802814695066
14520,-1.2697415707986321,-0.008298802814695066
14521,-1.2697415713430387,-0.008298802814695066
14522,-1.2697415714154527,-0.008298802814695066
14523,-1.2697415715073916,-0.008298802814695066
14524,-1.2697415716179536,-0.008298802814695066
14525,-1.2697415718007292,-0.008298802814695066
14526,-1.2697415718437166,-0.008298802814695066
14527,-1.269741571904174,-0.008298802814695066
14528,-1.2697415721698473,-0.008298802814695066
14529,-1.2697415722797194,-0.008298802814695066
14530,-1.2697415722993595,-0.008298802814695066
14531,-1.269741573497237,-0.008298802814695066
14532,-1.2697415739337328,-0.008298802814695066
14533,-1.269741574065138,-0.008298802814695066
14534,-1.2697415742088811,-0.008298802814695066
14535,-1.2697415746331975,-0.008298802814695066
14536,-1.2697415751711645,-0.008298802814695066
14537,-1.2697415756810089,-0.008298802814695066
14538,-1.269741575859586,-0.008298802814695066
14539,-1.2697415760113449,-0.008298802814695066
14540,-1.2697415761387256,-0.008298802814695066
14541,-1.2697415762141138,-0.008298802814695066
14542,-1.2697415763751976,-0.008298802814695066
14543,-1.269741576536602,-0.008298802814695066
14544,-1.269741576828832,-0.008298802814695066
14545,-1.2697415770162486,-0.008298802814695066
14546,-1.2697415770237463,-0.008298802814695066
14547,-1.2697415770914864,-0.008298802814695066
14548,-1.2697415771430265,-0.008298802814695066
14549,-1.2697415778305137,-0.008298802814695066
14550,-1.26974157787879,-0.008298802814695066
14551,-1.2697415788052155,-0.008298802814695066
14552,-1.2697415794047329,-0.008298802814695066
14553,-1.2697415796392528,-0.008298802814695066
14554,-1.2697415800769594,-0.008298802814695066
14555,-1.2697415802047156,-0.008298802814695066
14556,-1.2697415802139904,-0.008298802814695066
14557,-1.2697415804773446,-0.008298802814695066
14558,-1.2697415809391386,-0.008298802814695066
14559,-1.2697415810540673,-0.008298802814695066
14560,-1.269741581207263,-0.008298802814695066
14561,-1.269741581510866,-0.008298802814695066
14562,-1.2697415820108071,-0.008298802814695066
14563,-1.2697415822486553,-0.008298802814695066
14564,-1.2697415831562322,-0.008298802814695066
14565,-1.2697415832599488,-0.008298802814695066
14566,-1.2697415839169968,-0.008298802814695066
14567,-1.2697415840911122,-0.008298802814695066
14568,-1.2697415842328386,-0.008298802814695066
14569,-1.2697415842990307,-0.008298802814695066
14570,-1.2697415843896664,-0.008298802814695066
14571,-1.2697415846618108,-0.008298802814695066
14572,-1.2697415849726008,-0.008298802814695066
14573,-1.2697415850590625,-0.008298802814695066
14574,-1.2697415860823287,-0.008298802814695066
14575,-1.2697415861302477,-0.008298802814695066
14576,-1.2697415861371462,-0.008298802814695066
14577,-1.2697415861458652,-0.008298802814695066
14578,-1.2697415862582153,-0.008298802814695066
14579,-1.2697415862719386,-0.008298802814695066
14580,-1.2697415863356358,-0.008298802814695066
14581,-1.2697415863844346,-0.008298802814695066
14582,-1.2697415864458048,-0.008298802814695066
14583,-1.2697415866857615,-0.008298802814695066
14584,-1.26974158679818,-0.008298802814695066
14585,-1.2697415868737498,-0.008298802814695066
14586,-1.2697415870307576,-0.008298802814695066
14587,-1.2697415870714592,-0.008298802814695066
14588,-1.2697415879468652,-0.008298802814695066
14589,-1.2697415880012901,-0.008298802814695066
14590,-1.269741588483375,-0.008298802814695066
14591,-1.2697415892037989,-0.008298802814695066
14592,-1.269741589363694,-0.008298802814695066
14593,-1.2697415899967983,-0.008298802814695066
14594,-1.2697415900069542,-0.008298802814695066
14595,-1.2697415901365663,-0.008298802814695066
14596,-1.269741590225362,-0.008298802814695066
14597,-1.2697415902956983,-0.008298802814695066
14598,-1.2697415904198537,-0.008298802814695066
14599,-1.2697415907511325,-0.008298802814695066
14600,-1.2697415908333758,-0.008298802814695066
14601,-1.269741591368058,-0.008298802814695066
14602,-1.2697415913835939,-0.008298802814695066
14603,-1.2697415914327146,-0.008298802814695066
14604,-1.2697415927764863,-0.008298802814695066
14605,-1.269741592876158,-0.008298802814695066
14606,-1.269741593112621,-0.008298802814695066
14607,-1.269741593643131,-0.008298802814695066
14608,-1.26974159371303,-0.008298802814695066
14609,-1.2697415939030945,-0.008298802814695066
14610,-1.2697415941826864,-0.008298802814695066
14611,-1.2697415945109425,-0.008298802814695066
14612,-1.2697415951365252,-0.008298802814695066
14613,-1.2697415958800782,-0.008298802814695066
14614,-1.269741596057274,-0.008298802814695066
14615,-1.269741597385708,-0.008298802814695066
14616,-1.2697415975605364,-0.008298802814695066
14617,-1.2697415979779778,-0.008298802814695066
14618,-1.2697415983037064,-0.008298802814695066
14619,-1.2697415986322782,-0.008298802814695066
14620,-1.2697415988213745,-0.008298802814695066
14621,-1.269741599076255,-0.008298802814695066
14622,-1.2697415993127703,-0.008298802814695066
14623,-1.2697415994600116,-0.008298802814695066
14624,-1.269741599818384,-0.008298802814695066
14625,-1.2697416001367596,-0.008298802814695066
14626,-1.2697416002538593,-0.008298802814695066
14627,-1.2697416006735003,-0.008298802814695066
14628,-1.2697416008533586,-0.008298802814695066
14629,-1.2697416008820452,-0.008298802814695066
14630,-1.2697416009504128,-0.008298802814695066
14631,-1.269741601003948,-0.008298802814695066
14632,-1.2697416012396612,-0.008298802814695066
14633,-1.2697416013134373,-0.008298802814695066
14634,-1.2697416013938556,-0.008298802814695066
14635,-1.2697416019771057,-0.008298802814695066
14636,-1.2697416023631187,-0.008298802814695066
14637,-1.269741602421982,-0.008298802814695066
14638,-1.2697416024854145,-0.008298802814695066
14639,-1.2697416025711075,-0.008298802814695066
14640,-1.2697416026140385,-0.008298802814695066
14641,-1.2697416028315274,-0.008298802814695066
14642,-1.2697416030703792,-0.008298802814695066
14643,-1.2697416031899424,-0.008298802814695066
14644,-1.2697416032087052,-0.008298802814695066
14645,-1.2697416032606519,-0.008298802814695066
14646,-1.2697416033004587,-0.008298802814695066
14647,-1.2697416035147948,-0.008298802814695066
14648,-1.2697416036526836,-0.008298802814695066
14649,-1.2697416036779874,-0.008298802814695066
14650,-1.269741603872453,-0.008298802814695066
14651,-1.2697416040175287,-0.008298802814695066
14652,-1.2697416040679892,-0.008298802814695066
14653,-1.269741604306807,-0.008298802814695066
14654,-1.2697416045885315,-0.008298802814695066
14655,-1.269741604776146,-0.008298802814695066
14656,-1.2697416052335642,-0.008298802814695066
14657,-1.2697416053457056,-0.008298802814695066
14658,-1.26974160541121,-0.008298802814695066
14659,-1.2697416055497983,-0.008298802814695066
14660,-1.2697416056197883,-0.008298802814695066
14661,-1.2697416058902333,-0.008298802814695066
14662,-1.269741606111415,-0.008298802814695066
14663,-1.269741606589307,-0.008298802814695066
14664,-1.269741607168055,-0.008298802814695066
14665,-1.2697416072654102,-0.008298802814695066
14666,-1.2697416074785028,-0.008298802814695066
14667,-1.2697416075209935,-0.008298802814695066
14668,-1.2697416075521057,-0.008298802814695066
14669,-1.2697416077228258,-0.008298802814695066
14670,-1.2697416077278572,-0.008298802814695066
14671,-1.2697416077817945,-0.008298802814695066
14672,-1.2697416080723671,-0.008298802814695066
14673,-1.269741608117439,-0.008298802814695066
14674,-1.2697416081694772,-0.008298802814695066
14675,-1.2697416081699833,-0.008298802814695066
14676,-1.269741608907988,-0.008298802814695066
14677,-1.2697416091744251,-0.008298802814695066
14678,-1.2697416094613243,-0.008298802814695066
14679,-1.2697416096267535,-0.008298802814695066
14680,-1.2697416096904803,-0.008298802814695066
14681,-1.269741609739304,-0.008298802814695066
14682,-1.2697416097531613,-0.008298802814695066
14683,-1.2697416097697662,-0.008298802814695066
14684,-1.2697416097716583,-0.008298802814695066
14685,-1.2697416100951409,-0.008298802814695066
14686,-1.2697416101378265,-0.008298802814695066
14687,-1.2697416104425132,-0.008298802814695066
14688,-1.2697416105132404,-0.008298802814695066
14689,-1.2697416105378128,-0.008298802814695066
14690,-1.2697416105919106,-0.008298802814695066
14691,-1.2697416105961912,-0.008298802814695066
14692,-1.2697416107043353,-0.008298802814695066
14693,-1.2697416110141595,-0.008298802814695066
14694,-1.2697416111729085,-0.008298802814695066
14695,-1.2697416114248385,-0.008298802814695066
14696,-1.2697416115412372,-0.008298802814695066
14697,-1.2697416115739881,-0.008298802814695066
14698,-1.2697416117375213,-0.008298802814695066
14699,-1.2697416118015885,-0.008298802814695066
14700,-1.2697416118673128,-0.008298802814695066
14701,-1.2697416120278464,-0.008298802814695066
14702,-1.2697416121270269,-0.008298802814695066
14703,-1.2697416122731982,-0.008298802814695066
14704,-1.2697416123035727,-0.008298802814695066
14705,-1.2697416123558167,-0.008298802814695066
14706,-1.2697416126692411,-0.008298802814695066
14707,-1.2697416126748302,-0.008298802814695066
14708,-1.2697416126860237,-0.008298802814695066
14709,-1.2697416127142083,-0.008298802814695066
14710,-1.2697416127155507,-0.008298802814695066
14711,-1.269741612874462,-0.008298802814695066
14712,-1.269741612998402,-0.008298802814695066
14713,-1.2697416131920458,-0.008298802814695066
14714,-1.2697416132839159,-0.008298802814695066
14715,-1.2697416135328656,-0.008298802814695066
14716,-1.2697416135662385,-0.008298802814695066
14717,-1.2697416140051616,-0.008298802814695066
14718,-1.2697416140681574,-0.008298802814695066
14719,-1.2697416141462106,-0.008298802814695066
14720,-1.2697416141649334,-0.008298802814695066
14721,-1.2697416147974614,-0.008298802814695066
14722,-1.2697416149566243,-0.008298802814695066
14723,-1.2697416150618919,-0.008298802814695066
14724,-1.269741615110737,-0.008298802814695066
14725,-1.2697416153516086,-0.008298802814695066
14726,-1.2697416155070207,-0.008298802814695066
14727,-1.2697416159272021,-0.008298802814695066
14728,-1.2697416163731843,-0.008298802814695066
14729,-1.269741616730859,-0.008298802814695066
14730,-1.2697416170223739,-0.008298802814695066
14731,-1.269741617292463,-0.008298802814695066
14732,-1.2697416176359662,-0.008298802814695066
14733,-1.2697416176373926,-0.008298802814695066
14734,-1.2697416178424055,-0.008298802814695066
14735,-1.2697416179868921,-0.008298802814695066
14736,-1.2697416180828107,-0.008298802814695066
14737,-1.2697416185755444,-0.008298802814695066
14738,-1.2697416186382542,-0.008298802814695066
14739,-1.2697416187319894,-0.008298802814695066
14740,-1.2697416189882968,-0.008298802814695066
14741,-1.2697416191937503,-0.008298802814695066
14742,-1.2697416192937039,-0.008298802814695066
14743,-1.2697416194481739,-0.008298802814695066
14744,-1.269741619610964,-0.008298802814695066
14745,-1.2697416196339155,-0.008298802814695066
14746,-1.2697416196388156,-0.008298802814695066
14747,-1.2697416197994884,-0.008298802814695066
14748,-1.2697416198590772,-0.008298802814695066
14749,-1.2697416198873153,-0.008298802814695066
14750,-1.269741620342748,-0.008298802814695066
14751,-1.2697416208345962,-0.008298802814695066
14752,-1.2697416208667205,-0.008298802814695066
14753,-1.2697416211003152,-0.008298802814695066
14754,-1.2697416211705104,-0.008298802814695066
14755,-1.2697416212750898,-0.008298802814695066
14756,-1.2697416216029858,-0.008298802814695066
14757,-1.269741621719256,-0.008298802814695066
14758,-1.2697416217807547,-0.008298802814695066
14759,-1.2697416217877695,-0.008298802814695066
14760,-1.2697416220285906,-0.008298802814695066
14761,-1.2697416220506568,-0.008298802814695066
14762,-1.2697416221850353,-0.008298802814695066
14763,-1.2697416222036821,-0.008298802814695066
14764,-1.2697416222260365,-0.008298802814695066
14765,-1.269741622354883,-0.008298802814695066
14766,-1.2697416225690947,-0.008298802814695066
14767,-1.2697416226226932,-0.008298802814695066
14768,-1.2697416226812854,-0.008298802814695066
14769,-1.269741622684784,-0.008298802814695066
14770,-1.2697416226906406,-0.008298802814695066
14771,-1.2697416226996898,-0.008298802814695066
14772,-1.2697416228876899,-0.008298802814695066
14773,-1.2697416230403529,-0.008298802814695066
14774,-1.2697416230961964,-0.008298802814695066
14775,-1.2697416232629635,-0.008298802814695066
14776,-1.26974162342822,-0.008298802814695066
14777,-1.2697416238326884,-0.008298802814695066
14778,-1.2697416240987671,-0.008298802814695066
14779,-1.2697416243546922,-0.008298802814695066
14780,-1.2697416246433468,-0.008298802814695066
14781,-1.269741624666531,-0.008298802814695066
14782,-1.269741624728368,-0.008298802814695066
14783,-1.2697416250927978,-0.008298802814695066
14784,-1.2697416252561253,-0.008298802814695066
14785,-1.2697416252817826,-0.008298802814695066
14786,-1.269741625489428,-0.008298802814695066
14787,-1.269741625616894,-0.008298802814695066
14788,-1.2697416256180443,-0.008298802814695066
14789,-1.269741625852077,-0.008298802814695066
14790,-1.2697416261107164,-0.008298802814695066
14791,-1.269741626112146,-0.008298802814695066
14792,-1.2697416261559613,-0.008298802814695066
14793,-1.2697416261632728,-0.008298802814695066
14794,-1.2697416262232226,-0.008298802814695066
14795,-1.2697416263421464,-0.008298802814695066
14796,-1.2697416264839076,-0.008298802814695066
14797,-1.2697416268735089,-0.008298802814695066
14798,-1.2697416272887962,-0.008298802814695066
14799,-1.2697416273853,-0.008298802814695066
14800,-1.269741627431752,-0.008298802814695066
14801,-1.2697416276465219,-0.008298802814695066
14802,-1.2697416276798312,-0.008298802814695066
14803,-1.269741627764693,-0.008298802814695066
14804,-1.2697416280634757,-0.008298802814695066
14805,-1.2697416280664213,-0.008298802814695066
14806,-1.26974162814992,-0.008298802814695066
14807,-1.269741628237932,-0.008298802814695066
14808,-1.2697416282864447,-0.008298802814695066
14809,-1.2697416284321297,-0.008298802814695066
14810,-1.269741628642477,-0.008298802814695066
14811,-1.2697416288231054,-0.008298802814695066
14812,-1.269741629168915,-0.008298802814695066
14813,-1.2697416294722923,-0.008298802814695066
14814,-1.2697416295349564,-0.008298802814695066
14815,-1.2697416295922563,-0.008298802814695066
14816,-1.269741629674431,-0.008298802814695066
14817,-1.2697416297620157,-0.008298802814695066
14818,-1.2697416298251682,-0.008298802814695066
14819,-1.2697416300631386,-0.008298802814695066
14820,-1.2697416302614237,-0.008298802814695066
14821,-1.269741630288201,-0.008298802814695066
14822,-1.2697416302892637,-0.008298802814695066
14823,-1.2697416303633373,-0.008298802814695066
14824,-1.269741630410795,-0.008298802814695066
14825,-1.2697416308363199,-0.008298802814695066
14826,-1.2697416309343428,-0.008298802814695066
14827,-1.2697416309953726,-0.008298802814695066
14828,-1.2697416310383376,-0.008298802814695066
14829,-1.269741631179387,-0.008298802814695066
14830,-1.2697416312702265,-0.008298802814695066
14831,-1.269741631418754,-0.008298802814695066
14832,-1.2697416314970673,-0.008298802814695066
14833,-1.269741631612729,-0.008298802814695066
14834,-1.2697416317562926,-0.008298802814695066
14835,-1.269741631805212,-0.008298802814695066
14836,-1.2697416318904915,-0.008298802814695066
14837,-1.2697416320132646,-0.008298802814695066
14838,-1.2697416321121007,-0.008298802814695066
14839,-1.2697416325970072,-0.008298802814695066
14840,-1.269741632675942,-0.008298802814695066
14841,-1.269741632858648,-0.008298802814695066
14842,-1.2697416329514735,-0.008298802814695066
14843,-1.2697416330171956,-0.008298802814695066
14844,-1.2697416333701668,-0.008298802814695066
14845,-1.2697416334058442,-0.008298802814695066
14846,-1.2697416335052518,-0.008298802814695066
14847,-1.2697416337546295,-0.008298802814695066
14848,-1.269741633942596,-0.008298802814695066
14849,-1.2697416340466288,-0.008298802814695066
14850,-1.2697416341894365,-0.008298802814695066
14851,-1.2697416342958374,-0.008298802814695066
14852,-1.2697416343073593,-0.008298802814695066
14853,-1.2697416347009765,-0.008298802814695066
14854,-1.269741634730262,-0.008298802814695066
14855,-1.2697416348321928,-0.008298802814695066
14856,-1.269741635170225,-0.008298802814695066
14857,-1.2697416352663962,-0.008298802814695066
14858,-1.2697416353217004,-0.008298802814695066
14859,-1.2697416356506623,-0.008298802814695066
14860,-1.2697416358579257,-0.008298802814695066
14861,-1.2697416359612186,-0.008298802814695066
14862,-1.2697416360485323,-0.008298802814695066
14863,-1.2697416361862435,-0.008298802814695066
14864,-1.2697416364004446,-0.008298802814695066
14865,-1.2697416365934135,-0.008298802814695066
14866,-1.269741636595871,-0.008298802814695066
14867,-1.2697416366560308,-0.008298802814695066
14868,-1.2697416367533354,-0.008298802814695066
14869,-1.2697416368551453,-0.008298802814695066
14870,-1.2697416369530505,-0.008298802814695066
14871,-1.2697416372481352,-0.008298802814695066
14872,-1.2697416372527512,-0.008298802814695066
14873,-1.269741637426979,-0.008298802814695066
14874,-1.2697416379518414,-0.008298802814695066
14875,-1.269741638010446,-0.008298802814695066
14876,-1.2697416380610045,-0.008298802814695066
14877,-1.26974163844601,-0.008298802814695066
14878,-1.2697416384540516,-0.008298802814695066
14879,-1.2697416385056137,-0.008298802814695066
14880,-1.2697416385426012,-0.008298802814695066
14881,-1.2697416386410267,-0.008298802814695066
14882,-1.269741638759316,-0.008298802814695066
14883,-1.2697416389449168,-0.008298802814695066
14884,-1.2697416390530563,-0.008298802814695066
14885,-1.2697416390607128,-0.008298802814695066
14886,-1.2697416390678053,-0.008298802814695066
14887,-1.269741639193044,-0.008298802814695066
14888,-1.269741639567891,-0.008298802814695066
14889,-1.2697416398929926,-0.008298802814695066
14890,-1.2697416399864758,-0.008298802814695066
14891,-1.2697416400794623,-0.008298802814695066
14892,-1.269741640144659,-0.008298802814695066
14893,-1.2697416402654462,-0.008298802814695066
14894,-1.269741640389818,-0.008298802814695066
14895,-1.2697416405673496,-0.008298802814695066
14896,-1.2697416407017792,-0.008298802814695066
14897,-1.2697416408680016,-0.008298802814695066
14898,-1.2697416411683853,-0.008298802814695066
14899,-1.2697416415626597,-0.008298802814695066
14900,-1.2697416416477598,-0.008298802814695066
14901,-1.2697416417520013,-0.008298802814695066
14902,-1.2697416418291234,-0.008298802814695066
14903,-1.2697416419187688,-0.008298802814695066
14904,-1.2697416419514784,-0.008298802814695066
14905,-1.2697416420751244,-0.008298802814695066
14906,-1.269741642084151,-0.008298802814695066
14907,-1.2697416421151204,-0.008298802814695066
14908,-1.2697416422021437,-0.008298802814695066
14909,-1.2697416424107868,-0.008298802814695066
14910,-1.2697416426875532,-0.008298802814695066
14911,-1.2697416427379933,-0.008298802814695066
14912,-1.2697416427513697,-0.008298802814695066
14913,-1.2697416428125183,-0.008298802814695066
14914,-1.269741642954655,-0.008298802814695066
14915,-1.2697416431435502,-0.008298802814695066
14916,-1.269741643552529,-0.008298802814695066
14917,-1.2697416436684512,-0.008298802814695066
14918,-1.2697416438176408,-0.008298802814695066
14919,-1.26974164402279,-0.008298802814695066
14920,-1.2697416441477405,-0.008298802814695066
14921,-1.2697416443269574,-0.008298802814695066
14922,-1.2697416443555476,-0.008298802814695066
14923,-1.2697416451186163,-0.008298802814695066
14924,-1.2697416453265353,-0.008298802814695066
14925,-1.2697416454078045,-0.008298802814695066
14926,-1.2697416457070152,-0.008298802814695066
14927,-1.269741645739216,-0.008298802814695066
14928,-1.2697416457517614,-0.008298802814695066
14929,-1.2697416458857484,-0.008298802814695066
14930,-1.2697416458938962,-0.008298802814695066
14931,-1.2697416460161235,-0.008298802814695066
14932,-1.2697416465048925,-0.008298802814695066
14933,-1.2697416465653717,-0.008298802814695066
14934,-1.2697416466936793,-0.008298802814695066
14935,-1.2697416467474487,-0.008298802814695066
14936,-1.2697416467489648,-0.008298802814695066
14937,-1.2697416468841245,-0.008298802814695066
14938,-1.269741646912784,-0.008298802814695066
14939,-1.2697416471033514,-0.008298802814695066
14940,-1.2697416472936334,-0.008298802814695066
14941,-1.269741647303582,-0.008298802814695066
14942,-1.2697416474668821,-0.008298802814695066
14943,-1.2697416478614094,-0.008298802814695066
14944,-1.2697416479142374,-0.008298802814695066
14945,-1.269741648168181,-0.008298802814695066
14946,-1.2697416484634838,-0.008298802814695066
14947,-1.2697416484783743,-0.008298802814695066
14948,-1.269741648564304,-0.008298802814695066
14949,-1.269741648700724,-0.008298802814695066
14950,-1.2697416487603674,-0.008298802814695066
14951,-1.2697416487993203,-0.008298802814695066
14952,-1.2697416488538782,-0.008298802814695066
14953,-1.2697416489734548,-0.008298802814695066
14954,-1.269741649045558,-0.008298802814695066
14955,-1.2697416491643554,-0.008298802814695066
14956,-1.2697416492556108,-0.008298802814695066
14957,-1.2697416493376772,-0.008298802814695066
14958,-1.269741649450561,-0.008298802814695066
14959,-1.269741649464392,-0.008298802814695066
14960,-1.269741649750093,-0.008298802814695066
14961,-1.26974164992987,-0.008298802814695066
14962,-1.2697416499365175,-0.008298802814695066
14963,-1.269741650001123,-0.008298802814695066
14964,-1.2697416502926318,-0.008298802814695066
14965,-1.2697416503069796,-0.008298802814695066
14966,-1.2697416504896826,-0.008298802814695066
14967,-1.2697416507459094,-0.008298802814695066
14968,-1.269741651045808,-0.008298802814695066
14969,-1.2697416511249253,-0.008298802814695066
14970,-1.2697416512157529,-0.008298802814695066
14971,-1.269741651257283,-0.008298802814695066
14972,-1.269741651277061,-0.008298802814695066
14973,-1.2697416514592945,-0.008298802814695066
14974,-1.2697416519795877,-0.008298802814695066
14975,-1.2697416521184874,-0.008298802814695066
14976,-1.269741652275248,-0.008298802814695066
14977,-1.2697416522973959,-0.008298802814695066
14978,-1.2697416523332061,-0.008298802814695066
14979,-1.2697416526493048,-0.008298802814695066
14980,-1.2697416529607561,-0.008298802814695066
14981,-1.2697416529954753,-0.008298802814695066
14982,-1.269741653069045,-0.008298802814695066
14983,-1.2697416534673065,-0.008298802814695066
14984,-1.2697416534866242,-0.008298802814695066
14985,-1.2697416536754251,-0.008298802814695066
14986,-1.2697416537434498,-0.008298802814695066
14987,-1.2697416537581618,-0.008298802814695066
14988,-1.2697416538473925,-0.008298802814695066
14989,-1.2697416539484017,-0.008298802814695066
14990,-1.269741654038381,-0.008298802814695066
14991,-1.2697416540784636,-0.008298802814695066
14992,-1.2697416541299682,-0.008298802814695066
14993,-1.2697416541790931,-0.008298802814695066
14994,-1.2697416542045974,-0.008298802814695066
14995,-1.2697416542388233,-0.008298802814695066
14996,-1.2697416542666065,-0.008298802814695066
14997,-1.2697416547558011,-0.008298802814695066
14998,-1.2697416553130716,-0.008298802814695066
14999,-1.2697416554172967,-0.008298802814695066
15000,-1.2697416554530796,-0.008298802814695066
15001,-1.2697416555321166,-0.008298802814695066
15002,-1.2697416556585515,-0.008298802814695066
15003,-1.2697416557120464,-0.008298802814695066
15004,-1.2697416557691625,-0.008298802814695066
15005,-1.2697416557905719,-0.008298802814695066
15006,-1.269741655876518,-0.008298802814695066
15007,-1.2697416560743566,-0.008298802814695066
15008,-1.2697416561240604,-0.008298802814695066
15009,-1.269741656128513,-0.008298802814695066
15010,-1.2697416561324766,-0.008298802814695066
15011,-1.269741656238093,-0.008298802814695066
15012,-1.269741656433848,-0.008298802814695066
15013,-1.2697416564806645,-0.008298802814695066
15014,-1.269741656489819,-0.008298802814695066
15015,-1.2697416565109119,-0.008298802814695066
15016,-1.2697416566081483,-0.008298802814695066
15017,-1.2697416568543378,-0.008298802814695066
15018,-1.2697416568658346,-0.008298802814695066
15019,-1.269741656900031,-0.008298802814695066
15020,-1.2697416572099798,-0.008298802814695066
15021,-1.2697416573793956,-0.008298802814695066
15022,-1.2697416574890152,-0.008298802814695066
15023,-1.269741657560518,-0.008298802814695066
15024,-1.2697416576217646,-0.008298802814695066
15025,-1.269741657840244,-0.008298802814695066
15026,-1.2697416578651834,-0.008298802814695066
15027,-1.269741657893054,-0.008298802814695066
15028,-1.2697416579161156,-0.008298802814695066
15029,-1.2697416579966645,-0.008298802814695066
15030,-1.2697416580950438,-0.008298802814695066
15031,-1.269741658110503,-0.008298802814695066
15032,-1.2697416583339691,-0.008298802814695066
15033,-1.2697416583630299,-0.008298802814695066
15034,-1.2697416585144274,-0.008298802814695066
15035,-1.2697416585302803,-0.008298802814695066
15036,-1.2697416589794437,-0.008298802814695066
15037,-1.2697416590603814,-0.008298802814695066
15038,-1.2697416592846338,-0.008298802814695066
15039,-1.2697416592862352,-0.008298802814695066
15040,-1.269741659348971,-0.008298802814695066
15041,-1.2697416598182558,-0.008298802814695066
15042,-1.2697416601217277,-0.008298802814695066
15043,-1.2697416601388314,-0.008298802814695066
15044,-1.2697416608285055,-0.008298802814695066
15045,-1.2697416609149768,-0.008298802814695066
15046,-1.2697416609212553,-0.008298802814695066
15047,-1.2697416612372763,-0.008298802814695066
15048,-1.26974166138783,-0.008298802814695066
15049,-1.2697416614355812,-0.008298802814695066
15050,-1.2697416615703354,-0.008298802814695066
15051,-1.2697416615857713,-0.008298802814695066
15052,-1.269741661869392,-0.008298802814695066
15053,-1.2697416619718007,-0.008298802814695066
15054,-1.2697416620619792,-0.008298802814695066
15055,-1.269741662147784,-0.008298802814695066
15056,-1.2697416621808568,-0.008298802814695066
15057,-1.2697416623680344,-0.008298802814695066
15058,-1.269741662571663,-0.008298802814695066
15059,-1.2697416627955642,-0.008298802814695066
15060,-1.2697416627996962,-0.008298802814695066
15061,-1.2697416632843603,-0.008298802814695066
15062,-1.2697416633094811,-0.008298802814695066
15063,-1.2697416634157574,-0.008298802814695066
15064,-1.2697416634728,-0.008298802814695066
15065,-1.2697416635555272,-0.008298802814695066
15066,-1.2697416635587453,-0.008298802814695066
15067,-1.2697416636680574,-0.008298802814695066
15068,-1.269741663739468,-0.008298802814695066
15069,-1.2697416637909515,-0.008298802814695066
15070,-1.269741663964483,-0.008298802814695066
15071,-1.2697416641195525,-0.008298802814695066
15072,-1.2697416641646606,-0.008298802814695066
15073,-1.2697416642824717,-0.008298802814695066
15074,-1.2697416643037935,-0.008298802814695066
15075,-1.2697416643480768,-0.008298802814695066
15076,-1.2697416644016064,-0.008298802814695066
15077,-1.2697416644923347,-0.008298802814695066
15078,-1.2697416648378832,-0.008298802814695066
15079,-1.2697416648707034,-0.008298802814695066
15080,-1.2697416650248416,-0.008298802814695066
15081,-1.2697416652029878,-0.008298802814695066
15082,-1.2697416652240632,-0.008298802814695066
15083,-1.2697416652421651,-0.008298802814695066
15084,-1.2697416653949705,-0.008298802814695066
15085,-1.2697416655875888,-0.008298802814695066
15086,-1.2697416656069132,-0.008298802814695066
15087,-1.2697416661191259,-0.008298802814695066
15088,-1.2697416661893781,-0.008298802814695066
15089,-1.2697416662199306,-0.008298802814695066
15090,-1.26974166628832,-0.008298802814695066
15091,-1.2697416662910221,-0.008298802814695066
15092,-1.2697416662989052,-0.008298802814695066
15093,-1.269741666326621,-0.008298802814695066
15094,-1.2697416663925645,-0.008298802814695066
15095,-1.2697416667152615,-0.008298802814695066
15096,-1.2697416668488906,-0.008298802814695066
15097,-1.2697416669356876,-0.008298802814695066
15098,-1.2697416669505008,-0.008298802814695066
15099,-1.2697416669626382,-0.008298802814695066
15100,-1.2697416670855197,-0.008298802814695066
15101,-1.269741667255781,-0.008298802814695066
15102,-1.269741667324697,-0.008298802814695066
15103,-1.2697416674408097,-0.008298802814695066
15104,-1.26974166749062,-0.008298802814695066
15105,-1.269741667831485,-0.008298802814695066
15106,-1.2697416679386109,-0.008298802814695066
15107,-1.2697416679427338,-0.008298802814695066
15108,-1.2697416683114506,-0.008298802814695066
15109,-1.269741668474823,-0.008298802814695066
15110,-1.2697416686921659,-0.008298802814695066
15111,-1.2697416687115792,-0.008298802814695066
15112,-1.2697416688746477,-0.008298802814695066
15113,-1.2697416688864422,-0.008298802814695066
15114,-1.2697416689865446,-0.008298802814695066
15115,-1.2697416692562702,-0.008298802814695066
15116,-1.2697416693598182,-0.008298802814695066
15117,-1.2697416694502617,-0.008298802814695066
15118,-1.269741669803989,-0.008298802814695066
15119,-1.2697416698160977,-0.008298802814695066
15120,-1.2697416699177877,-0.008298802814695066
15121,-1.2697416699577955,-0.008298802814695066
15122,-1.269741670020987,-0.008298802814695066
15123,-1.2697416703690112,-0.008298802814695066
15124,-1.269741670415656,-0.008298802814695066
15125,-1.2697416704201765,-0.008298802814695066
15126,-1.26974167043958,-0.008298802814695066
15127,-1.269741670444946,-0.008298802814695066
15128,-1.2697416704627669,-0.008298802814695066
15129,-1.2697416706413724,-0.008298802814695066
15130,-1.2697416707100104,-0.008298802814695066
15131,-1.269741670742295,-0.008298802814695066
15132,-1.2697416708099405,-0.008298802814695066
15133,-1.2697416709106308,-0.008298802814695066
15134,-1.2697416709234424,-0.008298802814695066
15135,-1.269741670927192,-0.008298802814695066
15136,-1.2697416713387129,-0.008298802814695066
15137,-1.2697416715212908,-0.008298802814695066
15138,-1.2697416715373369,-0.008298802814695066
15139,-1.269741671826301,-0.008298802814695066
15140,-1.2697416719070866,-0.008298802814695066
15141,-1.269741671909685,-0.008298802814695066
15142,-1.2697416719401253,-0.008298802814695066
15143,-1.2697416720922652,-0.008298802814695066
15144,-1.2697416721535224,-0.008298802814695066
15145,-1.269741672278742,-0.008298802814695066
15146,-1.2697416723294757,-0.008298802814695066
15147,-1.269741672512393,-0.008298802814695066
15148,-1.2697416726349593,-0.008298802814695066
15149,-1.269741672648698,-0.008298802814695066
15150,-1.2697416726750248,-0.008298802814695066
15151,-1.2697416727782012,-0.008298802814695066
15152,-1.2697416729271247,-0.008298802814695066
15153,-1.269741673125226,-0.008298802814695066
15154,-1.269741673359364,-0.008298802814695066
15155,-1.2697416734127693,-0.008298802814695066
15156,-1.2697416734274996,-0.008298802814695066
15157,-1.2697416734630143,-0.008298802814695066
15158,-1.269741673524972,-0.008298802814695066
15159,-1.2697416737209655,-0.008298802814695066
15160,-1.2697416739839826,-0.008298802814695066
15161,-1.2697416739991876,-0.008298802814695066
15162,-1.2697416740029641,-0.008298802814695066
15163,-1.2697416741448495,-0.008298802814695066
15164,-1.2697416742225869,-0.008298802814695066
15165,-1.2697416742660514,-0.008298802814695066
15166,-1.2697416743508754,-0.008298802814695066
15167,-1.2697416745782906,-0.008298802814695066
15168,-1.2697416748619703,-0.008298802814695066
15169,-1.269741675068835,-0.008298802814695066
15170,-1.2697416750928514,-0.008298802814695066
15171,-1.2697416752322674,-0.008298802814695066
15172,-1.2697416753375366,-0.008298802814695066
15173,-1.2697416753730404,-0.008298802814695066
15174,-1.2697416753819566,-0.008298802814695066
15175,-1.2697416754712223,-0.008298802814695066
15176,-1.2697416755014606,-0.008298802814695066
15177,-1.2697416755067608,-0.008298802814695066
15178,-1.269741675508244,-0.008298802814695066
15179,-1.2697416755444622,-0.008298802814695066
15180,-1.2697416755595703,-0.008298802814695066
15181,-1.2697416756738844,-0.008298802814695066
15182,-1.2697416756821203,-0.008298802814695066
15183,-1.2697416758502063,-0.008298802814695066
15184,-1.2697416758710722,-0.008298802814695066
15185,-1.2697416759254403,-0.008298802814695066
15186,-1.2697416762340876,-0.008298802814695066
15187,-1.2697416762721039,-0.008298802814695066
15188,-1.2697416763281473,-0.008298802814695066
15189,-1.269741676463326,-0.008298802814695066
15190,-1.2697416764863632,-0.008298802814695066
15191,-1.2697416765805678,-0.008298802814695066
15192,-1.2697416766454932,-0.008298802814695066
15193,-1.2697416766972571,-0.008298802814695066
15194,-1.2697416767775793,-0.008298802814695066
15195,-1.269741676808032,-0.008298802814695066
15196,-1.2697416769142236,-0.008298802814695066
15197,-1.2697416769336416,-0.008298802814695066
15198,-1.2697416769654184,-0.008298802814695066
15199,-1.2697416770543182,-0.008298802814695066
15200,-1.2697416772494061,-0.008298802814695066
15201,-1.2697416773550199,-0.008298802814695066
15202,-1.2697416774058978,-0.008298802814695066
15203,-1.2697416775034613,-0.008298802814695066
15204,-1.2697416775701547,-0.008298802814695066
15205,-1.269741677602826,-0.008298802814695066
15206,-1.2697416776683037,-0.008298802814695066
15207,-1.269741677704308,-0.008298802814695066
15208,-1.2697416777202415,-0.008298802814695066
15209,-1.269741677722416,-0.008298802814695066
15210,-1.2697416778621904,-0.008298802814695066
15211,-1.2697416778706108,-0.008298802814695066
15212,-1.2697416778960167,-0.008298802814695066
15213,-1.2697416779879904,-0.008298802814695066
15214,-1.2697416780201944,-0.008298802814695066
15215,-1.269741678067187,-0.008298802814695066
15216,-1.269741678285436,-0.008298802814695066
15217,-1.2697416782969904,-0.008298802814695066
15218,-1.2697416783189646,-0.008298802814695066
15219,-1.2697416783676334,-0.008298802814695066
15220,-1.2697416785474915,-0.008298802814695066
15221,-1.2697416786440059,-0.008298802814695066
15222,-1.2697416787145688,-0.008298802814695066
15223,-1.2697416787748717,-0.008298802814695066
15224,-1.2697416787991225,-0.008298802814695066
15225,-1.2697416787994857,-0.008298802814695066
15226,-1.2697416789897777,-0.008298802814695066
15227,-1.2697416790418012,-0.008298802814695066
15228,-1.269741679209083,-0.008298802814695066
15229,-1.269741679595683,-0.008298802814695066
15230,-1.2697416796140688,-0.008298802814695066
15231,-1.2697416796256928,-0.008298802814695066
15232,-1.2697416796444134,-0.008298802814695066
15233,-1.2697416799556578,-0.008298802814695066
15234,-1.2697416799991628,-0.008298802814695066
15235,-1.269741680029727,-0.008298802814695066
15236,-1.2697416801332575,-0.008298802814695066
15237,-1.2697416802621897,-0.008298802814695066
15238,-1.269741680365533,-0.008298802814695066
15239,-1.2697416806567867,-0.008298802814695066
15240,-1.2697416806764428,-0.008298802814695066
15241,-1.2697416807607795,-0.008298802814695066
15242,-1.2697416808101611,-0.008298802814695066
15243,-1.26974168081991,-0.008298802814695066
15244,-1.2697416808250517,-0.008298802814695066
15245,-1.2697416809388795,-0.008298802814695066
15246,-1.2697416809860795,-0.008298802814695066
15247,-1.2697416811221776,-0.008298802814695066
15248,-1.2697416811363396,-0.008298802814695066
15249,-1.269741681200723,-0.008298802814695066
15250,-1.2697416812307507,-0.008298802814695066
15251,-1.269741681340132,-0.008298802814695066
15252,-1.2697416813469484,-0.008298802814695066
15253,-1.269741681348086,-0.008298802814695066
15254,-1.269741681448131,-0.008298802814695066
15255,-1.2697416814886449,-0.008298802814695066
15256,-1.2697416815681526,-0.008298802814695066
15257,-1.2697416817137501,-0.008298802814695066
15258,-1.269741681932792,-0.008298802814695066
15259,-1.2697416821528433,-0.008298802814695066
15260,-1.2697416821638083,-0.008298802814695066
15261,-1.2697416821919736,-0.008298802814695066
15262,-1.2697416822989336,-0.008298802814695066
15263,-1.269741682322713,-0.008298802814695066
15264,-1.2697416823403718,-0.008298802814695066
15265,-1.2697416823954029,-0.008298802814695066
15266,-1.2697416823960361,-0.008298802814695066
15267,-1.2697416824079133,-0.008298802814695066
15268,-1.2697416827157777,-0.008298802814695066
15269,-1.269741682841104,-0.008298802814695066
15270,-1.269741683034189,-0.008298802814695066
15271,-1.2697416833269664,-0.008298802814695066
15272,-1.2697416833765505,-0.008298802814695066
15273,-1.2697416834655793,-0.008298802814695066
15274,-1.2697416835337636,-0.008298802814695066
15275,-1.269741683621483,-0.008298802814695066
15276,-1.2697416836643758,-0.008298802814695066
15277,-1.2697416838514033,-0.008298802814695066
15278,-1.2697416839188982,-0.008298802814695066
15279,-1.269741683924113,-0.008298802814695066
15280,-1.2697416840629054,-0.008298802814695066
15281,-1.269741684159484,-0.008298802814695066
15282,-1.2697416843583633,-0.008298802814695066
15283,-1.2697416843800253,-0.008298802814695066
15284,-1.2697416844531961,-0.008298802814695066
15285,-1.2697416845155023,-0.008298802814695066
15286,-1.2697416845745422,-0.008298802814695066
15287,-1.2697416846656995,-0.008298802814695066
15288,-1.2697416848069452,-0.008298802814695066
15289,-1.269741684944914,-0.008298802814695066
15290,-1.269741684992554,-0.008298802814695066
15291,-1.269741685024348,-0.008298802814695066
15292,-1.2697416851033876,-0.008298802814695066
15293,-1.2697416851345649,-0.008298802814695066
15294,-1.2697416851777652,-0.008298802814695066
15295,-1.2697416851785737,-0.008298802814695066
15296,-1.2697416852830241,-0.008298802814695066
15297,-1.2697416853975145,-0.008298802814695066
15298,-1.2697416854669956,-0.008298802814695066
15299,-1.269741685560436,-0.008298802814695066
15300,-1.2697416856616357,-0.008298802814695066
15301,-1.2697416856966,-0.008298802814695066
15302,-1.2697416857768675,-0.008298802814695066
15303,-1.269741685818877,-0.008298802814695066
15304,-1.2697416859184296,-0.008298802814695066
15305,-1.2697416860160025,-0.008298802814695066
15306,-1.2697416860882345,-0.008298802814695066
15307,-1.2697416861619484,-0.008298802814695066
15308,-1.2697416862335162,-0.008298802814695066
15309,-1.26974168625206,-0.008298802814695066
15310,-1.2697416863467155,-0.008298802814695066
15311,-1.2697416863769027,-0.008298802814695066
15312,-1.269741686524541,-0.008298802814695066
15313,-1.2697416866858433,-0.008298802814695066
15314,-1.2697416867501068,-0.008298802814695066
15315,-1.269741686870573,-0.008298802814695066
15316,-1.269741686873764,-0.008298802814695066
15317,-1.2697416868755171,-0.008298802814695066
15318,-1.2697416871487361,-0.008298802814695066
15319,-1.2697416871603406,-0.008298802814695066
15320,-1.2697416872401317,-0.008298802814695066
15321,-1.2697416872602936,-0.008298802814695066
15322,-1.2697416872856642,-0.008298802814695066
15323,-1.2697416873241574,-0.008298802814695066
15324,-1.269741687386147,-0.008298802814695066
15325,-1.2697416876667793,-0.008298802814695066
15326,-1.2697416877209335,-0.008298802814695066
15327,-1.269741687737016,-0.008298802814695066
15328,-1.2697416877579928,-0.008298802814695066
15329,-1.2697416878517616,-0.008298802814695066
15330,-1.2697416879395518,-0.008298802814695066
15331,-1.2697416879521102,-0.008298802814695066
15332,-1.2697416879601535,-0.008298802814695066
15333,-1.2697416879716026,-0.008298802814695066
15334,-1.269741687990542,-0.008298802814695066
15335,-1.2697416880020038,-0.008298802814695066
15336,-1.269741688031638,-0.008298802814695066
15337,-1.2697416880430439,-0.008298802814695066
15338,-1.2697416882038768,-0.008298802814695066
15339,-1.269741688243748,-0.008298802814695066
15340,-1.269741688267045,-0.008298802814695066
15341,-1.2697416884340031,-0.008298802814695066
15342,-1.2697416886586632,-0.008298802814695066
15343,-1.2697416886754007,-0.008298802814695066
15344,-1.2697416887673691,-0.008298802814695066
15345,-1.269741688832855,-0.008298802814695066
15346,-1.2697416888362096,-0.008298802814695066
15347,-1.269741688868718,-0.008298802814695066
15348,-1.2697416888930957,-0.008298802814695066
15349,-1.269741688940219,-0.008298802814695066
15350,-1.2697416889476651,-0.008298802814695066
15351,-1.2697416892107412,-0.008298802814695066
15352,-1.269741689222238,-0.008298802814695066
15353,-1.2697416892981934,-0.008298802814695066
15354,-1.269741689309566,-0.008298802814695066
15355,-1.2697416893155151,-0.008298802814695066
15356,-1.269741689369672,-0.008298802814695066
15357,-1.2697416894628453,-0.008298802814695066
15358,-1.2697416894855293,-0.008298802814695066
15359,-1.2697416894907478,-0.008298802814695066
15360,-1.2697416895343323,-0.008298802814695066
15361,-1.269741689618366,-0.008298802814695066
15362,-1.2697416896308833,-0.008298802814695066
15363,-1.2697416896816898,-0.008298802814695066
15364,-1.2697416896914566,-0.008298802814695066
15365,-1.2697416897134606,-0.008298802814695066
15366,-1.2697416897703693,-0.008298802814695066
15367,-1.2697416898689498,-0.008298802814695066
15368,-1.2697416899051561,-0.008298802814695066
15369,-1.2697416899360696,-0.008298802814695066
15370,-1.269741689946448,-0.008298802814695066
15371,-1.2697416899569227,-0.008298802814695066
15372,-1.2697416899757556,-0.008298802814695066
15373,-1.269741690021655,-0.008298802814695066
15374,-1.2697416901126213,-0.008298802814695066
15375,-1.2697416901167844,-0.008298802814695066
15376,-1.2697416903085368,-0.008298802814695066
15377,-1.269741690490878,-0.008298802814695066
15378,-1.2697416905006675,-0.008298802814695066
15379,-1.2697416905250467,-0.008298802814695066
15380,-1.2697416905743868,-0.008298802814695066
15381,-1.2697416906701218,-0.008298802814695066
15382,-1.2697416909170227,-0.008298802814695066
15383,-1.2697416909393957,-0.008298802814695066
15384,-1.269741690971214,-0.008298802814695066
15385,-1.2697416909925963,-0.008298802814695066
15386,-1.2697416910834756,-0.008298802814695066
15387,-1.2697416911151151,-0.008298802814695066
15388,-1.2697416912958357,-0.008298802814695066
15389,-1.2697416913344979,-0.008298802814695066
15390,-1.269741691404032,-0.008298802814695066
15391,-1.2697416915759172,-0.008298802814695066
15392,-1.2697416915869921,-0.008298802814695066
15393,-1.269741691618175,-0.008298802814695066
15394,-1.2697416916554185,-0.008298802814695066
15395,-1.2697416916847948,-0.008298802814695066
15396,-1.2697416917363686,-0.008298802814695066
15397,-1.2697416917699234,-0.008298802814695066
15398,-1.269741691785232,-0.008298802814695066
15399,-1.269741691838382,-0.008298802814695066
15400,-1.2697416918492261,-0.008298802814695066
15401,-1.2697416919159084,-0.008298802814695066
15402,-1.2697416919509759,-0.008298802814695066
15403,-1.2697416919762163,-0.008298802814695066
15404,-1.2697416920004243,-0.008298802814695066
15405,-1.2697416920598064,-0.008298802814695066
15406,-1.26974169208605,-0.008298802814695066
15407,-1.2697416920893203,-0.008298802814695066
15408,-1.2697416921052391,-0.008298802814695066
15409,-1.2697416921659312,-0.008298802814695066
15410,-1.2697416923593157,-0.008298802814695066
15411,-1.2697416924369214,-0.008298802814695066
15412,-1.269741692524986,-0.008298802814695066
15413,-1.269741692540679,-0.008298802814695066
15414,-1.2697416925992977,-0.008298802814695066
15415,-1.2697416926940512,-0.008298802814695066
15416,-1.2697416927400622,-0.008298802814695066
15417,-1.2697416927520937,-0.008298802814695066
15418,-1.2697416927782699,-0.008298802814695066
15419,-1.2697416929424112,-0.008298802814695066
15420,-1.2697416929876362,-0.008298802814695066
15421,-1.2697416931755354,-0.008298802814695066
15422,-1.2697416932372436,-0.008298802814695066
15423,-1.2697416933135164,-0.008298802814695066
15424,-1.2697416933294272,-0.008298802814695066
15425,-1.269741693391297,-0.008298802814695066
15426,-1.269741693395591,-0.008298802814695066
15427,-1.2697416936196502,-0.008298802814695066
15428,-1.2697416936203234,-0.008298802814695066
15429,-1.2697416936413704,-0.008298802814695066
15430,-1.2697416936698276,-0.008298802814695066
15431,-1.2697416937203398,-0.008298802814695066
15432,-1.269741693724578,-0.008298802814695066
15433,-1.269741693742434,-0.008298802814695066
15434,-1.2697416938342325,-0.008298802814695066
15435,-1.2697416939020458,-0.008298802814695066
15436,-1.2697416939063904,-0.008298802814695066
15437,-1.2697416940698254,-0.008298802814695066
15438,-1.2697416941349322,-0.008298802814695066
15439,-1.2697416941600483,-0.008298802814695066
15440,-1.2697416942006976,-0.008298802814695066
15441,-1.2697416942550657,-0.008298802814695066
15442,-1.2697416942931168,-0.008298802814695066
15443,-1.26974169429743,-0.008298802814695066
15444,-1.2697416943297126,-0.008298802814695066
15445,-1.2697416943458368,-0.008298802814695066
15446,-1.2697416944241051,-0.008298802814695066
15447,-1.269741694435585,-0.008298802814695066
15448,-1.2697416944468929,-0.008298802814695066
15449,-1.2697416945199607,-0.008298802814695066
15450,-1.2697416946135018,-0.008298802814695066
15451,-1.2697416946634932,-0.008298802814695066
15452,-1.2697416946654838,-0.008298802814695066
15453,-1.2697416947113858,-0.008298802814695066
15454,-1.2697416948289995,-0.008298802814695066
15455,-1.2697416948313969,-0.008298802814695066
15456,-1.2697416948476004,-0.008298802814695066
15457,-1.2697416949744118,-0.008298802814695066
15458,-1.2697416951242821,-0.008298802814695066
15459,-1.2697416951740528,-0.008298802814695066
15460,-1.2697416951912275,-0.008298802814695066
15461,-1.2697416952970935,-0.008298802814695066
15462,-1.2697416953207838,-0.008298802814695066
15463,-1.2697416955511514,-0.008298802814695066
15464,-1.2697416955699605,-0.008298802814695066
15465,-1.2697416955798213,-0.008298802814695066
15466,-1.2697416956814438,-0.008298802814695066
15467,-1.2697416957142496,-0.008298802814695066
15468,-1.2697416958634853,-0.008298802814695066
15469,-1.2697416958701766,-0.008298802814695066
15470,-1.2697416958838812,-0.008298802814695066
15471,-1.2697416959298349,-0.008298802814695066
15472,-1.2697416960974808,-0.008298802814695066
15473,-1.2697416962312298,-0.008298802814695066
15474,-1.269741696283526,-0.008298802814695066
15475,-1.2697416962913906,-0.008298802814695066
15476,-1.2697416963330053,-0.008298802814695066
15477,-1.2697416963851262,-0.008298802814695066
15478,-1.2697416964595072,-0.008298802814695066
15479,-1.269741696557207,-0.008298802814695066
15480,-1.269741696694244,-0.008298802814695066
15481,-1.2697416967693411,-0.008298802814695066
15482,-1.26974169677052,-0.008298802814695066
15483,-1.2697416968203346,-0.008298802814695066
15484,-1.2697416968349167,-0.008298802814695066
15485,-1.269741696846193,-0.008298802814695066
15486,-1.2697416969051525,-0.008298802814695066
15487,-1.2697416969530622,-0.008298802814695066
15488,-1.2697416970682696,-0.008298802814695066
15489,-1.269741697075635,-0.008298802814695066
15490,-1.269741697140243,-0.008298802814695066
15491,-1.2697416971894526,-0.008298802814695066
15492,-1.2697416972248554,-0.008298802814695066
15493,-1.269741697259526,-0.008298802814695066
15494,-1.2697416972846707,-0.008298802814695066
15495,-1.2697416973221167,-0.008298802814695066
15496,-1.2697416973456521,-0.008298802814695066
15497,-1.2697416973547775,-0.008298802814695066
15498,-1.2697416974678695,-0.008298802814695066
15499,-1.2697416974801774,-0.008298802814695066
15500,-1.2697416978116913,-0.008298802814695066
15501,-1.2697416978604892,-0.008298802814695066
15502,-1.2697416978819178,-0.008298802814695066
15503,-1.2697416979464593,-0.008298802814695066
15504,-1.2697416979895544,-0.008298802814695066
15505,-1.2697416980655893,-0.008298802814695066
15506,-1.2697416980918703,-0.008298802814695066
15507,-1.2697416981594332,-0.008298802814695066
15508,-1.2697416981750465,-0.008298802814695066
15509,-1.2697416981986347,-0.008298802814695066
15510,-1.2697416982034397,-0.008298802814695066
15511,-1.2697416982877257,-0.008298802814695066
15512,-1.2697416983533376,-0.008298802814695066
15513,-1.2697416983819934,-0.008298802814695066
15514,-1.269741698475822,-0.008298802814695066
15515,-1.2697416985528367,-0.008298802814695066
15516,-1.2697416985784056,-0.008298802814695066
15517,-1.2697416985959413,-0.008298802814695066
15518,-1.269741698718664,-0.008298802814695066
15519,-1.269741698755128,-0.008298802814695066
15520,-1.2697416989605035,-0.008298802814695066
15521,-1.2697416990156527,-0.008298802814695066
15522,-1.2697416990375006,-0.008298802814695066
15523,-1.2697416990465165,-0.008298802814695066
15524,-1.2697416990503154,-0.008298802814695066
15525,-1.2697416990733355,-0.008298802814695066
15526,-1.2697416990988104,-0.008298802814695066
15527,-1.2697416991848194,-0.008298802814695066
15528,-1.2697416992248067,-0.008298802814695066
15529,-1.2697416993056927,-0.008298802814695066
15530,-1.2697416993170751,-0.008298802814695066
15531,-1.2697416993720276,-0.008298802814695066
15532,-1.2697416994337387,-0.008298802814695066
15533,-1.2697416994949078,-0.008298802814695066
15534,-1.2697416995195194,-0.008298802814695066
15535,-1.2697416996266762,-0.008298802814695066
15536,-1.269741699648255,-0.008298802814695066
15537,-1.269741699651709,-0.008298802814695066
15538,-1.2697416997646875,-0.008298802814695066
15539,-1.2697416997908713,-0.008298802814695066
15540,-1.269741699948218,-0.008298802814695066
15541,-1.269741700053076,-0.008298802814695066
15542,-1.2697417000711664,-0.008298802814695066
15543,-1.269741700187624,-0.008298802814695066
15544,-1.2697417002654383,-0.008298802814695066
15545,-1.2697417003824223,-0.008298802814695066
15546,-1.2697417003987446,-0.008298802814695066
15547,-1.269741700461983,-0.008298802814695066
15548,-1.2697417007209426,-0.008298802814695066
15549,-1.2697417007447571,-0.008298802814695066
15550,-1.2697417008446519,-0.008298802814695066
15551,-1.26974170086469,-0.008298802814695066
15552,-1.2697417008862208,-0.008298802814695066
15553,-1.2697417009218621,-0.008298802814695066
15554,-1.2697417009593104,-0.008298802814695066
15555,-1.2697417009718424,-0.008298802814695066
15556,-1.269741700989856,-0.008298802814695066
15557,-1.269741701014174,-0.008298802814695066
15558,-1.269741701026709,-0.008298802814695066
15559,-1.2697417010708767,-0.008298802814695066
15560,-1.2697417011410252,-0.008298802814695066
15561,-1.2697417012133116,-0.008298802814695066
15562,-1.269741701298004,-0.008298802814695066
15563,-1.2697417013227483,-0.008298802814695066
15564,-1.2697417013684746,-0.008298802814695066
15565,-1.2697417013768055,-0.008298802814695066
15566,-1.2697417013971624,-0.008298802814695066
15567,-1.269741701458151,-0.008298802814695066
15568,-1.269741701459089,-0.008298802814695066
15569,-1.2697417014616725,-0.008298802814695066
15570,-1.2697417014954513,-0.008298802814695066
15571,-1.2697417014961694,-0.008298802814695066
15572,-1.2697417015312569,-0.008298802814695066
15573,-1.269741701534368,-0.008298802814695066
15574,-1.269741701538427,-0.008298802814695066
15575,-1.2697417016014394,-0.008298802814695066
15576,-1.2697417016647348,-0.008298802814695066
15577,-1.2697417016657213,-0.008298802814695066
15578,-1.2697417017455312,-0.008298802814695066
15579,-1.2697417017750676,-0.008298802814695066
15580,-1.2697417018092487,-0.008298802814695066
15581,-1.2697417018200359,-0.008298802814695066
15582,-1.2697417018203265,-0.008298802814695066
15583,-1.2697417018286452,-0.008298802814695066
15584,-1.2697417018936128,-0.008298802814695066
15585,-1.2697417020072228,-0.008298802814695066
15586,-1.269741702080284,-0.008298802814695066
15587,-1.2697417020935275,-0.008298802814695066
15588,-1.269741702102131,-0.008298802814695066
15589,-1.2697417023025945,-0.008298802814695066
15590,-1.2697417023604165,-0.008298802814695066
15591,-1.2697417024234467,-0.008298802814695066
15592,-1.26974170246219,-0.008298802814695066
15593,-1.269741702497485,-0.008298802814695066
15594,-1.2697417025375088,-0.008298802814695066
15595,-1.2697417025810713,-0.008298802814695066
15596,-1.2697417025968822,-0.008298802814695066
15597,-1.2697417026342885,-0.008298802814695066
15598,-1.2697417027128428,-0.008298802814695066
15599,-1.2697417027502007,-0.008298802814695066
15600,-1.2697417027525042,-0.008298802814695066
15601,-1.269741702757428,-0.008298802814695066
15602,-1.269741702839379,-0.008298802814695066
15603,-1.2697417029236435,-0.008298802814695066
15604,-1.2697417029549931,-0.008298802814695066
15605,-1.2697417029576097,-0.008298802814695066
15606,-1.269741703133798,-0.008298802814695066
15607,-1.2697417032271459,-0.008298802814695066
15608,-1.2697417032354967,-0.008298802814695066
15609,-1.2697417032767073,-0.008298802814695066
15610,-1.2697417033515377,-0.008298802814695066
15611,-1.2697417034527634,-0.008298802814695066
15612,-1.2697417035090748,-0.008298802814695066
15613,-1.2697417035758305,-0.008298802814695066
15614,-1.269741703579337,-0.008298802814695066
15615,-1.269741703590321,-0.008298802814695066
15616,-1.2697417036508545,-0.008298802814695066
15617,-1.2697417036669558,-0.008298802814695066
15618,-1.2697417037688012,-0.008298802814695066
15619,-1.2697417038188856,-0.008298802814695066
15620,-1.2697417038606407,-0.008298802814695066
15621,-1.2697417039238301,-0.008298802814695066
15622,-1.2697417039772096,-0.008298802814695066
15623,-1.26974170404215,-0.008298802814695066
15624,-1.2697417040964036,-0.008298802814695066
15625,-1.2697417041313397,-0.008298802814695066
15626,-1.2697417041589614,-0.008298802814695066
15627,-1.2697417042953718,-0.008298802814695066
15628,-1.2697417043816879,-0.008298802814695066
15629,-1.2697417043854455,-0.008298802814695066
15630,-1.2697417044510122,-0.008298802814695066
15631,-1.2697417044535495,-0.008298802814695066
15632,-1.2697417044613297,-0.008298802814695066
15633,-1.2697417044974644,-0.008298802814695066
15634,-1.2697417045252066,-0.008298802814695066
15635,-1.2697417046314037,-0.008298802814695066
15636,-1.2697417047721395,-0.008298802814695066
15637,-1.2697417047950883,-0.008298802814695066
15638,-1.2697417048684208,-0.008298802814695066
15639,-1.2697417048705852,-0.008298802814695066
15640,-1.2697417050258817,-0.008298802814695066
15641,-1.2697417050645379,-0.008298802814695066
15642,-1.2697417052362028,-0.008298802814695066
15643,-1.2697417053629132,-0.008298802814695066
15644,-1.2697417053831104,-0.008298802814695066
15645,-1.2697417053882853,-0.008298802814695066
15646,-1.2697417053931699,-0.008298802814695066
15647,-1.2697417054413345,-0.008298802814695066
15648,-1.2697417055248517,-0.008298802814695066
15649,-1.2697417055541367,-0.008298802814695066
15650,-1.2697417055583289,-0.008298802814695066
15651,-1.2697417056350737,-0.008298802814695066
15652,-1.2697417057406852,-0.008298802814695066
15653,-1.2697417057591973,-0.008298802814695066
15654,-1.2697417057833493,-0.008298802814695066
15655,-1.2697417058129554,-0.008298802814695066
15656,-1.2697417058358975,-0.008298802814695066
15657,-1.2697417058662925,-0.008298802814695066
15658,-1.269741705907543,-0.008298802814695066
15659,-1.2697417059130025,-0.008298802814695066
15660,-1.2697417059448508,-0.008298802814695066
15661,-1.2697417059689344,-0.008298802814695066
15662,-1.2697417059752714,-0.008298802814695066
15663,-1.269741706242716,-0.008298802814695066
15664,-1.2697417063016747,-0.008298802814695066
15665,-1.2697417064691512,-0.008298802814695066
15666,-1.2697417065665895,-0.008298802814695066
15667,-1.2697417065703183,-0.008298802814695066
15668,-1.2697417066963528,-0.008298802814695066
15669,-1.2697417067251546,-0.008298802814695066
15670,-1.2697417067329415,-0.008298802814695066
15671,-1.269741706769533,-0.008298802814695066
15672,-1.2697417067871777,-0.008298802814695066
15673,-1.269741706873923,-0.008298802814695066
15674,-1.2697417069637758,-0.008298802814695066
15675,-1.2697417069826438,-0.008298802814695066
15676,-1.2697417070081491,-0.008298802814695066
15677,-1.269741707051245,-0.008298802814695066
15678,-1.2697417070596244,-0.008298802814695066
15679,-1.2697417070774193,-0.008298802814695066
15680,-1.2697417070793129,-0.008298802814695066
15681,-1.2697417071296542,-0.008298802814695066
15682,-1.2697417072450237,-0.008298802814695066
15683,-1.269741707369359,-0.008298802814695066
15684,-1.2697417074059767,-0.008298802814695066
15685,-1.2697417074395958,-0.008298802814695066
15686,-1.2697417076502404,-0.008298802814695066
15687,-1.269741707708996,-0.008298802814695066
15688,-1.2697417077253075,-0.008298802814695066
15689,-1.2697417079032611,-0.008298802814695066
15690,-1.2697417079180422,-0.008298802814695066
15691,-1.2697417079586057,-0.008298802814695066
15692,-1.2697417080441562,-0.008298802814695066
15693,-1.2697417080715594,-0.008298802814695066
15694,-1.26974170808604,-0.008298802814695066
15695,-1.2697417080907436,-0.008298802814695066
15696,-1.269741708269239,-0.008298802814695066
15697,-1.2697417083303308,-0.008298802814695066
15698,-1.2697417083506817,-0.008298802814695066
15699,-1.2697417083756468,-0.008298802814695066
15700,-1.2697417084086204,-0.008298802814695066
15701,-1.2697417084828055,-0.008298802814695066
15702,-1.269741708491293,-0.008298802814695066
15703,-1.2697417085110438,-0.008298802814695066
15704,-1.2697417085199119,-0.008298802814695066
15705,-1.2697417085450997,-0.008298802814695066
15706,-1.2697417086142835,-0.008298802814695066
15707,-1.2697417086162133,-0.008298802814695066
15708,-1.2697417086403042,-0.008298802814695066
15709,-1.2697417086431386,-0.008298802814695066
15710,-1.2697417086971527,-0.008298802814695066
15711,-1.2697417087694842,-0.008298802814695066
15712,-1.2697417087789882,-0.008298802814695066
15713,-1.2697417089055993,-0.008298802814695066
15714,-1.2697417089792489,-0.008298802814695066
15715,-1.2697417090000827,-0.008298802814695066
15716,-1.2697417090200471,-0.008298802814695066
15717,-1.2697417090400607,-0.008298802814695066
15718,-1.2697417090573986,-0.008298802814695066
15719,-1.269741709136178,-0.008298802814695066
15720,-1.2697417091772807,-0.008298802814695066
15721,-1.2697417091779541,-0.008298802814695066
15722,-1.2697417092194523,-0.008298802814695066
15723,-1.26974170922775,-0.008298802814695066
15724,-1.269741709266616,-0.008298802814695066
15725,-1.2697417092902217,-0.008298802814695066
15726,-1.2697417093552932,-0.008298802814695066
15727,-1.2697417093592283,-0.008298802814695066
15728,-1.2697417094270151,-0.008298802814695066
15729,-1.2697417094360923,-0.008298802814695066
15730,-1.2697417094626813,-0.008298802814695066
15731,-1.2697417095806058,-0.008298802814695066
15732,-1.2697417096254706,-0.008298802814695066
15733,-1.2697417097532293,-0.008298802814695066
15734,-1.2697417097582402,-0.008298802814695066
15735,-1.2697417097649284,-0.008298802814695066
15736,-1.2697417098175126,-0.008298802814695066
15737,-1.269741709859312,-0.008298802814695066
15738,-1.2697417098796404,-0.008298802814695066
15739,-1.2697417098934334,-0.008298802814695066
15740,-1.269741709901989,-0.008298802814695066
15741,-1.2697417099518746,-0.008298802814695066
15742,-1.2697417100122748,-0.008298802814695066
15743,-1.2697417100314932,-0.008298802814695066
15744,-1.2697417100761683,-0.008298802814695066
15745,-1.269741710089709,-0.008298802814695066
15746,-1.2697417101919757,-0.008298802814695066
15747,-1.2697417101926392,-0.008298802814695066
15748,-1.2697417103899438,-0.008298802814695066
15749,-1.2697417104475637,-0.008298802814695066
15750,-1.2697417104658806,-0.008298802814695066
15751,-1.2697417104706255,-0.008298802814695066
15752,-1.2697417106511881,-0.008298802814695066
15753,-1.2697417106817697,-0.008298802814695066
15754,-1.269741710684814,-0.008298802814695066
15755,-1.2697417107517643,-0.008298802814695066
15756,-1.269741710774334,-0.008298802814695066
15757,-1.2697417108139935,-0.008298802814695066
15758,-1.2697417110843314,-0.008298802814695066
15759,-1.2697417111056337,-0.008298802814695066
15760,-1.269741711167195,-0.008298802814695066
15761,-1.269741711274423,-0.008298802814695066
15762,-1.2697417113753304,-0.008298802814695066
15763,-1.269741711428023,-0.008298802814695066
15764,-1.2697417114372207,-0.008298802814695066
15765,-1.2697417114421654,-0.008298802814695066
15766,-1.269741711482756,-0.008298802814695066
15767,-1.2697417115075336,-0.008298802814695066
15768,-1.2697417115131615,-0.008298802814695066
15769,-1.2697417115353755,-0.008298802814695066
15770,-1.269741711535712,-0.008298802814695066
15771,-1.2697417115395433,-0.008298802814695066
15772,-1.2697417116275063,-0.008298802814695066
15773,-1.269741711657351,-0.008298802814695066
15774,-1.2697417116783014,-0.008298802814695066
15775,-1.2697417116862848,-0.008298802814695066
15776,-1.269741711722739,-0.008298802814695066
15777,-1.2697417118126484,-0.008298802814695066
15778,-1.2697417118543108,-0.008298802814695066
15779,-1.2697417118784977,-0.008298802814695066
15780,-1.269741711896161,-0.008298802814695066
15781,-1.269741711904173,-0.008298802814695066
15782,-1.2697417119156003,-0.008298802814695066
15783,-1.269741711930465,-0.008298802814695066
15784,-1.2697417120262067,-0.008298802814695066
15785,-1.2697417120718213,-0.008298802814695066
15786,-1.2697417121055603,-0.008298802814695066
15787,-1.2697417121090782,-0.008298802814695066
15788,-1.2697417121266756,-0.008298802814695066
15789,-1.2697417121666954,-0.008298802814695066
15790,-1.2697417121973118,-0.008298802814695066
15791,-1.2697417122002923,-0.008298802814695066
15792,-1.2697417122326295,-0.008298802814695066
15793,-1.26974171228256,-0.008298802814695066
15794,-1.2697417123315027,-0.008298802814695066
15795,-1.2697417124070534,-0.008298802814695066
15796,-1.2697417124284867,-0.008298802814695066
15797,-1.2697417124825185,-0.008298802814695066
15798,-1.2697417125196957,-0.008298802814695066
15799,-1.2697417125819774,-0.008298802814695066
15800,-1.2697417125821833,-0.008298802814695066
15801,-1.269741712627484,-0.008298802814695066
15802,-1.2697417126293498,-0.008298802814695066
15803,-1.2697417126685808,-0.008298802814695066
15804,-1.2697417126888282,-0.008298802814695066
15805,-1.2697417126957364,-0.008298802814695066
15806,-1.269741712727498,-0.008298802814695066
15807,-1.2697417128003885,-0.008298802814695066
15808,-1.2697417128866881,-0.008298802814695066
15809,-1.2697417128925341,-0.008298802814695066
15810,-1.269741712903078,-0.008298802814695066
15811,-1.2697417129364723,-0.008298802814695066
15812,-1.2697417129367252,-0.008298802814695066
15813,-1.269741712949065,-0.008298802814695066
15814,-1.269741712990791,-0.008298802814695066
15815,-1.269741712992828,-0.008298802814695066
15816,-1.2697417130531117,-0.008298802814695066
15817,-1.2697417130734563,-0.008298802814695066
15818,-1.2697417131401116,-0.008298802814695066
15819,-1.2697417131982758,-0.008298802814695066
15820,-1.269741713225591,-0.008298802814695066
15821,-1.2697417132386886,-0.008298802814695066
15822,-1.2697417132571203,-0.008298802814695066
15823,-1.2697417133197413,-0.008298802814695066
15824,-1.269741713346519,-0.008298802814695066
15825,-1.2697417133893083,-0.008298802814695066
15826,-1.2697417134017848,-0.008298802814695066
15827,-1.2697417134490983,-0.008298802814695066
15828,-1.2697417135341582,-0.008298802814695066
15829,-1.2697417135459101,-0.008298802814695066
15830,-1.2697417135545324,-0.008298802814695066
15831,-1.2697417136057751,-0.008298802814695066
15832,-1.2697417136382234,-0.008298802814695066
15833,-1.269741713720327,-0.008298802814695066
15834,-1.2697417137307903,-0.008298802814695066
15835,-1.2697417137434255,-0.008298802814695066
15836,-1.269741713743663,-0.008298802814695066
15837,-1.2697417137519533,-0.008298802814695066
15838,-1.2697417137683702,-0.008298802814695066
15839,-1.269741713799946,-0.008298802814695066
15840,-1.2697417138613512,-0.008298802814695066
15841,-1.2697417138657212,-0.008298802814695066
15842,-1.2697417139078175,-0.008298802814695066
15843,-1.2697417139103135,-0.008298802814695066
15844,-1.269741713928785,-0.008298802814695066
15845,-1.2697417139406195,-0.008298802814695066
15846,-1.269741713987466,-0.008298802814695066
15847,-1.2697417140062968,-0.008298802814695066
15848,-1.269741714014644,-0.008298802814695066
15849,-1.2697417140299725,-0.008298802814695066
15850,-1.2697417140745921,-0.008298802814695066
15851,-1.2697417141840805,-0.008298802814695066
15852,-1.2697417142191405,-0.008298802814695066
15853,-1.2697417142258023,-0.008298802814695066
15854,-1.2697417142311698,-0.008298802814695066
15855,-1.2697417142849488,-0.008298802814695066
15856,-1.2697417143497955,-0.008298802814695066
15857,-1.269741714373212,-0.008298802814695066
15858,-1.2697417144695893,-0.008298802814695066
15859,-1.2697417145206906,-0.008298802814695066
15860,-1.2697417145294547,-0.008298802814695066
15861,-1.269741714567857,-0.008298802814695066
15862,-1.269741714571788,-0.008298802814695066
15863,-1.2697417146051913,-0.008298802814695066
15864,-1.269741714611818,-0.008298802814695066
15865,-1.2697417146216334,-0.008298802814695066
15866,-1.269741714710985,-0.008298802814695066
15867,-1.2697417147157462,-0.008298802814695066
15868,-1.2697417148082346,-0.008298802814695066
15869,-1.2697417148229664,-0.008298802814695066
15870,-1.2697417148303836,-0.008298802814695066
15871,-1.269741714864257,-0.008298802814695066
15872,-1.2697417148791963,-0.008298802814695066
15873,-1.2697417149307821,-0.008298802814695066
15874,-1.2697417150164343,-0.008298802814695066
15875,-1.2697417150372539,-0.008298802814695066
15876,-1.26974171504866,-0.008298802814695066
15877,-1.2697417151070787,-0.008298802814695066
15878,-1.2697417151813308,-0.008298802814695066
15879,-1.2697417151994639,-0.008298802814695066
15880,-1.2697417152433947,-0.008298802814695066
15881,-1.2697417152465298,-0.008298802814695066
15882,-1.2697417153005808,-0.008298802814695066
15883,-1.2697417153122315,-0.008298802814695066
15884,-1.2697417153490986,-0.008298802814695066
15885,-1.269741715391504,-0.008298802814695066
15886,-1.2697417154060846,-0.008298802814695066
15887,-1.2697417154248352,-0.008298802814695066
15888,-1.2697417154418473,-0.008298802814695066
15889,-1.2697417155405417,-0.008298802814695066
15890,-1.2697417155541368,-0.008298802814695066
15891,-1.2697417155806217,-0.008298802814695066
15892,-1.2697417156171806,-0.008298802814695066
15893,-1.2697417156589503,-0.008298802814695066
15894,-1.2697417157318474,-0.008298802814695066
15895,-1.2697417157473403,-0.008298802814695066
15896,-1.2697417157568087,-0.008298802814695066
15897,-1.2697417157935966,-0.008298802814695066
15898,-1.2697417159157185,-0.008298802814695066
15899,-1.2697417159372244,-0.008298802814695066
15900,-1.2697417159592121,-0.008298802814695066
15901,-1.269741715968388,-0.008298802814695066
15902,-1.269741715970449,-0.008298802814695066
15903,-1.2697417160056017,-0.008298802814695066
15904,-1.2697417160384123,-0.008298802814695066
15905,-1.2697417160665312,-0.008298802814695066
15906,-1.269741716067838,-0.008298802814695066
15907,-1.269741716091795,-0.008298802814695066
15908,-1.2697417161519278,-0.008298802814695066
15909,-1.2697417161754327,-0.008298802814695066
15910,-1.2697417162663918,-0.008298802814695066
15911,-1.2697417162726001,-0.008298802814695066
15912,-1.269741716312572,-0.008298802814695066
15913,-1.2697417163404658,-0.008298802814695066
15914,-1.2697417163420928,-0.008298802814695066
15915,-1.2697417164116471,-0.008298802814695066
15916,-1.2697417164166598,-0.008298802814695066
15917,-1.2697417164466223,-0.008298802814695066
15918,-1.2697417165277594,-0.008298802814695066
15919,-1.2697417165708704,-0.008298802814695066
15920,-1.2697417165855978,-0.008298802814695066
15921,-1.2697417165949973,-0.008298802814695066
15922,-1.2697417166005118,-0.008298802814695066
15923,-1.2697417166363687,-0.008298802814695066
15924,-1.2697417166545781,-0.008298802814695066
15925,-1.2697417167075151,-0.008298802814695066
15926,-1.2697417167714788,-0.008298802814695066
15927,-1.269741716802218,-0.008298802814695066
15928,-1.2697417168056426,-0.008298802814695066
15929,-1.269741716807184,-0.008298802814695066
15930,-1.2697417168238534,-0.008298802814695066
15931,-1.2697417168269693,-0.008298802814695066
15932,-1.2697417168455993,-0.008298802814695066
15933,-1.2697417168504135,-0.008298802814695066
15934,-1.2697417168601606,-0.008298802814695066
15935,-1.2697417168643876,-0.008298802814695066
15936,-1.2697417168806302,-0.008298802814695066
15937,-1.2697417169005405,-0.008298802814695066
15938,-1.2697417169147185,-0.008298802814695066
15939,-1.2697417169255192,-0.008298802814695066
15940,-1.2697417169339547,-0.008298802814695066
15941,-1.2697417169409344,-0.008298802814695066
15942,-1.2697417169914558,-0.008298802814695066
15943,-1.2697417170289154,-0.008298802814695066
15944,-1.26974171703495,-0.008298802814695066
15945,-1.2697417170601835,-0.008298802814695066
15946,-1.2697417171372867,-0.008298802814695066
15947,-1.269741717155426,-0.008298802814695066
15948,-1.2697417171861405,-0.008298802814695066
15949,-1.2697417172041794,-0.008298802814695066
15950,-1.2697417172463323,-0.008298802814695066
15951,-1.2697417173353154,-0.008298802814695066
15952,-1.2697417173801941,-0.008298802814695066
15953,-1.269741717391933,-0.008298802814695066
15954,-1.2697417174086691,-0.008298802814695066
15955,-1.269741717417057,-0.008298802814695066
15956,-1.2697417174931003,-0.008298802814695066
15957,-1.2697417175641124,-0.008298802814695066
15958,-1.2697417176183663,-0.008298802814695066
15959,-1.2697417176341235,-0.008298802814695066
15960,-1.2697417176620165,-0.008298802814695066
15961,-1.26974171766403,-0.008298802814695066
15962,-1.2697417176893153,-0.008298802814695066
15963,-1.2697417177742838,-0.008298802814695066
15964,-1.2697417178033743,-0.008298802814695066
15965,-1.2697417178112107,-0.008298802814695066
15966,-1.269741717842901,-0.008298802814695066
15967,-1.2697417178707804,-0.008298802814695066
15968,-1.2697417178717516,-0.008298802814695066
15969,-1.269741717922251,-0.008298802814695066
15970,-1.2697417179401427,-0.008298802814695066
15971,-1.2697417179851676,-0.008298802814695066
15972,-1.2697417180062338,-0.008298802814695066
15973,-1.2697417180316923,-0.008298802814695066
15974,-1.2697417180332309,-0.008298802814695066
15975,-1.2697417180393662,-0.008298802814695066
15976,-1.2697417180453212,-0.008298802814695066
15977,-1.2697417180819508,-0.008298802814695066
15978,-1.2697417180865758,-0.008298802814695066
15979,-1.2697417181316952,-0.008298802814695066
15980,-1.2697417181559443,-0.008298802814695066
15981,-1.2697417181669972,-0.008298802814695066
15982,-1.2697417181685846,-0.008298802814695066
15983,-1.2697417181707196,-0.008298802814695066
15984,-1.2697417182144102,-0.008298802814695066
15985,-1.269741718229339,-0.008298802814695066
15986,-1.2697417182441557,-0.008298802814695066
15987,-1.2697417182503778,-0.008298802814695066
15988,-1.2697417182809132,-0.008298802814695066
15989,-1.2697417182855095,-0.008298802814695066
15990,-1.2697417183006974,-0.008298802814695066
15991,-1.2697417183019906,-0.008298802814695066
15992,-1.2697417183800792,-0.008298802814695066
15993,-1.2697417183943656,-0.008298802814695066
15994,-1.2697417183996107,-0.008298802814695066
15995,-1.269741718444394,-0.008298802814695066
15996,-1.2697417185349449,-0.008298802814695066
15997,-1.2697417185470383,-0.008298802814695066
15998,-1.2697417185491704,-0.008298802814695066
15999,-1.269741718553349,-0.008298802814695066
16000,-1.2697417185613595,-0.008298802814695066
16001,-1.2697417185977309,-0.008298802814695066
16002,-1.2697417186066544,-0.008298802814695066
16003,-1.2697417187494058,-0.008298802814695066
16004,-1.269741718806193,-0.008298802814695066
16005,-1.2697417188241997,-0.008298802814695066
16006,-1.2697417188418176,-0.008298802814695066
16007,-1.2697417188570888,-0.008298802814695066
16008,-1.269741718907501,-0.008298802814695066
16009,-1.2697417189114155,-0.008298802814695066
16010,-1.269741718916636,-0.008298802814695066
16011,-1.2697417189252973,-0.008298802814695066
16012,-1.2697417189593077,-0.008298802814695066
16013,-1.2697417189748146,-0.008298802814695066
16014,-1.26974171898711,-0.008298802814695066
16015,-1.2697417189968667,-0.008298802814695066
16016,-1.2697417190025553,-0.008298802814695066
16017,-1.2697417190249725,-0.008298802814695066
16018,-1.2697417191941156,-0.008298802814695066
16019,-1.2697417192124176,-0.008298802814695066
16020,-1.269741719215664,-0.008298802814695066
16021,-1.2697417192599345,-0.008298802814695066
16022,-1.2697417193385896,-0.008298802814695066
16023,-1.2697417193539047,-0.008298802814695066
16024,-1.2697417194067828,-0.008298802814695066
16025,-1.269741719415935,-0.008298802814695066
16026,-1.269741719416417,-0.008298802814695066
16027,-1.2697417194607419,-0.008298802814695066
16028,-1.2697417194690155,-0.008298802814695066
16029,-1.2697417195343046,-0.008298802814695066
16030,-1.2697417195483118,-0.008298802814695066
16031,-1.2697417195530636,-0.008298802814695066
16032,-1.2697417195653846,-0.008298802814695066
16033,-1.269741719591577,-0.008298802814695066
16034,-1.2697417196413627,-0.008298802814695066
16035,-1.2697417196866052,-0.008298802814695066
16036,-1.2697417197588194,-0.008298802814695066
16037,-1.2697417198011034,-0.008298802814695066
16038,-1.2697417198044354,-0.008298802814695066
16039,-1.2697417198269512,-0.008298802814695066
16040,-1.269741719828441,-0.008298802814695066
16041,-1.2697417198895906,-0.008298802814695066
16042,-1.2697417199880494,-0.008298802814695066
16043,-1.269741719997211,-0.008298802814695066
16044,-1.2697417200109378,-0.008298802814695066
16045,-1.2697417200133871,-0.008298802814695066
16046,-1.269741720025679,-0.008298802814695066
16047,-1.2697417200378414,-0.008298802814695066
16048,-1.2697417200386842,-0.008298802814695066
16049,-1.2697417200442498,-0.008298802814695066
16050,-1.2697417200504701,-0.008298802814695066
16051,-1.2697417200547136,-0.008298802814695066
16052,-1.2697417200652317,-0.008298802814695066
16053,-1.2697417201713515,-0.008298802814695066
16054,-1.2697417201818508,-0.008298802814695066
16055,-1.269741720195782,-0.008298802814695066
16056,-1.269741720214288,-0.008298802814695066
16057,-1.2697417202507617,-0.008298802814695066
16058,-1.2697417202862842,-0.008298802814695066
16059,-1.269741720286544,-0.008298802814695066
16060,-1.2697417203001338,-0.008298802814695066
16061,-1.2697417203237267,-0.008298802814695066
16062,-1.2697417203271306,-0.008298802814695066
16063,-1.2697417203430976,-0.008298802814695066
16064,-1.269741720345478,-0.008298802814695066
16065,-1.269741720346953,-0.008298802814695066
16066,-1.269741720362622,-0.008298802814695066
16067,-1.2697417203662127,-0.008298802814695066
16068,-1.2697417203895487,-0.008298802814695066
16069,-1.2697417203959525,-0.008298802814695066
16070,-1.269741720400095,-0.008298802814695066
16071,-1.2697417204390482,-0.008298802814695066
16072,-1.2697417204677164,-0.008298802814695066
16073,-1.2697417205753387,-0.008298802814695066
16074,-1.2697417206041475,-0.008298802814695066
16075,-1.269741720668271,-0.008298802814695066
16076,-1.2697417206699222,-0.008298802814695066
16077,-1.2697417206875998,-0.008298802814695066
16078,-1.2697417207298343,-0.008298802814695066
16079,-1.2697417207922437,-0.008298802814695066
16080,-1.2697417208043844,-0.008298802814695066
16081,-1.2697417208182942,-0.008298802814695066
16082,-1.269741720890337,-0.008298802814695066
16083,-1.269741720955424,-0.008298802814695066
16084,-1.2697417209936148,-0.008298802814695066
16085,-1.2697417210142652,-0.008298802814695066
16086,-1.2697417210275026,-0.008298802814695066
16087,-1.2697417210304027,-0.008298802814695066
16088,-1.2697417210367175,-0.008298802814695066
16089,-1.2697417210556872,-0.008298802814695066
16090,-1.2697417210679778,-0.008298802814695066
16091,-1.2697417210686957,-0.008298802814695066
16092,-1.2697417211379394,-0.008298802814695066
16093,-1.2697417211485553,-0.008298802814695066
16094,-1.269741721223271,-0.008298802814695066
16095,-1.2697417212470599,-0.008298802814695066
16096,-1.269741721264518,-0.008298802814695066
16097,-1.269741721281771,-0.008298802814695066
16098,-1.2697417213054485,-0.008298802814695066
16099,-1.2697417213181303,-0.008298802814695066
16100,-1.2697417213243858,-0.008298802814695066
16101,-1.2697417213363447,-0.008298802814695066
16102,-1.2697417213497828,-0.008298802814695066
16103,-1.2697417213700897,-0.008298802814695066
16104,-1.2697417213886069,-0.008298802814695066
16105,-1.269741721410571,-0.008298802814695066
16106,-1.26974172144357,-0.008298802814695066
16107,-1.2697417214806668,-0.008298802814695066
16108,-1.2697417214815994,-0.008298802814695066
16109,-1.26974172151067,-0.008298802814695066
16110,-1.269741721561244,-0.008298802814695066
16111,-1.2697417215639804,-0.008298802814695066
16112,-1.26974172156589,-0.008298802814695066
16113,-1.2697417215788882,-0.008298802814695066
16114,-1.2697417215895854,-0.008298802814695066
16115,-1.2697417215970352,-0.008298802814695066
16116,-1.2697417216148486,-0.008298802814695066
16117,-1.2697417216487572,-0.008298802814695066
16118,-1.2697417216791247,-0.008298802814695066
16119,-1.2697417216843936,-0.008298802814695066
16120,-1.2697417217023177,-0.008298802814695066
16121,-1.2697417217267828,-0.008298802814695066
16122,-1.2697417217284614,-0.008298802814695066
16123,-1.269741721741628,-0.008298802814695066
16124,-1.2697417218415183,-0.008298802814695066
16125,-1.2697417218418208,-0.008298802814695066
16126,-1.2697417218534433,-0.008298802814695066
16127,-1.2697417218573173,-0.008298802814695066
16128,-1.2697417218649383,-0.008298802814695066
16129,-1.2697417218692542,-0.008298802814695066
16130,-1.2697417218769442,-0.008298802814695066
16131,-1.2697417218774054,-0.008298802814695066
16132,-1.269741721922028,-0.008298802814695066
16133,-1.269741721925379,-0.008298802814695066
16134,-1.269741721970524,-0.008298802814695066
16135,-1.2697417219998461,-0.008298802814695066
16136,-1.2697417220051956,-0.008298802814695066
16137,-1.269741722016357,-0.008298802814695066
16138,-1.2697417220281744,-0.008298802814695066
16139,-1.2697417220335898,-0.008298802814695066
16140,-1.2697417220348735,-0.008298802814695066
16141,-1.2697417220598997,-0.008298802814695066
16142,-1.2697417221209375,-0.008298802814695066
16143,-1.2697417221600171,-0.008298802814695066
16144,-1.2697417221629599,-0.008298802814695066
16145,-1.2697417221650735,-0.008298802814695066
16146,-1.2697417221951166,-0.008298802814695066
16147,-1.2697417222043397,-0.008298802814695066
16148,-1.2697417222526446,-0.008298802814695066
16149,-1.269741722287552,-0.008298802814695066
16150,-1.269741722322004,-0.008298802814695066
16151,-1.269741722342366,-0.008298802814695066
16152,-1.2697417223641763,-0.008298802814695066
16153,-1.2697417223775873,-0.008298802814695066
16154,-1.269741722379245,-0.008298802814695066
16155,-1.269741722381489,-0.008298802814695066
16156,-1.2697417224091099,-0.008298802814695066
16157,-1.2697417224659375,-0.008298802814695066
16158,-1.269741722482187,-0.008298802814695066
16159,-1.26974172249363,-0.008298802814695066
16160,-1.2697417224954002,-0.008298802814695066
16161,-1.269741722495614,-0.008298802814695066
16162,-1.2697417225240621,-0.008298802814695066
16163,-1.26974172253375,-0.008298802814695066
16164,-1.2697417225576058,-0.008298802814695066
16165,-1.269741722581015,-0.008298802814695066
16166,-1.2697417225846472,-0.008298802814695066
16167,-1.2697417226011813,-0.008298802814695066
16168,-1.269741722621986,-0.008298802814695066
16169,-1.2697417226252972,-0.008298802814695066
16170,-1.2697417226372436,-0.008298802814695066
16171,-1.2697417226970518,-0.008298802814695066
16172,-1.269741722697534,-0.008298802814695066
16173,-1.2697417227108743,-0.008298802814695066
16174,-1.2697417227442178,-0.008298802814695066
16175,-1.2697417227593026,-0.008298802814695066
16176,-1.2697417228294974,-0.008298802814695066
16177,-1.2697417228466392,-0.008298802814695066
16178,-1.269741722846721,-0.008298802814695066
16179,-1.269741722850785,-0.008298802814695066
16180,-1.2697417228727341,-0.008298802814695066
16181,-1.269741722872984,-0.008298802814695066
16182,-1.2697417228771872,-0.008298802814695066
16183,-1.269741722909684,-0.008298802814695066
16184,-1.2697417229291448,-0.008298802814695066
16185,-1.2697417229950065,-0.008298802814695066
16186,-1.2697417230123866,-0.008298802814695066
16187,-1.26974172301754,-0.008298802814695066
16188,-1.2697417230492898,-0.008298802814695066
16189,-1.2697417230521895,-0.008298802814695066
16190,-1.2697417230721886,-0.008298802814695066
16191,-1.2697417230815708,-0.008298802814695066
16192,-1.2697417231452879,-0.008298802814695066
16193,-1.2697417231494026,-0.008298802814695066
16194,-1.2697417231520745,-0.008298802814695066
16195,-1.2697417231576786,-0.008298802814695066
16196,-1.269741723180774,-0.008298802814695066
16197,-1.269741723280632,-0.008298802814695066
16198,-1.2697417232818538,-0.008298802814695066
16199,-1.2697417232849917,-0.008298802814695066
16200,-1.269741723294661,-0.008298802814695066
16201,-1.2697417233104207,-0.008298802814695066
16202,-1.2697417233127184,-0.008298802814695066
16203,-1.2697417233216606,-0.008298802814695066
16204,-1.2697417233248036,-0.008298802814695066
16205,-1.2697417233302934,-0.008298802814695066
16206,-1.2697417233654522,-0.008298802814695066
16207,-1.2697417233681598,-0.008298802814695066
16208,-1.2697417233903714,-0.008298802814695066
16209,-1.2697417233954724,-0.008298802814695066
16210,-1.2697417234078294,-0.008298802814695066
16211,-1.269741723420945,-0.008298802814695066
16212,-1.2697417234373332,-0.008298802814695066
16213,-1.2697417234961315,-0.008298802814695066
16214,-1.2697417234975084,-0.008298802814695066
16215,-1.269741723507333,-0.008298802814695066
16216,-1.2697417235085247,-0.008298802814695066
16217,-1.269741723526502,-0.008298802814695066
16218,-1.269741723570796,-0.008298802814695066
16219,-1.2697417235812751,-0.008298802814695066
16220,-1.269741723584795,-0.008298802814695066
16221,-1.2697417235994763,-0.008298802814695066
16222,-1.2697417236025474,-0.008298802814695066
16223,-1.2697417236202306,-0.008298802814695066
16224,-1.2697417236583877,-0.008298802814695066
16225,-1.2697417236691226,-0.008298802814695066
16226,-1.2697417236857427,-0.008298802814695066
16227,-1.2697417236895052,-0.008298802814695066
16228,-1.269741723708442,-0.008298802814695066
16229,-1.2697417237569808,-0.008298802814695066
16230,-1.2697417238120114,-0.008298802814695066
16231,-1.269741723813754,-0.008298802814695066
16232,-1.2697417238304767,-0.008298802814695066
16233,-1.269741723838503,-0.008298802814695066
16234,-1.2697417238418027,-0.008298802814695066
16235,-1.2697417238635307,-0.008298802814695066
16236,-1.2697417238726088,-0.008298802814695066
16237,-1.2697417238857878,-0.008298802814695066
16238,-1.269741723914751,-0.008298802814695066
16239,-1.2697417239179993,-0.008298802814695066
16240,-1.2697417239257058,-0.008298802814695066
16241,-1.269741723949314,-0.008298802814695066
16242,-1.2697417239728719,-0.008298802814695066
16243,-1.269741724005373,-0.008298802814695066
16244,-1.2697417240190436,-0.008298802814695066
16245,-1.2697417240248405,-0.008298802814695066
16246,-1.2697417240553484,-0.008298802814695066
16247,-1.2697417241314648,-0.008298802814695066
16248,-1.2697417241390567,-0.008298802814695066
16249,-1.2697417241427362,-0.008298802814695066
16250,-1.269741724143466,-0.008298802814695066
16251,-1.2697417241642532,-0.008298802814695066
16252,-1.269741724177147,-0.008298802814695066
16253,-1.2697417241889162,-0.008298802814695066
16254,-1.2697417241897633,-0.008298802814695066
16255,-1.2697417241923297,-0.008298802814695066
16256,-1.269741724208243,-0.008298802814695066
16257,-1.2697417242186007,-0.008298802814695066
16258,-1.2697417242541347,-0.008298802814695066
16259,-1.2697417242546796,-0.008298802814695066
16260,-1.269741724257592,-0.008298802814695066
16261,-1.269741724269461,-0.008298802814695066
16262,-1.269741724276671,-0.008298802814695066
16263,-1.2697417242951494,-0.008298802814695066
16264,-1.2697417243324196,-0.008298802814695066
16265,-1.2697417243405589,-0.008298802814695066
16266,-1.2697417243544258,-0.008298802814695066
16267,-1.2697417243558904,-0.008298802814695066
16268,-1.2697417243824567,-0.008298802814695066
16269,-1.2697417243826323,-0.008298802814695066
16270,-1.269741724395486,-0.008298802814695066
16271,-1.2697417244355544,-0.008298802814695066
16272,-1.2697417244749611,-0.008298802814695066
16273,-1.2697417244754041,-0.008298802814695066
16274,-1.2697417245047726,-0.008298802814695066
16275,-1.2697417245171643,-0.008298802814695066
16276,-1.2697417246460008,-0.008298802814695066
16277,-1.2697417246524747,-0.008298802814695066
16278,-1.269741724688467,-0.008298802814695066
16279,-1.269741724688985,-0.008298802814695066
16280,-1.2697417247254195,-0.008298802814695066
16281,-1.2697417247320248,-0.008298802814695066
16282,-1.2697417247405849,-0.008298802814695066
16283,-1.2697417247533456,-0.008298802814695066
16284,-1.2697417247959577,-0.008298802814695066
16285,-1.269741724808331,-0.008298802814695066
16286,-1.2697417248407996,-0.008298802814695066
16287,-1.2697417248572205,-0.008298802814695066
16288,-1.2697417248612288,-0.008298802814695066
16289,-1.2697417248796414,-0.008298802814695066
16290,-1.2697417248883958,-0.008298802814695066
16291,-1.2697417248955838,-0.008298802814695066
16292,-1.2697417249366285,-0.008298802814695066
16293,-1.269741724959745,-0.008298802814695066
16294,-1.2697417249870346,-0.008298802814695066
16295,-1.2697417250472955,-0.008298802814695066
16296,-1.2697417251335863,-0.008298802814695066
16297,-1.269741725151156,-0.008298802814695066
16298,-1.2697417251545082,-0.008298802814695066
16299,-1.269741725159753,-0.008298802814695066
16300,-1.2697417251833965,-0.008298802814695066
16301,-1.2697417251835603,-0.008298802814695066
16302,-1.269741725184615,-0.008298802814695066
16303,-1.2697417252017624,-0.008298802814695066
16304,-1.2697417252093461,-0.008298802814695066
16305,-1.269741725262207,-0.008298802814695066
16306,-1.269741725262821,-0.008298802814695066
16307,-1.2697417252657859,-0.008298802814695066
16308,-1.2697417252786798,-0.008298802814695066
16309,-1.2697417252819365,-0.008298802814695066
16310,-1.2697417252953218,-0.008298802814695066
16311,-1.2697417253109577,-0.008298802814695066
16312,-1.2697417253113417,-0.008298802814695066
16313,-1.2697417253320729,-0.008298802814695066
16314,-1.2697417253371726,-0.008298802814695066
16315,-1.2697417253399994,-0.008298802814695066
16316,-1.2697417253608627,-0.008298802814695066
16317,-1.2697417253928744,-0.008298802814695066
16318,-1.2697417254168406,-0.008298802814695066
16319,-1.2697417254545509,-0.008298802814695066
16320,-1.2697417255110164,-0.008298802814695066
16321,-1.269741725524368,-0.008298802814695066
16322,-1.2697417255556107,-0.008298802814695066
16323,-1.2697417255975676,-0.008298802814695066
16324,-1.2697417256236372,-0.008298802814695066
16325,-1.2697417256264623,-0.008298802814695066
16326,-1.269741725626663,-0.008298802814695066
16327,-1.2697417256368315,-0.008298802814695066
16328,-1.2697417256974173,-0.008298802814695066
16329,-1.2697417257008061,-0.008298802814695066
16330,-1.2697417257063661,-0.008298802814695066
16331,-1.269741725710082,-0.008298802814695066
16332,-1.2697417257442107,-0.008298802814695066
16333,-1.2697417257579071,-0.008298802814695066
16334,-1.2697417257714503,-0.008298802814695066
16335,-1.2697417258145947,-0.008298802814695066
16336,-1.2697417258198773,-0.008298802814695066
16337,-1.269741725822272,-0.008298802814695066
16338,-1.2697417258303902,-0.008298802814695066
16339,-1.269741725854693,-0.008298802814695066
16340,-1.269741725860419,-0.008298802814695066
16341,-1.2697417258872465,-0.008298802814695066
16342,-1.2697417259130659,-0.008298802814695066
16343,-1.2697417259136305,-0.008298802814695066
16344,-1.2697417259367427,-0.008298802814695066
16345,-1.2697417259561072,-0.008298802814695066
16346,-1.2697417259764703,-0.008298802814695066
16347,-1.2697417260012163,-0.008298802814695066
16348,-1.2697417260289714,-0.008298802814695066
16349,-1.2697417260354598,-0.008298802814695066
16350,-1.2697417260436727,-0.008298802814695066
16351,-1.2697417260530726,-0.008298802814695066
16352,-1.2697417260570951,-0.008298802814695066
16353,-1.2697417260730333,-0.008298802814695066
16354,-1.2697417261037718,-0.008298802814695066
16355,-1.2697417261255866,-0.008298802814695066
16356,-1.2697417261447572,-0.008298802814695066
16357,-1.2697417261560218,-0.008298802814695066
16358,-1.2697417261589983,-0.008298802814695066
16359,-1.2697417261846295,-0.008298802814695066
16360,-1.2697417261970787,-0.008298802814695066
16361,-1.2697417262090722,-0.008298802814695066
16362,-1.2697417262126738,-0.008298802814695066
16363,-1.2697417262379977,-0.008298802814695066
16364,-1.269741726258457,-0.008298802814695066
16365,-1.2697417262953254,-0.008298802814695066
16366,-1.2697417263406257,-0.008298802814695066
16367,-1.2697417263690491,-0.008298802814695066
16368,-1.2697417263751034,-0.008298802814695066
16369,-1.2697417263805624,-0.008298802814695066
16370,-1.2697417263984763,-0.008298802814695066
16371,-1.2697417264413642,-0.008298802814695066
16372,-1.2697417264511517,-0.008298802814695066
16373,-1.2697417264529003,-0.008298802814695066
16374,-1.2697417264608095,-0.008298802814695066
16375,-1.2697417264622992,-0.008298802814695066
16376,-1.269741726463076,-0.008298802814695066
16377,-1.269741726471153,-0.008298802814695066
16378,-1.26974172648168,-0.008298802814695066
16379,-1.2697417264906317,-0.008298802814695066
16380,-1.2697417265017066,-0.008298802814695066
16381,-1.2697417265040798,-0.008298802814695066
16382,-1.269741726520765,-0.008298802814695066
16383,-1.269741726533677,-0.008298802814695066
16384,-1.2697417265874362,-0.008298802814695066
16385,-1.2697417265926638,-0.008298802814695066
16386,-1.2697417266147337,-0.008298802814695066
16387,-1.2697417266625715,-0.008298802814695066
16388,-1.2697417266751845,-0.008298802814695066
16389,-1.2697417266757192,-0.008298802814695066
16390,-1.2697417266786444,-0.008298802814695066
16391,-1.2697417266918782,-0.008298802814695066
16392,-1.2697417267109232,-0.008298802814695066
16393,-1.2697417267187259,-0.008298802814695066
16394,-1.269741726719995,-0.008298802814695066
16395,-1.269741726722558,-0.008298802814695066
16396,-1.2697417267511861,-0.008298802814695066
16397,-1.2697417267584936,-0.008298802814695066
16398,-1.2697417267754898,-0.008298802814695066
16399,-1.2697417267802096,-0.008298802814695066
16400,-1.2697417267856912,-0.008298802814695066
16401,-1.269741726837101,-0.008298802814695066
16402,-1.2697417268697464,-0.008298802814695066
16403,-1.2697417268708526,-0.008298802814695066
16404,-1.269741726880079,-0.008298802814695066
16405,-1.2697417268864737,-0.008298802814695066
16406,-1.269741726898466,-0.008298802814695066
16407,-1.2697417269069455,-0.008298802814695066
16408,-1.2697417269124889,-0.008298802814695066
16409,-1.269741726924103,-0.008298802814695066
16410,-1.2697417269705487,-0.008298802814695066
16411,-1.2697417269769775,-0.008298802814695066
16412,-1.2697417269841016,-0.008298802814695066
16413,-1.2697417270296016,-0.008298802814695066
16414,-1.2697417270578615,-0.008298802814695066
16415,-1.2697417270705318,-0.008298802814695066
16416,-1.269741727081186,-0.008298802814695066
16417,-1.2697417270875513,-0.008298802814695066
16418,-1.269741727122072,-0.008298802814695066
16419,-1.2697417271225233,-0.008298802814695066
16420,-1.2697417271304292,-0.008298802814695066
16421,-1.2697417271540765,-0.008298802814695066
16422,-1.2697417271555107,-0.008298802814695066
16423,-1.2697417271751972,-0.008298802814695066
16424,-1.269741727175438,-0.008298802814695066
16425,-1.2697417271854907,-0.008298802814695066
16426,-1.2697417271856333,-0.008298802814695066
16427,-1.2697417272705325,-0.008298802814695066
16428,-1.2697417272853815,-0.008298802814695066
16429,-1.2697417273128038,-0.008298802814695066
16430,-1.2697417273312588,-0.008298802814695066
16431,-1.2697417273366787,-0.008298802814695066
16432,-1.269741727367384,-0.008298802814695066
16433,-1.2697417273951481,-0.008298802814695066
16434,-1.2697417274099316,-0.008298802814695066
16435,-1.2697417274123919,-0.008298802814695066
16436,-1.2697417274152627,-0.008298802814695066
16437,-1.2697417274170992,-0.008298802814695066
16438,-1.2697417274190521,-0.008298802814695066
16439,-1.269741727433704,-0.008298802814695066
16440,-1.269741727447064,-0.008298802814695066
16441,-1.2697417274810459,-0.008298802814695066
16442,-1.26974172749753,-0.008298802814695066
16443,-1.2697417275067402,-0.008298802814695066
16444,-1.2697417275241756,-0.008298802814695066
16445,-1.2697417275593395,-0.008298802814695066
16446,-1.2697417275815848,-0.008298802814695066
16447,-1.2697417275936993,-0.008298802814695066
16448,-1.269741727599732,-0.008298802814695066
16449,-1.2697417276199081,-0.008298802814695066
16450,-1.2697417276518228,-0.008298802814695066
16451,-1.2697417276559915,-0.008298802814695066
16452,-1.269741727657237,-0.008298802814695066
16453,-1.2697417276587808,-0.008298802814695066
16454,-1.2697417276922651,-0.008298802814695066
16455,-1.2697417277103615,-0.008298802814695066
16456,-1.2697417277432397,-0.008298802814695066
16457,-1.2697417277876886,-0.008298802814695066
16458,-1.2697417277901655,-0.008298802814695066
16459,-1.2697417278347363,-0.008298802814695066
16460,-1.2697417278475203,-0.008298802814695066
16461,-1.2697417278541532,-0.008298802814695066
16462,-1.2697417278595,-0.008298802814695066
16463,-1.2697417278713066,-0.008298802814695066
16464,-1.2697417278981313,-0.008298802814695066
16465,-1.269741727943851,-0.008298802814695066
16466,-1.269741727955042,-0.008298802814695066
16467,-1.2697417279750425,-0.008298802814695066
16468,-1.2697417280049017,-0.008298802814695066
16469,-1.269741728032106,-0.008298802814695066
16470,-1.2697417280439178,-0.008298802814695066
16471,-1.269741728052546,-0.008298802814695066
16472,-1.2697417280646872,-0.008298802814695066
16473,-1.2697417280767223,-0.008298802814695066
16474,-1.2697417280993395,-0.008298802814695066
16475,-1.2697417281001933,-0.008298802814695066
16476,-1.2697417281100436,-0.008298802814695066
16477,-1.2697417281115086,-0.008298802814695066
16478,-1.269741728129732,-0.008298802814695066
16479,-1.2697417281417205,-0.008298802814695066
16480,-1.2697417281683263,-0.008298802814695066
16481,-1.2697417282035868,-0.008298802814695066
16482,-1.269741728207635,-0.008298802814695066
16483,-1.2697417282608825,-0.008298802814695066
16484,-1.269741728273452,-0.008298802814695066
16485,-1.269741728291344,-0.008298802814695066
16486,-1.2697417283330505,-0.008298802814695066
16487,-1.269741728352533,-0.008298802814695066
16488,-1.2697417283612733,-0.008298802814695066
16489,-1.2697417283734045,-0.008298802814695066
16490,-1.2697417283822912,-0.008298802814695066
16491,-1.2697417284011616,-0.008298802814695066
16492,-1.2697417284241386,-0.008298802814695066
16493,-1.269741728438695,-0.008298802814695066
16494,-1.269741728457426,-0.008298802814695066
16495,-1.2697417284619787,-0.008298802814695066
16496,-1.2697417284649932,-0.008298802814695066
16497,-1.2697417284867547,-0.008298802814695066
16498,-1.269741728487231,-0.008298802814695066
16499,-1.2697417285064465,-0.008298802814695066
16500,-1.2697417285147052,-0.008298802814695066
16501,-1.2697417285276367,-0.008298802814695066
16502,-1.2697417285466235,-0.008298802814695066
16503,-1.2697417285676047,-0.008298802814695066
16504,-1.2697417285686083,-0.008298802814695066
16505,-1.2697417285811239,-0.008298802814695066
16506,-1.2697417286029822,-0.008298802814695066
16507,-1.269741728623017,-0.008298802814695066
16508,-1.2697417286637178,-0.008298802814695066
16509,-1.2697417286754087,-0.008298802814695066
16510,-1.2697417287085317,-0.008298802814695066
16511,-1.2697417287138397,-0.008298802814695066
16512,-1.2697417287177197,-0.008298802814695066
16513,-1.2697417287287116,-0.008298802814695066
16514,-1.269741728738061,-0.008298802814695066
16515,-1.269741728742336,-0.008298802814695066
16516,-1.2697417287558785,-0.008298802814695066
16517,-1.2697417287789188,-0.008298802814695066
16518,-1.269741728779373,-0.008298802814695066
16519,-1.2697417287993216,-0.008298802814695066
16520,-1.2697417288035455,-0.008298802814695066
16521,-1.2697417288139905,-0.008298802814695066
16522,-1.269741728836469,-0.008298802814695066
16523,-1.2697417288492652,-0.008298802814695066
16524,-1.269741728855717,-0.008298802814695066
16525,-1.269741728886255,-0.008298802814695066
16526,-1.2697417289187558,-0.008298802814695066
16527,-1.2697417289531754,-0.008298802814695066
16528,-1.269741728956347,-0.008298802814695066
16529,-1.2697417289594102,-0.008298802814695066
16530,-1.2697417289682758,-0.008298802814695066
16531,-1.2697417290000044,-0.008298802814695066
16532,-1.2697417290205855,-0.008298802814695066
16533,-1.2697417290294355,-0.008298802814695066
16534,-1.2697417290416924,-0.008298802814695066
16535,-1.2697417290441644,-0.008298802814695066
16536,-1.2697417290529431,-0.008298802814695066
16537,-1.2697417290605384,-0.008298802814695066
16538,-1.269741729072991,-0.008298802814695066
16539,-1.2697417290791815,-0.008298802814695066
16540,-1.2697417290802955,-0.008298802814695066
16541,-1.2697417290897017,-0.008298802814695066
16542,-1.2697417291161428,-0.008298802814695066
16543,-1.2697417291171726,-0.008298802814695066
16544,-1.2697417291527056,-0.008298802814695066
16545,-1.2697417291667468,-0.008298802814695066
16546,-1.2697417291721418,-0.008298802814695066
16547,-1.2697417291914546,-0.008298802814695066
16548,-1.2697417291986297,-0.008298802814695066
16549,-1.2697417292016877,-0.008298802814695066
16550,-1.2697417292291293,-0.008298802814695066
16551,-1.2697417292292796,-0.008298802814695066
16552,-1.2697417292361899,-0.008298802814695066
16553,-1.269741729236947,-0.008298802814695066
16554,-1.2697417292481101,-0.008298802814695066
16555,-1.269741729256938,-0.008298802814695066
16556,-1.2697417292774693,-0.008298802814695066
16557,-1.2697417293287132,-0.008298802814695066
16558,-1.2697417293533428,-0.008298802814695066
16559,-1.2697417293654445,-0.008298802814695066
16560,-1.2697417293839017,-0.008298802814695066
16561,-1.2697417294028241,-0.008298802814695066
16562,-1.2697417294369897,-0.008298802814695066
16563,-1.2697417294376263,-0.008298802814695066
16564,-1.2697417294512943,-0.008298802814695066
16565,-1.269741729453525,-0.008298802814695066
16566,-1.269741729456338,-0.008298802814695066
16567,-1.2697417294959799,-0.008298802814695066
16568,-1.2697417295063613,-0.008298802814695066
16569,-1.269741729508385,-0.008298802814695066
16570,-1.2697417295295135,-0.008298802814695066
16571,-1.2697417295977884,-0.008298802814695066
16572,-1.2697417296250746,-0.008298802814695066
16573,-1.269741729648365,-0.008298802814695066
16574,-1.2697417296540139,-0.008298802814695066
16575,-1.269741729660314,-0.008298802814695066
16576,-1.2697417296618088,-0.008298802814695066
16577,-1.269741729665316,-0.008298802814695066
16578,-1.269741729675074,-0.008298802814695066
16579,-1.2697417296775861,-0.008298802814695066
16580,-1.269741729727364,-0.008298802814695066
16581,-1.2697417297392566,-0.008298802814695066
16582,-1.2697417297547666,-0.008298802814695066
16583,-1.2697417297614397,-0.008298802814695066
16584,-1.2697417297652838,-0.008298802814695066
16585,-1.26974172979736,-0.008298802814695066
16586,-1.2697417298012066,-0.008298802814695066
16587,-1.2697417298110083,-0.008298802814695066
16588,-1.2697417298119669,-0.008298802814695066
16589,-1.2697417298591707,-0.008298802814695066
16590,-1.2697417298919909,-0.008298802814695066
16591,-1.2697417298971074,-0.008298802814695066
16592,-1.2697417299480158,-0.008298802814695066
16593,-1.269741729993848,-0.008298802814695066
16594,-1.269741730014761,-0.008298802814695066
16595,-1.2697417300316258,-0.008298802814695066
16596,-1.26974173004346,-0.008298802814695066
16597,-1.2697417300466871,-0.008298802814695066
16598,-1.2697417300515184,-0.008298802814695066
16599,-1.2697417300555964,-0.008298802814695066
16600,-1.2697417300715497,-0.008298802814695066
16601,-1.2697417300973917,-0.008298802814695066
16602,-1.2697417301018903,-0.008298802814695066
16603,-1.2697417301224347,-0.008298802814695066
16604,-1.2697417301251408,-0.008298802814695066
16605,-1.2697417301319693,-0.008298802814695066
16606,-1.2697417301379694,-0.008298802814695066
16607,-1.2697417301497242,-0.008298802814695066
16608,-1.2697417301722274,-0.008298802814695066
16609,-1.269741730184249,-0.008298802814695066
16610,-1.2697417301904097,-0.008298802814695066
16611,-1.269741730192977,-0.008298802814695066
16612,-1.269741730193024,-0.008298802814695066
16613,-1.2697417301988603,-0.008298802814695066
16614,-1.2697417302019294,-0.008298802814695066
16615,-1.2697417302120848,-0.008298802814695066
16616,-1.2697417302139478,-0.008298802814695066
16617,-1.2697417302195433,-0.008298802814695066
16618,-1.269741730251164,-0.008298802814695066
16619,-1.2697417302732528,-0.008298802814695066
16620,-1.269741730280205,-0.008298802814695066
16621,-1.2697417303072682,-0.008298802814695066
16622,-1.2697417303095695,-0.008298802814695066
16623,-1.2697417303208942,-0.008298802814695066
16624,-1.2697417303442324,-0.008298802814695066
16625,-1.2697417303470087,-0.008298802814695066
16626,-1.269741730351983,-0.008298802814695066
16627,-1.2697417303572909,-0.008298802814695066
16628,-1.2697417304429615,-0.008298802814695066
16629,-1.2697417304491179,-0.008298802814695066
16630,-1.269741730451043,-0.008298802814695066
16631,-1.2697417304532128,-0.008298802814695066
16632,-1.2697417304660361,-0.008298802814695066
16633,-1.2697417304769072,-0.008298802814695066
16634,-1.2697417304778327,-0.008298802814695066
16635,-1.2697417304786285,-0.008298802814695066
16636,-1.2697417304983196,-0.008298802814695066
16637,-1.2697417305373986,-0.008298802814695066
16638,-1.2697417305426901,-0.008298802814695066
16639,-1.2697417305444758,-0.008298802814695066
16640,-1.26974173055293,-0.008298802814695066
16641,-1.2697417305544583,-0.008298802814695066
16642,-1.269741730555275,-0.008298802814695066
16643,-1.2697417305961949,-0.008298802814695066
16644,-1.2697417306079004,-0.008298802814695066
16645,-1.2697417306236323,-0.008298802814695066
16646,-1.2697417306244019,-0.008298802814695066
16647,-1.26974173063419,-0.008298802814695066
16648,-1.269741730634807,-0.008298802814695066
16649,-1.269741730656368,-0.008298802814695066
16650,-1.2697417306762644,-0.008298802814695066
16651,-1.2697417306944119,-0.008298802814695066
16652,-1.269741730712962,-0.008298802814695066
16653,-1.2697417307172612,-0.008298802814695066
16654,-1.269741730746817,-0.008298802814695066
16655,-1.2697417307576144,-0.008298802814695066
16656,-1.2697417307796794,-0.008298802814695066
16657,-1.2697417308066463,-0.008298802814695066
16658,-1.2697417308076986,-0.008298802814695066
16659,-1.2697417308244656,-0.008298802814695066
16660,-1.2697417308373864,-0.008298802814695066
16661,-1.269741730852528,-0.008298802814695066
16662,-1.26974173086927,-0.008298802814695066
16663,-1.2697417308693206,-0.008298802814695066
16664,-1.2697417308774397,-0.008298802814695066
16665,-1.269741730884392,-0.008298802814695066
16666,-1.2697417308869716,-0.008298802814695066
16667,-1.2697417308878716,-0.008298802814695066
16668,-1.2697417308953927,-0.008298802814695066
16669,-1.2697417309008416,-0.008298802814695066
16670,-1.2697417309104118,-0.008298802814695066
16671,-1.2697417309898527,-0.008298802814695066
16672,-1.2697417309951966,-0.008298802814695066
16673,-1.2697417309955379,-0.008298802814695066
16674,-1.269741731029788,-0.008298802814695066
16675,-1.2697417310463708,-0.008298802814695066
16676,-1.2697417310644843,-0.008298802814695066
16677,-1.2697417310822001,-0.008298802814695066
16678,-1.2697417310984414,-0.008298802814695066
16679,-1.2697417311085115,-0.008298802814695066
16680,-1.2697417311328374,-0.008298802814695066
16681,-1.2697417311376542,-0.008298802814695066
16682,-1.269741731146685,-0.008298802814695066
16683,-1.2697417311782837,-0.008298802814695066
16684,-1.269741731198427,-0.008298802814695066
16685,-1.2697417312018455,-0.008298802814695066
16686,-1.2697417312039048,-0.008298802814695066
16687,-1.2697417312049661,-0.008298802814695066
16688,-1.2697417312068755,-0.008298802814695066
16689,-1.2697417312111563,-0.008298802814695066
16690,-1.2697417312156112,-0.008298802814695066
16691,-1.2697417312205321,-0.008298802814695066
16692,-1.2697417312250074,-0.008298802814695066
16693,-1.2697417312281227,-0.008298802814695066
16694,-1.2697417312333164,-0.008298802814695066
16695,-1.2697417312411294,-0.008298802814695066
16696,-1.2697417312463157,-0.008298802814695066
16697,-1.2697417312504746,-0.008298802814695066
16698,-1.2697417312522365,-0.008298802814695066
16699,-1.2697417312564516,-0.008298802814695066
16700,-1.2697417312657526,-0.008298802814695066
16701,-1.2697417312874069,-0.008298802814695066
16702,-1.2697417312889343,-0.008298802814695066
16703,-1.269741731296149,-0.008298802814695066
16704,-1.2697417313015844,-0.008298802814695066
16705,-1.2697417313051589,-0.008298802814695066
16706,-1.2697417313073243,-0.008298802814695066
16707,-1.2697417313120063,-0.008298802814695066
16708,-1.2697417313380235,-0.008298802814695066
16709,-1.2697417313644286,-0.008298802814695066
16710,-1.2697417313749542,-0.008298802814695066
16711,-1.2697417313970782,-0.008298802814695066
16712,-1.269741731425012,-0.008298802814695066
16713,-1.269741731431916,-0.008298802814695066
16714,-1.2697417314462176,-0.008298802814695066
16715,-1.269741731448287,-0.008298802814695066
16716,-1.2697417314567228,-0.008298802814695066
16717,-1.269741731505838,-0.008298802814695066
16718,-1.2697417315191017,-0.008298802814695066
16719,-1.2697417315548643,-0.008298802814695066
16720,-1.2697417315586408,-0.008298802814695066
16721,-1.2697417315851607,-0.008298802814695066
16722,-1.2697417315969426,-0.008298802814695066
16723,-1.2697417316254018,-0.008298802814695066
16724,-1.2697417316676924,-0.008298802814695066
16725,-1.2697417316740025,-0.008298802814695066
16726,-1.269741731700914,-0.008298802814695066
16727,-1.2697417317091215,-0.008298802814695066
16728,-1.26974173170994,-0.008298802814695066
16729,-1.2697417317207442,-0.008298802814695066
16730,-1.2697417317234865,-0.008298802814695066
16731,-1.2697417317477453,-0.008298802814695066
16732,-1.2697417317492132,-0.008298802814695066
16733,-1.2697417317501247,-0.008298802814695066
16734,-1.2697417317630868,-0.008298802814695066
16735,-1.2697417317708952,-0.008298802814695066
16736,-1.2697417317935429,-0.008298802814695066
16737,-1.2697417318021142,-0.008298802814695066
16738,-1.269741731804173,-0.008298802814695066
16739,-1.2697417318171382,-0.008298802814695066
16740,-1.269741731846068,-0.008298802814695066
16741,-1.26974173185658,-0.008298802814695066
16742,-1.2697417318653137,-0.008298802814695066
16743,-1.2697417318686088,-0.008298802814695066
16744,-1.269741731874741,-0.008298802814695066
16745,-1.2697417318768516,-0.008298802814695066
16746,-1.2697417318898951,-0.008298802814695066
16747,-1.2697417319034239,-0.008298802814695066
16748,-1.2697417319085733,-0.008298802814695066
16749,-1.2697417319155144,-0.008298802814695066
16750,-1.2697417319159352,-0.008298802814695066
16751,-1.2697417319161477,-0.008298802814695066
16752,-1.2697417319242494,-0.008298802814695066
16753,-1.2697417319309434,-0.008298802814695066
16754,-1.2697417319323323,-0.008298802814695066
16755,-1.2697417319450703,-0.008298802814695066
16756,-1.269741731956648,-0.008298802814695066
16757,-1.2697417319583453,-0.008298802814695066
16758,-1.2697417319779933,-0.008298802814695066
16759,-1.2697417319817674,-0.008298802814695066
16760,-1.2697417319913291,-0.008298802814695066
16761,-1.269741731996484,-0.008298802814695066
16762,-1.2697417320095814,-0.008298802814695066
16763,-1.269741732012,-0.008298802814695066
16764,-1.2697417320201887,-0.008298802814695066
16765,-1.2697417320333375,-0.008298802814695066
16766,-1.269741732046357,-0.008298802814695066
16767,-1.2697417320529685,-0.008298802814695066
16768,-1.2697417320686784,-0.008298802814695066
16769,-1.2697417320751407,-0.008298802814695066
16770,-1.2697417320858992,-0.008298802814695066
16771,-1.269741732091472,-0.008298802814695066
16772,-1.269741732095384,-0.008298802814695066
16773,-1.2697417321061069,-0.008298802814695066
16774,-1.2697417321172129,-0.008298802814695066
16775,-1.2697417321420539,-0.008298802814695066
16776,-1.2697417321500675,-0.008298802814695066
16777,-1.269741732158749,-0.008298802814695066
16778,-1.2697417321730518,-0.008298802814695066
16779,-1.2697417321842717,-0.008298802814695066
16780,-1.2697417321919322,-0.008298802814695066
16781,-1.2697417321964544,-0.008298802814695066
16782,-1.2697417322074582,-0.008298802814695066
16783,-1.2697417322313784,-0.008298802814695066
16784,-1.269741732242831,-0.008298802814695066
16785,-1.2697417322757039,-0.008298802814695066
16786,-1.2697417322814224,-0.008298802814695066
16787,-1.2697417322823665,-0.008298802814695066
16788,-1.269741732303466,-0.008298802814695066
16789,-1.269741732303705,-0.008298802814695066
16790,-1.2697417323090445,-0.008298802814695066
16791,-1.26974173232432,-0.008298802814695066
16792,-1.2697417323274196,-0.008298802814695066
16793,-1.2697417323361178,-0.008298802814695066
16794,-1.2697417323377522,-0.008298802814695066
16795,-1.2697417323403644,-0.008298802814695066
16796,-1.2697417323426594,-0.008298802814695066
16797,-1.2697417323800675,-0.008298802814695066
16798,-1.269741732385579,-0.008298802814695066
16799,-1.2697417323879074,-0.008298802814695066
16800,-1.269741732391509,-0.008298802814695066
16801,-1.2697417323940894,-0.008298802814695066
16802,-1.2697417324146487,-0.008298802814695066
16803,-1.2697417324234768,-0.008298802814695066
16804,-1.269741732426646,-0.008298802814695066
16805,-1.2697417324322524,-0.008298802814695066
16806,-1.2697417324371376,-0.008298802814695066
16807,-1.2697417324385656,-0.008298802814695066
16808,-1.2697417324390374,-0.008298802814695066
16809,-1.269741732475623,-0.008298802814695066
16810,-1.269741732485732,-0.008298802814695066
16811,-1.2697417324902533,-0.008298802814695066
16812,-1.2697417324936369,-0.008298802814695066
16813,-1.269741732506827,-0.008298802814695066
16814,-1.2697417325386307,-0.008298802814695066
16815,-1.2697417325499398,-0.008298802814695066
16816,-1.2697417325638984,-0.008298802814695066
16817,-1.2697417325789078,-0.008298802814695066
16818,-1.269741732581364,-0.008298802814695066
16819,-1.2697417325839513,-0.008298802814695066
16820,-1.2697417326146292,-0.008298802814695066
16821,-1.2697417326279452,-0.008298802814695066
16822,-1.2697417326301346,-0.008298802814695066
16823,-1.2697417326378635,-0.008298802814695066
16824,-1.2697417326385798,-0.008298802814695066
16825,-1.2697417326406528,-0.008298802814695066
16826,-1.2697417326695593,-0.008298802814695066
16827,-1.269741732672301,-0.008298802814695066
16828,-1.2697417326830491,-0.008298802814695066
16829,-1.2697417326877836,-0.008298802814695066
16830,-1.2697417326891756,-0.008298802814695066
16831,-1.2697417327118652,-0.008298802814695066
16832,-1.2697417327188516,-0.008298802814695066
16833,-1.2697417327345757,-0.008298802814695066
16834,-1.2697417327477396,-0.008298802814695066
16835,-1.2697417327534675,-0.008298802814695066
16836,-1.2697417327747924,-0.008298802814695066
16837,-1.269741732787902,-0.008298802814695066
16838,-1.2697417328089575,-0.008298802814695066
16839,-1.2697417328100198,-0.008298802814695066
16840,-1.269741732819956,-0.008298802814695066
16841,-1.2697417328293858,-0.008298802814695066
16842,-1.2697417328368508,-0.008298802814695066
16843,-1.2697417328374168,-0.008298802814695066
16844,-1.2697417328557667,-0.008298802814695066
16845,-1.2697417328606866,-0.008298802814695066
16846,-1.2697417328689962,-0.008298802814695066
16847,-1.2697417328728853,-0.008298802814695066
16848,-1.2697417328938383,-0.008298802814695066
16849,-1.2697417329008232,-0.008298802814695066
16850,-1.2697417329349745,-0.008298802814695066
16851,-1.2697417329471155,-0.008298802814695066
16852,-1.2697417329471723,-0.008298802814695066
16853,-1.2697417329515868,-0.008298802814695066
16854,-1.2697417329682448,-0.008298802814695066
16855,-1.2697417329756133,-0.008298802814695066
16856,-1.2697417329827476,-0.008298802814695066
16857,-1.2697417329829968,-0.008298802814695066
16858,-1.269741732997382,-0.008298802814695066
16859,-1.269741733000244,-0.008298802814695066
16860,-1.2697417330057919,-0.008298802814695066
16861,-1.269741733012524,-0.008298802814695066
16862,-1.2697417330152962,-0.008298802814695066
16863,-1.269741733046452,-0.008298802814695066
16864,-1.269741733047952,-0.008298802814695066
16865,-1.2697417330946426,-0.008298802814695066
16866,-1.2697417330956602,-0.008298802814695066
16867,-1.2697417331017697,-0.008298802814695066
16868,-1.2697417331061236,-0.008298802814695066
16869,-1.269741733107346,-0.008298802814695066
16870,-1.2697417331140797,-0.008298802814695066
16871,-1.2697417331143699,-0.008298802814695066
16872,-1.2697417331171117,-0.008298802814695066
16873,-1.2697417331263612,-0.008298802814695066
16874,-1.269741733156783,-0.008298802814695066
16875,-1.2697417331591714,-0.008298802814695066
16876,-1.2697417331633982,-0.008298802814695066
16877,-1.2697417331663883,-0.008298802814695066
16878,-1.2697417331681138,-0.008298802814695066
16879,-1.2697417331712484,-0.008298802814695066
16880,-1.2697417331854144,-0.008298802814695066
16881,-1.2697417331882213,-0.008298802814695066
16882,-1.2697417331941663,-0.008298802814695066
16883,-1.2697417331996097,-0.008298802814695066
16884,-1.2697417332065075,-0.008298802814695066
16885,-1.2697417332126526,-0.008298802814695066
16886,-1.2697417332306462,-0.008298802814695066
16887,-1.2697417332392407,-0.008298802814695066
16888,-1.2697417332757241,-0.008298802814695066
16889,-1.2697417332791752,-0.008298802814695066
16890,-1.2697417332889693,-0.008298802814695066
16891,-1.2697417332963687,-0.008298802814695066
16892,-1.2697417333015195,-0.008298802814695066
16893,-1.2697417333196175,-0.008298802814695066
16894,-1.2697417333243064,-0.008298802814695066
16895,-1.2697417333244292,-0.008298802814695066
16896,-1.2697417333472756,-0.008298802814695066
16897,-1.2697417333574414,-0.008298802814695066
16898,-1.2697417333903636,-0.008298802814695066
16899,-1.2697417334130712,-0.008298802814695066
16900,-1.2697417334228795,-0.008298802814695066
16901,-1.2697417334274586,-0.008298802814695066
16902,-1.2697417334523453,-0.008298802814695066
16903,-1.2697417334554826,-0.008298802814695066
16904,-1.2697417334625523,-0.008298802814695066
16905,-1.2697417334714312,-0.008298802814695066
16906,-1.26974173349139,-0.008298802814695066
16907,-1.2697417335042664,-0.008298802814695066
16908,-1.2697417335100531,-0.008298802814695066
16909,-1.2697417335107164,-0.008298802814695066
16910,-1.2697417335139263,-0.008298802814695066
16911,-1.2697417335196977,-0.008298802814695066
16912,-1.2697417335204089,-0.008298802814695066
16913,-1.269741733529596,-0.008298802814695066
16914,-1.2697417335330763,-0.008298802814695066
16915,-1.2697417335381822,-0.008298802814695066
16916,-1.2697417335721646,-0.008298802814695066
16917,-1.269741733588503,-0.008298802814695066
16918,-1.2697417335941221,-0.008298802814695066
16919,-1.2697417335959258,-0.008298802814695066
16920,-1.2697417335999874,-0.008298802814695066
16921,-1.2697417336097245,-0.008298802814695066
16922,-1.2697417336124515,-0.008298802814695066
16923,-1.2697417336152232,-0.008298802814695066
16924,-1.2697417336442818,-0.008298802814695066
16925,-1.269741733649567,-0.008298802814695066
16926,-1.2697417336670198,-0.008298802814695066
16927,-1.2697417336676338,-0.008298802814695066
16928,-1.269741733671532,-0.008298802814695066
16929,-1.269741733678635,-0.008298802814695066
16930,-1.2697417337026407,-0.008298802814695066
16931,-1.2697417337059385,-0.008298802814695066
16932,-1.2697417337193881,-0.008298802814695066
16933,-1.2697417337304187,-0.008298802814695066
16934,-1.269741733733964,-0.008298802814695066
16935,-1.2697417337383845,-0.008298802814695066
16936,-1.2697417337492665,-0.008298802814695066
16937,-1.2697417337587957,-0.008298802814695066
16938,-1.2697417337693107,-0.008298802814695066
16939,-1.2697417337765786,-0.008298802814695066
16940,-1.2697417337869854,-0.008298802814695066
16941,-1.269741733803314,-0.008298802814695066
16942,-1.2697417338142865,-0.008298802814695066
16943,-1.269741733837499,-0.008298802814695066
16944,-1.2697417338432215,-0.008298802814695066
16945,-1.2697417338521364,-0.008298802814695066
16946,-1.2697417338558985,-0.008298802814695066
16947,-1.2697417338723658,-0.008298802814695066
16948,-1.2697417338726567,-0.008298802814695066
16949,-1.269741733905116,-0.008298802814695066
16950,-1.2697417339188877,-0.008298802814695066
16951,-1.2697417339273598,-0.008298802814695066
16952,-1.26974173392775,-0.008298802814695066
16953,-1.2697417339290757,-0.008298802814695066
16954,-1.269741733930329,-0.008298802814695066
16955,-1.2697417339380723,-0.008298802814695066
16956,-1.269741733946495,-0.008298802814695066
16957,-1.2697417339553518,-0.008298802814695066
16958,-1.269741733956017,-0.008298802814695066
16959,-1.2697417339634516,-0.008298802814695066
16960,-1.2697417339674888,-0.008298802814695066
16961,-1.2697417339741879,-0.008298802814695066
16962,-1.2697417339748163,-0.008298802814695066
16963,-1.26974173397721,-0.008298802814695066
16964,-1.2697417339914998,-0.008298802814695066
16965,-1.2697417340013228,-0.008298802814695066
16966,-1.2697417340016248,-0.008298802814695066
16967,-1.2697417340097779,-0.008298802814695066
16968,-1.2697417340160573,-0.008298802814695066
16969,-1.2697417340293677,-0.008298802814695066
16970,-1.269741734031424,-0.008298802814695066
16971,-1.269741734043013,-0.008298802814695066
16972,-1.2697417340524382,-0.008298802814695066
16973,-1.269741734058563,-0.008298802814695066
16974,-1.2697417340607644,-0.008298802814695066
16975,-1.2697417340680035,-0.008298802814695066
16976,-1.2697417340770225,-0.008298802814695066
16977,-1.2697417340799577,-0.008298802814695066
16978,-1.2697417340983597,-0.008298802814695066
16979,-1.269741734100827,-0.008298802814695066
16980,-1.2697417341115196,-0.008298802814695066
16981,-1.269741734127177,-0.008298802814695066
16982,-1.2697417341536066,-0.008298802814695066
16983,-1.269741734166205,-0.008298802814695066
16984,-1.2697417341713946,-0.008298802814695066
16985,-1.269741734180049,-0.008298802814695066
16986,-1.2697417341895236,-0.008298802814695066
16987,-1.2697417341939667,-0.008298802814695066
16988,-1.2697417341965387,-0.008298802814695066
16989,-1.2697417342005646,-0.008298802814695066
16990,-1.2697417342027917,-0.008298802814695066
16991,-1.269741734212841,-0.008298802814695066
16992,-1.2697417342147954,-0.008298802814695066
16993,-1.2697417342163513,-0.008298802814695066
16994,-1.2697417342192905,-0.008298802814695066
16995,-1.2697417342196653,-0.008298802814695066
16996,-1.2697417342271309,-0.008298802814695066
16997,-1.2697417342297583,-0.008298802814695066
16998,-1.2697417342447823,-0.008298802814695066
16999,-1.2697417342506383,-0.008298802814695066
17000,-1.269741734257669,-0.008298802814695066
17001,-1.2697417342607231,-0.008298802814695066
17002,-1.2697417342632669,-0.008298802814695066
17003,-1.2697417342633068,-0.008298802814695066
17004,-1.269741734265224,-0.008298802814695066
17005,-1.2697417342858994,-0.008298802814695066
17006,-1.2697417342945423,-0.008298802814695066
17007,-1.2697417343008535,-0.008298802814695066
17008,-1.2697417343088804,-0.008298802814695066
17009,-1.269741734320132,-0.008298802814695066
17010,-1.2697417343207433,-0.008298802814695066
17011,-1.26974173432263,-0.008298802814695066
17012,-1.2697417343248856,-0.008298802814695066
17013,-1.2697417343312403,-0.008298802814695066
17014,-1.2697417343329742,-0.008298802814695066
17015,-1.2697417343438318,-0.008298802814695066
17016,-1.269741734369454,-0.008298802814695066
17017,-1.2697417343721171,-0.008298802814695066
17018,-1.2697417343883204,-0.008298802814695066
17019,-1.2697417344058084,-0.008298802814695066
17020,-1.2697417344070394,-0.008298802814695066
17021,-1.2697417344076327,-0.008298802814695066
17022,-1.2697417344140824,-0.008298802814695066
17023,-1.2697417344170772,-0.008298802814695066
17024,-1.2697417344174675,-0.008298802814695066
17025,-1.2697417344454414,-0.008298802814695066
17026,-1.2697417344478477,-0.008298802814695066
17027,-1.269741734448027,-0.008298802814695066
17028,-1.2697417344745092,-0.008298802814695066
17029,-1.2697417344777104,-0.008298802814695066
17030,-1.2697417344806927,-0.008298802814695066
17031,-1.269741734484001,-0.008298802814695066
17032,-1.2697417344858342,-0.008298802814695066
17033,-1.26974173448756,-0.008298802814695066
17034,-1.2697417344943984,-0.008298802814695066
17035,-1.2697417345117146,-0.008298802814695066
17036,-1.2697417345127024,-0.008298802814695066
17037,-1.269741734514554,-0.008298802814695066
17038,-1.269741734524986,-0.008298802814695066
17039,-1.2697417345295992,-0.008298802814695066
17040,-1.2697417345418733,-0.008298802814695066
17041,-1.2697417345497297,-0.008298802814695066
17042,-1.2697417345500548,-0.008298802814695066
17043,-1.2697417345525401,-0.008298802814695066
17044,-1.2697417345575444,-0.008298802814695066
17045,-1.269741734576714,-0.008298802814695066
17046,-1.2697417345857978,-0.008298802814695066
17047,-1.2697417345871218,-0.008298802814695066
17048,-1.269741734592023,-0.008298802814695066
17049,-1.2697417346230595,-0.008298802814695066
17050,-1.2697417346287998,-0.008298802814695066
17051,-1.2697417346394673,-0.008298802814695066
17052,-1.2697417346423603,-0.008298802814695066
17053,-1.2697417346525877,-0.008298802814695066
17054,-1.2697417346705926,-0.008298802814695066
17055,-1.2697417346904272,-0.008298802814695066
17056,-1.2697417346908235,-0.008298802814695066
17057,-1.269741734692221,-0.008298802814695066
17058,-1.2697417346923179,-0.008298802814695066
17059,-1.2697417346937305,-0.008298802814695066
17060,-1.2697417346951574,-0.008298802814695066
17061,-1.2697417347048083,-0.008298802814695066
17062,-1.269741734710398,-0.008298802814695066
17063,-1.2697417347254034,-0.008298802814695066
17064,-1.2697417347454432,-0.008298802814695066
17065,-1.2697417347471913,-0.008298802814695066
17066,-1.2697417347482214,-0.008298802814695066
17067,-1.269741734751996,-0.008298802814695066
17068,-1.269741734755674,-0.008298802814695066
17069,-1.2697417347570061,-0.008298802814695066
17070,-1.2697417347570785,-0.008298802814695066
17071,-1.2697417347578384,-0.008298802814695066
17072,-1.2697417347674829,-0.008298802814695066
17073,-1.2697417347756632,-0.008298802814695066
17074,-1.2697417347799929,-0.008298802814695066
17075,-1.269741734782588,-0.008298802814695066
17076,-1.2697417347832674,-0.008298802814695066
17077,-1.2697417347894653,-0.008298802814695066
17078,-1.2697417347972855,-0.008298802814695066
17079,-1.2697417347975004,-0.008298802814695066
17080,-1.2697417348047404,-0.008298802814695066
17081,-1.2697417348150624,-0.008298802814695066
17082,-1.269741734816043,-0.008298802814695066
17083,-1.2697417348200508,-0.008298802814695066
17084,-1.269741734821673,-0.008298802814695066
17085,-1.2697417348423734,-0.008298802814695066
17086,-1.2697417348642746,-0.008298802814695066
17087,-1.269741734878614,-0.008298802814695066
17088,-1.2697417348802085,-0.008298802814695066
17089,-1.2697417348847324,-0.008298802814695066
17090,-1.2697417348894555,-0.008298802814695066
17091,-1.2697417348934434,-0.008298802814695066
17092,-1.2697417348969982,-0.008298802814695066
17093,-1.2697417349091857,-0.008298802814695066
17094,-1.2697417349180333,-0.008298802814695066
17095,-1.2697417349258042,-0.008298802814695066
17096,-1.2697417349292104,-0.008298802814695066
17097,-1.2697417349405422,-0.008298802814695066
17098,-1.2697417349540852,-0.008298802814695066
17099,-1.2697417349640556,-0.008298802814695066
17100,-1.269741734966356,-0.008298802814695066
17101,-1.2697417349717737,-0.008298802814695066
17102,-1.269741734975223,-0.008298802814695066
17103,-1.2697417349809546,-0.008298802814695066
17104,-1.2697417349811582,-0.008298802814695066
17105,-1.2697417349819942,-0.008298802814695066
17106,-1.2697417349852542,-0.008298802814695066
17107,-1.2697417349867082,-0.008298802814695066
17108,-1.2697417349887519,-0.008298802814695066
17109,-1.2697417349983602,-0.008298802814695066
17110,-1.2697417350044802,-0.008298802814695066
17111,-1.269741735008382,-0.008298802814695066
17112,-1.2697417350123439,-0.008298802814695066
17113,-1.2697417350179356,-0.008298802814695066
17114,-1.2697417350186446,-0.008298802814695066
17115,-1.2697417350192042,-0.008298802814695066
17116,-1.269741735021075,-0.008298802814695066
17117,-1.2697417350532496,-0.008298802814695066
17118,-1.2697417350601277,-0.008298802814695066
17119,-1.2697417350647926,-0.008298802814695066
17120,-1.269741735079452,-0.008298802814695066
17121,-1.2697417350822933,-0.008298802814695066
17122,-1.2697417350859648,-0.008298802814695066
17123,-1.2697417350987101,-0.008298802814695066
17124,-1.2697417351118137,-0.008298802814695066
17125,-1.2697417351129858,-0.008298802814695066
17126,-1.2697417351171878,-0.008298802814695066
17127,-1.269741735124381,-0.008298802814695066
17128,-1.2697417351296245,-0.008298802814695066
17129,-1.269741735132483,-0.008298802814695066
17130,-1.269741735134592,-0.008298802814695066
17131,-1.269741735135253,-0.008298802814695066
17132,-1.2697417351395595,-0.008298802814695066
17133,-1.2697417351500278,-0.008298802814695066
17134,-1.2697417351508762,-0.008298802814695066
17135,-1.2697417351688491,-0.008298802814695066
17136,-1.2697417351906557,-0.008298802814695066
17137,-1.2697417351914413,-0.008298802814695066
17138,-1.26974173519167,-0.008298802814695066
17139,-1.2697417352005067,-0.008298802814695066
17140,-1.269741735207297,-0.008298802814695066
17141,-1.2697417352076916,-0.008298802814695066
17142,-1.26974173522202,-0.008298802814695066
17143,-1.2697417352402889,-0.008298802814695066
17144,-1.2697417352428206,-0.008298802814695066
17145,-1.2697417352538956,-0.008298802814695066
17146,-1.2697417352580782,-0.008298802814695066
17147,-1.2697417352618459,-0.008298802814695066
17148,-1.2697417352631974,-0.008298802814695066
17149,-1.269741735270475,-0.008298802814695066
17150,-1.2697417352720934,-0.008298802814695066
17151,-1.2697417352771412,-0.008298802814695066
17152,-1.2697417352788403,-0.008298802814695066
17153,-1.2697417352824536,-0.008298802814695066
17154,-1.269741735286964,-0.008298802814695066
17155,-1.2697417352924827,-0.008298802814695066
17156,-1.2697417353000666,-0.008298802814695066
17157,-1.269741735303593,-0.008298802814695066
17158,-1.2697417353037952,-0.008298802814695066
17159,-1.2697417353083207,-0.008298802814695066
17160,-1.2697417353159155,-0.008298802814695066
17161,-1.2697417353175589,-0.008298802814695066
17162,-1.269741735318385,-0.008298802814695066
17163,-1.2697417353213782,-0.008298802814695066
17164,-1.269741735330501,-0.008298802814695066
17165,-1.2697417353317404,-0.008298802814695066
17166,-1.2697417353340394,-0.008298802814695066
17167,-1.2697417353391967,-0.008298802814695066
17168,-1.2697417353499527,-0.008298802814695066
17169,-1.2697417353544633,-0.008298802814695066
17170,-1.2697417353550429,-0.008298802814695066
17171,-1.269741735363795,-0.008298802814695066
17172,-1.2697417353734866,-0.008298802814695066
17173,-1.2697417353742575,-0.008298802814695066
17174,-1.2697417353771745,-0.008298802814695066
17175,-1.2697417353781453,-0.008298802814695066
17176,-1.2697417353814295,-0.008298802814695066
17177,-1.2697417353882432,-0.008298802814695066
17178,-1.2697417353912452,-0.008298802814695066
17179,-1.269741735393367,-0.008298802814695066
17180,-1.2697417353935403,-0.008298802814695066
17181,-1.2697417354047598,-0.008298802814695066
17182,-1.2697417354087692,-0.008298802814695066
17183,-1.2697417354309053,-0.008298802814695066
17184,-1.269741735432846,-0.008298802814695066
17185,-1.2697417354467344,-0.008298802814695066
17186,-1.2697417354644094,-0.008298802814695066
17187,-1.269741735464493,-0.008298802814695066
17188,-1.2697417354663674,-0.008298802814695066
17189,-1.2697417354714216,-0.008298802814695066
17190,-1.2697417354818212,-0.008298802814695066
17191,-1.2697417354819973,-0.008298802814695066
17192,-1.2697417354892697,-0.008298802814695066
17193,-1.269741735489524,-0.008298802814695066
17194,-1.269741735496145,-0.008298802814695066
17195,-1.2697417355002614,-0.008298802814695066
17196,-1.2697417355009322,-0.008298802814695066
17197,-1.2697417355039327,-0.008298802814695066
17198,-1.2697417355058054,-0.008298802814695066
17199,-1.2697417355130725,-0.008298802814695066
17200,-1.2697417355216996,-0.008298802814695066
17201,-1.2697417355392373,-0.008298802814695066
17202,-1.2697417355527685,-0.008298802814695066
17203,-1.2697417355584313,-0.008298802814695066
17204,-1.269741735558499,-0.008298802814695066
17205,-1.2697417355608873,-0.008298802814695066
17206,-1.2697417355727907,-0.008298802814695066
17207,-1.2697417355846556,-0.008298802814695066
17208,-1.2697417355874554,-0.008298802814695066
17209,-1.2697417355907203,-0.008298802814695066
17210,-1.2697417355966063,-0.008298802814695066
17211,-1.269741735597595,-0.008298802814695066
17212,-1.2697417356185496,-0.008298802814695066
17213,-1.2697417356190837,-0.008298802814695066
17214,-1.2697417356199048,-0.008298802814695066
17215,-1.26974173562109,-0.008298802814695066
17216,-1.2697417356386662,-0.008298802814695066
17217,-1.2697417356414444,-0.008298802814695066
17218,-1.2697417356456093,-0.008298802814695066
17219,-1.2697417356534138,-0.008298802814695066
17220,-1.2697417356582075,-0.008298802814695066
17221,-1.2697417356585134,-0.008298802814695066
17222,-1.2697417356666783,-0.008298802814695066
17223,-1.269741735676127,-0.008298802814695066
17224,-1.2697417356801879,-0.008298802814695066
17225,-1.2697417356845324,-0.008298802814695066
17226,-1.269741735690171,-0.008298802814695066
17227,-1.2697417356943554,-0.008298802814695066
17228,-1.269741735694664,-0.008298802814695066
17229,-1.2697417356992613,-0.008298802814695066
17230,-1.2697417356997542,-0.008298802814695066
17231,-1.26974173570407,-0.008298802814695066
17232,-1.26974173572035,-0.008298802814695066
17233,-1.269741735739606,-0.008298802814695066
17234,-1.2697417357430394,-0.008298802814695066
17235,-1.2697417357451524,-0.008298802814695066
17236,-1.2697417357456797,-0.008298802814695066
17237,-1.2697417357525622,-0.008298802814695066
17238,-1.269741735753681,-0.008298802814695066
17239,-1.269741735759466,-0.008298802814695066
17240,-1.269741735760539,-0.008298802814695066
17241,-1.2697417357647096,-0.008298802814695066
17242,-1.2697417357754346,-0.008298802814695066
17243,-1.2697417357799128,-0.008298802814695066
17244,-1.2697417357952698,-0.008298802814695066
17245,-1.2697417357964365,-0.008298802814695066
17246,-1.2697417357965883,-0.008298802814695066
17247,-1.2697417357969565,-0.008298802814695066
17248,-1.269741735797984,-0.008298802814695066
17249,-1.2697417358035121,-0.008298802814695066
17250,-1.2697417358044052,-0.008298802814695066
17251,-1.2697417358048535,-0.008298802814695066
17252,-1.2697417358061582,-0.008298802814695066
17253,-1.2697417358076464,-0.008298802814695066
17254,-1.2697417358081928,-0.008298802814695066
17255,-1.2697417358094343,-0.008298802814695066
17256,-1.2697417358107304,-0.008298802814695066
17257,-1.2697417358219816,-0.008298802814695066
17258,-1.2697417358293006,-0.008298802814695066
17259,-1.2697417358409182,-0.008298802814695066
17260,-1.2697417358410303,-0.008298802814695066
17261,-1.2697417358460652,-0.008298802814695066
17262,-1.2697417358527239,-0.008298802814695066
17263,-1.2697417358536907,-0.008298802814695066
17264,-1.2697417358538576,-0.008298802814695066
17265,-1.2697417358569951,-0.008298802814695066
17266,-1.2697417358573744,-0.008298802814695066
17267,-1.2697417358596774,-0.008298802814695066
17268,-1.2697417358606973,-0.008298802814695066
17269,-1.2697417358646925,-0.008298802814695066
17270,-1.2697417358672942,-0.008298802814695066
17271,-1.2697417358727219,-0.008298802814695066
17272,-1.2697417358733853,-0.008298802814695066
17273,-1.2697417358773109,-0.008298802814695066
17274,-1.2697417358816725,-0.008298802814695066
17275,-1.269741735883408,-0.008298802814695066
17276,-1.2697417358987444,-0.008298802814695066
17277,-1.269741735901448,-0.008298802814695066
17278,-1.2697417359029186,-0.008298802814695066
17279,-1.2697417359068075,-0.008298802814695066
17280,-1.2697417359088146,-0.008298802814695066
17281,-1.2697417359094125,-0.008298802814695066
17282,-1.2697417359126708,-0.008298802814695066
17283,-1.2697417359159187,-0.008298802814695066
17284,-1.2697417359204666,-0.008298802814695066
17285,-1.269741735920841,-0.008298802814695066
17286,-1.2697417359229133,-0.008298802814695066
17287,-1.2697417359250238,-0.008298802814695066
17288,-1.2697417359286547,-0.008298802814695066
17289,-1.2697417359362517,-0.008298802814695066
17290,-1.269741735939048,-0.008298802814695066
17291,-1.2697417359490533,-0.008298802814695066
17292,-1.2697417359519987,-0.008298802814695066
17293,-1.2697417359575285,-0.008298802814695066
17294,-1.269741735961822,-0.008298802814695066
17295,-1.2697417359627456,-0.008298802814695066
17296,-1.2697417359666607,-0.008298802814695066
17297,-1.2697417359825025,-0.008298802814695066
17298,-1.2697417359833056,-0.008298802814695066
17299,-1.2697417359880552,-0.008298802814695066
17300,-1.2697417360005945,-0.008298802814695066
17301,-1.2697417360017424,-0.008298802814695066
17302,-1.2697417360031795,-0.008298802814695066
17303,-1.2697417360062335,-0.008298802814695066
17304,-1.2697417360101995,-0.008298802814695066
17305,-1.2697417360106336,-0.008298802814695066
17306,-1.26974173601586,-0.008298802814695066
17307,-1.269741736022413,-0.008298802814695066
17308,-1.2697417360299745,-0.008298802814695066
17309,-1.269741736039283,-0.008298802814695066
17310,-1.2697417360434426,-0.008298802814695066
17311,-1.2697417360450431,-0.008298802814695066
17312,-1.2697417360513985,-0.008298802814695066
17313,-1.2697417360537762,-0.008298802814695066
17314,-1.2697417360556993,-0.008298802814695066
17315,-1.269741736058091,-0.008298802814695066
17316,-1.2697417360582124,-0.008298802814695066
17317,-1.2697417360631673,-0.008298802814695066
17318,-1.269741736067438,-0.008298802814695066
17319,-1.2697417360682535,-0.008298802814695066
17320,-1.26974173607136,-0.008298802814695066
17321,-1.2697417360794967,-0.008298802814695066
17322,-1.269741736104148,-0.008298802814695066
17323,-1.269741736108074,-0.008298802814695066
17324,-1.2697417361223924,-0.008298802814695066
17325,-1.269741736128847,-0.008298802814695066
17326,-1.2697417361317638,-0.008298802814695066
17327,-1.2697417361329852,-0.008298802814695066
17328,-1.2697417361365657,-0.008298802814695066
17329,-1.2697417361447823,-0.008298802814695066
17330,-1.2697417361461407,-0.008298802814695066
17331,-1.269741736148314,-0.008298802814695066
17332,-1.2697417361486178,-0.008298802814695066
17333,-1.2697417361555443,-0.008298802814695066
17334,-1.2697417361566528,-0.008298802814695066
17335,-1.2697417361580294,-0.008298802814695066
17336,-1.2697417361613632,-0.008298802814695066
17337,-1.269741736171154,-0.008298802814695066
17338,-1.2697417361748287,-0.008298802814695066
17339,-1.2697417361762562,-0.008298802814695066
17340,-1.2697417361767176,-0.008298802814695066
17341,-1.2697417361810877,-0.008298802814695066
17342,-1.2697417361832868,-0.008298802814695066
17343,-1.2697417361851147,-0.008298802814695066
17344,-1.2697417361869865,-0.008298802814695066
17345,-1.2697417362003467,-0.008298802814695066
17346,-1.269741736201671,-0.008298802814695066
17347,-1.2697417362262795,-0.008298802814695066
17348,-1.2697417362274095,-0.008298802814695066
17349,-1.2697417362276977,-0.008298802814695066
17350,-1.269741736240084,-0.008298802814695066
17351,-1.2697417362451724,-0.008298802814695066
17352,-1.2697417362461523,-0.008298802814695066
17353,-1.2697417362488885,-0.008298802814695066
17354,-1.2697417362489585,-0.008298802814695066
17355,-1.2697417362585963,-0.008298802814695066
17356,-1.2697417362593582,-0.008298802814695066
17357,-1.2697417362632444,-0.008298802814695066
17358,-1.2697417362649528,-0.008298802814695066
17359,-1.2697417362693275,-0.008298802814695066
17360,-1.2697417362814687,-0.008298802814695066
17361,-1.2697417362875063,-0.008298802814695066
17362,-1.269741736299124,-0.008298802814695066
17363,-1.269741736299607,-0.008298802814695066
17364,-1.2697417363014427,-0.008298802814695066
17365,-1.2697417363030756,-0.008298802814695066
17366,-1.2697417363054018,-0.008298802814695066
17367,-1.2697417363083094,-0.008298802814695066
17368,-1.2697417363085797,-0.008298802814695066
17369,-1.2697417363088657,-0.008298802814695066
17370,-1.2697417363089316,-0.008298802814695066
17371,-1.2697417363126546,-0.008298802814695066
17372,-1.2697417363134298,-0.008298802814695066
17373,-1.2697417363186723,-0.008298802814695066
17374,-1.2697417363206809,-0.008298802814695066
17375,-1.2697417363217731,-0.008298802814695066
17376,-1.2697417363319428,-0.008298802814695066
17377,-1.2697417363326475,-0.008298802814695066
17378,-1.26974173633271,-0.008298802814695066
17379,-1.2697417363327599,-0.008298802814695066
17380,-1.269741736333864,-0.008298802814695066
17381,-1.2697417363364993,-0.008298802814695066
17382,-1.2697417363402148,-0.008298802814695066
17383,-1.26974173634691,-0.008298802814695066
17384,-1.2697417363519068,-0.008298802814695066
17385,-1.269741736353589,-0.008298802814695066
17386,-1.269741736362109,-0.008298802814695066
17387,-1.2697417363622336,-0.008298802814695066
17388,-1.2697417363668682,-0.008298802814695066
17389,-1.2697417363715986,-0.008298802814695066
17390,-1.2697417363724728,-0.008298802814695066
17391,-1.2697417363735557,-0.008298802814695066
17392,-1.2697417363746326,-0.008298802814695066
17393,-1.2697417363792605,-0.008298802814695066
17394,-1.2697417363794103,-0.008298802814695066
17395,-1.269741736382342,-0.008298802814695066
17396,-1.2697417363846135,-0.008298802814695066
17397,-1.2697417363952261,-0.008298802814695066
17398,-1.2697417364049695,-0.008298802814695066
17399,-1.269741736407399,-0.008298802814695066
17400,-1.2697417364083212,-0.008298802814695066
17401,-1.2697417364099524,-0.008298802814695066
17402,-1.269741736414995,-0.008298802814695066
17403,-1.2697417364204118,-0.008298802814695066
17404,-1.2697417364240793,-0.008298802814695066
17405,-1.269741736425071,-0.008298802814695066
17406,-1.2697417364301715,-0.008298802814695066
17407,-1.26974173643083,-0.008298802814695066
17408,-1.2697417364315704,-0.008298802814695066
17409,-1.2697417364316583,-0.008298802814695066
17410,-1.269741736432584,-0.008298802814695066
17411,-1.2697417364408694,-0.008298802814695066
17412,-1.2697417364433938,-0.008298802814695066
17413,-1.2697417364467145,-0.008298802814695066
17414,-1.2697417364552674,-0.008298802814695066
17415,-1.269741736456742,-0.008298802814695066
17416,-1.2697417364632329,-0.008298802814695066
17417,-1.2697417364636532,-0.008298802814695066
17418,-1.2697417364661077,-0.008298802814695066
17419,-1.2697417364812615,-0.008298802814695066
17420,-1.2697417364854933,-0.008298802814695066
17421,-1.2697417364899166,-0.008298802814695066
17422,-1.2697417364918886,-0.008298802814695066
17423,-1.2697417364934582,-0.008298802814695066
17424,-1.269741736497759,-0.008298802814695066
17425,-1.2697417365037627,-0.008298802814695066
17426,-1.269741736504566,-0.008298802814695066
17427,-1.2697417365058696,-0.008298802814695066
17428,-1.2697417365142356,-0.008298802814695066
17429,-1.2697417365154497,-0.008298802814695066
17430,-1.269741736516711,-0.008298802814695066
17431,-1.269741736518737,-0.008298802814695066
17432,-1.2697417365217016,-0.008298802814695066
17433,-1.2697417365333614,-0.008298802814695066
17434,-1.2697417365335268,-0.008298802814695066
17435,-1.2697417365339998,-0.008298802814695066
17436,-1.2697417365402521,-0.008298802814695066
17437,-1.2697417365414605,-0.008298802814695066
17438,-1.269741736542317,-0.008298802814695066
17439,-1.2697417365554289,-0.008298802814695066
17440,-1.2697417365586172,-0.008298802814695066
17441,-1.269741736559523,-0.008298802814695066
17442,-1.2697417365629735,-0.008298802814695066
17443,-1.2697417365703414,-0.008298802814695066
17444,-1.269741736570802,-0.008298802814695066
17445,-1.2697417365781691,-0.008298802814695066
17446,-1.269741736587224,-0.008298802814695066
17447,-1.2697417365946506,-0.008298802814695066
17448,-1.2697417365962327,-0.008298802814695066
17449,-1.2697417365964117,-0.008298802814695066
17450,-1.2697417366122004,-0.008298802814695066
17451,-1.2697417366169594,-0.008298802814695066
17452,-1.269741736621817,-0.008298802814695066
17453,-1.2697417366278234,-0.008298802814695066
17454,-1.2697417366289916,-0.008298802814695066
17455,-1.2697417366289976,-0.008298802814695066
17456,-1.2697417366303347,-0.008298802814695066
17457,-1.269741736639892,-0.008298802814695066
17458,-1.2697417366430446,-0.008298802814695066
17459,-1.2697417366483568,-0.008298802814695066
17460,-1.2697417366523953,-0.008298802814695066
17461,-1.2697417366630415,-0.008298802814695066
17462,-1.2697417366652328,-0.008298802814695066
17463,-1.2697417366716577,-0.008298802814695066
17464,-1.2697417366731272,-0.008298802814695066
17465,-1.2697417366750177,-0.008298802814695066
17466,-1.2697417366880508,-0.008298802814695066
17467,-1.2697417367072235,-0.008298802814695066
17468,-1.2697417367083321,-0.008298802814695066
17469,-1.2697417367088042,-0.008298802814695066
17470,-1.2697417367091337,-0.008298802814695066
17471,-1.269741736714425,-0.008298802814695066
17472,-1.269741736722521,-0.008298802814695066
17473,-1.2697417367273014,-0.008298802814695066
17474,-1.2697417367311203,-0.008298802814695066
17475,-1.269741736739457,-0.008298802814695066
17476,-1.2697417367424344,-0.008298802814695066
17477,-1.2697417367587756,-0.008298802814695066
17478,-1.2697417367636985,-0.008298802814695066
17479,-1.2697417367678887,-0.008298802814695066
17480,-1.2697417367722785,-0.008298802814695066
17481,-1.2697417367743695,-0.008298802814695066
17482,-1.2697417367744275,-0.008298802814695066
17483,-1.2697417367797874,-0.008298802814695066
17484,-1.2697417367871517,-0.008298802814695066
17485,-1.269741736788056,-0.008298802814695066
17486,-1.269741736794834,-0.008298802814695066
17487,-1.269741736795976,-0.008298802814695066
17488,-1.2697417367990989,-0.008298802814695066
17489,-1.2697417368009143,-0.008298802814695066
17490,-1.2697417368021868,-0.008298802814695066
17491,-1.2697417368055652,-0.008298802814695066
17492,-1.269741736817171,-0.008298802814695066
17493,-1.269741736817744,-0.008298802814695066
17494,-1.2697417368249946,-0.008298802814695066
17495,-1.2697417368260289,-0.008298802814695066
17496,-1.2697417368339878,-0.008298802814695066
17497,-1.2697417368408266,-0.008298802814695066
17498,-1.2697417368431272,-0.008298802814695066
17499,-1.2697417368437298,-0.008298802814695066
17500,-1.269741736849542,-0.008298802814695066
17501,-1.2697417368548107,-0.008298802814695066
17502,-1.2697417368569632,-0.008298802814695066
17503,-1.26974173686106,-0.008298802814695066
17504,-1.2697417368703712,-0.008298802814695066
17505,-1.269741736872932,-0.008298802814695066
17506,-1.2697417368735644,-0.008298802814695066
17507,-1.2697417368736734,-0.008298802814695066
17508,-1.269741736873911,-0.008298802814695066
17509,-1.2697417368755954,-0.008298802814695066
17510,-1.269741736882154,-0.008298802814695066
17511,-1.2697417368845696,-0.008298802814695066
17512,-1.269741736885865,-0.008298802814695066
17513,-1.2697417368871906,-0.008298802814695066
17514,-1.2697417368906352,-0.008298802814695066
17515,-1.269741736892081,-0.008298802814695066
17516,-1.2697417368923654,-0.008298802814695066
17517,-1.269741736898124,-0.008298802814695066
17518,-1.269741736902251,-0.008298802814695066
17519,-1.2697417369163397,-0.008298802814695066
17520,-1.2697417369204818,-0.008298802814695066
17521,-1.2697417369206108,-0.008298802814695066
17522,-1.269741736921449,-0.008298802814695066
17523,-1.269741736925084,-0.008298802814695066
17524,-1.2697417369262989,-0.008298802814695066
17525,-1.269741736927982,-0.008298802814695066
17526,-1.2697417369350177,-0.008298802814695066
17527,-1.2697417369359945,-0.008298802814695066
17528,-1.2697417369366264,-0.008298802814695066
17529,-1.2697417369392197,-0.008298802814695066
17530,-1.2697417369405923,-0.008298802814695066
17531,-1.2697417369406208,-0.008298802814695066
17532,-1.2697417369418997,-0.008298802814695066
17533,-1.269741736949491,-0.008298802814695066
17534,-1.2697417369501882,-0.008298802814695066
17535,-1.2697417369548294,-0.008298802814695066
17536,-1.269741736955627,-0.008298802814695066
17537,-1.2697417369569544,-0.008298802814695066
17538,-1.2697417369579163,-0.008298802814695066
17539,-1.2697417369580202,-0.008298802814695066
17540,-1.2697417369600945,-0.008298802814695066
17541,-1.2697417369603698,-0.008298802814695066
17542,-1.2697417369662956,-0.008298802814695066
17543,-1.2697417369811328,-0.008298802814695066
17544,-1.2697417369823896,-0.008298802814695066
17545,-1.2697417369864246,-0.008298802814695066
17546,-1.2697417369880766,-0.008298802814695066
17547,-1.2697417369891186,-0.008298802814695066
17548,-1.2697417369905015,-0.008298802814695066
17549,-1.2697417370047026,-0.008298802814695066
17550,-1.269741737014381,-0.008298802814695066
17551,-1.269741737030006,-0.008298802814695066
17552,-1.2697417370311468,-0.008298802814695066
17553,-1.26974173703335,-0.008298802814695066
17554,-1.2697417370399753,-0.008298802814695066
17555,-1.2697417370535584,-0.008298802814695066
17556,-1.2697417370535977,-0.008298802814695066
17557,-1.2697417370599047,-0.008298802814695066
17558,-1.2697417370618205,-0.008298802814695066
17559,-1.26974173706339,-0.008298802814695066
17560,-1.269741737067851,-0.008298802814695066
17561,-1.2697417370730062,-0.008298802814695066
17562,-1.2697417370749333,-0.008298802814695066
17563,-1.269741737079208,-0.008298802814695066
17564,-1.2697417370806299,-0.008298802814695066
17565,-1.269741737081081,-0.008298802814695066
17566,-1.26974173708121,-0.008298802814695066
17567,-1.269741737081919,-0.008298802814695066
17568,-1.269741737083105,-0.008298802814695066
17569,-1.2697417370886575,-0.008298802814695066
17570,-1.269741737091414,-0.008298802814695066
17571,-1.2697417370923272,-0.008298802814695066
17572,-1.2697417370952508,-0.008298802814695066
17573,-1.2697417371001214,-0.008298802814695066
17574,-1.2697417371011852,-0.008298802814695066
17575,-1.2697417371039836,-0.008298802814695066
17576,-1.2697417371090092,-0.008298802814695066
17577,-1.2697417371133701,-0.008298802814695066
17578,-1.269741737122565,-0.008298802814695066
17579,-1.2697417371245345,-0.008298802814695066
17580,-1.2697417371280941,-0.008298802814695066
17581,-1.2697417371283035,-0.008298802814695066
17582,-1.2697417371301136,-0.008298802814695066
17583,-1.2697417371317803,-0.008298802814695066
17584,-1.2697417371338044,-0.008298802814695066
17585,-1.2697417371403277,-0.008298802814695066
17586,-1.2697417371424824,-0.008298802814695066
17587,-1.2697417371456539,-0.008298802814695066
17588,-1.269741737154471,-0.008298802814695066
17589,-1.2697417371596718,-0.008298802814695066
17590,-1.2697417371643756,-0.008298802814695066
17591,-1.2697417371667934,-0.008298802814695066
17592,-1.2697417371751722,-0.008298802814695066
17593,-1.2697417371771151,-0.008298802814695066
17594,-1.269741737179966,-0.008298802814695066
17595,-1.2697417371811843,-0.008298802814695066
17596,-1.2697417371816462,-0.008298802814695066
17597,-1.2697417371866018,-0.008298802814695066
17598,-1.2697417371922195,-0.008298802814695066
17599,-1.2697417371938302,-0.008298802814695066
17600,-1.269741737195853,-0.008298802814695066
17601,-1.2697417371961766,-0.008298802814695066
17602,-1.2697417372013007,-0.008298802814695066
17603,-1.2697417372034496,-0.008298802814695066
17604,-1.2697417372038031,-0.008298802814695066
17605,-1.269741737205364,-0.008298802814695066
17606,-1.2697417372063988,-0.008298802814695066
17607,-1.2697417372078352,-0.008298802814695066
17608,-1.2697417372099147,-0.008298802814695066
17609,-1.2697417372140078,-0.008298802814695066
17610,-1.2697417372194595,-0.008298802814695066
17611,-1.2697417372228563,-0.008298802814695066
17612,-1.2697417372391533,-0.008298802814695066
17613,-1.2697417372413302,-0.008298802814695066
17614,-1.2697417372446411,-0.008298802814695066
17615,-1.2697417372446786,-0.008298802814695066
17616,-1.2697417372482003,-0.008298802814695066
17617,-1.2697417372575297,-0.008298802814695066
17618,-1.2697417372597708,-0.008298802814695066
17619,-1.2697417372618514,-0.008298802814695066
17620,-1.2697417372650417,-0.008298802814695066
17621,-1.2697417372651376,-0.008298802814695066
17622,-1.2697417372657533,-0.008298802814695066
17623,-1.2697417372699666,-0.008298802814695066
17624,-1.2697417372700277,-0.008298802814695066
17625,-1.269741737283768,-0.008298802814695066
17626,-1.2697417372881197,-0.008298802814695066
17627,-1.2697417372899205,-0.008298802814695066
17628,-1.2697417372916342,-0.008298802814695066
17629,-1.269741737293089,-0.008298802814695066
17630,-1.2697417372932291,-0.008298802814695066
17631,-1.2697417372973792,-0.008298802814695066
17632,-1.2697417373143125,-0.008298802814695066
17633,-1.2697417373256388,-0.008298802814695066
17634,-1.2697417373265254,-0.008298802814695066
17635,-1.2697417373323223,-0.008298802814695066
17636,-1.2697417373468687,-0.008298802814695066
17637,-1.2697417373484643,-0.008298802814695066
17638,-1.2697417373492246,-0.008298802814695066
17639,-1.2697417373558355,-0.008298802814695066
17640,-1.2697417373563058,-0.008298802814695066
17641,-1.2697417373588062,-0.008298802814695066
17642,-1.2697417373589688,-0.008298802814695066
17643,-1.269741737361905,-0.008298802814695066
17644,-1.2697417373620512,-0.008298802814695066
17645,-1.2697417373632862,-0.008298802814695066
17646,-1.2697417373636606,-0.008298802814695066
17647,-1.2697417373645634,-0.008298802814695066
17648,-1.2697417373689728,-0.008298802814695066
17649,-1.2697417373693523,-0.008298802814695066
17650,-1.2697417373713016,-0.008298802814695066
17651,-1.2697417373732796,-0.008298802814695066
17652,-1.269741737374488,-0.008298802814695066
17653,-1.2697417373755546,-0.008298802814695066
17654,-1.269741737378668,-0.008298802814695066
17655,-1.2697417373839626,-0.008298802814695066
17656,-1.2697417373845254,-0.008298802814695066
17657,-1.2697417373848792,-0.008298802814695066
17658,-1.2697417373898165,-0.008298802814695066
17659,-1.269741737389862,-0.008298802814695066
17660,-1.2697417373910023,-0.008298802814695066
17661,-1.269741737391456,-0.008298802814695066
17662,-1.2697417373971098,-0.008298802814695066
17663,-1.2697417374087743,-0.008298802814695066
17664,-1.269741737409583,-0.008298802814695066
17665,-1.2697417374096247,-0.008298802814695066
17666,-1.269741737411631,-0.008298802814695066
17667,-1.2697417374121025,-0.008298802814695066
17668,-1.269741737413132,-0.008298802814695066
17669,-1.269741737413899,-0.008298802814695066
17670,-1.2697417374142976,-0.008298802814695066
17671,-1.269741737415922,-0.008298802814695066
17672,-1.2697417374237066,-0.008298802814695066
17673,-1.2697417374321447,-0.008298802814695066
17674,-1.269741737433983,-0.008298802814695066
17675,-1.2697417374365685,-0.008298802814695066
17676,-1.2697417374384243,-0.008298802814695066
17677,-1.2697417374482258,-0.008298802814695066
17678,-1.269741737449865,-0.008298802814695066
17679,-1.2697417374503661,-0.008298802814695066
17680,-1.2697417374509479,-0.008298802814695066
17681,-1.2697417374516875,-0.008298802814695066
17682,-1.2697417374644147,-0.008298802814695066
17683,-1.2697417374681557,-0.008298802814695066
17684,-1.269741737470489,-0.008298802814695066
17685,-1.2697417374719586,-0.008298802814695066
17686,-1.2697417374734248,-0.008298802814695066
17687,-1.2697417374740803,-0.008298802814695066
17688,-1.2697417374778792,-0.008298802814695066
17689,-1.269741737492168,-0.008298802814695066
17690,-1.2697417374931212,-0.008298802814695066
17691,-1.2697417374988889,-0.008298802814695066
17692,-1.2697417375017372,-0.008298802814695066
17693,-1.2697417375052074,-0.008298802814695066
17694,-1.269741737505739,-0.008298802814695066
17695,-1.2697417375100448,-0.008298802814695066
17696,-1.2697417375140767,-0.008298802814695066
17697,-1.2697417375176867,-0.008298802814695066
17698,-1.2697417375184994,-0.008298802814695066
17699,-1.269741737522262,-0.008298802814695066
17700,-1.2697417375241373,-0.008298802814695066
17701,-1.269741737528852,-0.008298802814695066
17702,-1.2697417375388573,-0.008298802814695066
17703,-1.2697417375409703,-0.008298802814695066
17704,-1.2697417375516078,-0.008298802814695066
17705,-1.2697417375522209,-0.008298802814695066
17706,-1.2697417375569615,-0.008298802814695066
17707,-1.2697417375576867,-0.008298802814695066
17708,-1.2697417375593294,-0.008298802814695066
17709,-1.2697417375596398,-0.008298802814695066
17710,-1.2697417375606175,-0.008298802814695066
17711,-1.269741737561742,-0.008298802814695066
17712,-1.2697417375651132,-0.008298802814695066
17713,-1.2697417375691313,-0.008298802814695066
17714,-1.2697417375727476,-0.008298802814695066
17715,-1.2697417375746434,-0.008298802814695066
17716,-1.2697417375756679,-0.008298802814695066
17717,-1.269741737578181,-0.008298802814695066
17718,-1.2697417375803821,-0.008298802814695066
17719,-1.2697417375820126,-0.008298802814695066
17720,-1.269741737583566,-0.008298802814695066
17721,-1.269741737588435,-0.008298802814695066
17722,-1.26974173758986,-0.008298802814695066
17723,-1.269741737591735,-0.008298802814695066
17724,-1.2697417375931217,-0.008298802814695066
17725,-1.2697417375940185,-0.008298802814695066
17726,-1.269741737595966,-0.008298802814695066
17727,-1.2697417375994369,-0.008298802814695066
17728,-1.269741737600511,-0.008298802814695066
17729,-1.2697417376006221,-0.008298802814695066
17730,-1.2697417376026876,-0.008298802814695066
17731,-1.2697417376061508,-0.008298802814695066
17732,-1.2697417376085771,-0.008298802814695066
17733,-1.26974173761147,-0.008298802814695066
17734,-1.2697417376165818,-0.008298802814695066
17735,-1.269741737621498,-0.008298802814695066
17736,-1.2697417376221314,-0.008298802814695066
17737,-1.2697417376244067,-0.008298802814695066
17738,-1.2697417376281448,-0.008298802814695066
17739,-1.2697417376307736,-0.008298802814695066
17740,-1.2697417376311826,-0.008298802814695066
17741,-1.2697417376343867,-0.008298802814695066
17742,-1.2697417376347497,-0.008298802814695066
17743,-1.269741737636736,-0.008298802814695066
17744,-1.2697417376368143,-0.008298802814695066
17745,-1.2697417376377274,-0.008298802814695066
17746,-1.2697417376386837,-0.008298802814695066
17747,-1.26974173764484,-0.008298802814695066
17748,-1.2697417376449336,-0.008298802814695066
17749,-1.2697417376449867,-0.008298802814695066
17750,-1.2697417376452536,-0.008298802814695066
17751,-1.2697417376468563,-0.008298802814695066
17752,-1.2697417376472453,-0.008298802814695066
17753,-1.2697417376476001,-0.008298802814695066
17754,-1.2697417376488602,-0.008298802814695066
17755,-1.2697417376549176,-0.008298802814695066
17756,-1.2697417376553388,-0.008298802814695066
17757,-1.269741737657478,-0.008298802814695066
17758,-1.2697417376677764,-0.008298802814695066
17759,-1.2697417376678097,-0.008298802814695066
17760,-1.2697417376736553,-0.008298802814695066
17761,-1.2697417376779292,-0.008298802814695066
17762,-1.2697417376800189,-0.008298802814695066
17763,-1.269741737680933,-0.008298802814695066
17764,-1.2697417376849285,-0.008298802814695066
17765,-1.2697417376932023,-0.008298802814695066
17766,-1.2697417376944247,-0.008298802814695066
17767,-1.269741737694909,-0.008298802814695066
17768,-1.269741737698166,-0.008298802814695066
17769,-1.2697417377014633,-0.008298802814695066
17770,-1.2697417377130074,-0.008298802814695066
17771,-1.2697417377144629,-0.008298802814695066
17772,-1.2697417377151305,-0.008298802814695066
17773,-1.2697417377182,-0.008298802814695066
17774,-1.2697417377182547,-0.008298802814695066
17775,-1.269741737722007,-0.008298802814695066
17776,-1.2697417377252487,-0.008298802814695066
17777,-1.269741737734378,-0.008298802814695066
17778,-1.2697417377390599,-0.008298802814695066
17779,-1.2697417377425968,-0.008298802814695066
17780,-1.2697417377436704,-0.008298802814695066
17781,-1.2697417377463336,-0.008298802814695066
17782,-1.2697417377505373,-0.008298802814695066
17783,-1.269741737751641,-0.008298802814695066
17784,-1.2697417377533367,-0.008298802814695066
17785,-1.269741737759328,-0.008298802814695066
17786,-1.2697417377597582,-0.008298802814695066
17787,-1.2697417377607274,-0.008298802814695066
17788,-1.2697417377680067,-0.008298802814695066
17789,-1.2697417377695568,-0.008298802814695066
17790,-1.2697417377724192,-0.008298802814695066
17791,-1.269741737774813,-0.008298802814695066
17792,-1.269741737775038,-0.008298802814695066
17793,-1.2697417377750622,-0.008298802814695066
17794,-1.269741737775934,-0.008298802814695066
17795,-1.2697417377794706,-0.008298802814695066
17796,-1.2697417377804072,-0.008298802814695066
17797,-1.2697417377813904,-0.008298802814695066
17798,-1.2697417377829323,-0.008298802814695066
17799,-1.2697417377836548,-0.008298802814695066
17800,-1.2697417377895546,-0.008298802814695066
17801,-1.2697417377898041,-0.008298802814695066
17802,-1.2697417377903477,-0.008298802814695066
17803,-1.2697417377911133,-0.008298802814695066
17804,-1.2697417377920606,-0.008298802814695066
17805,-1.2697417377944953,-0.008298802814695066
17806,-1.2697417377962072,-0.008298802814695066
17807,-1.2697417378054796,-0.008298802814695066
17808,-1.2697417378072207,-0.008298802814695066
17809,-1.269741737807775,-0.008298802814695066
17810,-1.2697417378092037,-0.008298802814695066
17811,-1.2697417378106517,-0.008298802814695066
17812,-1.269741737812567,-0.008298802814695066
17813,-1.2697417378126958,-0.008298802814695066
17814,-1.2697417378129707,-0.008298802814695066
17815,-1.269741737814005,-0.008298802814695066
17816,-1.269741737818542,-0.008298802814695066
17817,-1.2697417378203173,-0.008298802814695066
17818,-1.269741737820966,-0.008298802814695066
17819,-1.2697417378234341,-0.008298802814695066
17820,-1.2697417378235114,-0.008298802814695066
17821,-1.2697417378275206,-0.008298802814695066
17822,-1.2697417378295948,-0.008298802814695066
17823,-1.2697417378300635,-0.008298802814695066
17824,-1.2697417378331188,-0.008298802814695066
17825,-1.2697417378332145,-0.008298802814695066
17826,-1.2697417378356468,-0.008298802814695066
17827,-1.2697417378380234,-0.008298802814695066
17828,-1.2697417378389202,-0.008298802814695066
17829,-1.2697417378413323,-0.008298802814695066
17830,-1.2697417378420455,-0.008298802814695066
17831,-1.269741737845891,-0.008298802814695066
17832,-1.269741737847275,-0.008298802814695066
17833,-1.2697417378525926,-0.008298802814695066
17834,-1.2697417378532545,-0.008298802814695066
17835,-1.2697417378628226,-0.008298802814695066
17836,-1.2697417378629754,-0.008298802814695066
17837,-1.2697417378643578,-0.008298802814695066
17838,-1.2697417378708722,-0.008298802814695066
17839,-1.2697417378727152,-0.008298802814695066
17840,-1.2697417378769538,-0.008298802814695066
17841,-1.2697417378789329,-0.008298802814695066
17842,-1.2697417378790878,-0.008298802814695066
17843,-1.2697417378813802,-0.008298802814695066
17844,-1.269741737884342,-0.008298802814695066
17845,-1.269741737884706,-0.008298802814695066
17846,-1.269741737887446,-0.008298802814695066
17847,-1.269741737891807,-0.008298802814695066
17848,-1.2697417378937421,-0.008298802814695066
17849,-1.2697417378971159,-0.008298802814695066
17850,-1.2697417378971902,-0.008298802814695066
17851,-1.269741737898453,-0.008298802814695066
17852,-1.2697417378996927,-0.008298802814695066
17853,-1.2697417379039484,-0.008298802814695066
17854,-1.2697417379110572,-0.008298802814695066
17855,-1.2697417379173312,-0.008298802814695066
17856,-1.2697417379191993,-0.008298802814695066
17857,-1.2697417379207228,-0.008298802814695066
17858,-1.2697417379218097,-0.008298802814695066
17859,-1.2697417379219424,-0.008298802814695066
17860,-1.2697417379251437,-0.008298802814695066
17861,-1.269741737928456,-0.008298802814695066
17862,-1.2697417379334235,-0.008298802814695066
17863,-1.269741737934153,-0.008298802814695066
17864,-1.2697417379350648,-0.008298802814695066
17865,-1.2697417379431215,-0.008298802814695066
17866,-1.2697417379436238,-0.008298802814695066
17867,-1.269741737947576,-0.008298802814695066
17868,-1.2697417379509384,-0.008298802814695066
17869,-1.2697417379511602,-0.008298802814695066
17870,-1.269741737953919,-0.008298802814695066
17871,-1.2697417379567333,-0.008298802814695066
17872,-1.2697417379609321,-0.008298802814695066
17873,-1.2697417379625917,-0.008298802814695066
17874,-1.2697417379655986,-0.008298802814695066
17875,-1.2697417379672087,-0.008298802814695066
17876,-1.269741737971189,-0.008298802814695066
17877,-1.2697417379759732,-0.008298802814695066
17878,-1.2697417379788467,-0.008298802814695066
17879,-1.2697417379839129,-0.008298802814695066
17880,-1.2697417379895075,-0.008298802814695066
17881,-1.2697417379907727,-0.008298802814695066
17882,-1.2697417379910614,-0.008298802814695066
17883,-1.269741737991733,-0.008298802814695066
17884,-1.2697417379920954,-0.008298802814695066
17885,-1.2697417379926998,-0.008298802814695066
17886,-1.2697417379994478,-0.008298802814695066
17887,-1.2697417379996057,-0.008298802814695066
17888,-1.269741738000647,-0.008298802814695066
17889,-1.2697417380012839,-0.008298802814695066
17890,-1.2697417380024625,-0.008298802814695066
17891,-1.2697417380043623,-0.008298802814695066
17892,-1.2697417380084388,-0.008298802814695066
17893,-1.2697417380092166,-0.008298802814695066
17894,-1.2697417380146465,-0.008298802814695066
17895,-1.269741738015035,-0.008298802814695066
17896,-1.269741738015234,-0.008298802814695066
17897,-1.2697417380155458,-0.008298802814695066
17898,-1.2697417380169704,-0.008298802814695066
17899,-1.2697417380170282,-0.008298802814695066
17900,-1.2697417380183236,-0.008298802814695066
17901,-1.2697417380187592,-0.008298802814695066
17902,-1.2697417380213787,-0.008298802814695066
17903,-1.2697417380227338,-0.008298802814695066
17904,-1.269741738023101,-0.008298802814695066
17905,-1.26974173802375,-0.008298802814695066
17906,-1.2697417380239973,-0.008298802814695066
17907,-1.2697417380254925,-0.008298802814695066
17908,-1.2697417380315759,-0.008298802814695066
17909,-1.2697417380350877,-0.008298802814695066
17910,-1.269741738035227,-0.008298802814695066
17911,-1.269741738036787,-0.008298802814695066
17912,-1.2697417380461657,-0.008298802814695066
17913,-1.2697417380471647,-0.008298802814695066
17914,-1.269741738048487,-0.008298802814695066
17915,-1.2697417380541798,-0.008298802814695066
17916,-1.26974173805697,-0.008298802814695066
17917,-1.269741738066565,-0.008298802814695066
17918,-1.2697417380682146,-0.008298802814695066
17919,-1.2697417380720317,-0.008298802814695066
17920,-1.2697417380750355,-0.008298802814695066
17921,-1.269741738075216,-0.008298802814695066
17922,-1.2697417380788019,-0.008298802814695066
17923,-1.2697417380864355,-0.008298802814695066
17924,-1.2697417380892557,-0.008298802814695066
17925,-1.2697417380906184,-0.008298802814695066
17926,-1.2697417380912217,-0.008298802814695066
17927,-1.269741738091915,-0.008298802814695066
17928,-1.2697417380938874,-0.008298802814695066
17929,-1.269741738094197,-0.008298802814695066
17930,-1.2697417381006908,-0.008298802814695066
17931,-1.2697417381023468,-0.008298802814695066
17932,-1.2697417381035272,-0.008298802814695066
17933,-1.2697417381077818,-0.008298802814695066
17934,-1.2697417381078897,-0.008298802814695066
17935,-1.2697417381128222,-0.008298802814695066
17936,-1.2697417381133211,-0.008298802814695066
17937,-1.2697417381153309,-0.008298802814695066
17938,-1.2697417381163025,-0.008298802814695066
17939,-1.2697417381167446,-0.008298802814695066
17940,-1.2697417381167575,-0.008298802814695066
17941,-1.269741738117466,-0.008298802814695066
17942,-1.2697417381214375,-0.008298802814695066
17943,-1.2697417381235265,-0.008298802814695066
17944,-1.269741738123987,-0.008298802814695066
17945,-1.2697417381250884,-0.008298802814695066
17946,-1.2697417381258698,-0.008298802814695066
17947,-1.2697417381308633,-0.008298802814695066
17948,-1.2697417381315041,-0.008298802814695066
17949,-1.2697417381319007,-0.008298802814695066
17950,-1.2697417381332397,-0.008298802814695066
17951,-1.2697417381346419,-0.008298802814695066
17952,-1.269741738139037,-0.008298802814695066
17953,-1.2697417381412843,-0.008298802814695066
17954,-1.2697417381437404,-0.008298802814695066
17955,-1.2697417381463352,-0.008298802814695066
17956,-1.269741738146643,-0.008298802814695066
17957,-1.2697417381484044,-0.008298802814695066
17958,-1.2697417381509912,-0.008298802814695066
17959,-1.2697417381550338,-0.008298802814695066
17960,-1.2697417381579146,-0.008298802814695066
17961,-1.269741738158328,-0.008298802814695066
17962,-1.2697417381594234,-0.008298802814695066
17963,-1.2697417381606475,-0.008298802814695066
17964,-1.2697417381644363,-0.008298802814695066
17965,-1.2697417381676215,-0.008298802814695066
17966,-1.2697417381686764,-0.008298802814695066
17967,-1.2697417381696254,-0.008298802814695066
17968,-1.2697417381735605,-0.008298802814695066
17969,-1.2697417381774554,-0.008298802814695066
17970,-1.2697417381790344,-0.008298802814695066
17971,-1.2697417381800187,-0.008298802814695066
17972,-1.2697417381809974,-0.008298802814695066
17973,-1.2697417381820615,-0.008298802814695066
17974,-1.2697417381841565,-0.008298802814695066
17975,-1.2697417381854166,-0.008298802814695066
17976,-1.2697417381896479,-0.008298802814695066
17977,-1.2697417381920557,-0.008298802814695066
17978,-1.269741738193103,-0.008298802814695066
17979,-1.269741738197467,-0.008298802814695066
17980,-1.2697417382000982,-0.008298802814695066
17981,-1.2697417382012073,-0.008298802814695066
17982,-1.2697417382025176,-0.008298802814695066
17983,-1.2697417382042553,-0.008298802814695066
17984,-1.2697417382087899,-0.008298802814695066
17985,-1.2697417382094338,-0.008298802814695066
17986,-1.269741738211921,-0.008298802814695066
17987,-1.2697417382143357,-0.008298802814695066
17988,-1.2697417382168752,-0.008298802814695066
17989,-1.2697417382175256,-0.008298802814695066
17990,-1.2697417382194414,-0.008298802814695066
17991,-1.269741738228392,-0.008298802814695066
17992,-1.2697417382307972,-0.008298802814695066
17993,-1.2697417382341096,-0.008298802814695066
17994,-1.2697417382349236,-0.008298802814695066
17995,-1.2697417382376595,-0.008298802814695066
17996,-1.2697417382419243,-0.008298802814695066
17997,-1.2697417382433729,-0.008298802814695066
17998,-1.2697417382442469,-0.008298802814695066
17999,-1.2697417382456169,-0.008298802814695066
18000,-1.2697417382467886,-0.008298802814695066
18001,-1.2697417382470095,-0.008298802814695066
18002,-1.2697417382477716,-0.008298802814695066
18003,-1.2697417382485279,-0.008298802814695066
18004,-1.2697417382528489,-0.008298802814695066
18005,-1.2697417382534923,-0.008298802814695066
18006,-1.269741738254028,-0.008298802814695066
18007,-1.2697417382551743,-0.008298802814695066
18008,-1.2697417382554737,-0.008298802814695066
18009,-1.269741738256505,-0.008298802814695066
18010,-1.2697417382593126,-0.008298802814695066
18011,-1.2697417382640348,-0.008298802814695066
18012,-1.2697417382643033,-0.008298802814695066
18013,-1.2697417382657372,-0.008298802814695066
18014,-1.2697417382658451,-0.008298802814695066
18015,-1.2697417382670513,-0.008298802814695066
18016,-1.269741738267555,-0.008298802814695066
18017,-1.26974173826992,-0.008298802814695066
18018,-1.2697417382711509,-0.008298802814695066
18019,-1.2697417382739717,-0.008298802814695066
18020,-1.2697417382774565,-0.008298802814695066
18021,-1.2697417382789888,-0.008298802814695066
18022,-1.2697417382794205,-0.008298802814695066
18023,-1.269741738279566,-0.008298802814695066
18024,-1.2697417382797598,-0.008298802814695066
18025,-1.2697417382853389,-0.008298802814695066
18026,-1.2697417382878067,-0.008298802814695066
18027,-1.26974173828869,-0.008298802814695066
18028,-1.2697417382909681,-0.008298802814695066
18029,-1.2697417382920886,-0.008298802814695066
18030,-1.2697417382924934,-0.008298802814695066
18031,-1.2697417382928367,-0.008298802814695066
18032,-1.2697417382942482,-0.008298802814695066
18033,-1.2697417382973641,-0.008298802814695066
18034,-1.2697417382994178,-0.008298802814695066
18035,-1.2697417382998588,-0.008298802814695066
18036,-1.269741738300058,-0.008298802814695066
18037,-1.2697417383002325,-0.008298802814695066
18038,-1.2697417383019372,-0.008298802814695066
18039,-1.2697417383022813,-0.008298802814695066
18040,-1.2697417383030496,-0.008298802814695066
18041,-1.2697417383030911,-0.008298802814695066
18042,-1.2697417383048553,-0.008298802814695066
18043,-1.2697417383082665,-0.008298802814695066
18044,-1.2697417383083631,-0.008298802814695066
18045,-1.2697417383097407,-0.008298802814695066
18046,-1.2697417383116583,-0.008298802814695066
18047,-1.2697417383138556,-0.008298802814695066
18048,-1.2697417383162692,-0.008298802814695066
18049,-1.2697417383175742,-0.008298802814695066
18050,-1.269741738317852,-0.008298802814695066
18051,-1.2697417383188099,-0.008298802814695066
18052,-1.2697417383207519,-0.008298802814695066
18053,-1.2697417383217866,-0.008298802814695066
18054,-1.26974173832251,-0.008298802814695066
18055,-1.269741738323038,-0.008298802814695066
18056,-1.269741738323867,-0.008298802814695066
18057,-1.2697417383276726,-0.008298802814695066
18058,-1.2697417383313534,-0.008298802814695066
18059,-1.2697417383319938,-0.008298802814695066
18060,-1.2697417383321499,-0.008298802814695066
18061,-1.2697417383348661,-0.008298802814695066
18062,-1.2697417383349243,-0.008298802814695066
18063,-1.2697417383349707,-0.008298802814695066
18064,-1.2697417383381722,-0.008298802814695066
18065,-1.2697417383389416,-0.008298802814695066
18066,-1.2697417383400846,-0.008298802814695066
18067,-1.2697417383415168,-0.008298802814695066
18068,-1.269741738344993,-0.008298802814695066
18069,-1.2697417383454874,-0.008298802814695066
18070,-1.2697417383456029,-0.008298802814695066
18071,-1.2697417383481275,-0.008298802814695066
18072,-1.269741738350452,-0.008298802814695066
18073,-1.269741738350667,-0.008298802814695066
18074,-1.2697417383542606,-0.008298802814695066
18075,-1.2697417383548095,-0.008298802814695066
18076,-1.2697417383559344,-0.008298802814695066
18077,-1.2697417383577023,-0.008298802814695066
18078,-1.2697417383586236,-0.008298802814695066
18079,-1.2697417383594147,-0.008298802814695066
18080,-1.2697417383612932,-0.008298802814695066
18081,-1.2697417383617355,-0.008298802814695066
18082,-1.2697417383626584,-0.008298802814695066
18083,-1.2697417383637655,-0.008298802814695066
18084,-1.2697417383681633,-0.008298802814695066
18085,-1.2697417383689071,-0.008298802814695066
18086,-1.269741738373033,-0.008298802814695066
18087,-1.2697417383783383,-0.008298802814695066
18088,-1.2697417383815788,-0.008298802814695066
18089,-1.2697417383826255,-0.008298802814695066
18090,-1.2697417383874359,-0.008298802814695066
18091,-1.2697417383893708,-0.008298802814695066
18092,-1.2697417383980758,-0.008298802814695066
18093,-1.2697417384017542,-0.008298802814695066
18094,-1.2697417384028382,-0.008298802814695066
18095,-1.2697417384029,-0.008298802814695066
18096,-1.2697417384029392,-0.008298802814695066
18097,-1.2697417384030958,-0.008298802814695066
18098,-1.2697417384037153,-0.008298802814695066
18099,-1.269741738404381,-0.008298802814695066
18100,-1.2697417384053393,-0.008298802814695066
18101,-1.2697417384070795,-0.008298802814695066
18102,-1.2697417384076486,-0.008298802814695066
18103,-1.2697417384094165,-0.008298802814695066
18104,-1.2697417384096155,-0.008298802814695066
18105,-1.2697417384103222,-0.008298802814695066
18106,-1.2697417384130354,-0.008298802814695066
18107,-1.2697417384146767,-0.008298802814695066
18108,-1.2697417384172478,-0.008298802814695066
18109,-1.2697417384177294,-0.008298802814695066
18110,-1.2697417384177605,-0.008298802814695066
18111,-1.2697417384213094,-0.008298802814695066
18112,-1.2697417384216034,-0.008298802814695066
18113,-1.2697417384230154,-0.008298802814695066
18114,-1.2697417384264016,-0.008298802814695066
18115,-1.2697417384289693,-0.008298802814695066
18116,-1.269741738429755,-0.008298802814695066
18117,-1.2697417384303848,-0.008298802814695066
18118,-1.2697417384321161,-0.008298802814695066
18119,-1.2697417384328986,-0.008298802814695066
18120,-1.2697417384348872,-0.008298802814695066
18121,-1.2697417384365313,-0.008298802814695066
18122,-1.2697417384367036,-0.008298802814695066
18123,-1.2697417384391971,-0.008298802814695066
18124,-1.2697417384418503,-0.008298802814695066
18125,-1.2697417384423468,-0.008298802814695066
18126,-1.2697417384432295,-0.008298802814695066
18127,-1.2697417384468468,-0.008298802814695066
18128,-1.269741738447624,-0.008298802814695066
18129,-1.2697417384486989,-0.008298802814695066
18130,-1.269741738449128,-0.008298802814695066
18131,-1.2697417384499703,-0.008298802814695066
18132,-1.2697417384514487,-0.008298802814695066
18133,-1.2697417384526273,-0.008298802814695066
18134,-1.269741738456145,-0.008298802814695066
18135,-1.2697417384579788,-0.008298802814695066
18136,-1.269741738460505,-0.008298802814695066
18137,-1.269741738463551,-0.008298802814695066
18138,-1.2697417384638277,-0.008298802814695066
18139,-1.269741738464855,-0.008298802814695066
18140,-1.2697417384671732,-0.008298802814695066
18141,-1.269741738467425,-0.008298802814695066
18142,-1.2697417384683338,-0.008298802814695066
18143,-1.2697417384703953,-0.008298802814695066
18144,-1.2697417384710592,-0.008298802814695066
18145,-1.2697417384731995,-0.008298802814695066
18146,-1.2697417384738703,-0.008298802814695066
18147,-1.2697417384748155,-0.008298802814695066
18148,-1.269741738480995,-0.008298802814695066
18149,-1.269741738481466,-0.008298802814695066
18150,-1.269741738483686,-0.008298802814695066
18151,-1.2697417384863756,-0.008298802814695066
18152,-1.2697417384875378,-0.008298802814695066
18153,-1.2697417384887395,-0.008298802814695066
18154,-1.2697417384920602,-0.008298802814695066
18155,-1.2697417384925602,-0.008298802814695066
18156,-1.269741738492707,-0.008298802814695066
18157,-1.269741738492996,-0.008298802814695066
18158,-1.2697417384940533,-0.008298802814695066
18159,-1.2697417384977057,-0.008298802814695066
18160,-1.2697417384989713,-0.008298802814695066
18161,-1.2697417384989838,-0.008298802814695066
18162,-1.269741738499063,-0.008298802814695066
18163,-1.269741738499274,-0.008298802814695066
18164,-1.26974173850037,-0.008298802814695066
18165,-1.2697417385005125,-0.008298802814695066
18166,-1.2697417385034118,-0.008298802814695066
18167,-1.2697417385046241,-0.008298802814695066
18168,-1.269741738505277,-0.008298802814695066
18169,-1.2697417385056782,-0.008298802814695066
18170,-1.269741738509204,-0.008298802814695066
18171,-1.2697417385101293,-0.008298802814695066
18172,-1.269741738510799,-0.008298802814695066
18173,-1.269741738510906,-0.008298802814695066
18174,-1.2697417385118552,-0.008298802814695066
18175,-1.2697417385125356,-0.008298802814695066
18176,-1.2697417385130803,-0.008298802814695066
18177,-1.2697417385147278,-0.008298802814695066
18178,-1.2697417385149263,-0.008298802814695066
18179,-1.2697417385150385,-0.008298802814695066
18180,-1.2697417385159593,-0.008298802814695066
18181,-1.2697417385172836,-0.008298802814695066
18182,-1.2697417385175456,-0.008298802814695066
18183,-1.2697417385182592,-0.008298802814695066
18184,-1.2697417385187688,-0.008298802814695066
18185,-1.269741738519537,-0.008298802814695066
18186,-1.2697417385207863,-0.008298802814695066
18187,-1.2697417385208176,-0.008298802814695066
18188,-1.269741738521203,-0.008298802814695066
18189,-1.2697417385223477,-0.008298802814695066
18190,-1.269741738523851,-0.008298802814695066
18191,-1.2697417385247525,-0.008298802814695066
18192,-1.2697417385266476,-0.008298802814695066
18193,-1.2697417385290999,-0.008298802814695066
18194,-1.269741738531292,-0.008298802814695066
18195,-1.269741738531342,-0.008298802814695066
18196,-1.269741738534266,-0.008298802814695066
18197,-1.2697417385347225,-0.008298802814695066
18198,-1.2697417385354801,-0.008298802814695066
18199,-1.269741738538078,-0.008298802814695066
18200,-1.2697417385395875,-0.008298802814695066
18201,-1.269741738539974,-0.008298802814695066
18202,-1.2697417385494487,-0.008298802814695066
18203,-1.2697417385499892,-0.008298802814695066
18204,-1.269741738552056,-0.008298802814695066
18205,-1.2697417385569605,-0.008298802814695066
18206,-1.2697417385594503,-0.008298802814695066
18207,-1.269741738560446,-0.008298802814695066
18208,-1.2697417385661234,-0.008298802814695066
18209,-1.2697417385681236,-0.008298802814695066
18210,-1.269741738569344,-0.008298802814695066
18211,-1.269741738569745,-0.008298802814695066
18212,-1.2697417385703695,-0.008298802814695066
18213,-1.2697417385704746,-0.008298802814695066
18214,-1.2697417385707312,-0.008298802814695066
18215,-1.2697417385727467,-0.008298802814695066
18216,-1.2697417385739096,-0.008298802814695066
18217,-1.2697417385748053,-0.008298802814695066
18218,-1.2697417385753305,-0.008298802814695066
18219,-1.269741738575935,-0.008298802814695066
18220,-1.2697417385771879,-0.008298802814695066
18221,-1.2697417385805796,-0.008298802814695066
18222,-1.269741738581841,-0.008298802814695066
18223,-1.2697417385839955,-0.008298802814695066
18224,-1.2697417385844685,-0.008298802814695066
18225,-1.2697417385845724,-0.008298802814695066
18226,-1.269741738587455,-0.008298802814695066
18227,-1.2697417385874856,-0.008298802814695066
18228,-1.2697417385877303,-0.008298802814695066
18229,-1.269741738589298,-0.008298802814695066
18230,-1.2697417385907015,-0.008298802814695066
18231,-1.2697417385934615,-0.008298802814695066
18232,-1.2697417385945968,-0.008298802814695066
18233,-1.2697417385962106,-0.008298802814695066
18234,-1.2697417385976302,-0.008298802814695066
18235,-1.2697417385987513,-0.008298802814695066
18236,-1.2697417385994096,-0.008298802814695066
18237,-1.2697417386005303,-0.008298802814695066
18238,-1.2697417386018583,-0.008298802814695066
18239,-1.269741738601998,-0.008298802814695066
18240,-1.2697417386069076,-0.008298802814695066
18241,-1.2697417386079128,-0.008298802814695066
18242,-1.2697417386085146,-0.008298802814695066
18243,-1.2697417386086767,-0.008298802814695066
18244,-1.2697417386086807,-0.008298802814695066
18245,-1.2697417386090541,-0.008298802814695066
18246,-1.2697417386095222,-0.008298802814695066
18247,-1.269741738613963,-0.008298802814695066
18248,-1.2697417386141532,-0.008298802814695066
18249,-1.269741738614388,-0.008298802814695066
18250,-1.269741738614732,-0.008298802814695066
18251,-1.2697417386156247,-0.008298802814695066
18252,-1.2697417386180592,-0.008298802814695066
18253,-1.269741738618065,-0.008298802814695066
18254,-1.269741738621247,-0.008298802814695066
18255,-1.2697417386221803,-0.008298802814695066
18256,-1.269741738622765,-0.008298802814695066
18257,-1.2697417386237952,-0.008298802814695066
18258,-1.2697417386249004,-0.008298802814695066
18259,-1.2697417386272916,-0.008298802814695066
18260,-1.2697417386280478,-0.008298802814695066
18261,-1.2697417386295706,-0.008298802814695066
18262,-1.269741738631211,-0.008298802814695066
18263,-1.2697417386316854,-0.008298802814695066
18264,-1.2697417386323777,-0.008298802814695066
18265,-1.2697417386328254,-0.008298802814695066
18266,-1.2697417386337146,-0.008298802814695066
18267,-1.2697417386347438,-0.008298802814695066
18268,-1.2697417386361185,-0.008298802814695066
18269,-1.2697417386362193,-0.008298802814695066
18270,-1.2697417386364032,-0.008298802814695066
18271,-1.2697417386401195,-0.008298802814695066
18272,-1.2697417386424195,-0.008298802814695066
18273,-1.2697417386428094,-0.008298802814695066
18274,-1.269741738643159,-0.008298802814695066
18275,-1.2697417386436365,-0.008298802814695066
18276,-1.2697417386442569,-0.008298802814695066
18277,-1.2697417386451226,-0.008298802814695066
18278,-1.2697417386467813,-0.008298802814695066
18279,-1.2697417386498548,-0.008298802814695066
18280,-1.2697417386509953,-0.008298802814695066
18281,-1.2697417386511645,-0.008298802814695066
18282,-1.2697417386517005,-0.008298802814695066
18283,-1.2697417386526495,-0.008298802814695066
18284,-1.2697417386541956,-0.008298802814695066
18285,-1.2697417386549454,-0.008298802814695066
18286,-1.2697417386553083,-0.008298802814695066
18287,-1.2697417386557568,-0.008298802814695066
18288,-1.269741738656385,-0.008298802814695066
18289,-1.2697417386569831,-0.008298802814695066
18290,-1.2697417386571586,-0.008298802814695066
18291,-1.2697417386577587,-0.008298802814695066
18292,-1.2697417386597913,-0.008298802814695066
18293,-1.2697417386653695,-0.008298802814695066
18294,-1.269741738666089,-0.008298802814695066
18295,-1.269741738666801,-0.008298802814695066
18296,-1.2697417386668728,-0.008298802814695066
18297,-1.26974173866769,-0.008298802814695066
18298,-1.2697417386681467,-0.008298802814695066
18299,-1.2697417386684942,-0.008298802814695066
18300,-1.2697417386715713,-0.008298802814695066
18301,-1.2697417386720946,-0.008298802814695066
18302,-1.2697417386721237,-0.008298802814695066
18303,-1.2697417386727485,-0.008298802814695066
18304,-1.2697417386760261,-0.008298802814695066
18305,-1.269741738677513,-0.008298802814695066
18306,-1.2697417386780672,-0.008298802814695066
18307,-1.2697417386826104,-0.008298802814695066
18308,-1.269741738683178,-0.008298802814695066
18309,-1.2697417386833825,-0.008298802814695066
18310,-1.2697417386886012,-0.008298802814695066
18311,-1.2697417386886483,-0.008298802814695066
18312,-1.2697417386887389,-0.008298802814695066
18313,-1.2697417386899448,-0.008298802814695066
18314,-1.2697417386899637,-0.008298802814695066
18315,-1.2697417386902827,-0.008298802814695066
18316,-1.2697417386905259,-0.008298802814695066
18317,-1.2697417386907466,-0.008298802814695066
18318,-1.2697417386917567,-0.008298802814695066
18319,-1.2697417386922143,-0.008298802814695066
18320,-1.269741738694261,-0.008298802814695066
18321,-1.2697417386986738,-0.008298802814695066
18322,-1.269741738698773,-0.008298802814695066
18323,-1.269741738699905,-0.008298802814695066
18324,-1.2697417387010916,-0.008298802814695066
18325,-1.2697417387024261,-0.008298802814695066
18326,-1.2697417387035697,-0.008298802814695066
18327,-1.2697417387094343,-0.008298802814695066
18328,-1.2697417387098155,-0.008298802814695066
18329,-1.2697417387150594,-0.008298802814695066
18330,-1.269741738715934,-0.008298802814695066
18331,-1.2697417387163386,-0.008298802814695066
18332,-1.2697417387192802,-0.008298802814695066
18333,-1.2697417387193675,-0.008298802814695066
18334,-1.2697417387201504,-0.008298802814695066
18335,-1.2697417387205985,-0.008298802814695066
18336,-1.2697417387207566,-0.008298802814695066
18337,-1.2697417387219048,-0.008298802814695066
18338,-1.2697417387249705,-0.008298802814695066
18339,-1.2697417387261667,-0.008298802814695066
18340,-1.2697417387266134,-0.008298802814695066
18341,-1.2697417387278822,-0.008298802814695066
18342,-1.2697417387284293,-0.008298802814695066
18343,-1.269741738729986,-0.008298802814695066
18344,-1.2697417387303653,-0.008298802814695066
18345,-1.2697417387318723,-0.008298802814695066
18346,-1.2697417387352559,-0.008298802814695066
18347,-1.2697417387353556,-0.008298802814695066
18348,-1.2697417387367151,-0.008298802814695066
18349,-1.269741738737805,-0.008298802814695066
18350,-1.269741738737809,-0.008298802814695066
18351,-1.2697417387406187,-0.008298802814695066
18352,-1.2697417387424141,-0.008298802814695066
18353,-1.2697417387443197,-0.008298802814695066
18354,-1.2697417387470311,-0.008298802814695066
18355,-1.2697417387480419,-0.008298802814695066
18356,-1.2697417387485612,-0.008298802814695066
18357,-1.2697417387494732,-0.008298802814695066
18358,-1.2697417387516052,-0.008298802814695066
18359,-1.2697417387518566,-0.008298802814695066
18360,-1.2697417387522165,-0.008298802814695066
18361,-1.2697417387522272,-0.008298802814695066
18362,-1.269741738753923,-0.008298802814695066
18363,-1.2697417387541947,-0.008298802814695066
18364,-1.2697417387542496,-0.008298802814695066
18365,-1.2697417387548144,-0.008298802814695066
18366,-1.2697417387567098,-0.008298802814695066
18367,-1.2697417387574361,-0.008298802814695066
18368,-1.2697417387575052,-0.008298802814695066
18369,-1.2697417387579872,-0.008298802814695066
18370,-1.2697417387601395,-0.008298802814695066
18371,-1.2697417387602639,-0.008298802814695066
18372,-1.2697417387630126,-0.008298802814695066
18373,-1.2697417387633203,-0.008298802814695066
18374,-1.2697417387645855,-0.008298802814695066
18375,-1.269741738766737,-0.008298802814695066
18376,-1.2697417387674608,-0.008298802814695066
18377,-1.269741738769489,-0.008298802814695066
18378,-1.2697417387726462,-0.008298802814695066
18379,-1.2697417387731602,-0.008298802814695066
18380,-1.2697417387738592,-0.008298802814695066
18381,-1.2697417387742929,-0.008298802814695066
18382,-1.2697417387776926,-0.008298802814695066
18383,-1.2697417387783245,-0.008298802814695066
18384,-1.2697417387790637,-0.008298802814695066
18385,-1.2697417387804406,-0.008298802814695066
18386,-1.2697417387836072,-0.008298802814695066
18387,-1.2697417387853818,-0.008298802814695066
18388,-1.269741738785988,-0.008298802814695066
18389,-1.2697417387861256,-0.008298802814695066
18390,-1.2697417387864058,-0.008298802814695066
18391,-1.2697417387869663,-0.008298802814695066
18392,-1.2697417387881729,-0.008298802814695066
18393,-1.2697417387887355,-0.008298802814695066
18394,-1.2697417387887793,-0.008298802814695066
18395,-1.2697417387899501,-0.008298802814695066
18396,-1.2697417387901184,-0.008298802814695066
18397,-1.269741738791404,-0.008298802814695066
18398,-1.2697417387917718,-0.008298802814695066
18399,-1.269741738793028,-0.008298802814695066
18400,-1.269741738793207,-0.008298802814695066
18401,-1.2697417387940826,-0.008298802814695066
18402,-1.2697417387948426,-0.008298802814695066
18403,-1.269741738795045,-0.008298802814695066
18404,-1.269741738796003,-0.008298802814695066
18405,-1.2697417387978982,-0.008298802814695066
18406,-1.2697417387981562,-0.008298802814695066
18407,-1.2697417387992347,-0.008298802814695066
18408,-1.26974173879957,-0.008298802814695066
18409,-1.2697417388022194,-0.008298802814695066
18410,-1.269741738804358,-0.008298802814695066
18411,-1.269741738806729,-0.008298802814695066
18412,-1.2697417388073085,-0.008298802814695066
18413,-1.2697417388076255,-0.008298802814695066
18414,-1.2697417388077918,-0.008298802814695066
18415,-1.2697417388084957,-0.008298802814695066
18416,-1.2697417388085097,-0.008298802814695066
18417,-1.2697417388094017,-0.008298802814695066
18418,-1.2697417388107972,-0.008298802814695066
18419,-1.2697417388138492,-0.008298802814695066
18420,-1.26974173881387,-0.008298802814695066
18421,-1.2697417388142198,-0.008298802814695066
18422,-1.2697417388145258,-0.008298802814695066
18423,-1.2697417388148096,-0.008298802814695066
18424,-1.2697417388150734,-0.008298802814695066
18425,-1.2697417388181431,-0.008298802814695066
18426,-1.269741738818708,-0.008298802814695066
18427,-1.2697417388201295,-0.008298802814695066
18428,-1.269741738820234,-0.008298802814695066
18429,-1.2697417388222736,-0.008298802814695066
18430,-1.2697417388259873,-0.008298802814695066
18431,-1.269741738826148,-0.008298802814695066
18432,-1.2697417388269325,-0.008298802814695066
18433,-1.2697417388272725,-0.008298802814695066
18434,-1.2697417388280479,-0.008298802814695066
18435,-1.2697417388302508,-0.008298802814695066
18436,-1.2697417388309067,-0.008298802814695066
18437,-1.2697417388312198,-0.008298802814695066
18438,-1.2697417388321626,-0.008298802814695066
18439,-1.2697417388335528,-0.008298802814695066
18440,-1.2697417388343804,-0.008298802814695066
18441,-1.269741738837222,-0.008298802814695066
18442,-1.269741738837737,-0.008298802814695066
18443,-1.2697417388409191,-0.008298802814695066
18444,-1.2697417388414416,-0.008298802814695066
18445,-1.269741738842325,-0.008298802814695066
18446,-1.2697417388425498,-0.008298802814695066
18447,-1.2697417388427714,-0.008298802814695066
18448,-1.269741738842975,-0.008298802814695066
18449,-1.2697417388434462,-0.008298802814695066
18450,-1.2697417388435897,-0.008298802814695066
18451,-1.2697417388448382,-0.008298802814695066
18452,-1.2697417388452776,-0.008298802814695066
18453,-1.269741738845719,-0.008298802814695066
18454,-1.2697417388482815,-0.008298802814695066
18455,-1.26974173884829,-0.008298802814695066
18456,-1.2697417388490786,-0.008298802814695066
18457,-1.2697417388499503,-0.008298802814695066
18458,-1.2697417388526846,-0.008298802814695066
18459,-1.2697417388529741,-0.008298802814695066
18460,-1.2697417388538788,-0.008298802814695066
18461,-1.269741738854047,-0.008298802814695066
18462,-1.2697417388540764,-0.008298802814695066
18463,-1.2697417388563936,-0.008298802814695066
18464,-1.2697417388588692,-0.008298802814695066
18465,-1.2697417388588745,-0.008298802814695066
18466,-1.2697417388601822,-0.008298802814695066
18467,-1.2697417388606307,-0.008298802814695066
18468,-1.2697417388613752,-0.008298802814695066
18469,-1.2697417388642402,-0.008298802814695066
18470,-1.2697417388652423,-0.008298802814695066
18471,-1.269741738867778,-0.008298802814695066
18472,-1.2697417388699002,-0.008298802814695066
18473,-1.2697417388712737,-0.008298802814695066
18474,-1.2697417388718328,-0.008298802814695066
18475,-1.2697417388732641,-0.008298802814695066
18476,-1.2697417388746304,-0.008298802814695066
18477,-1.2697417388749095,-0.008298802814695066
18478,-1.269741738874967,-0.008298802814695066
18479,-1.2697417388759644,-0.008298802814695066
18480,-1.2697417388773324,-0.008298802814695066
18481,-1.269741738877507,-0.008298802814695066
18482,-1.269741738880014,-0.008298802814695066
18483,-1.2697417388808678,-0.008298802814695066
18484,-1.2697417388831147,-0.008298802814695066
18485,-1.269741738883637,-0.008298802814695066
18486,-1.269741738884071,-0.008298802814695066
18487,-1.2697417388841932,-0.008298802814695066
18488,-1.2697417388842434,-0.008298802814695066
18489,-1.2697417388875694,-0.008298802814695066
18490,-1.2697417388878627,-0.008298802814695066
18491,-1.2697417388897039,-0.008298802814695066
18492,-1.2697417388916288,-0.008298802814695066
18493,-1.269741738892654,-0.008298802814695066
18494,-1.2697417388940717,-0.008298802814695066
18495,-1.2697417388955041,-0.008298802814695066
18496,-1.269741738895834,-0.008298802814695066
18497,-1.2697417388959065,-0.008298802814695066
18498,-1.269741738902384,-0.008298802814695066
18499,-1.2697417389028325,-0.008298802814695066
18500,-1.2697417389031382,-0.008298802814695066
18501,-1.269741738903245,-0.008298802814695066
18502,-1.2697417389041588,-0.008298802814695066
18503,-1.2697417389048706,-0.008298802814695066
18504,-1.2697417389055732,-0.008298802814695066
18505,-1.2697417389056374,-0.008298802814695066
18506,-1.2697417389066346,-0.008298802814695066
18507,-1.2697417389078989,-0.008298802814695066
18508,-1.269741738907923,-0.008298802814695066
18509,-1.269741738907932,-0.008298802814695066
18510,-1.269741738910725,-0.008298802814695066
18511,-1.2697417389123522,-0.008298802814695066
18512,-1.2697417389137935,-0.008298802814695066
18513,-1.2697417389143852,-0.008298802814695066
18514,-1.2697417389177799,-0.008298802814695066
18515,-1.2697417389192442,-0.008298802814695066
18516,-1.269741738920061,-0.008298802814695066
18517,-1.2697417389207721,-0.008298802814695066
18518,-1.2697417389210897,-0.008298802814695066
18519,-1.2697417389215109,-0.008298802814695066
18520,-1.2697417389222947,-0.008298802814695066
18521,-1.2697417389230155,-0.008298802814695066
18522,-1.2697417389241068,-0.008298802814695066
18523,-1.269741738924241,-0.008298802814695066
18524,-1.2697417389244308,-0.008298802814695066
18525,-1.2697417389247159,-0.008298802814695066
18526,-1.269741738925946,-0.008298802814695066
18527,-1.269741738928916,-0.008298802814695066
18528,-1.2697417389293504,-0.008298802814695066
18529,-1.2697417389298953,-0.008298802814695066
18530,-1.2697417389299717,-0.008298802814695066
18531,-1.2697417389300956,-0.008298802814695066
18532,-1.2697417389305912,-0.008298802814695066
18533,-1.2697417389310361,-0.008298802814695066
18534,-1.269741738931494,-0.008298802814695066
18535,-1.2697417389319046,-0.008298802814695066
18536,-1.2697417389335146,-0.008298802814695066
18537,-1.26974173893442,-0.008298802814695066
18538,-1.269741738934853,-0.008298802814695066
18539,-1.269741738935047,-0.008298802814695066
18540,-1.2697417389353527,-0.008298802814695066
18541,-1.2697417389358532,-0.008298802814695066
18542,-1.269741738936676,-0.008298802814695066
18543,-1.269741738936811,-0.008298802814695066
18544,-1.2697417389374417,-0.008298802814695066
18545,-1.2697417389378818,-0.008298802814695066
18546,-1.2697417389380745,-0.008298802814695066
18547,-1.2697417389382624,-0.008298802814695066
18548,-1.2697417389383965,-0.008298802814695066
18549,-1.26974173893872,-0.008298802814695066
18550,-1.269741738939369,-0.008298802814695066
18551,-1.2697417389405083,-0.008298802814695066
18552,-1.26974173894224,-0.008298802814695066
18553,-1.2697417389424688,-0.008298802814695066
18554,-1.2697417389426473,-0.008298802814695066
18555,-1.269741738943809,-0.008298802814695066
18556,-1.2697417389439618,-0.008298802814695066
18557,-1.2697417389440424,-0.008298802814695066
18558,-1.2697417389441803,-0.008298802814695066
18559,-1.269741738944244,-0.008298802814695066
18560,-1.2697417389449,-0.008298802814695066
18561,-1.2697417389450365,-0.008298802814695066
18562,-1.2697417389460823,-0.008298802814695066
18563,-1.2697417389470096,-0.008298802814695066
18564,-1.269741738947421,-0.008298802814695066
18565,-1.2697417389478498,-0.008298802814695066
18566,-1.26974173894805,-0.008298802814695066
18567,-1.269741738950811,-0.008298802814695066
18568,-1.269741738951912,-0.008298802814695066
18569,-1.2697417389532872,-0.008298802814695066
18570,-1.2697417389538292,-0.008298802814695066
18571,-1.269741738954308,-0.008298802814695066
18572,-1.2697417389548007,-0.008298802814695066
18573,-1.2697417389560692,-0.008298802814695066
18574,-1.2697417389570398,-0.008298802814695066
18575,-1.2697417389570922,-0.008298802814695066
18576,-1.269741738958142,-0.008298802814695066
18577,-1.2697417389594126,-0.008298802814695066
18578,-1.2697417389596173,-0.008298802814695066
18579,-1.2697417389597583,-0.008298802814695066
18580,-1.2697417389612455,-0.008298802814695066
18581,-1.2697417389625998,-0.008298802814695066
18582,-1.2697417389639258,-0.008298802814695066
18583,-1.2697417389662164,-0.008298802814695066
18584,-1.2697417389662409,-0.008298802814695066
18585,-1.269741738966432,-0.008298802814695066
18586,-1.2697417389673915,-0.008298802814695066
18587,-1.269741738970356,-0.008298802814695066
18588,-1.269741738971053,-0.008298802814695066
18589,-1.2697417389723098,-0.008298802814695066
18590,-1.2697417389728074,-0.008298802814695066
18591,-1.269741738973073,-0.008298802814695066
18592,-1.2697417389737955,-0.008298802814695066
18593,-1.2697417389752121,-0.008298802814695066
18594,-1.2697417389752437,-0.008298802814695066
18595,-1.2697417389774523,-0.008298802814695066
18596,-1.269741738977877,-0.008298802814695066
18597,-1.2697417389780064,-0.008298802814695066
18598,-1.2697417389780123,-0.008298802814695066
18599,-1.269741738978954,-0.008298802814695066
18600,-1.2697417389792105,-0.008298802814695066
18601,-1.2697417389792356,-0.008298802814695066
18602,-1.2697417389796324,-0.008298802814695066
18603,-1.2697417389796906,-0.008298802814695066
18604,-1.2697417389804349,-0.008298802814695066
18605,-1.2697417389809516,-0.008298802814695066
18606,-1.2697417389855332,-0.008298802814695066
18607,-1.2697417389867784,-0.008298802814695066
18608,-1.269741738987603,-0.008298802814695066
18609,-1.2697417389893926,-0.008298802814695066
18610,-1.2697417389895778,-0.008298802814695066
18611,-1.2697417389903334,-0.008298802814695066
18612,-1.2697417389912538,-0.008298802814695066
18613,-1.269741738991478,-0.008298802814695066
18614,-1.2697417389923866,-0.008298802814695066
18615,-1.2697417389927304,-0.008298802814695066
18616,-1.2697417389945589,-0.008298802814695066
18617,-1.2697417389949948,-0.008298802814695066
18618,-1.2697417389953622,-0.008298802814695066
18619,-1.2697417389958552,-0.008298802814695066
18620,-1.2697417389969123,-0.008298802814695066
18621,-1.269741738997282,-0.008298802814695066
18622,-1.269741738997345,-0.008298802814695066
18623,-1.269741738999702,-0.008298802814695066
18624,-1.2697417390002574,-0.008298802814695066
18625,-1.269741739000279,-0.008298802814695066
18626,-1.269741739001113,-0.008298802814695066
18627,-1.2697417390018124,-0.008298802814695066
18628,-1.2697417390039374,-0.008298802814695066
18629,-1.2697417390057575,-0.008298802814695066
18630,-1.2697417390059909,-0.008298802814695066
18631,-1.2697417390060166,-0.008298802814695066
18632,-1.2697417390061465,-0.008298802814695066
18633,-1.2697417390061843,-0.008298802814695066
18634,-1.2697417390074952,-0.008298802814695066
18635,-1.2697417390078325,-0.008298802814695066
18636,-1.2697417390079573,-0.008298802814695066
18637,-1.26974173900941,-0.008298802814695066
18638,-1.2697417390099275,-0.008298802814695066
18639,-1.2697417390113883,-0.008298802814695066
18640,-1.2697417390121668,-0.008298802814695066
18641,-1.2697417390122328,-0.008298802814695066
18642,-1.2697417390130548,-0.008298802814695066
18643,-1.2697417390142707,-0.008298802814695066
18644,-1.2697417390155177,-0.008298802814695066
18645,-1.2697417390157355,-0.008298802814695066
18646,-1.2697417390177077,-0.008298802814695066
18647,-1.269741739018477,-0.008298802814695066
18648,-1.2697417390189987,-0.008298802814695066
18649,-1.2697417390191004,-0.008298802814695066
18650,-1.2697417390193069,-0.008298802814695066
18651,-1.2697417390198253,-0.008298802814695066
18652,-1.2697417390199872,-0.008298802814695066
18653,-1.2697417390200003,-0.008298802814695066
18654,-1.2697417390214234,-0.008298802814695066
18655,-1.2697417390214354,-0.008298802814695066
18656,-1.2697417390221233,-0.008298802814695066
18657,-1.2697417390232235,-0.008298802814695066
18658,-1.2697417390234251,-0.008298802814695066
18659,-1.269741739024053,-0.008298802814695066
18660,-1.2697417390252486,-0.008298802814695066
18661,-1.269741739027359,-0.008298802814695066
18662,-1.2697417390279775,-0.008298802814695066
18663,-1.2697417390282522,-0.008298802814695066
18664,-1.269741739028535,-0.008298802814695066
18665,-1.2697417390299819,-0.008298802814695066
18666,-1.2697417390300756,-0.008298802814695066
18667,-1.2697417390304069,-0.008298802814695066
18668,-1.2697417390323869,-0.008298802814695066
18669,-1.269741739032657,-0.008298802814695066
18670,-1.269741739033571,-0.008298802814695066
18671,-1.2697417390340067,-0.008298802814695066
18672,-1.2697417390351278,-0.008298802814695066
18673,-1.2697417390359464,-0.008298802814695066
18674,-1.2697417390370271,-0.008298802814695066
18675,-1.2697417390374868,-0.008298802814695066
18676,-1.2697417390377397,-0.008298802814695066
18677,-1.2697417390380337,-0.008298802814695066
18678,-1.2697417390383219,-0.008298802814695066
18679,-1.269741739038932,-0.008298802814695066
18680,-1.2697417390391585,-0.008298802814695066
18681,-1.2697417390400472,-0.008298802814695066
18682,-1.2697417390410197,-0.008298802814695066
18683,-1.2697417390413765,-0.008298802814695066
18684,-1.2697417390429329,-0.008298802814695066
18685,-1.2697417390431196,-0.008298802814695066
18686,-1.269741739044389,-0.008298802814695066
18687,-1.2697417390445263,-0.008298802814695066
18688,-1.2697417390456849,-0.008298802814695066
18689,-1.269741739047602,-0.008298802814695066
18690,-1.2697417390476704,-0.008298802814695066
18691,-1.26974173904827,-0.008298802814695066
18692,-1.2697417390485626,-0.008298802814695066
18693,-1.269741739049754,-0.008298802814695066
18694,-1.2697417390506143,-0.008298802814695066
18695,-1.269741739051828,-0.008298802814695066
18696,-1.2697417390520123,-0.008298802814695066
18697,-1.2697417390524657,-0.008298802814695066
18698,-1.269741739052942,-0.008298802814695066
18699,-1.2697417390545864,-0.008298802814695066
18700,-1.2697417390547854,-0.008298802814695066
18701,-1.2697417390548118,-0.008298802814695066
18702,-1.2697417390563286,-0.008298802814695066
18703,-1.2697417390573,-0.008298802814695066
18704,-1.2697417390575725,-0.008298802814695066
18705,-1.2697417390575878,-0.008298802814695066
18706,-1.2697417390595678,-0.008298802814695066
18707,-1.2697417390604901,-0.008298802814695066
18708,-1.2697417390605872,-0.008298802814695066
18709,-1.2697417390630326,-0.008298802814695066
18710,-1.269741739063511,-0.008298802814695066
18711,-1.2697417390642194,-0.008298802814695066
18712,-1.2697417390646728,-0.008298802814695066
18713,-1.2697417390649701,-0.008298802814695066
18714,-1.2697417390651013,-0.008298802814695066
18715,-1.2697417390652683,-0.008298802814695066
18716,-1.2697417390665533,-0.008298802814695066
18717,-1.2697417390676542,-0.008298802814695066
18718,-1.269741739067662,-0.008298802814695066
18719,-1.269741739067761,-0.008298802814695066
18720,-1.2697417390678156,-0.008298802814695066
18721,-1.269741739069183,-0.008298802814695066
18722,-1.2697417390696522,-0.008298802814695066
18723,-1.2697417390699086,-0.008298802814695066
18724,-1.269741739069955,-0.008298802814695066
18725,-1.2697417390705215,-0.008298802814695066
18726,-1.2697417390708734,-0.008298802814695066
18727,-1.2697417390730295,-0.008298802814695066
18728,-1.2697417390738295,-0.008298802814695066
18729,-1.2697417390739836,-0.008298802814695066
18730,-1.2697417390740413,-0.008298802814695066
18731,-1.2697417390751191,-0.008298802814695066
18732,-1.269741739076701,-0.008298802814695066
18733,-1.2697417390767012,-0.008298802814695066
18734,-1.2697417390768428,-0.008298802814695066
18735,-1.2697417390776402,-0.008298802814695066
18736,-1.2697417390776922,-0.008298802814695066
18737,-1.2697417390780665,-0.008298802814695066
18738,-1.269741739079366,-0.008298802814695066
18739,-1.2697417390802275,-0.008298802814695066
18740,-1.2697417390803416,-0.008298802814695066
18741,-1.2697417390805743,-0.008298802814695066
18742,-1.2697417390805892,-0.008298802814695066
18743,-1.2697417390808146,-0.008298802814695066
18744,-1.2697417390812011,-0.008298802814695066
18745,-1.2697417390816566,-0.008298802814695066
18746,-1.269741739081958,-0.008298802814695066
18747,-1.2697417390823373,-0.008298802814695066
18748,-1.269741739082884,-0.008298802814695066
18749,-1.2697417390839452,-0.008298802814695066
18750,-1.269741739084562,-0.008298802814695066
18751,-1.2697417390850614,-0.008298802814695066
18752,-1.2697417390853007,-0.008298802814695066
18753,-1.269741739085709,-0.008298802814695066
18754,-1.2697417390858723,-0.008298802814695066
18755,-1.2697417390872734,-0.008298802814695066
18756,-1.2697417390873598,-0.008298802814695066
18757,-1.2697417390879635,-0.008298802814695066
18758,-1.2697417390890422,-0.008298802814695066
18759,-1.2697417390899313,-0.008298802814695066
18760,-1.2697417390907235,-0.008298802814695066
18761,-1.2697417390919628,-0.008298802814695066
18762,-1.2697417390931203,-0.008298802814695066
18763,-1.269741739093197,-0.008298802814695066
18764,-1.2697417390932548,-0.008298802814695066
18765,-1.2697417390938743,-0.008298802814695066
18766,-1.269741739094195,-0.008298802814695066
18767,-1.269741739095152,-0.008298802814695066
18768,-1.2697417390983103,-0.008298802814695066
18769,-1.2697417390983863,-0.008298802814695066
18770,-1.2697417390986268,-0.008298802814695066
18771,-1.2697417390986923,-0.008298802814695066
18772,-1.269741739099705,-0.008298802814695066
18773,-1.269741739099889,-0.008298802814695066
18774,-1.2697417391011492,-0.008298802814695066
18775,-1.2697417391015198,-0.008298802814695066
18776,-1.269741739102133,-0.008298802814695066
18777,-1.2697417391032926,-0.008298802814695066
18778,-1.269741739103369,-0.008298802814695066
18779,-1.2697417391045012,-0.008298802814695066
18780,-1.2697417391048949,-0.008298802814695066
18781,-1.2697417391063122,-0.008298802814695066
18782,-1.269741739106665,-0.008298802814695066
18783,-1.269741739106832,-0.008298802814695066
18784,-1.2697417391074228,-0.008298802814695066
18785,-1.2697417391074923,-0.008298802814695066
18786,-1.269741739107912,-0.008298802814695066
18787,-1.2697417391080954,-0.008298802814695066
18788,-1.2697417391081853,-0.008298802814695066
18789,-1.2697417391085264,-0.008298802814695066
18790,-1.2697417391086998,-0.008298802814695066
18791,-1.2697417391091714,-0.008298802814695066
18792,-1.2697417391092247,-0.008298802814695066
18793,-1.2697417391116088,-0.008298802814695066
18794,-1.2697417391117307,-0.008298802814695066
18795,-1.2697417391122636,-0.008298802814695066
18796,-1.2697417391123338,-0.008298802814695066
18797,-1.2697417391126278,-0.008298802814695066
18798,-1.2697417391133041,-0.008298802814695066
18799,-1.269741739114071,-0.008298802814695066
18800,-1.2697417391144512,-0.008298802814695066
18801,-1.2697417391149157,-0.008298802814695066
18802,-1.2697417391149735,-0.008298802814695066
18803,-1.26974173911506,-0.008298802814695066
18804,-1.2697417391166774,-0.008298802814695066
18805,-1.2697417391178325,-0.008298802814695066
18806,-1.2697417391192174,-0.008298802814695066
18807,-1.2697417391196606,-0.008298802814695066
18808,-1.2697417391198609,-0.008298802814695066
18809,-1.2697417391199999,-0.008298802814695066
18810,-1.2697417391207224,-0.008298802814695066
18811,-1.2697417391210741,-0.008298802814695066
18812,-1.2697417391212418,-0.008298802814695066
18813,-1.2697417391212593,-0.008298802814695066
18814,-1.2697417391233516,-0.008298802814695066
18815,-1.2697417391245818,-0.008298802814695066
18816,-1.2697417391252626,-0.008298802814695066
18817,-1.2697417391264985,-0.008298802814695066
18818,-1.2697417391285317,-0.008298802814695066
18819,-1.26974173912896,-0.008298802814695066
18820,-1.269741739130072,-0.008298802814695066
18821,-1.2697417391303274,-0.008298802814695066
18822,-1.2697417391305257,-0.008298802814695066
18823,-1.2697417391312689,-0.008298802814695066
18824,-1.2697417391314987,-0.008298802814695066
18825,-1.2697417391325212,-0.008298802814695066
18826,-1.269741739132666,-0.008298802814695066
18827,-1.2697417391332313,-0.008298802814695066
18828,-1.2697417391334604,-0.008298802814695066
18829,-1.2697417391337713,-0.008298802814695066
18830,-1.2697417391343462,-0.008298802814695066
18831,-1.2697417391360417,-0.008298802814695066
18832,-1.2697417391386543,-0.008298802814695066
18833,-1.269741739138701,-0.008298802814695066
18834,-1.2697417391395176,-0.008298802814695066
18835,-1.2697417391403232,-0.008298802814695066
18836,-1.2697417391411834,-0.008298802814695066
18837,-1.2697417391414136,-0.008298802814695066
18838,-1.2697417391434074,-0.008298802814695066
18839,-1.2697417391438655,-0.008298802814695066
18840,-1.269741739146204,-0.008298802814695066
18841,-1.269741739146284,-0.008298802814695066
18842,-1.2697417391468773,-0.008298802814695066
18843,-1.2697417391471744,-0.008298802814695066
18844,-1.2697417391472337,-0.008298802814695066
18845,-1.269741739148232,-0.008298802814695066
18846,-1.2697417391483368,-0.008298802814695066
18847,-1.2697417391491088,-0.008298802814695066
18848,-1.2697417391491368,-0.008298802814695066
18849,-1.2697417391495085,-0.008298802814695066
18850,-1.2697417391508563,-0.008298802814695066
18851,-1.2697417391511354,-0.008298802814695066
18852,-1.2697417391517025,-0.008298802814695066
18853,-1.269741739151889,-0.008298802814695066
18854,-1.2697417391519235,-0.008298802814695066
18855,-1.2697417391529784,-0.008298802814695066
18856,-1.2697417391530386,-0.008298802814695066
18857,-1.269741739153064,-0.008298802814695066
18858,-1.2697417391541306,-0.008298802814695066
18859,-1.2697417391548307,-0.008298802814695066
18860,-1.2697417391552253,-0.008298802814695066
18861,-1.2697417391553236,-0.008298802814695066
18862,-1.269741739156351,-0.008298802814695066
18863,-1.2697417391572654,-0.008298802814695066
18864,-1.269741739157764,-0.008298802814695066
18865,-1.2697417391578147,-0.008298802814695066
18866,-1.2697417391585426,-0.008298802814695066
18867,-1.2697417391589207,-0.008298802814695066
18868,-1.2697417391595345,-0.008298802814695066
18869,-1.2697417391597616,-0.008298802814695066
18870,-1.2697417391599566,-0.008298802814695066
18871,-1.269741739160596,-0.008298802814695066
18872,-1.2697417391607775,-0.008298802814695066
18873,-1.2697417391616128,-0.008298802814695066
18874,-1.2697417391618462,-0.008298802814695066
18875,-1.2697417391623667,-0.008298802814695066
18876,-1.2697417391653032,-0.008298802814695066
18877,-1.2697417391654329,-0.008298802814695066
18878,-1.269741739165969,-0.008298802814695066
18879,-1.2697417391663153,-0.008298802814695066
18880,-1.2697417391666928,-0.008298802814695066
18881,-1.2697417391668588,-0.008298802814695066
18882,-1.2697417391669261,-0.008298802814695066
18883,-1.269741739167948,-0.008298802814695066
18884,-1.2697417391689845,-0.008298802814695066
18885,-1.2697417391692878,-0.008298802814695066
18886,-1.269741739169333,-0.008298802814695066
18887,-1.2697417391696455,-0.008298802814695066
18888,-1.2697417391700248,-0.008298802814695066
18889,-1.269741739170109,-0.008298802814695066
18890,-1.2697417391705916,-0.008298802814695066
18891,-1.269741739171058,-0.008298802814695066
18892,-1.269741739172488,-0.008298802814695066
18893,-1.2697417391729038,-0.008298802814695066
18894,-1.2697417391734067,-0.008298802814695066
18895,-1.2697417391738322,-0.008298802814695066
18896,-1.2697417391741426,-0.008298802814695066
18897,-1.2697417391762198,-0.008298802814695066
18898,-1.269741739176229,-0.008298802814695066
18899,-1.2697417391763843,-0.008298802814695066
18900,-1.2697417391768964,-0.008298802814695066
18901,-1.2697417391794015,-0.008298802814695066
18902,-1.2697417391795085,-0.008298802814695066
18903,-1.2697417391797232,-0.008298802814695066
18904,-1.2697417391800327,-0.008298802814695066
18905,-1.2697417391807022,-0.008298802814695066
18906,-1.269741739181035,-0.008298802814695066
18907,-1.26974173918153,-0.008298802814695066
18908,-1.2697417391817707,-0.008298802814695066
18909,-1.2697417391829524,-0.008298802814695066
18910,-1.2697417391830328,-0.008298802814695066
18911,-1.2697417391832055,-0.008298802814695066
18912,-1.2697417391833887,-0.008298802814695066
18913,-1.2697417391845796,-0.008298802814695066
18914,-1.2697417391852808,-0.008298802814695066
18915,-1.2697417391853671,-0.008298802814695066
18916,-1.2697417391855716,-0.008298802814695066
18917,-1.2697417391856196,-0.008298802814695066
18918,-1.2697417391856611,-0.008298802814695066
18919,-1.269741739186738,-0.008298802814695066
18920,-1.2697417391868129,-0.008298802814695066
18921,-1.2697417391876789,-0.008298802814695066
18922,-1.2697417391901031,-0.008298802814695066
18923,-1.2697417391902097,-0.008298802814695066
18924,-1.269741739190602,-0.008298802814695066
18925,-1.2697417391916201,-0.008298802814695066
18926,-1.2697417391931576,-0.008298802814695066
18927,-1.2697417391935835,-0.008298802814695066
18928,-1.269741739193731,-0.008298802814695066
18929,-1.269741739193806,-0.008298802814695066
18930,-1.2697417391938655,-0.008298802814695066
18931,-1.2697417391945405,-0.008298802814695066
18932,-1.2697417391970274,-0.008298802814695066
18933,-1.2697417391984334,-0.008298802814695066
18934,-1.2697417391991712,-0.008298802814695066
18935,-1.2697417391994883,-0.008298802814695066
18936,-1.2697417392005677,-0.008298802814695066
18937,-1.2697417392007495,-0.008298802814695066
18938,-1.2697417392007664,-0.008298802814695066
18939,-1.2697417392014274,-0.008298802814695066
18940,-1.2697417392014572,-0.008298802814695066
18941,-1.2697417392014736,-0.008298802814695066
18942,-1.269741739201947,-0.008298802814695066
18943,-1.2697417392021326,-0.008298802814695066
18944,-1.2697417392030714,-0.008298802814695066
18945,-1.2697417392031756,-0.008298802814695066
18946,-1.2697417392042027,-0.008298802814695066
18947,-1.269741739204206,-0.008298802814695066
18948,-1.2697417392042398,-0.008298802814695066
18949,-1.269741739204385,-0.008298802814695066
18950,-1.269741739206376,-0.008298802814695066
18951,-1.2697417392065198,-0.008298802814695066
18952,-1.269741739206603,-0.008298802814695066
18953,-1.2697417392075545,-0.008298802814695066
18954,-1.2697417392076202,-0.008298802814695066
18955,-1.2697417392079182,-0.008298802814695066
18956,-1.2697417392083103,-0.008298802814695066
18957,-1.2697417392088326,-0.008298802814695066
18958,-1.2697417392094086,-0.008298802814695066
18959,-1.269741739210012,-0.008298802814695066
18960,-1.2697417392100756,-0.008298802814695066
18961,-1.269741739211503,-0.008298802814695066
18962,-1.269741739211732,-0.008298802814695066
18963,-1.2697417392121735,-0.008298802814695066
18964,-1.2697417392127508,-0.008298802814695066
18965,-1.2697417392132657,-0.008298802814695066
18966,-1.2697417392134491,-0.008298802814695066
18967,-1.2697417392135995,-0.008298802814695066
18968,-1.2697417392137098,-0.008298802814695066
18969,-1.2697417392137154,-0.008298802814695066
18970,-1.2697417392151222,-0.008298802814695066
18971,-1.2697417392169217,-0.008298802814695066
18972,-1.2697417392184482,-0.008298802814695066
18973,-1.2697417392186516,-0.008298802814695066
18974,-1.2697417392190788,-0.008298802814695066
18975,-1.269741739219367,-0.008298802814695066
18976,-1.2697417392195465,-0.008298802814695066
18977,-1.2697417392197483,-0.008298802814695066
18978,-1.2697417392211463,-0.008298802814695066
18979,-1.269741739222095,-0.008298802814695066
18980,-1.2697417392221912,-0.008298802814695066
18981,-1.2697417392224846,-0.008298802814695066
18982,-1.2697417392232238,-0.008298802814695066
18983,-1.2697417392238073,-0.008298802814695066
18984,-1.2697417392238541,-0.008298802814695066
18985,-1.2697417392241812,-0.008298802814695066
18986,-1.2697417392245076,-0.008298802814695066
18987,-1.2697417392262416,-0.008298802814695066
18988,-1.2697417392263952,-0.008298802814695066
18989,-1.2697417392272579,-0.008298802814695066
18990,-1.26974173922833,-0.008298802814695066
18991,-1.2697417392287231,-0.008298802814695066
18992,-1.2697417392295305,-0.008298802814695066
18993,-1.2697417392306611,-0.008298802814695066
18994,-1.2697417392320678,-0.008298802814695066
18995,-1.2697417392322958,-0.008298802814695066
18996,-1.2697417392323032,-0.008298802814695066
18997,-1.2697417392328243,-0.008298802814695066
18998,-1.2697417392330117,-0.008298802814695066
18999,-1.269741739233401,-0.008298802814695066
19000,-1.26974173923354,-0.008298802814695066
19001,-1.2697417392336847,-0.008298802814695066
19002,-1.2697417392338126,-0.008298802814695066
19003,-1.2697417392342372,-0.008298802814695066
19004,-1.269741739235004,-0.008298802814695066
19005,-1.269741739235456,-0.008298802814695066
19006,-1.2697417392356563,-0.008298802814695066
19007,-1.269741739236309,-0.008298802814695066
19008,-1.2697417392363917,-0.008298802814695066
19009,-1.2697417392366876,-0.008298802814695066
19010,-1.2697417392374564,-0.008298802814695066
19011,-1.2697417392382355,-0.008298802814695066
19012,-1.2697417392387624,-0.008298802814695066
19013,-1.269741739239635,-0.008298802814695066
19014,-1.2697417392400814,-0.008298802814695066
19015,-1.2697417392402823,-0.008298802814695066
19016,-1.2697417392403108,-0.008298802814695066
19017,-1.2697417392413808,-0.008298802814695066
19018,-1.2697417392420443,-0.008298802814695066
19019,-1.2697417392429053,-0.008298802814695066
19020,-1.2697417392431718,-0.008298802814695066
19021,-1.2697417392432682,-0.008298802814695066
19022,-1.269741739243397,-0.008298802814695066
19023,-1.2697417392435186,-0.008298802814695066
19024,-1.269741739243592,-0.008298802814695066
19025,-1.2697417392439196,-0.008298802814695066
19026,-1.2697417392442465,-0.008298802814695066
19027,-1.2697417392445152,-0.008298802814695066
19028,-1.269741739244902,-0.008298802814695066
19029,-1.2697417392449144,-0.008298802814695066
19030,-1.2697417392449504,-0.008298802814695066
19031,-1.2697417392452577,-0.008298802814695066
19032,-1.2697417392461772,-0.008298802814695066
19033,-1.2697417392466428,-0.008298802814695066
19034,-1.2697417392468149,-0.008298802814695066
19035,-1.2697417392470722,-0.008298802814695066
19036,-1.2697417392474588,-0.008298802814695066
19037,-1.2697417392476145,-0.008298802814695066
19038,-1.2697417392477237,-0.008298802814695066
19039,-1.269741739247789,-0.008298802814695066
19040,-1.2697417392478392,-0.008298802814695066
19041,-1.2697417392479697,-0.008298802814695066
19042,-1.2697417392480979,-0.008298802814695066
19043,-1.2697417392483104,-0.008298802814695066
19044,-1.269741739248524,-0.008298802814695066
19045,-1.2697417392488468,-0.008298802814695066
19046,-1.2697417392500658,-0.008298802814695066
19047,-1.2697417392501897,-0.008298802814695066
19048,-1.2697417392504144,-0.008298802814695066
19049,-1.2697417392506811,-0.008298802814695066
19050,-1.2697417392507688,-0.008298802814695066
19051,-1.2697417392528338,-0.008298802814695066
19052,-1.269741739253788,-0.008298802814695066
19053,-1.2697417392541375,-0.008298802814695066
19054,-1.269741739254441,-0.008298802814695066
19055,-1.2697417392546781,-0.008298802814695066
19056,-1.2697417392546828,-0.008298802814695066
19057,-1.269741739254946,-0.008298802814695066
19058,-1.2697417392554797,-0.008298802814695066
19059,-1.2697417392554886,-0.008298802814695066
19060,-1.2697417392556158,-0.008298802814695066
19061,-1.269741739256084,-0.008298802814695066
19062,-1.2697417392561317,-0.008298802814695066
19063,-1.269741739256221,-0.008298802814695066
19064,-1.269741739256663,-0.008298802814695066
19065,-1.2697417392567614,-0.008298802814695066
19066,-1.2697417392570665,-0.008298802814695066
19067,-1.2697417392572068,-0.008298802814695066
19068,-1.2697417392574866,-0.008298802814695066
19069,-1.2697417392587704,-0.008298802814695066
19070,-1.2697417392590784,-0.008298802814695066
19071,-1.2697417392591617,-0.008298802814695066
19072,-1.2697417392592318,-0.008298802814695066
19073,-1.2697417392594867,-0.008298802814695066
19074,-1.2697417392596002,-0.008298802814695066
19075,-1.269741739259708,-0.008298802814695066
19076,-1.2697417392597998,-0.008298802814695066
19077,-1.2697417392598054,-0.008298802814695066
19078,-1.2697417392600183,-0.008298802814695066
19079,-1.269741739260064,-0.008298802814695066
19080,-1.2697417392605381,-0.008298802814695066
19081,-1.2697417392606605,-0.008298802814695066
19082,-1.269741739260867,-0.008298802814695066
19083,-1.2697417392619006,-0.008298802814695066
19084,-1.269741739263157,-0.008298802814695066
19085,-1.2697417392633912,-0.008298802814695066
19086,-1.269741739264699,-0.008298802814695066
19087,-1.269741739265376,-0.008298802814695066
19088,-1.2697417392657984,-0.008298802814695066
19089,-1.2697417392660928,-0.008298802814695066
19090,-1.2697417392669184,-0.008298802814695066
19091,-1.2697417392669592,-0.008298802814695066
19092,-1.269741739267083,-0.008298802814695066
19093,-1.2697417392672519,-0.008298802814695066
19094,-1.26974173926766,-0.008298802814695066
19095,-1.2697417392677899,-0.008298802814695066
19096,-1.2697417392678778,-0.008298802814695066
19097,-1.2697417392679398,-0.008298802814695066
19098,-1.269741739268167,-0.008298802814695066
19099,-1.2697417392691825,-0.008298802814695066
19100,-1.2697417392699968,-0.008298802814695066
19101,-1.269741739270115,-0.008298802814695066
19102,-1.2697417392703834,-0.008298802814695066
19103,-1.269741739270554,-0.008298802814695066
19104,-1.2697417392705774,-0.008298802814695066
19105,-1.2697417392707766,-0.008298802814695066
19106,-1.269741739270809,-0.008298802814695066
19107,-1.269741739271345,-0.008298802814695066
19108,-1.2697417392715038,-0.008298802814695066
19109,-1.2697417392715857,-0.008298802814695066
19110,-1.2697417392716734,-0.008298802814695066
19111,-1.269741739272194,-0.008298802814695066
19112,-1.2697417392723234,-0.008298802814695066
19113,-1.269741739273082,-0.008298802814695066
19114,-1.269741739273703,-0.008298802814695066
19115,-1.2697417392749821,-0.008298802814695066
19116,-1.2697417392757653,-0.008298802814695066
19117,-1.2697417392760406,-0.008298802814695066
19118,-1.2697417392760801,-0.008298802814695066
19119,-1.2697417392763575,-0.008298802814695066
19120,-1.2697417392775052,-0.008298802814695066
19121,-1.2697417392782016,-0.008298802814695066
19122,-1.2697417392782377,-0.008298802814695066
19123,-1.2697417392786983,-0.008298802814695066
19124,-1.2697417392788217,-0.008298802814695066
19125,-1.269741739279075,-0.008298802814695066
19126,-1.2697417392793007,-0.008298802814695066
19127,-1.2697417392793184,-0.008298802814695066
19128,-1.2697417392793318,-0.008298802814695066
19129,-1.2697417392798902,-0.008298802814695066
19130,-1.2697417392811052,-0.008298802814695066
19131,-1.269741739281108,-0.008298802814695066
19132,-1.2697417392811898,-0.008298802814695066
19133,-1.269741739281251,-0.008298802814695066
19134,-1.269741739282641,-0.008298802814695066
19135,-1.2697417392829389,-0.008298802814695066
19136,-1.2697417392833046,-0.008298802814695066
19137,-1.2697417392833712,-0.008298802814695066
19138,-1.2697417392839425,-0.008298802814695066
19139,-1.2697417392840795,-0.008298802814695066
19140,-1.2697417392846058,-0.008298802814695066
19141,-1.2697417392852661,-0.008298802814695066
19142,-1.2697417392853725,-0.008298802814695066
19143,-1.2697417392855996,-0.008298802814695066
19144,-1.2697417392856205,-0.008298802814695066
19145,-1.2697417392856858,-0.008298802814695066
19146,-1.2697417392859351,-0.008298802814695066
19147,-1.2697417392873445,-0.008298802814695066
19148,-1.2697417392875736,-0.008298802814695066
19149,-1.2697417392877886,-0.008298802814695066
19150,-1.2697417392879986,-0.008298802814695066
19151,-1.269741739288077,-0.008298802814695066
19152,-1.2697417392892971,-0.008298802814695066
19153,-1.2697417392893326,-0.008298802814695066
19154,-1.269741739289421,-0.008298802814695066
19155,-1.2697417392900672,-0.008298802814695066
19156,-1.2697417392909018,-0.008298802814695066
19157,-1.2697417392913433,-0.008298802814695066
19158,-1.2697417392916328,-0.008298802814695066
19159,-1.2697417392916437,-0.008298802814695066
19160,-1.2697417392918102,-0.008298802814695066
19161,-1.2697417392934383,-0.008298802814695066
19162,-1.2697417392934809,-0.008298802814695066
19163,-1.269741739293533,-0.008298802814695066
19164,-1.2697417392937704,-0.008298802814695066
19165,-1.2697417392942736,-0.008298802814695066
19166,-1.2697417392945323,-0.008298802814695066
19167,-1.2697417392945443,-0.008298802814695066
19168,-1.269741739294619,-0.008298802814695066
19169,-1.269741739294636,-0.008298802814695066
19170,-1.2697417392946793,-0.008298802814695066
19171,-1.2697417392951769,-0.008298802814695066
19172,-1.26974173929565,-0.008298802814695066
19173,-1.2697417392963581,-0.008298802814695066
19174,-1.2697417392965435,-0.008298802814695066
19175,-1.2697417392971202,-0.008298802814695066
19176,-1.269741739297602,-0.008298802814695066
19177,-1.2697417392977224,-0.008298802814695066
19178,-1.2697417392980412,-0.008298802814695066
19179,-1.269741739298084,-0.008298802814695066
19180,-1.269741739298588,-0.008298802814695066
19181,-1.2697417392987185,-0.008298802814695066
19182,-1.2697417392990134,-0.008298802814695066
19183,-1.2697417392997488,-0.008298802814695066
19184,-1.2697417393024266,-0.008298802814695066
19185,-1.2697417393044366,-0.008298802814695066
19186,-1.2697417393051869,-0.008298802814695066
19187,-1.2697417393051915,-0.008298802814695066
19188,-1.2697417393053845,-0.008298802814695066
19189,-1.269741739305596,-0.008298802814695066
19190,-1.2697417393058679,-0.008298802814695066
19191,-1.2697417393062749,-0.008298802814695066
19192,-1.2697417393066803,-0.008298802814695066
19193,-1.2697417393075603,-0.008298802814695066
19194,-1.2697417393075723,-0.008298802814695066
19195,-1.2697417393078594,-0.008298802814695066
19196,-1.2697417393089698,-0.008298802814695066
19197,-1.2697417393098438,-0.008298802814695066
19198,-1.269741739310052,-0.008298802814695066
19199,-1.269741739310212,-0.008298802814695066
19200,-1.2697417393103325,-0.008298802814695066
19201,-1.2697417393113226,-0.008298802814695066
19202,-1.2697417393113661,-0.008298802814695066
19203,-1.2697417393119141,-0.008298802814695066
19204,-1.2697417393134944,-0.008298802814695066
19205,-1.2697417393138262,-0.008298802814695066
19206,-1.2697417393139194,-0.008298802814695066
19207,-1.2697417393140689,-0.008298802814695066
19208,-1.2697417393150834,-0.008298802814695066
19209,-1.269741739315325,-0.008298802814695066
19210,-1.2697417393153987,-0.008298802814695066
19211,-1.269741739315494,-0.008298802814695066
19212,-1.2697417393159858,-0.008298802814695066
19213,-1.2697417393162613,-0.008298802814695066
19214,-1.2697417393169914,-0.008298802814695066
19215,-1.2697417393171964,-0.008298802814695066
19216,-1.2697417393177826,-0.008298802814695066
19217,-1.2697417393182255,-0.008298802814695066
19218,-1.2697417393185702,-0.008298802814695066
19219,-1.2697417393189736,-0.008298802814695066
19220,-1.2697417393194828,-0.008298802814695066
19221,-1.2697417393195805,-0.008298802814695066
19222,-1.2697417393197905,-0.008298802814695066
19223,-1.2697417393208028,-0.008298802814695066
19224,-1.26974173932215,-0.008298802814695066
19225,-1.2697417393222514,-0.008298802814695066
19226,-1.269741739323278,-0.008298802814695066
19227,-1.2697417393235584,-0.008298802814695066
19228,-1.2697417393236914,-0.008298802814695066
19229,-1.269741739323971,-0.008298802814695066
19230,-1.2697417393240853,-0.008298802814695066
19231,-1.269741739324532,-0.008298802814695066
19232,-1.2697417393249637,-0.008298802814695066
19233,-1.2697417393249766,-0.008298802814695066
19234,-1.2697417393255248,-0.008298802814695066
19235,-1.269741739325611,-0.008298802814695066
19236,-1.2697417393257886,-0.008298802814695066
19237,-1.2697417393259605,-0.008298802814695066
19238,-1.2697417393261459,-0.008298802814695066
19239,-1.2697417393268096,-0.008298802814695066
19240,-1.2697417393270412,-0.008298802814695066
19241,-1.2697417393272379,-0.008298802814695066
19242,-1.2697417393274333,-0.008298802814695066
19243,-1.2697417393274906,-0.008298802814695066
19244,-1.2697417393279984,-0.008298802814695066
19245,-1.2697417393283954,-0.008298802814695066
19246,-1.2697417393284012,-0.008298802814695066
19247,-1.2697417393292918,-0.008298802814695066
19248,-1.2697417393293173,-0.008298802814695066
19249,-1.2697417393302353,-0.008298802814695066
19250,-1.2697417393302828,-0.008298802814695066
19251,-1.269741739330772,-0.008298802814695066
19252,-1.2697417393308934,-0.008298802814695066
19253,-1.2697417393311263,-0.008298802814695066
19254,-1.2697417393311845,-0.008298802814695066
19255,-1.2697417393313148,-0.008298802814695066
19256,-1.2697417393318933,-0.008298802814695066
19257,-1.2697417393319936,-0.008298802814695066
19258,-1.2697417393326922,-0.008298802814695066
19259,-1.2697417393337032,-0.008298802814695066
19260,-1.2697417393340489,-0.008298802814695066
19261,-1.2697417393341996,-0.008298802814695066
19262,-1.269741739334803,-0.008298802814695066
19263,-1.2697417393349095,-0.008298802814695066
19264,-1.2697417393351749,-0.008298802814695066
19265,-1.2697417393357024,-0.008298802814695066
19266,-1.269741739336238,-0.008298802814695066
19267,-1.2697417393362653,-0.008298802814695066
19268,-1.269741739336373,-0.008298802814695066
19269,-1.2697417393365722,-0.008298802814695066
19270,-1.269741739336761,-0.008298802814695066
19271,-1.2697417393371035,-0.008298802814695066
19272,-1.2697417393372135,-0.008298802814695066
19273,-1.269741739337963,-0.008298802814695066
19274,-1.2697417393381207,-0.008298802814695066
19275,-1.2697417393384014,-0.008298802814695066
19276,-1.2697417393384063,-0.008298802814695066
19277,-1.2697417393388106,-0.008298802814695066
19278,-1.269741739338897,-0.008298802814695066
19279,-1.269741739339201,-0.008298802814695066
19280,-1.2697417393392427,-0.008298802814695066
19281,-1.2697417393394788,-0.008298802814695066
19282,-1.2697417393395347,-0.008298802814695066
19283,-1.2697417393396568,-0.008298802814695066
19284,-1.2697417393405908,-0.008298802814695066
19285,-1.2697417393406045,-0.008298802814695066
19286,-1.2697417393407469,-0.008298802814695066
19287,-1.269741739340836,-0.008298802814695066
19288,-1.269741739340859,-0.008298802814695066
19289,-1.269741739341443,-0.008298802814695066
19290,-1.26974173934145,-0.008298802814695066
19291,-1.269741739341464,-0.008298802814695066
19292,-1.2697417393416401,-0.008298802814695066
19293,-1.2697417393417876,-0.008298802814695066
19294,-1.2697417393421686,-0.008298802814695066
19295,-1.2697417393428057,-0.008298802814695066
19296,-1.2697417393432187,-0.008298802814695066
19297,-1.2697417393438686,-0.008298802814695066
19298,-1.2697417393441217,-0.008298802814695066
19299,-1.2697417393442982,-0.008298802814695066
19300,-1.2697417393444803,-0.008298802814695066
19301,-1.2697417393447001,-0.008298802814695066
19302,-1.2697417393448691,-0.008298802814695066
19303,-1.2697417393453097,-0.008298802814695066
19304,-1.2697417393453403,-0.008298802814695066
19305,-1.269741739345611,-0.008298802814695066
19306,-1.2697417393460144,-0.008298802814695066
19307,-1.26974173934694,-0.008298802814695066
19308,-1.2697417393473716,-0.008298802814695066
19309,-1.2697417393477333,-0.008298802814695066
19310,-1.2697417393484032,-0.008298802814695066
19311,-1.2697417393484127,-0.008298802814695066
19312,-1.2697417393488906,-0.008298802814695066
19313,-1.2697417393491612,-0.008298802814695066
19314,-1.2697417393495964,-0.008298802814695066
19315,-1.2697417393497268,-0.008298802814695066
19316,-1.2697417393504775,-0.008298802814695066
19317,-1.2697417393507797,-0.008298802814695066
19318,-1.2697417393513732,-0.008298802814695066
19319,-1.2697417393518584,-0.008298802814695066
19320,-1.2697417393523414,-0.008298802814695066
19321,-1.2697417393525001,-0.008298802814695066
19322,-1.2697417393528012,-0.008298802814695066
19323,-1.269741739352857,-0.008298802814695066
19324,-1.2697417393530972,-0.008298802814695066
19325,-1.2697417393536776,-0.008298802814695066
19326,-1.2697417393538646,-0.008298802814695066
19327,-1.2697417393550778,-0.008298802814695066
19328,-1.2697417393551977,-0.008298802814695066
19329,-1.2697417393554753,-0.008298802814695066
19330,-1.2697417393555734,-0.008298802814695066
19331,-1.2697417393559665,-0.008298802814695066
19332,-1.2697417393560493,-0.008298802814695066
19333,-1.2697417393561832,-0.008298802814695066
19334,-1.269741739356236,-0.008298802814695066
19335,-1.269741739356707,-0.008298802814695066
19336,-1.2697417393572668,-0.008298802814695066
19337,-1.2697417393573376,-0.008298802814695066
19338,-1.2697417393576231,-0.008298802814695066
19339,-1.2697417393579222,-0.008298802814695066
19340,-1.2697417393584156,-0.008298802814695066
19341,-1.2697417393584873,-0.008298802814695066
19342,-1.269741739359902,-0.008298802814695066
19343,-1.2697417393599766,-0.008298802814695066
19344,-1.269741739360116,-0.008298802814695066
19345,-1.26974173936012,-0.008298802814695066
19346,-1.2697417393605284,-0.008298802814695066
19347,-1.2697417393605965,-0.008298802814695066
19348,-1.2697417393606247,-0.008298802814695066
19349,-1.2697417393614443,-0.008298802814695066
19350,-1.2697417393617723,-0.008298802814695066
19351,-1.2697417393618005,-0.008298802814695066
19352,-1.2697417393618649,-0.008298802814695066
19353,-1.2697417393619075,-0.008298802814695066
19354,-1.2697417393620425,-0.008298802814695066
19355,-1.2697417393621018,-0.008298802814695066
19356,-1.2697417393621504,-0.008298802814695066
19357,-1.2697417393621864,-0.008298802814695066
19358,-1.2697417393625707,-0.008298802814695066
19359,-1.2697417393626163,-0.008298802814695066
19360,-1.2697417393627457,-0.008298802814695066
19361,-1.2697417393633992,-0.008298802814695066
19362,-1.2697417393634043,-0.008298802814695066
19363,-1.2697417393635053,-0.008298802814695066
19364,-1.269741739363675,-0.008298802814695066
19365,-1.2697417393638866,-0.008298802814695066
19366,-1.2697417393639312,-0.008298802814695066
19367,-1.2697417393639447,-0.008298802814695066
19368,-1.2697417393640433,-0.008298802814695066
19369,-1.269741739364344,-0.008298802814695066
19370,-1.269741739364376,-0.008298802814695066
19371,-1.2697417393645112,-0.008298802814695066
19372,-1.2697417393646997,-0.008298802814695066
19373,-1.2697417393647397,-0.008298802814695066
19374,-1.2697417393649704,-0.008298802814695066
19375,-1.2697417393661004,-0.008298802814695066
19376,-1.2697417393667494,-0.008298802814695066
19377,-1.2697417393668124,-0.008298802814695066
19378,-1.2697417393668187,-0.008298802814695066
19379,-1.2697417393669146,-0.008298802814695066
19380,-1.2697417393669594,-0.008298802814695066
19381,-1.2697417393675836,-0.008298802814695066
19382,-1.269741739367809,-0.008298802814695066
19383,-1.269741739367913,-0.008298802814695066
19384,-1.2697417393679997,-0.008298802814695066
19385,-1.269741739368529,-0.008298802814695066
19386,-1.269741739368829,-0.008298802814695066
19387,-1.2697417393690547,-0.008298802814695066
19388,-1.2697417393693013,-0.008298802814695066
19389,-1.2697417393698927,-0.008298802814695066
19390,-1.2697417393702615,-0.008298802814695066
19391,-1.2697417393703276,-0.008298802814695066
19392,-1.269741739370356,-0.008298802814695066
19393,-1.2697417393706618,-0.008298802814695066
19394,-1.2697417393707804,-0.008298802814695066
19395,-1.269741739371267,-0.008298802814695066
19396,-1.2697417393722277,-0.008298802814695066
19397,-1.2697417393722852,-0.008298802814695066
19398,-1.2697417393726345,-0.008298802814695066
19399,-1.2697417393728614,-0.008298802814695066
19400,-1.2697417393730897,-0.008298802814695066
19401,-1.2697417393731747,-0.008298802814695066
19402,-1.2697417393731931,-0.008298802814695066
19403,-1.2697417393731936,-0.008298802814695066
19404,-1.269741739374155,-0.008298802814695066
19405,-1.2697417393748365,-0.008298802814695066
19406,-1.2697417393749544,-0.008298802814695066
19407,-1.269741739375137,-0.008298802814695066
19408,-1.2697417393752568,-0.008298802814695066
19409,-1.2697417393753359,-0.008298802814695066
19410,-1.2697417393754455,-0.008298802814695066
19411,-1.2697417393760941,-0.008298802814695066
19412,-1.269741739376153,-0.008298802814695066
19413,-1.2697417393762516,-0.008298802814695066
19414,-1.269741739376354,-0.008298802814695066
19415,-1.269741739376426,-0.008298802814695066
19416,-1.269741739376562,-0.008298802814695066
19417,-1.2697417393766608,-0.008298802814695066
19418,-1.2697417393771915,-0.008298802814695066
19419,-1.2697417393780377,-0.008298802814695066
19420,-1.269741739378458,-0.008298802814695066
19421,-1.2697417393787322,-0.008298802814695066
19422,-1.2697417393789823,-0.008298802814695066
19423,-1.269741739379041,-0.008298802814695066
19424,-1.269741739379267,-0.008298802814695066
19425,-1.2697417393793593,-0.008298802814695066
19426,-1.2697417393799206,-0.008298802814695066
19427,-1.2697417393801858,-0.008298802814695066
19428,-1.2697417393803552,-0.008298802814695066
19429,-1.2697417393806851,-0.008298802814695066
19430,-1.2697417393808619,-0.008298802814695066
19431,-1.2697417393812325,-0.008298802814695066
19432,-1.2697417393814223,-0.008298802814695066
19433,-1.2697417393814605,-0.008298802814695066
19434,-1.2697417393815404,-0.008298802814695066
19435,-1.26974173938178,-0.008298802814695066
19436,-1.2697417393821775,-0.008298802814695066
19437,-1.269741739382557,-0.008298802814695066
19438,-1.2697417393826418,-0.008298802814695066
19439,-1.269741739382876,-0.008298802814695066
19440,-1.2697417393829276,-0.008298802814695066
19441,-1.269741739383037,-0.008298802814695066
19442,-1.2697417393830468,-0.008298802814695066
19443,-1.2697417393831572,-0.008298802814695066
19444,-1.269741739383353,-0.008298802814695066
19445,-1.2697417393833923,-0.008298802814695066
19446,-1.2697417393835537,-0.008298802814695066
19447,-1.2697417393842467,-0.008298802814695066
19448,-1.2697417393842934,-0.008298802814695066
19449,-1.2697417393842962,-0.008298802814695066
19450,-1.269741739384322,-0.008298802814695066
19451,-1.269741739384416,-0.008298802814695066
19452,-1.269741739384474,-0.008298802814695066
19453,-1.2697417393846169,-0.008298802814695066
19454,-1.269741739384764,-0.008298802814695066
19455,-1.2697417393848505,-0.008298802814695066
19456,-1.2697417393849986,-0.008298802814695066
19457,-1.2697417393852737,-0.008298802814695066
19458,-1.269741739385828,-0.008298802814695066
19459,-1.2697417393859498,-0.008298802814695066
19460,-1.2697417393861274,-0.008298802814695066
19461,-1.2697417393862596,-0.008298802814695066
19462,-1.269741739386523,-0.008298802814695066
19463,-1.2697417393865975,-0.008298802814695066
19464,-1.269741739386746,-0.008298802814695066
19465,-1.2697417393867758,-0.008298802814695066
19466,-1.2697417393876258,-0.008298802814695066
19467,-1.2697417393877486,-0.008298802814695066
19468,-1.2697417393881612,-0.008298802814695066
19469,-1.2697417393882693,-0.008298802814695066
19470,-1.269741739388601,-0.008298802814695066
19471,-1.2697417393890496,-0.008298802814695066
19472,-1.2697417393894186,-0.008298802814695066
19473,-1.2697417393897084,-0.008298802814695066
19474,-1.2697417393897668,-0.008298802814695066
19475,-1.2697417393900627,-0.008298802814695066
19476,-1.269741739390597,-0.008298802814695066
19477,-1.2697417393910182,-0.008298802814695066
19478,-1.2697417393915995,-0.008298802814695066
19479,-1.269741739391689,-0.008298802814695066
19480,-1.269741739393501,-0.008298802814695066
19481,-1.2697417393938213,-0.008298802814695066
19482,-1.269741739393849,-0.008298802814695066
19483,-1.2697417393938562,-0.008298802814695066
19484,-1.2697417393943384,-0.008298802814695066
19485,-1.269741739394377,-0.008298802814695066
19486,-1.2697417393944235,-0.008298802814695066
19487,-1.269741739394845,-0.008298802814695066
19488,-1.2697417393951227,-0.008298802814695066
19489,-1.2697417393951547,-0.008298802814695066
19490,-1.2697417393954091,-0.008298802814695066
19491,-1.2697417393964932,-0.008298802814695066
19492,-1.2697417393970456,-0.008298802814695066
19493,-1.2697417393975252,-0.008298802814695066
19494,-1.2697417393977413,-0.008298802814695066
19495,-1.269741739397814,-0.008298802814695066
19496,-1.2697417393978188,-0.008298802814695066
19497,-1.269741739397902,-0.008298802814695066
19498,-1.2697417393980606,-0.008298802814695066
19499,-1.269741739398178,-0.008298802814695066
19500,-1.2697417393985326,-0.008298802814695066
19501,-1.2697417393985662,-0.008298802814695066
19502,-1.2697417393991992,-0.008298802814695066
19503,-1.2697417393995605,-0.008298802814695066
19504,-1.2697417393997765,-0.008298802814695066
19505,-1.2697417393998656,-0.008298802814695066
19506,-1.2697417394001405,-0.008298802814695066
19507,-1.2697417394010708,-0.008298802814695066
19508,-1.269741739402063,-0.008298802814695066
19509,-1.2697417394024773,-0.008298802814695066
19510,-1.2697417394026629,-0.008298802814695066
19511,-1.2697417394029105,-0.008298802814695066
19512,-1.2697417394030315,-0.008298802814695066
19513,-1.269741739403052,-0.008298802814695066
19514,-1.2697417394036163,-0.008298802814695066
19515,-1.2697417394037804,-0.008298802814695066
19516,-1.2697417394038524,-0.008298802814695066
19517,-1.2697417394040418,-0.008298802814695066
19518,-1.2697417394043504,-0.008298802814695066
19519,-1.2697417394044859,-0.008298802814695066
19520,-1.269741739404672,-0.008298802814695066
19521,-1.2697417394048678,-0.008298802814695066
19522,-1.2697417394049233,-0.008298802814695066
19523,-1.2697417394051729,-0.008298802814695066
19524,-1.2697417394055164,-0.008298802814695066
19525,-1.2697417394058643,-0.008298802814695066
19526,-1.2697417394061417,-0.008298802814695066
19527,-1.2697417394066361,-0.008298802814695066
19528,-1.269741739406761,-0.008298802814695066
19529,-1.269741739406858,-0.008298802814695066
19530,-1.2697417394068864,-0.008298802814695066
19531,-1.2697417394068888,-0.008298802814695066
19532,-1.269741739407141,-0.008298802814695066
19533,-1.2697417394071597,-0.008298802814695066
19534,-1.2697417394072714,-0.008298802814695066
19535,-1.2697417394076038,-0.008298802814695066
19536,-1.2697417394082062,-0.008298802814695066
19537,-1.2697417394083665,-0.008298802814695066
19538,-1.2697417394084436,-0.008298802814695066
19539,-1.2697417394085342,-0.008298802814695066
19540,-1.269741739408988,-0.008298802814695066
19541,-1.2697417394090618,-0.008298802814695066
19542,-1.269741739409322,-0.008298802814695066
19543,-1.2697417394093733,-0.008298802814695066
19544,-1.2697417394096617,-0.008298802814695066
19545,-1.2697417394096702,-0.008298802814695066
19546,-1.269741739409672,-0.008298802814695066
19547,-1.269741739409798,-0.008298802814695066
19548,-1.2697417394099035,-0.008298802814695066
19549,-1.2697417394101507,-0.008298802814695066
19550,-1.2697417394105621,-0.008298802814695066
19551,-1.269741739410775,-0.008298802814695066
19552,-1.2697417394109696,-0.008298802814695066
19553,-1.2697417394110018,-0.008298802814695066
19554,-1.2697417394110417,-0.008298802814695066
19555,-1.2697417394111141,-0.008298802814695066
19556,-1.2697417394115411,-0.008298802814695066
19557,-1.26974173941171,-0.008298802814695066
19558,-1.2697417394118056,-0.008298802814695066
19559,-1.2697417394119421,-0.008298802814695066
19560,-1.2697417394121167,-0.008298802814695066
19561,-1.2697417394124768,-0.008298802814695066
19562,-1.2697417394128592,-0.008298802814695066
19563,-1.2697417394133972,-0.008298802814695066
19564,-1.2697417394134975,-0.008298802814695066
19565,-1.2697417394135528,-0.008298802814695066
19566,-1.2697417394135901,-0.008298802814695066
19567,-1.2697417394136625,-0.008298802814695066
19568,-1.2697417394139738,-0.008298802814695066
19569,-1.269741739414264,-0.008298802814695066
19570,-1.2697417394143669,-0.008298802814695066
19571,-1.2697417394145538,-0.008298802814695066
19572,-1.2697417394147257,-0.008298802814695066
19573,-1.269741739414784,-0.008298802814695066
19574,-1.2697417394148596,-0.008298802814695066
19575,-1.269741739415005,-0.008298802814695066
19576,-1.2697417394150228,-0.008298802814695066
19577,-1.2697417394152342,-0.008298802814695066
19578,-1.2697417394154167,-0.008298802814695066
19579,-1.2697417394154389,-0.008298802814695066
19580,-1.2697417394154535,-0.008298802814695066
19581,-1.2697417394157906,-0.008298802814695066
19582,-1.2697417394158401,-0.008298802814695066
19583,-1.2697417394159507,-0.008298802814695066
19584,-1.2697417394159778,-0.008298802814695066
19585,-1.2697417394161619,-0.008298802814695066
19586,-1.2697417394166608,-0.008298802814695066
19587,-1.2697417394167452,-0.008298802814695066
19588,-1.2697417394173094,-0.008298802814695066
19589,-1.269741739417364,-0.008298802814695066
19590,-1.269741739417953,-0.008298802814695066
19591,-1.2697417394180779,-0.008298802814695066
19592,-1.2697417394181674,-0.008298802814695066
19593,-1.2697417394183064,-0.008298802814695066
19594,-1.2697417394186257,-0.008298802814695066
19595,-1.2697417394190553,-0.008298802814695066
19596,-1.2697417394190966,-0.008298802814695066
19597,-1.2697417394191515,-0.008298802814695066
19598,-1.2697417394194481,-0.008298802814695066
19599,-1.2697417394195063,-0.008298802814695066
19600,-1.269741739419586,-0.008298802814695066
19601,-1.2697417394198411,-0.008298802814695066
19602,-1.2697417394201274,-0.008298802814695066
19603,-1.2697417394202264,-0.008298802814695066
19604,-1.2697417394202961,-0.008298802814695066
19605,-1.2697417394203028,-0.008298802814695066
19606,-1.269741739420391,-0.008298802814695066
19607,-1.2697417394205266,-0.008298802814695066
19608,-1.269741739420582,-0.008298802814695066
19609,-1.2697417394206463,-0.008298802814695066
19610,-1.2697417394208264,-0.008298802814695066
19611,-1.2697417394209336,-0.008298802814695066
19612,-1.2697417394209876,-0.008298802814695066
19613,-1.2697417394210824,-0.008298802814695066
19614,-1.2697417394211015,-0.008298802814695066
19615,-1.2697417394216952,-0.008298802814695066
19616,-1.2697417394217416,-0.008298802814695066
19617,-1.2697417394227328,-0.008298802814695066
19618,-1.2697417394227588,-0.008298802814695066
19619,-1.269741739423142,-0.008298802814695066
19620,-1.2697417394232624,-0.008298802814695066
19621,-1.269741739423328,-0.008298802814695066
19622,-1.269741739423339,-0.008298802814695066
19623,-1.2697417394234054,-0.008298802814695066
19624,-1.2697417394236508,-0.008298802814695066
19625,-1.269741739423734,-0.008298802814695066
19626,-1.2697417394245227,-0.008298802814695066
19627,-1.269741739424699,-0.008298802814695066
19628,-1.2697417394253694,-0.008298802814695066
19629,-1.269741739425507,-0.008298802814695066
19630,-1.269741739425517,-0.008298802814695066
19631,-1.2697417394255375,-0.008298802814695066
19632,-1.2697417394257795,-0.008298802814695066
19633,-1.2697417394258483,-0.008298802814695066
19634,-1.2697417394259096,-0.008298802814695066
19635,-1.2697417394263724,-0.008298802814695066
19636,-1.2697417394266481,-0.008298802814695066
19637,-1.2697417394266681,-0.008298802814695066
19638,-1.2697417394269783,-0.008298802814695066
19639,-1.2697417394272486,-0.008298802814695066
19640,-1.2697417394273935,-0.008298802814695066
19641,-1.2697417394274082,-0.008298802814695066
19642,-1.2697417394274246,-0.008298802814695066
19643,-1.2697417394277521,-0.008298802814695066
19644,-1.2697417394279185,-0.008298802814695066
19645,-1.2697417394279196,-0.008298802814695066
19646,-1.2697417394279231,-0.008298802814695066
19647,-1.269741739428005,-0.008298802814695066
19648,-1.2697417394281147,-0.008298802814695066
19649,-1.269741739428119,-0.008298802814695066
19650,-1.2697417394283053,-0.008298802814695066
19651,-1.269741739428408,-0.008298802814695066
19652,-1.269741739428584,-0.008298802814695066
19653,-1.269741739428776,-0.008298802814695066
19654,-1.2697417394288355,-0.008298802814695066
19655,-1.269741739428866,-0.008298802814695066
19656,-1.2697417394289188,-0.008298802814695066
19657,-1.269741739429196,-0.008298802814695066
19658,-1.2697417394303476,-0.008298802814695066
19659,-1.2697417394305504,-0.008298802814695066
19660,-1.2697417394305595,-0.008298802814695066
19661,-1.2697417394306845,-0.008298802814695066
19662,-1.2697417394307775,-0.008298802814695066
19663,-1.2697417394308192,-0.008298802814695066
19664,-1.269741739430902,-0.008298802814695066
19665,-1.269741739431073,-0.008298802814695066
19666,-1.269741739431117,-0.008298802814695066
19667,-1.2697417394312562,-0.008298802814695066
19668,-1.269741739431607,-0.008298802814695066
19669,-1.2697417394319968,-0.008298802814695066
19670,-1.2697417394320358,-0.008298802814695066
19671,-1.2697417394321449,-0.008298802814695066
19672,-1.2697417394321675,-0.008298802814695066
19673,-1.269741739432215,-0.008298802814695066
19674,-1.2697417394323482,-0.008298802814695066
19675,-1.2697417394325983,-0.008298802814695066
19676,-1.2697417394326425,-0.008298802814695066
19677,-1.269741739432666,-0.008298802814695066
19678,-1.2697417394331438,-0.008298802814695066
19679,-1.2697417394332013,-0.008298802814695066
19680,-1.2697417394332338,-0.008298802814695066
19681,-1.2697417394332597,-0.008298802814695066
19682,-1.2697417394333215,-0.008298802814695066
19683,-1.269741739433449,-0.008298802814695066
19684,-1.2697417394337025,-0.008298802814695066
19685,-1.2697417394340138,-0.008298802814695066
19686,-1.2697417394340638,-0.008298802814695066
19687,-1.269741739434241,-0.008298802814695066
19688,-1.2697417394343353,-0.008298802814695066
19689,-1.2697417394347936,-0.008298802814695066
19690,-1.2697417394350585,-0.008298802814695066
19691,-1.2697417394353128,-0.008298802814695066
19692,-1.269741739435329,-0.008298802814695066
19693,-1.2697417394353367,-0.008298802814695066
19694,-1.26974173943568,-0.008298802814695066
19695,-1.2697417394359984,-0.008298802814695066
19696,-1.269741739436284,-0.008298802814695066
19697,-1.269741739436362,-0.008298802814695066
19698,-1.2697417394364068,-0.008298802814695066
19699,-1.2697417394367876,-0.008298802814695066
19700,-1.2697417394368273,-0.008298802814695066
19701,-1.2697417394369035,-0.008298802814695066
19702,-1.2697417394370358,-0.008298802814695066
19703,-1.269741739437083,-0.008298802814695066
19704,-1.2697417394373178,-0.008298802814695066
19705,-1.2697417394375243,-0.008298802814695066
19706,-1.2697417394376171,-0.008298802814695066
19707,-1.2697417394376669,-0.008298802814695066
19708,-1.2697417394378283,-0.008298802814695066
19709,-1.2697417394380455,-0.008298802814695066
19710,-1.2697417394383623,-0.008298802814695066
19711,-1.2697417394386,-0.008298802814695066
19712,-1.269741739438732,-0.008298802814695066
19713,-1.269741739438806,-0.008298802814695066
19714,-1.2697417394392145,-0.008298802814695066
19715,-1.2697417394397523,-0.008298802814695066
19716,-1.269741739439798,-0.008298802814695066
19717,-1.269741739439802,-0.008298802814695066
19718,-1.26974173943986,-0.008298802814695066
19719,-1.269741739439962,-0.008298802814695066
19720,-1.2697417394400046,-0.008298802814695066
19721,-1.2697417394404438,-0.008298802814695066
19722,-1.2697417394407715,-0.008298802814695066
19723,-1.2697417394407817,-0.008298802814695066
19724,-1.2697417394409607,-0.008298802814695066
19725,-1.2697417394415291,-0.008298802814695066
19726,-1.2697417394415738,-0.008298802814695066
19727,-1.2697417394416748,-0.008298802814695066
19728,-1.2697417394419543,-0.008298802814695066
19729,-1.2697417394421497,-0.008298802814695066
19730,-1.269741739442206,-0.008298802814695066
19731,-1.2697417394422679,-0.008298802814695066
19732,-1.2697417394423078,-0.008298802814695066
19733,-1.2697417394423436,-0.008298802814695066
19734,-1.2697417394424155,-0.008298802814695066
19735,-1.2697417394424442,-0.008298802814695066
19736,-1.2697417394425792,-0.008298802814695066
19737,-1.2697417394425818,-0.008298802814695066
19738,-1.2697417394427393,-0.008298802814695066
19739,-1.2697417394428374,-0.008298802814695066
19740,-1.2697417394428387,-0.008298802814695066
19741,-1.269741739443001,-0.008298802814695066
19742,-1.2697417394432842,-0.008298802814695066
19743,-1.2697417394433799,-0.008298802814695066
19744,-1.2697417394439081,-0.008298802814695066
19745,-1.2697417394439723,-0.008298802814695066
19746,-1.2697417394440713,-0.008298802814695066
19747,-1.2697417394440875,-0.008298802814695066
19748,-1.2697417394442934,-0.008298802814695066
19749,-1.269741739444514,-0.008298802814695066
19750,-1.2697417394447976,-0.008298802814695066
19751,-1.269741739444825,-0.008298802814695066
19752,-1.2697417394454975,-0.008298802814695066
19753,-1.2697417394455608,-0.008298802814695066
19754,-1.2697417394455792,-0.008298802814695066
19755,-1.2697417394455954,-0.008298802814695066
19756,-1.2697417394456152,-0.008298802814695066
19757,-1.2697417394456971,-0.008298802814695066
19758,-1.2697417394463115,-0.008298802814695066
19759,-1.269741739446477,-0.008298802814695066
19760,-1.2697417394465296,-0.008298802814695066
19761,-1.2697417394467436,-0.008298802814695066
19762,-1.2697417394469492,-0.008298802814695066
19763,-1.269741739446971,-0.008298802814695066
19764,-1.2697417394469863,-0.008298802814695066
19765,-1.2697417394471162,-0.008298802814695066
19766,-1.2697417394471502,-0.008298802814695066
19767,-1.2697417394471842,-0.008298802814695066
19768,-1.2697417394473138,-0.008298802814695066
19769,-1.2697417394473574,-0.008298802814695066
19770,-1.2697417394474635,-0.008298802814695066
19771,-1.269741739447523,-0.008298802814695066
19772,-1.269741739447712,-0.008298802814695066
19773,-1.2697417394479062,-0.008298802814695066
19774,-1.2697417394480164,-0.008298802814695066
19775,-1.2697417394480697,-0.008298802814695066
19776,-1.2697417394482375,-0.008298802814695066
19777,-1.2697417394485138,-0.008298802814695066
19778,-1.2697417394485173,-0.008298802814695066
19779,-1.2697417394485746,-0.008298802814695066
19780,-1.2697417394488932,-0.008298802814695066
19781,-1.2697417394489896,-0.008298802814695066
19782,-1.2697417394493733,-0.008298802814695066
19783,-1.269741739449453,-0.008298802814695066
19784,-1.269741739449468,-0.008298802814695066
19785,-1.2697417394496981,-0.008298802814695066
19786,-1.2697417394498085,-0.008298802814695066
19787,-1.269741739449914,-0.008298802814695066
19788,-1.269741739449963,-0.008298802814695066
19789,-1.2697417394500456,-0.008298802814695066
19790,-1.2697417394502075,-0.008298802814695066
19791,-1.2697417394502215,-0.008298802814695066
19792,-1.2697417394502684,-0.008298802814695066
19793,-1.269741739450315,-0.008298802814695066
19794,-1.2697417394504744,-0.008298802814695066
19795,-1.269741739450873,-0.008298802814695066
19796,-1.269741739451162,-0.008298802814695066
19797,-1.2697417394511896,-0.008298802814695066
19798,-1.2697417394512138,-0.008298802814695066
19799,-1.269741739451698,-0.008298802814695066
19800,-1.2697417394518067,-0.008298802814695066
19801,-1.2697417394520176,-0.008298802814695066
19802,-1.2697417394522656,-0.008298802814695066
19803,-1.2697417394523163,-0.008298802814695066
19804,-1.2697417394523463,-0.008298802814695066
19805,-1.2697417394525221,-0.008298802814695066
19806,-1.269741739452651,-0.008298802814695066
19807,-1.2697417394527573,-0.008298802814695066
19808,-1.2697417394527823,-0.008298802814695066
19809,-1.2697417394528863,-0.008298802814695066
19810,-1.2697417394529436,-0.008298802814695066
19811,-1.269741739452975,-0.008298802814695066
19812,-1.2697417394530086,-0.008298802814695066
19813,-1.269741739453015,-0.008298802814695066
19814,-1.269741739453023,-0.008298802814695066
19815,-1.2697417394531894,-0.008298802814695066
19816,-1.2697417394532673,-0.008298802814695066
19817,-1.2697417394534969,-0.008298802814695066
19818,-1.2697417394537254,-0.008298802814695066
19819,-1.2697417394538022,-0.008298802814695066
19820,-1.2697417394538162,-0.008298802814695066
19821,-1.26974173945431,-0.008298802814695066
19822,-1.2697417394543924,-0.008298802814695066
19823,-1.2697417394546733,-0.008298802814695066
19824,-1.269741739455154,-0.008298802814695066
19825,-1.269741739455184,-0.008298802814695066
19826,-1.2697417394552424,-0.008298802814695066
19827,-1.2697417394553332,-0.008298802814695066
19828,-1.269741739455465,-0.008298802814695066
19829,-1.26974173945557,-0.008298802814695066
19830,-1.2697417394556119,-0.008298802814695066
19831,-1.2697417394557726,-0.008298802814695066
19832,-1.269741739455785,-0.008298802814695066
19833,-1.2697417394559123,-0.008298802814695066
19834,-1.2697417394562032,-0.008298802814695066
19835,-1.2697417394566888,-0.008298802814695066
19836,-1.269741739456815,-0.008298802814695066
19837,-1.2697417394568746,-0.008298802814695066
19838,-1.2697417394569261,-0.008298802814695066
19839,-1.2697417394572936,-0.008298802814695066
19840,-1.2697417394573736,-0.008298802814695066
19841,-1.2697417394573929,-0.008298802814695066
19842,-1.2697417394575434,-0.008298802814695066
19843,-1.2697417394580972,-0.008298802814695066
19844,-1.2697417394581119,-0.008298802814695066
19845,-1.2697417394582948,-0.008298802814695066
19846,-1.2697417394585535,-0.008298802814695066
19847,-1.2697417394589365,-0.008298802814695066
19848,-1.2697417394590917,-0.008298802814695066
19849,-1.2697417394592425,-0.008298802814695066
19850,-1.2697417394594277,-0.008298802814695066
19851,-1.2697417394595587,-0.008298802814695066
19852,-1.2697417394596644,-0.008298802814695066
19853,-1.269741739459969,-0.008298802814695066
19854,-1.2697417394600852,-0.008298802814695066
19855,-1.2697417394601116,-0.008298802814695066
19856,-1.2697417394601564,-0.008298802814695066
19857,-1.2697417394602029,-0.008298802814695066
19858,-1.2697417394602737,-0.008298802814695066
19859,-1.269741739460298,-0.008298802814695066
19860,-1.269741739460791,-0.008298802814695066
19861,-1.2697417394608712,-0.008298802814695066
19862,-1.2697417394608783,-0.008298802814695066
19863,-1.2697417394608876,-0.008298802814695066
19864,-1.2697417394611876,-0.008298802814695066
19865,-1.269741739461268,-0.008298802814695066
19866,-1.269741739461711,-0.008298802814695066
19867,-1.2697417394617716,-0.008298802814695066
19868,-1.2697417394618091,-0.008298802814695066
19869,-1.2697417394619293,-0.008298802814695066
19870,-1.2697417394620087,-0.008298802814695066
19871,-1.269741739462055,-0.008298802814695066
19872,-1.269741739462067,-0.008298802814695066
19873,-1.2697417394620774,-0.008298802814695066
19874,-1.269741739462285,-0.008298802814695066
19875,-1.2697417394626822,-0.008298802814695066
19876,-1.2697417394626855,-0.008298802814695066
19877,-1.269741739462755,-0.008298802814695066
19878,-1.269741739462756,-0.008298802814695066
19879,-1.269741739462897,-0.008298802814695066
19880,-1.2697417394630177,-0.008298802814695066
19881,-1.2697417394630868,-0.008298802814695066
19882,-1.2697417394631807,-0.008298802814695066
19883,-1.2697417394632498,-0.008298802814695066
19884,-1.2697417394633228,-0.008298802814695066
19885,-1.2697417394633383,-0.008298802814695066
19886,-1.2697417394637067,-0.008298802814695066
19887,-1.2697417394637174,-0.008298802814695066
19888,-1.2697417394637325,-0.008298802814695066
19889,-1.2697417394639352,-0.008298802814695066
19890,-1.2697417394639858,-0.008298802814695066
19891,-1.269741739464164,-0.008298802814695066
19892,-1.269741739464243,-0.008298802814695066
19893,-1.2697417394642843,-0.008298802814695066
19894,-1.2697417394643797,-0.008298802814695066
19895,-1.269741739464387,-0.008298802814695066
19896,-1.2697417394644148,-0.008298802814695066
19897,-1.2697417394644186,-0.008298802814695066
19898,-1.2697417394644943,-0.008298802814695066
19899,-1.2697417394646695,-0.008298802814695066
19900,-1.2697417394648527,-0.008298802814695066
19901,-1.269741739464949,-0.008298802814695066
19902,-1.2697417394650539,-0.008298802814695066
19903,-1.2697417394651547,-0.008298802814695066
19904,-1.2697417394651622,-0.008298802814695066
19905,-1.2697417394651802,-0.008298802814695066
19906,-1.2697417394653092,-0.008298802814695066
19907,-1.2697417394655102,-0.008298802814695066
19908,-1.2697417394655495,-0.008298802814695066
19909,-1.2697417394659745,-0.008298802814695066
19910,-1.2697417394660875,-0.008298802814695066
19911,-1.2697417394661925,-0.008298802814695066
19912,-1.2697417394662946,-0.008298802814695066
19913,-1.2697417394663906,-0.008298802814695066
19914,-1.2697417394664825,-0.008298802814695066
19915,-1.2697417394665762,-0.008298802814695066
19916,-1.269741739466656,-0.008298802814695066
19917,-1.2697417394666772,-0.008298802814695066
19918,-1.2697417394667287,-0.008298802814695066
19919,-1.2697417394667896,-0.008298802814695066
19920,-1.2697417394669999,-0.008298802814695066
19921,-1.2697417394670398,-0.008298802814695066
19922,-1.269741739467134,-0.008298802814695066
19923,-1.2697417394671362,-0.008298802814695066
19924,-1.2697417394671915,-0.008298802814695066
19925,-1.269741739467229,-0.008298802814695066
19926,-1.2697417394672752,-0.008298802814695066
19927,-1.2697417394672932,-0.008298802814695066
19928,-1.2697417394673178,-0.008298802814695066
19929,-1.269741739467438,-0.008298802814695066
19930,-1.269741739467538,-0.008298802814695066
19931,-1.269741739467609,-0.008298802814695066
19932,-1.2697417394676749,-0.008298802814695066
19933,-1.2697417394679473,-0.008298802814695066
19934,-1.2697417394679722,-0.008298802814695066
19935,-1.2697417394680006,-0.008298802814695066
19936,-1.2697417394680366,-0.008298802814695066
19937,-1.2697417394680899,-0.008298802814695066
19938,-1.2697417394681716,-0.008298802814695066
19939,-1.2697417394682924,-0.008298802814695066
19940,-1.2697417394683264,-0.008298802814695066
19941,-1.2697417394685782,-0.008298802814695066
19942,-1.2697417394687598,-0.008298802814695066
19943,-1.2697417394688557,-0.008298802814695066
19944,-1.2697417394690664,-0.008298802814695066
19945,-1.2697417394691626,-0.008298802814695066
19946,-1.2697417394692363,-0.008298802814695066
19947,-1.2697417394695125,-0.008298802814695066
19948,-1.2697417394696422,-0.008298802814695066
19949,-1.2697417394698416,-0.008298802814695066
19950,-1.2697417394699333,-0.008298802814695066
19951,-1.269741739470162,-0.008298802814695066
19952,-1.2697417394702049,-0.008298802814695066
19953,-1.2697417394702768,-0.008298802814695066
19954,-1.2697417394703134,-0.008298802814695066
19955,-1.2697417394704928,-0.008298802814695066
19956,-1.2697417394705206,-0.008298802814695066
19957,-1.2697417394705495,-0.008298802814695066
19958,-1.2697417394705752,-0.008298802814695066
19959,-1.2697417394706252,-0.008298802814695066
19960,-1.269741739470711,-0.008298802814695066
19961,-1.2697417394707773,-0.008298802814695066
19962,-1.2697417394708033,-0.008298802814695066
19963,-1.2697417394708097,-0.008298802814695066
19964,-1.2697417394709762,-0.008298802814695066
19965,-1.2697417394710322,-0.008298802814695066
19966,-1.2697417394711086,-0.008298802814695066
19967,-1.2697417394711858,-0.008298802814695066
19968,-1.269741739471268,-0.008298802814695066
19969,-1.2697417394713402,-0.008298802814695066
19970,-1.2697417394713661,-0.008298802814695066
19971,-1.2697417394716135,-0.008298802814695066
19972,-1.2697417394717254,-0.008298802814695066
19973,-1.2697417394719015,-0.008298802814695066
19974,-1.269741739472646,-0.008298802814695066
19975,-1.2697417394727994,-0.008298802814695066
19976,-1.2697417394728259,-0.008298802814695066
19977,-1.2697417394730195,-0.008298802814695066
19978,-1.2697417394731354,-0.008298802814695066
19979,-1.269741739473485,-0.008298802814695066
19980,-1.2697417394735044,-0.008298802814695066
19981,-1.2697417394740242,-0.008298802814695066
19982,-1.269741739474064,-0.008298802814695066
19983,-1.26974173947447,-0.008298802814695066
19984,-1.269741739474478,-0.008298802814695066
19985,-1.2697417394745525,-0.008298802814695066
19986,-1.269741739474631,-0.008298802814695066
19987,-1.2697417394751562,-0.008298802814695066
19988,-1.2697417394755321,-0.008298802814695066
19989,-1.2697417394756427,-0.008298802814695066
19990,-1.2697417394758814,-0.008298802814695066
19991,-1.2697417394760215,-0.008298802814695066
19992,-1.2697417394761896,-0.008298802814695066
19993,-1.2697417394763744,-0.008298802814695066
19994,-1.2697417394764032,-0.008298802814695066
19995,-1.2697417394764696,-0.008298802814695066
19996,-1.2697417394765478,-0.008298802814695066
19997,-1.2697417394766584,-0.008298802814695066
19998,-1.2697417394767716,-0.008298802814695066
19999,-1.2697417394768677,-0.008298802814695066
20000,-1.2697417394769848,-0.008298802814695066
