iter,emax,log_compression
1,1.318228178568e6,-0.008298802814695066
2,9523.329990357066,-0.008298802814695066
3,1563.0977788285527,-0.008298802814695066
4,1227.8066447830877,-0.008298802814695066
5,338.5129693097069,-0.008298802814695066
6,60.558781427411155,-0.008298802814695066
7,59.3681114867939,-0.008298802814695066
8,44.42644528175126,-0.008298802814695066
9,27.123847611515174,-0.008298802814695066
10,19.080019293562298,-0.008298802814695066
11,12.744765514998388,-0.008298802814695066
12,12.61717230973111,-0.008298802814695066
13,9.19048134707832,-0.008298802814695066
14,5.473552996785372,-0.008298802814695066
15,3.1662741230417777,-0.008298802814695066
16,2.679762802155246,-0.008298802814695066
17,2.365261379744084,-0.008298802814695066
18,1.8755889668223493,-0.008298802814695066
19,1.7177500744861027,-0.008298802814695066
20,1.6999911121431948,-0.008298802814695066
21,1.0928563850817383,-0.008298802814695066
22,1.0185642350636326,-0.008298802814695066
23,0.6132760934284494,-0.008298802814695066
24,0.5534070862428718,-0.008298802814695066
25,0.4220078811526756,-0.008298802814695066
26,0.29523001708389746,-0.008298802814695066
27,0.007474636817148126,-0.008298802814695066
28,-0.001427091196892561,-0.008298802814695066
29,-0.0017483987653543222,-0.008298802814695066
30,-0.0029021073358125207,-0.008298802814695066
31,-0.0029380746654094846,-0.008298802814695066
32,-0.0032666280894708714,-0.008298802814695066
33,-0.003327571289594449,-0.008298802814695066
34,-0.0036312222354096856,-0.008298802814695066
35,-0.003830832966929914,-0.008298802814695066
36,-0.003922414823875515,-0.008298802814695066
37,-0.004153116008431429,-0.008298802814695066
38,-0.004697756917131005,-0.008298802814695066
39,-0.004734535819964061,-0.008298802814695066
40,-0.004740649194091713,-0.008298802814695066
41,-0.004891383855369616,-0.008298802814695066
42,-0.00491883202076407,-0.008298802814695066
43,-0.00492332541571769,-0.008298802814695066
44,-0.00495061111791777,-0.008298802814695066
45,-0.005156492306503832,-0.008298802814695066
46,-0.005376254095204988,-0.008298802814695066
47,-0.005600725869586362,-0.008298802814695066
48,-0.005675218796307859,-0.008298802814695066
49,-0.0058262509033605745,-0.008298802814695066
50,-0.005905666651132266,-0.008298802814695066
51,-0.006222780374940182,-0.008298802814695066
52,-0.006383247109918957,-0.008298802814695066
53,-0.006739343464468662,-0.008298802814695066
54,-0.006773531615403811,-0.008298802814695066
55,-0.006881526597569662,-0.008298802814695066
56,-0.0075774183261494,-0.008298802814695066
57,-0.00778838664137794,-0.008298802814695066
58,-0.008436836033850353,-0.008298802814695066
59,-0.009047663080856482,-0.008298802814695066
60,-0.009078083350417425,-0.008298802814695066
61,-0.009123136288548502,-0.008298802814695066
62,-0.00926933802550159,-0.008298802814695066
63,-0.009455285738012915,-0.008298802814695066
64,-0.009464646111694855,-0.008298802814695066
65,-0.00976308730219925,-0.008298802814695066
66,-0.010399517258896871,-0.008298802814695066
67,-0.010406541725683956,-0.008298802814695066
68,-0.010679916800000756,-0.008298802814695066
69,-0.010706283876765666,-0.008298802814695066
70,-0.010895555903987612,-0.008298802814695066
71,-0.01180779377744622,-0.008298802814695066
72,-0.012063077866523981,-0.008298802814695066
73,-0.012258147823661282,-0.008298802814695066
74,-0.012389089652964206,-0.008298802814695066
75,-0.012412152411814373,-0.008298802814695066
76,-0.012491681252535497,-0.008298802814695066
77,-0.013163093528751516,-0.008298802814695066
78,-0.01374474236603523,-0.008298802814695066
79,-0.013810316529368915,-0.008298802814695066
80,-0.015347210812289916,-0.008298802814695066
81,-0.015425109129950263,-0.008298802814695066
82,-0.015811596395327886,-0.008298802814695066
83,-0.01602542648066275,-0.008298802814695066
84,-0.016665778205082762,-0.008298802814695066
85,-0.016690198466066758,-0.008298802814695066
86,-0.016710830473184377,-0.008298802814695066
87,-0.016803873470850886,-0.008298802814695066
88,-0.01684085873084116,-0.008298802814695066
89,-0.017456022518145976,-0.008298802814695066
90,-0.017620888995332963,-0.008298802814695066
91,-0.018185514984489448,-0.008298802814695066
92,-0.018785728826809355,-0.008298802814695066
93,-0.019102711471267367,-0.008298802814695066
94,-0.019166273027975182,-0.008298802814695066
95,-0.019440824701902754,-0.008298802814695066
96,-0.019716583131070674,-0.008298802814695066
97,-0.020399196089547652,-0.008298802814695066
98,-0.02077135587372482,-0.008298802814695066
99,-0.02095390489611963,-0.008298802814695066
100,-0.02147773191057042,-0.008298802814695066
101,-0.02190890199867543,-0.008298802814695066
102,-0.022191659186751294,-0.008298802814695066
103,-0.022258915432779827,-0.008298802814695066
104,-0.022627744162011448,-0.008298802814695066
105,-0.023202425790584787,-0.008298802814695066
106,-0.023615698033113603,-0.008298802814695066
107,-0.023680777772353674,-0.008298802814695066
108,-0.02382944169032969,-0.008298802814695066
109,-0.024387362261547883,-0.008298802814695066
110,-0.024686459288610487,-0.008298802814695066
111,-0.024878305117741455,-0.008298802814695066
112,-0.025443497749409946,-0.008298802814695066
113,-0.02570545164689353,-0.008298802814695066
114,-0.026146752421249066,-0.008298802814695066
115,-0.02621203170967523,-0.008298802814695066
116,-0.026336537033171174,-0.008298802814695066
117,-0.02761640842625534,-0.008298802814695066
118,-0.028054145441498413,-0.008298802814695066
119,-0.028130790050992185,-0.008298802814695066
120,-0.029179706362957622,-0.008298802814695066
121,-0.029692599676279748,-0.008298802814695066
122,-0.029789986079007305,-0.008298802814695066
123,-0.03002889866560704,-0.008298802814695066
124,-0.03020991374286705,-0.008298802814695066
125,-0.030283839523111054,-0.008298802814695066
126,-0.03038893867909124,-0.008298802814695066
127,-0.030435219349352886,-0.008298802814695066
128,-0.030520162432564675,-0.008298802814695066
129,-0.03175574978595702,-0.008298802814695066
130,-0.03179946461418922,-0.008298802814695066
131,-0.032403217251784286,-0.008298802814695066
132,-0.03268718103667963,-0.008298802814695066
133,-0.032913508371859745,-0.008298802814695066
134,-0.03387879822819559,-0.008298802814695066
135,-0.034607313192997494,-0.008298802814695066
136,-0.034618064555879006,-0.008298802814695066
137,-0.035805332708705485,-0.008298802814695066
138,-0.03632892391953477,-0.008298802814695066
139,-0.037039089605075556,-0.008298802814695066
140,-0.03708181767938003,-0.008298802814695066
141,-0.037357953306504287,-0.008298802814695066
142,-0.03820796042565927,-0.008298802814695066
143,-0.03896019604323813,-0.008298802814695066
144,-0.04070166331811716,-0.008298802814695066
145,-0.041462586512941206,-0.008298802814695066
146,-0.04168981464746873,-0.008298802814695066
147,-0.04193151191346487,-0.008298802814695066
148,-0.04261270261216543,-0.008298802814695066
149,-0.044158729819164425,-0.008298802814695066
150,-0.044829216596779464,-0.008298802814695066
151,-0.044977881200074926,-0.008298802814695066
152,-0.045269531736184455,-0.008298802814695066
153,-0.04702893636736388,-0.008298802814695066
154,-0.04796698988391374,-0.008298802814695066
155,-0.04877652463997362,-0.008298802814695066
156,-0.049631253376305876,-0.008298802814695066
157,-0.050346853568547095,-0.008298802814695066
158,-0.05047509861816616,-0.008298802814695066
159,-0.050720550631227136,-0.008298802814695066
160,-0.05101184879258839,-0.008298802814695066
161,-0.05132919333930769,-0.008298802814695066
162,-0.05152658573451708,-0.008298802814695066
163,-0.05160711767892351,-0.008298802814695066
164,-0.051857225404104465,-0.008298802814695066
165,-0.05218019597365425,-0.008298802814695066
166,-0.052639579935593366,-0.008298802814695066
167,-0.053453325154804984,-0.008298802814695066
168,-0.05348608896266898,-0.008298802814695066
169,-0.05397011047977209,-0.008298802814695066
170,-0.054112944773526434,-0.008298802814695066
171,-0.05574987729251406,-0.008298802814695066
172,-0.05581973997327801,-0.008298802814695066
173,-0.055924504319877395,-0.008298802814695066
174,-0.05595476393740537,-0.008298802814695066
175,-0.05791319376876523,-0.008298802814695066
176,-0.058124839798051345,-0.008298802814695066
177,-0.0584241331150861,-0.008298802814695066
178,-0.05861100377097243,-0.008298802814695066
179,-0.05941932119844152,-0.008298802814695066
180,-0.060356795294657845,-0.008298802814695066
181,-0.06064607945987071,-0.008298802814695066
182,-0.06175266663483572,-0.008298802814695066
183,-0.06253116044150275,-0.008298802814695066
184,-0.0634558553148628,-0.008298802814695066
185,-0.06359871177214552,-0.008298802814695066
186,-0.06429173643362078,-0.008298802814695066
187,-0.06490483106816392,-0.008298802814695066
188,-0.06690256309689596,-0.008298802814695066
189,-0.0674133707532294,-0.008298802814695066
190,-0.06841357456112808,-0.008298802814695066
191,-0.06882276431411721,-0.008298802814695066
192,-0.06949830623070015,-0.008298802814695066
193,-0.06954619267389955,-0.008298802814695066
194,-0.07044327891219664,-0.008298802814695066
195,-0.0710541647274825,-0.008298802814695066
196,-0.07127511437806129,-0.008298802814695066
197,-0.07220474973780452,-0.008298802814695066
198,-0.07310600052034844,-0.008298802814695066
199,-0.07312681085357539,-0.008298802814695066
200,-0.07382635408593079,-0.008298802814695066
201,-0.07410369719430826,-0.008298802814695066
202,-0.0742001965698721,-0.008298802814695066
203,-0.0751553434950398,-0.008298802814695066
204,-0.07552231305902488,-0.008298802814695066
205,-0.07620646483990141,-0.008298802814695066
206,-0.07624198862885412,-0.008298802814695066
207,-0.07656900052371718,-0.008298802814695066
208,-0.07658375379170396,-0.008298802814695066
209,-0.07700498815890627,-0.008298802814695066
210,-0.0782973133323045,-0.008298802814695066
211,-0.07841541796861318,-0.008298802814695066
212,-0.07876570713119116,-0.008298802814695066
213,-0.07912568686685184,-0.008298802814695066
214,-0.07924398907096641,-0.008298802814695066
215,-0.07939287429944421,-0.008298802814695066
216,-0.07946052753578649,-0.008298802814695066
217,-0.08001832991904209,-0.008298802814695066
218,-0.080108842213932,-0.008298802814695066
219,-0.08038222341216233,-0.008298802814695066
220,-0.08106316884572232,-0.008298802814695066
221,-0.08330726361876281,-0.008298802814695066
222,-0.08356657396285884,-0.008298802814695066
223,-0.08434962349375777,-0.008298802814695066
224,-0.08445338967900444,-0.008298802814695066
225,-0.08447309434455279,-0.008298802814695066
226,-0.08455790159520633,-0.008298802814695066
227,-0.08493514604834362,-0.008298802814695066
228,-0.08494777105583316,-0.008298802814695066
229,-0.08573461180631563,-0.008298802814695066
230,-0.08601415877802299,-0.008298802814695066
231,-0.08613733529681773,-0.008298802814695066
232,-0.0861956374293135,-0.008298802814695066
233,-0.08627745242100404,-0.008298802814695066
234,-0.08632989664459638,-0.008298802814695066
235,-0.08765780869047878,-0.008298802814695066
236,-0.08801586186894457,-0.008298802814695066
237,-0.0883768124484627,-0.008298802814695066
238,-0.08862070357107472,-0.008298802814695066
239,-0.08930563792190739,-0.008298802814695066
240,-0.0893387585912892,-0.008298802814695066
241,-0.08951374560851538,-0.008298802814695066
242,-0.0908954708729941,-0.008298802814695066
243,-0.09163560276903795,-0.008298802814695066
244,-0.0923154157329922,-0.008298802814695066
245,-0.09240928689155734,-0.008298802814695066
246,-0.09241573879672146,-0.008298802814695066
247,-0.09249142958944498,-0.008298802814695066
248,-0.09253047255333086,-0.008298802814695066
249,-0.0928244074531337,-0.008298802814695066
250,-0.0938648410029956,-0.008298802814695066
251,-0.09405344268415043,-0.008298802814695066
252,-0.09460740923578297,-0.008298802814695066
253,-0.09466098329003104,-0.008298802814695066
254,-0.09489002644688209,-0.008298802814695066
255,-0.0963099131915125,-0.008298802814695066
256,-0.09667476593174036,-0.008298802814695066
257,-0.0973008856111447,-0.008298802814695066
258,-0.09731814976077974,-0.008298802814695066
259,-0.09734853108682395,-0.008298802814695066
260,-0.09748849447818013,-0.008298802814695066
261,-0.09786396719210015,-0.008298802814695066
262,-0.09795799868194795,-0.008298802814695066
263,-0.0980575024370242,-0.008298802814695066
264,-0.09847431120184819,-0.008298802814695066
265,-0.09858968577075664,-0.008298802814695066
266,-0.09911873041135609,-0.008298802814695066
267,-0.09920685930979871,-0.008298802814695066
268,-0.09965679909327435,-0.008298802814695066
269,-0.09970842446231767,-0.008298802814695066
270,-0.09975568011744608,-0.008298802814695066
271,-0.10020063873354403,-0.008298802814695066
272,-0.10033800806823856,-0.008298802814695066
273,-0.1004318020787141,-0.008298802814695066
274,-0.1005172500877386,-0.008298802814695066
275,-0.1005906140727252,-0.008298802814695066
276,-0.10060549245521327,-0.008298802814695066
277,-0.1010204017895282,-0.008298802814695066
278,-0.10118368168712552,-0.008298802814695066
279,-0.10129848023931946,-0.008298802814695066
280,-0.10140159107129963,-0.008298802814695066
281,-0.10194776470331791,-0.008298802814695066
282,-0.10199961732105203,-0.008298802814695066
283,-0.10209391334666376,-0.008298802814695066
284,-0.10222053058484502,-0.008298802814695066
285,-0.10233920873017674,-0.008298802814695066
286,-0.10260661444887971,-0.008298802814695066
287,-0.10283191747427244,-0.008298802814695066
288,-0.10283565615294661,-0.008298802814695066
289,-0.10298212057290532,-0.008298802814695066
290,-0.1034058242882214,-0.008298802814695066
291,-0.10371751586682901,-0.008298802814695066
292,-0.10424939502302547,-0.008298802814695066
293,-0.10444201875533819,-0.008298802814695066
294,-0.10461509763339598,-0.008298802814695066
295,-0.10465281944747125,-0.008298802814695066
296,-0.10484854413922436,-0.008298802814695066
297,-0.10517310339044086,-0.008298802814695066
298,-0.10556544854528901,-0.008298802814695066
299,-0.10556989889812263,-0.008298802814695066
300,-0.10570104055004989,-0.008298802814695066
301,-0.10571048027288735,-0.008298802814695066
302,-0.10592347297350374,-0.008298802814695066
303,-0.10601988063577353,-0.008298802814695066
304,-0.10606347128481827,-0.008298802814695066
305,-0.10640318637816572,-0.008298802814695066
306,-0.10698331276356804,-0.008298802814695066
307,-0.10714774210678221,-0.008298802814695066
308,-0.1078815849570991,-0.008298802814695066
309,-0.10803519567253465,-0.008298802814695066
310,-0.10839348995124223,-0.008298802814695066
311,-0.10846318833081012,-0.008298802814695066
312,-0.10860981069666234,-0.008298802814695066
313,-0.10866584794911943,-0.008298802814695066
314,-0.10948532206761419,-0.008298802814695066
315,-0.10953541263221239,-0.008298802814695066
316,-0.10987761793780765,-0.008298802814695066
317,-0.1103329537480241,-0.008298802814695066
318,-0.11162675150581777,-0.008298802814695066
319,-0.1116891803134872,-0.008298802814695066
320,-0.11193024260775104,-0.008298802814695066
321,-0.11214437417223672,-0.008298802814695066
322,-0.11262188458724814,-0.008298802814695066
323,-0.11299090258446183,-0.008298802814695066
324,-0.11330313433516806,-0.008298802814695066
325,-0.11361227108662751,-0.008298802814695066
326,-0.11412593812831155,-0.008298802814695066
327,-0.11416565737919214,-0.008298802814695066
328,-0.11417156663768244,-0.008298802814695066
329,-0.1147280785600689,-0.008298802814695066
330,-0.11490995502948716,-0.008298802814695066
331,-0.1151463647196002,-0.008298802814695066
332,-0.11533649546280927,-0.008298802814695066
333,-0.11582118994169915,-0.008298802814695066
334,-0.11602009947885406,-0.008298802814695066
335,-0.11721885352364583,-0.008298802814695066
336,-0.11731518161036188,-0.008298802814695066
337,-0.11735395665638873,-0.008298802814695066
338,-0.11749356209247329,-0.008298802814695066
339,-0.11798676081259465,-0.008298802814695066
340,-0.11826253042950965,-0.008298802814695066
341,-0.11834250415775341,-0.008298802814695066
342,-0.1184461454280688,-0.008298802814695066
343,-0.11861298227583256,-0.008298802814695066
344,-0.11887487314444609,-0.008298802814695066
345,-0.11889722307420009,-0.008298802814695066
346,-0.11916461664395303,-0.008298802814695066
347,-0.11946397490247965,-0.008298802814695066
348,-0.1194888648183058,-0.008298802814695066
349,-0.11952581384553865,-0.008298802814695066
350,-0.12045100255684256,-0.008298802814695066
351,-0.12083676454247104,-0.008298802814695066
352,-0.12085266487865612,-0.008298802814695066
353,-0.12139328737120267,-0.008298802814695066
354,-0.12147660408545007,-0.008298802814695066
355,-0.1216207806419809,-0.008298802814695066
356,-0.12178481866310362,-0.008298802814695066
357,-0.12181960451559626,-0.008298802814695066
358,-0.12197505582240344,-0.008298802814695066
359,-0.12242638640901346,-0.008298802814695066
360,-0.12267129255166637,-0.008298802814695066
361,-0.12269957741680271,-0.008298802814695066
362,-0.12298309218852455,-0.008298802814695066
363,-0.12307127282894008,-0.008298802814695066
364,-0.1234280896358412,-0.008298802814695066
365,-0.12362619970178151,-0.008298802814695066
366,-0.1239742765373911,-0.008298802814695066
367,-0.12398681020738342,-0.008298802814695066
368,-0.12410084488363682,-0.008298802814695066
369,-0.12430987292352594,-0.008298802814695066
370,-0.12446370680683942,-0.008298802814695066
371,-0.12447787436850483,-0.008298802814695066
372,-0.12511147097193848,-0.008298802814695066
373,-0.1252931868943345,-0.008298802814695066
374,-0.125524406593853,-0.008298802814695066
375,-0.12585304799223113,-0.008298802814695066
376,-0.1264268353108653,-0.008298802814695066
377,-0.12652955700273463,-0.008298802814695066
378,-0.12682049603811202,-0.008298802814695066
379,-0.1270969846875509,-0.008298802814695066
380,-0.12762012005105605,-0.008298802814695066
381,-0.12766669666832497,-0.008298802814695066
382,-0.1282785653887582,-0.008298802814695066
383,-0.12874721681880266,-0.008298802814695066
384,-0.12877047633532152,-0.008298802814695066
385,-0.12949901972506217,-0.008298802814695066
386,-0.1295549906234995,-0.008298802814695066
387,-0.12996723238628555,-0.008298802814695066
388,-0.13016035046509358,-0.008298802814695066
389,-0.1303797829506623,-0.008298802814695066
390,-0.13067788901821864,-0.008298802814695066
391,-0.1308036419045058,-0.008298802814695066
392,-0.13117956149511667,-0.008298802814695066
393,-0.1311803950039159,-0.008298802814695066
394,-0.13133907572366313,-0.008298802814695066
395,-0.13153934440610643,-0.008298802814695066
396,-0.13173390066910656,-0.008298802814695066
397,-0.13289029291047008,-0.008298802814695066
398,-0.13295928010020602,-0.008298802814695066
399,-0.13331219957419294,-0.008298802814695066
400,-0.13349805648348534,-0.008298802814695066
401,-0.13354593090449995,-0.008298802814695066
402,-0.13404090447273467,-0.008298802814695066
403,-0.13414351816232967,-0.008298802814695066
404,-0.1343248290513569,-0.008298802814695066
405,-0.13490968407022136,-0.008298802814695066
406,-0.1349970886060981,-0.008298802814695066
407,-0.13542840936421413,-0.008298802814695066
408,-0.1369260148496852,-0.008298802814695066
409,-0.1370795449941967,-0.008298802814695066
410,-0.13729510025694625,-0.008298802814695066
411,-0.13774657620255307,-0.008298802814695066
412,-0.13874711865695263,-0.008298802814695066
413,-0.13894307611064177,-0.008298802814695066
414,-0.13904016651597434,-0.008298802814695066
415,-0.13981145234890566,-0.008298802814695066
416,-0.1400393146060279,-0.008298802814695066
417,-0.14013194656496428,-0.008298802814695066
418,-0.14025821735502877,-0.008298802814695066
419,-0.1410070204964043,-0.008298802814695066
420,-0.14119850899440164,-0.008298802814695066
421,-0.14121175872426944,-0.008298802814695066
422,-0.1426299344204739,-0.008298802814695066
423,-0.1431216776367591,-0.008298802814695066
424,-0.14319266532116998,-0.008298802814695066
425,-0.14399562436907998,-0.008298802814695066
426,-0.14403082744212187,-0.008298802814695066
427,-0.1440601313304916,-0.008298802814695066
428,-0.14438939535163062,-0.008298802814695066
429,-0.14492362712827314,-0.008298802814695066
430,-0.1455733880355547,-0.008298802814695066
431,-0.14577804871101305,-0.008298802814695066
432,-0.14579283918159067,-0.008298802814695066
433,-0.14593881701819672,-0.008298802814695066
434,-0.14656327509880593,-0.008298802814695066
435,-0.14705083123487955,-0.008298802814695066
436,-0.14739231208953585,-0.008298802814695066
437,-0.14780219753829568,-0.008298802814695066
438,-0.1480169858666255,-0.008298802814695066
439,-0.1480258249135088,-0.008298802814695066
440,-0.14915052445045243,-0.008298802814695066
441,-0.14938442290253817,-0.008298802814695066
442,-0.14976531919361297,-0.008298802814695066
443,-0.14984241173958196,-0.008298802814695066
444,-0.15020860100675668,-0.008298802814695066
445,-0.15040168802266465,-0.008298802814695066
446,-0.15044049841605223,-0.008298802814695066
447,-0.1507790697819153,-0.008298802814695066
448,-0.15137034803967767,-0.008298802814695066
449,-0.15157376844356613,-0.008298802814695066
450,-0.15160370993438244,-0.008298802814695066
451,-0.15237085090815916,-0.008298802814695066
452,-0.15248597728856034,-0.008298802814695066
453,-0.15250044131709473,-0.008298802814695066
454,-0.15266358456890816,-0.008298802814695066
455,-0.15315203211400452,-0.008298802814695066
456,-0.15365197780289186,-0.008298802814695066
457,-0.1537284390528164,-0.008298802814695066
458,-0.15424857476692705,-0.008298802814695066
459,-0.15469433898236157,-0.008298802814695066
460,-0.15500961917217398,-0.008298802814695066
461,-0.1550363271315943,-0.008298802814695066
462,-0.15527408361258008,-0.008298802814695066
463,-0.15583187793272577,-0.008298802814695066
464,-0.15653879846430818,-0.008298802814695066
465,-0.1567391952194583,-0.008298802814695066
466,-0.15692647384701852,-0.008298802814695066
467,-0.1572244718511987,-0.008298802814695066
468,-0.15737837022822335,-0.008298802814695066
469,-0.15771781894987758,-0.008298802814695066
470,-0.15960464500851101,-0.008298802814695066
471,-0.15981504510243022,-0.008298802814695066
472,-0.16022346421093114,-0.008298802814695066
473,-0.16033916454327996,-0.008298802814695066
474,-0.16090423422805322,-0.008298802814695066
475,-0.16117638444482327,-0.008298802814695066
476,-0.1620673462723533,-0.008298802814695066
477,-0.1627803035726635,-0.008298802814695066
478,-0.1628363392655407,-0.008298802814695066
479,-0.16325699125648924,-0.008298802814695066
480,-0.16334030125963805,-0.008298802814695066
481,-0.16398202744413107,-0.008298802814695066
482,-0.16492309998968446,-0.008298802814695066
483,-0.1654135552904423,-0.008298802814695066
484,-0.16556590487263215,-0.008298802814695066
485,-0.16649907117620474,-0.008298802814695066
486,-0.1666934555921688,-0.008298802814695066
487,-0.1672279938841945,-0.008298802814695066
488,-0.1676715530700878,-0.008298802814695066
489,-0.16814443369896093,-0.008298802814695066
490,-0.16976782256489314,-0.008298802814695066
491,-0.17038276043840955,-0.008298802814695066
492,-0.1704948984992879,-0.008298802814695066
493,-0.17059962378741106,-0.008298802814695066
494,-0.17065046967193645,-0.008298802814695066
495,-0.17096141551124822,-0.008298802814695066
496,-0.17167996215052722,-0.008298802814695066
497,-0.17178550143190344,-0.008298802814695066
498,-0.17205453887545677,-0.008298802814695066
499,-0.1721846703511889,-0.008298802814695066
500,-0.17313465002618308,-0.008298802814695066
501,-0.17320704071259813,-0.008298802814695066
502,-0.17324245240131342,-0.008298802814695066
503,-0.17363765534286588,-0.008298802814695066
504,-0.17372323553893224,-0.008298802814695066
505,-0.17374173784985988,-0.008298802814695066
506,-0.17379064392173724,-0.008298802814695066
507,-0.17386874230366045,-0.008298802814695066
508,-0.17422800879448322,-0.008298802814695066
509,-0.17467684465998573,-0.008298802814695066
510,-0.17486282262325037,-0.008298802814695066
511,-0.1758415324957221,-0.008298802814695066
512,-0.17607743185250363,-0.008298802814695066
513,-0.17636052640075167,-0.008298802814695066
514,-0.17638497571514594,-0.008298802814695066
515,-0.1765586353766525,-0.008298802814695066
516,-0.17742871190623336,-0.008298802814695066
517,-0.17840775913111231,-0.008298802814695066
518,-0.17860916651394224,-0.008298802814695066
519,-0.17879175695455463,-0.008298802814695066
520,-0.17887490147521395,-0.008298802814695066
521,-0.17905696339780697,-0.008298802814695066
522,-0.17911927463786492,-0.008298802814695066
523,-0.17920124634376924,-0.008298802814695066
524,-0.17926374083563623,-0.008298802814695066
525,-0.17968661141409872,-0.008298802814695066
526,-0.17984603027224233,-0.008298802814695066
527,-0.17997565184580686,-0.008298802814695066
528,-0.1807381322039343,-0.008298802814695066
529,-0.18127299502046818,-0.008298802814695066
530,-0.1816716497972321,-0.008298802814695066
531,-0.1819356973662914,-0.008298802814695066
532,-0.18197766435585294,-0.008298802814695066
533,-0.18235208948988543,-0.008298802814695066
534,-0.18235450190646152,-0.008298802814695066
535,-0.1828701101068116,-0.008298802814695066
536,-0.18312036020802033,-0.008298802814695066
537,-0.18351981957915608,-0.008298802814695066
538,-0.18369191309157823,-0.008298802814695066
539,-0.18371045776422373,-0.008298802814695066
540,-0.18382703991121252,-0.008298802814695066
541,-0.1842209645914407,-0.008298802814695066
542,-0.18426865989197638,-0.008298802814695066
543,-0.18437136629278772,-0.008298802814695066
544,-0.18446456508303233,-0.008298802814695066
545,-0.18529949262463702,-0.008298802814695066
546,-0.18534632718056515,-0.008298802814695066
547,-0.18556065878958183,-0.008298802814695066
548,-0.18612913115744134,-0.008298802814695066
549,-0.18628385612901704,-0.008298802814695066
550,-0.18647446003456314,-0.008298802814695066
551,-0.1866223889121769,-0.008298802814695066
552,-0.1872047422919801,-0.008298802814695066
553,-0.18778366028591664,-0.008298802814695066
554,-0.1887570596303311,-0.008298802814695066
555,-0.18935249713548313,-0.008298802814695066
556,-0.1896839406566728,-0.008298802814695066
557,-0.19051520783680642,-0.008298802814695066
558,-0.1905926735664396,-0.008298802814695066
559,-0.19106091895535485,-0.008298802814695066
560,-0.19139854079355204,-0.008298802814695066
561,-0.1927678735667194,-0.008298802814695066
562,-0.19281409213206743,-0.008298802814695066
563,-0.19303130952444306,-0.008298802814695066
564,-0.19318070487410557,-0.008298802814695066
565,-0.19363535557726186,-0.008298802814695066
566,-0.19406744109590907,-0.008298802814695066
567,-0.1943913515047329,-0.008298802814695066
568,-0.19457218858084016,-0.008298802814695066
569,-0.1949133684914425,-0.008298802814695066
570,-0.19492241021376994,-0.008298802814695066
571,-0.19494849568302391,-0.008298802814695066
572,-0.19569412021960647,-0.008298802814695066
573,-0.1958108454323392,-0.008298802814695066
574,-0.19595054552470945,-0.008298802814695066
575,-0.196329392066355,-0.008298802814695066
576,-0.1965323254047978,-0.008298802814695066
577,-0.1966942931963252,-0.008298802814695066
578,-0.19689227163295472,-0.008298802814695066
579,-0.1987015912194814,-0.008298802814695066
580,-0.19897271658654728,-0.008298802814695066
581,-0.19919288740584323,-0.008298802814695066
582,-0.1992452024493136,-0.008298802814695066
583,-0.19961108370163366,-0.008298802814695066
584,-0.1996347440325367,-0.008298802814695066
585,-0.19970361156228728,-0.008298802814695066
586,-0.19983228494118044,-0.008298802814695066
587,-0.2002333283525858,-0.008298802814695066
588,-0.2003343110744119,-0.008298802814695066
589,-0.20037329250836688,-0.008298802814695066
590,-0.2004159957018401,-0.008298802814695066
591,-0.2006507991911899,-0.008298802814695066
592,-0.20066353159521752,-0.008298802814695066
593,-0.20096641637760818,-0.008298802814695066
594,-0.2013221829328542,-0.008298802814695066
595,-0.20146624248797443,-0.008298802814695066
596,-0.20148050042279597,-0.008298802814695066
597,-0.20149219430806659,-0.008298802814695066
598,-0.2017539158938128,-0.008298802814695066
599,-0.20189624030965458,-0.008298802814695066
600,-0.20283721859690163,-0.008298802814695066
601,-0.20297784349840442,-0.008298802814695066
602,-0.20319956132333944,-0.008298802814695066
603,-0.2032047714386848,-0.008298802814695066
604,-0.2034632977601479,-0.008298802814695066
605,-0.2035273776156773,-0.008298802814695066
606,-0.20368747515688768,-0.008298802814695066
607,-0.2040468952942307,-0.008298802814695066
608,-0.2042446379384065,-0.008298802814695066
609,-0.2050460095437889,-0.008298802814695066
610,-0.20516300227136658,-0.008298802814695066
611,-0.2055670503331482,-0.008298802814695066
612,-0.20563583522126302,-0.008298802814695066
613,-0.20580269569503043,-0.008298802814695066
614,-0.2062649672862882,-0.008298802814695066
615,-0.20690143006896683,-0.008298802814695066
616,-0.20703350735220097,-0.008298802814695066
617,-0.20712252853402174,-0.008298802814695066
618,-0.20713213291254023,-0.008298802814695066
619,-0.20713517579664636,-0.008298802814695066
620,-0.20755067610307487,-0.008298802814695066
621,-0.2084713648407755,-0.008298802814695066
622,-0.20847649316755304,-0.008298802814695066
623,-0.20914048108490899,-0.008298802814695066
624,-0.2094153286775654,-0.008298802814695066
625,-0.20942630371704535,-0.008298802814695066
626,-0.20972174670533614,-0.008298802814695066
627,-0.20996405770525012,-0.008298802814695066
628,-0.21022492360864936,-0.008298802814695066
629,-0.21070712958985932,-0.008298802814695066
630,-0.21087286466524463,-0.008298802814695066
631,-0.21113178215574657,-0.008298802814695066
632,-0.21113972898286154,-0.008298802814695066
633,-0.21142576594738013,-0.008298802814695066
634,-0.21146856010147758,-0.008298802814695066
635,-0.21226390397488054,-0.008298802814695066
636,-0.21247623446178307,-0.008298802814695066
637,-0.21251208841465127,-0.008298802814695066
638,-0.21315422185571184,-0.008298802814695066
639,-0.21354037315466967,-0.008298802814695066
640,-0.2136374861645404,-0.008298802814695066
641,-0.2137181400019905,-0.008298802814695066
642,-0.2137200797804077,-0.008298802814695066
643,-0.21397591053610426,-0.008298802814695066
644,-0.21408254322295195,-0.008298802814695066
645,-0.21470220783537053,-0.008298802814695066
646,-0.21487184612036503,-0.008298802814695066
647,-0.2149319314522507,-0.008298802814695066
648,-0.2149542278686471,-0.008298802814695066
649,-0.2159103874615685,-0.008298802814695066
650,-0.2160042494546817,-0.008298802814695066
651,-0.21612711991427402,-0.008298802814695066
652,-0.21626415400525548,-0.008298802814695066
653,-0.21764840667257063,-0.008298802814695066
654,-0.2176826457786668,-0.008298802814695066
655,-0.21794780352329704,-0.008298802814695066
656,-0.21859789299512442,-0.008298802814695066
657,-0.21913538732767424,-0.008298802814695066
658,-0.220680505723488,-0.008298802814695066
659,-0.2207616140036539,-0.008298802814695066
660,-0.22192389050772027,-0.008298802814695066
661,-0.22236882043070505,-0.008298802814695066
662,-0.22243907419668807,-0.008298802814695066
663,-0.22246164241311195,-0.008298802814695066
664,-0.22276688263764272,-0.008298802814695066
665,-0.22302758435720596,-0.008298802814695066
666,-0.2231636073870877,-0.008298802814695066
667,-0.22326609349005738,-0.008298802814695066
668,-0.22384565716769805,-0.008298802814695066
669,-0.2239243868167789,-0.008298802814695066
670,-0.22394609142444433,-0.008298802814695066
671,-0.22415300742103939,-0.008298802814695066
672,-0.22476132177349786,-0.008298802814695066
673,-0.22489599934225357,-0.008298802814695066
674,-0.2251601136492778,-0.008298802814695066
675,-0.2254553989547209,-0.008298802814695066
676,-0.22648769917640552,-0.008298802814695066
677,-0.2265357605358778,-0.008298802814695066
678,-0.22658645759385243,-0.008298802814695066
679,-0.22690720866920805,-0.008298802814695066
680,-0.22711783884019,-0.008298802814695066
681,-0.22727001690375473,-0.008298802814695066
682,-0.22734698405118658,-0.008298802814695066
683,-0.22767659608131235,-0.008298802814695066
684,-0.2277350119150119,-0.008298802814695066
685,-0.22866520926495365,-0.008298802814695066
686,-0.22872064937135286,-0.008298802814695066
687,-0.22921459637481473,-0.008298802814695066
688,-0.22959640417990945,-0.008298802814695066
689,-0.22973913074372454,-0.008298802814695066
690,-0.22989610671639538,-0.008298802814695066
691,-0.23021624356311404,-0.008298802814695066
692,-0.2304830607453776,-0.008298802814695066
693,-0.23064795456554263,-0.008298802814695066
694,-0.23090854228802402,-0.008298802814695066
695,-0.23144316850599223,-0.008298802814695066
696,-0.23151656529331355,-0.008298802814695066
697,-0.23161443495629497,-0.008298802814695066
698,-0.23165404237194487,-0.008298802814695066
699,-0.23193378660912142,-0.008298802814695066
700,-0.23209687486367495,-0.008298802814695066
701,-0.2321702277040188,-0.008298802814695066
702,-0.23268115150282787,-0.008298802814695066
703,-0.2331399164504671,-0.008298802814695066
704,-0.23316618125510083,-0.008298802814695066
705,-0.2332769819516417,-0.008298802814695066
706,-0.23406698609923113,-0.008298802814695066
707,-0.23507051769762818,-0.008298802814695066
708,-0.23522989600699803,-0.008298802814695066
709,-0.23532688482279235,-0.008298802814695066
710,-0.23550199587828627,-0.008298802814695066
711,-0.23556546864233419,-0.008298802814695066
712,-0.23579247048615445,-0.008298802814695066
713,-0.235929601244862,-0.008298802814695066
714,-0.2359746426808886,-0.008298802814695066
715,-0.2366898274724476,-0.008298802814695066
716,-0.23756798380488311,-0.008298802814695066
717,-0.23789730760263533,-0.008298802814695066
718,-0.23919013121767316,-0.008298802814695066
719,-0.23920152236749662,-0.008298802814695066
720,-0.23929346562020914,-0.008298802814695066
721,-0.23952031466825757,-0.008298802814695066
722,-0.2406057871840931,-0.008298802814695066
723,-0.2407521277075409,-0.008298802814695066
724,-0.2407996404703225,-0.008298802814695066
725,-0.24101373542096052,-0.008298802814695066
726,-0.2418735915461014,-0.008298802814695066
727,-0.24267928299566469,-0.008298802814695066
728,-0.2431826664226167,-0.008298802814695066
729,-0.24367815653085045,-0.008298802814695066
730,-0.2439287152437883,-0.008298802814695066
731,-0.2439638920788892,-0.008298802814695066
732,-0.2442619699500879,-0.008298802814695066
733,-0.24459437144160198,-0.008298802814695066
734,-0.24578896375525341,-0.008298802814695066
735,-0.24608019272881643,-0.008298802814695066
736,-0.24626707991831995,-0.008298802814695066
737,-0.24665540724228113,-0.008298802814695066
738,-0.24683782286393807,-0.008298802814695066
739,-0.2469193314948856,-0.008298802814695066
740,-0.24700442466422995,-0.008298802814695066
741,-0.24711589003589396,-0.008298802814695066
742,-0.24779830563859906,-0.008298802814695066
743,-0.24880855428551582,-0.008298802814695066
744,-0.25049982119727404,-0.008298802814695066
745,-0.25091234029240245,-0.008298802814695066
746,-0.2513167611577732,-0.008298802814695066
747,-0.25254945046987,-0.008298802814695066
748,-0.252928248618675,-0.008298802814695066
749,-0.253427372611312,-0.008298802814695066
750,-0.25465509276223564,-0.008298802814695066
751,-0.25493766632242126,-0.008298802814695066
752,-0.25515285782012265,-0.008298802814695066
753,-0.25532272275454454,-0.008298802814695066
754,-0.2558936538099152,-0.008298802814695066
755,-0.25624484219616356,-0.008298802814695066
756,-0.2565130170183419,-0.008298802814695066
757,-0.25680859740592227,-0.008298802814695066
758,-0.2569686171040972,-0.008298802814695066
759,-0.25700743332221304,-0.008298802814695066
760,-0.2572867136476538,-0.008298802814695066
761,-0.2573132336957471,-0.008298802814695066
762,-0.25744516937542306,-0.008298802814695066
763,-0.257791711894511,-0.008298802814695066
764,-0.25785119359599284,-0.008298802814695066
765,-0.2583996454102537,-0.008298802814695066
766,-0.2587805943866812,-0.008298802814695066
767,-0.2588199260590789,-0.008298802814695066
768,-0.25906502526984654,-0.008298802814695066
769,-0.26004345242364324,-0.008298802814695066
770,-0.26030734398020006,-0.008298802814695066
771,-0.261267002252169,-0.008298802814695066
772,-0.2614894019999592,-0.008298802814695066
773,-0.26152527965698436,-0.008298802814695066
774,-0.26152919399753355,-0.008298802814695066
775,-0.2616546249881212,-0.008298802814695066
776,-0.262272790601609,-0.008298802814695066
777,-0.26254700443650725,-0.008298802814695066
778,-0.2625809062897692,-0.008298802814695066
779,-0.2628102444245436,-0.008298802814695066
780,-0.2631339483928345,-0.008298802814695066
781,-0.26316063664653905,-0.008298802814695066
782,-0.26350012313705357,-0.008298802814695066
783,-0.26392755354503733,-0.008298802814695066
784,-0.26421123342741976,-0.008298802814695066
785,-0.26437517517198106,-0.008298802814695066
786,-0.26442294968180796,-0.008298802814695066
787,-0.2646460719915861,-0.008298802814695066
788,-0.2648728367005435,-0.008298802814695066
789,-0.2648866259989737,-0.008298802814695066
790,-0.2649773634770256,-0.008298802814695066
791,-0.2657869814113111,-0.008298802814695066
792,-0.26622086238289094,-0.008298802814695066
793,-0.26624853004089555,-0.008298802814695066
794,-0.26626250910336086,-0.008298802814695066
795,-0.2667218748773051,-0.008298802814695066
796,-0.2670429767770466,-0.008298802814695066
797,-0.26724997112805,-0.008298802814695066
798,-0.2687306422310132,-0.008298802814695066
799,-0.26994524328393815,-0.008298802814695066
800,-0.27034338591975227,-0.008298802814695066
801,-0.2706960906432303,-0.008298802814695066
802,-0.27156860765187024,-0.008298802814695066
803,-0.2718856599781525,-0.008298802814695066
804,-0.27260896746612684,-0.008298802814695066
805,-0.2731996288891112,-0.008298802814695066
806,-0.27322574570111285,-0.008298802814695066
807,-0.27379260952954687,-0.008298802814695066
808,-0.2740054089687346,-0.008298802814695066
809,-0.2740580974879496,-0.008298802814695066
810,-0.27477951720805494,-0.008298802814695066
811,-0.27512172447023897,-0.008298802814695066
812,-0.27573147763172423,-0.008298802814695066
813,-0.2758319191411736,-0.008298802814695066
814,-0.27593852276972497,-0.008298802814695066
815,-0.27604395228645995,-0.008298802814695066
816,-0.27631600512828547,-0.008298802814695066
817,-0.276514313565807,-0.008298802814695066
818,-0.27654410758987935,-0.008298802814695066
819,-0.2766051600439282,-0.008298802814695066
820,-0.2766698544661977,-0.008298802814695066
821,-0.27732683255649937,-0.008298802814695066
822,-0.27761917943065373,-0.008298802814695066
823,-0.27798183518565256,-0.008298802814695066
824,-0.2780430713629618,-0.008298802814695066
825,-0.2780700132974242,-0.008298802814695066
826,-0.27880398236001486,-0.008298802814695066
827,-0.2788045275087769,-0.008298802814695066
828,-0.27883138382737227,-0.008298802814695066
829,-0.2789675022920498,-0.008298802814695066
830,-0.2791256393580131,-0.008298802814695066
831,-0.2791534332614647,-0.008298802814695066
832,-0.2791721483968925,-0.008298802814695066
833,-0.27960522121081655,-0.008298802814695066
834,-0.2798346668730704,-0.008298802814695066
835,-0.2808331925010925,-0.008298802814695066
836,-0.28133065732124113,-0.008298802814695066
837,-0.2813316381679657,-0.008298802814695066
838,-0.28179810360915936,-0.008298802814695066
839,-0.2821854687578924,-0.008298802814695066
840,-0.2823756999351084,-0.008298802814695066
841,-0.28252694830270575,-0.008298802814695066
842,-0.2829411417523019,-0.008298802814695066
843,-0.2834633052042893,-0.008298802814695066
844,-0.28370356166201716,-0.008298802814695066
845,-0.2837585737541762,-0.008298802814695066
846,-0.2837681936139988,-0.008298802814695066
847,-0.2838930773932003,-0.008298802814695066
848,-0.2841910618814997,-0.008298802814695066
849,-0.28464692220811455,-0.008298802814695066
850,-0.2852276643632795,-0.008298802814695066
851,-0.2853959544763338,-0.008298802814695066
852,-0.2855807532058601,-0.008298802814695066
853,-0.2857030044120756,-0.008298802814695066
854,-0.2869708669544702,-0.008298802814695066
855,-0.2871203443924093,-0.008298802814695066
856,-0.2874528081278972,-0.008298802814695066
857,-0.28800668886196207,-0.008298802814695066
858,-0.28855027681895246,-0.008298802814695066
859,-0.2889527631627971,-0.008298802814695066
860,-0.2890959745609023,-0.008298802814695066
861,-0.2896365652920794,-0.008298802814695066
862,-0.2901088056826122,-0.008298802814695066
863,-0.2901352891508237,-0.008298802814695066
864,-0.2903077547434573,-0.008298802814695066
865,-0.2908369620999182,-0.008298802814695066
866,-0.2910347700140825,-0.008298802814695066
867,-0.2912685747627565,-0.008298802814695066
868,-0.29127034328529705,-0.008298802814695066
869,-0.29164753836160107,-0.008298802814695066
870,-0.2919624345861906,-0.008298802814695066
871,-0.29209298052774985,-0.008298802814695066
872,-0.29225031993916273,-0.008298802814695066
873,-0.29268483431794134,-0.008298802814695066
874,-0.2931899538572869,-0.008298802814695066
875,-0.29332679166142006,-0.008298802814695066
876,-0.2937647508230826,-0.008298802814695066
877,-0.29411452373249014,-0.008298802814695066
878,-0.2945962163774184,-0.008298802814695066
879,-0.29476154748843425,-0.008298802814695066
880,-0.2954532435898284,-0.008298802814695066
881,-0.29547067821311856,-0.008298802814695066
882,-0.2955191365172598,-0.008298802814695066
883,-0.29555499232008664,-0.008298802814695066
884,-0.29590627365927885,-0.008298802814695066
885,-0.2964471573070487,-0.008298802814695066
886,-0.29714403597411854,-0.008298802814695066
887,-0.29752479651895114,-0.008298802814695066
888,-0.29783652806082705,-0.008298802814695066
889,-0.29789151042641404,-0.008298802814695066
890,-0.29815631113170865,-0.008298802814695066
891,-0.29836447601461796,-0.008298802814695066
892,-0.29851957013499997,-0.008298802814695066
893,-0.2986297220100619,-0.008298802814695066
894,-0.2989504453912355,-0.008298802814695066
895,-0.2989563172786749,-0.008298802814695066
896,-0.2990101915125971,-0.008298802814695066
897,-0.29946491545600273,-0.008298802814695066
898,-0.29958948520835127,-0.008298802814695066
899,-0.2998209669554442,-0.008298802814695066
900,-0.29985065181261894,-0.008298802814695066
901,-0.3003759005276073,-0.008298802814695066
902,-0.30065443374921524,-0.008298802814695066
903,-0.30068117986874937,-0.008298802814695066
904,-0.3007051601068747,-0.008298802814695066
905,-0.3009560802257462,-0.008298802814695066
906,-0.30120358229873173,-0.008298802814695066
907,-0.3012267032007431,-0.008298802814695066
908,-0.301304129007701,-0.008298802814695066
909,-0.3016919488592016,-0.008298802814695066
910,-0.3022703803568162,-0.008298802814695066
911,-0.3023093326724432,-0.008298802814695066
912,-0.30247705513363904,-0.008298802814695066
913,-0.3025685625358434,-0.008298802814695066
914,-0.3030934994877666,-0.008298802814695066
915,-0.3031658773093508,-0.008298802814695066
916,-0.30321926794658366,-0.008298802814695066
917,-0.303300434051979,-0.008298802814695066
918,-0.3035799538842219,-0.008298802814695066
919,-0.30371303743098216,-0.008298802814695066
920,-0.3042663741187371,-0.008298802814695066
921,-0.3049184224925576,-0.008298802814695066
922,-0.30538743184332917,-0.008298802814695066
923,-0.3056697876320398,-0.008298802814695066
924,-0.305762724640412,-0.008298802814695066
925,-0.3058625373844534,-0.008298802814695066
926,-0.30602845436733384,-0.008298802814695066
927,-0.3063932005302394,-0.008298802814695066
928,-0.30704571388482177,-0.008298802814695066
929,-0.3072760718360257,-0.008298802814695066
930,-0.3074605839405926,-0.008298802814695066
931,-0.3082075766206958,-0.008298802814695066
932,-0.30857270635753553,-0.008298802814695066
933,-0.30865915496667035,-0.008298802814695066
934,-0.3087290007820599,-0.008298802814695066
935,-0.3089112369053303,-0.008298802814695066
936,-0.30904810284099965,-0.008298802814695066
937,-0.30916759344004446,-0.008298802814695066
938,-0.30920013027885423,-0.008298802814695066
939,-0.30999363165788646,-0.008298802814695066
940,-0.31007897002883433,-0.008298802814695066
941,-0.3110743223671975,-0.008298802814695066
942,-0.3112670013145982,-0.008298802814695066
943,-0.3113479443853038,-0.008298802814695066
944,-0.31157435084575846,-0.008298802814695066
945,-0.31198464654454144,-0.008298802814695066
946,-0.3119967270155903,-0.008298802814695066
947,-0.31200823081378953,-0.008298802814695066
948,-0.312036908565187,-0.008298802814695066
949,-0.3128871709678185,-0.008298802814695066
950,-0.3130077982581897,-0.008298802814695066
951,-0.31378675159638797,-0.008298802814695066
952,-0.31406464316665206,-0.008298802814695066
953,-0.31458180860234825,-0.008298802814695066
954,-0.31471916414435963,-0.008298802814695066
955,-0.31473949095310993,-0.008298802814695066
956,-0.3147677838076953,-0.008298802814695066
957,-0.31492200865115194,-0.008298802814695066
958,-0.31507458959854207,-0.008298802814695066
959,-0.31575364660432625,-0.008298802814695066
960,-0.3157699551888564,-0.008298802814695066
961,-0.31586539970265654,-0.008298802814695066
962,-0.3159077180099727,-0.008298802814695066
963,-0.3172747651599368,-0.008298802814695066
964,-0.3173996256975643,-0.008298802814695066
965,-0.31744691715241247,-0.008298802814695066
966,-0.3175233745691082,-0.008298802814695066
967,-0.3177216492985464,-0.008298802814695066
968,-0.3178428269086426,-0.008298802814695066
969,-0.31790258134008653,-0.008298802814695066
970,-0.31805494985859295,-0.008298802814695066
971,-0.31846276478892993,-0.008298802814695066
972,-0.31861130034671564,-0.008298802814695066
973,-0.3188767295268807,-0.008298802814695066
974,-0.31887894993649357,-0.008298802814695066
975,-0.3193962738137822,-0.008298802814695066
976,-0.3197113152370382,-0.008298802814695066
977,-0.3201125816218724,-0.008298802814695066
978,-0.3202512054640797,-0.008298802814695066
979,-0.3204713890365938,-0.008298802814695066
980,-0.3209052256319509,-0.008298802814695066
981,-0.32118540265376183,-0.008298802814695066
982,-0.32155549273280004,-0.008298802814695066
983,-0.3217049422871078,-0.008298802814695066
984,-0.32202729112729606,-0.008298802814695066
985,-0.32226354360594844,-0.008298802814695066
986,-0.3226156672006638,-0.008298802814695066
987,-0.32318196872088106,-0.008298802814695066
988,-0.323239318806896,-0.008298802814695066
989,-0.32342714354123503,-0.008298802814695066
990,-0.3237971942768281,-0.008298802814695066
991,-0.3242964504981408,-0.008298802814695066
992,-0.324458271042649,-0.008298802814695066
993,-0.32452733574001646,-0.008298802814695066
994,-0.32460053650395015,-0.008298802814695066
995,-0.32508763300418275,-0.008298802814695066
996,-0.325898860265075,-0.008298802814695066
997,-0.32595607946603683,-0.008298802814695066
998,-0.325984640937553,-0.008298802814695066
999,-0.3261523809758672,-0.008298802814695066
1000,-0.3271432539481681,-0.008298802814695066
1001,-0.3276821586712636,-0.008298802814695066
1002,-0.32796648768891096,-0.008298802814695066
1003,-0.3287512419595181,-0.008298802814695066
1004,-0.3291266166585538,-0.008298802814695066
1005,-0.32947360639654816,-0.008298802814695066
1006,-0.32989583698958813,-0.008298802814695066
1007,-0.33031190568242125,-0.008298802814695066
1008,-0.33042311642060246,-0.008298802814695066
1009,-0.3305076765320742,-0.008298802814695066
1010,-0.3309678775858945,-0.008298802814695066
1011,-0.3317869905457781,-0.008298802814695066
1012,-0.33197007000769885,-0.008298802814695066
1013,-0.332087430337521,-0.008298802814695066
1014,-0.33217333350431355,-0.008298802814695066
1015,-0.33218957721940395,-0.008298802814695066
1016,-0.3326952421748131,-0.008298802814695066
1017,-0.33304770059747146,-0.008298802814695066
1018,-0.3332596048705016,-0.008298802814695066
1019,-0.33331782475399885,-0.008298802814695066
1020,-0.3333431458357483,-0.008298802814695066
1021,-0.3342066051221405,-0.008298802814695066
1022,-0.33426756894862447,-0.008298802814695066
1023,-0.3347544192896117,-0.008298802814695066
1024,-0.33512549244461176,-0.008298802814695066
1025,-0.33558886927834525,-0.008298802814695066
1026,-0.3358371608338007,-0.008298802814695066
1027,-0.3362548356353546,-0.008298802814695066
1028,-0.33639534018283745,-0.008298802814695066
1029,-0.3364800011772496,-0.008298802814695066
1030,-0.3366574085064069,-0.008298802814695066
1031,-0.33713935364167896,-0.008298802814695066
1032,-0.33750779136761705,-0.008298802814695066
1033,-0.3375122383714627,-0.008298802814695066
1034,-0.33805933317793413,-0.008298802814695066
1035,-0.3384748657010377,-0.008298802814695066
1036,-0.3385853907157061,-0.008298802814695066
1037,-0.33864078104605577,-0.008298802814695066
1038,-0.33868595534761453,-0.008298802814695066
1039,-0.3391035241396544,-0.008298802814695066
1040,-0.3397409224290785,-0.008298802814695066
1041,-0.34002554803803786,-0.008298802814695066
1042,-0.3408208386886545,-0.008298802814695066
1043,-0.3410060758231609,-0.008298802814695066
1044,-0.3418234343303538,-0.008298802814695066
1045,-0.3420812341727789,-0.008298802814695066
1046,-0.34224362018289395,-0.008298802814695066
1047,-0.3422859561160462,-0.008298802814695066
1048,-0.34272529599128027,-0.008298802814695066
1049,-0.34289573818517605,-0.008298802814695066
1050,-0.3443006368971915,-0.008298802814695066
1051,-0.3443205841775701,-0.008298802814695066
1052,-0.34451981995893743,-0.008298802814695066
1053,-0.34591241601428024,-0.008298802814695066
1054,-0.3462344859053813,-0.008298802814695066
1055,-0.3463208167672275,-0.008298802814695066
1056,-0.34714807307489715,-0.008298802814695066
1057,-0.34731173304178664,-0.008298802814695066
1058,-0.34742918737814377,-0.008298802814695066
1059,-0.34744247540112894,-0.008298802814695066
1060,-0.34755782279841424,-0.008298802814695066
1061,-0.348338221031033,-0.008298802814695066
1062,-0.34838429494078044,-0.008298802814695066
1063,-0.34839683018467676,-0.008298802814695066
1064,-0.34865241731075586,-0.008298802814695066
1065,-0.3487826944506671,-0.008298802814695066
1066,-0.34881590601957957,-0.008298802814695066
1067,-0.3491990174269883,-0.008298802814695066
1068,-0.34926142541697835,-0.008298802814695066
1069,-0.34960590915594286,-0.008298802814695066
1070,-0.3505801383577554,-0.008298802814695066
1071,-0.35079966709115246,-0.008298802814695066
1072,-0.35092585518358704,-0.008298802814695066
1073,-0.35124625781733104,-0.008298802814695066
1074,-0.3516832544953171,-0.008298802814695066
1075,-0.3517010176166369,-0.008298802814695066
1076,-0.35229183715343415,-0.008298802814695066
1077,-0.3523842975931059,-0.008298802814695066
1078,-0.352420789409805,-0.008298802814695066
1079,-0.35349623057980456,-0.008298802814695066
1080,-0.35356768706122366,-0.008298802814695066
1081,-0.35365075429933474,-0.008298802814695066
1082,-0.3547903005111269,-0.008298802814695066
1083,-0.3548716025368164,-0.008298802814695066
1084,-0.3553878179076278,-0.008298802814695066
1085,-0.3557771905509014,-0.008298802814695066
1086,-0.35604438068887023,-0.008298802814695066
1087,-0.35630123561467286,-0.008298802814695066
1088,-0.3563214706262224,-0.008298802814695066
1089,-0.3563879334155524,-0.008298802814695066
1090,-0.3572540277106251,-0.008298802814695066
1091,-0.3577245414435951,-0.008298802814695066
1092,-0.3584438140120337,-0.008298802814695066
1093,-0.35847373242245145,-0.008298802814695066
1094,-0.3585330866170273,-0.008298802814695066
1095,-0.3588377336734506,-0.008298802814695066
1096,-0.35922527824197586,-0.008298802814695066
1097,-0.35933375806108525,-0.008298802814695066
1098,-0.3594599612900412,-0.008298802814695066
1099,-0.3594765503012904,-0.008298802814695066
1100,-0.35950772547550447,-0.008298802814695066
1101,-0.3598595002425869,-0.008298802814695066
1102,-0.359916129968049,-0.008298802814695066
1103,-0.35996315579293126,-0.008298802814695066
1104,-0.36026931992343647,-0.008298802814695066
1105,-0.3603031360146896,-0.008298802814695066
1106,-0.3608656644768723,-0.008298802814695066
1107,-0.3618512527600176,-0.008298802814695066
1108,-0.36193490016788543,-0.008298802814695066
1109,-0.36222691952788877,-0.008298802814695066
1110,-0.36252966165884515,-0.008298802814695066
1111,-0.3629451336500214,-0.008298802814695066
1112,-0.36304000680309206,-0.008298802814695066
1113,-0.36360999622449314,-0.008298802814695066
1114,-0.36454120276117685,-0.008298802814695066
1115,-0.36464679628969443,-0.008298802814695066
1116,-0.3646939337690871,-0.008298802814695066
1117,-0.36537813639279715,-0.008298802814695066
1118,-0.3654099664160104,-0.008298802814695066
1119,-0.3654911649127874,-0.008298802814695066
1120,-0.36603305776861483,-0.008298802814695066
1121,-0.3660664499338515,-0.008298802814695066
1122,-0.36665934948708595,-0.008298802814695066
1123,-0.3668229588003513,-0.008298802814695066
1124,-0.3668811208323598,-0.008298802814695066
1125,-0.36703409388539693,-0.008298802814695066
1126,-0.3681872906355874,-0.008298802814695066
1127,-0.3696263584933942,-0.008298802814695066
1128,-0.36970465382899287,-0.008298802814695066
1129,-0.36981519648840916,-0.008298802814695066
1130,-0.3699242968155455,-0.008298802814695066
1131,-0.369964169123961,-0.008298802814695066
1132,-0.37035309181220133,-0.008298802814695066
1133,-0.37060242278902666,-0.008298802814695066
1134,-0.37074208756281035,-0.008298802814695066
1135,-0.37129694780178857,-0.008298802814695066
1136,-0.3716001503032662,-0.008298802814695066
1137,-0.37169038988954406,-0.008298802814695066
1138,-0.37272702650911216,-0.008298802814695066
1139,-0.3731979908023818,-0.008298802814695066
1140,-0.37332532596948825,-0.008298802814695066
1141,-0.37338084607761945,-0.008298802814695066
1142,-0.3734855453727461,-0.008298802814695066
1143,-0.3735316046865072,-0.008298802814695066
1144,-0.3737065703857296,-0.008298802814695066
1145,-0.3740158410143713,-0.008298802814695066
1146,-0.3741345351921192,-0.008298802814695066
1147,-0.37420802731728003,-0.008298802814695066
1148,-0.37427165065063644,-0.008298802814695066
1149,-0.37432859673669816,-0.008298802814695066
1150,-0.37461870888959775,-0.008298802814695066
1151,-0.37519058096697155,-0.008298802814695066
1152,-0.3763164405761744,-0.008298802814695066
1153,-0.37757079793292636,-0.008298802814695066
1154,-0.37790624537462536,-0.008298802814695066
1155,-0.37791483136772597,-0.008298802814695066
1156,-0.37812679146320105,-0.008298802814695066
1157,-0.37838514420223535,-0.008298802814695066
1158,-0.37843703635076487,-0.008298802814695066
1159,-0.37845627635836865,-0.008298802814695066
1160,-0.378498853486983,-0.008298802814695066
1161,-0.3785018253390998,-0.008298802814695066
1162,-0.3787197349142402,-0.008298802814695066
1163,-0.3787699120089478,-0.008298802814695066
1164,-0.379007696848344,-0.008298802814695066
1165,-0.3791591274367645,-0.008298802814695066
1166,-0.37968113655900926,-0.008298802814695066
1167,-0.37994709387812764,-0.008298802814695066
1168,-0.3801587715479864,-0.008298802814695066
1169,-0.38046824323969275,-0.008298802814695066
1170,-0.38048072717316017,-0.008298802814695066
1171,-0.3806729771781539,-0.008298802814695066
1172,-0.38147441873951565,-0.008298802814695066
1173,-0.3816572973243367,-0.008298802814695066
1174,-0.3818816626823841,-0.008298802814695066
1175,-0.3825098167377249,-0.008298802814695066
1176,-0.3827000136860791,-0.008298802814695066
1177,-0.3835358890484037,-0.008298802814695066
1178,-0.38384095202043267,-0.008298802814695066
1179,-0.3838935967341254,-0.008298802814695066
1180,-0.3839675512660548,-0.008298802814695066
1181,-0.3844347674863367,-0.008298802814695066
1182,-0.3845889922280167,-0.008298802814695066
1183,-0.38486719590722435,-0.008298802814695066
1184,-0.3849049532034778,-0.008298802814695066
1185,-0.3850520170926002,-0.008298802814695066
1186,-0.38635715025755046,-0.008298802814695066
1187,-0.3866517359990428,-0.008298802814695066
1188,-0.3867344011718276,-0.008298802814695066
1189,-0.3867401603751142,-0.008298802814695066
1190,-0.38717925896126815,-0.008298802814695066
1191,-0.38723045287705776,-0.008298802814695066
1192,-0.3872746046235679,-0.008298802814695066
1193,-0.38730244100308603,-0.008298802814695066
1194,-0.38739286968491865,-0.008298802814695066
1195,-0.38743919047527153,-0.008298802814695066
1196,-0.38752421526556313,-0.008298802814695066
1197,-0.3875788901595672,-0.008298802814695066
1198,-0.3875864275275936,-0.008298802814695066
1199,-0.38758931308072847,-0.008298802814695066
1200,-0.3876146310199772,-0.008298802814695066
1201,-0.38779283145455895,-0.008298802814695066
1202,-0.387824679188112,-0.008298802814695066
1203,-0.38796192352108244,-0.008298802814695066
1204,-0.3879752839558772,-0.008298802814695066
1205,-0.3883831355275095,-0.008298802814695066
1206,-0.388576742229374,-0.008298802814695066
1207,-0.38879633502445954,-0.008298802814695066
1208,-0.3889442984789234,-0.008298802814695066
1209,-0.38901255052187583,-0.008298802814695066
1210,-0.38919709387613965,-0.008298802814695066
1211,-0.3893982767523047,-0.008298802814695066
1212,-0.3894200488296963,-0.008298802814695066
1213,-0.38953839813299884,-0.008298802814695066
1214,-0.3895553819571036,-0.008298802814695066
1215,-0.3899742787295932,-0.008298802814695066
1216,-0.39085987770796077,-0.008298802814695066
1217,-0.3911071501957922,-0.008298802814695066
1218,-0.39141198476692945,-0.008298802814695066
1219,-0.39175404129386643,-0.008298802814695066
1220,-0.3917603458099248,-0.008298802814695066
1221,-0.39200743261503884,-0.008298802814695066
1222,-0.3920253246571884,-0.008298802814695066
1223,-0.39256616967952923,-0.008298802814695066
1224,-0.39360955768335437,-0.008298802814695066
1225,-0.39386756557606123,-0.008298802814695066
1226,-0.3943111513353861,-0.008298802814695066
1227,-0.3947696739695701,-0.008298802814695066
1228,-0.394971733726775,-0.008298802814695066
1229,-0.39501483679585203,-0.008298802814695066
1230,-0.39530454531888626,-0.008298802814695066
1231,-0.3954870355989424,-0.008298802814695066
1232,-0.3965927262780827,-0.008298802814695066
1233,-0.3966425803898011,-0.008298802814695066
1234,-0.39687926222145375,-0.008298802814695066
1235,-0.39691814991057217,-0.008298802814695066
1236,-0.3970757242640969,-0.008298802814695066
1237,-0.3979120951267257,-0.008298802814695066
1238,-0.3979183042367177,-0.008298802814695066
1239,-0.397965853059835,-0.008298802814695066
1240,-0.39827703011384735,-0.008298802814695066
1241,-0.39949467400401084,-0.008298802814695066
1242,-0.3996786587080231,-0.008298802814695066
1243,-0.40032316012860664,-0.008298802814695066
1244,-0.400783313413148,-0.008298802814695066
1245,-0.4011833210374537,-0.008298802814695066
1246,-0.40165145343348213,-0.008298802814695066
1247,-0.40300988662155196,-0.008298802814695066
1248,-0.4033265007550827,-0.008298802814695066
1249,-0.40407493388787763,-0.008298802814695066
1250,-0.40452672081034363,-0.008298802814695066
1251,-0.40598252547861646,-0.008298802814695066
1252,-0.4062207988428901,-0.008298802814695066
1253,-0.4064150276918834,-0.008298802814695066
1254,-0.4066255785609317,-0.008298802814695066
1255,-0.4069881520084606,-0.008298802814695066
1256,-0.4070784528613167,-0.008298802814695066
1257,-0.4072454005688078,-0.008298802814695066
1258,-0.4079721775608798,-0.008298802814695066
1259,-0.40808149948878986,-0.008298802814695066
1260,-0.40853951402115474,-0.008298802814695066
1261,-0.40860140679827367,-0.008298802814695066
1262,-0.4087909752653267,-0.008298802814695066
1263,-0.4091101773834481,-0.008298802814695066
1264,-0.40921087823861785,-0.008298802814695066
1265,-0.40929141628015575,-0.008298802814695066
1266,-0.40992211524340616,-0.008298802814695066
1267,-0.41027396203113914,-0.008298802814695066
1268,-0.41050962256469936,-0.008298802814695066
1269,-0.41059019326328644,-0.008298802814695066
1270,-0.4107410735885092,-0.008298802814695066
1271,-0.4111921847930458,-0.008298802814695066
1272,-0.4113327974946168,-0.008298802814695066
1273,-0.4114325264115507,-0.008298802814695066
1274,-0.41148497152222263,-0.008298802814695066
1275,-0.41153840146777865,-0.008298802814695066
1276,-0.4116304655187692,-0.008298802814695066
1277,-0.41163765824771065,-0.008298802814695066
1278,-0.4116567587537438,-0.008298802814695066
1279,-0.4122216014866679,-0.008298802814695066
1280,-0.41268788034802695,-0.008298802814695066
1281,-0.41273020366601265,-0.008298802814695066
1282,-0.41336211245418986,-0.008298802814695066
1283,-0.4135524163600066,-0.008298802814695066
1284,-0.41374263820504964,-0.008298802814695066
1285,-0.4140369930278357,-0.008298802814695066
1286,-0.41574060393287615,-0.008298802814695066
1287,-0.4159133183477602,-0.008298802814695066
1288,-0.4159421082968552,-0.008298802814695066
1289,-0.4159683062612958,-0.008298802814695066
1290,-0.4168406645547711,-0.008298802814695066
1291,-0.4169245216307021,-0.008298802814695066
1292,-0.4170151036371552,-0.008298802814695066
1293,-0.417572093372341,-0.008298802814695066
1294,-0.4176640205317219,-0.008298802814695066
1295,-0.417827773486319,-0.008298802814695066
1296,-0.41796520868509274,-0.008298802814695066
1297,-0.4181010577949302,-0.008298802814695066
1298,-0.418425748876402,-0.008298802814695066
1299,-0.4185924809731934,-0.008298802814695066
1300,-0.4190725622538367,-0.008298802814695066
1301,-0.4192422684790551,-0.008298802814695066
1302,-0.41928417066526563,-0.008298802814695066
1303,-0.4194432000002995,-0.008298802814695066
1304,-0.41945381945373117,-0.008298802814695066
1305,-0.4194738942333383,-0.008298802814695066
1306,-0.4200033461486174,-0.008298802814695066
1307,-0.42032731368537635,-0.008298802814695066
1308,-0.42049888736285423,-0.008298802814695066
1309,-0.4210517346227301,-0.008298802814695066
1310,-0.42112908479589717,-0.008298802814695066
1311,-0.421925934279033,-0.008298802814695066
1312,-0.421990288018116,-0.008298802814695066
1313,-0.42229318279622285,-0.008298802814695066
1314,-0.4224437538761409,-0.008298802814695066
1315,-0.42275805255382776,-0.008298802814695066
1316,-0.4227602483096292,-0.008298802814695066
1317,-0.4232811921249266,-0.008298802814695066
1318,-0.42363456207580436,-0.008298802814695066
1319,-0.4239489138105315,-0.008298802814695066
1320,-0.4240919592834727,-0.008298802814695066
1321,-0.42475888303413134,-0.008298802814695066
1322,-0.42477415101929084,-0.008298802814695066
1323,-0.4247821378334111,-0.008298802814695066
1324,-0.4248314364609944,-0.008298802814695066
1325,-0.4248579768060745,-0.008298802814695066
1326,-0.42524326225362974,-0.008298802814695066
1327,-0.4257633275012076,-0.008298802814695066
1328,-0.42583952504273986,-0.008298802814695066
1329,-0.4259198862614012,-0.008298802814695066
1330,-0.4261269848339617,-0.008298802814695066
1331,-0.42677238137044904,-0.008298802814695066
1332,-0.42686015425517115,-0.008298802814695066
1333,-0.4271226796900873,-0.008298802814695066
1334,-0.42715838975127884,-0.008298802814695066
1335,-0.4272952075317635,-0.008298802814695066
1336,-0.427502853863435,-0.008298802814695066
1337,-0.42759440336202914,-0.008298802814695066
1338,-0.42761119516763146,-0.008298802814695066
1339,-0.4281226751950698,-0.008298802814695066
1340,-0.42815438493256985,-0.008298802814695066
1341,-0.4286646475887836,-0.008298802814695066
1342,-0.42868733042838736,-0.008298802814695066
1343,-0.42914682346437566,-0.008298802814695066
1344,-0.42938404146475706,-0.008298802814695066
1345,-0.4297946218053815,-0.008298802814695066
1346,-0.429896693427936,-0.008298802814695066
1347,-0.42998508356836984,-0.008298802814695066
1348,-0.4300164828949758,-0.008298802814695066
1349,-0.43002544099975853,-0.008298802814695066
1350,-0.43031247026610514,-0.008298802814695066
1351,-0.43082336022836687,-0.008298802814695066
1352,-0.4308536661787256,-0.008298802814695066
1353,-0.4309018081421536,-0.008298802814695066
1354,-0.43105544073144747,-0.008298802814695066
1355,-0.43111303041422533,-0.008298802814695066
1356,-0.43222173722473517,-0.008298802814695066
1357,-0.4322379942807998,-0.008298802814695066
1358,-0.43250623926571274,-0.008298802814695066
1359,-0.433052537069979,-0.008298802814695066
1360,-0.4331757332754553,-0.008298802814695066
1361,-0.43336011532467666,-0.008298802814695066
1362,-0.4336279921263246,-0.008298802814695066
1363,-0.4336774410372883,-0.008298802814695066
1364,-0.4340535284154845,-0.008298802814695066
1365,-0.43432508127338754,-0.008298802814695066
1366,-0.43562129953438083,-0.008298802814695066
1367,-0.43569450798559517,-0.008298802814695066
1368,-0.43572751245165,-0.008298802814695066
1369,-0.4360041135559871,-0.008298802814695066
1370,-0.43618992385057725,-0.008298802814695066
1371,-0.4367528708429316,-0.008298802814695066
1372,-0.43725812254963525,-0.008298802814695066
1373,-0.4375414751850486,-0.008298802814695066
1374,-0.43770330195312734,-0.008298802814695066
1375,-0.43778824919253045,-0.008298802814695066
1376,-0.4378959179074646,-0.008298802814695066
1377,-0.43830750983078703,-0.008298802814695066
1378,-0.43842798082334855,-0.008298802814695066
1379,-0.4388877973770852,-0.008298802814695066
1380,-0.439259904375078,-0.008298802814695066
1381,-0.4395318700910863,-0.008298802814695066
1382,-0.4396904888588541,-0.008298802814695066
1383,-0.4404206469821248,-0.008298802814695066
1384,-0.44048453473429994,-0.008298802814695066
1385,-0.4405714181064744,-0.008298802814695066
1386,-0.4406636550970993,-0.008298802814695066
1387,-0.4410327503410791,-0.008298802814695066
1388,-0.44136929843950756,-0.008298802814695066
1389,-0.44162109683938033,-0.008298802814695066
1390,-0.44190365282570776,-0.008298802814695066
1391,-0.44207749185144035,-0.008298802814695066
1392,-0.4425051811614688,-0.008298802814695066
1393,-0.4426301392331871,-0.008298802814695066
1394,-0.4433087228014886,-0.008298802814695066
1395,-0.4438745762179958,-0.008298802814695066
1396,-0.44409305116476394,-0.008298802814695066
1397,-0.4441679400321211,-0.008298802814695066
1398,-0.4443861433615469,-0.008298802814695066
1399,-0.44439791133037876,-0.008298802814695066
1400,-0.4445987536939323,-0.008298802814695066
1401,-0.44487137521526304,-0.008298802814695066
1402,-0.4451829198512515,-0.008298802814695066
1403,-0.44596051074436227,-0.008298802814695066
1404,-0.44617844719319355,-0.008298802814695066
1405,-0.4463192151837917,-0.008298802814695066
1406,-0.4464593137185183,-0.008298802814695066
1407,-0.44677400548914925,-0.008298802814695066
1408,-0.4468473755183615,-0.008298802814695066
1409,-0.44708173948901453,-0.008298802814695066
1410,-0.44771427212507486,-0.008298802814695066
1411,-0.447941964822346,-0.008298802814695066
1412,-0.4479553284545758,-0.008298802814695066
1413,-0.44809343325718,-0.008298802814695066
1414,-0.4484160939419611,-0.008298802814695066
1415,-0.4485100517212831,-0.008298802814695066
1416,-0.4487956512228621,-0.008298802814695066
1417,-0.44923007265858755,-0.008298802814695066
1418,-0.45041415693903786,-0.008298802814695066
1419,-0.45049589642488697,-0.008298802814695066
1420,-0.45188304936158996,-0.008298802814695066
1421,-0.45199985920688135,-0.008298802814695066
1422,-0.45228146285434767,-0.008298802814695066
1423,-0.452473400584089,-0.008298802814695066
1424,-0.4526060596837358,-0.008298802814695066
1425,-0.45268985377920223,-0.008298802814695066
1426,-0.453992709273021,-0.008298802814695066
1427,-0.4549449743929374,-0.008298802814695066
1428,-0.4549720167035053,-0.008298802814695066
1429,-0.4550271192047412,-0.008298802814695066
1430,-0.45529849920206134,-0.008298802814695066
1431,-0.4556547075109195,-0.008298802814695066
1432,-0.45583315028304194,-0.008298802814695066
1433,-0.4563978009838783,-0.008298802814695066
1434,-0.457267117808757,-0.008298802814695066
1435,-0.4574762842216634,-0.008298802814695066
1436,-0.45776905606439716,-0.008298802814695066
1437,-0.457830486723372,-0.008298802814695066
1438,-0.4580379775959554,-0.008298802814695066
1439,-0.45823306112058576,-0.008298802814695066
1440,-0.4588661219945847,-0.008298802814695066
1441,-0.4594452083035777,-0.008298802814695066
1442,-0.4599690439031025,-0.008298802814695066
1443,-0.46023217437029496,-0.008298802814695066
1444,-0.4607384755623538,-0.008298802814695066
1445,-0.4609748844799818,-0.008298802814695066
1446,-0.4612743137907372,-0.008298802814695066
1447,-0.4612849591740848,-0.008298802814695066
1448,-0.4617654960413115,-0.008298802814695066
1449,-0.46236581216755335,-0.008298802814695066
1450,-0.46250127292441173,-0.008298802814695066
1451,-0.4630200685945009,-0.008298802814695066
1452,-0.46316326015722914,-0.008298802814695066
1453,-0.4635902311553428,-0.008298802814695066
1454,-0.46366122315656283,-0.008298802814695066
1455,-0.46403820605795226,-0.008298802814695066
1456,-0.46496331364588184,-0.008298802814695066
1457,-0.46499732320079357,-0.008298802814695066
1458,-0.46500950795242707,-0.008298802814695066
1459,-0.4651121243889524,-0.008298802814695066
1460,-0.4651830744188931,-0.008298802814695066
1461,-0.46521289045235414,-0.008298802814695066
1462,-0.46552821276404216,-0.008298802814695066
1463,-0.4658202630978886,-0.008298802814695066
1464,-0.46583744064208954,-0.008298802814695066
1465,-0.46603167018458713,-0.008298802814695066
1466,-0.4660788316429399,-0.008298802814695066
1467,-0.46613503027640135,-0.008298802814695066
1468,-0.46622932757774,-0.008298802814695066
1469,-0.4663216423610624,-0.008298802814695066
1470,-0.46656682220700063,-0.008298802814695066
1471,-0.4667121626451615,-0.008298802814695066
1472,-0.4667329801580919,-0.008298802814695066
1473,-0.46674378078000506,-0.008298802814695066
1474,-0.46677335803667697,-0.008298802814695066
1475,-0.46680145171413767,-0.008298802814695066
1476,-0.46712747323659676,-0.008298802814695066
1477,-0.4673515067126133,-0.008298802814695066
1478,-0.4676295869515466,-0.008298802814695066
1479,-0.4676995029612872,-0.008298802814695066
1480,-0.4682944321233502,-0.008298802814695066
1481,-0.4685790215635703,-0.008298802814695066
1482,-0.46858334169934795,-0.008298802814695066
1483,-0.46876185696063466,-0.008298802814695066
1484,-0.4696621349232836,-0.008298802814695066
1485,-0.4701533421099494,-0.008298802814695066
1486,-0.4703577408775037,-0.008298802814695066
1487,-0.47076174345660027,-0.008298802814695066
1488,-0.4710161798274999,-0.008298802814695066
1489,-0.4714752305018989,-0.008298802814695066
1490,-0.47155167980281676,-0.008298802814695066
1491,-0.4720420920414563,-0.008298802814695066
1492,-0.4720649120138271,-0.008298802814695066
1493,-0.4721683824492777,-0.008298802814695066
1494,-0.4725501989400153,-0.008298802814695066
1495,-0.4728787911328991,-0.008298802814695066
1496,-0.4729647692061768,-0.008298802814695066
1497,-0.47298836296992114,-0.008298802814695066
1498,-0.47316038390172876,-0.008298802814695066
1499,-0.4731804955454231,-0.008298802814695066
1500,-0.4740730988177547,-0.008298802814695066
1501,-0.475238598417142,-0.008298802814695066
1502,-0.4754592768500939,-0.008298802814695066
1503,-0.47553148982539983,-0.008298802814695066
1504,-0.475538470429934,-0.008298802814695066
1505,-0.4756560133794525,-0.008298802814695066
1506,-0.47602775037323153,-0.008298802814695066
1507,-0.4761721103279746,-0.008298802814695066
1508,-0.4762957965966872,-0.008298802814695066
1509,-0.47728067943857255,-0.008298802814695066
1510,-0.47738826434857784,-0.008298802814695066
1511,-0.4774023230028551,-0.008298802814695066
1512,-0.4777152999374996,-0.008298802814695066
1513,-0.47828080119318084,-0.008298802814695066
1514,-0.47859394758816276,-0.008298802814695066
1515,-0.47863184567661426,-0.008298802814695066
1516,-0.47945471331312367,-0.008298802814695066
1517,-0.4795737396883189,-0.008298802814695066
1518,-0.47957619066123225,-0.008298802814695066
1519,-0.4796485576638734,-0.008298802814695066
1520,-0.47970833119684064,-0.008298802814695066
1521,-0.47991166835551896,-0.008298802814695066
1522,-0.4802891245485834,-0.008298802814695066
1523,-0.4804232931229811,-0.008298802814695066
1524,-0.48058990975920807,-0.008298802814695066
1525,-0.48138512976054715,-0.008298802814695066
1526,-0.48212727091063107,-0.008298802814695066
1527,-0.48294010058118153,-0.008298802814695066
1528,-0.4830596986701156,-0.008298802814695066
1529,-0.4833556315142281,-0.008298802814695066
1530,-0.48356333689730346,-0.008298802814695066
1531,-0.4835670281989711,-0.008298802814695066
1532,-0.48371819767128593,-0.008298802814695066
1533,-0.4840111819823639,-0.008298802814695066
1534,-0.484065814065776,-0.008298802814695066
1535,-0.48466927912727037,-0.008298802814695066
1536,-0.48475610748826214,-0.008298802814695066
1537,-0.4852035264522755,-0.008298802814695066
1538,-0.4853602644800256,-0.008298802814695066
1539,-0.4853992336452359,-0.008298802814695066
1540,-0.4854625387239846,-0.008298802814695066
1541,-0.48603022486438663,-0.008298802814695066
1542,-0.4862139321400003,-0.008298802814695066
1543,-0.48700696574997937,-0.008298802814695066
1544,-0.4871009061216166,-0.008298802814695066
1545,-0.48721433577516193,-0.008298802814695066
1546,-0.4875426417644913,-0.008298802814695066
1547,-0.48767376234919957,-0.008298802814695066
1548,-0.4877245585987404,-0.008298802814695066
1549,-0.4877922298602726,-0.008298802814695066
1550,-0.48799551144247155,-0.008298802814695066
1551,-0.48804421816545296,-0.008298802814695066
1552,-0.4882744152546364,-0.008298802814695066
1553,-0.48843119694862647,-0.008298802814695066
1554,-0.48845819859732675,-0.008298802814695066
1555,-0.48869178126056295,-0.008298802814695066
1556,-0.48879635866667365,-0.008298802814695066
1557,-0.48903992738766056,-0.008298802814695066
1558,-0.48929070734731994,-0.008298802814695066
1559,-0.4893727447646545,-0.008298802814695066
1560,-0.48951913382812484,-0.008298802814695066
1561,-0.489659850378298,-0.008298802814695066
1562,-0.4898036643228617,-0.008298802814695066
1563,-0.4902010978149271,-0.008298802814695066
1564,-0.49061081919520017,-0.008298802814695066
1565,-0.49082583496549315,-0.008298802814695066
1566,-0.49101666293224056,-0.008298802814695066
1567,-0.49104085636039313,-0.008298802814695066
1568,-0.49105976036339793,-0.008298802814695066
1569,-0.4922720019988645,-0.008298802814695066
1570,-0.4922743339616713,-0.008298802814695066
1571,-0.49231793796373946,-0.008298802814695066
1572,-0.4926700803528027,-0.008298802814695066
1573,-0.49308870682850764,-0.008298802814695066
1574,-0.4935851001409308,-0.008298802814695066
1575,-0.49367654399869276,-0.008298802814695066
1576,-0.4937506659639732,-0.008298802814695066
1577,-0.4937713405802289,-0.008298802814695066
1578,-0.4938639361740519,-0.008298802814695066
1579,-0.4941330359818795,-0.008298802814695066
1580,-0.49416817073122593,-0.008298802814695066
1581,-0.49424790121871665,-0.008298802814695066
1582,-0.4945282518312103,-0.008298802814695066
1583,-0.4947309644620933,-0.008298802814695066
1584,-0.4948785869618367,-0.008298802814695066
1585,-0.49497868462644606,-0.008298802814695066
1586,-0.49533284845693326,-0.008298802814695066
1587,-0.4953491861377371,-0.008298802814695066
1588,-0.4954378207608167,-0.008298802814695066
1589,-0.49620257792286443,-0.008298802814695066
1590,-0.4966127605074697,-0.008298802814695066
1591,-0.4966807244681556,-0.008298802814695066
1592,-0.49727120257268353,-0.008298802814695066
1593,-0.49797999411911664,-0.008298802814695066
1594,-0.4992079459787217,-0.008298802814695066
1595,-0.4999651942934735,-0.008298802814695066
1596,-0.5002377662788252,-0.008298802814695066
1597,-0.5008915577494543,-0.008298802814695066
1598,-0.5009444309077025,-0.008298802814695066
1599,-0.5010096043448796,-0.008298802814695066
1600,-0.5013726954800735,-0.008298802814695066
1601,-0.5014252190859364,-0.008298802814695066
1602,-0.5015686082374338,-0.008298802814695066
1603,-0.5016953247576372,-0.008298802814695066
1604,-0.5021663863498103,-0.008298802814695066
1605,-0.502168012833472,-0.008298802814695066
1606,-0.502352821653447,-0.008298802814695066
1607,-0.5024830713168135,-0.008298802814695066
1608,-0.5027280558895589,-0.008298802814695066
1609,-0.5027386024007906,-0.008298802814695066
1610,-0.5028882460271612,-0.008298802814695066
1611,-0.5034220984888338,-0.008298802814695066
1612,-0.5039199294009308,-0.008298802814695066
1613,-0.5044144763955877,-0.008298802814695066
1614,-0.5044757324696699,-0.008298802814695066
1615,-0.5045427627940366,-0.008298802814695066
1616,-0.5047322852972185,-0.008298802814695066
1617,-0.5047957679896381,-0.008298802814695066
1618,-0.5049883903474769,-0.008298802814695066
1619,-0.5051632213211311,-0.008298802814695066
1620,-0.5057666191773248,-0.008298802814695066
1621,-0.5059997367571869,-0.008298802814695066
1622,-0.5064022626483646,-0.008298802814695066
1623,-0.506551274256831,-0.008298802814695066
1624,-0.507110641210122,-0.008298802814695066
1625,-0.5071631880286444,-0.008298802814695066
1626,-0.5074192185323738,-0.008298802814695066
1627,-0.5074898050758574,-0.008298802814695066
1628,-0.5074926999181697,-0.008298802814695066
1629,-0.5077890710045851,-0.008298802814695066
1630,-0.507950241684502,-0.008298802814695066
1631,-0.5082794704641297,-0.008298802814695066
1632,-0.5086350463051866,-0.008298802814695066
1633,-0.5089539268699167,-0.008298802814695066
1634,-0.5091822182730219,-0.008298802814695066
1635,-0.5093051451245911,-0.008298802814695066
1636,-0.5094255046624786,-0.008298802814695066
1637,-0.5094848282013458,-0.008298802814695066
1638,-0.5096560851865711,-0.008298802814695066
1639,-0.5102760650655092,-0.008298802814695066
1640,-0.5108885277414807,-0.008298802814695066
1641,-0.5109518122226759,-0.008298802814695066
1642,-0.5111588268534047,-0.008298802814695066
1643,-0.5116265712747383,-0.008298802814695066
1644,-0.5117684557169722,-0.008298802814695066
1645,-0.5127265593696899,-0.008298802814695066
1646,-0.514051094524008,-0.008298802814695066
1647,-0.5144205050893952,-0.008298802814695066
1648,-0.5145378769451993,-0.008298802814695066
1649,-0.5147235763224176,-0.008298802814695066
1650,-0.5150999136781373,-0.008298802814695066
1651,-0.5156774469230607,-0.008298802814695066
1652,-0.516083369139721,-0.008298802814695066
1653,-0.516118630043532,-0.008298802814695066
1654,-0.5162546881783594,-0.008298802814695066
1655,-0.5164888865747115,-0.008298802814695066
1656,-0.5166703915273239,-0.008298802814695066
1657,-0.5168718740597451,-0.008298802814695066
1658,-0.5174243111176132,-0.008298802814695066
1659,-0.5175522214931492,-0.008298802814695066
1660,-0.5181080935345281,-0.008298802814695066
1661,-0.51812739816928,-0.008298802814695066
1662,-0.5182274208822268,-0.008298802814695066
1663,-0.5182805947303758,-0.008298802814695066
1664,-0.518597865998564,-0.008298802814695066
1665,-0.5188262187868229,-0.008298802814695066
1666,-0.5188989756213522,-0.008298802814695066
1667,-0.5190861507263578,-0.008298802814695066
1668,-0.520031146201793,-0.008298802814695066
1669,-0.520168105586876,-0.008298802814695066
1670,-0.5205228572211742,-0.008298802814695066
1671,-0.5205988912620857,-0.008298802814695066
1672,-0.5207748133704925,-0.008298802814695066
1673,-0.5209242592901167,-0.008298802814695066
1674,-0.5216762060361771,-0.008298802814695066
1675,-0.5218317918218556,-0.008298802814695066
1676,-0.5230213212047794,-0.008298802814695066
1677,-0.5231672542299821,-0.008298802814695066
1678,-0.5237914994896932,-0.008298802814695066
1679,-0.5239711900167918,-0.008298802814695066
1680,-0.5243293789407519,-0.008298802814695066
1681,-0.5246696274757243,-0.008298802814695066
1682,-0.5252368006946273,-0.008298802814695066
1683,-0.5258734006621033,-0.008298802814695066
1684,-0.5261487400293638,-0.008298802814695066
1685,-0.5264428321395971,-0.008298802814695066
1686,-0.5268069460336968,-0.008298802814695066
1687,-0.5270100637911741,-0.008298802814695066
1688,-0.5273463933596162,-0.008298802814695066
1689,-0.5273488823220271,-0.008298802814695066
1690,-0.5274536921414191,-0.008298802814695066
1691,-0.5275891401290946,-0.008298802814695066
1692,-0.5279656784155919,-0.008298802814695066
1693,-0.5283779979020534,-0.008298802814695066
1694,-0.5284012149063495,-0.008298802814695066
1695,-0.5286718094021069,-0.008298802814695066
1696,-0.5289461771737455,-0.008298802814695066
1697,-0.5290890262575498,-0.008298802814695066
1698,-0.5294711296416981,-0.008298802814695066
1699,-0.5295167823816914,-0.008298802814695066
1700,-0.5297754537666997,-0.008298802814695066
1701,-0.5306711236825215,-0.008298802814695066
1702,-0.5310746466594711,-0.008298802814695066
1703,-0.531806942275189,-0.008298802814695066
1704,-0.5320009016354492,-0.008298802814695066
1705,-0.5320187796938085,-0.008298802814695066
1706,-0.5320284377211416,-0.008298802814695066
1707,-0.5323694897857976,-0.008298802814695066
1708,-0.5326482083727766,-0.008298802814695066
1709,-0.5328363329135528,-0.008298802814695066
1710,-0.5332831136094518,-0.008298802814695066
1711,-0.5341513870243461,-0.008298802814695066
1712,-0.5342355787258473,-0.008298802814695066
1713,-0.5343389731320148,-0.008298802814695066
1714,-0.5346112465287065,-0.008298802814695066
1715,-0.535202483792869,-0.008298802814695066
1716,-0.5357432356791636,-0.008298802814695066
1717,-0.5358178591835462,-0.008298802814695066
1718,-0.5358664951376728,-0.008298802814695066
1719,-0.5359652410048424,-0.008298802814695066
1720,-0.5362354011076857,-0.008298802814695066
1721,-0.5363926759276264,-0.008298802814695066
1722,-0.536399152749852,-0.008298802814695066
1723,-0.5364666388447318,-0.008298802814695066
1724,-0.5366095507581699,-0.008298802814695066
1725,-0.5373567472491773,-0.008298802814695066
1726,-0.5373749218890038,-0.008298802814695066
1727,-0.5381448099762066,-0.008298802814695066
1728,-0.5384978546127945,-0.008298802814695066
1729,-0.538506452120414,-0.008298802814695066
1730,-0.5388029672601898,-0.008298802814695066
1731,-0.5388636941700723,-0.008298802814695066
1732,-0.539599829564963,-0.008298802814695066
1733,-0.5397192963851649,-0.008298802814695066
1734,-0.5397358993112482,-0.008298802814695066
1735,-0.5399504802599234,-0.008298802814695066
1736,-0.540156193374032,-0.008298802814695066
1737,-0.5412338222443158,-0.008298802814695066
1738,-0.5412696341670061,-0.008298802814695066
1739,-0.541943243593603,-0.008298802814695066
1740,-0.54214566398254,-0.008298802814695066
1741,-0.5422936223149559,-0.008298802814695066
1742,-0.5423557657643265,-0.008298802814695066
1743,-0.5427102711125649,-0.008298802814695066
1744,-0.5432575237544836,-0.008298802814695066
1745,-0.5433169142113968,-0.008298802814695066
1746,-0.5436839291064453,-0.008298802814695066
1747,-0.5446370117069946,-0.008298802814695066
1748,-0.5447397218167803,-0.008298802814695066
1749,-0.5454417534118338,-0.008298802814695066
1750,-0.54562958170091,-0.008298802814695066
1751,-0.5459824885305402,-0.008298802814695066
1752,-0.5465450927386732,-0.008298802814695066
1753,-0.5466355612133544,-0.008298802814695066
1754,-0.5474489404229123,-0.008298802814695066
1755,-0.5474979622022457,-0.008298802814695066
1756,-0.548545334684597,-0.008298802814695066
1757,-0.5487256997787987,-0.008298802814695066
1758,-0.5496261296668445,-0.008298802814695066
1759,-0.5516409671157614,-0.008298802814695066
1760,-0.5516885739512377,-0.008298802814695066
1761,-0.5520953535239218,-0.008298802814695066
1762,-0.5522788419219717,-0.008298802814695066
1763,-0.5526297408164009,-0.008298802814695066
1764,-0.5527530462790196,-0.008298802814695066
1765,-0.5528890593404063,-0.008298802814695066
1766,-0.5531575176279848,-0.008298802814695066
1767,-0.5531912933687411,-0.008298802814695066
1768,-0.5533179768790794,-0.008298802814695066
1769,-0.5545425109199058,-0.008298802814695066
1770,-0.5545995129074769,-0.008298802814695066
1771,-0.5546108840211528,-0.008298802814695066
1772,-0.5548853972098556,-0.008298802814695066
1773,-0.5549123622342084,-0.008298802814695066
1774,-0.5549639420978099,-0.008298802814695066
1775,-0.5550710103094891,-0.008298802814695066
1776,-0.5552986961344056,-0.008298802814695066
1777,-0.5555843730418816,-0.008298802814695066
1778,-0.5557829711649844,-0.008298802814695066
1779,-0.5562556781329185,-0.008298802814695066
1780,-0.5564013469588501,-0.008298802814695066
1781,-0.556555368120185,-0.008298802814695066
1782,-0.5567595476954391,-0.008298802814695066
1783,-0.5570672593262065,-0.008298802814695066
1784,-0.5571827262647431,-0.008298802814695066
1785,-0.5573921285372723,-0.008298802814695066
1786,-0.5574912552159028,-0.008298802814695066
1787,-0.5577367980059993,-0.008298802814695066
1788,-0.5577522215849735,-0.008298802814695066
1789,-0.5578594065309024,-0.008298802814695066
1790,-0.5581038792665988,-0.008298802814695066
1791,-0.5584188058668627,-0.008298802814695066
1792,-0.5584304527410879,-0.008298802814695066
1793,-0.5590125556953576,-0.008298802814695066
1794,-0.560145838983743,-0.008298802814695066
1795,-0.5605988657830819,-0.008298802814695066
1796,-0.5607375634107223,-0.008298802814695066
1797,-0.5608746160648507,-0.008298802814695066
1798,-0.561251180508437,-0.008298802814695066
1799,-0.561906031057825,-0.008298802814695066
1800,-0.5619735155986969,-0.008298802814695066
1801,-0.5623400841581515,-0.008298802814695066
1802,-0.5623830586171581,-0.008298802814695066
1803,-0.5624484162657926,-0.008298802814695066
1804,-0.5633221186324479,-0.008298802814695066
1805,-0.564062860490656,-0.008298802814695066
1806,-0.5642281385645679,-0.008298802814695066
1807,-0.564235542014804,-0.008298802814695066
1808,-0.564311710820208,-0.008298802814695066
1809,-0.5644594235854272,-0.008298802814695066
1810,-0.5644709809057555,-0.008298802814695066
1811,-0.5650044091073906,-0.008298802814695066
1812,-0.5650920368912616,-0.008298802814695066
1813,-0.5651670334266189,-0.008298802814695066
1814,-0.5654011053591843,-0.008298802814695066
1815,-0.5657834193198021,-0.008298802814695066
1816,-0.56625373331609,-0.008298802814695066
1817,-0.5665168217219783,-0.008298802814695066
1818,-0.566812145367971,-0.008298802814695066
1819,-0.5668300674487465,-0.008298802814695066
1820,-0.5670299777905138,-0.008298802814695066
1821,-0.567577044260068,-0.008298802814695066
1822,-0.5681487981264659,-0.008298802814695066
1823,-0.5683014873961946,-0.008298802814695066
1824,-0.5686541951474757,-0.008298802814695066
1825,-0.56900954718991,-0.008298802814695066
1826,-0.5696421587148534,-0.008298802814695066
1827,-0.569924208777839,-0.008298802814695066
1828,-0.5702900555246287,-0.008298802814695066
1829,-0.5705421147637608,-0.008298802814695066
1830,-0.5708131103299253,-0.008298802814695066
1831,-0.5709952488062423,-0.008298802814695066
1832,-0.5710749964968816,-0.008298802814695066
1833,-0.5713034421388289,-0.008298802814695066
1834,-0.5715972634447147,-0.008298802814695066
1835,-0.571767465882096,-0.008298802814695066
1836,-0.5718585367768845,-0.008298802814695066
1837,-0.5722230596119557,-0.008298802814695066
1838,-0.5729686154279463,-0.008298802814695066
1839,-0.573130024041988,-0.008298802814695066
1840,-0.5735195379773187,-0.008298802814695066
1841,-0.5741113075457476,-0.008298802814695066
1842,-0.5741555687329594,-0.008298802814695066
1843,-0.5746236230463527,-0.008298802814695066
1844,-0.5750087897395555,-0.008298802814695066
1845,-0.5750848626606502,-0.008298802814695066
1846,-0.5752234863099781,-0.008298802814695066
1847,-0.5753580668011895,-0.008298802814695066
1848,-0.5767659951103759,-0.008298802814695066
1849,-0.5770068601418955,-0.008298802814695066
1850,-0.5783343481355107,-0.008298802814695066
1851,-0.5785557513946411,-0.008298802814695066
1852,-0.5785805646421922,-0.008298802814695066
1853,-0.5786690959690395,-0.008298802814695066
1854,-0.5789653891760564,-0.008298802814695066
1855,-0.5791059921087691,-0.008298802814695066
1856,-0.579480848226873,-0.008298802814695066
1857,-0.5796071219717251,-0.008298802814695066
1858,-0.5805441067003415,-0.008298802814695066
1859,-0.5805937692441385,-0.008298802814695066
1860,-0.5807455478950144,-0.008298802814695066
1861,-0.5811335621255136,-0.008298802814695066
1862,-0.5812053261046785,-0.008298802814695066
1863,-0.581443384084761,-0.008298802814695066
1864,-0.581685028648256,-0.008298802814695066
1865,-0.5818481332112462,-0.008298802814695066
1866,-0.5819955496921385,-0.008298802814695066
1867,-0.5823484620478832,-0.008298802814695066
1868,-0.582753981470036,-0.008298802814695066
1869,-0.5827993291412957,-0.008298802814695066
1870,-0.5831561501829514,-0.008298802814695066
1871,-0.5832897685561446,-0.008298802814695066
1872,-0.5833708658258726,-0.008298802814695066
1873,-0.583416771388254,-0.008298802814695066
1874,-0.5834291942488107,-0.008298802814695066
1875,-0.5836783287382172,-0.008298802814695066
1876,-0.5838644902958617,-0.008298802814695066
1877,-0.5840565433902216,-0.008298802814695066
1878,-0.5840579045082597,-0.008298802814695066
1879,-0.5841327583558821,-0.008298802814695066
1880,-0.5841735328250903,-0.008298802814695066
1881,-0.584556342944031,-0.008298802814695066
1882,-0.5849116466630548,-0.008298802814695066
1883,-0.585864124469008,-0.008298802814695066
1884,-0.5859987476605962,-0.008298802814695066
1885,-0.5865423905458709,-0.008298802814695066
1886,-0.5868363044429092,-0.008298802814695066
1887,-0.5869980567831603,-0.008298802814695066
1888,-0.587011588280792,-0.008298802814695066
1889,-0.5882999463188969,-0.008298802814695066
1890,-0.58849947133921,-0.008298802814695066
1891,-0.589191266799851,-0.008298802814695066
1892,-0.5892075762198953,-0.008298802814695066
1893,-0.5892152248674236,-0.008298802814695066
1894,-0.5892672192124261,-0.008298802814695066
1895,-0.5893298159695163,-0.008298802814695066
1896,-0.5897384220613705,-0.008298802814695066
1897,-0.5897769865161708,-0.008298802814695066
1898,-0.5902071065217667,-0.008298802814695066
1899,-0.5903914519076852,-0.008298802814695066
1900,-0.5909266823081645,-0.008298802814695066
1901,-0.5910001619720786,-0.008298802814695066
1902,-0.5912263587660873,-0.008298802814695066
1903,-0.5914631363930465,-0.008298802814695066
1904,-0.5914824188891803,-0.008298802814695066
1905,-0.5916639704468966,-0.008298802814695066
1906,-0.5929372561312262,-0.008298802814695066
1907,-0.5929461160149287,-0.008298802814695066
1908,-0.5933004269282973,-0.008298802814695066
1909,-0.5933625468268827,-0.008298802814695066
1910,-0.5934176585231019,-0.008298802814695066
1911,-0.5934706347277489,-0.008298802814695066
1912,-0.5936036308475882,-0.008298802814695066
1913,-0.5938352075173545,-0.008298802814695066
1914,-0.5941250732052284,-0.008298802814695066
1915,-0.5944856605502943,-0.008298802814695066
1916,-0.59461096435225,-0.008298802814695066
1917,-0.594807580431727,-0.008298802814695066
1918,-0.5949148218038482,-0.008298802814695066
1919,-0.5950061013548235,-0.008298802814695066
1920,-0.5950689982520485,-0.008298802814695066
1921,-0.5952009183961094,-0.008298802814695066
1922,-0.595262744235348,-0.008298802814695066
1923,-0.5953493457101997,-0.008298802814695066
1924,-0.5958252231405959,-0.008298802814695066
1925,-0.5961445225511577,-0.008298802814695066
1926,-0.5968377964580412,-0.008298802814695066
1927,-0.5979697550741724,-0.008298802814695066
1928,-0.5980837593117023,-0.008298802814695066
1929,-0.5990989635428556,-0.008298802814695066
1930,-0.5995517631479413,-0.008298802814695066
1931,-0.599711427526938,-0.008298802814695066
1932,-0.600117449391469,-0.008298802814695066
1933,-0.6004307679214695,-0.008298802814695066
1934,-0.6006013928561729,-0.008298802814695066
1935,-0.600613854592959,-0.008298802814695066
1936,-0.6006513458742966,-0.008298802814695066
1937,-0.6006682747441379,-0.008298802814695066
1938,-0.6007154119191938,-0.008298802814695066
1939,-0.6007649992396851,-0.008298802814695066
1940,-0.600943217065631,-0.008298802814695066
1941,-0.6010658669232818,-0.008298802814695066
1942,-0.6015738975820141,-0.008298802814695066
1943,-0.6017207926454788,-0.008298802814695066
1944,-0.6019251948961637,-0.008298802814695066
1945,-0.6020657036273919,-0.008298802814695066
1946,-0.6025375806258402,-0.008298802814695066
1947,-0.6029984387474452,-0.008298802814695066
1948,-0.6034557509889246,-0.008298802814695066
1949,-0.6037402545961617,-0.008298802814695066
1950,-0.6038575630112449,-0.008298802814695066
1951,-0.6038593410557522,-0.008298802814695066
1952,-0.6042817532810811,-0.008298802814695066
1953,-0.6046796396114844,-0.008298802814695066
1954,-0.6047356261369949,-0.008298802814695066
1955,-0.6050844352856106,-0.008298802814695066
1956,-0.6053925326005345,-0.008298802814695066
1957,-0.6059460522549405,-0.008298802814695066
1958,-0.6060438013546439,-0.008298802814695066
1959,-0.6073280289691884,-0.008298802814695066
1960,-0.6073522043847279,-0.008298802814695066
1961,-0.6077572073134835,-0.008298802814695066
1962,-0.607983812498985,-0.008298802814695066
1963,-0.6083005992623094,-0.008298802814695066
1964,-0.6085639490865634,-0.008298802814695066
1965,-0.609549895329234,-0.008298802814695066
1966,-0.6099475887959489,-0.008298802814695066
1967,-0.6099921422492298,-0.008298802814695066
1968,-0.6100902541674031,-0.008298802814695066
1969,-0.6100922577991512,-0.008298802814695066
1970,-0.6104040396794738,-0.008298802814695066
1971,-0.610507359288282,-0.008298802814695066
1972,-0.6107716467507021,-0.008298802814695066
1973,-0.6117387076911205,-0.008298802814695066
1974,-0.6122007161803666,-0.008298802814695066
1975,-0.6124277873886108,-0.008298802814695066
1976,-0.6126832089899221,-0.008298802814695066
1977,-0.6128341809136615,-0.008298802814695066
1978,-0.6133127107046824,-0.008298802814695066
1979,-0.613493612328176,-0.008298802814695066
1980,-0.6136050823102676,-0.008298802814695066
1981,-0.6138069002482636,-0.008298802814695066
1982,-0.6146355954692087,-0.008298802814695066
1983,-0.6148091859920253,-0.008298802814695066
1984,-0.6151283896602029,-0.008298802814695066
1985,-0.6156297648363995,-0.008298802814695066
1986,-0.6156313760382193,-0.008298802814695066
1987,-0.6159713458931185,-0.008298802814695066
1988,-0.6159861882306882,-0.008298802814695066
1989,-0.6160915258102491,-0.008298802814695066
1990,-0.6167846430649464,-0.008298802814695066
1991,-0.617793795511496,-0.008298802814695066
1992,-0.6179044963323522,-0.008298802814695066
1993,-0.6179171678747929,-0.008298802814695066
1994,-0.6181755619950609,-0.008298802814695066
1995,-0.6182116207996686,-0.008298802814695066
1996,-0.6186126111395143,-0.008298802814695066
1997,-0.6188069641837437,-0.008298802814695066
1998,-0.6194118828766163,-0.008298802814695066
1999,-0.6194551999397431,-0.008298802814695066
2000,-0.619553133825588,-0.008298802814695066
2001,-0.6199008188433994,-0.008298802814695066
2002,-0.6201926104649066,-0.008298802814695066
2003,-0.6205635683274213,-0.008298802814695066
2004,-0.6212849540526599,-0.008298802814695066
2005,-0.621300558238612,-0.008298802814695066
2006,-0.6215707906374844,-0.008298802814695066
2007,-0.6223911235248252,-0.008298802814695066
2008,-0.622594541321572,-0.008298802814695066
2009,-0.6228096618902623,-0.008298802814695066
2010,-0.6228777126691857,-0.008298802814695066
2011,-0.6232571564600993,-0.008298802814695066
2012,-0.6236172124572186,-0.008298802814695066
2013,-0.6237664612513348,-0.008298802814695066
2014,-0.624033651430372,-0.008298802814695066
2015,-0.624257310650459,-0.008298802814695066
2016,-0.6243319873568819,-0.008298802814695066
2017,-0.6243345114721481,-0.008298802814695066
2018,-0.6248110097262968,-0.008298802814695066
2019,-0.6252834677773438,-0.008298802814695066
2020,-0.626684611170096,-0.008298802814695066
2021,-0.6267977787032181,-0.008298802814695066
2022,-0.6270042596981721,-0.008298802814695066
2023,-0.627451743815588,-0.008298802814695066
2024,-0.6275930595291999,-0.008298802814695066
2025,-0.6282191189657088,-0.008298802814695066
2026,-0.6283237784041349,-0.008298802814695066
2027,-0.6286860854898612,-0.008298802814695066
2028,-0.6292161864728889,-0.008298802814695066
2029,-0.6293840381069886,-0.008298802814695066
2030,-0.629560970643902,-0.008298802814695066
2031,-0.6298924076193582,-0.008298802814695066
2032,-0.6303252186791279,-0.008298802814695066
2033,-0.6304164857457201,-0.008298802814695066
2034,-0.630967064365027,-0.008298802814695066
2035,-0.6311029999164074,-0.008298802814695066
2036,-0.6313739674469259,-0.008298802814695066
2037,-0.6316047464598161,-0.008298802814695066
2038,-0.631613658456316,-0.008298802814695066
2039,-0.6318367051621331,-0.008298802814695066
2040,-0.6319460134534564,-0.008298802814695066
2041,-0.6321882297838666,-0.008298802814695066
2042,-0.6328943372371351,-0.008298802814695066
2043,-0.6335451730930003,-0.008298802814695066
2044,-0.6339443877979076,-0.008298802814695066
2045,-0.6351909923718868,-0.008298802814695066
2046,-0.6353152511512493,-0.008298802814695066
2047,-0.6353589423594304,-0.008298802814695066
2048,-0.6355664888240873,-0.008298802814695066
2049,-0.6359969937773325,-0.008298802814695066
2050,-0.6362523317697959,-0.008298802814695066
2051,-0.6363242686681089,-0.008298802814695066
2052,-0.6365525748171457,-0.008298802814695066
2053,-0.6367360231582373,-0.008298802814695066
2054,-0.6372761448133495,-0.008298802814695066
2055,-0.6373950135103048,-0.008298802814695066
2056,-0.6377944842607317,-0.008298802814695066
2057,-0.6378066085673713,-0.008298802814695066
2058,-0.6381484003085688,-0.008298802814695066
2059,-0.6385884892777527,-0.008298802814695066
2060,-0.6386343114318564,-0.008298802814695066
2061,-0.6388549331104418,-0.008298802814695066
2062,-0.6389706839029391,-0.008298802814695066
2063,-0.6393005140768905,-0.008298802814695066
2064,-0.6393872994724422,-0.008298802814695066
2065,-0.639494015008821,-0.008298802814695066
2066,-0.6400138821960827,-0.008298802814695066
2067,-0.6408475229756336,-0.008298802814695066
2068,-0.6415990056874179,-0.008298802814695066
2069,-0.6417344192776098,-0.008298802814695066
2070,-0.6417592762430953,-0.008298802814695066
2071,-0.642491964986798,-0.008298802814695066
2072,-0.6426612621176296,-0.008298802814695066
2073,-0.6427016114472015,-0.008298802814695066
2074,-0.6429134784658861,-0.008298802814695066
2075,-0.6429242840976693,-0.008298802814695066
2076,-0.6433457774098098,-0.008298802814695066
2077,-0.6434588965988648,-0.008298802814695066
2078,-0.6441779389595148,-0.008298802814695066
2079,-0.6452099745186286,-0.008298802814695066
2080,-0.645570564426374,-0.008298802814695066
2081,-0.6457031012014669,-0.008298802814695066
2082,-0.645756751929989,-0.008298802814695066
2083,-0.6458737852304801,-0.008298802814695066
2084,-0.646162576491673,-0.008298802814695066
2085,-0.646498754688533,-0.008298802814695066
2086,-0.6467483814019629,-0.008298802814695066
2087,-0.6468421445374046,-0.008298802814695066
2088,-0.6468458081751345,-0.008298802814695066
2089,-0.6468500322293615,-0.008298802814695066
2090,-0.6471012270013767,-0.008298802814695066
2091,-0.6472160749427683,-0.008298802814695066
2092,-0.64731790693073,-0.008298802814695066
2093,-0.6474209343859942,-0.008298802814695066
2094,-0.6474772898883923,-0.008298802814695066
2095,-0.647484671195466,-0.008298802814695066
2096,-0.647559819120253,-0.008298802814695066
2097,-0.6476281660073419,-0.008298802814695066
2098,-0.6476838072881146,-0.008298802814695066
2099,-0.6481055930417541,-0.008298802814695066
2100,-0.6485988293936489,-0.008298802814695066
2101,-0.6486257494214497,-0.008298802814695066
2102,-0.6490195810573753,-0.008298802814695066
2103,-0.6490637927809649,-0.008298802814695066
2104,-0.6491265022506657,-0.008298802814695066
2105,-0.6491386820019197,-0.008298802814695066
2106,-0.6500749486729839,-0.008298802814695066
2107,-0.6502709491953258,-0.008298802814695066
2108,-0.6504246711491948,-0.008298802814695066
2109,-0.6504427105961802,-0.008298802814695066
2110,-0.650572086458649,-0.008298802814695066
2111,-0.6509773255278757,-0.008298802814695066
2112,-0.6515429064787911,-0.008298802814695066
2113,-0.6517878857875281,-0.008298802814695066
2114,-0.651847674886508,-0.008298802814695066
2115,-0.6520232913727504,-0.008298802814695066
2116,-0.6524601363816177,-0.008298802814695066
2117,-0.6526473923172292,-0.008298802814695066
2118,-0.6529065031282872,-0.008298802814695066
2119,-0.653029077227619,-0.008298802814695066
2120,-0.6536712500918279,-0.008298802814695066
2121,-0.6540310242167557,-0.008298802814695066
2122,-0.6542029752768308,-0.008298802814695066
2123,-0.6542051967607241,-0.008298802814695066
2124,-0.6550180875602372,-0.008298802814695066
2125,-0.655388520777005,-0.008298802814695066
2126,-0.6556489722553648,-0.008298802814695066
2127,-0.6565103925498619,-0.008298802814695066
2128,-0.6566938907695727,-0.008298802814695066
2129,-0.656826025608436,-0.008298802814695066
2130,-0.6570317148481711,-0.008298802814695066
2131,-0.6576914500869733,-0.008298802814695066
2132,-0.6581298552475521,-0.008298802814695066
2133,-0.6581726327340753,-0.008298802814695066
2134,-0.6581817893241411,-0.008298802814695066
2135,-0.6583884761199938,-0.008298802814695066
2136,-0.6584955292709915,-0.008298802814695066
2137,-0.6589840827457879,-0.008298802814695066
2138,-0.6596200365153024,-0.008298802814695066
2139,-0.6598736825539443,-0.008298802814695066
2140,-0.6602049616511092,-0.008298802814695066
2141,-0.6602955733154153,-0.008298802814695066
2142,-0.6603098044493223,-0.008298802814695066
2143,-0.6603773226625238,-0.008298802814695066
2144,-0.6605146280514849,-0.008298802814695066
2145,-0.6606874311290584,-0.008298802814695066
2146,-0.6610393703314684,-0.008298802814695066
2147,-0.6619038558512922,-0.008298802814695066
2148,-0.6622548393376981,-0.008298802814695066
2149,-0.662396583807993,-0.008298802814695066
2150,-0.6624060751863614,-0.008298802814695066
2151,-0.6625221438015316,-0.008298802814695066
2152,-0.6625538975866024,-0.008298802814695066
2153,-0.6631851379448237,-0.008298802814695066
2154,-0.6636576189897875,-0.008298802814695066
2155,-0.66418754387024,-0.008298802814695066
2156,-0.6645726673333363,-0.008298802814695066
2157,-0.664712766393694,-0.008298802814695066
2158,-0.664751932762857,-0.008298802814695066
2159,-0.6650320356549808,-0.008298802814695066
2160,-0.6651514163072765,-0.008298802814695066
2161,-0.6654120423495419,-0.008298802814695066
2162,-0.6657927294692303,-0.008298802814695066
2163,-0.6659441986576806,-0.008298802814695066
2164,-0.6660678849195555,-0.008298802814695066
2165,-0.6661664916930209,-0.008298802814695066
2166,-0.6665374750289113,-0.008298802814695066
2167,-0.6666962127821765,-0.008298802814695066
2168,-0.6667096347162468,-0.008298802814695066
2169,-0.6667114151956013,-0.008298802814695066
2170,-0.6667199441189321,-0.008298802814695066
2171,-0.6668295296412747,-0.008298802814695066
2172,-0.6669515174898067,-0.008298802814695066
2173,-0.6670795520963932,-0.008298802814695066
2174,-0.6671757133312396,-0.008298802814695066
2175,-0.6672046390293846,-0.008298802814695066
2176,-0.6674473205423861,-0.008298802814695066
2177,-0.6674487218711945,-0.008298802814695066
2178,-0.6675235726708983,-0.008298802814695066
2179,-0.667635108504527,-0.008298802814695066
2180,-0.6676729735557771,-0.008298802814695066
2181,-0.6681166847049549,-0.008298802814695066
2182,-0.6684508000156182,-0.008298802814695066
2183,-0.6685859430133414,-0.008298802814695066
2184,-0.6688481807040314,-0.008298802814695066
2185,-0.6689674218955031,-0.008298802814695066
2186,-0.6692022126916776,-0.008298802814695066
2187,-0.6692649107152437,-0.008298802814695066
2188,-0.669489963302573,-0.008298802814695066
2189,-0.6701114707171837,-0.008298802814695066
2190,-0.670121718530539,-0.008298802814695066
2191,-0.6701329938519021,-0.008298802814695066
2192,-0.6705875190301249,-0.008298802814695066
2193,-0.6707907119064487,-0.008298802814695066
2194,-0.6711695472702963,-0.008298802814695066
2195,-0.6713043327497705,-0.008298802814695066
2196,-0.6716597977704442,-0.008298802814695066
2197,-0.6721479994801229,-0.008298802814695066
2198,-0.6724557481393099,-0.008298802814695066
2199,-0.6725444977535008,-0.008298802814695066
2200,-0.6726189655703603,-0.008298802814695066
2201,-0.6726909857689285,-0.008298802814695066
2202,-0.6732153893786466,-0.008298802814695066
2203,-0.6735902502260472,-0.008298802814695066
2204,-0.6737366297222258,-0.008298802814695066
2205,-0.6740098825558841,-0.008298802814695066
2206,-0.6740542434086546,-0.008298802814695066
2207,-0.6744256454998575,-0.008298802814695066
2208,-0.6747314473257484,-0.008298802814695066
2209,-0.6748082844530761,-0.008298802814695066
2210,-0.6751159830262343,-0.008298802814695066
2211,-0.6751446554403959,-0.008298802814695066
2212,-0.6753170254132073,-0.008298802814695066
2213,-0.6757449990904241,-0.008298802814695066
2214,-0.6757958639771867,-0.008298802814695066
2215,-0.6758033528952804,-0.008298802814695066
2216,-0.6760001951497696,-0.008298802814695066
2217,-0.676725535873407,-0.008298802814695066
2218,-0.6771362494311104,-0.008298802814695066
2219,-0.6772264645928003,-0.008298802814695066
2220,-0.6772722384091279,-0.008298802814695066
2221,-0.677284484318063,-0.008298802814695066
2222,-0.6775539388265635,-0.008298802814695066
2223,-0.6779679343516223,-0.008298802814695066
2224,-0.6781343594591027,-0.008298802814695066
2225,-0.6783169868165834,-0.008298802814695066
2226,-0.6785612961645165,-0.008298802814695066
2227,-0.6786925456412474,-0.008298802814695066
2228,-0.6787641258005874,-0.008298802814695066
2229,-0.6790459098373494,-0.008298802814695066
2230,-0.6796667185846363,-0.008298802814695066
2231,-0.6799902457528719,-0.008298802814695066
2232,-0.6804148692236719,-0.008298802814695066
2233,-0.6804839085551826,-0.008298802814695066
2234,-0.6807272732014792,-0.008298802814695066
2235,-0.6813405929276056,-0.008298802814695066
2236,-0.6814732393271099,-0.008298802814695066
2237,-0.6816467641670733,-0.008298802814695066
2238,-0.6818618564738275,-0.008298802814695066
2239,-0.6819514110417798,-0.008298802814695066
2240,-0.6820688046616843,-0.008298802814695066
2241,-0.6827358015260345,-0.008298802814695066
2242,-0.6828919245005627,-0.008298802814695066
2243,-0.6829636055326336,-0.008298802814695066
2244,-0.6832599045795539,-0.008298802814695066
2245,-0.6833208429361645,-0.008298802814695066
2246,-0.6836460190920797,-0.008298802814695066
2247,-0.6836557089720808,-0.008298802814695066
2248,-0.6840386005676447,-0.008298802814695066
2249,-0.6852332731761647,-0.008298802814695066
2250,-0.6855648870950318,-0.008298802814695066
2251,-0.6857193917095026,-0.008298802814695066
2252,-0.6858887786354436,-0.008298802814695066
2253,-0.6861609851122733,-0.008298802814695066
2254,-0.6862921618189134,-0.008298802814695066
2255,-0.6864286411090459,-0.008298802814695066
2256,-0.6864601705478719,-0.008298802814695066
2257,-0.6866477460243839,-0.008298802814695066
2258,-0.6866736200462814,-0.008298802814695066
2259,-0.6869318366369166,-0.008298802814695066
2260,-0.6875985175477599,-0.008298802814695066
2261,-0.6876291036503548,-0.008298802814695066
2262,-0.6879031089603759,-0.008298802814695066
2263,-0.6879591279007917,-0.008298802814695066
2264,-0.688119395899133,-0.008298802814695066
2265,-0.6882375132079238,-0.008298802814695066
2266,-0.6883413564688229,-0.008298802814695066
2267,-0.6884425993273239,-0.008298802814695066
2268,-0.688728437954043,-0.008298802814695066
2269,-0.6890003178723069,-0.008298802814695066
2270,-0.6892233818984154,-0.008298802814695066
2271,-0.6892981726009275,-0.008298802814695066
2272,-0.6893675448055536,-0.008298802814695066
2273,-0.6894224044648319,-0.008298802814695066
2274,-0.6905521380659976,-0.008298802814695066
2275,-0.6907036388821421,-0.008298802814695066
2276,-0.690744779706866,-0.008298802814695066
2277,-0.6909964367273534,-0.008298802814695066
2278,-0.6911434010329908,-0.008298802814695066
2279,-0.6912143672653379,-0.008298802814695066
2280,-0.6917057267411216,-0.008298802814695066
2281,-0.6917435196847912,-0.008298802814695066
2282,-0.6918043384649463,-0.008298802814695066
2283,-0.6920348210748993,-0.008298802814695066
2284,-0.6920985465581306,-0.008298802814695066
2285,-0.6920992836983587,-0.008298802814695066
2286,-0.6922198483339458,-0.008298802814695066
2287,-0.6924148875360804,-0.008298802814695066
2288,-0.6927735540286377,-0.008298802814695066
2289,-0.6927895777215032,-0.008298802814695066
2290,-0.6929631215061574,-0.008298802814695066
2291,-0.6930603481901876,-0.008298802814695066
2292,-0.6934927401045754,-0.008298802814695066
2293,-0.6936943156128049,-0.008298802814695066
2294,-0.693815244251407,-0.008298802814695066
2295,-0.6941128077460802,-0.008298802814695066
2296,-0.6943866705376655,-0.008298802814695066
2297,-0.6947718854414967,-0.008298802814695066
2298,-0.6949331751937304,-0.008298802814695066
2299,-0.6958485241572215,-0.008298802814695066
2300,-0.6960513665218057,-0.008298802814695066
2301,-0.6962057781211612,-0.008298802814695066
2302,-0.6962715821189811,-0.008298802814695066
2303,-0.6966951724020751,-0.008298802814695066
2304,-0.6967921801666996,-0.008298802814695066
2305,-0.6973539676144556,-0.008298802814695066
2306,-0.6974668104307138,-0.008298802814695066
2307,-0.6974846031076324,-0.008298802814695066
2308,-0.6978316185584472,-0.008298802814695066
2309,-0.6984546437769186,-0.008298802814695066
2310,-0.6985113860081236,-0.008298802814695066
2311,-0.6985206836132685,-0.008298802814695066
2312,-0.6990004329067906,-0.008298802814695066
2313,-0.6991322740760615,-0.008298802814695066
2314,-0.6998293538597687,-0.008298802814695066
2315,-0.7011949466954015,-0.008298802814695066
2316,-0.7012233453227752,-0.008298802814695066
2317,-0.7013177679160918,-0.008298802814695066
2318,-0.7013437526710719,-0.008298802814695066
2319,-0.7021232325912139,-0.008298802814695066
2320,-0.7022012826939302,-0.008298802814695066
2321,-0.7024818472297618,-0.008298802814695066
2322,-0.7025455799294373,-0.008298802814695066
2323,-0.7029460430308763,-0.008298802814695066
2324,-0.70320690627357,-0.008298802814695066
2325,-0.7036314045709485,-0.008298802814695066
2326,-0.7036494223285669,-0.008298802814695066
2327,-0.7038990147714864,-0.008298802814695066
2328,-0.7040063685990916,-0.008298802814695066
2329,-0.7042110935428612,-0.008298802814695066
2330,-0.7042988239422459,-0.008298802814695066
2331,-0.7048364892858733,-0.008298802814695066
2332,-0.7050458959259668,-0.008298802814695066
2333,-0.7052854431191008,-0.008298802814695066
2334,-0.7055521096961179,-0.008298802814695066
2335,-0.7056075910891059,-0.008298802814695066
2336,-0.705922051726602,-0.008298802814695066
2337,-0.7060837930443287,-0.008298802814695066
2338,-0.7062325687598054,-0.008298802814695066
2339,-0.7064686521109473,-0.008298802814695066
2340,-0.7071035965057872,-0.008298802814695066
2341,-0.7072619281532007,-0.008298802814695066
2342,-0.7075738765201205,-0.008298802814695066
2343,-0.7076884890296848,-0.008298802814695066
2344,-0.7079732748507659,-0.008298802814695066
2345,-0.7086796838235541,-0.008298802814695066
2346,-0.7087759628788616,-0.008298802814695066
2347,-0.7089398680057056,-0.008298802814695066
2348,-0.7096009724552654,-0.008298802814695066
2349,-0.7098418599052156,-0.008298802814695066
2350,-0.7101820489486229,-0.008298802814695066
2351,-0.7101890390932483,-0.008298802814695066
2352,-0.7111014225149848,-0.008298802814695066
2353,-0.7112130503111604,-0.008298802814695066
2354,-0.7113598407962253,-0.008298802814695066
2355,-0.7114827481338568,-0.008298802814695066
2356,-0.7115341502541502,-0.008298802814695066
2357,-0.7118712140791651,-0.008298802814695066
2358,-0.7122216363874203,-0.008298802814695066
2359,-0.7123753984759961,-0.008298802814695066
2360,-0.7124330359867543,-0.008298802814695066
2361,-0.7125786853443579,-0.008298802814695066
2362,-0.7131844753297294,-0.008298802814695066
2363,-0.7133360820305139,-0.008298802814695066
2364,-0.7134290599696318,-0.008298802814695066
2365,-0.7134772312248965,-0.008298802814695066
2366,-0.7142268912867271,-0.008298802814695066
2367,-0.7142420013399517,-0.008298802814695066
2368,-0.7144314929893874,-0.008298802814695066
2369,-0.7144749846144938,-0.008298802814695066
2370,-0.7153438541723496,-0.008298802814695066
2371,-0.7153923762384631,-0.008298802814695066
2372,-0.7164377281052109,-0.008298802814695066
2373,-0.716667640011423,-0.008298802814695066
2374,-0.7167869786454717,-0.008298802814695066
2375,-0.7169195337029088,-0.008298802814695066
2376,-0.7174106940401188,-0.008298802814695066
2377,-0.7179826492384764,-0.008298802814695066
2378,-0.7182631320670729,-0.008298802814695066
2379,-0.718436421720921,-0.008298802814695066
2380,-0.7185474033642746,-0.008298802814695066
2381,-0.7185543356801889,-0.008298802814695066
2382,-0.7185985398195198,-0.008298802814695066
2383,-0.71924700757439,-0.008298802814695066
2384,-0.7196587383787125,-0.008298802814695066
2385,-0.7196876300841233,-0.008298802814695066
2386,-0.7200032193657969,-0.008298802814695066
2387,-0.7201430234085379,-0.008298802814695066
2388,-0.7203536264938429,-0.008298802814695066
2389,-0.7209862156589201,-0.008298802814695066
2390,-0.7212419102952433,-0.008298802814695066
2391,-0.7213891839615028,-0.008298802814695066
2392,-0.7216142893485469,-0.008298802814695066
2393,-0.7219636489602708,-0.008298802814695066
2394,-0.7221532271604608,-0.008298802814695066
2395,-0.7227781431119871,-0.008298802814695066
2396,-0.7230247212890225,-0.008298802814695066
2397,-0.7230586531097525,-0.008298802814695066
2398,-0.723275341618242,-0.008298802814695066
2399,-0.7234886733071589,-0.008298802814695066
2400,-0.724541365207222,-0.008298802814695066
2401,-0.7247642234770525,-0.008298802814695066
2402,-0.7249441627251468,-0.008298802814695066
2403,-0.7251506981423154,-0.008298802814695066
2404,-0.7252556765452997,-0.008298802814695066
2405,-0.7256695906024593,-0.008298802814695066
2406,-0.7260844319233913,-0.008298802814695066
2407,-0.726102638380152,-0.008298802814695066
2408,-0.7263666747123405,-0.008298802814695066
2409,-0.7264800269529976,-0.008298802814695066
2410,-0.7264918915053583,-0.008298802814695066
2411,-0.7265282809483316,-0.008298802814695066
2412,-0.7267431186951999,-0.008298802814695066
2413,-0.7268746665079912,-0.008298802814695066
2414,-0.7279421744823044,-0.008298802814695066
2415,-0.7283367199527853,-0.008298802814695066
2416,-0.7283567330179109,-0.008298802814695066
2417,-0.7285797699558421,-0.008298802814695066
2418,-0.7288028180451359,-0.008298802814695066
2419,-0.7289120665378644,-0.008298802814695066
2420,-0.72909559128096,-0.008298802814695066
2421,-0.7291183568832416,-0.008298802814695066
2422,-0.7292149944146712,-0.008298802814695066
2423,-0.7292838204960472,-0.008298802814695066
2424,-0.729369615115973,-0.008298802814695066
2425,-0.7298831861229698,-0.008298802814695066
2426,-0.7301403829473545,-0.008298802814695066
2427,-0.7301461143831247,-0.008298802814695066
2428,-0.7304739705311057,-0.008298802814695066
2429,-0.7307545204874628,-0.008298802814695066
2430,-0.7307715783589709,-0.008298802814695066
2431,-0.7312245602689547,-0.008298802814695066
2432,-0.7312834093756455,-0.008298802814695066
2433,-0.7315758201557756,-0.008298802814695066
2434,-0.7315886204166939,-0.008298802814695066
2435,-0.7316672515040786,-0.008298802814695066
2436,-0.7318117785154017,-0.008298802814695066
2437,-0.732175372332869,-0.008298802814695066
2438,-0.732201939825359,-0.008298802814695066
2439,-0.7325850902596411,-0.008298802814695066
2440,-0.7326287573247492,-0.008298802814695066
2441,-0.7329319389075717,-0.008298802814695066
2442,-0.733240614445954,-0.008298802814695066
2443,-0.7333480563171223,-0.008298802814695066
2444,-0.7334949975113737,-0.008298802814695066
2445,-0.7336145975686951,-0.008298802814695066
2446,-0.734518000324466,-0.008298802814695066
2447,-0.7350814496868668,-0.008298802814695066
2448,-0.7355369427528069,-0.008298802814695066
2449,-0.7358015048375854,-0.008298802814695066
2450,-0.735820251743423,-0.008298802814695066
2451,-0.7363077443613085,-0.008298802814695066
2452,-0.7363148790304763,-0.008298802814695066
2453,-0.7366404576669698,-0.008298802814695066
2454,-0.7366772453457907,-0.008298802814695066
2455,-0.736732657039415,-0.008298802814695066
2456,-0.7368488695557953,-0.008298802814695066
2457,-0.7372500479944679,-0.008298802814695066
2458,-0.7374786159981908,-0.008298802814695066
2459,-0.7377970255795772,-0.008298802814695066
2460,-0.7380008663351139,-0.008298802814695066
2461,-0.7382254584217115,-0.008298802814695066
2462,-0.7388005346972754,-0.008298802814695066
2463,-0.7388355845481038,-0.008298802814695066
2464,-0.7391927107619793,-0.008298802814695066
2465,-0.7392302922719035,-0.008298802814695066
2466,-0.7393373200294235,-0.008298802814695066
2467,-0.739762115773006,-0.008298802814695066
2468,-0.7406069076303183,-0.008298802814695066
2469,-0.7409120087171814,-0.008298802814695066
2470,-0.7410572919489874,-0.008298802814695066
2471,-0.7414559168428222,-0.008298802814695066
2472,-0.7417026641232185,-0.008298802814695066
2473,-0.7419101777570627,-0.008298802814695066
2474,-0.7420435643382421,-0.008298802814695066
2475,-0.7424610577416931,-0.008298802814695066
2476,-0.7426219620273407,-0.008298802814695066
2477,-0.7433696212558387,-0.008298802814695066
2478,-0.7438082786255785,-0.008298802814695066
2479,-0.743883149644862,-0.008298802814695066
2480,-0.7439710277141277,-0.008298802814695066
2481,-0.7439996453270213,-0.008298802814695066
2482,-0.7442216816185755,-0.008298802814695066
2483,-0.7444497809519619,-0.008298802814695066
2484,-0.7451004384492406,-0.008298802814695066
2485,-0.745150704312434,-0.008298802814695066
2486,-0.7461718916755473,-0.008298802814695066
2487,-0.746271890938871,-0.008298802814695066
2488,-0.7464184084271808,-0.008298802814695066
2489,-0.746865501511482,-0.008298802814695066
2490,-0.7478406397537302,-0.008298802814695066
2491,-0.7479672710940621,-0.008298802814695066
2492,-0.7482191773549345,-0.008298802814695066
2493,-0.7483121828568321,-0.008298802814695066
2494,-0.748505580149851,-0.008298802814695066
2495,-0.7487856969019939,-0.008298802814695066
2496,-0.7488263872930927,-0.008298802814695066
2497,-0.7488413922226693,-0.008298802814695066
2498,-0.7491378669128401,-0.008298802814695066
2499,-0.7493274804608813,-0.008298802814695066
2500,-0.7494106753460181,-0.008298802814695066
2501,-0.7494182155003908,-0.008298802814695066
2502,-0.7496561593942059,-0.008298802814695066
2503,-0.7497270433347811,-0.008298802814695066
2504,-0.7499382570399461,-0.008298802814695066
2505,-0.749969636278065,-0.008298802814695066
2506,-0.7501847767251127,-0.008298802814695066
2507,-0.7502493993340138,-0.008298802814695066
2508,-0.7504316113389693,-0.008298802814695066
2509,-0.7506689138490055,-0.008298802814695066
2510,-0.751080277249901,-0.008298802814695066
2511,-0.7512733362449022,-0.008298802814695066
2512,-0.7512935498550326,-0.008298802814695066
2513,-0.7514668239691512,-0.008298802814695066
2514,-0.7518916573697696,-0.008298802814695066
2515,-0.751934429716804,-0.008298802814695066
2516,-0.7521477428736416,-0.008298802814695066
2517,-0.7521999121071185,-0.008298802814695066
2518,-0.7523094309313977,-0.008298802814695066
2519,-0.7523470439560844,-0.008298802814695066
2520,-0.7529990050551283,-0.008298802814695066
2521,-0.7532953985882509,-0.008298802814695066
2522,-0.7535325042138346,-0.008298802814695066
2523,-0.7535759695459696,-0.008298802814695066
2524,-0.7537694860741769,-0.008298802814695066
2525,-0.7540061292860285,-0.008298802814695066
2526,-0.7540768940403184,-0.008298802814695066
2527,-0.7542946512027752,-0.008298802814695066
2528,-0.7545617968185798,-0.008298802814695066
2529,-0.7547929430472692,-0.008298802814695066
2530,-0.7550395039858746,-0.008298802814695066
2531,-0.755603859001181,-0.008298802814695066
2532,-0.7560527130610546,-0.008298802814695066
2533,-0.7563220522761712,-0.008298802814695066
2534,-0.7564529042935295,-0.008298802814695066
2535,-0.7564691433227269,-0.008298802814695066
2536,-0.7565002169773869,-0.008298802814695066
2537,-0.7566315561539882,-0.008298802814695066
2538,-0.7567000034069629,-0.008298802814695066
2539,-0.7567908265143268,-0.008298802814695066
2540,-0.7573821096720603,-0.008298802814695066
2541,-0.7574838993996669,-0.008298802814695066
2542,-0.757689694213049,-0.008298802814695066
2543,-0.7579409229127456,-0.008298802814695066
2544,-0.7580255305169032,-0.008298802814695066
2545,-0.7581936837891627,-0.008298802814695066
2546,-0.7583206340749614,-0.008298802814695066
2547,-0.7585794365391956,-0.008298802814695066
2548,-0.7585883871735196,-0.008298802814695066
2549,-0.7587117412120243,-0.008298802814695066
2550,-0.7587161004869539,-0.008298802814695066
2551,-0.7591106342226129,-0.008298802814695066
2552,-0.7605092013014298,-0.008298802814695066
2553,-0.7610007511006818,-0.008298802814695066
2554,-0.7611432927883248,-0.008298802814695066
2555,-0.761361750130156,-0.008298802814695066
2556,-0.7616638673173651,-0.008298802814695066
2557,-0.7617131794621184,-0.008298802814695066
2558,-0.7622079607443976,-0.008298802814695066
2559,-0.7625836127426938,-0.008298802814695066
2560,-0.7629397112393463,-0.008298802814695066
2561,-0.7631912677921203,-0.008298802814695066
2562,-0.7632127939081428,-0.008298802814695066
2563,-0.7640678628372584,-0.008298802814695066
2564,-0.7641057233026016,-0.008298802814695066
2565,-0.7642076296983948,-0.008298802814695066
2566,-0.7649841395702386,-0.008298802814695066
2567,-0.7654556543026152,-0.008298802814695066
2568,-0.7656032094575913,-0.008298802814695066
2569,-0.7656907301929625,-0.008298802814695066
2570,-0.7659412378959725,-0.008298802814695066
2571,-0.7667273291216059,-0.008298802814695066
2572,-0.7667413973849956,-0.008298802814695066
2573,-0.7669968291516269,-0.008298802814695066
2574,-0.767370901750935,-0.008298802814695066
2575,-0.7676175664036721,-0.008298802814695066
2576,-0.7677852434210802,-0.008298802814695066
2577,-0.7686958769736985,-0.008298802814695066
2578,-0.7689157751800775,-0.008298802814695066
2579,-0.7689345475052638,-0.008298802814695066
2580,-0.7689669781501811,-0.008298802814695066
2581,-0.7689893035999295,-0.008298802814695066
2582,-0.7692691951299513,-0.008298802814695066
2583,-0.7694430359334569,-0.008298802814695066
2584,-0.7697219530566903,-0.008298802814695066
2585,-0.7701449379375948,-0.008298802814695066
2586,-0.7708755418492736,-0.008298802814695066
2587,-0.7715700389757747,-0.008298802814695066
2588,-0.7715723505893011,-0.008298802814695066
2589,-0.7718593471867237,-0.008298802814695066
2590,-0.7720920439697019,-0.008298802814695066
2591,-0.7723527255720266,-0.008298802814695066
2592,-0.7733281411610908,-0.008298802814695066
2593,-0.7736446056369723,-0.008298802814695066
2594,-0.7737572988779449,-0.008298802814695066
2595,-0.7737648188512757,-0.008298802814695066
2596,-0.7749619522375171,-0.008298802814695066
2597,-0.7751496615991199,-0.008298802814695066
2598,-0.7757433591906548,-0.008298802814695066
2599,-0.7758739195279313,-0.008298802814695066
2600,-0.7759358799529882,-0.008298802814695066
2601,-0.7759491533339982,-0.008298802814695066
2602,-0.7760138037331761,-0.008298802814695066
2603,-0.7763208195592292,-0.008298802814695066
2604,-0.7764730960859973,-0.008298802814695066
2605,-0.7765172622871281,-0.008298802814695066
2606,-0.7775447652123254,-0.008298802814695066
2607,-0.778039455074674,-0.008298802814695066
2608,-0.7780634049114593,-0.008298802814695066
2609,-0.7786544328146807,-0.008298802814695066
2610,-0.7788341952047206,-0.008298802814695066
2611,-0.7790308301428338,-0.008298802814695066
2612,-0.7797017637583457,-0.008298802814695066
2613,-0.7799432241451993,-0.008298802814695066
2614,-0.7802855783512875,-0.008298802814695066
2615,-0.7804566637124644,-0.008298802814695066
2616,-0.7806204143908014,-0.008298802814695066
2617,-0.7808550917286893,-0.008298802814695066
2618,-0.7809393067890754,-0.008298802814695066
2619,-0.7814504260888692,-0.008298802814695066
2620,-0.7821247234602513,-0.008298802814695066
2621,-0.7824057772879724,-0.008298802814695066
2622,-0.782825696789054,-0.008298802814695066
2623,-0.7829880666330225,-0.008298802814695066
2624,-0.784687901249639,-0.008298802814695066
2625,-0.7852274474488803,-0.008298802814695066
2626,-0.7854906229756998,-0.008298802814695066
2627,-0.7856637672894135,-0.008298802814695066
2628,-0.7860225439362456,-0.008298802814695066
2629,-0.7862459500980064,-0.008298802814695066
2630,-0.786871574297803,-0.008298802814695066
2631,-0.7873904657107622,-0.008298802814695066
2632,-0.7874002135546583,-0.008298802814695066
2633,-0.7874277577076989,-0.008298802814695066
2634,-0.7874364739936983,-0.008298802814695066
2635,-0.7879809853441448,-0.008298802814695066
2636,-0.7880431647205981,-0.008298802814695066
2637,-0.7882119935756347,-0.008298802814695066
2638,-0.7882791401673308,-0.008298802814695066
2639,-0.7885727727684851,-0.008298802814695066
2640,-0.7886916687315839,-0.008298802814695066
2641,-0.7889169274155982,-0.008298802814695066
2642,-0.7889376963632155,-0.008298802814695066
2643,-0.788951688364439,-0.008298802814695066
2644,-0.7890012292558264,-0.008298802814695066
2645,-0.7894435518932834,-0.008298802814695066
2646,-0.7896443933941354,-0.008298802814695066
2647,-0.7897145346965102,-0.008298802814695066
2648,-0.789885316520045,-0.008298802814695066
2649,-0.7901007088299966,-0.008298802814695066
2650,-0.7904453383313754,-0.008298802814695066
2651,-0.7906964127625359,-0.008298802814695066
2652,-0.7913404069656903,-0.008298802814695066
2653,-0.791509811638487,-0.008298802814695066
2654,-0.7916308025042871,-0.008298802814695066
2655,-0.7924919274619397,-0.008298802814695066
2656,-0.7926157337823134,-0.008298802814695066
2657,-0.7934321870643508,-0.008298802814695066
2658,-0.7934653449363145,-0.008298802814695066
2659,-0.7935010860093122,-0.008298802814695066
2660,-0.7935479440073551,-0.008298802814695066
2661,-0.7938828557493707,-0.008298802814695066
2662,-0.794000794802664,-0.008298802814695066
2663,-0.7948138101269042,-0.008298802814695066
2664,-0.7948986243123367,-0.008298802814695066
2665,-0.7953022070690068,-0.008298802814695066
2666,-0.7957736607526655,-0.008298802814695066
2667,-0.7958314588705405,-0.008298802814695066
2668,-0.7958468748321439,-0.008298802814695066
2669,-0.7959217049679379,-0.008298802814695066
2670,-0.796011232119091,-0.008298802814695066
2671,-0.7960358772100613,-0.008298802814695066
2672,-0.7964274644326979,-0.008298802814695066
2673,-0.7964763629480913,-0.008298802814695066
2674,-0.7966658175407155,-0.008298802814695066
2675,-0.7967249148859106,-0.008298802814695066
2676,-0.7974214255247927,-0.008298802814695066
2677,-0.7976323569711025,-0.008298802814695066
2678,-0.7977761271722686,-0.008298802814695066
2679,-0.7979921149786546,-0.008298802814695066
2680,-0.7982839415757312,-0.008298802814695066
2681,-0.7985879818765493,-0.008298802814695066
2682,-0.7987771832323826,-0.008298802814695066
2683,-0.7988451090837229,-0.008298802814695066
2684,-0.799750577817131,-0.008298802814695066
2685,-0.7997679118677693,-0.008298802814695066
2686,-0.7998484912920629,-0.008298802814695066
2687,-0.8002963764923149,-0.008298802814695066
2688,-0.8003872831234098,-0.008298802814695066
2689,-0.8005255204226007,-0.008298802814695066
2690,-0.8005845686715691,-0.008298802814695066
2691,-0.8011009667000323,-0.008298802814695066
2692,-0.8011598614940989,-0.008298802814695066
2693,-0.8031564841359563,-0.008298802814695066
2694,-0.803161108900291,-0.008298802814695066
2695,-0.8031768066515015,-0.008298802814695066
2696,-0.8037061520515772,-0.008298802814695066
2697,-0.8039126661652465,-0.008298802814695066
2698,-0.8043969484910323,-0.008298802814695066
2699,-0.8044554814021301,-0.008298802814695066
2700,-0.8049898861170957,-0.008298802814695066
2701,-0.805372038981391,-0.008298802814695066
2702,-0.8059285247538012,-0.008298802814695066
2703,-0.8086176545724579,-0.008298802814695066
2704,-0.8093337019550092,-0.008298802814695066
2705,-0.8097592004060932,-0.008298802814695066
2706,-0.80991482547746,-0.008298802814695066
2707,-0.8105313074468714,-0.008298802814695066
2708,-0.8107663908622219,-0.008298802814695066
2709,-0.8110858112468857,-0.008298802814695066
2710,-0.8111731167948226,-0.008298802814695066
2711,-0.8116139183663494,-0.008298802814695066
2712,-0.8119220858775962,-0.008298802814695066
2713,-0.812034495579514,-0.008298802814695066
2714,-0.8122099151753912,-0.008298802814695066
2715,-0.812422022056027,-0.008298802814695066
2716,-0.812928954883686,-0.008298802814695066
2717,-0.8129309644195849,-0.008298802814695066
2718,-0.8136204705628223,-0.008298802814695066
2719,-0.8137621355860019,-0.008298802814695066
2720,-0.8141107314819989,-0.008298802814695066
2721,-0.8141211277399034,-0.008298802814695066
2722,-0.8143946719535375,-0.008298802814695066
2723,-0.8145829328483539,-0.008298802814695066
2724,-0.8146229101874825,-0.008298802814695066
2725,-0.8149151503602987,-0.008298802814695066
2726,-0.8156487659289942,-0.008298802814695066
2727,-0.8156977048994922,-0.008298802814695066
2728,-0.8157217602268886,-0.008298802814695066
2729,-0.8157394063443193,-0.008298802814695066
2730,-0.8157729021542828,-0.008298802814695066
2731,-0.8159394860996245,-0.008298802814695066
2732,-0.8159740402311477,-0.008298802814695066
2733,-0.816073439579654,-0.008298802814695066
2734,-0.8166328469943883,-0.008298802814695066
2735,-0.8170049320692923,-0.008298802814695066
2736,-0.8171436112120707,-0.008298802814695066
2737,-0.8176640321504597,-0.008298802814695066
2738,-0.8185652031263874,-0.008298802814695066
2739,-0.818707937270412,-0.008298802814695066
2740,-0.8187668121079472,-0.008298802814695066
2741,-0.8187729673413751,-0.008298802814695066
2742,-0.8188963503691236,-0.008298802814695066
2743,-0.8191538558404914,-0.008298802814695066
2744,-0.8195834224590246,-0.008298802814695066
2745,-0.8202108778341036,-0.008298802814695066
2746,-0.820226187960372,-0.008298802814695066
2747,-0.820508427303573,-0.008298802814695066
2748,-0.8220036913689273,-0.008298802814695066
2749,-0.8221091844488411,-0.008298802814695066
2750,-0.822406567952263,-0.008298802814695066
2751,-0.8224462211607455,-0.008298802814695066
2752,-0.8225865645630758,-0.008298802814695066
2753,-0.8225879990990379,-0.008298802814695066
2754,-0.8226753503374289,-0.008298802814695066
2755,-0.8232137510998883,-0.008298802814695066
2756,-0.8234086863823558,-0.008298802814695066
2757,-0.8234817006554533,-0.008298802814695066
2758,-0.8248730193379279,-0.008298802814695066
2759,-0.8249063425372694,-0.008298802814695066
2760,-0.8250465237607472,-0.008298802814695066
2761,-0.8250797733357863,-0.008298802814695066
2762,-0.8251308896450051,-0.008298802814695066
2763,-0.8254042090131584,-0.008298802814695066
2764,-0.8255204724776513,-0.008298802814695066
2765,-0.8256872463858387,-0.008298802814695066
2766,-0.8257571907093624,-0.008298802814695066
2767,-0.8260581101602136,-0.008298802814695066
2768,-0.8262302134008757,-0.008298802814695066
2769,-0.8263118214411513,-0.008298802814695066
2770,-0.8263351296970096,-0.008298802814695066
2771,-0.8264990262785293,-0.008298802814695066
2772,-0.8265283273344003,-0.008298802814695066
2773,-0.82667380026679,-0.008298802814695066
2774,-0.8268659833991697,-0.008298802814695066
2775,-0.8270935706314144,-0.008298802814695066
2776,-0.8271014841315261,-0.008298802814695066
2777,-0.8275956657566265,-0.008298802814695066
2778,-0.8279249199391201,-0.008298802814695066
2779,-0.8284655738000204,-0.008298802814695066
2780,-0.828715182331448,-0.008298802814695066
2781,-0.8291731033046645,-0.008298802814695066
2782,-0.8291843644858263,-0.008298802814695066
2783,-0.8292108038910072,-0.008298802814695066
2784,-0.8296150037260597,-0.008298802814695066
2785,-0.8296326857713388,-0.008298802814695066
2786,-0.8299721417882766,-0.008298802814695066
2787,-0.8300293280707003,-0.008298802814695066
2788,-0.830363839648049,-0.008298802814695066
2789,-0.8306319678956834,-0.008298802814695066
2790,-0.8311217808724088,-0.008298802814695066
2791,-0.831133841395482,-0.008298802814695066
2792,-0.8317355379889667,-0.008298802814695066
2793,-0.8323823977511293,-0.008298802814695066
2794,-0.8326003525705041,-0.008298802814695066
2795,-0.8327974352557048,-0.008298802814695066
2796,-0.8332597728837681,-0.008298802814695066
2797,-0.8333708986211932,-0.008298802814695066
2798,-0.8341271077653536,-0.008298802814695066
2799,-0.8341921374974947,-0.008298802814695066
2800,-0.8353093621648,-0.008298802814695066
2801,-0.835313103900266,-0.008298802814695066
2802,-0.8353319128335935,-0.008298802814695066
2803,-0.8354113593756647,-0.008298802814695066
2804,-0.8356135612517954,-0.008298802814695066
2805,-0.8361546237039521,-0.008298802814695066
2806,-0.8363982219246521,-0.008298802814695066
2807,-0.836587472630645,-0.008298802814695066
2808,-0.8367143363669622,-0.008298802814695066
2809,-0.8368201162191594,-0.008298802814695066
2810,-0.836888820470336,-0.008298802814695066
2811,-0.8375483617647312,-0.008298802814695066
2812,-0.8377722798158811,-0.008298802814695066
2813,-0.8378009065714923,-0.008298802814695066
2814,-0.837935632290534,-0.008298802814695066
2815,-0.8380406875545213,-0.008298802814695066
2816,-0.8380659846295275,-0.008298802814695066
2817,-0.8394553972248606,-0.008298802814695066
2818,-0.839786493958416,-0.008298802814695066
2819,-0.839824201248888,-0.008298802814695066
2820,-0.8400886753382133,-0.008298802814695066
2821,-0.8402766408906786,-0.008298802814695066
2822,-0.8402887817246367,-0.008298802814695066
2823,-0.8407132175317453,-0.008298802814695066
2824,-0.8409622814808086,-0.008298802814695066
2825,-0.8410566003434015,-0.008298802814695066
2826,-0.8413752666264919,-0.008298802814695066
2827,-0.8414273976089512,-0.008298802814695066
2828,-0.8414666726628024,-0.008298802814695066
2829,-0.8415283412802985,-0.008298802814695066
2830,-0.8417106996180996,-0.008298802814695066
2831,-0.8418135486893716,-0.008298802814695066
2832,-0.8419863293172921,-0.008298802814695066
2833,-0.8420208889346515,-0.008298802814695066
2834,-0.8421046427120333,-0.008298802814695066
2835,-0.8422047385639431,-0.008298802814695066
2836,-0.8423479967019223,-0.008298802814695066
2837,-0.8425215474406698,-0.008298802814695066
2838,-0.8430579865679175,-0.008298802814695066
2839,-0.8431198531181652,-0.008298802814695066
2840,-0.8432930593025438,-0.008298802814695066
2841,-0.8433529971699965,-0.008298802814695066
2842,-0.8433678328994076,-0.008298802814695066
2843,-0.8433753974032256,-0.008298802814695066
2844,-0.843403703859702,-0.008298802814695066
2845,-0.843803536373768,-0.008298802814695066
2846,-0.8439348889238192,-0.008298802814695066
2847,-0.8441687597919258,-0.008298802814695066
2848,-0.84429234317833,-0.008298802814695066
2849,-0.8445602409720061,-0.008298802814695066
2850,-0.8449475576766026,-0.008298802814695066
2851,-0.8450932536155407,-0.008298802814695066
2852,-0.8456460814374496,-0.008298802814695066
2853,-0.845657088553436,-0.008298802814695066
2854,-0.8457040623807068,-0.008298802814695066
2855,-0.847198529679659,-0.008298802814695066
2856,-0.8472602307070141,-0.008298802814695066
2857,-0.8472763192206693,-0.008298802814695066
2858,-0.8477350200844014,-0.008298802814695066
2859,-0.8478391449173439,-0.008298802814695066
2860,-0.847932496662564,-0.008298802814695066
2861,-0.8479674729757932,-0.008298802814695066
2862,-0.849139846639689,-0.008298802814695066
2863,-0.8492023942411475,-0.008298802814695066
2864,-0.8492833383858875,-0.008298802814695066
2865,-0.8494332131465532,-0.008298802814695066
2866,-0.8498592835175315,-0.008298802814695066
2867,-0.8500770926790413,-0.008298802814695066
2868,-0.8505364337346308,-0.008298802814695066
2869,-0.8505620608748724,-0.008298802814695066
2870,-0.8511463594887902,-0.008298802814695066
2871,-0.851258778626673,-0.008298802814695066
2872,-0.8520733492965316,-0.008298802814695066
2873,-0.8522406979529639,-0.008298802814695066
2874,-0.8526869099256833,-0.008298802814695066
2875,-0.8528220865978882,-0.008298802814695066
2876,-0.852867147450832,-0.008298802814695066
2877,-0.8531067976652857,-0.008298802814695066
2878,-0.8533915661916003,-0.008298802814695066
2879,-0.8534108241071561,-0.008298802814695066
2880,-0.8534647042680232,-0.008298802814695066
2881,-0.8555829184722977,-0.008298802814695066
2882,-0.8556054986646,-0.008298802814695066
2883,-0.8556323531751355,-0.008298802814695066
2884,-0.8557500796674661,-0.008298802814695066
2885,-0.8561298444785289,-0.008298802814695066
2886,-0.8561577533023902,-0.008298802814695066
2887,-0.8561741125922725,-0.008298802814695066
2888,-0.8564413033386707,-0.008298802814695066
2889,-0.8564569152711548,-0.008298802814695066
2890,-0.8566763517228232,-0.008298802814695066
2891,-0.8578844982689509,-0.008298802814695066
2892,-0.8580658757941453,-0.008298802814695066
2893,-0.8582847304016601,-0.008298802814695066
2894,-0.8584493067225756,-0.008298802814695066
2895,-0.8584724185035045,-0.008298802814695066
2896,-0.8587784830965651,-0.008298802814695066
2897,-0.8588242192850826,-0.008298802814695066
2898,-0.8591710486515447,-0.008298802814695066
2899,-0.860248695309302,-0.008298802814695066
2900,-0.8605747025724977,-0.008298802814695066
2901,-0.8607016963441763,-0.008298802814695066
2902,-0.8615106323260215,-0.008298802814695066
2903,-0.8616231002118174,-0.008298802814695066
2904,-0.861741059334411,-0.008298802814695066
2905,-0.8618321630061575,-0.008298802814695066
2906,-0.8622238017536541,-0.008298802814695066
2907,-0.8622577111345473,-0.008298802814695066
2908,-0.8622650627607746,-0.008298802814695066
2909,-0.8629125820916823,-0.008298802814695066
2910,-0.8629195129421147,-0.008298802814695066
2911,-0.8630188564434078,-0.008298802814695066
2912,-0.8630731139413206,-0.008298802814695066
2913,-0.8631691468711618,-0.008298802814695066
2914,-0.8636161096880315,-0.008298802814695066
2915,-0.8637873154795328,-0.008298802814695066
2916,-0.8638005577908596,-0.008298802814695066
2917,-0.8641827697980561,-0.008298802814695066
2918,-0.8646171208358194,-0.008298802814695066
2919,-0.8652102950751629,-0.008298802814695066
2920,-0.8657241035578765,-0.008298802814695066
2921,-0.8658780079731997,-0.008298802814695066
2922,-0.8660757108087171,-0.008298802814695066
2923,-0.8661975460569293,-0.008298802814695066
2924,-0.8664523723185986,-0.008298802814695066
2925,-0.8664625560826633,-0.008298802814695066
2926,-0.866809021637796,-0.008298802814695066
2927,-0.8668797430995852,-0.008298802814695066
2928,-0.8670817557795774,-0.008298802814695066
2929,-0.8671865001468932,-0.008298802814695066
2930,-0.8673271172121981,-0.008298802814695066
2931,-0.8676952377908745,-0.008298802814695066
2932,-0.8679598237408289,-0.008298802814695066
2933,-0.8682207036961869,-0.008298802814695066
2934,-0.8689205370322817,-0.008298802814695066
2935,-0.869259185774058,-0.008298802814695066
2936,-0.869565888831092,-0.008298802814695066
2937,-0.8706810948337542,-0.008298802814695066
2938,-0.8707401777941942,-0.008298802814695066
2939,-0.8709460541477716,-0.008298802814695066
2940,-0.8711893174305423,-0.008298802814695066
2941,-0.871580945774111,-0.008298802814695066
2942,-0.8716804616420337,-0.008298802814695066
2943,-0.8718437754220343,-0.008298802814695066
2944,-0.8718487708695941,-0.008298802814695066
2945,-0.871938487978704,-0.008298802814695066
2946,-0.8722003121624043,-0.008298802814695066
2947,-0.8725680253227416,-0.008298802814695066
2948,-0.8728024252024092,-0.008298802814695066
2949,-0.8735045335948042,-0.008298802814695066
2950,-0.8740659961433239,-0.008298802814695066
2951,-0.8751977023096986,-0.008298802814695066
2952,-0.8754680389101752,-0.008298802814695066
2953,-0.8759830295548515,-0.008298802814695066
2954,-0.8760650064834803,-0.008298802814695066
2955,-0.8760929756050391,-0.008298802814695066
2956,-0.8761022938296193,-0.008298802814695066
2957,-0.8764711423603697,-0.008298802814695066
2958,-0.8765467730813437,-0.008298802814695066
2959,-0.8765523472465383,-0.008298802814695066
2960,-0.8767507216606936,-0.008298802814695066
2961,-0.8769400058400417,-0.008298802814695066
2962,-0.8769598041007629,-0.008298802814695066
2963,-0.8772993725911474,-0.008298802814695066
2964,-0.8775301687909386,-0.008298802814695066
2965,-0.8775571135747692,-0.008298802814695066
2966,-0.8778281852307419,-0.008298802814695066
2967,-0.8780010916943297,-0.008298802814695066
2968,-0.8782287576918212,-0.008298802814695066
2969,-0.8788262980205017,-0.008298802814695066
2970,-0.8798755686732544,-0.008298802814695066
2971,-0.881721069518894,-0.008298802814695066
2972,-0.8817763624220067,-0.008298802814695066
2973,-0.8819303789554691,-0.008298802814695066
2974,-0.8819930102767264,-0.008298802814695066
2975,-0.8820910007427638,-0.008298802814695066
2976,-0.8825808520395793,-0.008298802814695066
2977,-0.8825879482290736,-0.008298802814695066
2978,-0.8827404024389123,-0.008298802814695066
2979,-0.8828712320238095,-0.008298802814695066
2980,-0.8830877538332307,-0.008298802814695066
2981,-0.8831006429901331,-0.008298802814695066
2982,-0.8833047255454065,-0.008298802814695066
2983,-0.8835093103099446,-0.008298802814695066
2984,-0.8840428928082213,-0.008298802814695066
2985,-0.8840882995770646,-0.008298802814695066
2986,-0.8842652592613347,-0.008298802814695066
2987,-0.8847360346552675,-0.008298802814695066
2988,-0.8848681325908206,-0.008298802814695066
2989,-0.8852053227593848,-0.008298802814695066
2990,-0.885309058525535,-0.008298802814695066
2991,-0.8857677409111203,-0.008298802814695066
2992,-0.8859127926418573,-0.008298802814695066
2993,-0.8859152411468308,-0.008298802814695066
2994,-0.8859339552789738,-0.008298802814695066
2995,-0.8868068743499682,-0.008298802814695066
2996,-0.8868566469929646,-0.008298802814695066
2997,-0.887056258452919,-0.008298802814695066
2998,-0.887085375599324,-0.008298802814695066
2999,-0.8870856351097367,-0.008298802814695066
3000,-0.8873935847469281,-0.008298802814695066
3001,-0.8874907702516204,-0.008298802814695066
3002,-0.8875397192862522,-0.008298802814695066
3003,-0.8877509871865437,-0.008298802814695066
3004,-0.8881472803742932,-0.008298802814695066
3005,-0.8882514892297951,-0.008298802814695066
3006,-0.8882907115852167,-0.008298802814695066
3007,-0.8887609890577433,-0.008298802814695066
3008,-0.8889229229950277,-0.008298802814695066
3009,-0.8889501031612665,-0.008298802814695066
3010,-0.8892322467909521,-0.008298802814695066
3011,-0.8895095956163925,-0.008298802814695066
3012,-0.8901759143625477,-0.008298802814695066
3013,-0.8903700942937351,-0.008298802814695066
3014,-0.8905385693579384,-0.008298802814695066
3015,-0.8907589542467678,-0.008298802814695066
3016,-0.8914064687913292,-0.008298802814695066
3017,-0.8921411511248016,-0.008298802814695066
3018,-0.8922280747790321,-0.008298802814695066
3019,-0.8923584872814339,-0.008298802814695066
3020,-0.8932957087475762,-0.008298802814695066
3021,-0.8936781912057428,-0.008298802814695066
3022,-0.8943446410190456,-0.008298802814695066
3023,-0.8945514512226276,-0.008298802814695066
3024,-0.894553782508301,-0.008298802814695066
3025,-0.8946933204381775,-0.008298802814695066
3026,-0.8948099349115218,-0.008298802814695066
3027,-0.8949025463763262,-0.008298802814695066
3028,-0.8950275360831573,-0.008298802814695066
3029,-0.8950331898316957,-0.008298802814695066
3030,-0.895186860681241,-0.008298802814695066
3031,-0.8952166555373182,-0.008298802814695066
3032,-0.8957938090514685,-0.008298802814695066
3033,-0.8959328042051764,-0.008298802814695066
3034,-0.8965140833018639,-0.008298802814695066
3035,-0.8966687923887158,-0.008298802814695066
3036,-0.8967105136806387,-0.008298802814695066
3037,-0.8967137913176009,-0.008298802814695066
3038,-0.8968678344646082,-0.008298802814695066
3039,-0.8969662648558311,-0.008298802814695066
3040,-0.8970545962299394,-0.008298802814695066
3041,-0.8971920983865497,-0.008298802814695066
3042,-0.8972172702363792,-0.008298802814695066
3043,-0.8977872779089968,-0.008298802814695066
3044,-0.8979131729478345,-0.008298802814695066
3045,-0.8984893347684444,-0.008298802814695066
3046,-0.8988984482613107,-0.008298802814695066
3047,-0.8990260717997058,-0.008298802814695066
3048,-0.8991537431800973,-0.008298802814695066
3049,-0.8995391963747199,-0.008298802814695066
3050,-0.8996650271937738,-0.008298802814695066
3051,-0.9000063118911938,-0.008298802814695066
3052,-0.9010613856799133,-0.008298802814695066
3053,-0.9013106976982516,-0.008298802814695066
3054,-0.902075537172468,-0.008298802814695066
3055,-0.9022560763586553,-0.008298802814695066
3056,-0.9032587645512334,-0.008298802814695066
3057,-0.9040222003474505,-0.008298802814695066
3058,-0.9042747755015651,-0.008298802814695066
3059,-0.9044675259248078,-0.008298802814695066
3060,-0.9046508080190716,-0.008298802814695066
3061,-0.9048932758807617,-0.008298802814695066
3062,-0.9049045997622358,-0.008298802814695066
3063,-0.9051289571921155,-0.008298802814695066
3064,-0.9051566407019422,-0.008298802814695066
3065,-0.9052666208667188,-0.008298802814695066
3066,-0.905316317401561,-0.008298802814695066
3067,-0.9058546010373506,-0.008298802814695066
3068,-0.9062820130116993,-0.008298802814695066
3069,-0.9063628047657077,-0.008298802814695066
3070,-0.9064904412798768,-0.008298802814695066
3071,-0.9067841676298669,-0.008298802814695066
3072,-0.9074584890108774,-0.008298802814695066
3073,-0.908184200668852,-0.008298802814695066
3074,-0.9084399606182388,-0.008298802814695066
3075,-0.9087072525465978,-0.008298802814695066
3076,-0.9088042187559795,-0.008298802814695066
3077,-0.9096433996236842,-0.008298802814695066
3078,-0.909777394268507,-0.008298802814695066
3079,-0.9098060702391209,-0.008298802814695066
3080,-0.9098670245776004,-0.008298802814695066
3081,-0.9103409820723853,-0.008298802814695066
3082,-0.910524180914231,-0.008298802814695066
3083,-0.9108757751784065,-0.008298802814695066
3084,-0.9114643057395245,-0.008298802814695066
3085,-0.911651799654437,-0.008298802814695066
3086,-0.9117870882076333,-0.008298802814695066
3087,-0.9120177356508166,-0.008298802814695066
3088,-0.9120973411720723,-0.008298802814695066
3089,-0.9122161724232685,-0.008298802814695066
3090,-0.912409326539203,-0.008298802814695066
3091,-0.9125530566728838,-0.008298802814695066
3092,-0.9127016553479878,-0.008298802814695066
3093,-0.9137485224209987,-0.008298802814695066
3094,-0.9140726195021057,-0.008298802814695066
3095,-0.9140871776708205,-0.008298802814695066
3096,-0.915185332644499,-0.008298802814695066
3097,-0.9153834035597055,-0.008298802814695066
3098,-0.9156341804978441,-0.008298802814695066
3099,-0.9157180539180648,-0.008298802814695066
3100,-0.9158458540021833,-0.008298802814695066
3101,-0.9158789525526856,-0.008298802814695066
3102,-0.9159175425387758,-0.008298802814695066
3103,-0.917060910059961,-0.008298802814695066
3104,-0.9173698430947246,-0.008298802814695066
3105,-0.9176350301074687,-0.008298802814695066
3106,-0.9189298358561045,-0.008298802814695066
3107,-0.9189769310519759,-0.008298802814695066
3108,-0.9189953824766719,-0.008298802814695066
3109,-0.9191765807718209,-0.008298802814695066
3110,-0.9192134832177044,-0.008298802814695066
3111,-0.9192254274038809,-0.008298802814695066
3112,-0.9192964160213514,-0.008298802814695066
3113,-0.9193331732370058,-0.008298802814695066
3114,-0.9194115420289074,-0.008298802814695066
3115,-0.9195103662545029,-0.008298802814695066
3116,-0.9196252895303196,-0.008298802814695066
3117,-0.919763334580536,-0.008298802814695066
3118,-0.9201627757389708,-0.008298802814695066
3119,-0.9202636107439044,-0.008298802814695066
3120,-0.920500509153305,-0.008298802814695066
3121,-0.9207160728688966,-0.008298802814695066
3122,-0.9207585143859144,-0.008298802814695066
3123,-0.9207932316951392,-0.008298802814695066
3124,-0.9209589448429665,-0.008298802814695066
3125,-0.9217330020955433,-0.008298802814695066
3126,-0.9218785712503577,-0.008298802814695066
3127,-0.9222205364272024,-0.008298802814695066
3128,-0.9222767422523652,-0.008298802814695066
3129,-0.9226779091721677,-0.008298802814695066
3130,-0.9226920866302396,-0.008298802814695066
3131,-0.9227201131635134,-0.008298802814695066
3132,-0.9227292246354146,-0.008298802814695066
3133,-0.9229434337088199,-0.008298802814695066
3134,-0.9230004640952817,-0.008298802814695066
3135,-0.9230987437820096,-0.008298802814695066
3136,-0.9233499198201697,-0.008298802814695066
3137,-0.9237973335597576,-0.008298802814695066
3138,-0.9238945437612633,-0.008298802814695066
3139,-0.9240398059069803,-0.008298802814695066
3140,-0.9242738189447401,-0.008298802814695066
3141,-0.9243988301009904,-0.008298802814695066
3142,-0.9244616342396808,-0.008298802814695066
3143,-0.9246202276223756,-0.008298802814695066
3144,-0.9246701986494209,-0.008298802814695066
3145,-0.9247870232763581,-0.008298802814695066
3146,-0.925176535061764,-0.008298802814695066
3147,-0.9255336314130622,-0.008298802814695066
3148,-0.9256494078234161,-0.008298802814695066
3149,-0.9262842436627808,-0.008298802814695066
3150,-0.9265026457693943,-0.008298802814695066
3151,-0.9266759107510529,-0.008298802814695066
3152,-0.9267865145397345,-0.008298802814695066
3153,-0.9271793420646115,-0.008298802814695066
3154,-0.9279182683986498,-0.008298802814695066
3155,-0.9280531059807613,-0.008298802814695066
3156,-0.9285478423228639,-0.008298802814695066
3157,-0.9289417886102334,-0.008298802814695066
3158,-0.9289550602430667,-0.008298802814695066
3159,-0.9289792788953263,-0.008298802814695066
3160,-0.9292279152833698,-0.008298802814695066
3161,-0.9293363905111125,-0.008298802814695066
3162,-0.929560074728202,-0.008298802814695066
3163,-0.9300787047989441,-0.008298802814695066
3164,-0.9304211989736243,-0.008298802814695066
3165,-0.9304546287380888,-0.008298802814695066
3166,-0.9304938862212564,-0.008298802814695066
3167,-0.9306168263793553,-0.008298802814695066
3168,-0.9312574888930131,-0.008298802814695066
3169,-0.9315198827193144,-0.008298802814695066
3170,-0.9322071589863485,-0.008298802814695066
3171,-0.932248666579936,-0.008298802814695066
3172,-0.9323366073115542,-0.008298802814695066
3173,-0.9323543784463675,-0.008298802814695066
3174,-0.9325793328376314,-0.008298802814695066
3175,-0.9326757220436641,-0.008298802814695066
3176,-0.9332805789056994,-0.008298802814695066
3177,-0.9333423736338509,-0.008298802814695066
3178,-0.933446588856541,-0.008298802814695066
3179,-0.9336113357727815,-0.008298802814695066
3180,-0.9339019562566713,-0.008298802814695066
3181,-0.9340408169385961,-0.008298802814695066
3182,-0.9341212890691795,-0.008298802814695066
3183,-0.9345572330780502,-0.008298802814695066
3184,-0.9350171895796408,-0.008298802814695066
3185,-0.9350723528345952,-0.008298802814695066
3186,-0.9351584025100063,-0.008298802814695066
3187,-0.9354723194505402,-0.008298802814695066
3188,-0.9354853465500848,-0.008298802814695066
3189,-0.9356774483235175,-0.008298802814695066
3190,-0.9358242082992407,-0.008298802814695066
3191,-0.9358932276327165,-0.008298802814695066
3192,-0.9361406724794066,-0.008298802814695066
3193,-0.9362766491276139,-0.008298802814695066
3194,-0.9363055708596,-0.008298802814695066
3195,-0.9363718239465217,-0.008298802814695066
3196,-0.9364154888869067,-0.008298802814695066
3197,-0.9364933089185674,-0.008298802814695066
3198,-0.9364974490538984,-0.008298802814695066
3199,-0.9365802384952678,-0.008298802814695066
3200,-0.936634620921107,-0.008298802814695066
3201,-0.936990321099158,-0.008298802814695066
3202,-0.9370397084257581,-0.008298802814695066
3203,-0.9370622310250025,-0.008298802814695066
3204,-0.9372963524215235,-0.008298802814695066
3205,-0.9373075762889431,-0.008298802814695066
3206,-0.9377467443367637,-0.008298802814695066
3207,-0.9377589644598003,-0.008298802814695066
3208,-0.9381002121099097,-0.008298802814695066
3209,-0.9381843520382952,-0.008298802814695066
3210,-0.9384241377833542,-0.008298802814695066
3211,-0.9386550744593047,-0.008298802814695066
3212,-0.9393713104224954,-0.008298802814695066
3213,-0.9399339848280406,-0.008298802814695066
3214,-0.9399493285172928,-0.008298802814695066
3215,-0.9403719984587211,-0.008298802814695066
3216,-0.9406233158742385,-0.008298802814695066
3217,-0.9410664697645248,-0.008298802814695066
3218,-0.941203378806629,-0.008298802814695066
3219,-0.9417902809341738,-0.008298802814695066
3220,-0.94196232899341,-0.008298802814695066
3221,-0.9420782760872997,-0.008298802814695066
3222,-0.9422023400670321,-0.008298802814695066
3223,-0.9423096989291799,-0.008298802814695066
3224,-0.9423205461937779,-0.008298802814695066
3225,-0.9428698132372727,-0.008298802814695066
3226,-0.9431580450646148,-0.008298802814695066
3227,-0.9433547700657169,-0.008298802814695066
3228,-0.9436467887434286,-0.008298802814695066
3229,-0.9440124438654344,-0.008298802814695066
3230,-0.9440849762997705,-0.008298802814695066
3231,-0.9444051250562137,-0.008298802814695066
3232,-0.9446509924434532,-0.008298802814695066
3233,-0.9447435719642643,-0.008298802814695066
3234,-0.9447453961015289,-0.008298802814695066
3235,-0.9452071143500982,-0.008298802814695066
3236,-0.9452732777405318,-0.008298802814695066
3237,-0.9452750164382745,-0.008298802814695066
3238,-0.9454867634545661,-0.008298802814695066
3239,-0.94592474542597,-0.008298802814695066
3240,-0.9461851472701106,-0.008298802814695066
3241,-0.9463967349721765,-0.008298802814695066
3242,-0.9464651732557625,-0.008298802814695066
3243,-0.9465787468391365,-0.008298802814695066
3244,-0.946640633346279,-0.008298802814695066
3245,-0.9466432750940073,-0.008298802814695066
3246,-0.9469231356673113,-0.008298802814695066
3247,-0.9472685964906224,-0.008298802814695066
3248,-0.947699489809001,-0.008298802814695066
3249,-0.9477325131070802,-0.008298802814695066
3250,-0.9477326867918278,-0.008298802814695066
3251,-0.9480430866953439,-0.008298802814695066
3252,-0.9483044799435582,-0.008298802814695066
3253,-0.9483077963954715,-0.008298802814695066
3254,-0.9486509664377261,-0.008298802814695066
3255,-0.9488671492400608,-0.008298802814695066
3256,-0.9489249014204659,-0.008298802814695066
3257,-0.9492625200736297,-0.008298802814695066
3258,-0.9497512467545883,-0.008298802814695066
3259,-0.9499153135524425,-0.008298802814695066
3260,-0.9499211614535872,-0.008298802814695066
3261,-0.9500796964705379,-0.008298802814695066
3262,-0.9502015706150344,-0.008298802814695066
3263,-0.9503053717252564,-0.008298802814695066
3264,-0.9503414861799824,-0.008298802814695066
3265,-0.9506086602802766,-0.008298802814695066
3266,-0.9508553148015131,-0.008298802814695066
3267,-0.9509756871705093,-0.008298802814695066
3268,-0.9511691214271135,-0.008298802814695066
3269,-0.9514873786233309,-0.008298802814695066
3270,-0.9524396600232921,-0.008298802814695066
3271,-0.9524941378552638,-0.008298802814695066
3272,-0.9530051007515118,-0.008298802814695066
3273,-0.953719651214795,-0.008298802814695066
3274,-0.9545030092023723,-0.008298802814695066
3275,-0.9548290787014927,-0.008298802814695066
3276,-0.9553662350240499,-0.008298802814695066
3277,-0.9554019507229776,-0.008298802814695066
3278,-0.9557043791964409,-0.008298802814695066
3279,-0.9557956091371256,-0.008298802814695066
3280,-0.9558186435470928,-0.008298802814695066
3281,-0.9558504235503709,-0.008298802814695066
3282,-0.9559930015962202,-0.008298802814695066
3283,-0.9561589582228622,-0.008298802814695066
3284,-0.9570737271903023,-0.008298802814695066
3285,-0.9572273282732837,-0.008298802814695066
3286,-0.9572731084022872,-0.008298802814695066
3287,-0.9573777340291808,-0.008298802814695066
3288,-0.9575766899088781,-0.008298802814695066
3289,-0.9576162821934036,-0.008298802814695066
3290,-0.9579250831162132,-0.008298802814695066
3291,-0.9581754859784607,-0.008298802814695066
3292,-0.9585989066785298,-0.008298802814695066
3293,-0.9586578292925436,-0.008298802814695066
3294,-0.9588152808975694,-0.008298802814695066
3295,-0.9593690333971913,-0.008298802814695066
3296,-0.9594410603874983,-0.008298802814695066
3297,-0.9595768684903626,-0.008298802814695066
3298,-0.9597389030432714,-0.008298802814695066
3299,-0.9610696779535213,-0.008298802814695066
3300,-0.9612594567681019,-0.008298802814695066
3301,-0.9619572832849661,-0.008298802814695066
3302,-0.9624996722383705,-0.008298802814695066
3303,-0.9631674422431848,-0.008298802814695066
3304,-0.963213369865832,-0.008298802814695066
3305,-0.963272289957147,-0.008298802814695066
3306,-0.9636684201118013,-0.008298802814695066
3307,-0.9639093603572169,-0.008298802814695066
3308,-0.964150466998438,-0.008298802814695066
3309,-0.9643809767649751,-0.008298802814695066
3310,-0.9643861377625488,-0.008298802814695066
3311,-0.9646983723234878,-0.008298802814695066
3312,-0.965254253283901,-0.008298802814695066
3313,-0.9655065009258629,-0.008298802814695066
3314,-0.9656613242398313,-0.008298802814695066
3315,-0.9659540760291192,-0.008298802814695066
3316,-0.9662680871129823,-0.008298802814695066
3317,-0.9667547497947084,-0.008298802814695066
3318,-0.9671426342695164,-0.008298802814695066
3319,-0.9672755092072035,-0.008298802814695066
3320,-0.9674570784729499,-0.008298802814695066
3321,-0.967770069273318,-0.008298802814695066
3322,-0.9681321049032438,-0.008298802814695066
3323,-0.968437012036537,-0.008298802814695066
3324,-0.9692339677596182,-0.008298802814695066
3325,-0.9693003110914955,-0.008298802814695066
3326,-0.9693052227848957,-0.008298802814695066
3327,-0.9693085024379592,-0.008298802814695066
3328,-0.9694981154189111,-0.008298802814695066
3329,-0.9696732755479229,-0.008298802814695066
3330,-0.9700140283172232,-0.008298802814695066
3331,-0.9700739940912102,-0.008298802814695066
3332,-0.9701934250172431,-0.008298802814695066
3333,-0.9702685472593187,-0.008298802814695066
3334,-0.9703550877250056,-0.008298802814695066
3335,-0.9703812395443324,-0.008298802814695066
3336,-0.9711142496118561,-0.008298802814695066
3337,-0.9713237555366157,-0.008298802814695066
3338,-0.9715024291449688,-0.008298802814695066
3339,-0.9720267487798855,-0.008298802814695066
3340,-0.9721561079892854,-0.008298802814695066
3341,-0.9721902472741355,-0.008298802814695066
3342,-0.9722384406970374,-0.008298802814695066
3343,-0.9723223748142942,-0.008298802814695066
3344,-0.9728841859968691,-0.008298802814695066
3345,-0.9729344912844186,-0.008298802814695066
3346,-0.9730841400290118,-0.008298802814695066
3347,-0.9735962185666636,-0.008298802814695066
3348,-0.9737750713181252,-0.008298802814695066
3349,-0.9738077058696526,-0.008298802814695066
3350,-0.9741177441398947,-0.008298802814695066
3351,-0.9744895243711275,-0.008298802814695066
3352,-0.9748280760959827,-0.008298802814695066
3353,-0.9755075194809333,-0.008298802814695066
3354,-0.976042488783305,-0.008298802814695066
3355,-0.9765368822283922,-0.008298802814695066
3356,-0.9765868420854444,-0.008298802814695066
3357,-0.9766658765445084,-0.008298802814695066
3358,-0.9768954523792088,-0.008298802814695066
3359,-0.977122977888286,-0.008298802814695066
3360,-0.9772219401732981,-0.008298802814695066
3361,-0.9774333611676804,-0.008298802814695066
3362,-0.9781814479613338,-0.008298802814695066
3363,-0.9783630604363716,-0.008298802814695066
3364,-0.978381117078603,-0.008298802814695066
3365,-0.9789138191807695,-0.008298802814695066
3366,-0.9794738396496663,-0.008298802814695066
3367,-0.9794745708782175,-0.008298802814695066
3368,-0.9797126494303544,-0.008298802814695066
3369,-0.9797438006243936,-0.008298802814695066
3370,-0.9802354647741259,-0.008298802814695066
3371,-0.9804805960291025,-0.008298802814695066
3372,-0.9805826694468216,-0.008298802814695066
3373,-0.9808240026283072,-0.008298802814695066
3374,-0.9808335695375511,-0.008298802814695066
3375,-0.9810494560746796,-0.008298802814695066
3376,-0.9811189539088735,-0.008298802814695066
3377,-0.9814442014809688,-0.008298802814695066
3378,-0.981767281632818,-0.008298802814695066
3379,-0.9820107307875905,-0.008298802814695066
3380,-0.9820571857704963,-0.008298802814695066
3381,-0.9821659555812179,-0.008298802814695066
3382,-0.9826994347545587,-0.008298802814695066
3383,-0.9827607826136762,-0.008298802814695066
3384,-0.9832042409807613,-0.008298802814695066
3385,-0.9836159950973757,-0.008298802814695066
3386,-0.9836394355562195,-0.008298802814695066
3387,-0.9844329399266596,-0.008298802814695066
3388,-0.9847722087214901,-0.008298802814695066
3389,-0.9851025456979549,-0.008298802814695066
3390,-0.9851899273144752,-0.008298802814695066
3391,-0.9854564410992981,-0.008298802814695066
3392,-0.9862777447566002,-0.008298802814695066
3393,-0.9863603942689851,-0.008298802814695066
3394,-0.9864090314353877,-0.008298802814695066
3395,-0.987395983807161,-0.008298802814695066
3396,-0.987614359858136,-0.008298802814695066
3397,-0.9876661245327218,-0.008298802814695066
3398,-0.9882185489382009,-0.008298802814695066
3399,-0.9882571111779551,-0.008298802814695066
3400,-0.9885322909177565,-0.008298802814695066
3401,-0.9885986380162284,-0.008298802814695066
3402,-0.9886862532705702,-0.008298802814695066
3403,-0.9889214383903755,-0.008298802814695066
3404,-0.989004133105038,-0.008298802814695066
3405,-0.989475142130582,-0.008298802814695066
3406,-0.9897326701405431,-0.008298802814695066
3407,-0.9898139184647252,-0.008298802814695066
3408,-0.9903501397616017,-0.008298802814695066
3409,-0.9905863832538152,-0.008298802814695066
3410,-0.9906284571279818,-0.008298802814695066
3411,-0.9916486116705707,-0.008298802814695066
3412,-0.99208716537264,-0.008298802814695066
3413,-0.9921201138970352,-0.008298802814695066
3414,-0.9927412806163429,-0.008298802814695066
3415,-0.9930446519765059,-0.008298802814695066
3416,-0.99310166872155,-0.008298802814695066
3417,-0.9932294105051963,-0.008298802814695066
3418,-0.9932565470493055,-0.008298802814695066
3419,-0.9937837963336569,-0.008298802814695066
3420,-0.9941152235685107,-0.008298802814695066
3421,-0.99436455368985,-0.008298802814695066
3422,-0.9945742662941652,-0.008298802814695066
3423,-0.9947571049053594,-0.008298802814695066
3424,-0.9948512992371294,-0.008298802814695066
3425,-0.9949703888972291,-0.008298802814695066
3426,-0.9954243805130533,-0.008298802814695066
3427,-0.9955242015505918,-0.008298802814695066
3428,-0.9955689780230383,-0.008298802814695066
3429,-0.9955961369449833,-0.008298802814695066
3430,-0.9957932775956759,-0.008298802814695066
3431,-0.9958234784196263,-0.008298802814695066
3432,-0.9966172717143447,-0.008298802814695066
3433,-0.9969727495337551,-0.008298802814695066
3434,-0.9981106459155689,-0.008298802814695066
3435,-0.9988669760398109,-0.008298802814695066
3436,-0.9988788660049711,-0.008298802814695066
3437,-0.9989419494689395,-0.008298802814695066
3438,-0.9992457356874808,-0.008298802814695066
3439,-0.9992901612854164,-0.008298802814695066
3440,-0.9994774400913202,-0.008298802814695066
3441,-0.9994962125486928,-0.008298802814695066
3442,-1.0000898502663869,-0.008298802814695066
3443,-1.0002880933518945,-0.008298802814695066
3444,-1.0005072248662132,-0.008298802814695066
3445,-1.0006595624859533,-0.008298802814695066
3446,-1.000804143068079,-0.008298802814695066
3447,-1.0009305520875604,-0.008298802814695066
3448,-1.000958897964852,-0.008298802814695066
3449,-1.001081616544613,-0.008298802814695066
3450,-1.0017442700466976,-0.008298802814695066
3451,-1.0019068016923445,-0.008298802814695066
3452,-1.0022289856378706,-0.008298802814695066
3453,-1.0024588422579173,-0.008298802814695066
3454,-1.002499412492058,-0.008298802814695066
3455,-1.0028143205825852,-0.008298802814695066
3456,-1.0028502740523424,-0.008298802814695066
3457,-1.0029109724349463,-0.008298802814695066
3458,-1.0033569035518815,-0.008298802814695066
3459,-1.0034709291875097,-0.008298802814695066
3460,-1.0036712608903267,-0.008298802814695066
3461,-1.0041225851602171,-0.008298802814695066
3462,-1.004481548901936,-0.008298802814695066
3463,-1.0049050202327128,-0.008298802814695066
3464,-1.0051948083132394,-0.008298802814695066
3465,-1.0052732454223812,-0.008298802814695066
3466,-1.0053542864943839,-0.008298802814695066
3467,-1.0054222597916214,-0.008298802814695066
3468,-1.0055334920326882,-0.008298802814695066
3469,-1.0065904137366941,-0.008298802814695066
3470,-1.0066910267042006,-0.008298802814695066
3471,-1.0072042421163938,-0.008298802814695066
3472,-1.0075341128107234,-0.008298802814695066
3473,-1.007877330037403,-0.008298802814695066
3474,-1.008391269023291,-0.008298802814695066
3475,-1.0090752214170944,-0.008298802814695066
3476,-1.009212166229028,-0.008298802814695066
3477,-1.0094236809688573,-0.008298802814695066
3478,-1.0096456568788383,-0.008298802814695066
3479,-1.010628043578377,-0.008298802814695066
3480,-1.010646888696746,-0.008298802814695066
3481,-1.0106493009430757,-0.008298802814695066
3482,-1.0107216603875404,-0.008298802814695066
3483,-1.0108693271315268,-0.008298802814695066
3484,-1.0108780580596348,-0.008298802814695066
3485,-1.0109520275504298,-0.008298802814695066
3486,-1.0109662818047662,-0.008298802814695066
3487,-1.0114013509304451,-0.008298802814695066
3488,-1.0114062190204383,-0.008298802814695066
3489,-1.0114215584371724,-0.008298802814695066
3490,-1.011747831934372,-0.008298802814695066
3491,-1.011894577846267,-0.008298802814695066
3492,-1.0123074568321084,-0.008298802814695066
3493,-1.0123124690139436,-0.008298802814695066
3494,-1.0124251976723895,-0.008298802814695066
3495,-1.0124823983474025,-0.008298802814695066
3496,-1.012554086004387,-0.008298802814695066
3497,-1.012621687212657,-0.008298802814695066
3498,-1.012880874858088,-0.008298802814695066
3499,-1.0131135124023989,-0.008298802814695066
3500,-1.0134548952056435,-0.008298802814695066
3501,-1.013641442304785,-0.008298802814695066
3502,-1.0137079797464883,-0.008298802814695066
3503,-1.0138838715481446,-0.008298802814695066
3504,-1.013888340034526,-0.008298802814695066
3505,-1.0142546193535067,-0.008298802814695066
3506,-1.014414087659364,-0.008298802814695066
3507,-1.0152958321767442,-0.008298802814695066
3508,-1.0160304070775548,-0.008298802814695066
3509,-1.0165448255699172,-0.008298802814695066
3510,-1.016561390871418,-0.008298802814695066
3511,-1.0174410520076653,-0.008298802814695066
3512,-1.0174792817960023,-0.008298802814695066
3513,-1.0176504157216841,-0.008298802814695066
3514,-1.0176672554236428,-0.008298802814695066
3515,-1.0177022598527548,-0.008298802814695066
3516,-1.0177807391994154,-0.008298802814695066
3517,-1.0178449069943794,-0.008298802814695066
3518,-1.0178452095270938,-0.008298802814695066
3519,-1.0180077708964888,-0.008298802814695066
3520,-1.0181801120748941,-0.008298802814695066
3521,-1.0185700470862977,-0.008298802814695066
3522,-1.0186007685035798,-0.008298802814695066
3523,-1.0186253226003226,-0.008298802814695066
3524,-1.0190341402910796,-0.008298802814695066
3525,-1.0192287910783135,-0.008298802814695066
3526,-1.0199539801576647,-0.008298802814695066
3527,-1.0199719582945914,-0.008298802814695066
3528,-1.019984107381422,-0.008298802814695066
3529,-1.0200374104684262,-0.008298802814695066
3530,-1.0201687061194846,-0.008298802814695066
3531,-1.020582047445143,-0.008298802814695066
3532,-1.0210251563176094,-0.008298802814695066
3533,-1.0210360008085073,-0.008298802814695066
3534,-1.02111467107467,-0.008298802814695066
3535,-1.0216260961667814,-0.008298802814695066
3536,-1.0216796522377667,-0.008298802814695066
3537,-1.0217164336381077,-0.008298802814695066
3538,-1.0220108026385706,-0.008298802814695066
3539,-1.0220229754813763,-0.008298802814695066
3540,-1.0220511853378513,-0.008298802814695066
3541,-1.0222047450212977,-0.008298802814695066
3542,-1.0223847709673184,-0.008298802814695066
3543,-1.0225764740688834,-0.008298802814695066
3544,-1.0228912182471377,-0.008298802814695066
3545,-1.0229654163420883,-0.008298802814695066
3546,-1.023378425643006,-0.008298802814695066
3547,-1.0235200780291887,-0.008298802814695066
3548,-1.0235306921095146,-0.008298802814695066
3549,-1.0236602001490258,-0.008298802814695066
3550,-1.0241817403394218,-0.008298802814695066
3551,-1.0242284039617304,-0.008298802814695066
3552,-1.0245630798318102,-0.008298802814695066
3553,-1.0248586025989774,-0.008298802814695066
3554,-1.0250292733180613,-0.008298802814695066
3555,-1.025251047909403,-0.008298802814695066
3556,-1.0253704225180245,-0.008298802814695066
3557,-1.025597102659008,-0.008298802814695066
3558,-1.025688650459571,-0.008298802814695066
3559,-1.0262217197486763,-0.008298802814695066
3560,-1.026447922294254,-0.008298802814695066
3561,-1.0265284898495515,-0.008298802814695066
3562,-1.026687593985103,-0.008298802814695066
3563,-1.026791095142878,-0.008298802814695066
3564,-1.0272400828547457,-0.008298802814695066
3565,-1.0272770046279966,-0.008298802814695066
3566,-1.0277519580918921,-0.008298802814695066
3567,-1.0279186704067684,-0.008298802814695066
3568,-1.0280416164699964,-0.008298802814695066
3569,-1.0280767009350265,-0.008298802814695066
3570,-1.0285258529710588,-0.008298802814695066
3571,-1.028680512244823,-0.008298802814695066
3572,-1.0288577218473798,-0.008298802814695066
3573,-1.0289842865941297,-0.008298802814695066
3574,-1.0293810910858572,-0.008298802814695066
3575,-1.0294072088275943,-0.008298802814695066
3576,-1.0295070593383568,-0.008298802814695066
3577,-1.0296691979730386,-0.008298802814695066
3578,-1.029718399690424,-0.008298802814695066
3579,-1.029722744343159,-0.008298802814695066
3580,-1.0297828449247581,-0.008298802814695066
3581,-1.0300196878932537,-0.008298802814695066
3582,-1.030315168801601,-0.008298802814695066
3583,-1.0305428750194312,-0.008298802814695066
3584,-1.0306892376701517,-0.008298802814695066
3585,-1.0307114400354194,-0.008298802814695066
3586,-1.0308483745862003,-0.008298802814695066
3587,-1.0315213407612664,-0.008298802814695066
3588,-1.0315789734497143,-0.008298802814695066
3589,-1.0316457424301473,-0.008298802814695066
3590,-1.031937124876092,-0.008298802814695066
3591,-1.0321005981228277,-0.008298802814695066
3592,-1.0323183881712896,-0.008298802814695066
3593,-1.0324901772080233,-0.008298802814695066
3594,-1.0325891543445849,-0.008298802814695066
3595,-1.0327269883346188,-0.008298802814695066
3596,-1.0327996807585584,-0.008298802814695066
3597,-1.0330528780811359,-0.008298802814695066
3598,-1.0330931844951587,-0.008298802814695066
3599,-1.0332295063243393,-0.008298802814695066
3600,-1.0333441802632826,-0.008298802814695066
3601,-1.0337149667668724,-0.008298802814695066
3602,-1.0337203510333828,-0.008298802814695066
3603,-1.0337431529488323,-0.008298802814695066
3604,-1.0338630522096968,-0.008298802814695066
3605,-1.0338745546219166,-0.008298802814695066
3606,-1.0339591745721788,-0.008298802814695066
3607,-1.0346007424649946,-0.008298802814695066
3608,-1.034988544001358,-0.008298802814695066
3609,-1.0352538679962706,-0.008298802814695066
3610,-1.0352566306260467,-0.008298802814695066
3611,-1.0353789305919512,-0.008298802814695066
3612,-1.035537168479043,-0.008298802814695066
3613,-1.0355591276014364,-0.008298802814695066
3614,-1.0355605633722718,-0.008298802814695066
3615,-1.0356553074127801,-0.008298802814695066
3616,-1.0356748185502505,-0.008298802814695066
3617,-1.0362192786288416,-0.008298802814695066
3618,-1.0362250935392137,-0.008298802814695066
3619,-1.036339165686658,-0.008298802814695066
3620,-1.0366165413886808,-0.008298802814695066
3621,-1.0371353137178903,-0.008298802814695066
3622,-1.0373424515266385,-0.008298802814695066
3623,-1.037477196770382,-0.008298802814695066
3624,-1.0376657717208684,-0.008298802814695066
3625,-1.0378316334706392,-0.008298802814695066
3626,-1.037888125681894,-0.008298802814695066
3627,-1.0380609642722007,-0.008298802814695066
3628,-1.0381194917692067,-0.008298802814695066
3629,-1.0385374499674396,-0.008298802814695066
3630,-1.0388107498900727,-0.008298802814695066
3631,-1.038869581652404,-0.008298802814695066
3632,-1.0389348657007857,-0.008298802814695066
3633,-1.0389640544841179,-0.008298802814695066
3634,-1.0390589318241692,-0.008298802814695066
3635,-1.039098195050983,-0.008298802814695066
3636,-1.0392085983433574,-0.008298802814695066
3637,-1.0392470856390896,-0.008298802814695066
3638,-1.0400817675012421,-0.008298802814695066
3639,-1.0401143491750056,-0.008298802814695066
3640,-1.0407688157742532,-0.008298802814695066
3641,-1.0408443763575206,-0.008298802814695066
3642,-1.040872070855301,-0.008298802814695066
3643,-1.0409710624789623,-0.008298802814695066
3644,-1.0415852537852743,-0.008298802814695066
3645,-1.0420815105238264,-0.008298802814695066
3646,-1.0421099338168425,-0.008298802814695066
3647,-1.0421923747629698,-0.008298802814695066
3648,-1.0422035424546305,-0.008298802814695066
3649,-1.0423856400606795,-0.008298802814695066
3650,-1.043058672044082,-0.008298802814695066
3651,-1.0435766806591602,-0.008298802814695066
3652,-1.0437297115305983,-0.008298802814695066
3653,-1.0438562354591987,-0.008298802814695066
3654,-1.0441496420714913,-0.008298802814695066
3655,-1.044643868622327,-0.008298802814695066
3656,-1.0450276469447393,-0.008298802814695066
3657,-1.0454774407713097,-0.008298802814695066
3658,-1.0455550635202195,-0.008298802814695066
3659,-1.0455682777878557,-0.008298802814695066
3660,-1.045817903289348,-0.008298802814695066
3661,-1.046164288238248,-0.008298802814695066
3662,-1.0462595077129067,-0.008298802814695066
3663,-1.0463191979643476,-0.008298802814695066
3664,-1.046336859113508,-0.008298802814695066
3665,-1.0465381917588612,-0.008298802814695066
3666,-1.046654218255209,-0.008298802814695066
3667,-1.0466885034247628,-0.008298802814695066
3668,-1.0467714999514464,-0.008298802814695066
3669,-1.0468256545323311,-0.008298802814695066
3670,-1.0468421202730784,-0.008298802814695066
3671,-1.0469540976510663,-0.008298802814695066
3672,-1.0469846184850973,-0.008298802814695066
3673,-1.047296892947783,-0.008298802814695066
3674,-1.0475212768600017,-0.008298802814695066
3675,-1.0479890677253252,-0.008298802814695066
3676,-1.048107461053789,-0.008298802814695066
3677,-1.0481455212717365,-0.008298802814695066
3678,-1.0481876456252985,-0.008298802814695066
3679,-1.048193687780797,-0.008298802814695066
3680,-1.0483559622064202,-0.008298802814695066
3681,-1.048518005285683,-0.008298802814695066
3682,-1.0485244601403894,-0.008298802814695066
3683,-1.0485436605226621,-0.008298802814695066
3684,-1.0486436129503294,-0.008298802814695066
3685,-1.0486507587557146,-0.008298802814695066
3686,-1.0487095134477342,-0.008298802814695066
3687,-1.0488834072671995,-0.008298802814695066
3688,-1.0490766658922301,-0.008298802814695066
3689,-1.0492383206961866,-0.008298802814695066
3690,-1.0493989040630298,-0.008298802814695066
3691,-1.049513297480368,-0.008298802814695066
3692,-1.0499233805945498,-0.008298802814695066
3693,-1.0500956717800074,-0.008298802814695066
3694,-1.0502726885451272,-0.008298802814695066
3695,-1.0504532443509635,-0.008298802814695066
3696,-1.0508248066274877,-0.008298802814695066
3697,-1.0510337904174412,-0.008298802814695066
3698,-1.0514075001437908,-0.008298802814695066
3699,-1.0515437126999467,-0.008298802814695066
3700,-1.0516990687843775,-0.008298802814695066
3701,-1.0517146336952394,-0.008298802814695066
3702,-1.0517223730176206,-0.008298802814695066
3703,-1.0517583793526861,-0.008298802814695066
3704,-1.052026793721767,-0.008298802814695066
3705,-1.05231257599998,-0.008298802814695066
3706,-1.0523130314487301,-0.008298802814695066
3707,-1.0523676876171004,-0.008298802814695066
3708,-1.0525118360696333,-0.008298802814695066
3709,-1.0525141382609744,-0.008298802814695066
3710,-1.0527248148912949,-0.008298802814695066
3711,-1.0527736347197394,-0.008298802814695066
3712,-1.0528426357250402,-0.008298802814695066
3713,-1.052938345812855,-0.008298802814695066
3714,-1.0532649483489822,-0.008298802814695066
3715,-1.0535937362331032,-0.008298802814695066
3716,-1.053691617882043,-0.008298802814695066
3717,-1.054002817230238,-0.008298802814695066
3718,-1.0542169933220147,-0.008298802814695066
3719,-1.0543612259481532,-0.008298802814695066
3720,-1.054544046905546,-0.008298802814695066
3721,-1.054554177168086,-0.008298802814695066
3722,-1.0549438807370404,-0.008298802814695066
3723,-1.0550174882264032,-0.008298802814695066
3724,-1.0551769553033696,-0.008298802814695066
3725,-1.0553350017171395,-0.008298802814695066
3726,-1.0553601748472392,-0.008298802814695066
3727,-1.0555015178351412,-0.008298802814695066
3728,-1.0556519427869895,-0.008298802814695066
3729,-1.055656630721234,-0.008298802814695066
3730,-1.0559925395632217,-0.008298802814695066
3731,-1.0561813828123405,-0.008298802814695066
3732,-1.0562436227134702,-0.008298802814695066
3733,-1.0563344654543385,-0.008298802814695066
3734,-1.0568291411510498,-0.008298802814695066
3735,-1.0569576315520302,-0.008298802814695066
3736,-1.0571631930196905,-0.008298802814695066
3737,-1.0572306669966645,-0.008298802814695066
3738,-1.0572846370201863,-0.008298802814695066
3739,-1.057535798471121,-0.008298802814695066
3740,-1.0583251687223079,-0.008298802814695066
3741,-1.0588087592522073,-0.008298802814695066
3742,-1.0588351253183432,-0.008298802814695066
3743,-1.0589776426106008,-0.008298802814695066
3744,-1.0590158352770922,-0.008298802814695066
3745,-1.0592023415226637,-0.008298802814695066
3746,-1.059437836874592,-0.008298802814695066
3747,-1.0596087891961852,-0.008298802814695066
3748,-1.0598636282827507,-0.008298802814695066
3749,-1.0599970348113525,-0.008298802814695066
3750,-1.0600236003331243,-0.008298802814695066
3751,-1.060040867205883,-0.008298802814695066
3752,-1.0600530909455865,-0.008298802814695066
3753,-1.0602645159869981,-0.008298802814695066
3754,-1.060290086732462,-0.008298802814695066
3755,-1.0606410251774592,-0.008298802814695066
3756,-1.0608001686223054,-0.008298802814695066
3757,-1.061087447054918,-0.008298802814695066
3758,-1.0611412490821515,-0.008298802814695066
3759,-1.0612110845482747,-0.008298802814695066
3760,-1.0619336656952847,-0.008298802814695066
3761,-1.0620829567823427,-0.008298802814695066
3762,-1.0625363056928983,-0.008298802814695066
3763,-1.0626818943013179,-0.008298802814695066
3764,-1.0632060206466076,-0.008298802814695066
3765,-1.063243823314936,-0.008298802814695066
3766,-1.0632477571599546,-0.008298802814695066
3767,-1.0633683985763875,-0.008298802814695066
3768,-1.0642000914278706,-0.008298802814695066
3769,-1.064305419575494,-0.008298802814695066
3770,-1.0644096637671026,-0.008298802814695066
3771,-1.0644328507838239,-0.008298802814695066
3772,-1.0646230401671815,-0.008298802814695066
3773,-1.0649627589476407,-0.008298802814695066
3774,-1.0650252976880106,-0.008298802814695066
3775,-1.065059307632616,-0.008298802814695066
3776,-1.0654356627051806,-0.008298802814695066
3777,-1.065691239814413,-0.008298802814695066
3778,-1.0657007621316286,-0.008298802814695066
3779,-1.065762228764772,-0.008298802814695066
3780,-1.066063051143238,-0.008298802814695066
3781,-1.0660745895928305,-0.008298802814695066
3782,-1.0663438539433998,-0.008298802814695066
3783,-1.0663929468272146,-0.008298802814695066
3784,-1.0664814630834076,-0.008298802814695066
3785,-1.0665533766088493,-0.008298802814695066
3786,-1.0666583559679135,-0.008298802814695066
3787,-1.0668646179201386,-0.008298802814695066
3788,-1.0672303737188706,-0.008298802814695066
3789,-1.0673094071434548,-0.008298802814695066
3790,-1.067445727521877,-0.008298802814695066
3791,-1.067675634494871,-0.008298802814695066
3792,-1.0679191141075965,-0.008298802814695066
3793,-1.067949712343375,-0.008298802814695066
3794,-1.0679770048770885,-0.008298802814695066
3795,-1.0679912855956812,-0.008298802814695066
3796,-1.0680735491617244,-0.008298802814695066
3797,-1.0684326537430797,-0.008298802814695066
3798,-1.0684816164396551,-0.008298802814695066
3799,-1.0685455766281253,-0.008298802814695066
3800,-1.0692387707989919,-0.008298802814695066
3801,-1.0696405349452274,-0.008298802814695066
3802,-1.0698676949302734,-0.008298802814695066
3803,-1.0699020201478393,-0.008298802814695066
3804,-1.0699881955937456,-0.008298802814695066
3805,-1.0702037197339702,-0.008298802814695066
3806,-1.0706115301437216,-0.008298802814695066
3807,-1.0706627049100899,-0.008298802814695066
3808,-1.0708511210769827,-0.008298802814695066
3809,-1.0715715899198308,-0.008298802814695066
3810,-1.0719954384904786,-0.008298802814695066
3811,-1.0720549348693762,-0.008298802814695066
3812,-1.0721999462305911,-0.008298802814695066
3813,-1.072264485563089,-0.008298802814695066
3814,-1.0723059335379024,-0.008298802814695066
3815,-1.072353865267994,-0.008298802814695066
3816,-1.0723764759930352,-0.008298802814695066
3817,-1.0724794875021295,-0.008298802814695066
3818,-1.072751612904038,-0.008298802814695066
3819,-1.0729254525502556,-0.008298802814695066
3820,-1.073500482140704,-0.008298802814695066
3821,-1.073606772598708,-0.008298802814695066
3822,-1.0736733524545323,-0.008298802814695066
3823,-1.0736922342245783,-0.008298802814695066
3824,-1.0736957680203585,-0.008298802814695066
3825,-1.073817901622437,-0.008298802814695066
3826,-1.0738890194947057,-0.008298802814695066
3827,-1.0742551141079542,-0.008298802814695066
3828,-1.074598651531614,-0.008298802814695066
3829,-1.0748130084632743,-0.008298802814695066
3830,-1.0752562091330145,-0.008298802814695066
3831,-1.0753018180670653,-0.008298802814695066
3832,-1.0753464109584991,-0.008298802814695066
3833,-1.0759765937581593,-0.008298802814695066
3834,-1.0764897180251323,-0.008298802814695066
3835,-1.0767241153329596,-0.008298802814695066
3836,-1.0770529664038697,-0.008298802814695066
3837,-1.0771949683949582,-0.008298802814695066
3838,-1.0773487030889586,-0.008298802814695066
3839,-1.077507058514016,-0.008298802814695066
3840,-1.0776514160568262,-0.008298802814695066
3841,-1.077778003153249,-0.008298802814695066
3842,-1.0782598007430388,-0.008298802814695066
3843,-1.0785847384427596,-0.008298802814695066
3844,-1.0786373386374817,-0.008298802814695066
3845,-1.0786787530400428,-0.008298802814695066
3846,-1.078920036143638,-0.008298802814695066
3847,-1.0790208591539585,-0.008298802814695066
3848,-1.079118270363118,-0.008298802814695066
3849,-1.0792028661463455,-0.008298802814695066
3850,-1.0793762261501625,-0.008298802814695066
3851,-1.0793789282288766,-0.008298802814695066
3852,-1.0793918344772513,-0.008298802814695066
3853,-1.0796741246681565,-0.008298802814695066
3854,-1.0797668608469564,-0.008298802814695066
3855,-1.0802861753632378,-0.008298802814695066
3856,-1.0803276559954544,-0.008298802814695066
3857,-1.080398903731612,-0.008298802814695066
3858,-1.0804442664650205,-0.008298802814695066
3859,-1.080547564698707,-0.008298802814695066
3860,-1.0806997885773808,-0.008298802814695066
3861,-1.0808758168206836,-0.008298802814695066
3862,-1.0813280139471557,-0.008298802814695066
3863,-1.0815788938483712,-0.008298802814695066
3864,-1.0815858450918912,-0.008298802814695066
3865,-1.0815889953294255,-0.008298802814695066
3866,-1.0820487585187748,-0.008298802814695066
3867,-1.0823617036768383,-0.008298802814695066
3868,-1.0824681510442289,-0.008298802814695066
3869,-1.0827666548305301,-0.008298802814695066
3870,-1.0828047315633385,-0.008298802814695066
3871,-1.0828236441242178,-0.008298802814695066
3872,-1.083018939020317,-0.008298802814695066
3873,-1.083048206872153,-0.008298802814695066
3874,-1.0830844281429135,-0.008298802814695066
3875,-1.0834120734405448,-0.008298802814695066
3876,-1.0834238603373576,-0.008298802814695066
3877,-1.083456427966823,-0.008298802814695066
3878,-1.0837241231156363,-0.008298802814695066
3879,-1.083737078923599,-0.008298802814695066
3880,-1.0837400746790768,-0.008298802814695066
3881,-1.0837465304492084,-0.008298802814695066
3882,-1.0839537481395447,-0.008298802814695066
3883,-1.0840378785423241,-0.008298802814695066
3884,-1.0840743581442398,-0.008298802814695066
3885,-1.0843259149029019,-0.008298802814695066
3886,-1.084397724657428,-0.008298802814695066
3887,-1.084407404850038,-0.008298802814695066
3888,-1.0848584365484932,-0.008298802814695066
3889,-1.0852702467713495,-0.008298802814695066
3890,-1.0853688611456107,-0.008298802814695066
3891,-1.0853769784009017,-0.008298802814695066
3892,-1.0853807716918067,-0.008298802814695066
3893,-1.0854245143261485,-0.008298802814695066
3894,-1.0855172862768603,-0.008298802814695066
3895,-1.0855622528183462,-0.008298802814695066
3896,-1.0856148251721733,-0.008298802814695066
3897,-1.0859458756169198,-0.008298802814695066
3898,-1.08602713433456,-0.008298802814695066
3899,-1.0860283720463992,-0.008298802814695066
3900,-1.0862336634147556,-0.008298802814695066
3901,-1.086416617434737,-0.008298802814695066
3902,-1.0869427492774837,-0.008298802814695066
3903,-1.0870888281505775,-0.008298802814695066
3904,-1.0871393815214412,-0.008298802814695066
3905,-1.087201747833244,-0.008298802814695066
3906,-1.0875362788580591,-0.008298802814695066
3907,-1.0875615913733059,-0.008298802814695066
3908,-1.0876065077714694,-0.008298802814695066
3909,-1.0877631563339039,-0.008298802814695066
3910,-1.0878211611483333,-0.008298802814695066
3911,-1.0879383339376982,-0.008298802814695066
3912,-1.087940994335539,-0.008298802814695066
3913,-1.088016390623857,-0.008298802814695066
3914,-1.0880167117277773,-0.008298802814695066
3915,-1.0885220362927006,-0.008298802814695066
3916,-1.088766188292261,-0.008298802814695066
3917,-1.088967402665137,-0.008298802814695066
3918,-1.0890566935420332,-0.008298802814695066
3919,-1.0890955063161423,-0.008298802814695066
3920,-1.0891756214928026,-0.008298802814695066
3921,-1.0893573915601773,-0.008298802814695066
3922,-1.0895852437032638,-0.008298802814695066
3923,-1.0898632311348675,-0.008298802814695066
3924,-1.090072532717722,-0.008298802814695066
3925,-1.0901026906687563,-0.008298802814695066
3926,-1.0901357539098604,-0.008298802814695066
3927,-1.0902091640652074,-0.008298802814695066
3928,-1.090483821509174,-0.008298802814695066
3929,-1.0905880920895519,-0.008298802814695066
3930,-1.0909139555106298,-0.008298802814695066
3931,-1.0910836178041206,-0.008298802814695066
3932,-1.0912827211426241,-0.008298802814695066
3933,-1.0913166364943516,-0.008298802814695066
3934,-1.0913920273353803,-0.008298802814695066
3935,-1.0914815965066027,-0.008298802814695066
3936,-1.0916787740389866,-0.008298802814695066
3937,-1.0918860760549158,-0.008298802814695066
3938,-1.0919130073604555,-0.008298802814695066
3939,-1.0923702626700724,-0.008298802814695066
3940,-1.0923786894418126,-0.008298802814695066
3941,-1.0924256366572804,-0.008298802814695066
3942,-1.092431798193906,-0.008298802814695066
3943,-1.0924691846038186,-0.008298802814695066
3944,-1.0925249548046791,-0.008298802814695066
3945,-1.0926041275406166,-0.008298802814695066
3946,-1.0927000074312985,-0.008298802814695066
3947,-1.09279650059769,-0.008298802814695066
3948,-1.0933312754947657,-0.008298802814695066
3949,-1.0934741484569501,-0.008298802814695066
3950,-1.093504888236141,-0.008298802814695066
3951,-1.0938118705229396,-0.008298802814695066
3952,-1.0938356699003293,-0.008298802814695066
3953,-1.0938363687951502,-0.008298802814695066
3954,-1.093933404190226,-0.008298802814695066
3955,-1.0939378872992664,-0.008298802814695066
3956,-1.0939434414145097,-0.008298802814695066
3957,-1.0942931824041202,-0.008298802814695066
3958,-1.0942936500020646,-0.008298802814695066
3959,-1.094540722025946,-0.008298802814695066
3960,-1.0945641176476417,-0.008298802814695066
3961,-1.0945754557556442,-0.008298802814695066
3962,-1.0947478845175644,-0.008298802814695066
3963,-1.0949470762747435,-0.008298802814695066
3964,-1.0949926862026667,-0.008298802814695066
3965,-1.0952943348315591,-0.008298802814695066
3966,-1.095300393614384,-0.008298802814695066
3967,-1.0954054018732162,-0.008298802814695066
3968,-1.0954900097790103,-0.008298802814695066
3969,-1.0956412225553358,-0.008298802814695066
3970,-1.095850362857201,-0.008298802814695066
3971,-1.095999876444377,-0.008298802814695066
3972,-1.0963886932782723,-0.008298802814695066
3973,-1.0964175527453626,-0.008298802814695066
3974,-1.0967256482467063,-0.008298802814695066
3975,-1.0969873324403792,-0.008298802814695066
3976,-1.0970255104959767,-0.008298802814695066
3977,-1.0971645772095167,-0.008298802814695066
3978,-1.0971728209189733,-0.008298802814695066
3979,-1.0973000182918395,-0.008298802814695066
3980,-1.0974314297661736,-0.008298802814695066
3981,-1.0978118771803438,-0.008298802814695066
3982,-1.0981640717361243,-0.008298802814695066
3983,-1.098412788734261,-0.008298802814695066
3984,-1.0987791471331865,-0.008298802814695066
3985,-1.098794704829542,-0.008298802814695066
3986,-1.098970401595214,-0.008298802814695066
3987,-1.0990597508950692,-0.008298802814695066
3988,-1.0991811429907197,-0.008298802814695066
3989,-1.0993701301174843,-0.008298802814695066
3990,-1.0994992283128926,-0.008298802814695066
3991,-1.0995300765253921,-0.008298802814695066
3992,-1.0996901448909968,-0.008298802814695066
3993,-1.0997094052024161,-0.008298802814695066
3994,-1.0998136819442481,-0.008298802814695066
3995,-1.0998476859116801,-0.008298802814695066
3996,-1.0999775560609986,-0.008298802814695066
3997,-1.100106144860753,-0.008298802814695066
3998,-1.1002512851910775,-0.008298802814695066
3999,-1.100500670651375,-0.008298802814695066
4000,-1.1005431231058436,-0.008298802814695066
4001,-1.1005961660577774,-0.008298802814695066
4002,-1.1006405832930988,-0.008298802814695066
4003,-1.1006860011600148,-0.008298802814695066
4004,-1.100946984704915,-0.008298802814695066
4005,-1.1009507760989194,-0.008298802814695066
4006,-1.101007962323559,-0.008298802814695066
4007,-1.1010702170747653,-0.008298802814695066
4008,-1.1011499627576093,-0.008298802814695066
4009,-1.10124489947195,-0.008298802814695066
4010,-1.1013067833197758,-0.008298802814695066
4011,-1.1013670612602824,-0.008298802814695066
4012,-1.1015871341183419,-0.008298802814695066
4013,-1.1017175933944359,-0.008298802814695066
4014,-1.1021429261660267,-0.008298802814695066
4015,-1.1023786960385173,-0.008298802814695066
4016,-1.1023840008005124,-0.008298802814695066
4017,-1.1024195480255332,-0.008298802814695066
4018,-1.1025199203907876,-0.008298802814695066
4019,-1.1025235050287423,-0.008298802814695066
4020,-1.1027848195434857,-0.008298802814695066
4021,-1.1028771119129526,-0.008298802814695066
4022,-1.1029230699748866,-0.008298802814695066
4023,-1.1031366918810248,-0.008298802814695066
4024,-1.1037029852958606,-0.008298802814695066
4025,-1.103948687004749,-0.008298802814695066
4026,-1.1040409879157413,-0.008298802814695066
4027,-1.1040885255739397,-0.008298802814695066
4028,-1.104375434393782,-0.008298802814695066
4029,-1.1044288118462768,-0.008298802814695066
4030,-1.1045924700476657,-0.008298802814695066
4031,-1.1046865735339446,-0.008298802814695066
4032,-1.1049092020538036,-0.008298802814695066
4033,-1.104964210002593,-0.008298802814695066
4034,-1.1051166071007297,-0.008298802814695066
4035,-1.1052411012848948,-0.008298802814695066
4036,-1.1053587050141997,-0.008298802814695066
4037,-1.105508531716123,-0.008298802814695066
4038,-1.1055325122379382,-0.008298802814695066
4039,-1.1055658657799172,-0.008298802814695066
4040,-1.1057150265697124,-0.008298802814695066
4041,-1.105926872927402,-0.008298802814695066
4042,-1.1061494311714783,-0.008298802814695066
4043,-1.1063736240742734,-0.008298802814695066
4044,-1.106447826869363,-0.008298802814695066
4045,-1.107035052952618,-0.008298802814695066
4046,-1.1071661852152108,-0.008298802814695066
4047,-1.1071937256898496,-0.008298802814695066
4048,-1.1073113505060266,-0.008298802814695066
4049,-1.107747798472746,-0.008298802814695066
4050,-1.1078717163455805,-0.008298802814695066
4051,-1.1078802242895027,-0.008298802814695066
4052,-1.1079435975598648,-0.008298802814695066
4053,-1.107998877850393,-0.008298802814695066
4054,-1.108001145250371,-0.008298802814695066
4055,-1.10821910955726,-0.008298802814695066
4056,-1.108225317078723,-0.008298802814695066
4057,-1.1082700607403808,-0.008298802814695066
4058,-1.1086012992243117,-0.008298802814695066
4059,-1.1086031242367795,-0.008298802814695066
4060,-1.1087698855888388,-0.008298802814695066
4061,-1.108807950152249,-0.008298802814695066
4062,-1.1089468211913525,-0.008298802814695066
4063,-1.1090169768353428,-0.008298802814695066
4064,-1.1092116220436248,-0.008298802814695066
4065,-1.1094001716774353,-0.008298802814695066
4066,-1.1094407180108783,-0.008298802814695066
4067,-1.1094758073215036,-0.008298802814695066
4068,-1.1096763446227342,-0.008298802814695066
4069,-1.1098613577155707,-0.008298802814695066
4070,-1.1099248381804805,-0.008298802814695066
4071,-1.1101292694759222,-0.008298802814695066
4072,-1.110369799901288,-0.008298802814695066
4073,-1.1108579016849567,-0.008298802814695066
4074,-1.1109007613023876,-0.008298802814695066
4075,-1.1111044578922131,-0.008298802814695066
4076,-1.1114230737168167,-0.008298802814695066
4077,-1.1115342393862904,-0.008298802814695066
4078,-1.1116161285043127,-0.008298802814695066
4079,-1.1116304926834124,-0.008298802814695066
4080,-1.1117946127422238,-0.008298802814695066
4081,-1.1120796982631485,-0.008298802814695066
4082,-1.1120925678330824,-0.008298802814695066
4083,-1.1123617650405007,-0.008298802814695066
4084,-1.112382218307748,-0.008298802814695066
4085,-1.1124110935325933,-0.008298802814695066
4086,-1.1124462736547982,-0.008298802814695066
4087,-1.1125883390592661,-0.008298802814695066
4088,-1.1127250335848045,-0.008298802814695066
4089,-1.112741610082002,-0.008298802814695066
4090,-1.1128218837293016,-0.008298802814695066
4091,-1.1128885713287584,-0.008298802814695066
4092,-1.1129129666481878,-0.008298802814695066
4093,-1.1130421501378402,-0.008298802814695066
4094,-1.1131703214718065,-0.008298802814695066
4095,-1.1133897748022106,-0.008298802814695066
4096,-1.1134555176303598,-0.008298802814695066
4097,-1.1135502579950016,-0.008298802814695066
4098,-1.1136226780624954,-0.008298802814695066
4099,-1.113883393220307,-0.008298802814695066
4100,-1.1140203150277048,-0.008298802814695066
4101,-1.1140820541856349,-0.008298802814695066
4102,-1.1141309584328463,-0.008298802814695066
4103,-1.1142275070534564,-0.008298802814695066
4104,-1.1146139528776302,-0.008298802814695066
4105,-1.1149013770123364,-0.008298802814695066
4106,-1.1152116650934418,-0.008298802814695066
4107,-1.1155744374331595,-0.008298802814695066
4108,-1.11573857149409,-0.008298802814695066
4109,-1.1162991141539753,-0.008298802814695066
4110,-1.11630330312152,-0.008298802814695066
4111,-1.1163035304258615,-0.008298802814695066
4112,-1.116582438558886,-0.008298802814695066
4113,-1.1167552839067412,-0.008298802814695066
4114,-1.1168230902265226,-0.008298802814695066
4115,-1.1175760709384193,-0.008298802814695066
4116,-1.1176402080252232,-0.008298802814695066
4117,-1.1176756239883605,-0.008298802814695066
4118,-1.1177122750713462,-0.008298802814695066
4119,-1.1177437920785935,-0.008298802814695066
4120,-1.1177462172338415,-0.008298802814695066
4121,-1.1177992372227608,-0.008298802814695066
4122,-1.117833467735526,-0.008298802814695066
4123,-1.1181918102951234,-0.008298802814695066
4124,-1.118253170064448,-0.008298802814695066
4125,-1.1184597541150088,-0.008298802814695066
4126,-1.1187294821281455,-0.008298802814695066
4127,-1.1190528513641673,-0.008298802814695066
4128,-1.1193006320837804,-0.008298802814695066
4129,-1.1196409498182514,-0.008298802814695066
4130,-1.1197598130556279,-0.008298802814695066
4131,-1.1198273332699438,-0.008298802814695066
4132,-1.1198513429553945,-0.008298802814695066
4133,-1.1200232660828304,-0.008298802814695066
4134,-1.1201201954044182,-0.008298802814695066
4135,-1.1204297032863602,-0.008298802814695066
4136,-1.1205097783581823,-0.008298802814695066
4137,-1.1207160904212705,-0.008298802814695066
4138,-1.1207165527132776,-0.008298802814695066
4139,-1.1208732455804296,-0.008298802814695066
4140,-1.121164668386373,-0.008298802814695066
4141,-1.121190155411711,-0.008298802814695066
4142,-1.121312409002126,-0.008298802814695066
4143,-1.12176399707537,-0.008298802814695066
4144,-1.1219229320224702,-0.008298802814695066
4145,-1.12193256875196,-0.008298802814695066
4146,-1.1219766317845492,-0.008298802814695066
4147,-1.1221522296939077,-0.008298802814695066
4148,-1.1223886236470926,-0.008298802814695066
4149,-1.1224559848103342,-0.008298802814695066
4150,-1.1226623410714207,-0.008298802814695066
4151,-1.1227457270528476,-0.008298802814695066
4152,-1.1227560643584917,-0.008298802814695066
4153,-1.122793246602237,-0.008298802814695066
4154,-1.1228072727782825,-0.008298802814695066
4155,-1.1229532818038381,-0.008298802814695066
4156,-1.123065144932284,-0.008298802814695066
4157,-1.1231931011646736,-0.008298802814695066
4158,-1.123314801968808,-0.008298802814695066
4159,-1.1234349610071896,-0.008298802814695066
4160,-1.1235466000408156,-0.008298802814695066
4161,-1.1236074178052045,-0.008298802814695066
4162,-1.1236293108977584,-0.008298802814695066
4163,-1.1237011191482742,-0.008298802814695066
4164,-1.123783273278557,-0.008298802814695066
4165,-1.1238256554883082,-0.008298802814695066
4166,-1.1238813895266884,-0.008298802814695066
4167,-1.1241175261607226,-0.008298802814695066
4168,-1.1243576243937337,-0.008298802814695066
4169,-1.1244789175853236,-0.008298802814695066
4170,-1.1244861372802495,-0.008298802814695066
4171,-1.1246663977527998,-0.008298802814695066
4172,-1.1247249251323796,-0.008298802814695066
4173,-1.1247560179912388,-0.008298802814695066
4174,-1.1247933641653884,-0.008298802814695066
4175,-1.1248099010132324,-0.008298802814695066
4176,-1.1249483746664954,-0.008298802814695066
4177,-1.1249484365717435,-0.008298802814695066
4178,-1.1252532192323423,-0.008298802814695066
4179,-1.1254773350404361,-0.008298802814695066
4180,-1.1254962266681858,-0.008298802814695066
4181,-1.1256952093744859,-0.008298802814695066
4182,-1.1257571380501166,-0.008298802814695066
4183,-1.1258815418838977,-0.008298802814695066
4184,-1.125914908488243,-0.008298802814695066
4185,-1.1260241402420061,-0.008298802814695066
4186,-1.1261231804239422,-0.008298802814695066
4187,-1.1261389087656672,-0.008298802814695066
4188,-1.1263406641945486,-0.008298802814695066
4189,-1.126462590042578,-0.008298802814695066
4190,-1.1265931531952909,-0.008298802814695066
4191,-1.1266065201770314,-0.008298802814695066
4192,-1.1266155606349135,-0.008298802814695066
4193,-1.126674342777515,-0.008298802814695066
4194,-1.1269200502949666,-0.008298802814695066
4195,-1.1269565737544824,-0.008298802814695066
4196,-1.1269811313692015,-0.008298802814695066
4197,-1.1269981931174051,-0.008298802814695066
4198,-1.1270375892496745,-0.008298802814695066
4199,-1.127207920644019,-0.008298802814695066
4200,-1.1272447976559978,-0.008298802814695066
4201,-1.1273117260937968,-0.008298802814695066
4202,-1.1275061811066962,-0.008298802814695066
4203,-1.1277568191753264,-0.008298802814695066
4204,-1.127795324032142,-0.008298802814695066
4205,-1.1278632142463312,-0.008298802814695066
4206,-1.1279410283876428,-0.008298802814695066
4207,-1.1281860433997584,-0.008298802814695066
4208,-1.1282251624201587,-0.008298802814695066
4209,-1.1283741703559396,-0.008298802814695066
4210,-1.1284358741832796,-0.008298802814695066
4211,-1.1287709526962002,-0.008298802814695066
4212,-1.1288590879417066,-0.008298802814695066
4213,-1.128866053259997,-0.008298802814695066
4214,-1.1289135684807323,-0.008298802814695066
4215,-1.129138627637524,-0.008298802814695066
4216,-1.1292538344805783,-0.008298802814695066
4217,-1.12963343256083,-0.008298802814695066
4218,-1.1298065596152314,-0.008298802814695066
4219,-1.1298182883604686,-0.008298802814695066
4220,-1.129909204616559,-0.008298802814695066
4221,-1.130013794823448,-0.008298802814695066
4222,-1.1307405387776697,-0.008298802814695066
4223,-1.130745128334491,-0.008298802814695066
4224,-1.1307644021032142,-0.008298802814695066
4225,-1.1309215897734182,-0.008298802814695066
4226,-1.1309742517063899,-0.008298802814695066
4227,-1.1311012725685736,-0.008298802814695066
4228,-1.1311268056532915,-0.008298802814695066
4229,-1.131256818862261,-0.008298802814695066
4230,-1.131838235618328,-0.008298802814695066
4231,-1.1318952764478596,-0.008298802814695066
4232,-1.131979532349637,-0.008298802814695066
4233,-1.1319889304871822,-0.008298802814695066
4234,-1.1320130819953136,-0.008298802814695066
4235,-1.1320325770058481,-0.008298802814695066
4236,-1.1320566137681873,-0.008298802814695066
4237,-1.1320568600459555,-0.008298802814695066
4238,-1.1320871921186215,-0.008298802814695066
4239,-1.13220014475799,-0.008298802814695066
4240,-1.1322612846728457,-0.008298802814695066
4241,-1.1322760752244523,-0.008298802814695066
4242,-1.1323019373183139,-0.008298802814695066
4243,-1.1323107033307371,-0.008298802814695066
4244,-1.1324268955120722,-0.008298802814695066
4245,-1.1324278269157122,-0.008298802814695066
4246,-1.1324853944197069,-0.008298802814695066
4247,-1.1325360850065072,-0.008298802814695066
4248,-1.1326288881067046,-0.008298802814695066
4249,-1.1327003666452677,-0.008298802814695066
4250,-1.1327358221694723,-0.008298802814695066
4251,-1.1327710478550277,-0.008298802814695066
4252,-1.1329643610115325,-0.008298802814695066
4253,-1.132968432698491,-0.008298802814695066
4254,-1.133608409016093,-0.008298802814695066
4255,-1.1337079677539668,-0.008298802814695066
4256,-1.1339483205039127,-0.008298802814695066
4257,-1.1340143818644113,-0.008298802814695066
4258,-1.1343128867114798,-0.008298802814695066
4259,-1.1345094905855817,-0.008298802814695066
4260,-1.1347219283957903,-0.008298802814695066
4261,-1.1349373749933809,-0.008298802814695066
4262,-1.1351465423157816,-0.008298802814695066
4263,-1.1351968205772738,-0.008298802814695066
4264,-1.1354718500718786,-0.008298802814695066
4265,-1.1357933250571943,-0.008298802814695066
4266,-1.1358158036171533,-0.008298802814695066
4267,-1.1358625488147716,-0.008298802814695066
4268,-1.1358929625153098,-0.008298802814695066
4269,-1.13597480725343,-0.008298802814695066
4270,-1.1362217125089873,-0.008298802814695066
4271,-1.1362269897565056,-0.008298802814695066
4272,-1.1362469790868923,-0.008298802814695066
4273,-1.1362877720340245,-0.008298802814695066
4274,-1.1363274840595188,-0.008298802814695066
4275,-1.1363479236967344,-0.008298802814695066
4276,-1.1364455659351163,-0.008298802814695066
4277,-1.1364502195462287,-0.008298802814695066
4278,-1.1366362427769605,-0.008298802814695066
4279,-1.1366515229299716,-0.008298802814695066
4280,-1.1368119764920246,-0.008298802814695066
4281,-1.136908214421888,-0.008298802814695066
4282,-1.1370882108295615,-0.008298802814695066
4283,-1.1374210731241452,-0.008298802814695066
4284,-1.137489937562277,-0.008298802814695066
4285,-1.1375317971377357,-0.008298802814695066
4286,-1.1375519321564542,-0.008298802814695066
4287,-1.1375618254758804,-0.008298802814695066
4288,-1.1376198157534865,-0.008298802814695066
4289,-1.1376356350118235,-0.008298802814695066
4290,-1.1377333070541913,-0.008298802814695066
4291,-1.1377342245234687,-0.008298802814695066
4292,-1.138056650477294,-0.008298802814695066
4293,-1.1381065083830781,-0.008298802814695066
4294,-1.1383289210554837,-0.008298802814695066
4295,-1.1387144274681265,-0.008298802814695066
4296,-1.1387507805173738,-0.008298802814695066
4297,-1.1388323776428184,-0.008298802814695066
4298,-1.1388762195473316,-0.008298802814695066
4299,-1.1389058175101652,-0.008298802814695066
4300,-1.138967342278608,-0.008298802814695066
4301,-1.1389736491483735,-0.008298802814695066
4302,-1.1392546857094827,-0.008298802814695066
4303,-1.139286252449857,-0.008298802814695066
4304,-1.1393252963803076,-0.008298802814695066
4305,-1.1393621812351988,-0.008298802814695066
4306,-1.1393798143124951,-0.008298802814695066
4307,-1.139411287121706,-0.008298802814695066
4308,-1.1395388988863062,-0.008298802814695066
4309,-1.1395966022605122,-0.008298802814695066
4310,-1.1396307589284045,-0.008298802814695066
4311,-1.1397417075752387,-0.008298802814695066
4312,-1.1397418634218965,-0.008298802814695066
4313,-1.1401037600340191,-0.008298802814695066
4314,-1.1402183773914423,-0.008298802814695066
4315,-1.140256916750591,-0.008298802814695066
4316,-1.1404860514995856,-0.008298802814695066
4317,-1.1407406036831,-0.008298802814695066
4318,-1.1408338682630235,-0.008298802814695066
4319,-1.1410850775014076,-0.008298802814695066
4320,-1.1412371724501775,-0.008298802814695066
4321,-1.1412570076938005,-0.008298802814695066
4322,-1.141364359307848,-0.008298802814695066
4323,-1.1415555020987638,-0.008298802814695066
4324,-1.1415914224659962,-0.008298802814695066
4325,-1.1416321759192032,-0.008298802814695066
4326,-1.1419964677827175,-0.008298802814695066
4327,-1.1421358500129957,-0.008298802814695066
4328,-1.142300192248792,-0.008298802814695066
4329,-1.1424089352711024,-0.008298802814695066
4330,-1.14244874816485,-0.008298802814695066
4331,-1.142791376905718,-0.008298802814695066
4332,-1.1430532488850467,-0.008298802814695066
4333,-1.143178403607713,-0.008298802814695066
4334,-1.14321489636902,-0.008298802814695066
4335,-1.143288281519447,-0.008298802814695066
4336,-1.1433095368856965,-0.008298802814695066
4337,-1.143411479878187,-0.008298802814695066
4338,-1.1435841867239525,-0.008298802814695066
4339,-1.1436378487480985,-0.008298802814695066
4340,-1.1437623151928265,-0.008298802814695066
4341,-1.1439710341583424,-0.008298802814695066
4342,-1.1440008712614598,-0.008298802814695066
4343,-1.1440112988455526,-0.008298802814695066
4344,-1.144171291642459,-0.008298802814695066
4345,-1.1444112161478768,-0.008298802814695066
4346,-1.1444219996258402,-0.008298802814695066
4347,-1.1445096710474412,-0.008298802814695066
4348,-1.1445409860929965,-0.008298802814695066
4349,-1.1447097575193454,-0.008298802814695066
4350,-1.1447133230442974,-0.008298802814695066
4351,-1.1448177603263832,-0.008298802814695066
4352,-1.1450044719768466,-0.008298802814695066
4353,-1.1450859992601994,-0.008298802814695066
4354,-1.1451854125135152,-0.008298802814695066
4355,-1.1451988432957059,-0.008298802814695066
4356,-1.1452296548821261,-0.008298802814695066
4357,-1.1453441989878947,-0.008298802814695066
4358,-1.1454312029754807,-0.008298802814695066
4359,-1.1454392862570029,-0.008298802814695066
4360,-1.1454972502413834,-0.008298802814695066
4361,-1.1456805379485369,-0.008298802814695066
4362,-1.1457072177051189,-0.008298802814695066
4363,-1.1458233668614666,-0.008298802814695066
4364,-1.1459037384297497,-0.008298802814695066
4365,-1.145931648951374,-0.008298802814695066
4366,-1.1459511499347135,-0.008298802814695066
4367,-1.1460400101333557,-0.008298802814695066
4368,-1.1463410766544953,-0.008298802814695066
4369,-1.1467182885789216,-0.008298802814695066
4370,-1.1468028524017024,-0.008298802814695066
4371,-1.146931579229892,-0.008298802814695066
4372,-1.1469804175914344,-0.008298802814695066
4373,-1.1473905423802402,-0.008298802814695066
4374,-1.1474045283821455,-0.008298802814695066
4375,-1.1477743353857823,-0.008298802814695066
4376,-1.1478189327268589,-0.008298802814695066
4377,-1.1483820852811149,-0.008298802814695066
4378,-1.1484792846804646,-0.008298802814695066
4379,-1.1486617994144999,-0.008298802814695066
4380,-1.148923915073769,-0.008298802814695066
4381,-1.1490809884587145,-0.008298802814695066
4382,-1.1491147549195464,-0.008298802814695066
4383,-1.149263978372596,-0.008298802814695066
4384,-1.1492856595130518,-0.008298802814695066
4385,-1.149381709502878,-0.008298802814695066
4386,-1.149409667724423,-0.008298802814695066
4387,-1.149526263284462,-0.008298802814695066
4388,-1.1496181131986711,-0.008298802814695066
4389,-1.1496238283361204,-0.008298802814695066
4390,-1.1496267308298458,-0.008298802814695066
4391,-1.1497612075172177,-0.008298802814695066
4392,-1.1498333437539028,-0.008298802814695066
4393,-1.149884245314375,-0.008298802814695066
4394,-1.1499626360370936,-0.008298802814695066
4395,-1.1500737719501237,-0.008298802814695066
4396,-1.1501308856061858,-0.008298802814695066
4397,-1.1503213564344894,-0.008298802814695066
4398,-1.15039443683977,-0.008298802814695066
4399,-1.1504844601905395,-0.008298802814695066
4400,-1.1505513289442475,-0.008298802814695066
4401,-1.1506428195228116,-0.008298802814695066
4402,-1.1507006446312236,-0.008298802814695066
4403,-1.1507055453271744,-0.008298802814695066
4404,-1.1509846260280463,-0.008298802814695066
4405,-1.1512783817200505,-0.008298802814695066
4406,-1.1512906933935259,-0.008298802814695066
4407,-1.1515844599874738,-0.008298802814695066
4408,-1.1516124567484303,-0.008298802814695066
4409,-1.1518347049409847,-0.008298802814695066
4410,-1.151892709331576,-0.008298802814695066
4411,-1.1519002124285873,-0.008298802814695066
4412,-1.1519621893983598,-0.008298802814695066
4413,-1.151975746331197,-0.008298802814695066
4414,-1.1521229341987076,-0.008298802814695066
4415,-1.1521891229355377,-0.008298802814695066
4416,-1.1522135018495723,-0.008298802814695066
4417,-1.1522570984746516,-0.008298802814695066
4418,-1.1523200665423856,-0.008298802814695066
4419,-1.1524027366712744,-0.008298802814695066
4420,-1.152495790415824,-0.008298802814695066
4421,-1.1525756479411096,-0.008298802814695066
4422,-1.1525980108436316,-0.008298802814695066
4423,-1.1527826714158702,-0.008298802814695066
4424,-1.1527920520275572,-0.008298802814695066
4425,-1.1529642924210133,-0.008298802814695066
4426,-1.1532367591202108,-0.008298802814695066
4427,-1.1532401651571085,-0.008298802814695066
4428,-1.1535343308678243,-0.008298802814695066
4429,-1.1536402441656644,-0.008298802814695066
4430,-1.153679666393315,-0.008298802814695066
4431,-1.153688065082071,-0.008298802814695066
4432,-1.1537840855507224,-0.008298802814695066
4433,-1.15380293696717,-0.008298802814695066
4434,-1.1538557817276822,-0.008298802814695066
4435,-1.154251032118476,-0.008298802814695066
4436,-1.1542957006822525,-0.008298802814695066
4437,-1.154553049762438,-0.008298802814695066
4438,-1.1546688536024288,-0.008298802814695066
4439,-1.1547453601975017,-0.008298802814695066
4440,-1.154754850514156,-0.008298802814695066
4441,-1.1548588017580197,-0.008298802814695066
4442,-1.155026934669622,-0.008298802814695066
4443,-1.155211138793341,-0.008298802814695066
4444,-1.1552940981453155,-0.008298802814695066
4445,-1.1553167028138611,-0.008298802814695066
4446,-1.1553220655620753,-0.008298802814695066
4447,-1.1553567076513909,-0.008298802814695066
4448,-1.1555204238617547,-0.008298802814695066
4449,-1.155535625436816,-0.008298802814695066
4450,-1.155653111583609,-0.008298802814695066
4451,-1.1560081294445639,-0.008298802814695066
4452,-1.156407300348147,-0.008298802814695066
4453,-1.1564266442565776,-0.008298802814695066
4454,-1.1565516955984227,-0.008298802814695066
4455,-1.1566870072775757,-0.008298802814695066
4456,-1.1567335813097694,-0.008298802814695066
4457,-1.1567410997369652,-0.008298802814695066
4458,-1.1568033891548142,-0.008298802814695066
4459,-1.1568758746566017,-0.008298802814695066
4460,-1.1568806802720815,-0.008298802814695066
4461,-1.1568815911398713,-0.008298802814695066
4462,-1.1568933887740398,-0.008298802814695066
4463,-1.1569885287712307,-0.008298802814695066
4464,-1.1571751353719602,-0.008298802814695066
4465,-1.1574385173690112,-0.008298802814695066
4466,-1.1575223447085436,-0.008298802814695066
4467,-1.1578817291577275,-0.008298802814695066
4468,-1.1582242481307274,-0.008298802814695066
4469,-1.1582679908878484,-0.008298802814695066
4470,-1.1585264905661983,-0.008298802814695066
4471,-1.1586405835695164,-0.008298802814695066
4472,-1.158656945132818,-0.008298802814695066
4473,-1.1587501757847647,-0.008298802814695066
4474,-1.1587624619615964,-0.008298802814695066
4475,-1.1588691358464316,-0.008298802814695066
4476,-1.1588781058241149,-0.008298802814695066
4477,-1.159105494870779,-0.008298802814695066
4478,-1.159121749503898,-0.008298802814695066
4479,-1.1592218383974746,-0.008298802814695066
4480,-1.159359831500796,-0.008298802814695066
4481,-1.1595210666104623,-0.008298802814695066
4482,-1.159582541002976,-0.008298802814695066
4483,-1.159932902167819,-0.008298802814695066
4484,-1.159993654119365,-0.008298802814695066
4485,-1.1600080799284829,-0.008298802814695066
4486,-1.1600298982935942,-0.008298802814695066
4487,-1.1601356433249284,-0.008298802814695066
4488,-1.1601859645275718,-0.008298802814695066
4489,-1.160292154016466,-0.008298802814695066
4490,-1.1602928764509701,-0.008298802814695066
4491,-1.1605149136013206,-0.008298802814695066
4492,-1.1605243318978924,-0.008298802814695066
4493,-1.160542898712305,-0.008298802814695066
4494,-1.1607094824802529,-0.008298802814695066
4495,-1.160742590457588,-0.008298802814695066
4496,-1.160839253474757,-0.008298802814695066
4497,-1.1610824959728432,-0.008298802814695066
4498,-1.1612155893399954,-0.008298802814695066
4499,-1.1614948091917934,-0.008298802814695066
4500,-1.1615023097143347,-0.008298802814695066
4501,-1.1615464309959282,-0.008298802814695066
4502,-1.1619403728633,-0.008298802814695066
4503,-1.161982749248521,-0.008298802814695066
4504,-1.1619863546144278,-0.008298802814695066
4505,-1.1619890795389805,-0.008298802814695066
4506,-1.1620610170528043,-0.008298802814695066
4507,-1.1621122407819033,-0.008298802814695066
4508,-1.1622605395092005,-0.008298802814695066
4509,-1.1622941018702897,-0.008298802814695066
4510,-1.1625236587595187,-0.008298802814695066
4511,-1.1627829380506884,-0.008298802814695066
4512,-1.1628213264651128,-0.008298802814695066
4513,-1.1628259784287682,-0.008298802814695066
4514,-1.1629758156377763,-0.008298802814695066
4515,-1.1630093769678793,-0.008298802814695066
4516,-1.1630448513982203,-0.008298802814695066
4517,-1.1630464639307432,-0.008298802814695066
4518,-1.1630853042991536,-0.008298802814695066
4519,-1.1633183594780352,-0.008298802814695066
4520,-1.1636181828791134,-0.008298802814695066
4521,-1.1637081298290528,-0.008298802814695066
4522,-1.1637293576871985,-0.008298802814695066
4523,-1.163767864172726,-0.008298802814695066
4524,-1.1638522825679118,-0.008298802814695066
4525,-1.1638623730119564,-0.008298802814695066
4526,-1.1639389473246562,-0.008298802814695066
4527,-1.1641409866599917,-0.008298802814695066
4528,-1.1642112413811607,-0.008298802814695066
4529,-1.164249146019874,-0.008298802814695066
4530,-1.16443457519234,-0.008298802814695066
4531,-1.164669545133552,-0.008298802814695066
4532,-1.1647051544967217,-0.008298802814695066
4533,-1.1648106138560785,-0.008298802814695066
4534,-1.1648938310373178,-0.008298802814695066
4535,-1.16499500980613,-0.008298802814695066
4536,-1.1650215771761772,-0.008298802814695066
4537,-1.1651964963556065,-0.008298802814695066
4538,-1.1653408368018465,-0.008298802814695066
4539,-1.1653815437103878,-0.008298802814695066
4540,-1.1655241813593156,-0.008298802814695066
4541,-1.1656075725625534,-0.008298802814695066
4542,-1.1656233582883593,-0.008298802814695066
4543,-1.165630484500081,-0.008298802814695066
4544,-1.1657226212864216,-0.008298802814695066
4545,-1.165842660290143,-0.008298802814695066
4546,-1.1658521256224559,-0.008298802814695066
4547,-1.1658921560856053,-0.008298802814695066
4548,-1.1659091081525927,-0.008298802814695066
4549,-1.1662458944531173,-0.008298802814695066
4550,-1.1665357039757884,-0.008298802814695066
4551,-1.1665498759322437,-0.008298802814695066
4552,-1.1666411054051955,-0.008298802814695066
4553,-1.1666980755752996,-0.008298802814695066
4554,-1.166706395932397,-0.008298802814695066
4555,-1.1668011964810678,-0.008298802814695066
4556,-1.1668445157666534,-0.008298802814695066
4557,-1.166917259342009,-0.008298802814695066
4558,-1.1669191281561209,-0.008298802814695066
4559,-1.1669456486662118,-0.008298802814695066
4560,-1.167028412523059,-0.008298802814695066
4561,-1.1672479208611661,-0.008298802814695066
4562,-1.1672772894333778,-0.008298802814695066
4563,-1.1673045766100525,-0.008298802814695066
4564,-1.1673847749867985,-0.008298802814695066
4565,-1.1674500872085123,-0.008298802814695066
4566,-1.1674882959040738,-0.008298802814695066
4567,-1.1675321323001233,-0.008298802814695066
4568,-1.1675624013512904,-0.008298802814695066
4569,-1.167602369410076,-0.008298802814695066
4570,-1.1676433970864262,-0.008298802814695066
4571,-1.1676451747320398,-0.008298802814695066
4572,-1.1677988365009961,-0.008298802814695066
4573,-1.167829296695081,-0.008298802814695066
4574,-1.1679264352359802,-0.008298802814695066
4575,-1.1679292318020122,-0.008298802814695066
4576,-1.1679440251391777,-0.008298802814695066
4577,-1.1679585856071846,-0.008298802814695066
4578,-1.1683008424631758,-0.008298802814695066
4579,-1.1685685954985332,-0.008298802814695066
4580,-1.1685914017271637,-0.008298802814695066
4581,-1.1686241027441664,-0.008298802814695066
4582,-1.1688546093489145,-0.008298802814695066
4583,-1.1689395633481676,-0.008298802814695066
4584,-1.1690278239485583,-0.008298802814695066
4585,-1.16905046755191,-0.008298802814695066
4586,-1.1691872353075574,-0.008298802814695066
4587,-1.169237117857551,-0.008298802814695066
4588,-1.1693398263444796,-0.008298802814695066
4589,-1.1695235879968005,-0.008298802814695066
4590,-1.1696684453018937,-0.008298802814695066
4591,-1.1697012252307935,-0.008298802814695066
4592,-1.1697711427323647,-0.008298802814695066
4593,-1.1699488097656476,-0.008298802814695066
4594,-1.1699533621335099,-0.008298802814695066
4595,-1.1699619998925606,-0.008298802814695066
4596,-1.1699810478421515,-0.008298802814695066
4597,-1.1700489696950351,-0.008298802814695066
4598,-1.1703555964873078,-0.008298802814695066
4599,-1.170632591811206,-0.008298802814695066
4600,-1.1706622199170345,-0.008298802814695066
4601,-1.170676270024447,-0.008298802814695066
4602,-1.1706775592569028,-0.008298802814695066
4603,-1.1708125096939312,-0.008298802814695066
4604,-1.1708233608005818,-0.008298802814695066
4605,-1.1709331256398763,-0.008298802814695066
4606,-1.1710998114936233,-0.008298802814695066
4607,-1.1714709098766436,-0.008298802814695066
4608,-1.1715731397154394,-0.008298802814695066
4609,-1.1716096459875391,-0.008298802814695066
4610,-1.1716487538348321,-0.008298802814695066
4611,-1.1716492255568083,-0.008298802814695066
4612,-1.1716943809062146,-0.008298802814695066
4613,-1.1717287517348354,-0.008298802814695066
4614,-1.171764399720612,-0.008298802814695066
4615,-1.1718538356695274,-0.008298802814695066
4616,-1.17205924043013,-0.008298802814695066
4617,-1.1720595014779935,-0.008298802814695066
4618,-1.1722888784405388,-0.008298802814695066
4619,-1.1723040380756315,-0.008298802814695066
4620,-1.1724211985508302,-0.008298802814695066
4621,-1.172472423884497,-0.008298802814695066
4622,-1.1726216325452554,-0.008298802814695066
4623,-1.172707425517078,-0.008298802814695066
4624,-1.1727449962353096,-0.008298802814695066
4625,-1.1727575416114082,-0.008298802814695066
4626,-1.172814469406127,-0.008298802814695066
4627,-1.1728736863679647,-0.008298802814695066
4628,-1.1729735949920914,-0.008298802814695066
4629,-1.1731779424645334,-0.008298802814695066
4630,-1.1734268910521155,-0.008298802814695066
4631,-1.1736689549287052,-0.008298802814695066
4632,-1.1738078565774095,-0.008298802814695066
4633,-1.1738684265763253,-0.008298802814695066
4634,-1.174146776571906,-0.008298802814695066
4635,-1.1741840335093991,-0.008298802814695066
4636,-1.1742608091125908,-0.008298802814695066
4637,-1.1743948251412273,-0.008298802814695066
4638,-1.1744694732573469,-0.008298802814695066
4639,-1.1751746875301126,-0.008298802814695066
4640,-1.1752930949263607,-0.008298802814695066
4641,-1.1753439129249732,-0.008298802814695066
4642,-1.1754319280262204,-0.008298802814695066
4643,-1.1755623085249236,-0.008298802814695066
4644,-1.175592522365079,-0.008298802814695066
4645,-1.175623192808187,-0.008298802814695066
4646,-1.1757238764931843,-0.008298802814695066
4647,-1.1760126947307075,-0.008298802814695066
4648,-1.1762040675403316,-0.008298802814695066
4649,-1.176250031390188,-0.008298802814695066
4650,-1.1762666733075553,-0.008298802814695066
4651,-1.1762903406932463,-0.008298802814695066
4652,-1.1764748840208175,-0.008298802814695066
4653,-1.176622541624037,-0.008298802814695066
4654,-1.1769730811338346,-0.008298802814695066
4655,-1.1773219762775007,-0.008298802814695066
4656,-1.177359280394875,-0.008298802814695066
4657,-1.1774134822761124,-0.008298802814695066
4658,-1.1774788792771904,-0.008298802814695066
4659,-1.1775579150159585,-0.008298802814695066
4660,-1.1776208368562364,-0.008298802814695066
4661,-1.1776328612202627,-0.008298802814695066
4662,-1.177724419127434,-0.008298802814695066
4663,-1.17774623911395,-0.008298802814695066
4664,-1.1777506656821628,-0.008298802814695066
4665,-1.1778597687597043,-0.008298802814695066
4666,-1.1778972884427141,-0.008298802814695066
4667,-1.1779814414660508,-0.008298802814695066
4668,-1.1781802807192876,-0.008298802814695066
4669,-1.1782015161743875,-0.008298802814695066
4670,-1.1783210252860417,-0.008298802814695066
4671,-1.1783974416181116,-0.008298802814695066
4672,-1.1784875031159219,-0.008298802814695066
4673,-1.17854741173897,-0.008298802814695066
4674,-1.1786866164651166,-0.008298802814695066
4675,-1.1791227216843447,-0.008298802814695066
4676,-1.179205914331458,-0.008298802814695066
4677,-1.1792245211664034,-0.008298802814695066
4678,-1.1792890623170353,-0.008298802814695066
4679,-1.179419676171477,-0.008298802814695066
4680,-1.1794462468448788,-0.008298802814695066
4681,-1.1794530207369884,-0.008298802814695066
4682,-1.1794858096249718,-0.008298802814695066
4683,-1.1795509659414984,-0.008298802814695066
4684,-1.1796934799654362,-0.008298802814695066
4685,-1.1796945747614964,-0.008298802814695066
4686,-1.179962688868144,-0.008298802814695066
4687,-1.1800431840508665,-0.008298802814695066
4688,-1.1801425178932814,-0.008298802814695066
4689,-1.1803097898365884,-0.008298802814695066
4690,-1.1804138297308215,-0.008298802814695066
4691,-1.1804142692347988,-0.008298802814695066
4692,-1.1804653149716506,-0.008298802814695066
4693,-1.1805354731000612,-0.008298802814695066
4694,-1.180622631549509,-0.008298802814695066
4695,-1.180906933209912,-0.008298802814695066
4696,-1.1810076259855455,-0.008298802814695066
4697,-1.181026255740941,-0.008298802814695066
4698,-1.181033863412912,-0.008298802814695066
4699,-1.1810747605695384,-0.008298802814695066
4700,-1.1811974964169076,-0.008298802814695066
4701,-1.181246131342132,-0.008298802814695066
4702,-1.1812549070053278,-0.008298802814695066
4703,-1.1813139651400597,-0.008298802814695066
4704,-1.1814307906334043,-0.008298802814695066
4705,-1.1815230809981545,-0.008298802814695066
4706,-1.1815910268817618,-0.008298802814695066
4707,-1.1816250880255021,-0.008298802814695066
4708,-1.1816381070439155,-0.008298802814695066
4709,-1.1817142190217906,-0.008298802814695066
4710,-1.1817669672200841,-0.008298802814695066
4711,-1.1818556021286788,-0.008298802814695066
4712,-1.1820115355619125,-0.008298802814695066
4713,-1.1820554589320005,-0.008298802814695066
4714,-1.1820736861991836,-0.008298802814695066
4715,-1.1821247598350446,-0.008298802814695066
4716,-1.1822687184532423,-0.008298802814695066
4717,-1.1823877420791287,-0.008298802814695066
4718,-1.1825352821061386,-0.008298802814695066
4719,-1.1825577768857722,-0.008298802814695066
4720,-1.1826525507213195,-0.008298802814695066
4721,-1.1826572451370707,-0.008298802814695066
4722,-1.1826794373890581,-0.008298802814695066
4723,-1.1827202780690473,-0.008298802814695066
4724,-1.1828485192640354,-0.008298802814695066
4725,-1.1829225652211948,-0.008298802814695066
4726,-1.1829228416145516,-0.008298802814695066
4727,-1.182966704439643,-0.008298802814695066
4728,-1.1829938566932816,-0.008298802814695066
4729,-1.1830872373954349,-0.008298802814695066
4730,-1.1831580579151946,-0.008298802814695066
4731,-1.1833446135243404,-0.008298802814695066
4732,-1.1835075113409672,-0.008298802814695066
4733,-1.1836537201156703,-0.008298802814695066
4734,-1.1838652406089394,-0.008298802814695066
4735,-1.183962311719295,-0.008298802814695066
4736,-1.184026709615038,-0.008298802814695066
4737,-1.184079907619067,-0.008298802814695066
4738,-1.1841638728901684,-0.008298802814695066
4739,-1.184313970923709,-0.008298802814695066
4740,-1.1844891019319868,-0.008298802814695066
4741,-1.1845482020840927,-0.008298802814695066
4742,-1.1845975384035814,-0.008298802814695066
4743,-1.1847035119890637,-0.008298802814695066
4744,-1.1851692093848152,-0.008298802814695066
4745,-1.1852414371974045,-0.008298802814695066
4746,-1.1852686610935546,-0.008298802814695066
4747,-1.1853120788292268,-0.008298802814695066
4748,-1.185355092017161,-0.008298802814695066
4749,-1.1853675658215321,-0.008298802814695066
4750,-1.1854333866406734,-0.008298802814695066
4751,-1.185688889285017,-0.008298802814695066
4752,-1.1859102605126184,-0.008298802814695066
4753,-1.185975525601191,-0.008298802814695066
4754,-1.1861090277514592,-0.008298802814695066
4755,-1.1861916183013341,-0.008298802814695066
4756,-1.1862183667081205,-0.008298802814695066
4757,-1.1862948410801812,-0.008298802814695066
4758,-1.1863034967747805,-0.008298802814695066
4759,-1.186506034662881,-0.008298802814695066
4760,-1.1865484809268687,-0.008298802814695066
4761,-1.1866764245013268,-0.008298802814695066
4762,-1.1868470343221817,-0.008298802814695066
4763,-1.1869211128158816,-0.008298802814695066
4764,-1.1872675174672098,-0.008298802814695066
4765,-1.1873696969231113,-0.008298802814695066
4766,-1.187386305008374,-0.008298802814695066
4767,-1.1874010025983333,-0.008298802814695066
4768,-1.1874297104220357,-0.008298802814695066
4769,-1.187460992649034,-0.008298802814695066
4770,-1.1874836349923052,-0.008298802814695066
4771,-1.1875255029253493,-0.008298802814695066
4772,-1.187537227193205,-0.008298802814695066
4773,-1.1876549706232624,-0.008298802814695066
4774,-1.1878083622316193,-0.008298802814695066
4775,-1.1880104038609955,-0.008298802814695066
4776,-1.1880488455077451,-0.008298802814695066
4777,-1.1881023852070007,-0.008298802814695066
4778,-1.1882167274879512,-0.008298802814695066
4779,-1.1884034049791772,-0.008298802814695066
4780,-1.1884280866004044,-0.008298802814695066
4781,-1.1884761344480244,-0.008298802814695066
4782,-1.1885573264281073,-0.008298802814695066
4783,-1.1885780911526689,-0.008298802814695066
4784,-1.1885885914822372,-0.008298802814695066
4785,-1.1886793363822603,-0.008298802814695066
4786,-1.1886979367108264,-0.008298802814695066
4787,-1.188744748094881,-0.008298802814695066
4788,-1.1887611674243646,-0.008298802814695066
4789,-1.1888888608574775,-0.008298802814695066
4790,-1.1889517263954592,-0.008298802814695066
4791,-1.1889963626936255,-0.008298802814695066
4792,-1.1891221630469282,-0.008298802814695066
4793,-1.189127611753835,-0.008298802814695066
4794,-1.1892525548989248,-0.008298802814695066
4795,-1.1893579412054842,-0.008298802814695066
4796,-1.1894657155672115,-0.008298802814695066
4797,-1.1895071933131818,-0.008298802814695066
4798,-1.1895700549978565,-0.008298802814695066
4799,-1.1899866002705066,-0.008298802814695066
4800,-1.1900173396861955,-0.008298802814695066
4801,-1.1900804488797232,-0.008298802814695066
4802,-1.1901744871691264,-0.008298802814695066
4803,-1.1901931789766282,-0.008298802814695066
4804,-1.1904794274449495,-0.008298802814695066
4805,-1.1905466175532908,-0.008298802814695066
4806,-1.1905573599241737,-0.008298802814695066
4807,-1.1906761752141768,-0.008298802814695066
4808,-1.1907075297457839,-0.008298802814695066
4809,-1.1907783116110986,-0.008298802814695066
4810,-1.1908560640337706,-0.008298802814695066
4811,-1.191118520218486,-0.008298802814695066
4812,-1.1911705576524454,-0.008298802814695066
4813,-1.191320096644143,-0.008298802814695066
4814,-1.1913450241635948,-0.008298802814695066
4815,-1.1914058423773974,-0.008298802814695066
4816,-1.1914148142153567,-0.008298802814695066
4817,-1.191480557616193,-0.008298802814695066
4818,-1.1915733085447087,-0.008298802814695066
4819,-1.191628822966311,-0.008298802814695066
4820,-1.1916309266399787,-0.008298802814695066
4821,-1.191657688909818,-0.008298802814695066
4822,-1.1916601378090612,-0.008298802814695066
4823,-1.1917035096871837,-0.008298802814695066
4824,-1.1917342771218924,-0.008298802814695066
4825,-1.1918537108966172,-0.008298802814695066
4826,-1.1919262227884582,-0.008298802814695066
4827,-1.1920154989986893,-0.008298802814695066
4828,-1.192107317308171,-0.008298802814695066
4829,-1.1921390360956972,-0.008298802814695066
4830,-1.192205040064723,-0.008298802814695066
4831,-1.1926070627475704,-0.008298802814695066
4832,-1.1926603908144993,-0.008298802814695066
4833,-1.1926912261566311,-0.008298802814695066
4834,-1.1928093350304125,-0.008298802814695066
4835,-1.193047108476839,-0.008298802814695066
4836,-1.193068238463323,-0.008298802814695066
4837,-1.1931238471069023,-0.008298802814695066
4838,-1.1931409554628365,-0.008298802814695066
4839,-1.1931426659428759,-0.008298802814695066
4840,-1.1932345273702458,-0.008298802814695066
4841,-1.193307249188984,-0.008298802814695066
4842,-1.1935179169662822,-0.008298802814695066
4843,-1.1935275346267762,-0.008298802814695066
4844,-1.1935557222865436,-0.008298802814695066
4845,-1.1938844393942847,-0.008298802814695066
4846,-1.1939350146854615,-0.008298802814695066
4847,-1.19397520096653,-0.008298802814695066
4848,-1.1939771280515572,-0.008298802814695066
4849,-1.1940097169319346,-0.008298802814695066
4850,-1.1940665516832532,-0.008298802814695066
4851,-1.194187328484915,-0.008298802814695066
4852,-1.1941896240155985,-0.008298802814695066
4853,-1.194190006177243,-0.008298802814695066
4854,-1.1942422707867206,-0.008298802814695066
4855,-1.1944534663990405,-0.008298802814695066
4856,-1.1944784087024316,-0.008298802814695066
4857,-1.1944874603561364,-0.008298802814695066
4858,-1.194618306970155,-0.008298802814695066
4859,-1.194934728755242,-0.008298802814695066
4860,-1.1950495803690915,-0.008298802814695066
4861,-1.1950737590326508,-0.008298802814695066
4862,-1.1953230445840934,-0.008298802814695066
4863,-1.1953572668250645,-0.008298802814695066
4864,-1.1954470836087572,-0.008298802814695066
4865,-1.1955090143753617,-0.008298802814695066
4866,-1.195713519243177,-0.008298802814695066
4867,-1.1957253386970175,-0.008298802814695066
4868,-1.1958139671312513,-0.008298802814695066
4869,-1.195841473896033,-0.008298802814695066
4870,-1.1959038995879436,-0.008298802814695066
4871,-1.1962725903741602,-0.008298802814695066
4872,-1.1964051242822962,-0.008298802814695066
4873,-1.1964250133402612,-0.008298802814695066
4874,-1.1964312135925692,-0.008298802814695066
4875,-1.1964713199063965,-0.008298802814695066
4876,-1.1965000252655429,-0.008298802814695066
4877,-1.196637930976649,-0.008298802814695066
4878,-1.1966915034463859,-0.008298802814695066
4879,-1.1967544658326255,-0.008298802814695066
4880,-1.196757006464332,-0.008298802814695066
4881,-1.1967620371377916,-0.008298802814695066
4882,-1.1968892117586494,-0.008298802814695066
4883,-1.196990726893451,-0.008298802814695066
4884,-1.1969992736810884,-0.008298802814695066
4885,-1.197192982575912,-0.008298802814695066
4886,-1.197214753376275,-0.008298802814695066
4887,-1.1972713214800808,-0.008298802814695066
4888,-1.1974223623793412,-0.008298802814695066
4889,-1.197470680592843,-0.008298802814695066
4890,-1.1975221162280507,-0.008298802814695066
4891,-1.19762466265773,-0.008298802814695066
4892,-1.1976728664026925,-0.008298802814695066
4893,-1.1976996264012296,-0.008298802814695066
4894,-1.1979152136271007,-0.008298802814695066
4895,-1.1979242703233703,-0.008298802814695066
4896,-1.1979819638940028,-0.008298802814695066
4897,-1.1981045342733043,-0.008298802814695066
4898,-1.198234338891152,-0.008298802814695066
4899,-1.1982394898370967,-0.008298802814695066
4900,-1.1982527247618484,-0.008298802814695066
4901,-1.198283116628919,-0.008298802814695066
4902,-1.1982891770545505,-0.008298802814695066
4903,-1.19833731575586,-0.008298802814695066
4904,-1.1984282186922282,-0.008298802814695066
4905,-1.1985140861483186,-0.008298802814695066
4906,-1.1985754447203996,-0.008298802814695066
4907,-1.1987499186784134,-0.008298802814695066
4908,-1.198787485185549,-0.008298802814695066
4909,-1.1989550677026466,-0.008298802814695066
4910,-1.1990501886791987,-0.008298802814695066
4911,-1.199121062327648,-0.008298802814695066
4912,-1.1992003352042295,-0.008298802814695066
4913,-1.1992358320153769,-0.008298802814695066
4914,-1.199392527557669,-0.008298802814695066
4915,-1.199429873032662,-0.008298802814695066
4916,-1.1994390090883424,-0.008298802814695066
4917,-1.199571820171798,-0.008298802814695066
4918,-1.1996232906997042,-0.008298802814695066
4919,-1.1996781776083176,-0.008298802814695066
4920,-1.1996952572469486,-0.008298802814695066
4921,-1.199711194944478,-0.008298802814695066
4922,-1.1997147419149343,-0.008298802814695066
4923,-1.1997429309506291,-0.008298802814695066
4924,-1.199743174464719,-0.008298802814695066
4925,-1.1998494891940874,-0.008298802814695066
4926,-1.2001632688893538,-0.008298802814695066
4927,-1.2002463727254082,-0.008298802814695066
4928,-1.2002841096959822,-0.008298802814695066
4929,-1.2006425975718562,-0.008298802814695066
4930,-1.2006638448586309,-0.008298802814695066
4931,-1.200704159168244,-0.008298802814695066
4932,-1.200886628950788,-0.008298802814695066
4933,-1.2009596484459104,-0.008298802814695066
4934,-1.201034389653126,-0.008298802814695066
4935,-1.2010923235743205,-0.008298802814695066
4936,-1.2011037913940368,-0.008298802814695066
4937,-1.2011544003215833,-0.008298802814695066
4938,-1.2012000041972906,-0.008298802814695066
4939,-1.201246308984429,-0.008298802814695066
4940,-1.2013111363431113,-0.008298802814695066
4941,-1.2013209830565152,-0.008298802814695066
4942,-1.2014754452303342,-0.008298802814695066
4943,-1.2016033708508205,-0.008298802814695066
4944,-1.2016306659899971,-0.008298802814695066
4945,-1.201722127859922,-0.008298802814695066
4946,-1.201740133087445,-0.008298802814695066
4947,-1.201808298052907,-0.008298802814695066
4948,-1.2018288343124661,-0.008298802814695066
4949,-1.2018375250224222,-0.008298802814695066
4950,-1.2018922219336683,-0.008298802814695066
4951,-1.201902172185978,-0.008298802814695066
4952,-1.2020051880853162,-0.008298802814695066
4953,-1.2021209996899116,-0.008298802814695066
4954,-1.2021402014652314,-0.008298802814695066
4955,-1.2021730695082717,-0.008298802814695066
4956,-1.202198766822871,-0.008298802814695066
4957,-1.2022340907639526,-0.008298802814695066
4958,-1.2023259565894029,-0.008298802814695066
4959,-1.2024369413471376,-0.008298802814695066
4960,-1.2024395512701673,-0.008298802814695066
4961,-1.202513583222332,-0.008298802814695066
4962,-1.2025529503864318,-0.008298802814695066
4963,-1.2025811967169562,-0.008298802814695066
4964,-1.2027387736863868,-0.008298802814695066
4965,-1.202758467250535,-0.008298802814695066
4966,-1.2028392274341173,-0.008298802814695066
4967,-1.2028819240440265,-0.008298802814695066
4968,-1.2029618662327706,-0.008298802814695066
4969,-1.2030078831612496,-0.008298802814695066
4970,-1.203036338640545,-0.008298802814695066
4971,-1.2030545490281623,-0.008298802814695066
4972,-1.203164994314207,-0.008298802814695066
4973,-1.2031896926251018,-0.008298802814695066
4974,-1.203208674191067,-0.008298802814695066
4975,-1.203236933623803,-0.008298802814695066
4976,-1.203258056457183,-0.008298802814695066
4977,-1.2033448451184183,-0.008298802814695066
4978,-1.2034145488913883,-0.008298802814695066
4979,-1.2035573643862751,-0.008298802814695066
4980,-1.20356011589869,-0.008298802814695066
4981,-1.2035603845724976,-0.008298802814695066
4982,-1.2038769220714678,-0.008298802814695066
4983,-1.2039099819937098,-0.008298802814695066
4984,-1.2039862831735988,-0.008298802814695066
4985,-1.2039900567252402,-0.008298802814695066
4986,-1.204102840580193,-0.008298802814695066
4987,-1.2041329788404112,-0.008298802814695066
4988,-1.204138093761332,-0.008298802814695066
4989,-1.204230449173446,-0.008298802814695066
4990,-1.2042509977991696,-0.008298802814695066
4991,-1.2043376494892817,-0.008298802814695066
4992,-1.2043710960560339,-0.008298802814695066
4993,-1.204436417033376,-0.008298802814695066
4994,-1.2045560563087385,-0.008298802814695066
4995,-1.2047633947190741,-0.008298802814695066
4996,-1.2051225633533214,-0.008298802814695066
4997,-1.2051751200389944,-0.008298802814695066
4998,-1.2052659849296523,-0.008298802814695066
4999,-1.205405036816777,-0.008298802814695066
5000,-1.2054638218576956,-0.008298802814695066
5001,-1.2055413647764943,-0.008298802814695066
5002,-1.2055823374853063,-0.008298802814695066
5003,-1.205721342854205,-0.008298802814695066
5004,-1.2057277947159928,-0.008298802814695066
5005,-1.2059878359630982,-0.008298802814695066
5006,-1.2060330024583856,-0.008298802814695066
5007,-1.2060731557192699,-0.008298802814695066
5008,-1.2060803172866779,-0.008298802814695066
5009,-1.2060847376179789,-0.008298802814695066
5010,-1.2062585992585004,-0.008298802814695066
5011,-1.2063148804154087,-0.008298802814695066
5012,-1.2064249608764803,-0.008298802814695066
5013,-1.2065680097456495,-0.008298802814695066
5014,-1.2066470122592774,-0.008298802814695066
5015,-1.2067663237268167,-0.008298802814695066
5016,-1.2069248650511526,-0.008298802814695066
5017,-1.2071127942645037,-0.008298802814695066
5018,-1.2071215578257064,-0.008298802814695066
5019,-1.2071863173021182,-0.008298802814695066
5020,-1.2073649817710708,-0.008298802814695066
5021,-1.2073976014817136,-0.008298802814695066
5022,-1.2075548014591193,-0.008298802814695066
5023,-1.2077476335470436,-0.008298802814695066
5024,-1.2077968772255272,-0.008298802814695066
5025,-1.207816174261962,-0.008298802814695066
5026,-1.2078936001923504,-0.008298802814695066
5027,-1.208045742468678,-0.008298802814695066
5028,-1.2080504481112906,-0.008298802814695066
5029,-1.2081996017220795,-0.008298802814695066
5030,-1.2082206278157837,-0.008298802814695066
5031,-1.2083147864090384,-0.008298802814695066
5032,-1.208325911329254,-0.008298802814695066
5033,-1.2083308195315854,-0.008298802814695066
5034,-1.2083342101619414,-0.008298802814695066
5035,-1.208471437639736,-0.008298802814695066
5036,-1.2084717905024744,-0.008298802814695066
5037,-1.208595618942473,-0.008298802814695066
5038,-1.2086012216776225,-0.008298802814695066
5039,-1.208848766517059,-0.008298802814695066
5040,-1.2089299921881234,-0.008298802814695066
5041,-1.2089539756799448,-0.008298802814695066
5042,-1.2089883087870041,-0.008298802814695066
5043,-1.209018775982118,-0.008298802814695066
5044,-1.2092032169909084,-0.008298802814695066
5045,-1.2093151782912956,-0.008298802814695066
5046,-1.2093367568481646,-0.008298802814695066
5047,-1.2093571709662378,-0.008298802814695066
5048,-1.2094082398294046,-0.008298802814695066
5049,-1.2096210465897832,-0.008298802814695066
5050,-1.2097180096595506,-0.008298802814695066
5051,-1.2099009944240549,-0.008298802814695066
5052,-1.2099909642384645,-0.008298802814695066
5053,-1.2100455927563303,-0.008298802814695066
5054,-1.2100968751767491,-0.008298802814695066
5055,-1.2103287728088137,-0.008298802814695066
5056,-1.2105100729629943,-0.008298802814695066
5057,-1.210569278429225,-0.008298802814695066
5058,-1.2105995890442474,-0.008298802814695066
5059,-1.2106266385707931,-0.008298802814695066
5060,-1.2106691510986323,-0.008298802814695066
5061,-1.210787230092088,-0.008298802814695066
5062,-1.2108296389167013,-0.008298802814695066
5063,-1.2108572754200848,-0.008298802814695066
5064,-1.2108650650849282,-0.008298802814695066
5065,-1.210956166333534,-0.008298802814695066
5066,-1.21126703085943,-0.008298802814695066
5067,-1.2112918963445138,-0.008298802814695066
5068,-1.211427604859869,-0.008298802814695066
5069,-1.2114410602826973,-0.008298802814695066
5070,-1.211449878544532,-0.008298802814695066
5071,-1.2114651097783875,-0.008298802814695066
5072,-1.2115097524785976,-0.008298802814695066
5073,-1.2117256214351557,-0.008298802814695066
5074,-1.211948571175603,-0.008298802814695066
5075,-1.2120065328446161,-0.008298802814695066
5076,-1.2120761633292814,-0.008298802814695066
5077,-1.2121228598910692,-0.008298802814695066
5078,-1.2121591098436626,-0.008298802814695066
5079,-1.2121916684317573,-0.008298802814695066
5080,-1.212195020258834,-0.008298802814695066
5081,-1.2122340968362837,-0.008298802814695066
5082,-1.2122443288558815,-0.008298802814695066
5083,-1.2123068952500535,-0.008298802814695066
5084,-1.2123818656260046,-0.008298802814695066
5085,-1.2123822369283999,-0.008298802814695066
5086,-1.212867022383674,-0.008298802814695066
5087,-1.212911953873937,-0.008298802814695066
5088,-1.2129726100458549,-0.008298802814695066
5089,-1.2130083685592674,-0.008298802814695066
5090,-1.213024126950514,-0.008298802814695066
5091,-1.2130340110004596,-0.008298802814695066
5092,-1.2130707134068837,-0.008298802814695066
5093,-1.2130793694005662,-0.008298802814695066
5094,-1.2131876963403239,-0.008298802814695066
5095,-1.2131891280918807,-0.008298802814695066
5096,-1.2132952189762674,-0.008298802814695066
5097,-1.2133033120114287,-0.008298802814695066
5098,-1.213303499223033,-0.008298802814695066
5099,-1.213382521593726,-0.008298802814695066
5100,-1.2134198605639481,-0.008298802814695066
5101,-1.2135145519483201,-0.008298802814695066
5102,-1.2135290576148612,-0.008298802814695066
5103,-1.213741952874941,-0.008298802814695066
5104,-1.2137432742908665,-0.008298802814695066
5105,-1.2138363638289502,-0.008298802814695066
5106,-1.213944192159742,-0.008298802814695066
5107,-1.2139875266050488,-0.008298802814695066
5108,-1.2140329091798499,-0.008298802814695066
5109,-1.2140407823786137,-0.008298802814695066
5110,-1.214056075577331,-0.008298802814695066
5111,-1.21405756778119,-0.008298802814695066
5112,-1.2141783074075512,-0.008298802814695066
5113,-1.2141978346118385,-0.008298802814695066
5114,-1.214260490318979,-0.008298802814695066
5115,-1.2142923834213109,-0.008298802814695066
5116,-1.2143490385207405,-0.008298802814695066
5117,-1.2144306607286652,-0.008298802814695066
5118,-1.2145867759288311,-0.008298802814695066
5119,-1.2146550941120113,-0.008298802814695066
5120,-1.2146760779259387,-0.008298802814695066
5121,-1.2148001221928681,-0.008298802814695066
5122,-1.214941710469452,-0.008298802814695066
5123,-1.2149906604656349,-0.008298802814695066
5124,-1.2150342409369714,-0.008298802814695066
5125,-1.2150802308794573,-0.008298802814695066
5126,-1.2151333377126927,-0.008298802814695066
5127,-1.215165491526666,-0.008298802814695066
5128,-1.2153017588937665,-0.008298802814695066
5129,-1.2153380484986802,-0.008298802814695066
5130,-1.2154054463528556,-0.008298802814695066
5131,-1.215429159121579,-0.008298802814695066
5132,-1.215477148282824,-0.008298802814695066
5133,-1.2154837971411623,-0.008298802814695066
5134,-1.2154985477776938,-0.008298802814695066
5135,-1.2156559804923734,-0.008298802814695066
5136,-1.2156816847809633,-0.008298802814695066
5137,-1.2157553140522974,-0.008298802814695066
5138,-1.2158298753935313,-0.008298802814695066
5139,-1.2158503055893761,-0.008298802814695066
5140,-1.215867284556178,-0.008298802814695066
5141,-1.2159613043094613,-0.008298802814695066
5142,-1.2160080489246399,-0.008298802814695066
5143,-1.2160576695808032,-0.008298802814695066
5144,-1.2161294705597254,-0.008298802814695066
5145,-1.2161338054487238,-0.008298802814695066
5146,-1.2161347381392729,-0.008298802814695066
5147,-1.2163184025085332,-0.008298802814695066
5148,-1.2163393181899798,-0.008298802814695066
5149,-1.2163986903016957,-0.008298802814695066
5150,-1.2165434839825078,-0.008298802814695066
5151,-1.2165968112495251,-0.008298802814695066
5152,-1.216865197306507,-0.008298802814695066
5153,-1.2168779981106503,-0.008298802814695066
5154,-1.2169132804248912,-0.008298802814695066
5155,-1.2169220676035453,-0.008298802814695066
5156,-1.2169242941099654,-0.008298802814695066
5157,-1.2170474346335731,-0.008298802814695066
5158,-1.2171810766676254,-0.008298802814695066
5159,-1.2172662615797298,-0.008298802814695066
5160,-1.2173159015809227,-0.008298802814695066
5161,-1.217384883942708,-0.008298802814695066
5162,-1.2174609460498522,-0.008298802814695066
5163,-1.2174945019989207,-0.008298802814695066
5164,-1.217562914671458,-0.008298802814695066
5165,-1.2175932604455908,-0.008298802814695066
5166,-1.2176791665052273,-0.008298802814695066
5167,-1.2176961879725123,-0.008298802814695066
5168,-1.2177995155619084,-0.008298802814695066
5169,-1.2178207541368165,-0.008298802814695066
5170,-1.2179779496750438,-0.008298802814695066
5171,-1.218011830235812,-0.008298802814695066
5172,-1.2182440654266364,-0.008298802814695066
5173,-1.2182912900336502,-0.008298802814695066
5174,-1.2183478855458667,-0.008298802814695066
5175,-1.2185179206311987,-0.008298802814695066
5176,-1.2186134807257036,-0.008298802814695066
5177,-1.2186193223084714,-0.008298802814695066
5178,-1.2187921998899975,-0.008298802814695066
5179,-1.2188416522727685,-0.008298802814695066
5180,-1.2189847976117902,-0.008298802814695066
5181,-1.219062464725889,-0.008298802814695066
5182,-1.2191197408136891,-0.008298802814695066
5183,-1.219135961012305,-0.008298802814695066
5184,-1.2192094279681098,-0.008298802814695066
5185,-1.2192214892334252,-0.008298802814695066
5186,-1.2193026621227334,-0.008298802814695066
5187,-1.2193174280111467,-0.008298802814695066
5188,-1.2193382226276916,-0.008298802814695066
5189,-1.2194005439541198,-0.008298802814695066
5190,-1.2194434269981493,-0.008298802814695066
5191,-1.2197057997813845,-0.008298802814695066
5192,-1.21973985969724,-0.008298802814695066
5193,-1.2197645728667543,-0.008298802814695066
5194,-1.219790415627346,-0.008298802814695066
5195,-1.2198943903839565,-0.008298802814695066
5196,-1.2199010843128406,-0.008298802814695066
5197,-1.2199299757468176,-0.008298802814695066
5198,-1.2199320299226901,-0.008298802814695066
5199,-1.2199802761529577,-0.008298802814695066
5200,-1.220004157887892,-0.008298802814695066
5201,-1.2201467531462997,-0.008298802814695066
5202,-1.2201628169134249,-0.008298802814695066
5203,-1.2202228021194799,-0.008298802814695066
5204,-1.2203061950994276,-0.008298802814695066
5205,-1.2203217137783522,-0.008298802814695066
5206,-1.2203276730811787,-0.008298802814695066
5207,-1.220383167598139,-0.008298802814695066
5208,-1.2203952140405467,-0.008298802814695066
5209,-1.2204114943992743,-0.008298802814695066
5210,-1.220441403785459,-0.008298802814695066
5211,-1.2204752827691299,-0.008298802814695066
5212,-1.2205291037019794,-0.008298802814695066
5213,-1.2205495217563156,-0.008298802814695066
5214,-1.2206957496880582,-0.008298802814695066
5215,-1.2207742044211076,-0.008298802814695066
5216,-1.2208017346760935,-0.008298802814695066
5217,-1.2208401824723403,-0.008298802814695066
5218,-1.2208412930890076,-0.008298802814695066
5219,-1.2208808303604597,-0.008298802814695066
5220,-1.2209106175308657,-0.008298802814695066
5221,-1.2209280185149314,-0.008298802814695066
5222,-1.2209613426435908,-0.008298802814695066
5223,-1.2210525654782558,-0.008298802814695066
5224,-1.2210954276644341,-0.008298802814695066
5225,-1.2211695781086154,-0.008298802814695066
5226,-1.2211992851509068,-0.008298802814695066
5227,-1.2213285323572958,-0.008298802814695066
5228,-1.2213388866667851,-0.008298802814695066
5229,-1.2214106143627612,-0.008298802814695066
5230,-1.2214173957645147,-0.008298802814695066
5231,-1.2214306785252236,-0.008298802814695066
5232,-1.2215441613853888,-0.008298802814695066
5233,-1.2215607851049395,-0.008298802814695066
5234,-1.2216820256922336,-0.008298802814695066
5235,-1.2218160653423613,-0.008298802814695066
5236,-1.221821786540107,-0.008298802814695066
5237,-1.22184634733634,-0.008298802814695066
5238,-1.2219210978208417,-0.008298802814695066
5239,-1.2219317329642578,-0.008298802814695066
5240,-1.2219553627930757,-0.008298802814695066
5241,-1.2220462185750964,-0.008298802814695066
5242,-1.2220587873632962,-0.008298802814695066
5243,-1.2220660237496648,-0.008298802814695066
5244,-1.2220870992458637,-0.008298802814695066
5245,-1.2221037499814893,-0.008298802814695066
5246,-1.2221986878441666,-0.008298802814695066
5247,-1.222307940254862,-0.008298802814695066
5248,-1.2223147923189135,-0.008298802814695066
5249,-1.222369682836408,-0.008298802814695066
5250,-1.2223925921548495,-0.008298802814695066
5251,-1.222442104249954,-0.008298802814695066
5252,-1.2225851502253111,-0.008298802814695066
5253,-1.2226435975382972,-0.008298802814695066
5254,-1.2227441733674145,-0.008298802814695066
5255,-1.2227684125636298,-0.008298802814695066
5256,-1.2227686244985747,-0.008298802814695066
5257,-1.2228545475625263,-0.008298802814695066
5258,-1.2229211417860246,-0.008298802814695066
5259,-1.2229453977403908,-0.008298802814695066
5260,-1.2229915125046724,-0.008298802814695066
5261,-1.223231690659311,-0.008298802814695066
5262,-1.2232328369529468,-0.008298802814695066
5263,-1.2234746430148005,-0.008298802814695066
5264,-1.2235344637958891,-0.008298802814695066
5265,-1.223589521462202,-0.008298802814695066
5266,-1.223596768685748,-0.008298802814695066
5267,-1.223644409075328,-0.008298802814695066
5268,-1.223822108812175,-0.008298802814695066
5269,-1.2238231312063794,-0.008298802814695066
5270,-1.2239026208524812,-0.008298802814695066
5271,-1.223916785743082,-0.008298802814695066
5272,-1.2239384176044745,-0.008298802814695066
5273,-1.224082982524803,-0.008298802814695066
5274,-1.2240867121332166,-0.008298802814695066
5275,-1.2241725450312335,-0.008298802814695066
5276,-1.2242534817691189,-0.008298802814695066
5277,-1.2243000159372357,-0.008298802814695066
5278,-1.224312142055103,-0.008298802814695066
5279,-1.2243424202705886,-0.008298802814695066
5280,-1.2244290716759088,-0.008298802814695066
5281,-1.2245108118191559,-0.008298802814695066
5282,-1.2246259369289958,-0.008298802814695066
5283,-1.2246559847359566,-0.008298802814695066
5284,-1.2246755682292938,-0.008298802814695066
5285,-1.2247195159714586,-0.008298802814695066
5286,-1.2248631368210512,-0.008298802814695066
5287,-1.2249181573062164,-0.008298802814695066
5288,-1.2249979617990814,-0.008298802814695066
5289,-1.2250102014087092,-0.008298802814695066
5290,-1.225033153898584,-0.008298802814695066
5291,-1.2250370929994772,-0.008298802814695066
5292,-1.225048951218973,-0.008298802814695066
5293,-1.2250506983884724,-0.008298802814695066
5294,-1.225095346507691,-0.008298802814695066
5295,-1.2251188662523835,-0.008298802814695066
5296,-1.2251538577839263,-0.008298802814695066
5297,-1.225157223679863,-0.008298802814695066
5298,-1.2251815353012898,-0.008298802814695066
5299,-1.2251942649682617,-0.008298802814695066
5300,-1.225271592471597,-0.008298802814695066
5301,-1.2254222244939506,-0.008298802814695066
5302,-1.2254753435717327,-0.008298802814695066
5303,-1.2254994673543722,-0.008298802814695066
5304,-1.2255157464911282,-0.008298802814695066
5305,-1.2255487303149246,-0.008298802814695066
5306,-1.2255597327121746,-0.008298802814695066
5307,-1.225606941007851,-0.008298802814695066
5308,-1.2256243409741547,-0.008298802814695066
5309,-1.2258343860399412,-0.008298802814695066
5310,-1.2259698774551635,-0.008298802814695066
5311,-1.226052503071211,-0.008298802814695066
5312,-1.2260753779107612,-0.008298802814695066
5313,-1.2261311892247235,-0.008298802814695066
5314,-1.2262139843827442,-0.008298802814695066
5315,-1.226220477702176,-0.008298802814695066
5316,-1.2262300456770057,-0.008298802814695066
5317,-1.2263241831149383,-0.008298802814695066
5318,-1.226361860523925,-0.008298802814695066
5319,-1.226435489428383,-0.008298802814695066
5320,-1.2264606951932027,-0.008298802814695066
5321,-1.2265108682322765,-0.008298802814695066
5322,-1.2265284623705948,-0.008298802814695066
5323,-1.2265456768793528,-0.008298802814695066
5324,-1.2265735739478836,-0.008298802814695066
5325,-1.2265793295650282,-0.008298802814695066
5326,-1.2266359262040543,-0.008298802814695066
5327,-1.2266519875365944,-0.008298802814695066
5328,-1.2266543363284814,-0.008298802814695066
5329,-1.2266609385485268,-0.008298802814695066
5330,-1.226796088492788,-0.008298802814695066
5331,-1.2268225389448315,-0.008298802814695066
5332,-1.226835925236411,-0.008298802814695066
5333,-1.226914815040975,-0.008298802814695066
5334,-1.2269558452510216,-0.008298802814695066
5335,-1.2270783214160748,-0.008298802814695066
5336,-1.2270992526433036,-0.008298802814695066
5337,-1.2271784041215215,-0.008298802814695066
5338,-1.2272497527234167,-0.008298802814695066
5339,-1.2274267093303746,-0.008298802814695066
5340,-1.2274709137833266,-0.008298802814695066
5341,-1.227567930948935,-0.008298802814695066
5342,-1.2278270264884563,-0.008298802814695066
5343,-1.2278589193419434,-0.008298802814695066
5344,-1.2279552054307685,-0.008298802814695066
5345,-1.2279970623078087,-0.008298802814695066
5346,-1.2280642795201187,-0.008298802814695066
5347,-1.22814964890491,-0.008298802814695066
5348,-1.2282010631902445,-0.008298802814695066
5349,-1.228445690417725,-0.008298802814695066
5350,-1.2285096959367194,-0.008298802814695066
5351,-1.2285411096742713,-0.008298802814695066
5352,-1.2286499692189743,-0.008298802814695066
5353,-1.2288067252308355,-0.008298802814695066
5354,-1.2288074349424123,-0.008298802814695066
5355,-1.2288096149841998,-0.008298802814695066
5356,-1.2289559101497987,-0.008298802814695066
5357,-1.2291413772538369,-0.008298802814695066
5358,-1.229151269141754,-0.008298802814695066
5359,-1.2292632007763646,-0.008298802814695066
5360,-1.229281907294423,-0.008298802814695066
5361,-1.2294080994701284,-0.008298802814695066
5362,-1.2294848244296308,-0.008298802814695066
5363,-1.2295532670635907,-0.008298802814695066
5364,-1.2295599744357828,-0.008298802814695066
5365,-1.2296260841563227,-0.008298802814695066
5366,-1.2296468773674156,-0.008298802814695066
5367,-1.2296937073767173,-0.008298802814695066
5368,-1.2297769582955325,-0.008298802814695066
5369,-1.2298549351434287,-0.008298802814695066
5370,-1.229864170249865,-0.008298802814695066
5371,-1.2300104256097057,-0.008298802814695066
5372,-1.230013332883853,-0.008298802814695066
5373,-1.2301569705334914,-0.008298802814695066
5374,-1.2301608054463844,-0.008298802814695066
5375,-1.2302165975619421,-0.008298802814695066
5376,-1.2302347301241634,-0.008298802814695066
5377,-1.2302385146667598,-0.008298802814695066
5378,-1.2302755077706864,-0.008298802814695066
5379,-1.2302830700996854,-0.008298802814695066
5380,-1.230286048232825,-0.008298802814695066
5381,-1.2303107981140349,-0.008298802814695066
5382,-1.2303123805738272,-0.008298802814695066
5383,-1.2303392310472718,-0.008298802814695066
5384,-1.2304016102711515,-0.008298802814695066
5385,-1.2304038965765232,-0.008298802814695066
5386,-1.2304373199191079,-0.008298802814695066
5387,-1.2305033126774256,-0.008298802814695066
5388,-1.2305328388582144,-0.008298802814695066
5389,-1.2305810624080826,-0.008298802814695066
5390,-1.230668079503944,-0.008298802814695066
5391,-1.2306946878415996,-0.008298802814695066
5392,-1.2307911319594835,-0.008298802814695066
5393,-1.2308136396097982,-0.008298802814695066
5394,-1.2308257189576206,-0.008298802814695066
5395,-1.2310226474005237,-0.008298802814695066
5396,-1.231068448802881,-0.008298802814695066
5397,-1.2310980740185165,-0.008298802814695066
5398,-1.2311695393705984,-0.008298802814695066
5399,-1.2312019005162873,-0.008298802814695066
5400,-1.2312163286725921,-0.008298802814695066
5401,-1.2312252704350028,-0.008298802814695066
5402,-1.2312290011781246,-0.008298802814695066
5403,-1.2312472221751458,-0.008298802814695066
5404,-1.2313055813404539,-0.008298802814695066
5405,-1.23144660672713,-0.008298802814695066
5406,-1.231457934766236,-0.008298802814695066
5407,-1.2314987044656753,-0.008298802814695066
5408,-1.231576071329362,-0.008298802814695066
5409,-1.231595313630204,-0.008298802814695066
5410,-1.231604906193303,-0.008298802814695066
5411,-1.2316205886862468,-0.008298802814695066
5412,-1.2316555653488577,-0.008298802814695066
5413,-1.2316632936442111,-0.008298802814695066
5414,-1.2316940885198218,-0.008298802814695066
5415,-1.2317064227232952,-0.008298802814695066
5416,-1.231764141498168,-0.008298802814695066
5417,-1.231790288869497,-0.008298802814695066
5418,-1.2318597308335852,-0.008298802814695066
5419,-1.2319100170475181,-0.008298802814695066
5420,-1.2320465106748517,-0.008298802814695066
5421,-1.232047648295921,-0.008298802814695066
5422,-1.2320866243808744,-0.008298802814695066
5423,-1.2321940730198833,-0.008298802814695066
5424,-1.232252114298011,-0.008298802814695066
5425,-1.232259936559489,-0.008298802814695066
5426,-1.232268261815631,-0.008298802814695066
5427,-1.2323034072183754,-0.008298802814695066
5428,-1.232308862242126,-0.008298802814695066
5429,-1.2324511691317486,-0.008298802814695066
5430,-1.232508094537285,-0.008298802814695066
5431,-1.2325715633764407,-0.008298802814695066
5432,-1.2327526313306603,-0.008298802814695066
5433,-1.2327794114768045,-0.008298802814695066
5434,-1.2330135314635204,-0.008298802814695066
5435,-1.2330300122367892,-0.008298802814695066
5436,-1.2330617787176885,-0.008298802814695066
5437,-1.2330737007694668,-0.008298802814695066
5438,-1.2332194309669278,-0.008298802814695066
5439,-1.2333065365212295,-0.008298802814695066
5440,-1.2333748284943624,-0.008298802814695066
5441,-1.2334370928695613,-0.008298802814695066
5442,-1.2335331438962522,-0.008298802814695066
5443,-1.2335839388542373,-0.008298802814695066
5444,-1.233621810235834,-0.008298802814695066
5445,-1.2336341778617872,-0.008298802814695066
5446,-1.2336359300760171,-0.008298802814695066
5447,-1.2337429442447863,-0.008298802814695066
5448,-1.2337562795406962,-0.008298802814695066
5449,-1.2337652708217295,-0.008298802814695066
5450,-1.2338044133572867,-0.008298802814695066
5451,-1.2338567376272827,-0.008298802814695066
5452,-1.2338679149622336,-0.008298802814695066
5453,-1.2338874679279799,-0.008298802814695066
5454,-1.2339827009716824,-0.008298802814695066
5455,-1.234068030517384,-0.008298802814695066
5456,-1.23409464214099,-0.008298802814695066
5457,-1.2340965215256559,-0.008298802814695066
5458,-1.2341324853035929,-0.008298802814695066
5459,-1.234348410102257,-0.008298802814695066
5460,-1.2343735680567485,-0.008298802814695066
5461,-1.234634459055399,-0.008298802814695066
5462,-1.234662482407907,-0.008298802814695066
5463,-1.2346756866001656,-0.008298802814695066
5464,-1.2346859135485082,-0.008298802814695066
5465,-1.2347947238778794,-0.008298802814695066
5466,-1.2348058016989671,-0.008298802814695066
5467,-1.2348788704072682,-0.008298802814695066
5468,-1.2349165030458227,-0.008298802814695066
5469,-1.2349922596374263,-0.008298802814695066
5470,-1.2350015100322158,-0.008298802814695066
5471,-1.2350031184329229,-0.008298802814695066
5472,-1.2351295906990616,-0.008298802814695066
5473,-1.235145342408295,-0.008298802814695066
5474,-1.2352476442087195,-0.008298802814695066
5475,-1.2353218258211736,-0.008298802814695066
5476,-1.2353670618053585,-0.008298802814695066
5477,-1.23548544338019,-0.008298802814695066
5478,-1.235496863145727,-0.008298802814695066
5479,-1.2355166483278461,-0.008298802814695066
5480,-1.2356242183223374,-0.008298802814695066
5481,-1.2356411588327938,-0.008298802814695066
5482,-1.2357556953106794,-0.008298802814695066
5483,-1.2357805287279164,-0.008298802814695066
5484,-1.235823722372329,-0.008298802814695066
5485,-1.235831318106504,-0.008298802814695066
5486,-1.2358548545817394,-0.008298802814695066
5487,-1.2358944393652234,-0.008298802814695066
5488,-1.2359129206530208,-0.008298802814695066
5489,-1.235929647411198,-0.008298802814695066
5490,-1.2359597974433827,-0.008298802814695066
5491,-1.2359804183353464,-0.008298802814695066
5492,-1.2360086268014996,-0.008298802814695066
5493,-1.2360522634827156,-0.008298802814695066
5494,-1.2360858370667436,-0.008298802814695066
5495,-1.2361040807135615,-0.008298802814695066
5496,-1.2362146151812525,-0.008298802814695066
5497,-1.2362342546565412,-0.008298802814695066
5498,-1.2362673780338382,-0.008298802814695066
5499,-1.2362756314629904,-0.008298802814695066
5500,-1.2362948028118488,-0.008298802814695066
5501,-1.2363381332226222,-0.008298802814695066
5502,-1.236343147809852,-0.008298802814695066
5503,-1.2363515142452788,-0.008298802814695066
5504,-1.2363616938912139,-0.008298802814695066
5505,-1.2363903000441336,-0.008298802814695066
5506,-1.2364072507855965,-0.008298802814695066
5507,-1.2365056076910845,-0.008298802814695066
5508,-1.2365849507995121,-0.008298802814695066
5509,-1.2365950490732383,-0.008298802814695066
5510,-1.2366228572704934,-0.008298802814695066
5511,-1.236645438246169,-0.008298802814695066
5512,-1.2368221744392123,-0.008298802814695066
5513,-1.2369477746628132,-0.008298802814695066
5514,-1.2369793901883326,-0.008298802814695066
5515,-1.2369965426752045,-0.008298802814695066
5516,-1.2370338002304053,-0.008298802814695066
5517,-1.2370917869987281,-0.008298802814695066
5518,-1.2372507669116253,-0.008298802814695066
5519,-1.2372786086081422,-0.008298802814695066
5520,-1.237344198975141,-0.008298802814695066
5521,-1.2373676837483987,-0.008298802814695066
5522,-1.2373770028301032,-0.008298802814695066
5523,-1.2374030047630769,-0.008298802814695066
5524,-1.2374269651438081,-0.008298802814695066
5525,-1.237432873456651,-0.008298802814695066
5526,-1.2375410265579454,-0.008298802814695066
5527,-1.2375544410829022,-0.008298802814695066
5528,-1.2376117758392693,-0.008298802814695066
5529,-1.2376601436319952,-0.008298802814695066
5530,-1.2377264866033284,-0.008298802814695066
5531,-1.2377838510980381,-0.008298802814695066
5532,-1.2379700519515002,-0.008298802814695066
5533,-1.2380246796425465,-0.008298802814695066
5534,-1.2380293402670846,-0.008298802814695066
5535,-1.2380352813413011,-0.008298802814695066
5536,-1.2380728152300378,-0.008298802814695066
5537,-1.2380955894138221,-0.008298802814695066
5538,-1.2381330992525048,-0.008298802814695066
5539,-1.2381433534340538,-0.008298802814695066
5540,-1.2382448099593992,-0.008298802814695066
5541,-1.2383702990994758,-0.008298802814695066
5542,-1.2383776589434072,-0.008298802814695066
5543,-1.238397294822944,-0.008298802814695066
5544,-1.23843153511665,-0.008298802814695066
5545,-1.23844560705663,-0.008298802814695066
5546,-1.2384486167494393,-0.008298802814695066
5547,-1.2385671680589683,-0.008298802814695066
5548,-1.2386528542717956,-0.008298802814695066
5549,-1.2386881406600172,-0.008298802814695066
5550,-1.238724426289229,-0.008298802814695066
5551,-1.2388194351488167,-0.008298802814695066
5552,-1.238830852468944,-0.008298802814695066
5553,-1.2388449208276526,-0.008298802814695066
5554,-1.2389358785660571,-0.008298802814695066
5555,-1.238938146853993,-0.008298802814695066
5556,-1.238949055401734,-0.008298802814695066
5557,-1.2390077224429552,-0.008298802814695066
5558,-1.239027775487538,-0.008298802814695066
5559,-1.239060805320678,-0.008298802814695066
5560,-1.2390986522518517,-0.008298802814695066
5561,-1.2391704991911396,-0.008298802814695066
5562,-1.2391788675692819,-0.008298802814695066
5563,-1.2392224785999788,-0.008298802814695066
5564,-1.2393166777363152,-0.008298802814695066
5565,-1.2393722514537215,-0.008298802814695066
5566,-1.2394194372887422,-0.008298802814695066
5567,-1.2394402255386434,-0.008298802814695066
5568,-1.2394487372507976,-0.008298802814695066
5569,-1.2394620338104445,-0.008298802814695066
5570,-1.2395028292357386,-0.008298802814695066
5571,-1.2395292263284392,-0.008298802814695066
5572,-1.2395767155884927,-0.008298802814695066
5573,-1.2397260200672953,-0.008298802814695066
5574,-1.239804310798259,-0.008298802814695066
5575,-1.239833860960926,-0.008298802814695066
5576,-1.23985650469984,-0.008298802814695066
5577,-1.2399510335554833,-0.008298802814695066
5578,-1.240007865817408,-0.008298802814695066
5579,-1.2400407024766105,-0.008298802814695066
5580,-1.2401125198531089,-0.008298802814695066
5581,-1.2401520913672093,-0.008298802814695066
5582,-1.2401926310995688,-0.008298802814695066
5583,-1.2402272093574171,-0.008298802814695066
5584,-1.2402809133556052,-0.008298802814695066
5585,-1.2403110704531763,-0.008298802814695066
5586,-1.2403239490499876,-0.008298802814695066
5587,-1.24033986944717,-0.008298802814695066
5588,-1.2403824554658551,-0.008298802814695066
5589,-1.2404614528789977,-0.008298802814695066
5590,-1.240478614892911,-0.008298802814695066
5591,-1.2404839602875242,-0.008298802814695066
5592,-1.2405984450540428,-0.008298802814695066
5593,-1.2406334825752916,-0.008298802814695066
5594,-1.2406453575795648,-0.008298802814695066
5595,-1.2406740729674546,-0.008298802814695066
5596,-1.2407331335567702,-0.008298802814695066
5597,-1.2407979713361943,-0.008298802814695066
5598,-1.2409048477093618,-0.008298802814695066
5599,-1.2409186829763208,-0.008298802814695066
5600,-1.2409606362370917,-0.008298802814695066
5601,-1.2409783027969983,-0.008298802814695066
5602,-1.2410197515014332,-0.008298802814695066
5603,-1.2410227041219557,-0.008298802814695066
5604,-1.241027999289206,-0.008298802814695066
5605,-1.2410656352869234,-0.008298802814695066
5606,-1.2410941018094341,-0.008298802814695066
5607,-1.2410979538190676,-0.008298802814695066
5608,-1.241103965152124,-0.008298802814695066
5609,-1.2411347601477214,-0.008298802814695066
5610,-1.241135640595913,-0.008298802814695066
5611,-1.2412155140180374,-0.008298802814695066
5612,-1.2412500569958018,-0.008298802814695066
5613,-1.2412746389941125,-0.008298802814695066
5614,-1.2413023648262054,-0.008298802814695066
5615,-1.2413275535924782,-0.008298802814695066
5616,-1.2413459857201183,-0.008298802814695066
5617,-1.2414208921500645,-0.008298802814695066
5618,-1.2414326658892831,-0.008298802814695066
5619,-1.24145451105856,-0.008298802814695066
5620,-1.241462520845477,-0.008298802814695066
5621,-1.2414988700246201,-0.008298802814695066
5622,-1.241499050973485,-0.008298802814695066
5623,-1.2415466658563095,-0.008298802814695066
5624,-1.2416530533044576,-0.008298802814695066
5625,-1.2416742678997212,-0.008298802814695066
5626,-1.2417161919230315,-0.008298802814695066
5627,-1.2417297477176414,-0.008298802814695066
5628,-1.2417305677014756,-0.008298802814695066
5629,-1.2417735300707804,-0.008298802814695066
5630,-1.2417826388092226,-0.008298802814695066
5631,-1.2418664876931182,-0.008298802814695066
5632,-1.2419067350577793,-0.008298802814695066
5633,-1.241907980428162,-0.008298802814695066
5634,-1.2419147879200367,-0.008298802814695066
5635,-1.2419346450511166,-0.008298802814695066
5636,-1.241990926944137,-0.008298802814695066
5637,-1.242156674379787,-0.008298802814695066
5638,-1.2422724090384203,-0.008298802814695066
5639,-1.2422755520123037,-0.008298802814695066
5640,-1.2422965677445823,-0.008298802814695066
5641,-1.2423411068806833,-0.008298802814695066
5642,-1.2423659522529367,-0.008298802814695066
5643,-1.2423818100780462,-0.008298802814695066
5644,-1.2424574406152697,-0.008298802814695066
5645,-1.2424616896030771,-0.008298802814695066
5646,-1.2424911766377142,-0.008298802814695066
5647,-1.2425254105096983,-0.008298802814695066
5648,-1.2427047635866875,-0.008298802814695066
5649,-1.2427401618027578,-0.008298802814695066
5650,-1.2428021838304872,-0.008298802814695066
5651,-1.2428178943541304,-0.008298802814695066
5652,-1.242844898429947,-0.008298802814695066
5653,-1.2428806646630557,-0.008298802814695066
5654,-1.2428975951024914,-0.008298802814695066
5655,-1.2429596845166084,-0.008298802814695066
5656,-1.2430260596913982,-0.008298802814695066
5657,-1.2430348044282211,-0.008298802814695066
5658,-1.2430392659895615,-0.008298802814695066
5659,-1.243062777816918,-0.008298802814695066
5660,-1.2430730729837551,-0.008298802814695066
5661,-1.243096474951601,-0.008298802814695066
5662,-1.2431371466759034,-0.008298802814695066
5663,-1.2431395994393923,-0.008298802814695066
5664,-1.2431402671632652,-0.008298802814695066
5665,-1.2431733645459724,-0.008298802814695066
5666,-1.2431865108222082,-0.008298802814695066
5667,-1.2432253819953631,-0.008298802814695066
5668,-1.2433601970046158,-0.008298802814695066
5669,-1.2433995737600236,-0.008298802814695066
5670,-1.2434208303709984,-0.008298802814695066
5671,-1.2434220811514891,-0.008298802814695066
5672,-1.243461160642057,-0.008298802814695066
5673,-1.2434621454265173,-0.008298802814695066
5674,-1.243579808405894,-0.008298802814695066
5675,-1.2436148660344724,-0.008298802814695066
5676,-1.2436801503619033,-0.008298802814695066
5677,-1.2437777196100264,-0.008298802814695066
5678,-1.2438062277365274,-0.008298802814695066
5679,-1.243815658454002,-0.008298802814695066
5680,-1.243872641626414,-0.008298802814695066
5681,-1.24389522989668,-0.008298802814695066
5682,-1.2439292103597326,-0.008298802814695066
5683,-1.2439628925274715,-0.008298802814695066
5684,-1.2439819103783694,-0.008298802814695066
5685,-1.2441739999467551,-0.008298802814695066
5686,-1.2442646451069679,-0.008298802814695066
5687,-1.244279801962378,-0.008298802814695066
5688,-1.2443755424083216,-0.008298802814695066
5689,-1.2444075888887354,-0.008298802814695066
5690,-1.2444115422591584,-0.008298802814695066
5691,-1.2444312142768528,-0.008298802814695066
5692,-1.2444523906954688,-0.008298802814695066
5693,-1.2445125999386815,-0.008298802814695066
5694,-1.244521878630073,-0.008298802814695066
5695,-1.244529701090485,-0.008298802814695066
5696,-1.2445424771920468,-0.008298802814695066
5697,-1.2445530826846833,-0.008298802814695066
5698,-1.2445877511126897,-0.008298802814695066
5699,-1.2445895291766123,-0.008298802814695066
5700,-1.2446646518137143,-0.008298802814695066
5701,-1.2446815601461867,-0.008298802814695066
5702,-1.2447050215972293,-0.008298802814695066
5703,-1.2447403646966193,-0.008298802814695066
5704,-1.2447679734845205,-0.008298802814695066
5705,-1.2447890498171423,-0.008298802814695066
5706,-1.24481449812835,-0.008298802814695066
5707,-1.2448511078766475,-0.008298802814695066
5708,-1.2448539469598174,-0.008298802814695066
5709,-1.2448614405103517,-0.008298802814695066
5710,-1.2448682562954838,-0.008298802814695066
5711,-1.2448754681886889,-0.008298802814695066
5712,-1.2448832853633798,-0.008298802814695066
5713,-1.2449041760894595,-0.008298802814695066
5714,-1.2449439649733618,-0.008298802814695066
5715,-1.2450548788080587,-0.008298802814695066
5716,-1.2450988551664746,-0.008298802814695066
5717,-1.2451979914141502,-0.008298802814695066
5718,-1.245209411759681,-0.008298802814695066
5719,-1.2452382776864264,-0.008298802814695066
5720,-1.2452386442328223,-0.008298802814695066
5721,-1.2452740559420132,-0.008298802814695066
5722,-1.2453252875001721,-0.008298802814695066
5723,-1.2453316642580379,-0.008298802814695066
5724,-1.2453442876099055,-0.008298802814695066
5725,-1.2453611490196768,-0.008298802814695066
5726,-1.245366569436245,-0.008298802814695066
5727,-1.2454184576192207,-0.008298802814695066
5728,-1.2454325817485823,-0.008298802814695066
5729,-1.2454418340353826,-0.008298802814695066
5730,-1.245564029999562,-0.008298802814695066
5731,-1.2455739388668623,-0.008298802814695066
5732,-1.245605868514858,-0.008298802814695066
5733,-1.2456458679846119,-0.008298802814695066
5734,-1.2456945402037012,-0.008298802814695066
5735,-1.2457128993543323,-0.008298802814695066
5736,-1.2457143637022554,-0.008298802814695066
5737,-1.2457266558490756,-0.008298802814695066
5738,-1.2457438420456777,-0.008298802814695066
5739,-1.2457637577666343,-0.008298802814695066
5740,-1.2457649676184297,-0.008298802814695066
5741,-1.2457825014446817,-0.008298802814695066
5742,-1.2457896217916589,-0.008298802814695066
5743,-1.2458360920062876,-0.008298802814695066
5744,-1.2458497776709385,-0.008298802814695066
5745,-1.245857153478862,-0.008298802814695066
5746,-1.2458628128118698,-0.008298802814695066
5747,-1.2459691097527625,-0.008298802814695066
5748,-1.245998684615433,-0.008298802814695066
5749,-1.2460104954140616,-0.008298802814695066
5750,-1.2460277373042024,-0.008298802814695066
5751,-1.246079114939522,-0.008298802814695066
5752,-1.246103828566376,-0.008298802814695066
5753,-1.2461389588772154,-0.008298802814695066
5754,-1.2461988636867196,-0.008298802814695066
5755,-1.2462059806606143,-0.008298802814695066
5756,-1.2462334063959175,-0.008298802814695066
5757,-1.2462457559783715,-0.008298802814695066
5758,-1.2462574853028805,-0.008298802814695066
5759,-1.246281904953973,-0.008298802814695066
5760,-1.2462890174212977,-0.008298802814695066
5761,-1.2462992545331173,-0.008298802814695066
5762,-1.2463135762073094,-0.008298802814695066
5763,-1.2463434735110377,-0.008298802814695066
5764,-1.2463766763942004,-0.008298802814695066
5765,-1.2464098680995876,-0.008298802814695066
5766,-1.2464187484851983,-0.008298802814695066
5767,-1.2464248025603388,-0.008298802814695066
5768,-1.2464329833868413,-0.008298802814695066
5769,-1.2464514553074364,-0.008298802814695066
5770,-1.246474441891141,-0.008298802814695066
5771,-1.2465277678781228,-0.008298802814695066
5772,-1.246561041107614,-0.008298802814695066
5773,-1.246587360418916,-0.008298802814695066
5774,-1.2466450886993135,-0.008298802814695066
5775,-1.2466569540683148,-0.008298802814695066
5776,-1.2467121483359092,-0.008298802814695066
5777,-1.2467315721263306,-0.008298802814695066
5778,-1.2467784256392875,-0.008298802814695066
5779,-1.2468475991044627,-0.008298802814695066
5780,-1.2468932689283372,-0.008298802814695066
5781,-1.2469077601641367,-0.008298802814695066
5782,-1.2469471226847233,-0.008298802814695066
5783,-1.246973256441955,-0.008298802814695066
5784,-1.247022875164056,-0.008298802814695066
5785,-1.2470249792251937,-0.008298802814695066
5786,-1.2470491638809396,-0.008298802814695066
5787,-1.247098600166272,-0.008298802814695066
5788,-1.2471298412412415,-0.008298802814695066
5789,-1.2471300962970269,-0.008298802814695066
5790,-1.2471379690657716,-0.008298802814695066
5791,-1.2471427573854827,-0.008298802814695066
5792,-1.2471483752020205,-0.008298802814695066
5793,-1.2472211105031052,-0.008298802814695066
5794,-1.2472225857034225,-0.008298802814695066
5795,-1.2472447828995905,-0.008298802814695066
5796,-1.2472633018185388,-0.008298802814695066
5797,-1.2472931745339164,-0.008298802814695066
5798,-1.2473040157550943,-0.008298802814695066
5799,-1.247305179841718,-0.008298802814695066
5800,-1.2473369349750014,-0.008298802814695066
5801,-1.2475098584822046,-0.008298802814695066
5802,-1.2475409870617704,-0.008298802814695066
5803,-1.2475781398479464,-0.008298802814695066
5804,-1.247594667781243,-0.008298802814695066
5805,-1.2476148851513287,-0.008298802814695066
5806,-1.2476646078463953,-0.008298802814695066
5807,-1.2476850839742482,-0.008298802814695066
5808,-1.2476968981326442,-0.008298802814695066
5809,-1.247744060454223,-0.008298802814695066
5810,-1.2477840223525885,-0.008298802814695066
5811,-1.247801659449302,-0.008298802814695066
5812,-1.2478098463557394,-0.008298802814695066
5813,-1.2478894480936984,-0.008298802814695066
5814,-1.2479406174247452,-0.008298802814695066
5815,-1.247999123888652,-0.008298802814695066
5816,-1.2480224870757135,-0.008298802814695066
5817,-1.2480235392449184,-0.008298802814695066
5818,-1.248057383519733,-0.008298802814695066
5819,-1.2480805328781082,-0.008298802814695066
5820,-1.2480838435434976,-0.008298802814695066
5821,-1.2481094579726704,-0.008298802814695066
5822,-1.2481559284230679,-0.008298802814695066
5823,-1.248160819535152,-0.008298802814695066
5824,-1.2482142364146847,-0.008298802814695066
5825,-1.2482525868433711,-0.008298802814695066
5826,-1.248264245207501,-0.008298802814695066
5827,-1.2482715255403296,-0.008298802814695066
5828,-1.2482751128965264,-0.008298802814695066
5829,-1.248282405156441,-0.008298802814695066
5830,-1.2483363422341895,-0.008298802814695066
5831,-1.2483627201283278,-0.008298802814695066
5832,-1.248383630931192,-0.008298802814695066
5833,-1.2484070139709453,-0.008298802814695066
5834,-1.2484100808004528,-0.008298802814695066
5835,-1.248426738196771,-0.008298802814695066
5836,-1.2484506568072673,-0.008298802814695066
5837,-1.2484628523307206,-0.008298802814695066
5838,-1.2484735127026925,-0.008298802814695066
5839,-1.248476037507112,-0.008298802814695066
5840,-1.2485278832059032,-0.008298802814695066
5841,-1.248528213464987,-0.008298802814695066
5842,-1.2485519424401001,-0.008298802814695066
5843,-1.2485857452133695,-0.008298802814695066
5844,-1.2486182721939865,-0.008298802814695066
5845,-1.2486237398627447,-0.008298802814695066
5846,-1.2486545161290843,-0.008298802814695066
5847,-1.2486552455535127,-0.008298802814695066
5848,-1.2487319885971382,-0.008298802814695066
5849,-1.2488172556424852,-0.008298802814695066
5850,-1.2488302996026024,-0.008298802814695066
5851,-1.2488874404430874,-0.008298802814695066
5852,-1.2488999281255337,-0.008298802814695066
5853,-1.248921308365881,-0.008298802814695066
5854,-1.248941613684915,-0.008298802814695066
5855,-1.2489549868192902,-0.008298802814695066
5856,-1.2489743956638466,-0.008298802814695066
5857,-1.249038208926354,-0.008298802814695066
5858,-1.2490522431468154,-0.008298802814695066
5859,-1.249144371209261,-0.008298802814695066
5860,-1.2491461291825616,-0.008298802814695066
5861,-1.2491729525377226,-0.008298802814695066
5862,-1.2491744034719956,-0.008298802814695066
5863,-1.2491972670308784,-0.008298802814695066
5864,-1.2492090929363835,-0.008298802814695066
5865,-1.2492162444770787,-0.008298802814695066
5866,-1.2492305745652161,-0.008298802814695066
5867,-1.2492354221221527,-0.008298802814695066
5868,-1.2492588840982202,-0.008298802814695066
5869,-1.24926911270158,-0.008298802814695066
5870,-1.2493240007320148,-0.008298802814695066
5871,-1.2493754757745226,-0.008298802814695066
5872,-1.2494767163686047,-0.008298802814695066
5873,-1.2495036257493815,-0.008298802814695066
5874,-1.2495128605351487,-0.008298802814695066
5875,-1.2495165998507507,-0.008298802814695066
5876,-1.2495594291637784,-0.008298802814695066
5877,-1.249572123786405,-0.008298802814695066
5878,-1.2495856521003799,-0.008298802814695066
5879,-1.2496320399422882,-0.008298802814695066
5880,-1.249650283480781,-0.008298802814695066
5881,-1.2496700721227758,-0.008298802814695066
5882,-1.2497155274688223,-0.008298802814695066
5883,-1.249724854180796,-0.008298802814695066
5884,-1.249744033582207,-0.008298802814695066
5885,-1.2497596774742745,-0.008298802814695066
5886,-1.2497762832006938,-0.008298802814695066
5887,-1.249796652633289,-0.008298802814695066
5888,-1.2498360272569637,-0.008298802814695066
5889,-1.2498444343176933,-0.008298802814695066
5890,-1.2498894603404673,-0.008298802814695066
5891,-1.2498950483975158,-0.008298802814695066
5892,-1.2499129858303673,-0.008298802814695066
5893,-1.249931551712224,-0.008298802814695066
5894,-1.2499504314574394,-0.008298802814695066
5895,-1.2499632340192481,-0.008298802814695066
5896,-1.2500230887289274,-0.008298802814695066
5897,-1.250042894685688,-0.008298802814695066
5898,-1.2500580644142927,-0.008298802814695066
5899,-1.250072648755722,-0.008298802814695066
5900,-1.2500862397967887,-0.008298802814695066
5901,-1.2501920944740887,-0.008298802814695066
5902,-1.2502033671971409,-0.008298802814695066
5903,-1.2502259010873669,-0.008298802814695066
5904,-1.250257676924384,-0.008298802814695066
5905,-1.2502650801041408,-0.008298802814695066
5906,-1.2503020998962977,-0.008298802814695066
5907,-1.2503555122268413,-0.008298802814695066
5908,-1.2504106623092404,-0.008298802814695066
5909,-1.250412238110085,-0.008298802814695066
5910,-1.2504200866419564,-0.008298802814695066
5911,-1.2504206311104284,-0.008298802814695066
5912,-1.2504406010005085,-0.008298802814695066
5913,-1.250446865612574,-0.008298802814695066
5914,-1.25059322349511,-0.008298802814695066
5915,-1.2506330450399066,-0.008298802814695066
5916,-1.2506336030369938,-0.008298802814695066
5917,-1.2506342079570056,-0.008298802814695066
5918,-1.250644660015848,-0.008298802814695066
5919,-1.2506494785512507,-0.008298802814695066
5920,-1.2507023989336583,-0.008298802814695066
5921,-1.2507184897637562,-0.008298802814695066
5922,-1.250721610515644,-0.008298802814695066
5923,-1.2507496666587303,-0.008298802814695066
5924,-1.2507718092767213,-0.008298802814695066
5925,-1.2507748468013802,-0.008298802814695066
5926,-1.2507802736680884,-0.008298802814695066
5927,-1.2507871740487804,-0.008298802814695066
5928,-1.2507999917033656,-0.008298802814695066
5929,-1.2508129044132685,-0.008298802814695066
5930,-1.2508294047990116,-0.008298802814695066
5931,-1.2508457925800445,-0.008298802814695066
5932,-1.2508512608452313,-0.008298802814695066
5933,-1.250861276843641,-0.008298802814695066
5934,-1.250868347792463,-0.008298802814695066
5935,-1.2508796779542122,-0.008298802814695066
5936,-1.2508866741088296,-0.008298802814695066
5937,-1.2508935371759744,-0.008298802814695066
5938,-1.2508951922161975,-0.008298802814695066
5939,-1.2509323516444566,-0.008298802814695066
5940,-1.250984939199834,-0.008298802814695066
5941,-1.2509915916199918,-0.008298802814695066
5942,-1.251018717320809,-0.008298802814695066
5943,-1.2510347826401989,-0.008298802814695066
5944,-1.2510560624383027,-0.008298802814695066
5945,-1.2511090652865233,-0.008298802814695066
5946,-1.2511232041054456,-0.008298802814695066
5947,-1.251154024282065,-0.008298802814695066
5948,-1.2511585114370012,-0.008298802814695066
5949,-1.2512019340860148,-0.008298802814695066
5950,-1.2512079681891208,-0.008298802814695066
5951,-1.25126490112773,-0.008298802814695066
5952,-1.2512726349982117,-0.008298802814695066
5953,-1.2513360057930498,-0.008298802814695066
5954,-1.2513787902252467,-0.008298802814695066
5955,-1.251439868202533,-0.008298802814695066
5956,-1.2514473043312193,-0.008298802814695066
5957,-1.2514577590425775,-0.008298802814695066
5958,-1.2514939861491599,-0.008298802814695066
5959,-1.2515225983142892,-0.008298802814695066
5960,-1.2515248578791782,-0.008298802814695066
5961,-1.2515323484286447,-0.008298802814695066
5962,-1.2515527959268336,-0.008298802814695066
5963,-1.251556932371566,-0.008298802814695066
5964,-1.251583416732026,-0.008298802814695066
5965,-1.2515950531808584,-0.008298802814695066
5966,-1.2515967296424235,-0.008298802814695066
5967,-1.251615030964031,-0.008298802814695066
5968,-1.251618584294459,-0.008298802814695066
5969,-1.2516224216304899,-0.008298802814695066
5970,-1.2516231925416694,-0.008298802814695066
5971,-1.2516750352913897,-0.008298802814695066
5972,-1.2516971969466772,-0.008298802814695066
5973,-1.2517419448602538,-0.008298802814695066
5974,-1.2517487608300912,-0.008298802814695066
5975,-1.2518524179554709,-0.008298802814695066
5976,-1.2518837862303993,-0.008298802814695066
5977,-1.2518849123982592,-0.008298802814695066
5978,-1.251902440778284,-0.008298802814695066
5979,-1.251940330664919,-0.008298802814695066
5980,-1.2519645790668292,-0.008298802814695066
5981,-1.25196485958914,-0.008298802814695066
5982,-1.2519935179002797,-0.008298802814695066
5983,-1.2520135138452924,-0.008298802814695066
5984,-1.252019121430699,-0.008298802814695066
5985,-1.252031985125041,-0.008298802814695066
5986,-1.25208362777872,-0.008298802814695066
5987,-1.2521332949685193,-0.008298802814695066
5988,-1.2521357509625894,-0.008298802814695066
5989,-1.252150139874841,-0.008298802814695066
5990,-1.2521755126482081,-0.008298802814695066
5991,-1.2522001334620354,-0.008298802814695066
5992,-1.2522165423232103,-0.008298802814695066
5993,-1.2522578787170706,-0.008298802814695066
5994,-1.2522615380961983,-0.008298802814695066
5995,-1.2522617425340459,-0.008298802814695066
5996,-1.2522804976117055,-0.008298802814695066
5997,-1.2523267939124723,-0.008298802814695066
5998,-1.2523292199416471,-0.008298802814695066
5999,-1.2523301386500445,-0.008298802814695066
6000,-1.2523444279716438,-0.008298802814695066
6001,-1.2523748416856948,-0.008298802814695066
6002,-1.2524017616498626,-0.008298802814695066
6003,-1.2524070796346394,-0.008298802814695066
6004,-1.2524166800017418,-0.008298802814695066
6005,-1.252423310859606,-0.008298802814695066
6006,-1.252435597918963,-0.008298802814695066
6007,-1.2524559583740587,-0.008298802814695066
6008,-1.2524625825781888,-0.008298802814695066
6009,-1.2524909431724867,-0.008298802814695066
6010,-1.2525052400823757,-0.008298802814695066
6011,-1.2525183453667228,-0.008298802814695066
6012,-1.2525223497525242,-0.008298802814695066
6013,-1.2525294793662827,-0.008298802814695066
6014,-1.2525415365805035,-0.008298802814695066
6015,-1.2525442350600002,-0.008298802814695066
6016,-1.2525473226760147,-0.008298802814695066
6017,-1.2525553222323742,-0.008298802814695066
6018,-1.2526062375897427,-0.008298802814695066
6019,-1.2526148425100445,-0.008298802814695066
6020,-1.252621764085828,-0.008298802814695066
6021,-1.2526405946525225,-0.008298802814695066
6022,-1.2526463736616877,-0.008298802814695066
6023,-1.2526615184228143,-0.008298802814695066
6024,-1.2526649864106214,-0.008298802814695066
6025,-1.2527594813681167,-0.008298802814695066
6026,-1.2527686086148988,-0.008298802814695066
6027,-1.2527732320135996,-0.008298802814695066
6028,-1.2527963915768614,-0.008298802814695066
6029,-1.2528250472645808,-0.008298802814695066
6030,-1.252837087272904,-0.008298802814695066
6031,-1.2529248982528947,-0.008298802814695066
6032,-1.2529688407211435,-0.008298802814695066
6033,-1.2529842109477611,-0.008298802814695066
6034,-1.2529856644665744,-0.008298802814695066
6035,-1.252989350714395,-0.008298802814695066
6036,-1.2530271824199302,-0.008298802814695066
6037,-1.2530973166685841,-0.008298802814695066
6038,-1.2530985193066826,-0.008298802814695066
6039,-1.253105898842091,-0.008298802814695066
6040,-1.2531354425734558,-0.008298802814695066
6041,-1.2531471478307947,-0.008298802814695066
6042,-1.2531776658771685,-0.008298802814695066
6043,-1.2531935252931417,-0.008298802814695066
6044,-1.2532468326533337,-0.008298802814695066
6045,-1.25328610320554,-0.008298802814695066
6046,-1.2532923807119962,-0.008298802814695066
6047,-1.253296006942733,-0.008298802814695066
6048,-1.253303214552725,-0.008298802814695066
6049,-1.2533258800141298,-0.008298802814695066
6050,-1.2533912487216727,-0.008298802814695066
6051,-1.2534077316629053,-0.008298802814695066
6052,-1.2534258190898029,-0.008298802814695066
6053,-1.2534621559468992,-0.008298802814695066
6054,-1.2534701931162795,-0.008298802814695066
6055,-1.2534786192329734,-0.008298802814695066
6056,-1.2534905831516183,-0.008298802814695066
6057,-1.2535025595875788,-0.008298802814695066
6058,-1.2535542128880977,-0.008298802814695066
6059,-1.253557460540028,-0.008298802814695066
6060,-1.2535678178270968,-0.008298802814695066
6061,-1.253583327123549,-0.008298802814695066
6062,-1.2535918897907348,-0.008298802814695066
6063,-1.2536059048478254,-0.008298802814695066
6064,-1.2536069928759475,-0.008298802814695066
6065,-1.2536753185656153,-0.008298802814695066
6066,-1.253697077100812,-0.008298802814695066
6067,-1.2537224119233936,-0.008298802814695066
6068,-1.2537241298589141,-0.008298802814695066
6069,-1.2537738026603569,-0.008298802814695066
6070,-1.2538144685165835,-0.008298802814695066
6071,-1.253823687367448,-0.008298802814695066
6072,-1.253823814958563,-0.008298802814695066
6073,-1.2538316673530874,-0.008298802814695066
6074,-1.2538829029166578,-0.008298802814695066
6075,-1.2538945477359937,-0.008298802814695066
6076,-1.2539258001631572,-0.008298802814695066
6077,-1.2539406933444697,-0.008298802814695066
6078,-1.253940745237862,-0.008298802814695066
6079,-1.253971687144138,-0.008298802814695066
6080,-1.2540269594387539,-0.008298802814695066
6081,-1.2540295404760866,-0.008298802814695066
6082,-1.2540312487753948,-0.008298802814695066
6083,-1.2540457179781275,-0.008298802814695066
6084,-1.2540515957153693,-0.008298802814695066
6085,-1.2540596752069686,-0.008298802814695066
6086,-1.2540626794345393,-0.008298802814695066
6087,-1.2540803602278978,-0.008298802814695066
6088,-1.254092246110493,-0.008298802814695066
6089,-1.2540992308986225,-0.008298802814695066
6090,-1.2541145348989313,-0.008298802814695066
6091,-1.2541452740588377,-0.008298802814695066
6092,-1.254163403476788,-0.008298802814695066
6093,-1.2541662946844845,-0.008298802814695066
6094,-1.2541942015128835,-0.008298802814695066
6095,-1.2542206219509788,-0.008298802814695066
6096,-1.2542432558665852,-0.008298802814695066
6097,-1.2542495111217469,-0.008298802814695066
6098,-1.254290732374444,-0.008298802814695066
6099,-1.2543029420365124,-0.008298802814695066
6100,-1.2543046156747073,-0.008298802814695066
6101,-1.2543353567755762,-0.008298802814695066
6102,-1.254355860166046,-0.008298802814695066
6103,-1.2543773472582849,-0.008298802814695066
6104,-1.2543892604078777,-0.008298802814695066
6105,-1.2544090856487093,-0.008298802814695066
6106,-1.2544577656947562,-0.008298802814695066
6107,-1.2544679085782224,-0.008298802814695066
6108,-1.2544777070438051,-0.008298802814695066
6109,-1.254478249095464,-0.008298802814695066
6110,-1.2545294428344194,-0.008298802814695066
6111,-1.2545820617922347,-0.008298802814695066
6112,-1.2546105504817462,-0.008298802814695066
6113,-1.2546125330834794,-0.008298802814695066
6114,-1.25463185558543,-0.008298802814695066
6115,-1.2546435433551528,-0.008298802814695066
6116,-1.2546539476104852,-0.008298802814695066
6117,-1.2546988626951647,-0.008298802814695066
6118,-1.2547621144946697,-0.008298802814695066
6119,-1.2547659002097236,-0.008298802814695066
6120,-1.2547874586702545,-0.008298802814695066
6121,-1.254791548628386,-0.008298802814695066
6122,-1.2548322612317626,-0.008298802814695066
6123,-1.2548395312427638,-0.008298802814695066
6124,-1.2548639736198295,-0.008298802814695066
6125,-1.2548645807827505,-0.008298802814695066
6126,-1.2548710684552693,-0.008298802814695066
6127,-1.2548948150061197,-0.008298802814695066
6128,-1.2549163230121998,-0.008298802814695066
6129,-1.2549312644558568,-0.008298802814695066
6130,-1.2549471257262632,-0.008298802814695066
6131,-1.254955872611455,-0.008298802814695066
6132,-1.2550158492026906,-0.008298802814695066
6133,-1.2550700860498125,-0.008298802814695066
6134,-1.2550764019616687,-0.008298802814695066
6135,-1.2551381775323247,-0.008298802814695066
6136,-1.2552018157596396,-0.008298802814695066
6137,-1.2552046265184003,-0.008298802814695066
6138,-1.2552170531671043,-0.008298802814695066
6139,-1.25523594439154,-0.008298802814695066
6140,-1.2552416328433451,-0.008298802814695066
6141,-1.2552628243561776,-0.008298802814695066
6142,-1.2552759255766637,-0.008298802814695066
6143,-1.2552877206649444,-0.008298802814695066
6144,-1.2552970796165064,-0.008298802814695066
6145,-1.255348154457303,-0.008298802814695066
6146,-1.255354782370583,-0.008298802814695066
6147,-1.2553860749824528,-0.008298802814695066
6148,-1.25538659383257,-0.008298802814695066
6149,-1.2554011620495027,-0.008298802814695066
6150,-1.2554268894303393,-0.008298802814695066
6151,-1.2554881164569613,-0.008298802814695066
6152,-1.2555087689585802,-0.008298802814695066
6153,-1.2555130288988265,-0.008298802814695066
6154,-1.2555157403322643,-0.008298802814695066
6155,-1.2555356805218625,-0.008298802814695066
6156,-1.2555488798541494,-0.008298802814695066
6157,-1.2555654977168256,-0.008298802814695066
6158,-1.2555734342473244,-0.008298802814695066
6159,-1.2555779496611779,-0.008298802814695066
6160,-1.2556189078287305,-0.008298802814695066
6161,-1.2556227589226958,-0.008298802814695066
6162,-1.255626310297441,-0.008298802814695066
6163,-1.2556463377841145,-0.008298802814695066
6164,-1.2556548858152445,-0.008298802814695066
6165,-1.2556558318125628,-0.008298802814695066
6166,-1.2556707165860677,-0.008298802814695066
6167,-1.2556735101983882,-0.008298802814695066
6168,-1.255674541305494,-0.008298802814695066
6169,-1.2556961443109684,-0.008298802814695066
6170,-1.2557464722624887,-0.008298802814695066
6171,-1.2557737357935634,-0.008298802814695066
6172,-1.2557743690927885,-0.008298802814695066
6173,-1.2557805332270497,-0.008298802814695066
6174,-1.2557970456008576,-0.008298802814695066
6175,-1.2557999686368917,-0.008298802814695066
6176,-1.255805876779147,-0.008298802814695066
6177,-1.2558149712140882,-0.008298802814695066
6178,-1.2558174995108888,-0.008298802814695066
6179,-1.2558231082265432,-0.008298802814695066
6180,-1.2558350238438396,-0.008298802814695066
6181,-1.2558353681665022,-0.008298802814695066
6182,-1.2558385015632603,-0.008298802814695066
6183,-1.2558641997466833,-0.008298802814695066
6184,-1.2558663868571815,-0.008298802814695066
6185,-1.2558934193180447,-0.008298802814695066
6186,-1.2559069984537405,-0.008298802814695066
6187,-1.2559538309469596,-0.008298802814695066
6188,-1.2559587799906864,-0.008298802814695066
6189,-1.2559912834987417,-0.008298802814695066
6190,-1.2559956755832613,-0.008298802814695066
6191,-1.2559989165807255,-0.008298802814695066
6192,-1.2560319195173109,-0.008298802814695066
6193,-1.2560508041196339,-0.008298802814695066
6194,-1.2560514623031394,-0.008298802814695066
6195,-1.2560652888403585,-0.008298802814695066
6196,-1.2560688030588079,-0.008298802814695066
6197,-1.25607604907318,-0.008298802814695066
6198,-1.2561427212106777,-0.008298802814695066
6199,-1.256154371069663,-0.008298802814695066
6200,-1.2561925115660681,-0.008298802814695066
6201,-1.2562158414158708,-0.008298802814695066
6202,-1.2562232010036911,-0.008298802814695066
6203,-1.2562281453812691,-0.008298802814695066
6204,-1.2562691746223345,-0.008298802814695066
6205,-1.2562927101576884,-0.008298802814695066
6206,-1.2562974319659368,-0.008298802814695066
6207,-1.256302690206012,-0.008298802814695066
6208,-1.2563166547710176,-0.008298802814695066
6209,-1.256325305505884,-0.008298802814695066
6210,-1.256331755383866,-0.008298802814695066
6211,-1.2563432286900444,-0.008298802814695066
6212,-1.2563588938674322,-0.008298802814695066
6213,-1.2563678241311345,-0.008298802814695066
6214,-1.2563934509090995,-0.008298802814695066
6215,-1.2564073903067028,-0.008298802814695066
6216,-1.2564313827421232,-0.008298802814695066
6217,-1.2564455739563032,-0.008298802814695066
6218,-1.2564470964008136,-0.008298802814695066
6219,-1.256448254307677,-0.008298802814695066
6220,-1.2564840308713328,-0.008298802814695066
6221,-1.256526944892027,-0.008298802814695066
6222,-1.2565276501631901,-0.008298802814695066
6223,-1.2565286379546081,-0.008298802814695066
6224,-1.2565582866177887,-0.008298802814695066
6225,-1.2565792180997215,-0.008298802814695066
6226,-1.2566203896981987,-0.008298802814695066
6227,-1.2566315391536056,-0.008298802814695066
6228,-1.2566485596578427,-0.008298802814695066
6229,-1.2566685628094314,-0.008298802814695066
6230,-1.2567010208323437,-0.008298802814695066
6231,-1.2567111825571655,-0.008298802814695066
6232,-1.2567136099323664,-0.008298802814695066
6233,-1.2567205862893676,-0.008298802814695066
6234,-1.2567269799288823,-0.008298802814695066
6235,-1.2567362515696212,-0.008298802814695066
6236,-1.2567382549474884,-0.008298802814695066
6237,-1.2567558500836606,-0.008298802814695066
6238,-1.2567561397593303,-0.008298802814695066
6239,-1.2567669724458397,-0.008298802814695066
6240,-1.2567677900593142,-0.008298802814695066
6241,-1.256789978363202,-0.008298802814695066
6242,-1.2568096603474117,-0.008298802814695066
6243,-1.2568247287278766,-0.008298802814695066
6244,-1.2568437246886315,-0.008298802814695066
6245,-1.2568481619462692,-0.008298802814695066
6246,-1.2569132439195634,-0.008298802814695066
6247,-1.2569210003948297,-0.008298802814695066
6248,-1.2569650068861071,-0.008298802814695066
6249,-1.2569841161285782,-0.008298802814695066
6250,-1.256985776198313,-0.008298802814695066
6251,-1.2569992498378262,-0.008298802814695066
6252,-1.2570090343624707,-0.008298802814695066
6253,-1.2570105870366979,-0.008298802814695066
6254,-1.2570480329035771,-0.008298802814695066
6255,-1.2570712291619277,-0.008298802814695066
6256,-1.2570760630171343,-0.008298802814695066
6257,-1.2571163506812715,-0.008298802814695066
6258,-1.2571228069386904,-0.008298802814695066
6259,-1.25712802313627,-0.008298802814695066
6260,-1.2571489088399603,-0.008298802814695066
6261,-1.257170608786848,-0.008298802814695066
6262,-1.2571845622337596,-0.008298802814695066
6263,-1.257196039596421,-0.008298802814695066
6264,-1.2572740400202083,-0.008298802814695066
6265,-1.2572895839543095,-0.008298802814695066
6266,-1.2573092535577117,-0.008298802814695066
6267,-1.2573171855083762,-0.008298802814695066
6268,-1.2573353632798456,-0.008298802814695066
6269,-1.2573576814747516,-0.008298802814695066
6270,-1.257366277138298,-0.008298802814695066
6271,-1.2573846333092606,-0.008298802814695066
6272,-1.2573969359867294,-0.008298802814695066
6273,-1.2574125391446496,-0.008298802814695066
6274,-1.2574583151568868,-0.008298802814695066
6275,-1.2574629518574298,-0.008298802814695066
6276,-1.2574820321422644,-0.008298802814695066
6277,-1.2574952407225775,-0.008298802814695066
6278,-1.2575210049263925,-0.008298802814695066
6279,-1.257548994373043,-0.008298802814695066
6280,-1.2575738697347991,-0.008298802814695066
6281,-1.2575981313681708,-0.008298802814695066
6282,-1.2576150316249242,-0.008298802814695066
6283,-1.257717830499011,-0.008298802814695066
6284,-1.2577241091907516,-0.008298802814695066
6285,-1.2577473333976326,-0.008298802814695066
6286,-1.2577587205996377,-0.008298802814695066
6287,-1.2578195733424382,-0.008298802814695066
6288,-1.2578595460310673,-0.008298802814695066
6289,-1.2578641620881124,-0.008298802814695066
6290,-1.2579042532650941,-0.008298802814695066
6291,-1.2579221039317918,-0.008298802814695066
6292,-1.2579222909094692,-0.008298802814695066
6293,-1.2579292382375815,-0.008298802814695066
6294,-1.2579455463344824,-0.008298802814695066
6295,-1.2579953789073979,-0.008298802814695066
6296,-1.2580274585702251,-0.008298802814695066
6297,-1.2580337772327517,-0.008298802814695066
6298,-1.2580401904170642,-0.008298802814695066
6299,-1.258063854486458,-0.008298802814695066
6300,-1.2580747595783273,-0.008298802814695066
6301,-1.2581037222060882,-0.008298802814695066
6302,-1.2581149221450398,-0.008298802814695066
6303,-1.2581308836502372,-0.008298802814695066
6304,-1.2581599735882887,-0.008298802814695066
6305,-1.2581767675460307,-0.008298802814695066
6306,-1.2581879677678685,-0.008298802814695066
6307,-1.2582092650140326,-0.008298802814695066
6308,-1.2582316130832076,-0.008298802814695066
6309,-1.2582490833918647,-0.008298802814695066
6310,-1.2582710790135847,-0.008298802814695066
6311,-1.2582997283809485,-0.008298802814695066
6312,-1.258299992921337,-0.008298802814695066
6313,-1.2583113920898266,-0.008298802814695066
6314,-1.2583191596925771,-0.008298802814695066
6315,-1.258343996910352,-0.008298802814695066
6316,-1.2583458141749622,-0.008298802814695066
6317,-1.2584016729639722,-0.008298802814695066
6318,-1.258416325279173,-0.008298802814695066
6319,-1.2584206778216047,-0.008298802814695066
6320,-1.258428485784247,-0.008298802814695066
6321,-1.2584428731735229,-0.008298802814695066
6322,-1.2584432761179245,-0.008298802814695066
6323,-1.2584518235768667,-0.008298802814695066
6324,-1.258459771256059,-0.008298802814695066
6325,-1.2584601094697978,-0.008298802814695066
6326,-1.2585107037072985,-0.008298802814695066
6327,-1.2585170053298327,-0.008298802814695066
6328,-1.2585271314686004,-0.008298802814695066
6329,-1.2585597598174387,-0.008298802814695066
6330,-1.258582213439064,-0.008298802814695066
6331,-1.258588717941973,-0.008298802814695066
6332,-1.258595126461164,-0.008298802814695066
6333,-1.2586120404836922,-0.008298802814695066
6334,-1.258618514586053,-0.008298802814695066
6335,-1.2586213205702144,-0.008298802814695066
6336,-1.2586445290336188,-0.008298802814695066
6337,-1.2586524243501047,-0.008298802814695066
6338,-1.2586724778254452,-0.008298802814695066
6339,-1.2586877151156848,-0.008298802814695066
6340,-1.2586961292401666,-0.008298802814695066
6341,-1.2586964234571119,-0.008298802814695066
6342,-1.2587123447311022,-0.008298802814695066
6343,-1.2587394174820419,-0.008298802814695066
6344,-1.2587430591581559,-0.008298802814695066
6345,-1.2587464554622243,-0.008298802814695066
6346,-1.2587475719211743,-0.008298802814695066
6347,-1.2587481162862115,-0.008298802814695066
6348,-1.2587743069722541,-0.008298802814695066
6349,-1.2587852072807753,-0.008298802814695066
6350,-1.258805263755874,-0.008298802814695066
6351,-1.2588423508781401,-0.008298802814695066
6352,-1.2588484886222653,-0.008298802814695066
6353,-1.2588532977037357,-0.008298802814695066
6354,-1.2588609479324921,-0.008298802814695066
6355,-1.2588618364072828,-0.008298802814695066
6356,-1.258872293561327,-0.008298802814695066
6357,-1.2588785387848314,-0.008298802814695066
6358,-1.2589008032725886,-0.008298802814695066
6359,-1.258924157970698,-0.008298802814695066
6360,-1.2589391167997275,-0.008298802814695066
6361,-1.2589392835131927,-0.008298802814695066
6362,-1.258941444252954,-0.008298802814695066
6363,-1.2589601368104522,-0.008298802814695066
6364,-1.2589622537899883,-0.008298802814695066
6365,-1.2589738389350853,-0.008298802814695066
6366,-1.2589809421334353,-0.008298802814695066
6367,-1.2589933061884524,-0.008298802814695066
6368,-1.2590012476968249,-0.008298802814695066
6369,-1.2590056663770155,-0.008298802814695066
6370,-1.2590152857359287,-0.008298802814695066
6371,-1.2590156670071984,-0.008298802814695066
6372,-1.2590332520982057,-0.008298802814695066
6373,-1.2590546470545319,-0.008298802814695066
6374,-1.2590568131424271,-0.008298802814695066
6375,-1.2590588598230255,-0.008298802814695066
6376,-1.2590923162772367,-0.008298802814695066
6377,-1.2590960975008807,-0.008298802814695066
6378,-1.2591051935541648,-0.008298802814695066
6379,-1.2591080073723568,-0.008298802814695066
6380,-1.2591696818358422,-0.008298802814695066
6381,-1.2591697477399746,-0.008298802814695066
6382,-1.2591888600030368,-0.008298802814695066
6383,-1.2591953983701734,-0.008298802814695066
6384,-1.2592265443699968,-0.008298802814695066
6385,-1.2592377822189822,-0.008298802814695066
6386,-1.2592507854656594,-0.008298802814695066
6387,-1.2592509453850207,-0.008298802814695066
6388,-1.2592519499884223,-0.008298802814695066
6389,-1.259332216900777,-0.008298802814695066
6390,-1.2593560813041158,-0.008298802814695066
6391,-1.2593745896003752,-0.008298802814695066
6392,-1.2594084831855945,-0.008298802814695066
6393,-1.2594467935711149,-0.008298802814695066
6394,-1.2594738999850033,-0.008298802814695066
6395,-1.2594820562462932,-0.008298802814695066
6396,-1.2595094359951684,-0.008298802814695066
6397,-1.2595615568023963,-0.008298802814695066
6398,-1.2595879768747702,-0.008298802814695066
6399,-1.259591278029412,-0.008298802814695066
6400,-1.259608319500306,-0.008298802814695066
6401,-1.259609037105451,-0.008298802814695066
6402,-1.2596139768785912,-0.008298802814695066
6403,-1.259616448027162,-0.008298802814695066
6404,-1.2596253655744571,-0.008298802814695066
6405,-1.259635692099518,-0.008298802814695066
6406,-1.2596689637800307,-0.008298802814695066
6407,-1.2596732793506187,-0.008298802814695066
6408,-1.259673517745341,-0.008298802814695066
6409,-1.2596795897711992,-0.008298802814695066
6410,-1.2596931447752964,-0.008298802814695066
6411,-1.2597063572899694,-0.008298802814695066
6412,-1.2597185984347155,-0.008298802814695066
6413,-1.2597190041042872,-0.008298802814695066
6414,-1.2597416958051122,-0.008298802814695066
6415,-1.2597560045984715,-0.008298802814695066
6416,-1.2597798205952544,-0.008298802814695066
6417,-1.2597973358344952,-0.008298802814695066
6418,-1.2598003699886,-0.008298802814695066
6419,-1.2598024306693218,-0.008298802814695066
6420,-1.2598090033302918,-0.008298802814695066
6421,-1.259809726192161,-0.008298802814695066
6422,-1.259822432515506,-0.008298802814695066
6423,-1.2598252076141767,-0.008298802814695066
6424,-1.2598460497568762,-0.008298802814695066
6425,-1.2598484660371998,-0.008298802814695066
6426,-1.2598511386406508,-0.008298802814695066
6427,-1.2598697599426272,-0.008298802814695066
6428,-1.2598811863499122,-0.008298802814695066
6429,-1.2599202450723834,-0.008298802814695066
6430,-1.2599594923862611,-0.008298802814695066
6431,-1.2600231783650986,-0.008298802814695066
6432,-1.260038890347185,-0.008298802814695066
6433,-1.2600689478200984,-0.008298802814695066
6434,-1.2600784556221896,-0.008298802814695066
6435,-1.2600895568138064,-0.008298802814695066
6436,-1.2600944870855626,-0.008298802814695066
6437,-1.2601239856478204,-0.008298802814695066
6438,-1.2601402478484334,-0.008298802814695066
6439,-1.2601888624157151,-0.008298802814695066
6440,-1.2601903288957215,-0.008298802814695066
6441,-1.2601939383249587,-0.008298802814695066
6442,-1.2602089889191919,-0.008298802814695066
6443,-1.260265047248898,-0.008298802814695066
6444,-1.2602786360071727,-0.008298802814695066
6445,-1.2602898026047935,-0.008298802814695066
6446,-1.2602999662613394,-0.008298802814695066
6447,-1.2603045200935707,-0.008298802814695066
6448,-1.2603618519403847,-0.008298802814695066
6449,-1.2603749283647117,-0.008298802814695066
6450,-1.2603847511613404,-0.008298802814695066
6451,-1.2603919728115784,-0.008298802814695066
6452,-1.2604086221899407,-0.008298802814695066
6453,-1.260447435697507,-0.008298802814695066
6454,-1.2604883320195692,-0.008298802814695066
6455,-1.260492100801998,-0.008298802814695066
6456,-1.2604933591987315,-0.008298802814695066
6457,-1.260494553192181,-0.008298802814695066
6458,-1.260501358101393,-0.008298802814695066
6459,-1.2605153645112648,-0.008298802814695066
6460,-1.2605195714216577,-0.008298802814695066
6461,-1.2605260554051916,-0.008298802814695066
6462,-1.2605332795840112,-0.008298802814695066
6463,-1.2605370110026148,-0.008298802814695066
6464,-1.2605435797702023,-0.008298802814695066
6465,-1.260546061911147,-0.008298802814695066
6466,-1.2605483216884514,-0.008298802814695066
6467,-1.2605495058400533,-0.008298802814695066
6468,-1.2605499044823163,-0.008298802814695066
6469,-1.260566715657812,-0.008298802814695066
6470,-1.2605992661378682,-0.008298802814695066
6471,-1.2606095223188791,-0.008298802814695066
6472,-1.2606162308137203,-0.008298802814695066
6473,-1.2607049870732976,-0.008298802814695066
6474,-1.2607088339837436,-0.008298802814695066
6475,-1.260717302323736,-0.008298802814695066
6476,-1.2607238563085046,-0.008298802814695066
6477,-1.2607489857394085,-0.008298802814695066
6478,-1.2607624774997506,-0.008298802814695066
6479,-1.260781133752995,-0.008298802814695066
6480,-1.2608037030415422,-0.008298802814695066
6481,-1.2608213238984907,-0.008298802814695066
6482,-1.260851613126276,-0.008298802814695066
6483,-1.2608591495328179,-0.008298802814695066
6484,-1.2608849306892624,-0.008298802814695066
6485,-1.2609000868928726,-0.008298802814695066
6486,-1.2609090625297619,-0.008298802814695066
6487,-1.2609124628831319,-0.008298802814695066
6488,-1.260912652646215,-0.008298802814695066
6489,-1.2609212717484857,-0.008298802814695066
6490,-1.260922770489565,-0.008298802814695066
6491,-1.2609609027141657,-0.008298802814695066
6492,-1.2609660670188,-0.008298802814695066
6493,-1.2609971842086656,-0.008298802814695066
6494,-1.2610117911120657,-0.008298802814695066
6495,-1.2610129831645533,-0.008298802814695066
6496,-1.2610135221106207,-0.008298802814695066
6497,-1.2610141909044768,-0.008298802814695066
6498,-1.261023365595028,-0.008298802814695066
6499,-1.2610286523016994,-0.008298802814695066
6500,-1.2610316783991748,-0.008298802814695066
6501,-1.2610382365849389,-0.008298802814695066
6502,-1.2610389922529845,-0.008298802814695066
6503,-1.2610541889399942,-0.008298802814695066
6504,-1.2610795580512681,-0.008298802814695066
6505,-1.2611223589347587,-0.008298802814695066
6506,-1.2611390925972707,-0.008298802814695066
6507,-1.2611659311552879,-0.008298802814695066
6508,-1.2611697099757155,-0.008298802814695066
6509,-1.2611889271216146,-0.008298802814695066
6510,-1.2611917004601034,-0.008298802814695066
6511,-1.2611936276820879,-0.008298802814695066
6512,-1.261258565353958,-0.008298802814695066
6513,-1.2612722300033015,-0.008298802814695066
6514,-1.2612745748575427,-0.008298802814695066
6515,-1.261322313487971,-0.008298802814695066
6516,-1.2613468441551723,-0.008298802814695066
6517,-1.2613534429513995,-0.008298802814695066
6518,-1.2613759578535297,-0.008298802814695066
6519,-1.2613805920464884,-0.008298802814695066
6520,-1.261397777718186,-0.008298802814695066
6521,-1.2614114748189422,-0.008298802814695066
6522,-1.261414645419337,-0.008298802814695066
6523,-1.261435120961842,-0.008298802814695066
6524,-1.2614385014638971,-0.008298802814695066
6525,-1.261458137749632,-0.008298802814695066
6526,-1.261462436620223,-0.008298802814695066
6527,-1.2614674576630396,-0.008298802814695066
6528,-1.2614716827943258,-0.008298802814695066
6529,-1.2614718854942564,-0.008298802814695066
6530,-1.2614883586235546,-0.008298802814695066
6531,-1.2615187172901319,-0.008298802814695066
6532,-1.2615197223797971,-0.008298802814695066
6533,-1.2615197940394196,-0.008298802814695066
6534,-1.261526058699472,-0.008298802814695066
6535,-1.2615427773626764,-0.008298802814695066
6536,-1.2615440674387992,-0.008298802814695066
6537,-1.2615656588096695,-0.008298802814695066
6538,-1.2615806707164752,-0.008298802814695066
6539,-1.2615875587080263,-0.008298802814695066
6540,-1.2615887722141077,-0.008298802814695066
6541,-1.2615919265652789,-0.008298802814695066
6542,-1.2615963198040983,-0.008298802814695066
6543,-1.261611265686422,-0.008298802814695066
6544,-1.2616383057872012,-0.008298802814695066
6545,-1.2616467462204728,-0.008298802814695066
6546,-1.261653527210854,-0.008298802814695066
6547,-1.2616563664927183,-0.008298802814695066
6548,-1.2616637669909592,-0.008298802814695066
6549,-1.261680777959616,-0.008298802814695066
6550,-1.2616869865220912,-0.008298802814695066
6551,-1.2616873443640753,-0.008298802814695066
6552,-1.2616901902353765,-0.008298802814695066
6553,-1.261693607442937,-0.008298802814695066
6554,-1.2616947291143044,-0.008298802814695066
6555,-1.2616948042831668,-0.008298802814695066
6556,-1.2616996812071308,-0.008298802814695066
6557,-1.2617010260817727,-0.008298802814695066
6558,-1.2617125028104148,-0.008298802814695066
6559,-1.2617345504298303,-0.008298802814695066
6560,-1.26174740548322,-0.008298802814695066
6561,-1.261764962096057,-0.008298802814695066
6562,-1.2617812674154014,-0.008298802814695066
6563,-1.2618023892160084,-0.008298802814695066
6564,-1.2618035592511667,-0.008298802814695066
6565,-1.2618130345742065,-0.008298802814695066
6566,-1.2618164964152343,-0.008298802814695066
6567,-1.2618180692079837,-0.008298802814695066
6568,-1.261821964872592,-0.008298802814695066
6569,-1.2618672158998347,-0.008298802814695066
6570,-1.261869406775688,-0.008298802814695066
6571,-1.261883379723344,-0.008298802814695066
6572,-1.2618880683319855,-0.008298802814695066
6573,-1.261894298623189,-0.008298802814695066
6574,-1.2619271160302565,-0.008298802814695066
6575,-1.2619351944775117,-0.008298802814695066
6576,-1.261942767936002,-0.008298802814695066
6577,-1.2619813781517428,-0.008298802814695066
6578,-1.2619838993513814,-0.008298802814695066
6579,-1.2619979674217423,-0.008298802814695066
6580,-1.262009970401445,-0.008298802814695066
6581,-1.2620132971978182,-0.008298802814695066
6582,-1.2620154702490072,-0.008298802814695066
6583,-1.2620170587184838,-0.008298802814695066
6584,-1.2620194340214452,-0.008298802814695066
6585,-1.2620230855039147,-0.008298802814695066
6586,-1.2620339850415183,-0.008298802814695066
6587,-1.2620479440505046,-0.008298802814695066
6588,-1.2620620878224806,-0.008298802814695066
6589,-1.262080624898466,-0.008298802814695066
6590,-1.2621143932262426,-0.008298802814695066
6591,-1.2621890479255558,-0.008298802814695066
6592,-1.26219331535409,-0.008298802814695066
6593,-1.262204935036574,-0.008298802814695066
6594,-1.2622115957974342,-0.008298802814695066
6595,-1.2622392154179347,-0.008298802814695066
6596,-1.2622416157474834,-0.008298802814695066
6597,-1.2622549723464238,-0.008298802814695066
6598,-1.262265252798918,-0.008298802814695066
6599,-1.262268603691498,-0.008298802814695066
6600,-1.2622689357550076,-0.008298802814695066
6601,-1.26227542654795,-0.008298802814695066
6602,-1.262280155246824,-0.008298802814695066
6603,-1.2623099889708027,-0.008298802814695066
6604,-1.2623126792141133,-0.008298802814695066
6605,-1.262333758425716,-0.008298802814695066
6606,-1.2623483373843316,-0.008298802814695066
6607,-1.2623532270824225,-0.008298802814695066
6608,-1.2623658429019136,-0.008298802814695066
6609,-1.2623754571948278,-0.008298802814695066
6610,-1.2624204895551099,-0.008298802814695066
6611,-1.2624377220581313,-0.008298802814695066
6612,-1.2624394482974082,-0.008298802814695066
6613,-1.26244334724425,-0.008298802814695066
6614,-1.2624479669562738,-0.008298802814695066
6615,-1.262448009789504,-0.008298802814695066
6616,-1.2624638988766401,-0.008298802814695066
6617,-1.2624790008025455,-0.008298802814695066
6618,-1.2624820144597202,-0.008298802814695066
6619,-1.2624935474162073,-0.008298802814695066
6620,-1.2624939934683364,-0.008298802814695066
6621,-1.262501164295448,-0.008298802814695066
6622,-1.2625110607539978,-0.008298802814695066
6623,-1.2625150454974925,-0.008298802814695066
6624,-1.2625213270378248,-0.008298802814695066
6625,-1.2625242796628422,-0.008298802814695066
6626,-1.2625247657720344,-0.008298802814695066
6627,-1.2625314838931072,-0.008298802814695066
6628,-1.2625374978797894,-0.008298802814695066
6629,-1.262552839758811,-0.008298802814695066
6630,-1.262586338219669,-0.008298802814695066
6631,-1.262607891738688,-0.008298802814695066
6632,-1.2626158717677223,-0.008298802814695066
6633,-1.2626342369048777,-0.008298802814695066
6634,-1.2626522162935843,-0.008298802814695066
6635,-1.2626572638273958,-0.008298802814695066
6636,-1.262657750484742,-0.008298802814695066
6637,-1.262664536277227,-0.008298802814695066
6638,-1.2626663068260446,-0.008298802814695066
6639,-1.26268787923154,-0.008298802814695066
6640,-1.2626987785628039,-0.008298802814695066
6641,-1.2627027259439987,-0.008298802814695066
6642,-1.2627052451144603,-0.008298802814695066
6643,-1.2627108306554682,-0.008298802814695066
6644,-1.2627363177076107,-0.008298802814695066
6645,-1.2627422391038212,-0.008298802814695066
6646,-1.2627765801930886,-0.008298802814695066
6647,-1.262777438656837,-0.008298802814695066
6648,-1.2627807035773095,-0.008298802814695066
6649,-1.2627838432264586,-0.008298802814695066
6650,-1.2628238563111784,-0.008298802814695066
6651,-1.2628275209643736,-0.008298802814695066
6652,-1.2628547736999756,-0.008298802814695066
6653,-1.2628860973545482,-0.008298802814695066
6654,-1.2628873434911474,-0.008298802814695066
6655,-1.2628947373977124,-0.008298802814695066
6656,-1.2628958556360312,-0.008298802814695066
6657,-1.262915739024931,-0.008298802814695066
6658,-1.2629244800923316,-0.008298802814695066
6659,-1.2629567337325833,-0.008298802814695066
6660,-1.2629616082927166,-0.008298802814695066
6661,-1.2629626924731339,-0.008298802814695066
6662,-1.2629739028678437,-0.008298802814695066
6663,-1.2629755132390845,-0.008298802814695066
6664,-1.262977324374908,-0.008298802814695066
6665,-1.2629938457160421,-0.008298802814695066
6666,-1.262994754790637,-0.008298802814695066
6667,-1.2630226050434048,-0.008298802814695066
6668,-1.2630248569161844,-0.008298802814695066
6669,-1.2630484543531402,-0.008298802814695066
6670,-1.263056499616595,-0.008298802814695066
6671,-1.263061121943647,-0.008298802814695066
6672,-1.2630807756818014,-0.008298802814695066
6673,-1.2630832196914143,-0.008298802814695066
6674,-1.2630969633808493,-0.008298802814695066
6675,-1.2631038003277275,-0.008298802814695066
6676,-1.2631281427439758,-0.008298802814695066
6677,-1.2631318633729847,-0.008298802814695066
6678,-1.263134785327007,-0.008298802814695066
6679,-1.2631356952485506,-0.008298802814695066
6680,-1.2631604398625111,-0.008298802814695066
6681,-1.263183235862785,-0.008298802814695066
6682,-1.2631836940449566,-0.008298802814695066
6683,-1.2631900288025952,-0.008298802814695066
6684,-1.2632108319501414,-0.008298802814695066
6685,-1.2632117776460685,-0.008298802814695066
6686,-1.263246848695786,-0.008298802814695066
6687,-1.2632495181707912,-0.008298802814695066
6688,-1.2632695441599369,-0.008298802814695066
6689,-1.2633023678678579,-0.008298802814695066
6690,-1.2633149809138775,-0.008298802814695066
6691,-1.2633310213312638,-0.008298802814695066
6692,-1.263335466104523,-0.008298802814695066
6693,-1.263336385209561,-0.008298802814695066
6694,-1.2633694105712796,-0.008298802814695066
6695,-1.2633892519819383,-0.008298802814695066
6696,-1.2633970740221068,-0.008298802814695066
6697,-1.2634151615623117,-0.008298802814695066
6698,-1.2634308616013485,-0.008298802814695066
6699,-1.2634337698936866,-0.008298802814695066
6700,-1.2634471076202838,-0.008298802814695066
6701,-1.2634662277017819,-0.008298802814695066
6702,-1.2634690504059043,-0.008298802814695066
6703,-1.26347019944748,-0.008298802814695066
6704,-1.2634861018156056,-0.008298802814695066
6705,-1.2634873927312333,-0.008298802814695066
6706,-1.2635026753044065,-0.008298802814695066
6707,-1.2635111087418975,-0.008298802814695066
6708,-1.2635157563089896,-0.008298802814695066
6709,-1.2635308041923743,-0.008298802814695066
6710,-1.2635390763233976,-0.008298802814695066
6711,-1.2635430073143143,-0.008298802814695066
6712,-1.2635476632833085,-0.008298802814695066
6713,-1.2635585265927618,-0.008298802814695066
6714,-1.2635661335912811,-0.008298802814695066
6715,-1.263567955363143,-0.008298802814695066
6716,-1.2635790473641353,-0.008298802814695066
6717,-1.2636043130863024,-0.008298802814695066
6718,-1.2636047798461147,-0.008298802814695066
6719,-1.2636090648531149,-0.008298802814695066
6720,-1.2636166166238199,-0.008298802814695066
6721,-1.2636171650890753,-0.008298802814695066
6722,-1.2636269043548016,-0.008298802814695066
6723,-1.26362886000323,-0.008298802814695066
6724,-1.2636305691144623,-0.008298802814695066
6725,-1.2636347500303358,-0.008298802814695066
6726,-1.2636464917201233,-0.008298802814695066
6727,-1.2636555455637462,-0.008298802814695066
6728,-1.2636555597218595,-0.008298802814695066
6729,-1.2636763361614323,-0.008298802814695066
6730,-1.263710747487225,-0.008298802814695066
6731,-1.2637233249050763,-0.008298802814695066
6732,-1.2637333618454916,-0.008298802814695066
6733,-1.2637358161245782,-0.008298802814695066
6734,-1.263739826840148,-0.008298802814695066
6735,-1.2637403981345898,-0.008298802814695066
6736,-1.2637483489356343,-0.008298802814695066
6737,-1.2637558050971776,-0.008298802814695066
6738,-1.2637715000387146,-0.008298802814695066
6739,-1.2637779349757903,-0.008298802814695066
6740,-1.2637795508696144,-0.008298802814695066
6741,-1.2637861679299822,-0.008298802814695066
6742,-1.2637885176473977,-0.008298802814695066
6743,-1.263791429172342,-0.008298802814695066
6744,-1.2638222941700252,-0.008298802814695066
6745,-1.2638299995997544,-0.008298802814695066
6746,-1.2638336279697242,-0.008298802814695066
6747,-1.2638543665803845,-0.008298802814695066
6748,-1.2638550033837832,-0.008298802814695066
6749,-1.2638649586984103,-0.008298802814695066
6750,-1.2638652913095783,-0.008298802814695066
6751,-1.2638780998293186,-0.008298802814695066
6752,-1.2638800871547042,-0.008298802814695066
6753,-1.263881872194314,-0.008298802814695066
6754,-1.2638968188100586,-0.008298802814695066
6755,-1.2639003724564626,-0.008298802814695066
6756,-1.2639006713592924,-0.008298802814695066
6757,-1.2639087128271334,-0.008298802814695066
6758,-1.2639180690011695,-0.008298802814695066
6759,-1.2639200209097536,-0.008298802814695066
6760,-1.2639348438167457,-0.008298802814695066
6761,-1.2639428162601403,-0.008298802814695066
6762,-1.2639730611295918,-0.008298802814695066
6763,-1.2639859024304698,-0.008298802814695066
6764,-1.263989755378817,-0.008298802814695066
6765,-1.2640052415590473,-0.008298802814695066
6766,-1.2640056025291677,-0.008298802814695066
6767,-1.2640077229885192,-0.008298802814695066
6768,-1.264012360449735,-0.008298802814695066
6769,-1.2640180813008801,-0.008298802814695066
6770,-1.2640228685168884,-0.008298802814695066
6771,-1.264028947512202,-0.008298802814695066
6772,-1.2640340940629151,-0.008298802814695066
6773,-1.2640372548708327,-0.008298802814695066
6774,-1.2640426038070736,-0.008298802814695066
6775,-1.2640471411081657,-0.008298802814695066
6776,-1.26405034624169,-0.008298802814695066
6777,-1.264052275634073,-0.008298802814695066
6778,-1.264061954523451,-0.008298802814695066
6779,-1.2640634790246983,-0.008298802814695066
6780,-1.2640716897504798,-0.008298802814695066
6781,-1.2640908088773382,-0.008298802814695066
6782,-1.2640917782594079,-0.008298802814695066
6783,-1.2640921440982997,-0.008298802814695066
6784,-1.2640957880986603,-0.008298802814695066
6785,-1.2640958026926885,-0.008298802814695066
6786,-1.2641073257393738,-0.008298802814695066
6787,-1.2641172240159066,-0.008298802814695066
6788,-1.2641179458302256,-0.008298802814695066
6789,-1.2641195992818566,-0.008298802814695066
6790,-1.2641226004898234,-0.008298802814695066
6791,-1.264124895411044,-0.008298802814695066
6792,-1.2641279333121305,-0.008298802814695066
6793,-1.2641290914424506,-0.008298802814695066
6794,-1.2641295015726295,-0.008298802814695066
6795,-1.2641544446574593,-0.008298802814695066
6796,-1.264157301313364,-0.008298802814695066
6797,-1.2641700648012264,-0.008298802814695066
6798,-1.2641754584044194,-0.008298802814695066
6799,-1.2641787273713438,-0.008298802814695066
6800,-1.2641838562582297,-0.008298802814695066
6801,-1.264193438217427,-0.008298802814695066
6802,-1.264202147401028,-0.008298802814695066
6803,-1.264205202897449,-0.008298802814695066
6804,-1.2642056775002029,-0.008298802814695066
6805,-1.2642074881831336,-0.008298802814695066
6806,-1.2642080271225717,-0.008298802814695066
6807,-1.2642179648977703,-0.008298802814695066
6808,-1.2642217163229335,-0.008298802814695066
6809,-1.2642360365857102,-0.008298802814695066
6810,-1.264237688411042,-0.008298802814695066
6811,-1.2642398924077332,-0.008298802814695066
6812,-1.2642484900159459,-0.008298802814695066
6813,-1.2642579849202829,-0.008298802814695066
6814,-1.2642583163165784,-0.008298802814695066
6815,-1.2642666529650533,-0.008298802814695066
6816,-1.2642780377400447,-0.008298802814695066
6817,-1.2642786950376461,-0.008298802814695066
6818,-1.2642826062280546,-0.008298802814695066
6819,-1.2642828470268563,-0.008298802814695066
6820,-1.2642852040761425,-0.008298802814695066
6821,-1.2642923037368585,-0.008298802814695066
6822,-1.2642931958836017,-0.008298802814695066
6823,-1.2643060466593072,-0.008298802814695066
6824,-1.2643067641146575,-0.008298802814695066
6825,-1.2643096120669288,-0.008298802814695066
6826,-1.2643254956779766,-0.008298802814695066
6827,-1.264330778036705,-0.008298802814695066
6828,-1.2643311726833932,-0.008298802814695066
6829,-1.2643329109377128,-0.008298802814695066
6830,-1.264336833214879,-0.008298802814695066
6831,-1.2643399181931856,-0.008298802814695066
6832,-1.2643423704121906,-0.008298802814695066
6833,-1.264342600714906,-0.008298802814695066
6834,-1.264345920821536,-0.008298802814695066
6835,-1.2643464302925502,-0.008298802814695066
6836,-1.2643671211309169,-0.008298802814695066
6837,-1.2643687663880088,-0.008298802814695066
6838,-1.264370018682142,-0.008298802814695066
6839,-1.264374679716172,-0.008298802814695066
6840,-1.2643754558500273,-0.008298802814695066
6841,-1.2643778837664057,-0.008298802814695066
6842,-1.2643883910364966,-0.008298802814695066
6843,-1.2643901620866855,-0.008298802814695066
6844,-1.264394543168733,-0.008298802814695066
6845,-1.2644016859451628,-0.008298802814695066
6846,-1.264410177519304,-0.008298802814695066
6847,-1.2644192249012212,-0.008298802814695066
6848,-1.2644412868316506,-0.008298802814695066
6849,-1.2644503711001587,-0.008298802814695066
6850,-1.2644651394898814,-0.008298802814695066
6851,-1.2644655008863501,-0.008298802814695066
6852,-1.2644722420601586,-0.008298802814695066
6853,-1.2644801445625276,-0.008298802814695066
6854,-1.264500433531371,-0.008298802814695066
6855,-1.264521744110546,-0.008298802814695066
6856,-1.2645238590311891,-0.008298802814695066
6857,-1.2645262812518518,-0.008298802814695066
6858,-1.2645265060756272,-0.008298802814695066
6859,-1.2645397556709577,-0.008298802814695066
6860,-1.2645412153000632,-0.008298802814695066
6861,-1.2645596195790008,-0.008298802814695066
6862,-1.264562509769901,-0.008298802814695066
6863,-1.2645651714488158,-0.008298802814695066
6864,-1.2645681169863534,-0.008298802814695066
6865,-1.2645689936976177,-0.008298802814695066
6866,-1.264572188594935,-0.008298802814695066
6867,-1.2645888164776036,-0.008298802814695066
6868,-1.2646105720360183,-0.008298802814695066
6869,-1.264617976465669,-0.008298802814695066
6870,-1.264618669940841,-0.008298802814695066
6871,-1.2646222081992957,-0.008298802814695066
6872,-1.2646257874908782,-0.008298802814695066
6873,-1.2646298126037716,-0.008298802814695066
6874,-1.2646527595765191,-0.008298802814695066
6875,-1.2646685626670653,-0.008298802814695066
6876,-1.2646699222639162,-0.008298802814695066
6877,-1.2646758978411883,-0.008298802814695066
6878,-1.2646827939910843,-0.008298802814695066
6879,-1.2647226372253773,-0.008298802814695066
6880,-1.2647273004325426,-0.008298802814695066
6881,-1.2647342026195831,-0.008298802814695066
6882,-1.2647448347216703,-0.008298802814695066
6883,-1.2647452158320884,-0.008298802814695066
6884,-1.2647511576112085,-0.008298802814695066
6885,-1.2647579499509245,-0.008298802814695066
6886,-1.2647606171487502,-0.008298802814695066
6887,-1.2647676597378412,-0.008298802814695066
6888,-1.2647717633425828,-0.008298802814695066
6889,-1.26478934568709,-0.008298802814695066
6890,-1.2647903594162548,-0.008298802814695066
6891,-1.2647974053181898,-0.008298802814695066
6892,-1.2648010815148982,-0.008298802814695066
6893,-1.2648017450106566,-0.008298802814695066
6894,-1.2648042011646832,-0.008298802814695066
6895,-1.2648047845384713,-0.008298802814695066
6896,-1.2648103635549197,-0.008298802814695066
6897,-1.2648110722734622,-0.008298802814695066
6898,-1.264812428671587,-0.008298802814695066
6899,-1.2648147387174833,-0.008298802814695066
6900,-1.2648187031854725,-0.008298802814695066
6901,-1.2648262359342801,-0.008298802814695066
6902,-1.2648294973703933,-0.008298802814695066
6903,-1.264830030502681,-0.008298802814695066
6904,-1.2648396141948401,-0.008298802814695066
6905,-1.2648397816779129,-0.008298802814695066
6906,-1.2648452748517336,-0.008298802814695066
6907,-1.2648515658756092,-0.008298802814695066
6908,-1.264856241095893,-0.008298802814695066
6909,-1.2648573611949567,-0.008298802814695066
6910,-1.2648588217817434,-0.008298802814695066
6911,-1.264882730108175,-0.008298802814695066
6912,-1.2648853634851247,-0.008298802814695066
6913,-1.264889567376329,-0.008298802814695066
6914,-1.264892628397207,-0.008298802814695066
6915,-1.2648935124800964,-0.008298802814695066
6916,-1.2648936636453276,-0.008298802814695066
6917,-1.2648975036330614,-0.008298802814695066
6918,-1.2649007900017022,-0.008298802814695066
6919,-1.2649035443024972,-0.008298802814695066
6920,-1.2649292772180223,-0.008298802814695066
6921,-1.264930745509187,-0.008298802814695066
6922,-1.2649365324664221,-0.008298802814695066
6923,-1.264937863224034,-0.008298802814695066
6924,-1.2649404755115963,-0.008298802814695066
6925,-1.2649586226170715,-0.008298802814695066
6926,-1.2649691726121595,-0.008298802814695066
6927,-1.2649748571902713,-0.008298802814695066
6928,-1.2649797395563929,-0.008298802814695066
6929,-1.2649824818782027,-0.008298802814695066
6930,-1.2649917465289482,-0.008298802814695066
6931,-1.2649927917118702,-0.008298802814695066
6932,-1.2649939087736826,-0.008298802814695066
6933,-1.2650007795634512,-0.008298802814695066
6934,-1.265006880294095,-0.008298802814695066
6935,-1.2650074401228237,-0.008298802814695066
6936,-1.2650199408750806,-0.008298802814695066
6937,-1.265022014186751,-0.008298802814695066
6938,-1.2650262347020185,-0.008298802814695066
6939,-1.2650399546368631,-0.008298802814695066
6940,-1.2650463945019133,-0.008298802814695066
6941,-1.2650480065175906,-0.008298802814695066
6942,-1.265057722526137,-0.008298802814695066
6943,-1.2650606069787282,-0.008298802814695066
6944,-1.2650637322571623,-0.008298802814695066
6945,-1.265064747058665,-0.008298802814695066
6946,-1.2650655798353474,-0.008298802814695066
6947,-1.2650756212965737,-0.008298802814695066
6948,-1.2650761172430358,-0.008298802814695066
6949,-1.2650774196999177,-0.008298802814695066
6950,-1.2650837264411647,-0.008298802814695066
6951,-1.2650873540692416,-0.008298802814695066
6952,-1.26508781660178,-0.008298802814695066
6953,-1.265099863870656,-0.008298802814695066
6954,-1.2651031765700742,-0.008298802814695066
6955,-1.2651191715876795,-0.008298802814695066
6956,-1.2651254091874227,-0.008298802814695066
6957,-1.265128341523477,-0.008298802814695066
6958,-1.2651342521627167,-0.008298802814695066
6959,-1.2651346406228516,-0.008298802814695066
6960,-1.2651375810293919,-0.008298802814695066
6961,-1.265138627117218,-0.008298802814695066
6962,-1.265162768500486,-0.008298802814695066
6963,-1.265165033056642,-0.008298802814695066
6964,-1.2651823202035677,-0.008298802814695066
6965,-1.2651847290779756,-0.008298802814695066
6966,-1.2651854501793982,-0.008298802814695066
6967,-1.265191271679586,-0.008298802814695066
6968,-1.2651922333847376,-0.008298802814695066
6969,-1.2651993939301716,-0.008298802814695066
6970,-1.2652002637921032,-0.008298802814695066
6971,-1.2652086069989594,-0.008298802814695066
6972,-1.2652241815724328,-0.008298802814695066
6973,-1.2652374247233782,-0.008298802814695066
6974,-1.2652499260815115,-0.008298802814695066
6975,-1.2652557211006192,-0.008298802814695066
6976,-1.265255793978687,-0.008298802814695066
6977,-1.265257277650364,-0.008298802814695066
6978,-1.2652732199236498,-0.008298802814695066
6979,-1.265282752980073,-0.008298802814695066
6980,-1.2652972553216828,-0.008298802814695066
6981,-1.265302893804674,-0.008298802814695066
6982,-1.2653037280592638,-0.008298802814695066
6983,-1.265305604699015,-0.008298802814695066
6984,-1.2653090578123134,-0.008298802814695066
6985,-1.2653140978924096,-0.008298802814695066
6986,-1.2653186527235112,-0.008298802814695066
6987,-1.2653260666204598,-0.008298802814695066
6988,-1.2653289848844338,-0.008298802814695066
6989,-1.2653466939935147,-0.008298802814695066
6990,-1.2653512835989766,-0.008298802814695066
6991,-1.2653646381393475,-0.008298802814695066
6992,-1.2653806170905633,-0.008298802814695066
6993,-1.265403359069753,-0.008298802814695066
6994,-1.2654075415044908,-0.008298802814695066
6995,-1.2654193306058037,-0.008298802814695066
6996,-1.2654247390470115,-0.008298802814695066
6997,-1.2654357787144566,-0.008298802814695066
6998,-1.2654363244763944,-0.008298802814695066
6999,-1.265445317785561,-0.008298802814695066
7000,-1.2654565131725801,-0.008298802814695066
7001,-1.2654571761468194,-0.008298802814695066
7002,-1.2654582087807902,-0.008298802814695066
7003,-1.2654593680236963,-0.008298802814695066
7004,-1.2654623766639617,-0.008298802814695066
7005,-1.2654681905829586,-0.008298802814695066
7006,-1.2654719105458507,-0.008298802814695066
7007,-1.2654866921854937,-0.008298802814695066
7008,-1.2654969442478556,-0.008298802814695066
7009,-1.2654991995360656,-0.008298802814695066
7010,-1.2655105446441504,-0.008298802814695066
7011,-1.2655225331937743,-0.008298802814695066
7012,-1.265523659973386,-0.008298802814695066
7013,-1.2655242828254918,-0.008298802814695066
7014,-1.265533268657125,-0.008298802814695066
7015,-1.2655388521218782,-0.008298802814695066
7016,-1.2655401007975957,-0.008298802814695066
7017,-1.2655448407941334,-0.008298802814695066
7018,-1.2655474542091554,-0.008298802814695066
7019,-1.2655494924961876,-0.008298802814695066
7020,-1.2655596195358156,-0.008298802814695066
7021,-1.2655636671800337,-0.008298802814695066
7022,-1.2655669759776038,-0.008298802814695066
7023,-1.265573012359305,-0.008298802814695066
7024,-1.2655774929168009,-0.008298802814695066
7025,-1.2655780646687127,-0.008298802814695066
7026,-1.265581114922381,-0.008298802814695066
7027,-1.2655921733614313,-0.008298802814695066
7028,-1.2655962653076305,-0.008298802814695066
7029,-1.2656021252135075,-0.008298802814695066
7030,-1.2656029091517564,-0.008298802814695066
7031,-1.265608354456397,-0.008298802814695066
7032,-1.265614180048771,-0.008298802814695066
7033,-1.2656163675517786,-0.008298802814695066
7034,-1.2656326720459135,-0.008298802814695066
7035,-1.2656385125820364,-0.008298802814695066
7036,-1.2656426796170188,-0.008298802814695066
7037,-1.265646716123626,-0.008298802814695066
7038,-1.2656561168297018,-0.008298802814695066
7039,-1.2656602695880688,-0.008298802814695066
7040,-1.2656611974169087,-0.008298802814695066
7041,-1.2656649231291353,-0.008298802814695066
7042,-1.2656665926377846,-0.008298802814695066
7043,-1.2656748178870791,-0.008298802814695066
7044,-1.265678853113033,-0.008298802814695066
7045,-1.2656798815987207,-0.008298802814695066
7046,-1.2656911291300663,-0.008298802814695066
7047,-1.2656940533547896,-0.008298802814695066
7048,-1.265695702171943,-0.008298802814695066
7049,-1.2656973385366335,-0.008298802814695066
7050,-1.2656978344118452,-0.008298802814695066
7051,-1.2657019584673423,-0.008298802814695066
7052,-1.2657059128207009,-0.008298802814695066
7053,-1.2657066274344977,-0.008298802814695066
7054,-1.2657088429022394,-0.008298802814695066
7055,-1.265719613797829,-0.008298802814695066
7056,-1.2657246934117161,-0.008298802814695066
7057,-1.26572515158638,-0.008298802814695066
7058,-1.2657261754952698,-0.008298802814695066
7059,-1.2657301574714854,-0.008298802814695066
7060,-1.2657341918888507,-0.008298802814695066
7061,-1.2657365275520034,-0.008298802814695066
7062,-1.2657464580964677,-0.008298802814695066
7063,-1.2657512259258255,-0.008298802814695066
7064,-1.265754277092338,-0.008298802814695066
7065,-1.2657556335085294,-0.008298802814695066
7066,-1.2657616151710493,-0.008298802814695066
7067,-1.2657664051357462,-0.008298802814695066
7068,-1.2657680093197405,-0.008298802814695066
7069,-1.2657694691902148,-0.008298802814695066
7070,-1.2657746123903773,-0.008298802814695066
7071,-1.2657757291491074,-0.008298802814695066
7072,-1.2657774018550954,-0.008298802814695066
7073,-1.2657843971258433,-0.008298802814695066
7074,-1.2657855677736363,-0.008298802814695066
7075,-1.2657884545992864,-0.008298802814695066
7076,-1.2657972182656665,-0.008298802814695066
7077,-1.26580351668118,-0.008298802814695066
7078,-1.2658140661424842,-0.008298802814695066
7079,-1.2658170116646863,-0.008298802814695066
7080,-1.265823632007459,-0.008298802814695066
7081,-1.2658246476929333,-0.008298802814695066
7082,-1.2658323415752306,-0.008298802814695066
7083,-1.26584384279492,-0.008298802814695066
7084,-1.2658484454314896,-0.008298802814695066
7085,-1.2658547693719004,-0.008298802814695066
7086,-1.265858942443392,-0.008298802814695066
7087,-1.2658610224633193,-0.008298802814695066
7088,-1.2658624291659064,-0.008298802814695066
7089,-1.2658629267282324,-0.008298802814695066
7090,-1.2658679623054097,-0.008298802814695066
7091,-1.265869721791272,-0.008298802814695066
7092,-1.265872448228048,-0.008298802814695066
7093,-1.2658847817242747,-0.008298802814695066
7094,-1.2658868633554714,-0.008298802814695066
7095,-1.2658894734228363,-0.008298802814695066
7096,-1.2658934158872177,-0.008298802814695066
7097,-1.265893910997831,-0.008298802814695066
7098,-1.265895868246916,-0.008298802814695066
7099,-1.2658996639525557,-0.008298802814695066
7100,-1.2659040796007361,-0.008298802814695066
7101,-1.2659138034516557,-0.008298802814695066
7102,-1.2659140789135312,-0.008298802814695066
7103,-1.2659304530616773,-0.008298802814695066
7104,-1.2659326009160532,-0.008298802814695066
7105,-1.265933036630173,-0.008298802814695066
7106,-1.2659388220281582,-0.008298802814695066
7107,-1.2659391624087304,-0.008298802814695066
7108,-1.2659394153038288,-0.008298802814695066
7109,-1.2659448252325047,-0.008298802814695066
7110,-1.2659449491816743,-0.008298802814695066
7111,-1.2659477080957737,-0.008298802814695066
7112,-1.26594976944651,-0.008298802814695066
7113,-1.2659527285756191,-0.008298802814695066
7114,-1.265955421398656,-0.008298802814695066
7115,-1.2659581512015938,-0.008298802814695066
7116,-1.2659855560575894,-0.008298802814695066
7117,-1.2659965224165426,-0.008298802814695066
7118,-1.2660001856547536,-0.008298802814695066
7119,-1.2660006964935906,-0.008298802814695066
7120,-1.2660087493320729,-0.008298802814695066
7121,-1.26600913346944,-0.008298802814695066
7122,-1.2660191637764655,-0.008298802814695066
7123,-1.2660294544847641,-0.008298802814695066
7124,-1.2660313362559246,-0.008298802814695066
7125,-1.2660355372541985,-0.008298802814695066
7126,-1.2660402336612755,-0.008298802814695066
7127,-1.2660419193555743,-0.008298802814695066
7128,-1.2660442373699807,-0.008298802814695066
7129,-1.2660536852452497,-0.008298802814695066
7130,-1.2660614246158803,-0.008298802814695066
7131,-1.2660636653076467,-0.008298802814695066
7132,-1.2660646027841815,-0.008298802814695066
7133,-1.2660657901074632,-0.008298802814695066
7134,-1.2660761032893142,-0.008298802814695066
7135,-1.2660859131577142,-0.008298802814695066
7136,-1.2660889097223968,-0.008298802814695066
7137,-1.2660949510227164,-0.008298802814695066
7138,-1.266104785783531,-0.008298802814695066
7139,-1.2661172167342285,-0.008298802814695066
7140,-1.2661202442811867,-0.008298802814695066
7141,-1.2661251359389036,-0.008298802814695066
7142,-1.2661334882222142,-0.008298802814695066
7143,-1.2661359956626526,-0.008298802814695066
7144,-1.2661387537118882,-0.008298802814695066
7145,-1.2661539284894985,-0.008298802814695066
7146,-1.2661605128890432,-0.008298802814695066
7147,-1.2661627117005265,-0.008298802814695066
7148,-1.2661645544359694,-0.008298802814695066
7149,-1.2661652493071114,-0.008298802814695066
7150,-1.2661693284850857,-0.008298802814695066
7151,-1.2661730444494026,-0.008298802814695066
7152,-1.2661753406960758,-0.008298802814695066
7153,-1.2661758659396465,-0.008298802814695066
7154,-1.266176642044532,-0.008298802814695066
7155,-1.2661796121720974,-0.008298802814695066
7156,-1.266180381293201,-0.008298802814695066
7157,-1.266182206963887,-0.008298802814695066
7158,-1.2661852432487586,-0.008298802814695066
7159,-1.266191148541997,-0.008298802814695066
7160,-1.266195150532464,-0.008298802814695066
7161,-1.266200578486132,-0.008298802814695066
7162,-1.2662011548586691,-0.008298802814695066
7163,-1.266212333806745,-0.008298802814695066
7164,-1.2662211698596402,-0.008298802814695066
7165,-1.2662224360436918,-0.008298802814695066
7166,-1.2662251952160282,-0.008298802814695066
7167,-1.2662265695077812,-0.008298802814695066
7168,-1.2662282962961975,-0.008298802814695066
7169,-1.2662330541217899,-0.008298802814695066
7170,-1.2662479790263976,-0.008298802814695066
7171,-1.266248595971444,-0.008298802814695066
7172,-1.2662536355874328,-0.008298802814695066
7173,-1.2662550976264346,-0.008298802814695066
7174,-1.2662576949662578,-0.008298802814695066
7175,-1.266257699574603,-0.008298802814695066
7176,-1.266258634638724,-0.008298802814695066
7177,-1.2662588649151443,-0.008298802814695066
7178,-1.2662674101107896,-0.008298802814695066
7179,-1.2662705740654656,-0.008298802814695066
7180,-1.266271809977484,-0.008298802814695066
7181,-1.266277330372931,-0.008298802814695066
7182,-1.2662773822311202,-0.008298802814695066
7183,-1.26628693419369,-0.008298802814695066
7184,-1.2662906929877509,-0.008298802814695066
7185,-1.2663115600641288,-0.008298802814695066
7186,-1.2663152657420125,-0.008298802814695066
7187,-1.2663347847037536,-0.008298802814695066
7188,-1.2663388296801505,-0.008298802814695066
7189,-1.2663486290147687,-0.008298802814695066
7190,-1.266349090497666,-0.008298802814695066
7191,-1.266351899469054,-0.008298802814695066
7192,-1.2663547275054208,-0.008298802814695066
7193,-1.2663633746680185,-0.008298802814695066
7194,-1.2663658121578816,-0.008298802814695066
7195,-1.2663799959757385,-0.008298802814695066
7196,-1.266380086414616,-0.008298802814695066
7197,-1.2663816751835137,-0.008298802814695066
7198,-1.266385456982075,-0.008298802814695066
7199,-1.266394664295337,-0.008298802814695066
7200,-1.2663953372313854,-0.008298802814695066
7201,-1.2663953669858605,-0.008298802814695066
7202,-1.266396813534786,-0.008298802814695066
7203,-1.266399911475963,-0.008298802814695066
7204,-1.2664014446981873,-0.008298802814695066
7205,-1.2664090311930674,-0.008298802814695066
7206,-1.2664154036550113,-0.008298802814695066
7207,-1.2664155205067407,-0.008298802814695066
7208,-1.2664158156543563,-0.008298802814695066
7209,-1.2664178002897792,-0.008298802814695066
7210,-1.2664250117198328,-0.008298802814695066
7211,-1.266426173605947,-0.008298802814695066
7212,-1.266436772947549,-0.008298802814695066
7213,-1.2664499398234157,-0.008298802814695066
7214,-1.2664609611050004,-0.008298802814695066
7215,-1.2664625248525174,-0.008298802814695066
7216,-1.2664742669114042,-0.008298802814695066
7217,-1.2664814476517612,-0.008298802814695066
7218,-1.2664900004623147,-0.008298802814695066
7219,-1.2664999076010086,-0.008298802814695066
7220,-1.2665037289836167,-0.008298802814695066
7221,-1.266511530105858,-0.008298802814695066
7222,-1.266534349975173,-0.008298802814695066
7223,-1.2665412084453562,-0.008298802814695066
7224,-1.2665433779496431,-0.008298802814695066
7225,-1.2665467671913815,-0.008298802814695066
7226,-1.266547518740852,-0.008298802814695066
7227,-1.2665620353000144,-0.008298802814695066
7228,-1.2665718725890005,-0.008298802814695066
7229,-1.266581578679602,-0.008298802814695066
7230,-1.2665823187129535,-0.008298802814695066
7231,-1.266587791013798,-0.008298802814695066
7232,-1.26658832168339,-0.008298802814695066
7233,-1.2666064297509076,-0.008298802814695066
7234,-1.2666092952877481,-0.008298802814695066
7235,-1.2666103891067853,-0.008298802814695066
7236,-1.2666111347954416,-0.008298802814695066
7237,-1.2666169399664613,-0.008298802814695066
7238,-1.2666173734639272,-0.008298802814695066
7239,-1.2666203187067127,-0.008298802814695066
7240,-1.2666244734758403,-0.008298802814695066
7241,-1.2666268465918238,-0.008298802814695066
7242,-1.2666274253283096,-0.008298802814695066
7243,-1.2666282568931815,-0.008298802814695066
7244,-1.2666339593507614,-0.008298802814695066
7245,-1.2666352658512854,-0.008298802814695066
7246,-1.266638358080416,-0.008298802814695066
7247,-1.2666389566728151,-0.008298802814695066
7248,-1.266661111351606,-0.008298802814695066
7249,-1.2666630649273376,-0.008298802814695066
7250,-1.266663458643446,-0.008298802814695066
7251,-1.2666663750235077,-0.008298802814695066
7252,-1.2666742421284367,-0.008298802814695066
7253,-1.2666957446019727,-0.008298802814695066
7254,-1.2666969261278334,-0.008298802814695066
7255,-1.2666970172172882,-0.008298802814695066
7256,-1.2666978813555936,-0.008298802814695066
7257,-1.266703965371169,-0.008298802814695066
7258,-1.2667087868848985,-0.008298802814695066
7259,-1.266712863994051,-0.008298802814695066
7260,-1.266719251455632,-0.008298802814695066
7261,-1.2667221789416563,-0.008298802814695066
7262,-1.2667257946515473,-0.008298802814695066
7263,-1.266740060537289,-0.008298802814695066
7264,-1.2667449340267394,-0.008298802814695066
7265,-1.2667511454073024,-0.008298802814695066
7266,-1.2667514220852496,-0.008298802814695066
7267,-1.2667515602023038,-0.008298802814695066
7268,-1.2667561833510712,-0.008298802814695066
7269,-1.2667618673593788,-0.008298802814695066
7270,-1.2667656497063728,-0.008298802814695066
7271,-1.2667685438097038,-0.008298802814695066
7272,-1.2667713280806345,-0.008298802814695066
7273,-1.2667714595256048,-0.008298802814695066
7274,-1.266773291591553,-0.008298802814695066
7275,-1.2667735899671477,-0.008298802814695066
7276,-1.2667769667605553,-0.008298802814695066
7277,-1.26678602786009,-0.008298802814695066
7278,-1.2667862470532203,-0.008298802814695066
7279,-1.2667891234427517,-0.008298802814695066
7280,-1.266792951204914,-0.008298802814695066
7281,-1.2668038238358605,-0.008298802814695066
7282,-1.2668058262210953,-0.008298802814695066
7283,-1.266809402590701,-0.008298802814695066
7284,-1.2668152896189229,-0.008298802814695066
7285,-1.2668358809355762,-0.008298802814695066
7286,-1.2668394128248985,-0.008298802814695066
7287,-1.2668407047797863,-0.008298802814695066
7288,-1.2668447880444575,-0.008298802814695066
7289,-1.2668522787151877,-0.008298802814695066
7290,-1.2668534729682903,-0.008298802814695066
7291,-1.2668570572754858,-0.008298802814695066
7292,-1.266858254165092,-0.008298802814695066
7293,-1.2668592079760193,-0.008298802814695066
7294,-1.2668595197216803,-0.008298802814695066
7295,-1.2668601464181521,-0.008298802814695066
7296,-1.266862214836912,-0.008298802814695066
7297,-1.2668633349892815,-0.008298802814695066
7298,-1.2668692153859067,-0.008298802814695066
7299,-1.2668709501077644,-0.008298802814695066
7300,-1.2668745506067718,-0.008298802814695066
7301,-1.266874688634401,-0.008298802814695066
7302,-1.2668771840878752,-0.008298802814695066
7303,-1.2668812193829535,-0.008298802814695066
7304,-1.2668814568219335,-0.008298802814695066
7305,-1.2668893429071217,-0.008298802814695066
7306,-1.2668909729219895,-0.008298802814695066
7307,-1.2668986968248213,-0.008298802814695066
7308,-1.2668993351202409,-0.008298802814695066
7309,-1.2669043349164655,-0.008298802814695066
7310,-1.2669044064633492,-0.008298802814695066
7311,-1.2669109613049743,-0.008298802814695066
7312,-1.2669118650213205,-0.008298802814695066
7313,-1.2669119946097855,-0.008298802814695066
7314,-1.2669135735472166,-0.008298802814695066
7315,-1.2669160920679878,-0.008298802814695066
7316,-1.2669198403222448,-0.008298802814695066
7317,-1.2669210810230809,-0.008298802814695066
7318,-1.266922930677097,-0.008298802814695066
7319,-1.2669394772103473,-0.008298802814695066
7320,-1.2669405527217468,-0.008298802814695066
7321,-1.2669440251630237,-0.008298802814695066
7322,-1.2669468243319615,-0.008298802814695066
7323,-1.2669489055259038,-0.008298802814695066
7324,-1.2669512711672788,-0.008298802814695066
7325,-1.2669512979962543,-0.008298802814695066
7326,-1.2669562680483655,-0.008298802814695066
7327,-1.2669667186364342,-0.008298802814695066
7328,-1.2669669753279544,-0.008298802814695066
7329,-1.2669775127172085,-0.008298802814695066
7330,-1.2669807567625337,-0.008298802814695066
7331,-1.2669817929937894,-0.008298802814695066
7332,-1.2669824535721501,-0.008298802814695066
7333,-1.2669861206857254,-0.008298802814695066
7334,-1.2669891631212935,-0.008298802814695066
7335,-1.2669898461221438,-0.008298802814695066
7336,-1.2669956679266217,-0.008298802814695066
7337,-1.2670118378813156,-0.008298802814695066
7338,-1.2670122311166894,-0.008298802814695066
7339,-1.2670123709632437,-0.008298802814695066
7340,-1.267013689794371,-0.008298802814695066
7341,-1.2670167849055516,-0.008298802814695066
7342,-1.2670180697132194,-0.008298802814695066
7343,-1.2670214609332235,-0.008298802814695066
7344,-1.2670294075208182,-0.008298802814695066
7345,-1.267040294735948,-0.008298802814695066
7346,-1.267041493777492,-0.008298802814695066
7347,-1.2670434752962443,-0.008298802814695066
7348,-1.2670446766108845,-0.008298802814695066
7349,-1.2670506324877846,-0.008298802814695066
7350,-1.2670520843397877,-0.008298802814695066
7351,-1.267053945788403,-0.008298802814695066
7352,-1.2670563692880354,-0.008298802814695066
7353,-1.2670570864822222,-0.008298802814695066
7354,-1.2670643964221537,-0.008298802814695066
7355,-1.267066238779258,-0.008298802814695066
7356,-1.2670664487394196,-0.008298802814695066
7357,-1.2670715324078081,-0.008298802814695066
7358,-1.2670796613522912,-0.008298802814695066
7359,-1.2670798087750614,-0.008298802814695066
7360,-1.2670798881636438,-0.008298802814695066
7361,-1.2670874818950395,-0.008298802814695066
7362,-1.2670931110023398,-0.008298802814695066
7363,-1.2670969240370336,-0.008298802814695066
7364,-1.2670970694301769,-0.008298802814695066
7365,-1.267097363819211,-0.008298802814695066
7366,-1.2670981182119165,-0.008298802814695066
7367,-1.2671006051534452,-0.008298802814695066
7368,-1.2671044177079216,-0.008298802814695066
7369,-1.2671047195553582,-0.008298802814695066
7370,-1.2671071867950592,-0.008298802814695066
7371,-1.267126862996342,-0.008298802814695066
7372,-1.2671345030191628,-0.008298802814695066
7373,-1.2671391989402487,-0.008298802814695066
7374,-1.2671429617429293,-0.008298802814695066
7375,-1.2671450642720312,-0.008298802814695066
7376,-1.2671466441591894,-0.008298802814695066
7377,-1.2671474657713286,-0.008298802814695066
7378,-1.2671525291541454,-0.008298802814695066
7379,-1.267157772347308,-0.008298802814695066
7380,-1.2671606660554355,-0.008298802814695066
7381,-1.2671612283804423,-0.008298802814695066
7382,-1.267163536772495,-0.008298802814695066
7383,-1.2671684926136195,-0.008298802814695066
7384,-1.2671693919929519,-0.008298802814695066
7385,-1.2671717557806326,-0.008298802814695066
7386,-1.2671722929462097,-0.008298802814695066
7387,-1.267173876769854,-0.008298802814695066
7388,-1.2671751570960623,-0.008298802814695066
7389,-1.2671772541791162,-0.008298802814695066
7390,-1.2671799309460696,-0.008298802814695066
7391,-1.2671812648728553,-0.008298802814695066
7392,-1.2671834486276539,-0.008298802814695066
7393,-1.267185696997295,-0.008298802814695066
7394,-1.267186742459098,-0.008298802814695066
7395,-1.26718674252999,-0.008298802814695066
7396,-1.2671917543360691,-0.008298802814695066
7397,-1.2671937336227361,-0.008298802814695066
7398,-1.2671983244135692,-0.008298802814695066
7399,-1.2671992264593388,-0.008298802814695066
7400,-1.267201965429971,-0.008298802814695066
7401,-1.2672032854814064,-0.008298802814695066
7402,-1.2672091452681702,-0.008298802814695066
7403,-1.2672105608320268,-0.008298802814695066
7404,-1.2672134695070625,-0.008298802814695066
7405,-1.2672193866382584,-0.008298802814695066
7406,-1.267221683485739,-0.008298802814695066
7407,-1.2672230634268808,-0.008298802814695066
7408,-1.2672238393826096,-0.008298802814695066
7409,-1.2672242976423507,-0.008298802814695066
7410,-1.2672256436994422,-0.008298802814695066
7411,-1.267225670680793,-0.008298802814695066
7412,-1.2672286158602621,-0.008298802814695066
7413,-1.267229310022306,-0.008298802814695066
7414,-1.2672305487738125,-0.008298802814695066
7415,-1.2672352888799019,-0.008298802814695066
7416,-1.2672366656305998,-0.008298802814695066
7417,-1.2672417471854058,-0.008298802814695066
7418,-1.2672462510824172,-0.008298802814695066
7419,-1.267250421657405,-0.008298802814695066
7420,-1.2672604812472361,-0.008298802814695066
7421,-1.2672609142664824,-0.008298802814695066
7422,-1.2672633808867462,-0.008298802814695066
7423,-1.2672701360551026,-0.008298802814695066
7424,-1.2672714798477804,-0.008298802814695066
7425,-1.2672822877432366,-0.008298802814695066
7426,-1.2672842609299249,-0.008298802814695066
7427,-1.2672917994065211,-0.008298802814695066
7428,-1.267296261234925,-0.008298802814695066
7429,-1.267297698778692,-0.008298802814695066
7430,-1.2673076370455387,-0.008298802814695066
7431,-1.2673128357579724,-0.008298802814695066
7432,-1.267313405390465,-0.008298802814695066
7433,-1.2673182342416767,-0.008298802814695066
7434,-1.26732212590394,-0.008298802814695066
7435,-1.267326652661019,-0.008298802814695066
7436,-1.267329145627753,-0.008298802814695066
7437,-1.2673316541080955,-0.008298802814695066
7438,-1.2673340433128222,-0.008298802814695066
7439,-1.2673345422550113,-0.008298802814695066
7440,-1.2673401524726824,-0.008298802814695066
7441,-1.2673403641775791,-0.008298802814695066
7442,-1.2673420394662096,-0.008298802814695066
7443,-1.2673453121837042,-0.008298802814695066
7444,-1.2673460049386405,-0.008298802814695066
7445,-1.267347989714156,-0.008298802814695066
7446,-1.2673494887578838,-0.008298802814695066
7447,-1.2673604669284362,-0.008298802814695066
7448,-1.2673657108314595,-0.008298802814695066
7449,-1.2673657635679434,-0.008298802814695066
7450,-1.2673658707618145,-0.008298802814695066
7451,-1.2673678952507208,-0.008298802814695066
7452,-1.267372391221918,-0.008298802814695066
7453,-1.2673760228616304,-0.008298802814695066
7454,-1.2673789143161875,-0.008298802814695066
7455,-1.2673792096064342,-0.008298802814695066
7456,-1.2673815801288004,-0.008298802814695066
7457,-1.267382386615144,-0.008298802814695066
7458,-1.2673826599158327,-0.008298802814695066
7459,-1.2673843229958082,-0.008298802814695066
7460,-1.2673882553865834,-0.008298802814695066
7461,-1.2673900721696278,-0.008298802814695066
7462,-1.2673906531163728,-0.008298802814695066
7463,-1.2673930547308707,-0.008298802814695066
7464,-1.2673949912128917,-0.008298802814695066
7465,-1.2673978420147272,-0.008298802814695066
7466,-1.2673983273580538,-0.008298802814695066
7467,-1.267404690748266,-0.008298802814695066
7468,-1.267405635231552,-0.008298802814695066
7469,-1.2674080870101638,-0.008298802814695066
7470,-1.2674089372658053,-0.008298802814695066
7471,-1.267412818927789,-0.008298802814695066
7472,-1.267417569725191,-0.008298802814695066
7473,-1.2674201434457513,-0.008298802814695066
7474,-1.2674216261340374,-0.008298802814695066
7475,-1.267423285354868,-0.008298802814695066
7476,-1.2674241463371956,-0.008298802814695066
7477,-1.2674347643729522,-0.008298802814695066
7478,-1.2674349611014002,-0.008298802814695066
7479,-1.2674395957527984,-0.008298802814695066
7480,-1.2674467329925903,-0.008298802814695066
7481,-1.2674472810752868,-0.008298802814695066
7482,-1.2674586001873784,-0.008298802814695066
7483,-1.2674589968690908,-0.008298802814695066
7484,-1.267470108584184,-0.008298802814695066
7485,-1.26747190795786,-0.008298802814695066
7486,-1.2674737044174829,-0.008298802814695066
7487,-1.2674899655313165,-0.008298802814695066
7488,-1.2674911306244039,-0.008298802814695066
7489,-1.267491903913331,-0.008298802814695066
7490,-1.267494211657417,-0.008298802814695066
7491,-1.2674950406456669,-0.008298802814695066
7492,-1.2674962867753394,-0.008298802814695066
7493,-1.267496339289298,-0.008298802814695066
7494,-1.2675020712234462,-0.008298802814695066
7495,-1.2675025256521135,-0.008298802814695066
7496,-1.2675069367533656,-0.008298802814695066
7497,-1.2675142410534006,-0.008298802814695066
7498,-1.2675252400944443,-0.008298802814695066
7499,-1.2675257938033917,-0.008298802814695066
7500,-1.2675279885162087,-0.008298802814695066
7501,-1.267532485089705,-0.008298802814695066
7502,-1.2675325115094216,-0.008298802814695066
7503,-1.267536656235002,-0.008298802814695066
7504,-1.2675422567078807,-0.008298802814695066
7505,-1.2675487402321801,-0.008298802814695066
7506,-1.267553598558657,-0.008298802814695066
7507,-1.2675545617011517,-0.008298802814695066
7508,-1.2675559627555635,-0.008298802814695066
7509,-1.2675730428807062,-0.008298802814695066
7510,-1.2675747856530482,-0.008298802814695066
7511,-1.2675748775627376,-0.008298802814695066
7512,-1.2675756041984314,-0.008298802814695066
7513,-1.2675775216569387,-0.008298802814695066
7514,-1.2675776813627955,-0.008298802814695066
7515,-1.267579969176501,-0.008298802814695066
7516,-1.267581067626522,-0.008298802814695066
7517,-1.2675910224349116,-0.008298802814695066
7518,-1.2675922873284948,-0.008298802814695066
7519,-1.2675925138208022,-0.008298802814695066
7520,-1.2675946731055572,-0.008298802814695066
7521,-1.2675949741040489,-0.008298802814695066
7522,-1.267599729736749,-0.008298802814695066
7523,-1.2676032057936957,-0.008298802814695066
7524,-1.2676093384277292,-0.008298802814695066
7525,-1.2676097361005876,-0.008298802814695066
7526,-1.2676105200441388,-0.008298802814695066
7527,-1.2676145260285145,-0.008298802814695066
7528,-1.267626883362144,-0.008298802814695066
7529,-1.2676279914021107,-0.008298802814695066
7530,-1.2676315847356476,-0.008298802814695066
7531,-1.2676327056200107,-0.008298802814695066
7532,-1.267633038379628,-0.008298802814695066
7533,-1.2676336418601848,-0.008298802814695066
7534,-1.2676405368095565,-0.008298802814695066
7535,-1.2676469300241104,-0.008298802814695066
7536,-1.2676469860744803,-0.008298802814695066
7537,-1.2676582954974054,-0.008298802814695066
7538,-1.2676626984790809,-0.008298802814695066
7539,-1.2676673579521802,-0.008298802814695066
7540,-1.2676692996645613,-0.008298802814695066
7541,-1.2676696826491531,-0.008298802814695066
7542,-1.2676699889555203,-0.008298802814695066
7543,-1.2676754245820063,-0.008298802814695066
7544,-1.2676835435858695,-0.008298802814695066
7545,-1.26768716345352,-0.008298802814695066
7546,-1.2676904977555181,-0.008298802814695066
7547,-1.2676927285612507,-0.008298802814695066
7548,-1.2676944866285564,-0.008298802814695066
7549,-1.2676993428336822,-0.008298802814695066
7550,-1.2677035885640882,-0.008298802814695066
7551,-1.2677069283987756,-0.008298802814695066
7552,-1.2677085080527313,-0.008298802814695066
7553,-1.2677101677474538,-0.008298802814695066
7554,-1.267720767981626,-0.008298802814695066
7555,-1.2677217043901763,-0.008298802814695066
7556,-1.2677230022473343,-0.008298802814695066
7557,-1.2677235976832821,-0.008298802814695066
7558,-1.2677252412371731,-0.008298802814695066
7559,-1.2677265518943095,-0.008298802814695066
7560,-1.2677281992215808,-0.008298802814695066
7561,-1.2677351890773332,-0.008298802814695066
7562,-1.2677369726101007,-0.008298802814695066
7563,-1.2677380044192286,-0.008298802814695066
7564,-1.267744533575414,-0.008298802814695066
7565,-1.2677493307152794,-0.008298802814695066
7566,-1.2677602226233493,-0.008298802814695066
7567,-1.2677603446252255,-0.008298802814695066
7568,-1.267760896133743,-0.008298802814695066
7569,-1.267767360218663,-0.008298802814695066
7570,-1.267768111358341,-0.008298802814695066
7571,-1.2677695549545667,-0.008298802814695066
7572,-1.2677714512792964,-0.008298802814695066
7573,-1.26777715087092,-0.008298802814695066
7574,-1.2677784337322904,-0.008298802814695066
7575,-1.2677794353821061,-0.008298802814695066
7576,-1.2677805625179164,-0.008298802814695066
7577,-1.2677838382491755,-0.008298802814695066
7578,-1.2677881574535113,-0.008298802814695066
7579,-1.2677881665508548,-0.008298802814695066
7580,-1.2677890134806848,-0.008298802814695066
7581,-1.2677904400969666,-0.008298802814695066
7582,-1.2677981364239632,-0.008298802814695066
7583,-1.2677998453120995,-0.008298802814695066
7584,-1.267800495008235,-0.008298802814695066
7585,-1.2678011536567242,-0.008298802814695066
7586,-1.2678020605554223,-0.008298802814695066
7587,-1.2678062061885096,-0.008298802814695066
7588,-1.2678108828416832,-0.008298802814695066
7589,-1.2678118307296848,-0.008298802814695066
7590,-1.2678132473392143,-0.008298802814695066
7591,-1.2678134582939211,-0.008298802814695066
7592,-1.2678190365209452,-0.008298802814695066
7593,-1.2678197960885642,-0.008298802814695066
7594,-1.267821906608182,-0.008298802814695066
7595,-1.2678232705372194,-0.008298802814695066
7596,-1.2678249155713306,-0.008298802814695066
7597,-1.2678252886322454,-0.008298802814695066
7598,-1.2678308096503947,-0.008298802814695066
7599,-1.267831793101711,-0.008298802814695066
7600,-1.267842671292311,-0.008298802814695066
7601,-1.2678435677320408,-0.008298802814695066
7602,-1.267843605182142,-0.008298802814695066
7603,-1.267852197233752,-0.008298802814695066
7604,-1.2678539689937771,-0.008298802814695066
7605,-1.267854450539706,-0.008298802814695066
7606,-1.2678564286837846,-0.008298802814695066
7607,-1.2678575577544746,-0.008298802814695066
7608,-1.2678592629297694,-0.008298802814695066
7609,-1.2678649114662726,-0.008298802814695066
7610,-1.267866129867273,-0.008298802814695066
7611,-1.267867994618371,-0.008298802814695066
7612,-1.2678707230176165,-0.008298802814695066
7613,-1.267872127938725,-0.008298802814695066
7614,-1.2678751683787488,-0.008298802814695066
7615,-1.2678789035428992,-0.008298802814695066
7616,-1.2678822171651838,-0.008298802814695066
7617,-1.2678828948996612,-0.008298802814695066
7618,-1.26788496693798,-0.008298802814695066
7619,-1.267887347303704,-0.008298802814695066
7620,-1.2678877969573197,-0.008298802814695066
7621,-1.267892322993072,-0.008298802814695066
7622,-1.2678936790944713,-0.008298802814695066
7623,-1.2678936855660607,-0.008298802814695066
7624,-1.2678946331198861,-0.008298802814695066
7625,-1.2678950977179568,-0.008298802814695066
7626,-1.267898285973336,-0.008298802814695066
7627,-1.2678983221722089,-0.008298802814695066
7628,-1.2678988157844102,-0.008298802814695066
7629,-1.2678990178266774,-0.008298802814695066
7630,-1.2679083631082326,-0.008298802814695066
7631,-1.26790937793688,-0.008298802814695066
7632,-1.267916634662345,-0.008298802814695066
7633,-1.2679175183461466,-0.008298802814695066
7634,-1.2679195465445452,-0.008298802814695066
7635,-1.267924284169142,-0.008298802814695066
7636,-1.267925246058645,-0.008298802814695066
7637,-1.2679253595469642,-0.008298802814695066
7638,-1.267925541709434,-0.008298802814695066
7639,-1.2679261999571634,-0.008298802814695066
7640,-1.2679318120178942,-0.008298802814695066
7641,-1.2679335725416612,-0.008298802814695066
7642,-1.267933766084239,-0.008298802814695066
7643,-1.2679358308037993,-0.008298802814695066
7644,-1.26793882191209,-0.008298802814695066
7645,-1.2679450151941936,-0.008298802814695066
7646,-1.2679459676543745,-0.008298802814695066
7647,-1.267946027916688,-0.008298802814695066
7648,-1.2679467458995624,-0.008298802814695066
7649,-1.2679482523769712,-0.008298802814695066
7650,-1.2679482657519263,-0.008298802814695066
7651,-1.2679492450538001,-0.008298802814695066
7652,-1.2679530226015603,-0.008298802814695066
7653,-1.267953221765306,-0.008298802814695066
7654,-1.2679565955609193,-0.008298802814695066
7655,-1.267956793402487,-0.008298802814695066
7656,-1.2679610376746886,-0.008298802814695066
7657,-1.2679614595001716,-0.008298802814695066
7658,-1.2679664826045494,-0.008298802814695066
7659,-1.2679693161358756,-0.008298802814695066
7660,-1.2679720241932562,-0.008298802814695066
7661,-1.2679741872264556,-0.008298802814695066
7662,-1.2679762592049708,-0.008298802814695066
7663,-1.2679776146236217,-0.008298802814695066
7664,-1.2679780110716827,-0.008298802814695066
7665,-1.2679792937106193,-0.008298802814695066
7666,-1.2679858334684333,-0.008298802814695066
7667,-1.2679890209466582,-0.008298802814695066
7668,-1.2679920057407492,-0.008298802814695066
7669,-1.2679955110151124,-0.008298802814695066
7670,-1.26799991657291,-0.008298802814695066
7671,-1.2680013838151154,-0.008298802814695066
7672,-1.2680026864216094,-0.008298802814695066
7673,-1.2680054019028983,-0.008298802814695066
7674,-1.2680072130955247,-0.008298802814695066
7675,-1.2680118326718182,-0.008298802814695066
7676,-1.268013520419432,-0.008298802814695066
7677,-1.2680175670407139,-0.008298802814695066
7678,-1.2680258384783492,-0.008298802814695066
7679,-1.2680270396340967,-0.008298802814695066
7680,-1.2680289826411142,-0.008298802814695066
7681,-1.268030516873937,-0.008298802814695066
7682,-1.2680324103032254,-0.008298802814695066
7683,-1.2680328312251414,-0.008298802814695066
7684,-1.2680340262987813,-0.008298802814695066
7685,-1.2680351077554621,-0.008298802814695066
7686,-1.2680389843354287,-0.008298802814695066
7687,-1.268039835811055,-0.008298802814695066
7688,-1.268040851582937,-0.008298802814695066
7689,-1.2680414098194428,-0.008298802814695066
7690,-1.2680421365141061,-0.008298802814695066
7691,-1.2680429714619694,-0.008298802814695066
7692,-1.2680482738250414,-0.008298802814695066
7693,-1.2680486713789758,-0.008298802814695066
7694,-1.268050230083955,-0.008298802814695066
7695,-1.2680537041256854,-0.008298802814695066
7696,-1.2680549510699934,-0.008298802814695066
7697,-1.2680553302112274,-0.008298802814695066
7698,-1.26805932819593,-0.008298802814695066
7699,-1.2680610945998403,-0.008298802814695066
7700,-1.2680619089139504,-0.008298802814695066
7701,-1.2680643878605666,-0.008298802814695066
7702,-1.2680643898509811,-0.008298802814695066
7703,-1.268066199134903,-0.008298802814695066
7704,-1.2680662603510582,-0.008298802814695066
7705,-1.268067350811393,-0.008298802814695066
7706,-1.2680676404626188,-0.008298802814695066
7707,-1.2680688608564612,-0.008298802814695066
7708,-1.2680693022695333,-0.008298802814695066
7709,-1.2680719200581603,-0.008298802814695066
7710,-1.2680725889751605,-0.008298802814695066
7711,-1.2680777457659198,-0.008298802814695066
7712,-1.268084700301431,-0.008298802814695066
7713,-1.2680899502655159,-0.008298802814695066
7714,-1.2680958851533932,-0.008298802814695066
7715,-1.2680982264808736,-0.008298802814695066
7716,-1.2680983485828121,-0.008298802814695066
7717,-1.2680989905316775,-0.008298802814695066
7718,-1.2680997066148625,-0.008298802814695066
7719,-1.2681054637434777,-0.008298802814695066
7720,-1.2681069796278,-0.008298802814695066
7721,-1.2681071703858597,-0.008298802814695066
7722,-1.268108676728411,-0.008298802814695066
7723,-1.2681125408743588,-0.008298802814695066
7724,-1.2681158177526366,-0.008298802814695066
7725,-1.2681163296294202,-0.008298802814695066
7726,-1.2681167969119163,-0.008298802814695066
7727,-1.2681173851652021,-0.008298802814695066
7728,-1.2681182852696877,-0.008298802814695066
7729,-1.2681194814483794,-0.008298802814695066
7730,-1.268121168175593,-0.008298802814695066
7731,-1.2681213109382363,-0.008298802814695066
7732,-1.2681222138614388,-0.008298802814695066
7733,-1.2681253504803198,-0.008298802814695066
7734,-1.2681278667239402,-0.008298802814695066
7735,-1.2681300234358213,-0.008298802814695066
7736,-1.268131061506676,-0.008298802814695066
7737,-1.2681389201091413,-0.008298802814695066
7738,-1.2681426298576441,-0.008298802814695066
7739,-1.2681456627775383,-0.008298802814695066
7740,-1.2681481199607156,-0.008298802814695066
7741,-1.2681484981153583,-0.008298802814695066
7742,-1.268152055241654,-0.008298802814695066
7743,-1.268155752624713,-0.008298802814695066
7744,-1.2681633197213547,-0.008298802814695066
7745,-1.2681643595556582,-0.008298802814695066
7746,-1.268165389593563,-0.008298802814695066
7747,-1.268170581631481,-0.008298802814695066
7748,-1.2681719595541878,-0.008298802814695066
7749,-1.2681728418246894,-0.008298802814695066
7750,-1.2681732903391123,-0.008298802814695066
7751,-1.2681746759015158,-0.008298802814695066
7752,-1.2681797507567518,-0.008298802814695066
7753,-1.2681814273135579,-0.008298802814695066
7754,-1.268194195664552,-0.008298802814695066
7755,-1.2681942968077475,-0.008298802814695066
7756,-1.2682031813210868,-0.008298802814695066
7757,-1.26820515378932,-0.008298802814695066
7758,-1.2682083764103964,-0.008298802814695066
7759,-1.2682098251657228,-0.008298802814695066
7760,-1.2682103572099366,-0.008298802814695066
7761,-1.2682122103208018,-0.008298802814695066
7762,-1.2682127594859898,-0.008298802814695066
7763,-1.2682131125174365,-0.008298802814695066
7764,-1.268214307013969,-0.008298802814695066
7765,-1.2682151731077722,-0.008298802814695066
7766,-1.268217106460047,-0.008298802814695066
7767,-1.2682171653196013,-0.008298802814695066
7768,-1.2682182950871883,-0.008298802814695066
7769,-1.2682183208820414,-0.008298802814695066
7770,-1.26821859075099,-0.008298802814695066
7771,-1.268219808092481,-0.008298802814695066
7772,-1.2682212933870727,-0.008298802814695066
7773,-1.2682215014046339,-0.008298802814695066
7774,-1.2682247534003417,-0.008298802814695066
7775,-1.2682251293680817,-0.008298802814695066
7776,-1.2682292208688994,-0.008298802814695066
7777,-1.2682376569416083,-0.008298802814695066
7778,-1.2682377029318268,-0.008298802814695066
7779,-1.2682408851179692,-0.008298802814695066
7780,-1.2682431918933614,-0.008298802814695066
7781,-1.2682448003503546,-0.008298802814695066
7782,-1.268246118854996,-0.008298802814695066
7783,-1.2682461984447795,-0.008298802814695066
7784,-1.2682486638946067,-0.008298802814695066
7785,-1.2682493103981496,-0.008298802814695066
7786,-1.268258253539792,-0.008298802814695066
7787,-1.2682681492404486,-0.008298802814695066
7788,-1.2682682197100583,-0.008298802814695066
7789,-1.2682721869619105,-0.008298802814695066
7790,-1.2682730671918345,-0.008298802814695066
7791,-1.2682765673927505,-0.008298802814695066
7792,-1.2682778840259503,-0.008298802814695066
7793,-1.2682793064889495,-0.008298802814695066
7794,-1.2682793270228907,-0.008298802814695066
7795,-1.2682793702297308,-0.008298802814695066
7796,-1.2682805173759428,-0.008298802814695066
7797,-1.2682809480630635,-0.008298802814695066
7798,-1.2682836288594754,-0.008298802814695066
7799,-1.2682928854290993,-0.008298802814695066
7800,-1.268296394795617,-0.008298802814695066
7801,-1.2683015068621932,-0.008298802814695066
7802,-1.268306293911198,-0.008298802814695066
7803,-1.2683100859668381,-0.008298802814695066
7804,-1.2683101965343249,-0.008298802814695066
7805,-1.2683114728726719,-0.008298802814695066
7806,-1.2683141049483821,-0.008298802814695066
7807,-1.2683193736022806,-0.008298802814695066
7808,-1.2683198642871227,-0.008298802814695066
7809,-1.2683221507022715,-0.008298802814695066
7810,-1.2683237568502643,-0.008298802814695066
7811,-1.268324067286352,-0.008298802814695066
7812,-1.268327378313764,-0.008298802814695066
7813,-1.2683298168260686,-0.008298802814695066
7814,-1.2683302413799802,-0.008298802814695066
7815,-1.2683310641109675,-0.008298802814695066
7816,-1.2683311599293274,-0.008298802814695066
7817,-1.2683342285690573,-0.008298802814695066
7818,-1.2683370904649527,-0.008298802814695066
7819,-1.2683371900045983,-0.008298802814695066
7820,-1.2683403321533966,-0.008298802814695066
7821,-1.2683451994105162,-0.008298802814695066
7822,-1.2683467611086048,-0.008298802814695066
7823,-1.2683494033872442,-0.008298802814695066
7824,-1.2683510463174148,-0.008298802814695066
7825,-1.26835233473497,-0.008298802814695066
7826,-1.2683534151959686,-0.008298802814695066
7827,-1.2683568883420613,-0.008298802814695066
7828,-1.2683573747890073,-0.008298802814695066
7829,-1.2683612163442177,-0.008298802814695066
7830,-1.2683616379533909,-0.008298802814695066
7831,-1.268366520768376,-0.008298802814695066
7832,-1.268367519958103,-0.008298802814695066
7833,-1.2683678769395894,-0.008298802814695066
7834,-1.268368865126983,-0.008298802814695066
7835,-1.2683691739581258,-0.008298802814695066
7836,-1.2683709958510676,-0.008298802814695066
7837,-1.2683733053734858,-0.008298802814695066
7838,-1.268373443338536,-0.008298802814695066
7839,-1.268375582908914,-0.008298802814695066
7840,-1.2683756304994405,-0.008298802814695066
7841,-1.2683758507308036,-0.008298802814695066
7842,-1.26837687135012,-0.008298802814695066
7843,-1.2683768996347018,-0.008298802814695066
7844,-1.2683770563798022,-0.008298802814695066
7845,-1.2683781421857407,-0.008298802814695066
7846,-1.2683790041344363,-0.008298802814695066
7847,-1.2683814899431727,-0.008298802814695066
7848,-1.2683817503024364,-0.008298802814695066
7849,-1.2683840830262183,-0.008298802814695066
7850,-1.268388024563661,-0.008298802814695066
7851,-1.2683910164037469,-0.008298802814695066
7852,-1.268391139170824,-0.008298802814695066
7853,-1.2683935144672172,-0.008298802814695066
7854,-1.2683939718776331,-0.008298802814695066
7855,-1.2683945308097029,-0.008298802814695066
7856,-1.2683951682787653,-0.008298802814695066
7857,-1.2683984247073197,-0.008298802814695066
7858,-1.2683993471194166,-0.008298802814695066
7859,-1.2684015092253633,-0.008298802814695066
7860,-1.2684021787410225,-0.008298802814695066
7861,-1.2684042717668147,-0.008298802814695066
7862,-1.2684063648828605,-0.008298802814695066
7863,-1.2684066254420718,-0.008298802814695066
7864,-1.268408178816829,-0.008298802814695066
7865,-1.2684088311879287,-0.008298802814695066
7866,-1.268409516256962,-0.008298802814695066
7867,-1.268409609060563,-0.008298802814695066
7868,-1.268416911520404,-0.008298802814695066
7869,-1.2684186840548737,-0.008298802814695066
7870,-1.2684192968172896,-0.008298802814695066
7871,-1.2684234363769757,-0.008298802814695066
7872,-1.268424536068881,-0.008298802814695066
7873,-1.26842534416655,-0.008298802814695066
7874,-1.2684259495408545,-0.008298802814695066
7875,-1.2684266436804492,-0.008298802814695066
7876,-1.2684295706207283,-0.008298802814695066
7877,-1.2684321832735397,-0.008298802814695066
7878,-1.2684372317650547,-0.008298802814695066
7879,-1.268438160616103,-0.008298802814695066
7880,-1.2684482963982582,-0.008298802814695066
7881,-1.2684490654676601,-0.008298802814695066
7882,-1.2684516436753794,-0.008298802814695066
7883,-1.2684517579446268,-0.008298802814695066
7884,-1.2684533753021656,-0.008298802814695066
7885,-1.268456278223315,-0.008298802814695066
7886,-1.268457120118219,-0.008298802814695066
7887,-1.2684573742684147,-0.008298802814695066
7888,-1.2684586225086816,-0.008298802814695066
7889,-1.2684586524193406,-0.008298802814695066
7890,-1.2684594125298472,-0.008298802814695066
7891,-1.2684607043880396,-0.008298802814695066
7892,-1.268464994373269,-0.008298802814695066
7893,-1.2684655627035648,-0.008298802814695066
7894,-1.2684657497293874,-0.008298802814695066
7895,-1.2684671699588703,-0.008298802814695066
7896,-1.2684687787374576,-0.008298802814695066
7897,-1.2684689638107258,-0.008298802814695066
7898,-1.268471188490928,-0.008298802814695066
7899,-1.2684725597135689,-0.008298802814695066
7900,-1.2684764171822374,-0.008298802814695066
7901,-1.2684770153617195,-0.008298802814695066
7902,-1.268479910554563,-0.008298802814695066
7903,-1.268480856130262,-0.008298802814695066
7904,-1.2684816775862329,-0.008298802814695066
7905,-1.2684827221326287,-0.008298802814695066
7906,-1.268483277031299,-0.008298802814695066
7907,-1.26848507038423,-0.008298802814695066
7908,-1.2684857576159156,-0.008298802814695066
7909,-1.2684864179545003,-0.008298802814695066
7910,-1.2684898630015347,-0.008298802814695066
7911,-1.268490827984099,-0.008298802814695066
7912,-1.2684910048923377,-0.008298802814695066
7913,-1.2684946348316422,-0.008298802814695066
7914,-1.2684981777562818,-0.008298802814695066
7915,-1.2685058987972366,-0.008298802814695066
7916,-1.2685111908038051,-0.008298802814695066
7917,-1.2685121351602997,-0.008298802814695066
7918,-1.2685121427158763,-0.008298802814695066
7919,-1.2685130158279438,-0.008298802814695066
7920,-1.2685173754061387,-0.008298802814695066
7921,-1.2685175656514676,-0.008298802814695066
7922,-1.2685185483365318,-0.008298802814695066
7923,-1.2685222113033898,-0.008298802814695066
7924,-1.2685232975420244,-0.008298802814695066
7925,-1.26852407486071,-0.008298802814695066
7926,-1.2685245025279077,-0.008298802814695066
7927,-1.2685255611932922,-0.008298802814695066
7928,-1.2685261175857363,-0.008298802814695066
7929,-1.2685332994546665,-0.008298802814695066
7930,-1.2685395471308862,-0.008298802814695066
7931,-1.2685398897399967,-0.008298802814695066
7932,-1.268543148079362,-0.008298802814695066
7933,-1.2685435998261563,-0.008298802814695066
7934,-1.2685452530268757,-0.008298802814695066
7935,-1.268545360200413,-0.008298802814695066
7936,-1.2685467411912201,-0.008298802814695066
7937,-1.268547025638596,-0.008298802814695066
7938,-1.2685479296483493,-0.008298802814695066
7939,-1.268549655736917,-0.008298802814695066
7940,-1.268552211133548,-0.008298802814695066
7941,-1.2685523372881375,-0.008298802814695066
7942,-1.2685528005651452,-0.008298802814695066
7943,-1.268555958277298,-0.008298802814695066
7944,-1.2685601009532927,-0.008298802814695066
7945,-1.2685662836756644,-0.008298802814695066
7946,-1.2685699244438993,-0.008298802814695066
7947,-1.2685703878955397,-0.008298802814695066
7948,-1.2685719229578973,-0.008298802814695066
7949,-1.2685732936378689,-0.008298802814695066
7950,-1.2685743878310265,-0.008298802814695066
7951,-1.2685748413526012,-0.008298802814695066
7952,-1.2685754096657944,-0.008298802814695066
7953,-1.2685762356895005,-0.008298802814695066
7954,-1.2685795056791662,-0.008298802814695066
7955,-1.2685810651909948,-0.008298802814695066
7956,-1.2685852386207865,-0.008298802814695066
7957,-1.2685881539847057,-0.008298802814695066
7958,-1.2685890957560362,-0.008298802814695066
7959,-1.2685907114325987,-0.008298802814695066
7960,-1.2685931701057713,-0.008298802814695066
7961,-1.2685939222545928,-0.008298802814695066
7962,-1.2685985328432974,-0.008298802814695066
7963,-1.268598953220004,-0.008298802814695066
7964,-1.268599929186773,-0.008298802814695066
7965,-1.2686005817594777,-0.008298802814695066
7966,-1.2686019788582132,-0.008298802814695066
7967,-1.26860446884536,-0.008298802814695066
7968,-1.2686066776704426,-0.008298802814695066
7969,-1.2686070482558587,-0.008298802814695066
7970,-1.2686089013738628,-0.008298802814695066
7971,-1.2686090293478443,-0.008298802814695066
7972,-1.268609060238058,-0.008298802814695066
7973,-1.2686112950082087,-0.008298802814695066
7974,-1.2686124722786034,-0.008298802814695066
7975,-1.268613470662882,-0.008298802814695066
7976,-1.268613731910273,-0.008298802814695066
7977,-1.2686141216318432,-0.008298802814695066
7978,-1.268614169433014,-0.008298802814695066
7979,-1.2686143737665878,-0.008298802814695066
7980,-1.268615172631997,-0.008298802814695066
7981,-1.268616399770639,-0.008298802814695066
7982,-1.2686164232923123,-0.008298802814695066
7983,-1.268617647809921,-0.008298802814695066
7984,-1.2686178000691222,-0.008298802814695066
7985,-1.268618524423487,-0.008298802814695066
7986,-1.2686251276475105,-0.008298802814695066
7987,-1.2686264093000752,-0.008298802814695066
7988,-1.2686273080813488,-0.008298802814695066
7989,-1.2686299957605924,-0.008298802814695066
7990,-1.2686301463774403,-0.008298802814695066
7991,-1.2686311139380217,-0.008298802814695066
7992,-1.268633019925249,-0.008298802814695066
7993,-1.2686352365895874,-0.008298802814695066
7994,-1.2686359528777085,-0.008298802814695066
7995,-1.2686359894977168,-0.008298802814695066
7996,-1.2686394486739152,-0.008298802814695066
7997,-1.2686406694889203,-0.008298802814695066
7998,-1.268641194098486,-0.008298802814695066
7999,-1.2686421359012692,-0.008298802814695066
8000,-1.268642813264661,-0.008298802814695066
8001,-1.2686442008558314,-0.008298802814695066
8002,-1.2686451705319313,-0.008298802814695066
8003,-1.2686455734025406,-0.008298802814695066
8004,-1.2686493235332712,-0.008298802814695066
8005,-1.2686505375445507,-0.008298802814695066
8006,-1.268651647469634,-0.008298802814695066
8007,-1.2686517676182194,-0.008298802814695066
8008,-1.2686530726001908,-0.008298802814695066
8009,-1.268653098032697,-0.008298802814695066
8010,-1.2686532892115228,-0.008298802814695066
8011,-1.2686581620465631,-0.008298802814695066
8012,-1.2686613988980344,-0.008298802814695066
8013,-1.268661444059239,-0.008298802814695066
8014,-1.2686615183817278,-0.008298802814695066
8015,-1.268662126754958,-0.008298802814695066
8016,-1.268662238227036,-0.008298802814695066
8017,-1.268663830768828,-0.008298802814695066
8018,-1.2686641618778434,-0.008298802814695066
8019,-1.2686655885363318,-0.008298802814695066
8020,-1.268665808012655,-0.008298802814695066
8021,-1.2686676727662718,-0.008298802814695066
8022,-1.2686680585655687,-0.008298802814695066
8023,-1.2686682993201552,-0.008298802814695066
8024,-1.2686686669965972,-0.008298802814695066
8025,-1.268670514879296,-0.008298802814695066
8026,-1.2686784262823085,-0.008298802814695066
8027,-1.2686799536813609,-0.008298802814695066
8028,-1.2686810297392732,-0.008298802814695066
8029,-1.2686817311352065,-0.008298802814695066
8030,-1.2686820142569593,-0.008298802814695066
8031,-1.2686859812688482,-0.008298802814695066
8032,-1.2686861854784441,-0.008298802814695066
8033,-1.2686876320218945,-0.008298802814695066
8034,-1.268688123592585,-0.008298802814695066
8035,-1.268688211148317,-0.008298802814695066
8036,-1.268690940861865,-0.008298802814695066
8037,-1.2686910477503288,-0.008298802814695066
8038,-1.2686913194771339,-0.008298802814695066
8039,-1.2686932072167594,-0.008298802814695066
8040,-1.2686938851184084,-0.008298802814695066
8041,-1.268694623181804,-0.008298802814695066
8042,-1.2686966470741048,-0.008298802814695066
8043,-1.268698488227169,-0.008298802814695066
8044,-1.2687038418571057,-0.008298802814695066
8045,-1.2687088710287402,-0.008298802814695066
8046,-1.2687091157124861,-0.008298802814695066
8047,-1.2687104744508502,-0.008298802814695066
8048,-1.2687126659120354,-0.008298802814695066
8049,-1.268713666180262,-0.008298802814695066
8050,-1.2687144706686944,-0.008298802814695066
8051,-1.2687144765156753,-0.008298802814695066
8052,-1.2687158483959178,-0.008298802814695066
8053,-1.2687170033508397,-0.008298802814695066
8054,-1.268718445855666,-0.008298802814695066
8055,-1.2687190005518025,-0.008298802814695066
8056,-1.2687194373942638,-0.008298802814695066
8057,-1.2687231693478187,-0.008298802814695066
8058,-1.268723885182632,-0.008298802814695066
8059,-1.268724202371915,-0.008298802814695066
8060,-1.2687251314122325,-0.008298802814695066
8061,-1.268726434556528,-0.008298802814695066
8062,-1.2687280291933973,-0.008298802814695066
8063,-1.2687297537964728,-0.008298802814695066
8064,-1.2687329258636033,-0.008298802814695066
8065,-1.2687347436772523,-0.008298802814695066
8066,-1.2687396683267438,-0.008298802814695066
8067,-1.2687434115492964,-0.008298802814695066
8068,-1.2687436317190803,-0.008298802814695066
8069,-1.2687452697942652,-0.008298802814695066
8070,-1.2687471611732954,-0.008298802814695066
8071,-1.268747802181035,-0.008298802814695066
8072,-1.2687482000384833,-0.008298802814695066
8073,-1.2687510308610104,-0.008298802814695066
8074,-1.2687512670350634,-0.008298802814695066
8075,-1.2687513321188382,-0.008298802814695066
8076,-1.2687543430894455,-0.008298802814695066
8077,-1.2687547401347772,-0.008298802814695066
8078,-1.268754961870402,-0.008298802814695066
8079,-1.268755814080228,-0.008298802814695066
8080,-1.268756334429446,-0.008298802814695066
8081,-1.2687586971718077,-0.008298802814695066
8082,-1.2687592583566891,-0.008298802814695066
8083,-1.2687614313938183,-0.008298802814695066
8084,-1.2687621186413849,-0.008298802814695066
8085,-1.2687625714634607,-0.008298802814695066
8086,-1.2687633762182304,-0.008298802814695066
8087,-1.2687660264421232,-0.008298802814695066
8088,-1.2687660573306208,-0.008298802814695066
8089,-1.2687717378182215,-0.008298802814695066
8090,-1.2687720890246235,-0.008298802814695066
8091,-1.268774292150883,-0.008298802814695066
8092,-1.2687779185148091,-0.008298802814695066
8093,-1.2687784332812777,-0.008298802814695066
8094,-1.268781544495886,-0.008298802814695066
8095,-1.2687830534311704,-0.008298802814695066
8096,-1.2687834705576044,-0.008298802814695066
8097,-1.2687864524217018,-0.008298802814695066
8098,-1.2687867538020046,-0.008298802814695066
8099,-1.268789566106479,-0.008298802814695066
8100,-1.2687908180123348,-0.008298802814695066
8101,-1.2687914629546853,-0.008298802814695066
8102,-1.2687918915120713,-0.008298802814695066
8103,-1.2687938909648837,-0.008298802814695066
8104,-1.2687940352028895,-0.008298802814695066
8105,-1.2687946090867246,-0.008298802814695066
8106,-1.2687948826922653,-0.008298802814695066
8107,-1.2687975972248093,-0.008298802814695066
8108,-1.2687979450516336,-0.008298802814695066
8109,-1.2687992925156664,-0.008298802814695066
8110,-1.2688015142446778,-0.008298802814695066
8111,-1.2688018471946736,-0.008298802814695066
8112,-1.2688039587387525,-0.008298802814695066
8113,-1.2688069096244319,-0.008298802814695066
8114,-1.2688079753471073,-0.008298802814695066
8115,-1.268808288123484,-0.008298802814695066
8116,-1.2688085875493984,-0.008298802814695066
8117,-1.2688087228244012,-0.008298802814695066
8118,-1.2688119577669217,-0.008298802814695066
8119,-1.2688138082985565,-0.008298802814695066
8120,-1.2688181125898388,-0.008298802814695066
8121,-1.2688192160043423,-0.008298802814695066
8122,-1.2688203235640307,-0.008298802814695066
8123,-1.268820993555616,-0.008298802814695066
8124,-1.2688210067368768,-0.008298802814695066
8125,-1.2688223434254677,-0.008298802814695066
8126,-1.2688228753313662,-0.008298802814695066
8127,-1.268823286520593,-0.008298802814695066
8128,-1.268828099634199,-0.008298802814695066
8129,-1.2688285401265258,-0.008298802814695066
8130,-1.2688292760226987,-0.008298802814695066
8131,-1.2688321721589215,-0.008298802814695066
8132,-1.2688336132070634,-0.008298802814695066
8133,-1.2688355775597249,-0.008298802814695066
8134,-1.268835804520962,-0.008298802814695066
8135,-1.2688361004623978,-0.008298802814695066
8136,-1.2688371262637403,-0.008298802814695066
8137,-1.2688374422225217,-0.008298802814695066
8138,-1.2688387652251394,-0.008298802814695066
8139,-1.268839025053091,-0.008298802814695066
8140,-1.2688406915192036,-0.008298802814695066
8141,-1.2688418725551867,-0.008298802814695066
8142,-1.26884222278091,-0.008298802814695066
8143,-1.2688424924433679,-0.008298802814695066
8144,-1.268843212773926,-0.008298802814695066
8145,-1.2688440170639244,-0.008298802814695066
8146,-1.2688447493530157,-0.008298802814695066
8147,-1.2688448326987076,-0.008298802814695066
8148,-1.2688450312953543,-0.008298802814695066
8149,-1.2688454346493463,-0.008298802814695066
8150,-1.2688464372500299,-0.008298802814695066
8151,-1.2688495785736147,-0.008298802814695066
8152,-1.2688501416495692,-0.008298802814695066
8153,-1.2688504615470766,-0.008298802814695066
8154,-1.2688523582418656,-0.008298802814695066
8155,-1.2688530360620311,-0.008298802814695066
8156,-1.2688550366275937,-0.008298802814695066
8157,-1.2688559294986006,-0.008298802814695066
8158,-1.2688567279878962,-0.008298802814695066
8159,-1.2688581585988183,-0.008298802814695066
8160,-1.2688582910607815,-0.008298802814695066
8161,-1.2688590342965351,-0.008298802814695066
8162,-1.2688628966852122,-0.008298802814695066
8163,-1.268864861528346,-0.008298802814695066
8164,-1.268865374297031,-0.008298802814695066
8165,-1.2688666599314649,-0.008298802814695066
8166,-1.2688690921398305,-0.008298802814695066
8167,-1.268869208752912,-0.008298802814695066
8168,-1.2688692266043453,-0.008298802814695066
8169,-1.2688716575672023,-0.008298802814695066
8170,-1.2688722643604033,-0.008298802814695066
8171,-1.2688732384200239,-0.008298802814695066
8172,-1.2688739819203578,-0.008298802814695066
8173,-1.268874914438759,-0.008298802814695066
8174,-1.2688751773834668,-0.008298802814695066
8175,-1.2688754725203335,-0.008298802814695066
8176,-1.2688754757562493,-0.008298802814695066
8177,-1.2688755975234065,-0.008298802814695066
8178,-1.268877342303669,-0.008298802814695066
8179,-1.268877958119476,-0.008298802814695066
8180,-1.268879679429464,-0.008298802814695066
8181,-1.2688808189295209,-0.008298802814695066
8182,-1.268883269885014,-0.008298802814695066
8183,-1.2688848401606605,-0.008298802814695066
8184,-1.268885101256466,-0.008298802814695066
8185,-1.2688877946501957,-0.008298802814695066
8186,-1.2688883379511982,-0.008298802814695066
8187,-1.2688901029577082,-0.008298802814695066
8188,-1.2688901242417048,-0.008298802814695066
8189,-1.268891228503021,-0.008298802814695066
8190,-1.2688920139883442,-0.008298802814695066
8191,-1.2688937810460832,-0.008298802814695066
8192,-1.2688953889162018,-0.008298802814695066
8193,-1.2688961005682948,-0.008298802814695066
8194,-1.2688963134577962,-0.008298802814695066
8195,-1.2688973990488626,-0.008298802814695066
8196,-1.2688979420941067,-0.008298802814695066
8197,-1.2688979542285819,-0.008298802814695066
8198,-1.2689008815381428,-0.008298802814695066
8199,-1.2689018082390184,-0.008298802814695066
8200,-1.2689034391270428,-0.008298802814695066
8201,-1.268907175308412,-0.008298802814695066
8202,-1.2689104212386477,-0.008298802814695066
8203,-1.2689105473296851,-0.008298802814695066
8204,-1.2689135241373184,-0.008298802814695066
8205,-1.2689171783675923,-0.008298802814695066
8206,-1.2689172523978047,-0.008298802814695066
8207,-1.2689181089918162,-0.008298802814695066
8208,-1.2689197945972899,-0.008298802814695066
8209,-1.268920856067563,-0.008298802814695066
8210,-1.2689210724840607,-0.008298802814695066
8211,-1.2689220039387785,-0.008298802814695066
8212,-1.268922117589443,-0.008298802814695066
8213,-1.2689227854532588,-0.008298802814695066
8214,-1.2689238014563502,-0.008298802814695066
8215,-1.2689243890925133,-0.008298802814695066
8216,-1.2689268566700287,-0.008298802814695066
8217,-1.268930024274391,-0.008298802814695066
8218,-1.2689308634494716,-0.008298802814695066
8219,-1.2689323842771953,-0.008298802814695066
8220,-1.2689326336046618,-0.008298802814695066
8221,-1.2689337192024581,-0.008298802814695066
8222,-1.2689380724040946,-0.008298802814695066
8223,-1.2689395088552522,-0.008298802814695066
8224,-1.268940129503601,-0.008298802814695066
8225,-1.2689417617285237,-0.008298802814695066
8226,-1.2689481511427398,-0.008298802814695066
8227,-1.2689487241869697,-0.008298802814695066
8228,-1.2689495648134774,-0.008298802814695066
8229,-1.2689499687680723,-0.008298802814695066
8230,-1.268950566300811,-0.008298802814695066
8231,-1.2689520227328808,-0.008298802814695066
8232,-1.2689523735045551,-0.008298802814695066
8233,-1.268952662718937,-0.008298802814695066
8234,-1.268953594677066,-0.008298802814695066
8235,-1.2689545512873348,-0.008298802814695066
8236,-1.2689546099409392,-0.008298802814695066
8237,-1.2689561550248192,-0.008298802814695066
8238,-1.2689569777499867,-0.008298802814695066
8239,-1.2689586129397141,-0.008298802814695066
8240,-1.2689611856893297,-0.008298802814695066
8241,-1.2689623828758345,-0.008298802814695066
8242,-1.268963447712462,-0.008298802814695066
8243,-1.268964411272108,-0.008298802814695066
8244,-1.2689670017494163,-0.008298802814695066
8245,-1.2689679700966647,-0.008298802814695066
8246,-1.2689689742100887,-0.008298802814695066
8247,-1.2689697512027875,-0.008298802814695066
8248,-1.268970086589293,-0.008298802814695066
8249,-1.2689712040644205,-0.008298802814695066
8250,-1.2689717789710937,-0.008298802814695066
8251,-1.2689729512235908,-0.008298802814695066
8252,-1.268973042786242,-0.008298802814695066
8253,-1.2689752415795474,-0.008298802814695066
8254,-1.2689770370872802,-0.008298802814695066
8255,-1.2689780321227122,-0.008298802814695066
8256,-1.2689830635866393,-0.008298802814695066
8257,-1.2689834013618602,-0.008298802814695066
8258,-1.2689849484262314,-0.008298802814695066
8259,-1.2689855640069176,-0.008298802814695066
8260,-1.2689861619324405,-0.008298802814695066
8261,-1.26898623195136,-0.008298802814695066
8262,-1.2689876032983276,-0.008298802814695066
8263,-1.2689885885024972,-0.008298802814695066
8264,-1.2689888971358885,-0.008298802814695066
8265,-1.26898911649609,-0.008298802814695066
8266,-1.2689892788957011,-0.008298802814695066
8267,-1.2689893658446898,-0.008298802814695066
8268,-1.2689922901342372,-0.008298802814695066
8269,-1.268993171670302,-0.008298802814695066
8270,-1.268993453240916,-0.008298802814695066
8271,-1.268993844172152,-0.008298802814695066
8272,-1.2689941903708868,-0.008298802814695066
8273,-1.2689946777800127,-0.008298802814695066
8274,-1.2689953969443084,-0.008298802814695066
8275,-1.2689968330281256,-0.008298802814695066
8276,-1.2689969985935494,-0.008298802814695066
8277,-1.268998469624644,-0.008298802814695066
8278,-1.269000481543924,-0.008298802814695066
8279,-1.2690013135550138,-0.008298802814695066
8280,-1.2690040073161617,-0.008298802814695066
8281,-1.2690083902528824,-0.008298802814695066
8282,-1.269008697579853,-0.008298802814695066
8283,-1.2690100314232204,-0.008298802814695066
8284,-1.2690105562952474,-0.008298802814695066
8285,-1.2690112185804838,-0.008298802814695066
8286,-1.2690133210361327,-0.008298802814695066
8287,-1.269013748223626,-0.008298802814695066
8288,-1.2690142587152888,-0.008298802814695066
8289,-1.269015098866244,-0.008298802814695066
8290,-1.2690156258831586,-0.008298802814695066
8291,-1.2690193274600055,-0.008298802814695066
8292,-1.2690196204425712,-0.008298802814695066
8293,-1.2690201350106312,-0.008298802814695066
8294,-1.2690206845454541,-0.008298802814695066
8295,-1.2690207895901509,-0.008298802814695066
8296,-1.2690212085682293,-0.008298802814695066
8297,-1.2690215464619974,-0.008298802814695066
8298,-1.2690229864971987,-0.008298802814695066
8299,-1.2690240749372559,-0.008298802814695066
8300,-1.2690249899223423,-0.008298802814695066
8301,-1.2690251055350374,-0.008298802814695066
8302,-1.2690252807392295,-0.008298802814695066
8303,-1.269025556581516,-0.008298802814695066
8304,-1.2690257315938587,-0.008298802814695066
8305,-1.2690280403802434,-0.008298802814695066
8306,-1.2690281960673535,-0.008298802814695066
8307,-1.2690287884206304,-0.008298802814695066
8308,-1.2690300704962638,-0.008298802814695066
8309,-1.269036573057614,-0.008298802814695066
8310,-1.2690373413226845,-0.008298802814695066
8311,-1.2690380784662754,-0.008298802814695066
8312,-1.2690385246846967,-0.008298802814695066
8313,-1.2690389404710378,-0.008298802814695066
8314,-1.2690389957319224,-0.008298802814695066
8315,-1.2690404803484525,-0.008298802814695066
8316,-1.2690406551223796,-0.008298802814695066
8317,-1.2690415844935925,-0.008298802814695066
8318,-1.2690441759397544,-0.008298802814695066
8319,-1.2690443150426818,-0.008298802814695066
8320,-1.2690459873776967,-0.008298802814695066
8321,-1.2690460184130212,-0.008298802814695066
8322,-1.2690483612365888,-0.008298802814695066
8323,-1.2690488684141474,-0.008298802814695066
8324,-1.2690493638594516,-0.008298802814695066
8325,-1.269051277760545,-0.008298802814695066
8326,-1.269052260170982,-0.008298802814695066
8327,-1.2690524496420181,-0.008298802814695066
8328,-1.269053810850104,-0.008298802814695066
8329,-1.2690554287163436,-0.008298802814695066
8330,-1.2690569546270374,-0.008298802814695066
8331,-1.2690577166567776,-0.008298802814695066
8332,-1.2690581775359082,-0.008298802814695066
8333,-1.2690587730395524,-0.008298802814695066
8334,-1.269058778289742,-0.008298802814695066
8335,-1.269060121540618,-0.008298802814695066
8336,-1.2690655281845726,-0.008298802814695066
8337,-1.2690655345454451,-0.008298802814695066
8338,-1.2690656345501454,-0.008298802814695066
8339,-1.2690664941878043,-0.008298802814695066
8340,-1.2690665291758723,-0.008298802814695066
8341,-1.2690667253576768,-0.008298802814695066
8342,-1.2690669095750042,-0.008298802814695066
8343,-1.2690695275727457,-0.008298802814695066
8344,-1.2690697153401587,-0.008298802814695066
8345,-1.2690704875422043,-0.008298802814695066
8346,-1.269071002308651,-0.008298802814695066
8347,-1.2690712953550451,-0.008298802814695066
8348,-1.2690721447583986,-0.008298802814695066
8349,-1.2690723873241518,-0.008298802814695066
8350,-1.2690756959833343,-0.008298802814695066
8351,-1.2690757107539006,-0.008298802814695066
8352,-1.2690812202083486,-0.008298802814695066
8353,-1.2690814781766933,-0.008298802814695066
8354,-1.2690822544150735,-0.008298802814695066
8355,-1.2690841384406424,-0.008298802814695066
8356,-1.2690844585518026,-0.008298802814695066
8357,-1.269086262635849,-0.008298802814695066
8358,-1.2690867783447082,-0.008298802814695066
8359,-1.26908844552813,-0.008298802814695066
8360,-1.269088937096213,-0.008298802814695066
8361,-1.269089419724712,-0.008298802814695066
8362,-1.269090034972398,-0.008298802814695066
8363,-1.2690912349220436,-0.008298802814695066
8364,-1.2690918500636954,-0.008298802814695066
8365,-1.2690939192305821,-0.008298802814695066
8366,-1.2690951992156394,-0.008298802814695066
8367,-1.2690956001586446,-0.008298802814695066
8368,-1.2690959614732855,-0.008298802814695066
8369,-1.2690963867000833,-0.008298802814695066
8370,-1.2690973399374854,-0.008298802814695066
8371,-1.269099457549081,-0.008298802814695066
8372,-1.2690994970407043,-0.008298802814695066
8373,-1.2690997324241935,-0.008298802814695066
8374,-1.2691005284169945,-0.008298802814695066
8375,-1.2691006727404046,-0.008298802814695066
8376,-1.2691008962774073,-0.008298802814695066
8377,-1.2691010902410715,-0.008298802814695066
8378,-1.2691012818634086,-0.008298802814695066
8379,-1.2691039289558892,-0.008298802814695066
8380,-1.26910404593272,-0.008298802814695066
8381,-1.2691052011755917,-0.008298802814695066
8382,-1.2691062093031769,-0.008298802814695066
8383,-1.2691066247413874,-0.008298802814695066
8384,-1.269106724904703,-0.008298802814695066
8385,-1.2691078378346567,-0.008298802814695066
8386,-1.2691087726231451,-0.008298802814695066
8387,-1.2691103540008304,-0.008298802814695066
8388,-1.2691104472346355,-0.008298802814695066
8389,-1.269111076275292,-0.008298802814695066
8390,-1.2691142913296982,-0.008298802814695066
8391,-1.2691144700208348,-0.008298802814695066
8392,-1.2691146827199222,-0.008298802814695066
8393,-1.2691151208581988,-0.008298802814695066
8394,-1.2691153259796843,-0.008298802814695066
8395,-1.2691184489067553,-0.008298802814695066
8396,-1.2691188413237366,-0.008298802814695066
8397,-1.2691195368385682,-0.008298802814695066
8398,-1.2691209293515373,-0.008298802814695066
8399,-1.2691220264442207,-0.008298802814695066
8400,-1.2691244799153003,-0.008298802814695066
8401,-1.2691266541894648,-0.008298802814695066
8402,-1.2691274817264477,-0.008298802814695066
8403,-1.2691279136263824,-0.008298802814695066
8404,-1.2691286671301192,-0.008298802814695066
8405,-1.2691288835247863,-0.008298802814695066
8406,-1.269130250111059,-0.008298802814695066
8407,-1.269130630554111,-0.008298802814695066
8408,-1.269130826549162,-0.008298802814695066
8409,-1.2691313171406016,-0.008298802814695066
8410,-1.2691327682343012,-0.008298802814695066
8411,-1.2691358463726696,-0.008298802814695066
8412,-1.2691358723760668,-0.008298802814695066
8413,-1.2691366849169365,-0.008298802814695066
8414,-1.2691379615382279,-0.008298802814695066
8415,-1.2691397046116468,-0.008298802814695066
8416,-1.269139833018357,-0.008298802814695066
8417,-1.2691400768117684,-0.008298802814695066
8418,-1.269140409179803,-0.008298802814695066
8419,-1.2691410096632516,-0.008298802814695066
8420,-1.2691417363716306,-0.008298802814695066
8421,-1.2691428460225374,-0.008298802814695066
8422,-1.2691431011181764,-0.008298802814695066
8423,-1.269143355019906,-0.008298802814695066
8424,-1.2691443148793486,-0.008298802814695066
8425,-1.2691454471360455,-0.008298802814695066
8426,-1.2691455161641194,-0.008298802814695066
8427,-1.269145811418232,-0.008298802814695066
8428,-1.2691466716818858,-0.008298802814695066
8429,-1.2691478060203205,-0.008298802814695066
8430,-1.2691478130675313,-0.008298802814695066
8431,-1.2691483255130493,-0.008298802814695066
8432,-1.2691488395623791,-0.008298802814695066
8433,-1.269149164262904,-0.008298802814695066
8434,-1.2691504894237307,-0.008298802814695066
8435,-1.2691515562653577,-0.008298802814695066
8436,-1.269152066491115,-0.008298802814695066
8437,-1.2691525321418582,-0.008298802814695066
8438,-1.2691527890608671,-0.008298802814695066
8439,-1.2691544197843467,-0.008298802814695066
8440,-1.2691561014349335,-0.008298802814695066
8441,-1.269157925816637,-0.008298802814695066
8442,-1.2691590270554205,-0.008298802814695066
8443,-1.2691593170286803,-0.008298802814695066
8444,-1.2691608125194296,-0.008298802814695066
8445,-1.2691634571775472,-0.008298802814695066
8446,-1.269163478971336,-0.008298802814695066
8447,-1.2691642341801224,-0.008298802814695066
8448,-1.269167691460697,-0.008298802814695066
8449,-1.2691678652393685,-0.008298802814695066
8450,-1.269168381576964,-0.008298802814695066
8451,-1.269170292937202,-0.008298802814695066
8452,-1.269170533683212,-0.008298802814695066
8453,-1.2691706087485746,-0.008298802814695066
8454,-1.2691716299270221,-0.008298802814695066
8455,-1.2691719157760364,-0.008298802814695066
8456,-1.269172155989426,-0.008298802814695066
8457,-1.2691723200219092,-0.008298802814695066
8458,-1.2691731248617781,-0.008298802814695066
8459,-1.2691734922860283,-0.008298802814695066
8460,-1.2691745097841765,-0.008298802814695066
8461,-1.2691752880015104,-0.008298802814695066
8462,-1.2691762704764125,-0.008298802814695066
8463,-1.2691762767644508,-0.008298802814695066
8464,-1.269176798898315,-0.008298802814695066
8465,-1.2691772161349912,-0.008298802814695066
8466,-1.2691773594849298,-0.008298802814695066
8467,-1.2691780438394948,-0.008298802814695066
8468,-1.2691785790555965,-0.008298802814695066
8469,-1.2691801525280915,-0.008298802814695066
8470,-1.2691802548955595,-0.008298802814695066
8471,-1.2691805614436753,-0.008298802814695066
8472,-1.269182844262564,-0.008298802814695066
8473,-1.2691846459792413,-0.008298802814695066
8474,-1.2691858644171963,-0.008298802814695066
8475,-1.2691866313925055,-0.008298802814695066
8476,-1.269186819758743,-0.008298802814695066
8477,-1.2691873487629732,-0.008298802814695066
8478,-1.2691878568894257,-0.008298802814695066
8479,-1.269187890468616,-0.008298802814695066
8480,-1.2691881166380992,-0.008298802814695066
8481,-1.2691891108034816,-0.008298802814695066
8482,-1.2691895423212185,-0.008298802814695066
8483,-1.2691898871467147,-0.008298802814695066
8484,-1.2691903267941402,-0.008298802814695066
8485,-1.2691912338105424,-0.008298802814695066
8486,-1.2691913284487806,-0.008298802814695066
8487,-1.269191646208052,-0.008298802814695066
8488,-1.2691923538480374,-0.008298802814695066
8489,-1.2691924150975538,-0.008298802814695066
8490,-1.269193432314023,-0.008298802814695066
8491,-1.269193794878851,-0.008298802814695066
8492,-1.2691939902140312,-0.008298802814695066
8493,-1.269194251201978,-0.008298802814695066
8494,-1.2691943834073998,-0.008298802814695066
8495,-1.2691956387262167,-0.008298802814695066
8496,-1.269196141507411,-0.008298802814695066
8497,-1.2691977756018138,-0.008298802814695066
8498,-1.2691981751266488,-0.008298802814695066
8499,-1.2691996591238197,-0.008298802814695066
8500,-1.2691999970699586,-0.008298802814695066
8501,-1.2692002137205924,-0.008298802814695066
8502,-1.2692022776462377,-0.008298802814695066
8503,-1.2692026274462256,-0.008298802814695066
8504,-1.2692039250395055,-0.008298802814695066
8505,-1.2692050011796752,-0.008298802814695066
8506,-1.2692052383101773,-0.008298802814695066
8507,-1.269206739598796,-0.008298802814695066
8508,-1.2692076728661357,-0.008298802814695066
8509,-1.2692079763042274,-0.008298802814695066
8510,-1.269209609403676,-0.008298802814695066
8511,-1.269210015410274,-0.008298802814695066
8512,-1.269210205140636,-0.008298802814695066
8513,-1.26921124601617,-0.008298802814695066
8514,-1.2692114418573495,-0.008298802814695066
8515,-1.2692115912536739,-0.008298802814695066
8516,-1.2692126658603473,-0.008298802814695066
8517,-1.2692137660413354,-0.008298802814695066
8518,-1.2692137671104602,-0.008298802814695066
8519,-1.2692139089972496,-0.008298802814695066
8520,-1.2692153077780388,-0.008298802814695066
8521,-1.269216509518063,-0.008298802814695066
8522,-1.2692173149983184,-0.008298802814695066
8523,-1.2692174132357228,-0.008298802814695066
8524,-1.2692175395847158,-0.008298802814695066
8525,-1.2692175766200084,-0.008298802814695066
8526,-1.2692180814539569,-0.008298802814695066
8527,-1.2692187323999513,-0.008298802814695066
8528,-1.2692188133979094,-0.008298802814695066
8529,-1.2692201080793883,-0.008298802814695066
8530,-1.2692208379454246,-0.008298802814695066
8531,-1.2692219897890031,-0.008298802814695066
8532,-1.269222866767422,-0.008298802814695066
8533,-1.269223821054612,-0.008298802814695066
8534,-1.2692238506359865,-0.008298802814695066
8535,-1.269223858202891,-0.008298802814695066
8536,-1.2692241887826143,-0.008298802814695066
8537,-1.269225459378448,-0.008298802814695066
8538,-1.2692263802415786,-0.008298802814695066
8539,-1.269226634434259,-0.008298802814695066
8540,-1.269227102153374,-0.008298802814695066
8541,-1.2692279951330887,-0.008298802814695066
8542,-1.2692284929984572,-0.008298802814695066
8543,-1.269229737160409,-0.008298802814695066
8544,-1.2692316436894526,-0.008298802814695066
8545,-1.2692321282136765,-0.008298802814695066
8546,-1.2692324192597764,-0.008298802814695066
8547,-1.2692335564667465,-0.008298802814695066
8548,-1.269234072079596,-0.008298802814695066
8549,-1.2692354871394793,-0.008298802814695066
8550,-1.2692359622382576,-0.008298802814695066
8551,-1.269236764340888,-0.008298802814695066
8552,-1.269237345282441,-0.008298802814695066
8553,-1.2692389848040904,-0.008298802814695066
8554,-1.2692390027432512,-0.008298802814695066
8555,-1.269240080832518,-0.008298802814695066
8556,-1.2692405686388033,-0.008298802814695066
8557,-1.2692415139502953,-0.008298802814695066
8558,-1.2692426737053708,-0.008298802814695066
8559,-1.2692430639659569,-0.008298802814695066
8560,-1.269243496605449,-0.008298802814695066
8561,-1.2692437888259036,-0.008298802814695066
8562,-1.2692441381942525,-0.008298802814695066
8563,-1.2692444769063673,-0.008298802814695066
8564,-1.2692451142147094,-0.008298802814695066
8565,-1.2692452210972687,-0.008298802814695066
8566,-1.2692481500905552,-0.008298802814695066
8567,-1.269248527262933,-0.008298802814695066
8568,-1.2692496574972512,-0.008298802814695066
8569,-1.2692508088147485,-0.008298802814695066
8570,-1.2692519279603551,-0.008298802814695066
8571,-1.2692522303578164,-0.008298802814695066
8572,-1.2692524267228622,-0.008298802814695066
8573,-1.269252635559331,-0.008298802814695066
8574,-1.2692541072393089,-0.008298802814695066
8575,-1.2692542400962226,-0.008298802814695066
8576,-1.2692545441412728,-0.008298802814695066
8577,-1.2692556105075399,-0.008298802814695066
8578,-1.2692556932330852,-0.008298802814695066
8579,-1.2692573013633603,-0.008298802814695066
8580,-1.269257537131841,-0.008298802814695066
8581,-1.2692579187596857,-0.008298802814695066
8582,-1.2692587957154184,-0.008298802814695066
8583,-1.2692594885063544,-0.008298802814695066
8584,-1.269259747867272,-0.008298802814695066
8585,-1.2692600371776543,-0.008298802814695066
8586,-1.269260686450981,-0.008298802814695066
8587,-1.2692612461991044,-0.008298802814695066
8588,-1.2692618654903536,-0.008298802814695066
8589,-1.2692623575865623,-0.008298802814695066
8590,-1.2692625513263187,-0.008298802814695066
8591,-1.2692649235716975,-0.008298802814695066
8592,-1.269265633784873,-0.008298802814695066
8593,-1.269266909397264,-0.008298802814695066
8594,-1.2692685484629584,-0.008298802814695066
8595,-1.2692691571355756,-0.008298802814695066
8596,-1.2692697758097666,-0.008298802814695066
8597,-1.2692720085753084,-0.008298802814695066
8598,-1.2692723780708024,-0.008298802814695066
8599,-1.2692725156779585,-0.008298802814695066
8600,-1.2692730544813076,-0.008298802814695066
8601,-1.2692735965021622,-0.008298802814695066
8602,-1.2692736071154453,-0.008298802814695066
8603,-1.2692742498491347,-0.008298802814695066
8604,-1.269274451148696,-0.008298802814695066
8605,-1.2692747115759129,-0.008298802814695066
8606,-1.2692749556248404,-0.008298802814695066
8607,-1.2692755261723243,-0.008298802814695066
8608,-1.2692758235745947,-0.008298802814695066
8609,-1.2692763250829966,-0.008298802814695066
8610,-1.2692763276356054,-0.008298802814695066
8611,-1.269277193064486,-0.008298802814695066
8612,-1.269277859235113,-0.008298802814695066
8613,-1.2692785697873243,-0.008298802814695066
8614,-1.2692790812143078,-0.008298802814695066
8615,-1.2692792168684588,-0.008298802814695066
8616,-1.2692792934311627,-0.008298802814695066
8617,-1.2692800530830128,-0.008298802814695066
8618,-1.26928181195975,-0.008298802814695066
8619,-1.269284221120923,-0.008298802814695066
8620,-1.2692853137619302,-0.008298802814695066
8621,-1.2692854868209453,-0.008298802814695066
8622,-1.269285518013655,-0.008298802814695066
8623,-1.2692856171903353,-0.008298802814695066
8624,-1.2692885669868819,-0.008298802814695066
8625,-1.2692892784169056,-0.008298802814695066
8626,-1.2692895102917,-0.008298802814695066
8627,-1.2692904113547927,-0.008298802814695066
8628,-1.2692914658096281,-0.008298802814695066
8629,-1.2692923536677903,-0.008298802814695066
8630,-1.269292899534761,-0.008298802814695066
8631,-1.2692930227351897,-0.008298802814695066
8632,-1.2692935092462694,-0.008298802814695066
8633,-1.2692949522445447,-0.008298802814695066
8634,-1.2692950544670378,-0.008298802814695066
8635,-1.269295135201054,-0.008298802814695066
8636,-1.269295761167478,-0.008298802814695066
8637,-1.2692969459589172,-0.008298802814695066
8638,-1.2692971697320132,-0.008298802814695066
8639,-1.2692979724291027,-0.008298802814695066
8640,-1.2692981086107245,-0.008298802814695066
8641,-1.269299013463809,-0.008298802814695066
8642,-1.2692990298762914,-0.008298802814695066
8643,-1.2692995054540201,-0.008298802814695066
8644,-1.269299813892893,-0.008298802814695066
8645,-1.2693001107545276,-0.008298802814695066
8646,-1.2693007355047041,-0.008298802814695066
8647,-1.2693022003412302,-0.008298802814695066
8648,-1.2693028057913172,-0.008298802814695066
8649,-1.2693033878378743,-0.008298802814695066
8650,-1.269303757224264,-0.008298802814695066
8651,-1.2693048325684844,-0.008298802814695066
8652,-1.2693048741642485,-0.008298802814695066
8653,-1.2693052764589914,-0.008298802814695066
8654,-1.2693052940119485,-0.008298802814695066
8655,-1.2693054100242187,-0.008298802814695066
8656,-1.269306353619998,-0.008298802814695066
8657,-1.2693066308108372,-0.008298802814695066
8658,-1.2693070077985817,-0.008298802814695066
8659,-1.2693073210631276,-0.008298802814695066
8660,-1.2693082090539403,-0.008298802814695066
8661,-1.26930821734225,-0.008298802814695066
8662,-1.269308590614702,-0.008298802814695066
8663,-1.2693100195202403,-0.008298802814695066
8664,-1.2693124564746165,-0.008298802814695066
8665,-1.2693132519929813,-0.008298802814695066
8666,-1.2693143332343522,-0.008298802814695066
8667,-1.2693147596783758,-0.008298802814695066
8668,-1.2693157250275116,-0.008298802814695066
8669,-1.2693168770551764,-0.008298802814695066
8670,-1.2693169644359534,-0.008298802814695066
8671,-1.2693174252025565,-0.008298802814695066
8672,-1.2693177034663974,-0.008298802814695066
8673,-1.2693189345140166,-0.008298802814695066
8674,-1.2693194451642105,-0.008298802814695066
8675,-1.2693196747459303,-0.008298802814695066
8676,-1.2693200459617742,-0.008298802814695066
8677,-1.2693203795190684,-0.008298802814695066
8678,-1.2693205581688078,-0.008298802814695066
8679,-1.2693210494716196,-0.008298802814695066
8680,-1.2693228734644966,-0.008298802814695066
8681,-1.2693237521052547,-0.008298802814695066
8682,-1.2693241077862871,-0.008298802814695066
8683,-1.2693241861451712,-0.008298802814695066
8684,-1.269325614015812,-0.008298802814695066
8685,-1.2693265902779085,-0.008298802814695066
8686,-1.269326604373785,-0.008298802814695066
8687,-1.2693267099731473,-0.008298802814695066
8688,-1.2693270513301316,-0.008298802814695066
8689,-1.2693275838956901,-0.008298802814695066
8690,-1.2693280979116857,-0.008298802814695066
8691,-1.2693284539302807,-0.008298802814695066
8692,-1.2693286203078606,-0.008298802814695066
8693,-1.2693311372626932,-0.008298802814695066
8694,-1.2693316469789064,-0.008298802814695066
8695,-1.2693328888626423,-0.008298802814695066
8696,-1.2693340923435545,-0.008298802814695066
8697,-1.2693343951107692,-0.008298802814695066
8698,-1.2693345370628282,-0.008298802814695066
8699,-1.2693347943493196,-0.008298802814695066
8700,-1.2693352350191058,-0.008298802814695066
8701,-1.269337207268745,-0.008298802814695066
8702,-1.2693382416658379,-0.008298802814695066
8703,-1.2693393880538155,-0.008298802814695066
8704,-1.2693398952413293,-0.008298802814695066
8705,-1.2693403453063583,-0.008298802814695066
8706,-1.2693403815947577,-0.008298802814695066
8707,-1.2693413947191203,-0.008298802814695066
8708,-1.2693413957096134,-0.008298802814695066
8709,-1.269341528525311,-0.008298802814695066
8710,-1.2693416108457827,-0.008298802814695066
8711,-1.2693418634722453,-0.008298802814695066
8712,-1.2693421129682458,-0.008298802814695066
8713,-1.2693421354852956,-0.008298802814695066
8714,-1.2693421516194476,-0.008298802814695066
8715,-1.2693421954077109,-0.008298802814695066
8716,-1.26934236525347,-0.008298802814695066
8717,-1.2693449928882852,-0.008298802814695066
8718,-1.2693453810392057,-0.008298802814695066
8719,-1.2693455549736385,-0.008298802814695066
8720,-1.2693463103583755,-0.008298802814695066
8721,-1.2693466922306886,-0.008298802814695066
8722,-1.2693470725554477,-0.008298802814695066
8723,-1.2693472762951055,-0.008298802814695066
8724,-1.2693474046058564,-0.008298802814695066
8725,-1.2693474926061228,-0.008298802814695066
8726,-1.269347542140502,-0.008298802814695066
8727,-1.2693481174959598,-0.008298802814695066
8728,-1.2693493059446257,-0.008298802814695066
8729,-1.2693495435172917,-0.008298802814695066
8730,-1.2693504816393786,-0.008298802814695066
8731,-1.2693509050426328,-0.008298802814695066
8732,-1.2693513084593562,-0.008298802814695066
8733,-1.2693521832363706,-0.008298802814695066
8734,-1.2693525115001112,-0.008298802814695066
8735,-1.2693537210284465,-0.008298802814695066
8736,-1.2693571032867295,-0.008298802814695066
8737,-1.2693571408408229,-0.008298802814695066
8738,-1.269357220752297,-0.008298802814695066
8739,-1.269357535501002,-0.008298802814695066
8740,-1.269357732783917,-0.008298802814695066
8741,-1.26935855205664,-0.008298802814695066
8742,-1.2693593662073157,-0.008298802814695066
8743,-1.269359388059827,-0.008298802814695066
8744,-1.269359631586971,-0.008298802814695066
8745,-1.2693602657765624,-0.008298802814695066
8746,-1.2693602970093598,-0.008298802814695066
8747,-1.269361404162598,-0.008298802814695066
8748,-1.2693617983675622,-0.008298802814695066
8749,-1.2693626431572218,-0.008298802814695066
8750,-1.2693627459776267,-0.008298802814695066
8751,-1.2693628150125686,-0.008298802814695066
8752,-1.269362917080358,-0.008298802814695066
8753,-1.2693632118725233,-0.008298802814695066
8754,-1.2693634320345506,-0.008298802814695066
8755,-1.269363804162094,-0.008298802814695066
8756,-1.2693638772870646,-0.008298802814695066
8757,-1.2693643108803359,-0.008298802814695066
8758,-1.2693657573294745,-0.008298802814695066
8759,-1.269365788360368,-0.008298802814695066
8760,-1.2693658843695919,-0.008298802814695066
8761,-1.269366526386586,-0.008298802814695066
8762,-1.2693669770754163,-0.008298802814695066
8763,-1.2693684118108055,-0.008298802814695066
8764,-1.2693685251283888,-0.008298802814695066
8765,-1.2693688119189135,-0.008298802814695066
8766,-1.269369269688113,-0.008298802814695066
8767,-1.2693700364842977,-0.008298802814695066
8768,-1.2693705079168736,-0.008298802814695066
8769,-1.2693707081948227,-0.008298802814695066
8770,-1.269371900970857,-0.008298802814695066
8771,-1.269372388667953,-0.008298802814695066
8772,-1.2693730318459249,-0.008298802814695066
8773,-1.2693731023765946,-0.008298802814695066
8774,-1.26937318259362,-0.008298802814695066
8775,-1.2693731928900125,-0.008298802814695066
8776,-1.2693733739127646,-0.008298802814695066
8777,-1.269374000581334,-0.008298802814695066
8778,-1.2693740513229599,-0.008298802814695066
8779,-1.2693744089858199,-0.008298802814695066
8780,-1.2693749105228804,-0.008298802814695066
8781,-1.2693750579629675,-0.008298802814695066
8782,-1.2693751132583395,-0.008298802814695066
8783,-1.2693754863117999,-0.008298802814695066
8784,-1.2693777820389418,-0.008298802814695066
8785,-1.2693781107253277,-0.008298802814695066
8786,-1.2693787801289504,-0.008298802814695066
8787,-1.2693788306404004,-0.008298802814695066
8788,-1.2693788539246946,-0.008298802814695066
8789,-1.2693790563144538,-0.008298802814695066
8790,-1.269379377846412,-0.008298802814695066
8791,-1.2693795048574765,-0.008298802814695066
8792,-1.2693798565933068,-0.008298802814695066
8793,-1.2693801721754756,-0.008298802814695066
8794,-1.2693803070799492,-0.008298802814695066
8795,-1.2693807722162318,-0.008298802814695066
8796,-1.269380941984902,-0.008298802814695066
8797,-1.2693809866556989,-0.008298802814695066
8798,-1.2693815782993971,-0.008298802814695066
8799,-1.2693822524310328,-0.008298802814695066
8800,-1.2693823321595556,-0.008298802814695066
8801,-1.2693840931660605,-0.008298802814695066
8802,-1.2693846796607038,-0.008298802814695066
8803,-1.2693848932640803,-0.008298802814695066
8804,-1.2693868731364695,-0.008298802814695066
8805,-1.2693869099382271,-0.008298802814695066
8806,-1.2693869989900872,-0.008298802814695066
8807,-1.2693873622037115,-0.008298802814695066
8808,-1.2693876537595916,-0.008298802814695066
8809,-1.2693876702956806,-0.008298802814695066
8810,-1.2693897872045625,-0.008298802814695066
8811,-1.2693900267015745,-0.008298802814695066
8812,-1.2693906343704204,-0.008298802814695066
8813,-1.2693908933056979,-0.008298802814695066
8814,-1.2693920243267434,-0.008298802814695066
8815,-1.2693920795084772,-0.008298802814695066
8816,-1.2693923905716389,-0.008298802814695066
8817,-1.269392554135151,-0.008298802814695066
8818,-1.2693945768588746,-0.008298802814695066
8819,-1.269394725111947,-0.008298802814695066
8820,-1.2693950569054286,-0.008298802814695066
8821,-1.2693950656992312,-0.008298802814695066
8822,-1.269397068811367,-0.008298802814695066
8823,-1.2693979523910854,-0.008298802814695066
8824,-1.269398018113234,-0.008298802814695066
8825,-1.269398337628422,-0.008298802814695066
8826,-1.269398350779348,-0.008298802814695066
8827,-1.2693984034506098,-0.008298802814695066
8828,-1.2693996181261196,-0.008298802814695066
8829,-1.2694008768436582,-0.008298802814695066
8830,-1.269401068257479,-0.008298802814695066
8831,-1.2694023453733783,-0.008298802814695066
8832,-1.2694033281925206,-0.008298802814695066
8833,-1.269404196315212,-0.008298802814695066
8834,-1.2694048597204295,-0.008298802814695066
8835,-1.2694050452942909,-0.008298802814695066
8836,-1.2694067065198693,-0.008298802814695066
8837,-1.269408153539271,-0.008298802814695066
8838,-1.2694082311082426,-0.008298802814695066
8839,-1.2694089153793873,-0.008298802814695066
8840,-1.2694096394062235,-0.008298802814695066
8841,-1.2694096633751952,-0.008298802814695066
8842,-1.2694100005479236,-0.008298802814695066
8843,-1.26941014899254,-0.008298802814695066
8844,-1.2694103413964104,-0.008298802814695066
8845,-1.2694108324453341,-0.008298802814695066
8846,-1.2694117593060938,-0.008298802814695066
8847,-1.269412065730297,-0.008298802814695066
8848,-1.2694125034451589,-0.008298802814695066
8849,-1.269412991052954,-0.008298802814695066
8850,-1.2694136313668376,-0.008298802814695066
8851,-1.2694137588302488,-0.008298802814695066
8852,-1.2694147040514583,-0.008298802814695066
8853,-1.269414906014283,-0.008298802814695066
8854,-1.2694159847935813,-0.008298802814695066
8855,-1.2694163400211391,-0.008298802814695066
8856,-1.269417015282045,-0.008298802814695066
8857,-1.269417082216627,-0.008298802814695066
8858,-1.2694173125454589,-0.008298802814695066
8859,-1.2694174150659956,-0.008298802814695066
8860,-1.2694178777622664,-0.008298802814695066
8861,-1.2694190210237546,-0.008298802814695066
8862,-1.2694190355696873,-0.008298802814695066
8863,-1.2694191587673178,-0.008298802814695066
8864,-1.269419227048292,-0.008298802814695066
8865,-1.2694202229257083,-0.008298802814695066
8866,-1.269420799265951,-0.008298802814695066
8867,-1.269421535184554,-0.008298802814695066
8868,-1.2694217933043699,-0.008298802814695066
8869,-1.269421801026308,-0.008298802814695066
8870,-1.269422178764787,-0.008298802814695066
8871,-1.2694225472328524,-0.008298802814695066
8872,-1.2694226579310042,-0.008298802814695066
8873,-1.2694232881223013,-0.008298802814695066
8874,-1.2694235070741788,-0.008298802814695066
8875,-1.2694236339308271,-0.008298802814695066
8876,-1.2694239349853995,-0.008298802814695066
8877,-1.2694240569303634,-0.008298802814695066
8878,-1.2694242655059926,-0.008298802814695066
8879,-1.2694244893562698,-0.008298802814695066
8880,-1.2694254853469258,-0.008298802814695066
8881,-1.2694258462497898,-0.008298802814695066
8882,-1.269427322973842,-0.008298802814695066
8883,-1.269429035807628,-0.008298802814695066
8884,-1.2694292107500644,-0.008298802814695066
8885,-1.2694298642756576,-0.008298802814695066
8886,-1.2694300770649427,-0.008298802814695066
8887,-1.2694303925515977,-0.008298802814695066
8888,-1.2694307248606616,-0.008298802814695066
8889,-1.2694307333148536,-0.008298802814695066
8890,-1.2694309728063724,-0.008298802814695066
8891,-1.2694310319511741,-0.008298802814695066
8892,-1.2694317770141144,-0.008298802814695066
8893,-1.2694322484265608,-0.008298802814695066
8894,-1.2694325916921847,-0.008298802814695066
8895,-1.2694326733338284,-0.008298802814695066
8896,-1.269432844584074,-0.008298802814695066
8897,-1.2694329823084032,-0.008298802814695066
8898,-1.2694332423018098,-0.008298802814695066
8899,-1.2694339400241108,-0.008298802814695066
8900,-1.269435522340284,-0.008298802814695066
8901,-1.2694357338108095,-0.008298802814695066
8902,-1.269435774728994,-0.008298802814695066
8903,-1.2694362432030095,-0.008298802814695066
8904,-1.269436322849276,-0.008298802814695066
8905,-1.2694365480074605,-0.008298802814695066
8906,-1.2694367413766652,-0.008298802814695066
8907,-1.2694371407977545,-0.008298802814695066
8908,-1.2694374045262884,-0.008298802814695066
8909,-1.2694380172239565,-0.008298802814695066
8910,-1.2694381260850545,-0.008298802814695066
8911,-1.2694387019508802,-0.008298802814695066
8912,-1.269438753486313,-0.008298802814695066
8913,-1.2694387714455095,-0.008298802814695066
8914,-1.2694390857945386,-0.008298802814695066
8915,-1.2694390874158115,-0.008298802814695066
8916,-1.2694397080198996,-0.008298802814695066
8917,-1.2694397345539605,-0.008298802814695066
8918,-1.2694397907331196,-0.008298802814695066
8919,-1.2694399335845088,-0.008298802814695066
8920,-1.2694400130526977,-0.008298802814695066
8921,-1.2694407386275501,-0.008298802814695066
8922,-1.2694411964948538,-0.008298802814695066
8923,-1.2694415216131656,-0.008298802814695066
8924,-1.2694418974541914,-0.008298802814695066
8925,-1.2694425329172645,-0.008298802814695066
8926,-1.2694425569646817,-0.008298802814695066
8927,-1.2694427526478593,-0.008298802814695066
8928,-1.2694428137576685,-0.008298802814695066
8929,-1.2694433580600715,-0.008298802814695066
8930,-1.26944359038464,-0.008298802814695066
8931,-1.2694447366847204,-0.008298802814695066
8932,-1.269444892735704,-0.008298802814695066
8933,-1.2694454895416745,-0.008298802814695066
8934,-1.2694457545366256,-0.008298802814695066
8935,-1.2694461181016792,-0.008298802814695066
8936,-1.2694461266908297,-0.008298802814695066
8937,-1.26944735135085,-0.008298802814695066
8938,-1.2694477090775786,-0.008298802814695066
8939,-1.269447898496219,-0.008298802814695066
8940,-1.2694510140389303,-0.008298802814695066
8941,-1.2694516517614323,-0.008298802814695066
8942,-1.269451781359986,-0.008298802814695066
8943,-1.2694518508088828,-0.008298802814695066
8944,-1.2694524335573922,-0.008298802814695066
8945,-1.2694526604164116,-0.008298802814695066
8946,-1.2694532751910763,-0.008298802814695066
8947,-1.2694538273719207,-0.008298802814695066
8948,-1.269454096775275,-0.008298802814695066
8949,-1.2694541943781465,-0.008298802814695066
8950,-1.2694555369131892,-0.008298802814695066
8951,-1.2694556076906158,-0.008298802814695066
8952,-1.2694557067353678,-0.008298802814695066
8953,-1.2694558177429216,-0.008298802814695066
8954,-1.269456655536755,-0.008298802814695066
8955,-1.2694574674279488,-0.008298802814695066
8956,-1.2694574732944341,-0.008298802814695066
8957,-1.269458106710014,-0.008298802814695066
8958,-1.2694581666882225,-0.008298802814695066
8959,-1.269458189236504,-0.008298802814695066
8960,-1.2694582370741594,-0.008298802814695066
8961,-1.2694582849810305,-0.008298802814695066
8962,-1.269458595385509,-0.008298802814695066
8963,-1.2694588027217286,-0.008298802814695066
8964,-1.2694590361471514,-0.008298802814695066
8965,-1.2694592240006644,-0.008298802814695066
8966,-1.26945939847746,-0.008298802814695066
8967,-1.2694598921799667,-0.008298802814695066
8968,-1.2694600703784713,-0.008298802814695066
8969,-1.2694608501971032,-0.008298802814695066
8970,-1.2694609300547026,-0.008298802814695066
8971,-1.2694610282455665,-0.008298802814695066
8972,-1.2694624182364818,-0.008298802814695066
8973,-1.2694629224629679,-0.008298802814695066
8974,-1.2694633254941168,-0.008298802814695066
8975,-1.2694634224199328,-0.008298802814695066
8976,-1.2694639647396504,-0.008298802814695066
8977,-1.2694643185802672,-0.008298802814695066
8978,-1.2694644458005855,-0.008298802814695066
8979,-1.2694646607063356,-0.008298802814695066
8980,-1.2694649093597554,-0.008298802814695066
8981,-1.269465149843362,-0.008298802814695066
8982,-1.2694651681697913,-0.008298802814695066
8983,-1.269465323874656,-0.008298802814695066
8984,-1.2694653501930757,-0.008298802814695066
8985,-1.269465438692822,-0.008298802814695066
8986,-1.2694657484429517,-0.008298802814695066
8987,-1.2694660262458952,-0.008298802814695066
8988,-1.2694661625465027,-0.008298802814695066
8989,-1.2694661862520031,-0.008298802814695066
8990,-1.2694665859175978,-0.008298802814695066
8991,-1.2694668680464058,-0.008298802814695066
8992,-1.2694673325243293,-0.008298802814695066
8993,-1.2694675548321674,-0.008298802814695066
8994,-1.2694678901335372,-0.008298802814695066
8995,-1.2694685374740915,-0.008298802814695066
8996,-1.2694686608860766,-0.008298802814695066
8997,-1.2694691201114723,-0.008298802814695066
8998,-1.2694694540211717,-0.008298802814695066
8999,-1.269469581090502,-0.008298802814695066
9000,-1.2694703825784117,-0.008298802814695066
9001,-1.2694712493201092,-0.008298802814695066
9002,-1.2694723552993321,-0.008298802814695066
9003,-1.2694724757532467,-0.008298802814695066
9004,-1.2694726660373934,-0.008298802814695066
9005,-1.269472675276114,-0.008298802814695066
9006,-1.2694728109584368,-0.008298802814695066
9007,-1.2694731444758764,-0.008298802814695066
9008,-1.2694733045243183,-0.008298802814695066
9009,-1.2694733384045795,-0.008298802814695066
9010,-1.269473420843734,-0.008298802814695066
9011,-1.2694738631883569,-0.008298802814695066
9012,-1.2694741617074088,-0.008298802814695066
9013,-1.269474232151204,-0.008298802814695066
9014,-1.2694753371292724,-0.008298802814695066
9015,-1.2694755826789075,-0.008298802814695066
9016,-1.2694762673999276,-0.008298802814695066
9017,-1.2694765080757673,-0.008298802814695066
9018,-1.2694770864792817,-0.008298802814695066
9019,-1.269477142360828,-0.008298802814695066
9020,-1.2694780216556312,-0.008298802814695066
9021,-1.2694783931612674,-0.008298802814695066
9022,-1.2694786108227147,-0.008298802814695066
9023,-1.2694786763035868,-0.008298802814695066
9024,-1.2694790369196136,-0.008298802814695066
9025,-1.269479622375206,-0.008298802814695066
9026,-1.26947968067006,-0.008298802814695066
9027,-1.269480128443299,-0.008298802814695066
9028,-1.2694809624987307,-0.008298802814695066
9029,-1.2694818453021208,-0.008298802814695066
9030,-1.2694818871604088,-0.008298802814695066
9031,-1.2694829350927723,-0.008298802814695066
9032,-1.2694833565185069,-0.008298802814695066
9033,-1.2694844194956738,-0.008298802814695066
9034,-1.2694844711295739,-0.008298802814695066
9035,-1.269484593879161,-0.008298802814695066
9036,-1.2694846441977083,-0.008298802814695066
9037,-1.2694851578856217,-0.008298802814695066
9038,-1.2694855804494698,-0.008298802814695066
9039,-1.2694858541143774,-0.008298802814695066
9040,-1.2694863913416896,-0.008298802814695066
9041,-1.2694873008973921,-0.008298802814695066
9042,-1.2694874091056765,-0.008298802814695066
9043,-1.2694888217917522,-0.008298802814695066
9044,-1.2694895952197156,-0.008298802814695066
9045,-1.2694895977786653,-0.008298802814695066
9046,-1.2694900134301346,-0.008298802814695066
9047,-1.269490146972192,-0.008298802814695066
9048,-1.26949043255518,-0.008298802814695066
9049,-1.2694904504856734,-0.008298802814695066
9050,-1.269490549997424,-0.008298802814695066
9051,-1.2694906110277588,-0.008298802814695066
9052,-1.2694907273978804,-0.008298802814695066
9053,-1.2694908933758335,-0.008298802814695066
9054,-1.2694913283081306,-0.008298802814695066
9055,-1.2694916689995623,-0.008298802814695066
9056,-1.2694916712732165,-0.008298802814695066
9057,-1.2694918404317954,-0.008298802814695066
9058,-1.2694919176623245,-0.008298802814695066
9059,-1.2694919804995335,-0.008298802814695066
9060,-1.2694926250502394,-0.008298802814695066
9061,-1.2694935264008809,-0.008298802814695066
9062,-1.2694937862199391,-0.008298802814695066
9063,-1.26949379261791,-0.008298802814695066
9064,-1.2694943690613256,-0.008298802814695066
9065,-1.2694943983678315,-0.008298802814695066
9066,-1.2694944290792805,-0.008298802814695066
9067,-1.2694944825398216,-0.008298802814695066
9068,-1.2694951424486245,-0.008298802814695066
9069,-1.2694955471590579,-0.008298802814695066
9070,-1.269497473663324,-0.008298802814695066
9071,-1.2694974832819912,-0.008298802814695066
9072,-1.2694975923460603,-0.008298802814695066
9073,-1.2694977372973082,-0.008298802814695066
9074,-1.2694986690379269,-0.008298802814695066
9075,-1.2694993136716772,-0.008298802814695066
9076,-1.2694999942706988,-0.008298802814695066
9077,-1.2695008741513192,-0.008298802814695066
9078,-1.2695018463273602,-0.008298802814695066
9079,-1.26950206364101,-0.008298802814695066
9080,-1.269503667764845,-0.008298802814695066
9081,-1.269503669814717,-0.008298802814695066
9082,-1.2695038314648939,-0.008298802814695066
9083,-1.269504781878795,-0.008298802814695066
9084,-1.2695051092007135,-0.008298802814695066
9085,-1.2695051659463115,-0.008298802814695066
9086,-1.2695054804558654,-0.008298802814695066
9087,-1.2695057900484197,-0.008298802814695066
9088,-1.2695059519558558,-0.008298802814695066
9089,-1.26950720577805,-0.008298802814695066
9090,-1.269507549436539,-0.008298802814695066
9091,-1.269507587129118,-0.008298802814695066
9092,-1.2695079073425806,-0.008298802814695066
9093,-1.2695079399800222,-0.008298802814695066
9094,-1.2695079419589488,-0.008298802814695066
9095,-1.269507990143365,-0.008298802814695066
9096,-1.2695080089717772,-0.008298802814695066
9097,-1.2695080666900278,-0.008298802814695066
9098,-1.2695084536438093,-0.008298802814695066
9099,-1.269508753712026,-0.008298802814695066
9100,-1.2695088359683009,-0.008298802814695066
9101,-1.2695092764539542,-0.008298802814695066
9102,-1.269509757533395,-0.008298802814695066
9103,-1.2695100841099083,-0.008298802814695066
9104,-1.2695102047660243,-0.008298802814695066
9105,-1.2695104399839134,-0.008298802814695066
9106,-1.2695104584267312,-0.008298802814695066
9107,-1.2695106079616156,-0.008298802814695066
9108,-1.269510715119928,-0.008298802814695066
9109,-1.2695107164153328,-0.008298802814695066
9110,-1.2695108459561957,-0.008298802814695066
9111,-1.2695114821507956,-0.008298802814695066
9112,-1.2695120443687444,-0.008298802814695066
9113,-1.2695120627852359,-0.008298802814695066
9114,-1.2695127834811928,-0.008298802814695066
9115,-1.2695133381782975,-0.008298802814695066
9116,-1.269513957151954,-0.008298802814695066
9117,-1.2695142218835058,-0.008298802814695066
9118,-1.2695144027184617,-0.008298802814695066
9119,-1.2695151621953982,-0.008298802814695066
9120,-1.2695154663453474,-0.008298802814695066
9121,-1.2695159290114724,-0.008298802814695066
9122,-1.2695170085225134,-0.008298802814695066
9123,-1.2695173897712562,-0.008298802814695066
9124,-1.2695174082871414,-0.008298802814695066
9125,-1.269517551191793,-0.008298802814695066
9126,-1.2695176704004227,-0.008298802814695066
9127,-1.2695178928819921,-0.008298802814695066
9128,-1.2695181898296801,-0.008298802814695066
9129,-1.2695184186806443,-0.008298802814695066
9130,-1.2695186931443163,-0.008298802814695066
9131,-1.2695187828087287,-0.008298802814695066
9132,-1.269519151057208,-0.008298802814695066
9133,-1.2695193973535668,-0.008298802814695066
9134,-1.2695196605104582,-0.008298802814695066
9135,-1.2695202945947635,-0.008298802814695066
9136,-1.2695203886300548,-0.008298802814695066
9137,-1.2695203943492508,-0.008298802814695066
9138,-1.269520980685679,-0.008298802814695066
9139,-1.2695214886400463,-0.008298802814695066
9140,-1.2695217624697426,-0.008298802814695066
9141,-1.26952187997095,-0.008298802814695066
9142,-1.2695221988594587,-0.008298802814695066
9143,-1.2695225993376522,-0.008298802814695066
9144,-1.2695233851168761,-0.008298802814695066
9145,-1.2695235208583096,-0.008298802814695066
9146,-1.2695236742346936,-0.008298802814695066
9147,-1.2695236893086677,-0.008298802814695066
9148,-1.269523690700881,-0.008298802814695066
9149,-1.2695238521371974,-0.008298802814695066
9150,-1.269524259646117,-0.008298802814695066
9151,-1.2695244668476517,-0.008298802814695066
9152,-1.2695245592035043,-0.008298802814695066
9153,-1.269524643809987,-0.008298802814695066
9154,-1.269525182659365,-0.008298802814695066
9155,-1.2695255134508747,-0.008298802814695066
9156,-1.269525515239578,-0.008298802814695066
9157,-1.2695255276569664,-0.008298802814695066
9158,-1.2695259696163184,-0.008298802814695066
9159,-1.2695263072265166,-0.008298802814695066
9160,-1.269526363259237,-0.008298802814695066
9161,-1.2695264899824177,-0.008298802814695066
9162,-1.269526646325244,-0.008298802814695066
9163,-1.2695268230534664,-0.008298802814695066
9164,-1.2695271716795282,-0.008298802814695066
9165,-1.2695276903575505,-0.008298802814695066
9166,-1.2695281693134663,-0.008298802814695066
9167,-1.2695282155628278,-0.008298802814695066
9168,-1.269528249123088,-0.008298802814695066
9169,-1.2695285379071373,-0.008298802814695066
9170,-1.2695289862593608,-0.008298802814695066
9171,-1.2695291850931998,-0.008298802814695066
9172,-1.2695292311123985,-0.008298802814695066
9173,-1.2695293573133435,-0.008298802814695066
9174,-1.2695295573256153,-0.008298802814695066
9175,-1.2695297109986412,-0.008298802814695066
9176,-1.269529725704251,-0.008298802814695066
9177,-1.2695300826182632,-0.008298802814695066
9178,-1.2695303897211943,-0.008298802814695066
9179,-1.2695304603693174,-0.008298802814695066
9180,-1.2695304868913933,-0.008298802814695066
9181,-1.2695305775220904,-0.008298802814695066
9182,-1.2695305816020195,-0.008298802814695066
9183,-1.2695307437831458,-0.008298802814695066
9184,-1.2695313146644498,-0.008298802814695066
9185,-1.2695319005392884,-0.008298802814695066
9186,-1.269531953927253,-0.008298802814695066
9187,-1.269532055004869,-0.008298802814695066
9188,-1.2695322251902252,-0.008298802814695066
9189,-1.2695329082122577,-0.008298802814695066
9190,-1.2695331916629466,-0.008298802814695066
9191,-1.2695334751760339,-0.008298802814695066
9192,-1.2695334991194578,-0.008298802814695066
9193,-1.2695338598688664,-0.008298802814695066
9194,-1.2695339584195189,-0.008298802814695066
9195,-1.2695344507603386,-0.008298802814695066
9196,-1.2695346857152885,-0.008298802814695066
9197,-1.2695347297620703,-0.008298802814695066
9198,-1.2695351471367569,-0.008298802814695066
9199,-1.2695351715387377,-0.008298802814695066
9200,-1.269536334719238,-0.008298802814695066
9201,-1.269537089165038,-0.008298802814695066
9202,-1.2695373416305724,-0.008298802814695066
9203,-1.2695384547750763,-0.008298802814695066
9204,-1.2695385968243724,-0.008298802814695066
9205,-1.2695392691785679,-0.008298802814695066
9206,-1.2695398492251022,-0.008298802814695066
9207,-1.269540032290132,-0.008298802814695066
9208,-1.2695402656093684,-0.008298802814695066
9209,-1.2695402754881984,-0.008298802814695066
9210,-1.2695404481565744,-0.008298802814695066
9211,-1.2695406888354697,-0.008298802814695066
9212,-1.2695408981139207,-0.008298802814695066
9213,-1.269540950470876,-0.008298802814695066
9214,-1.2695410208216618,-0.008298802814695066
9215,-1.269541148708178,-0.008298802814695066
9216,-1.2695412517301676,-0.008298802814695066
9217,-1.2695420377907358,-0.008298802814695066
9218,-1.2695422175025466,-0.008298802814695066
9219,-1.2695422351295016,-0.008298802814695066
9220,-1.2695424310530519,-0.008298802814695066
9221,-1.2695424653705545,-0.008298802814695066
9222,-1.2695430561060403,-0.008298802814695066
9223,-1.269543141419852,-0.008298802814695066
9224,-1.269543578504938,-0.008298802814695066
9225,-1.2695439255582985,-0.008298802814695066
9226,-1.2695443132942732,-0.008298802814695066
9227,-1.2695443798371264,-0.008298802814695066
9228,-1.269545088984876,-0.008298802814695066
9229,-1.2695451439677297,-0.008298802814695066
9230,-1.2695452952031754,-0.008298802814695066
9231,-1.2695457774187386,-0.008298802814695066
9232,-1.269546240549973,-0.008298802814695066
9233,-1.269546302177709,-0.008298802814695066
9234,-1.2695470552447654,-0.008298802814695066
9235,-1.2695471220675094,-0.008298802814695066
9236,-1.2695471406246972,-0.008298802814695066
9237,-1.269547789722356,-0.008298802814695066
9238,-1.2695480795809466,-0.008298802814695066
9239,-1.2695481100707668,-0.008298802814695066
9240,-1.2695483346871106,-0.008298802814695066
9241,-1.269548727164472,-0.008298802814695066
9242,-1.2695491028720198,-0.008298802814695066
9243,-1.2695493616740752,-0.008298802814695066
9244,-1.2695493976446073,-0.008298802814695066
9245,-1.269549458151934,-0.008298802814695066
9246,-1.2695498457056633,-0.008298802814695066
9247,-1.2695499999714421,-0.008298802814695066
9248,-1.269550043908921,-0.008298802814695066
9249,-1.26955009462369,-0.008298802814695066
9250,-1.2695500986970205,-0.008298802814695066
9251,-1.2695505810942498,-0.008298802814695066
9252,-1.2695506369123042,-0.008298802814695066
9253,-1.2695506547859716,-0.008298802814695066
9254,-1.2695508281186196,-0.008298802814695066
9255,-1.269550857417832,-0.008298802814695066
9256,-1.2695511197467355,-0.008298802814695066
9257,-1.2695518903974643,-0.008298802814695066
9258,-1.269551993970884,-0.008298802814695066
9259,-1.2695521344353833,-0.008298802814695066
9260,-1.269552440602003,-0.008298802814695066
9261,-1.2695529693659293,-0.008298802814695066
9262,-1.269553070667173,-0.008298802814695066
9263,-1.2695533392371845,-0.008298802814695066
9264,-1.2695535608237343,-0.008298802814695066
9265,-1.2695537152249934,-0.008298802814695066
9266,-1.269553800014019,-0.008298802814695066
9267,-1.2695539132424767,-0.008298802814695066
9268,-1.2695540957683566,-0.008298802814695066
9269,-1.2695547592575762,-0.008298802814695066
9270,-1.2695547615111766,-0.008298802814695066
9271,-1.2695550140112268,-0.008298802814695066
9272,-1.2695553352058297,-0.008298802814695066
9273,-1.2695558341160502,-0.008298802814695066
9274,-1.2695560993708845,-0.008298802814695066
9275,-1.2695561028663853,-0.008298802814695066
9276,-1.2695561778341196,-0.008298802814695066
9277,-1.2695562082428453,-0.008298802814695066
9278,-1.269556326802882,-0.008298802814695066
9279,-1.2695563695419465,-0.008298802814695066
9280,-1.269556409872419,-0.008298802814695066
9281,-1.2695568632285639,-0.008298802814695066
9282,-1.2695571886970802,-0.008298802814695066
9283,-1.26955738365407,-0.008298802814695066
9284,-1.2695575464836226,-0.008298802814695066
9285,-1.2695576829380992,-0.008298802814695066
9286,-1.2695578221321848,-0.008298802814695066
9287,-1.2695579631049407,-0.008298802814695066
9288,-1.2695581482587928,-0.008298802814695066
9289,-1.2695583805891946,-0.008298802814695066
9290,-1.26955854072273,-0.008298802814695066
9291,-1.269559140491812,-0.008298802814695066
9292,-1.2695592657445263,-0.008298802814695066
9293,-1.2695593224395978,-0.008298802814695066
9294,-1.269559504206036,-0.008298802814695066
9295,-1.2695599880751887,-0.008298802814695066
9296,-1.2695601667466416,-0.008298802814695066
9297,-1.2695602524855916,-0.008298802814695066
9298,-1.2695603494559258,-0.008298802814695066
9299,-1.2695603498765067,-0.008298802814695066
9300,-1.2695604283608235,-0.008298802814695066
9301,-1.2695604717949776,-0.008298802814695066
9302,-1.2695606254172604,-0.008298802814695066
9303,-1.269560677320274,-0.008298802814695066
9304,-1.2695610008696607,-0.008298802814695066
9305,-1.2695614684445469,-0.008298802814695066
9306,-1.2695615343339512,-0.008298802814695066
9307,-1.2695618034466067,-0.008298802814695066
9308,-1.2695620767290021,-0.008298802814695066
9309,-1.269562130871111,-0.008298802814695066
9310,-1.269562267968298,-0.008298802814695066
9311,-1.2695627754156544,-0.008298802814695066
9312,-1.2695629971153748,-0.008298802814695066
9313,-1.2695630471713284,-0.008298802814695066
9314,-1.2695636324402892,-0.008298802814695066
9315,-1.2695646935500817,-0.008298802814695066
9316,-1.2695647577417337,-0.008298802814695066
9317,-1.269564847967028,-0.008298802814695066
9318,-1.2695651764065643,-0.008298802814695066
9319,-1.269565394321312,-0.008298802814695066
9320,-1.269565773160846,-0.008298802814695066
9321,-1.2695658761212147,-0.008298802814695066
9322,-1.2695662751024615,-0.008298802814695066
9323,-1.2695664632798995,-0.008298802814695066
9324,-1.2695667126351513,-0.008298802814695066
9325,-1.2695667153702472,-0.008298802814695066
9326,-1.2695667278165925,-0.008298802814695066
9327,-1.2695669622875396,-0.008298802814695066
9328,-1.2695670053294767,-0.008298802814695066
9329,-1.2695672694378002,-0.008298802814695066
9330,-1.2695672882404372,-0.008298802814695066
9331,-1.2695674648498925,-0.008298802814695066
9332,-1.26956759191342,-0.008298802814695066
9333,-1.2695685212995003,-0.008298802814695066
9334,-1.2695692821529736,-0.008298802814695066
9335,-1.2695692947874224,-0.008298802814695066
9336,-1.2695693334227958,-0.008298802814695066
9337,-1.2695693695253027,-0.008298802814695066
9338,-1.2695696374131826,-0.008298802814695066
9339,-1.2695698300501568,-0.008298802814695066
9340,-1.2695716956065672,-0.008298802814695066
9341,-1.2695719048792407,-0.008298802814695066
9342,-1.269572162315027,-0.008298802814695066
9343,-1.2695722527155706,-0.008298802814695066
9344,-1.2695724305247704,-0.008298802814695066
9345,-1.269572525591905,-0.008298802814695066
9346,-1.269573113378982,-0.008298802814695066
9347,-1.2695733919739232,-0.008298802814695066
9348,-1.2695736204303356,-0.008298802814695066
9349,-1.2695736487912344,-0.008298802814695066
9350,-1.269573893391992,-0.008298802814695066
9351,-1.2695739437204665,-0.008298802814695066
9352,-1.2695745659442952,-0.008298802814695066
9353,-1.2695747753840698,-0.008298802814695066
9354,-1.269575016328206,-0.008298802814695066
9355,-1.2695752183989353,-0.008298802814695066
9356,-1.2695754251395317,-0.008298802814695066
9357,-1.2695754397106942,-0.008298802814695066
9358,-1.2695755873243737,-0.008298802814695066
9359,-1.2695758455851478,-0.008298802814695066
9360,-1.2695758941111002,-0.008298802814695066
9361,-1.2695759885669733,-0.008298802814695066
9362,-1.2695761022070873,-0.008298802814695066
9363,-1.2695761823917138,-0.008298802814695066
9364,-1.2695762930393424,-0.008298802814695066
9365,-1.269577199990124,-0.008298802814695066
9366,-1.2695772068940847,-0.008298802814695066
9367,-1.2695772414078936,-0.008298802814695066
9368,-1.2695774981652452,-0.008298802814695066
9369,-1.2695781977952747,-0.008298802814695066
9370,-1.2695783274648424,-0.008298802814695066
9371,-1.269578652479679,-0.008298802814695066
9372,-1.2695786677441872,-0.008298802814695066
9373,-1.2695793773983475,-0.008298802814695066
9374,-1.269580100595329,-0.008298802814695066
9375,-1.2695803888940262,-0.008298802814695066
9376,-1.2695803948012263,-0.008298802814695066
9377,-1.269580453305323,-0.008298802814695066
9378,-1.2695804642161133,-0.008298802814695066
9379,-1.269580542137485,-0.008298802814695066
9380,-1.269580929106835,-0.008298802814695066
9381,-1.269581102242914,-0.008298802814695066
9382,-1.2695813502875182,-0.008298802814695066
9383,-1.269581472746483,-0.008298802814695066
9384,-1.2695820074569155,-0.008298802814695066
9385,-1.2695825459140118,-0.008298802814695066
9386,-1.269583180934019,-0.008298802814695066
9387,-1.2695832035030776,-0.008298802814695066
9388,-1.2695832320330034,-0.008298802814695066
9389,-1.2695834835274755,-0.008298802814695066
9390,-1.2695837159283978,-0.008298802814695066
9391,-1.269583833152079,-0.008298802814695066
9392,-1.2695840223089014,-0.008298802814695066
9393,-1.2695840295033423,-0.008298802814695066
9394,-1.2695849959988932,-0.008298802814695066
9395,-1.269585266870513,-0.008298802814695066
9396,-1.2695853124267606,-0.008298802814695066
9397,-1.2695855150411455,-0.008298802814695066
9398,-1.2695855706490735,-0.008298802814695066
9399,-1.2695857193053377,-0.008298802814695066
9400,-1.2695858119671852,-0.008298802814695066
9401,-1.2695858623603433,-0.008298802814695066
9402,-1.2695859982692137,-0.008298802814695066
9403,-1.2695865410672535,-0.008298802814695066
9404,-1.2695866817370471,-0.008298802814695066
9405,-1.2695868983975171,-0.008298802814695066
9406,-1.2695870470328139,-0.008298802814695066
9407,-1.2695873249064584,-0.008298802814695066
9408,-1.2695879301776607,-0.008298802814695066
9409,-1.2695883220267348,-0.008298802814695066
9410,-1.2695883386541487,-0.008298802814695066
9411,-1.2695883935350527,-0.008298802814695066
9412,-1.2695884462358071,-0.008298802814695066
9413,-1.2695885879635687,-0.008298802814695066
9414,-1.2695886394103917,-0.008298802814695066
9415,-1.2695903652651066,-0.008298802814695066
9416,-1.2695907382379934,-0.008298802814695066
9417,-1.2695908348828748,-0.008298802814695066
9418,-1.2695911262185275,-0.008298802814695066
9419,-1.2695912721835794,-0.008298802814695066
9420,-1.2695912917060592,-0.008298802814695066
9421,-1.2695913232359297,-0.008298802814695066
9422,-1.2695916906218836,-0.008298802814695066
9423,-1.2695917738862188,-0.008298802814695066
9424,-1.2695917973537276,-0.008298802814695066
9425,-1.2695919876963022,-0.008298802814695066
9426,-1.269592638706531,-0.008298802814695066
9427,-1.2695926668834896,-0.008298802814695066
9428,-1.2695937407867022,-0.008298802814695066
9429,-1.2695938291254123,-0.008298802814695066
9430,-1.269593877123493,-0.008298802814695066
9431,-1.2695939824627234,-0.008298802814695066
9432,-1.2695945883451252,-0.008298802814695066
9433,-1.2695948074010783,-0.008298802814695066
9434,-1.26959515902462,-0.008298802814695066
9435,-1.2695955477656082,-0.008298802814695066
9436,-1.2695957077853275,-0.008298802814695066
9437,-1.269595735111832,-0.008298802814695066
9438,-1.2695962705008557,-0.008298802814695066
9439,-1.2695963698193522,-0.008298802814695066
9440,-1.2695964258038472,-0.008298802814695066
9441,-1.2695964827937354,-0.008298802814695066
9442,-1.2695969078095217,-0.008298802814695066
9443,-1.2695969579133364,-0.008298802814695066
9444,-1.2695969835718193,-0.008298802814695066
9445,-1.2695970176860742,-0.008298802814695066
9446,-1.2695973714009474,-0.008298802814695066
9447,-1.2695974862672685,-0.008298802814695066
9448,-1.2695976669050124,-0.008298802814695066
9449,-1.2695977723697458,-0.008298802814695066
9450,-1.2695980529687836,-0.008298802814695066
9451,-1.2695981117384185,-0.008298802814695066
9452,-1.269598139510665,-0.008298802814695066
9453,-1.2695983883994564,-0.008298802814695066
9454,-1.2695984356604766,-0.008298802814695066
9455,-1.269598632138974,-0.008298802814695066
9456,-1.2695989830928274,-0.008298802814695066
9457,-1.2695992541444638,-0.008298802814695066
9458,-1.2695993084659722,-0.008298802814695066
9459,-1.2695993904043896,-0.008298802814695066
9460,-1.2695998194198568,-0.008298802814695066
9461,-1.2695998361689895,-0.008298802814695066
9462,-1.2695999428577227,-0.008298802814695066
9463,-1.2696000176949804,-0.008298802814695066
9464,-1.2696000552080482,-0.008298802814695066
9465,-1.2696000648684427,-0.008298802814695066
9466,-1.2696001539978097,-0.008298802814695066
9467,-1.2696001577432874,-0.008298802814695066
9468,-1.2696001672279005,-0.008298802814695066
9469,-1.2696003005431908,-0.008298802814695066
9470,-1.2696003212879943,-0.008298802814695066
9471,-1.269600401093438,-0.008298802814695066
9472,-1.269600840639478,-0.008298802814695066
9473,-1.2696008819895959,-0.008298802814695066
9474,-1.2696012692554604,-0.008298802814695066
9475,-1.2696016257675882,-0.008298802814695066
9476,-1.2696016492948932,-0.008298802814695066
9477,-1.2696017969537579,-0.008298802814695066
9478,-1.2696019573858646,-0.008298802814695066
9479,-1.2696023663384353,-0.008298802814695066
9480,-1.269602393159288,-0.008298802814695066
9481,-1.2696024145022238,-0.008298802814695066
9482,-1.2696025725263842,-0.008298802814695066
9483,-1.2696029048993438,-0.008298802814695066
9484,-1.2696029114804754,-0.008298802814695066
9485,-1.2696030579299107,-0.008298802814695066
9486,-1.2696030904947062,-0.008298802814695066
9487,-1.2696033905014743,-0.008298802814695066
9488,-1.2696035425265002,-0.008298802814695066
9489,-1.269603757299068,-0.008298802814695066
9490,-1.2696038068022124,-0.008298802814695066
9491,-1.269604194776144,-0.008298802814695066
9492,-1.269604210049525,-0.008298802814695066
9493,-1.2696042273527186,-0.008298802814695066
9494,-1.269604333797052,-0.008298802814695066
9495,-1.2696043438263598,-0.008298802814695066
9496,-1.2696046842038962,-0.008298802814695066
9497,-1.2696052144897583,-0.008298802814695066
9498,-1.2696053939483691,-0.008298802814695066
9499,-1.2696056340566022,-0.008298802814695066
9500,-1.2696056472201955,-0.008298802814695066
9501,-1.2696056847333366,-0.008298802814695066
9502,-1.2696058983919796,-0.008298802814695066
9503,-1.2696059918762428,-0.008298802814695066
9504,-1.269605992897946,-0.008298802814695066
9505,-1.2696060990474116,-0.008298802814695066
9506,-1.269606436595812,-0.008298802814695066
9507,-1.26960651985845,-0.008298802814695066
9508,-1.269606711508908,-0.008298802814695066
9509,-1.269606726456659,-0.008298802814695066
9510,-1.269606845319096,-0.008298802814695066
9511,-1.2696068613995604,-0.008298802814695066
9512,-1.2696072445752717,-0.008298802814695066
9513,-1.269607440229641,-0.008298802814695066
9514,-1.2696078426694863,-0.008298802814695066
9515,-1.2696079227562886,-0.008298802814695066
9516,-1.2696085975961506,-0.008298802814695066
9517,-1.2696091354627375,-0.008298802814695066
9518,-1.269609199844859,-0.008298802814695066
9519,-1.2696092485222406,-0.008298802814695066
9520,-1.2696093189132465,-0.008298802814695066
9521,-1.2696094361901555,-0.008298802814695066
9522,-1.2696098856871716,-0.008298802814695066
9523,-1.2696099280471291,-0.008298802814695066
9524,-1.2696101317937525,-0.008298802814695066
9525,-1.2696102481784044,-0.008298802814695066
9526,-1.2696103629646065,-0.008298802814695066
9527,-1.2696104614345773,-0.008298802814695066
9528,-1.2696106667868658,-0.008298802814695066
9529,-1.269610867330526,-0.008298802814695066
9530,-1.2696108902602699,-0.008298802814695066
9531,-1.2696108917182853,-0.008298802814695066
9532,-1.269610972678053,-0.008298802814695066
9533,-1.2696110673580985,-0.008298802814695066
9534,-1.269611113053175,-0.008298802814695066
9535,-1.2696115698546186,-0.008298802814695066
9536,-1.2696118348236052,-0.008298802814695066
9537,-1.2696118591548649,-0.008298802814695066
9538,-1.2696119360507616,-0.008298802814695066
9539,-1.2696120180858046,-0.008298802814695066
9540,-1.2696122126788905,-0.008298802814695066
9541,-1.269612491346329,-0.008298802814695066
9542,-1.2696126296265908,-0.008298802814695066
9543,-1.269612973403539,-0.008298802814695066
9544,-1.2696132338294452,-0.008298802814695066
9545,-1.2696134081385826,-0.008298802814695066
9546,-1.269613434036235,-0.008298802814695066
9547,-1.269613436715981,-0.008298802814695066
9548,-1.2696134725156807,-0.008298802814695066
9549,-1.2696137867844939,-0.008298802814695066
9550,-1.2696138068330438,-0.008298802814695066
9551,-1.2696144842227546,-0.008298802814695066
9552,-1.2696145021753316,-0.008298802814695066
9553,-1.269614960076975,-0.008298802814695066
9554,-1.2696151480999174,-0.008298802814695066
9555,-1.2696154280219605,-0.008298802814695066
9556,-1.2696155384833574,-0.008298802814695066
9557,-1.2696155604338888,-0.008298802814695066
9558,-1.269615647867604,-0.008298802814695066
9559,-1.2696157432419435,-0.008298802814695066
9560,-1.2696157986316172,-0.008298802814695066
9561,-1.269615931368866,-0.008298802814695066
9562,-1.2696159459497527,-0.008298802814695066
9563,-1.2696161279665341,-0.008298802814695066
9564,-1.2696161870525167,-0.008298802814695066
9565,-1.2696163840804258,-0.008298802814695066
9566,-1.2696165564343445,-0.008298802814695066
9567,-1.269616887328975,-0.008298802814695066
9568,-1.2696171548782949,-0.008298802814695066
9569,-1.2696173108252111,-0.008298802814695066
9570,-1.2696173183206998,-0.008298802814695066
9571,-1.2696174122597534,-0.008298802814695066
9572,-1.26961745720022,-0.008298802814695066
9573,-1.2696180247265572,-0.008298802814695066
9574,-1.2696182087482355,-0.008298802814695066
9575,-1.269618239951419,-0.008298802814695066
9576,-1.2696182687503486,-0.008298802814695066
9577,-1.2696182715213036,-0.008298802814695066
9578,-1.2696186392871303,-0.008298802814695066
9579,-1.2696188830197688,-0.008298802814695066
9580,-1.2696191523803761,-0.008298802814695066
9581,-1.2696192517298102,-0.008298802814695066
9582,-1.2696195236261496,-0.008298802814695066
9583,-1.2696196496803154,-0.008298802814695066
9584,-1.2696198669137573,-0.008298802814695066
9585,-1.2696199007194187,-0.008298802814695066
9586,-1.2696199793043013,-0.008298802814695066
9587,-1.2696200174994066,-0.008298802814695066
9588,-1.269620032160423,-0.008298802814695066
9589,-1.2696202503204508,-0.008298802814695066
9590,-1.269620364623255,-0.008298802814695066
9591,-1.2696205839684183,-0.008298802814695066
9592,-1.2696206276510213,-0.008298802814695066
9593,-1.2696210276226576,-0.008298802814695066
9594,-1.2696213353069932,-0.008298802814695066
9595,-1.269621370303863,-0.008298802814695066
9596,-1.2696218642507207,-0.008298802814695066
9597,-1.269621867856785,-0.008298802814695066
9598,-1.2696220094311315,-0.008298802814695066
9599,-1.269622941589265,-0.008298802814695066
9600,-1.2696230664295953,-0.008298802814695066
9601,-1.2696230740572876,-0.008298802814695066
9602,-1.2696231011858645,-0.008298802814695066
9603,-1.2696232348954717,-0.008298802814695066
9604,-1.269623289131269,-0.008298802814695066
9605,-1.2696234375595878,-0.008298802814695066
9606,-1.2696234581684722,-0.008298802814695066
9607,-1.269623515721299,-0.008298802814695066
9608,-1.269623759173201,-0.008298802814695066
9609,-1.2696239490650525,-0.008298802814695066
9610,-1.2696240879138028,-0.008298802814695066
9611,-1.269624354273768,-0.008298802814695066
9612,-1.2696245658280785,-0.008298802814695066
9613,-1.269624658462013,-0.008298802814695066
9614,-1.2696250909432332,-0.008298802814695066
9615,-1.269625442101492,-0.008298802814695066
9616,-1.269625961772415,-0.008298802814695066
9617,-1.2696260362804355,-0.008298802814695066
9618,-1.2696260705232818,-0.008298802814695066
9619,-1.2696261108851483,-0.008298802814695066
9620,-1.269626135605353,-0.008298802814695066
9621,-1.2696270208440072,-0.008298802814695066
9622,-1.2696271518500364,-0.008298802814695066
9623,-1.269627547099105,-0.008298802814695066
9624,-1.2696279605013758,-0.008298802814695066
9625,-1.2696280565878144,-0.008298802814695066
9626,-1.269628177472828,-0.008298802814695066
9627,-1.2696287059419347,-0.008298802814695066
9628,-1.269629303130453,-0.008298802814695066
9629,-1.269629306968836,-0.008298802814695066
9630,-1.2696294305303168,-0.008298802814695066
9631,-1.2696294335994218,-0.008298802814695066
9632,-1.269629824293275,-0.008298802814695066
9633,-1.2696298821098855,-0.008298802814695066
9634,-1.2696299420417403,-0.008298802814695066
9635,-1.2696299825513537,-0.008298802814695066
9636,-1.2696300425531997,-0.008298802814695066
9637,-1.2696300801405285,-0.008298802814695066
9638,-1.2696301268552255,-0.008298802814695066
9639,-1.2696304739872986,-0.008298802814695066
9640,-1.2696305985859944,-0.008298802814695066
9641,-1.269630667922857,-0.008298802814695066
9642,-1.2696308094236295,-0.008298802814695066
9643,-1.269630973624894,-0.008298802814695066
9644,-1.2696310198099234,-0.008298802814695066
9645,-1.2696310603089722,-0.008298802814695066
9646,-1.2696311688885427,-0.008298802814695066
9647,-1.269631172906353,-0.008298802814695066
9648,-1.269631362683959,-0.008298802814695066
9649,-1.269631570055412,-0.008298802814695066
9650,-1.2696318493279872,-0.008298802814695066
9651,-1.2696318916883407,-0.008298802814695066
9652,-1.2696323192356909,-0.008298802814695066
9653,-1.2696324680459152,-0.008298802814695066
9654,-1.269632609555671,-0.008298802814695066
9655,-1.2696326152705852,-0.008298802814695066
9656,-1.2696326853751616,-0.008298802814695066
9657,-1.2696330154564874,-0.008298802814695066
9658,-1.2696330418821964,-0.008298802814695066
9659,-1.269633149472726,-0.008298802814695066
9660,-1.2696332536049617,-0.008298802814695066
9661,-1.2696334907585958,-0.008298802814695066
9662,-1.2696336257828404,-0.008298802814695066
9663,-1.2696336610229098,-0.008298802814695066
9664,-1.2696337226967598,-0.008298802814695066
9665,-1.2696339181873086,-0.008298802814695066
9666,-1.269633952531199,-0.008298802814695066
9667,-1.269633988424857,-0.008298802814695066
9668,-1.269634012713029,-0.008298802814695066
9669,-1.269634077982142,-0.008298802814695066
9670,-1.2696340980296343,-0.008298802814695066
9671,-1.2696341477511384,-0.008298802814695066
9672,-1.2696343693125276,-0.008298802814695066
9673,-1.2696346279431294,-0.008298802814695066
9674,-1.2696347561269985,-0.008298802814695066
9675,-1.2696348612730979,-0.008298802814695066
9676,-1.2696348826776358,-0.008298802814695066
9677,-1.269634932313402,-0.008298802814695066
9678,-1.2696349747062274,-0.008298802814695066
9679,-1.2696351234459373,-0.008298802814695066
9680,-1.2696352358528857,-0.008298802814695066
9681,-1.2696352594529303,-0.008298802814695066
9682,-1.269635436592668,-0.008298802814695066
9683,-1.2696355299844464,-0.008298802814695066
9684,-1.2696355798939314,-0.008298802814695066
9685,-1.269635726931275,-0.008298802814695066
9686,-1.2696358853571654,-0.008298802814695066
9687,-1.2696363855886685,-0.008298802814695066
9688,-1.2696364748564952,-0.008298802814695066
9689,-1.2696365534735072,-0.008298802814695066
9690,-1.2696370827340009,-0.008298802814695066
9691,-1.2696372121389083,-0.008298802814695066
9692,-1.2696376136744638,-0.008298802814695066
9693,-1.2696376476514617,-0.008298802814695066
9694,-1.2696377340457903,-0.008298802814695066
9695,-1.2696378825270285,-0.008298802814695066
9696,-1.2696379451076403,-0.008298802814695066
9697,-1.269638217059991,-0.008298802814695066
9698,-1.2696382261132126,-0.008298802814695066
9699,-1.2696382503027501,-0.008298802814695066
9700,-1.2696383327227057,-0.008298802814695066
9701,-1.2696385426348575,-0.008298802814695066
9702,-1.2696386036189626,-0.008298802814695066
9703,-1.2696392806784538,-0.008298802814695066
9704,-1.269639285147287,-0.008298802814695066
9705,-1.2696393970119917,-0.008298802814695066
9706,-1.2696394444996852,-0.008298802814695066
9707,-1.269639593095374,-0.008298802814695066
9708,-1.2696395967773613,-0.008298802814695066
9709,-1.2696397885354096,-0.008298802814695066
9710,-1.2696400317573129,-0.008298802814695066
9711,-1.269640165662461,-0.008298802814695066
9712,-1.269640459473747,-0.008298802814695066
9713,-1.2696407909001906,-0.008298802814695066
9714,-1.2696407952582698,-0.008298802814695066
9715,-1.2696408868975415,-0.008298802814695066
9716,-1.2696409896085885,-0.008298802814695066
9717,-1.2696410256027155,-0.008298802814695066
9718,-1.269641077432803,-0.008298802814695066
9719,-1.2696414377225427,-0.008298802814695066
9720,-1.269641552424313,-0.008298802814695066
9721,-1.2696421464214547,-0.008298802814695066
9722,-1.2696423290580077,-0.008298802814695066
9723,-1.26964242606685,-0.008298802814695066
9724,-1.269642437012553,-0.008298802814695066
9725,-1.2696424383424114,-0.008298802814695066
9726,-1.2696425062322003,-0.008298802814695066
9727,-1.2696434951080355,-0.008298802814695066
9728,-1.2696435205903531,-0.008298802814695066
9729,-1.269643583101114,-0.008298802814695066
9730,-1.269643623845857,-0.008298802814695066
9731,-1.2696438078435268,-0.008298802814695066
9732,-1.2696439424367338,-0.008298802814695066
9733,-1.2696441258046378,-0.008298802814695066
9734,-1.2696442572199333,-0.008298802814695066
9735,-1.2696442989403427,-0.008298802814695066
9736,-1.2696445629217958,-0.008298802814695066
9737,-1.2696447410669331,-0.008298802814695066
9738,-1.2696449050124068,-0.008298802814695066
9739,-1.2696449181782943,-0.008298802814695066
9740,-1.269644921017572,-0.008298802814695066
9741,-1.2696449367930636,-0.008298802814695066
9742,-1.2696450501527285,-0.008298802814695066
9743,-1.2696453654029831,-0.008298802814695066
9744,-1.2696454513053979,-0.008298802814695066
9745,-1.269645712946915,-0.008298802814695066
9746,-1.2696457954691769,-0.008298802814695066
9747,-1.2696457989511944,-0.008298802814695066
9748,-1.2696458062086102,-0.008298802814695066
9749,-1.269645810544923,-0.008298802814695066
9750,-1.269645854983998,-0.008298802814695066
9751,-1.2696460751862613,-0.008298802814695066
9752,-1.2696461989588081,-0.008298802814695066
9753,-1.2696462910362916,-0.008298802814695066
9754,-1.2696463740526551,-0.008298802814695066
9755,-1.2696465624708115,-0.008298802814695066
9756,-1.269646606952274,-0.008298802814695066
9757,-1.2696467967061866,-0.008298802814695066
9758,-1.2696469781800193,-0.008298802814695066
9759,-1.2696472596882669,-0.008298802814695066
9760,-1.2696473975280165,-0.008298802814695066
9761,-1.2696474678272627,-0.008298802814695066
9762,-1.2696476922631592,-0.008298802814695066
9763,-1.2696479735526545,-0.008298802814695066
9764,-1.2696479974607884,-0.008298802814695066
9765,-1.269648050884879,-0.008298802814695066
9766,-1.2696481826297485,-0.008298802814695066
9767,-1.269648292564606,-0.008298802814695066
9768,-1.2696484030422146,-0.008298802814695066
9769,-1.2696484250765936,-0.008298802814695066
9770,-1.2696490215092813,-0.008298802814695066
9771,-1.2696490583782536,-0.008298802814695066
9772,-1.269649196096332,-0.008298802814695066
9773,-1.269649697748414,-0.008298802814695066
9774,-1.2696497353091947,-0.008298802814695066
9775,-1.2696497546119212,-0.008298802814695066
9776,-1.2696499672301569,-0.008298802814695066
9777,-1.2696500351574516,-0.008298802814695066
9778,-1.2696501160147484,-0.008298802814695066
9779,-1.2696501807313272,-0.008298802814695066
9780,-1.2696503337010034,-0.008298802814695066
9781,-1.2696505933803572,-0.008298802814695066
9782,-1.2696506913181063,-0.008298802814695066
9783,-1.269650691443525,-0.008298802814695066
9784,-1.2696509498185131,-0.008298802814695066
9785,-1.2696509525186768,-0.008298802814695066
9786,-1.2696509724634168,-0.008298802814695066
9787,-1.2696510145060012,-0.008298802814695066
9788,-1.2696512287017732,-0.008298802814695066
9789,-1.269651448297517,-0.008298802814695066
9790,-1.2696515199006497,-0.008298802814695066
9791,-1.269651741949724,-0.008298802814695066
9792,-1.2696517632165585,-0.008298802814695066
9793,-1.2696518407692443,-0.008298802814695066
9794,-1.2696519581359986,-0.008298802814695066
9795,-1.2696519946853477,-0.008298802814695066
9796,-1.2696521535880523,-0.008298802814695066
9797,-1.2696522120501745,-0.008298802814695066
9798,-1.2696522645413753,-0.008298802814695066
9799,-1.2696523132567155,-0.008298802814695066
9800,-1.269652440243606,-0.008298802814695066
9801,-1.2696525975277804,-0.008298802814695066
9802,-1.2696529234420086,-0.008298802814695066
9803,-1.2696530983602776,-0.008298802814695066
9804,-1.2696531574504601,-0.008298802814695066
9805,-1.2696537788778026,-0.008298802814695066
9806,-1.2696539188878004,-0.008298802814695066
9807,-1.2696539607867645,-0.008298802814695066
9808,-1.2696540427495417,-0.008298802814695066
9809,-1.2696542874138,-0.008298802814695066
9810,-1.2696544277695743,-0.008298802814695066
9811,-1.2696546955675658,-0.008298802814695066
9812,-1.2696546997722495,-0.008298802814695066
9813,-1.269655064170979,-0.008298802814695066
9814,-1.2696550815460768,-0.008298802814695066
9815,-1.2696552718523368,-0.008298802814695066
9816,-1.2696552992886332,-0.008298802814695066
9817,-1.2696556619365655,-0.008298802814695066
9818,-1.269655832029104,-0.008298802814695066
9819,-1.2696558886269957,-0.008298802814695066
9820,-1.269655932171937,-0.008298802814695066
9821,-1.2696559703010708,-0.008298802814695066
9822,-1.2696561432191664,-0.008298802814695066
9823,-1.269656146239544,-0.008298802814695066
9824,-1.269656171857239,-0.008298802814695066
9825,-1.2696563074189728,-0.008298802814695066
9826,-1.2696565775328135,-0.008298802814695066
9827,-1.2696566103569706,-0.008298802814695066
9828,-1.2696566187257172,-0.008298802814695066
9829,-1.269656646450383,-0.008298802814695066
9830,-1.2696566570717442,-0.008298802814695066
9831,-1.2696568737673612,-0.008298802814695066
9832,-1.2696569161122937,-0.008298802814695066
9833,-1.2696570259662718,-0.008298802814695066
9834,-1.2696570651219066,-0.008298802814695066
9835,-1.2696571635351028,-0.008298802814695066
9836,-1.2696573507329738,-0.008298802814695066
9837,-1.269657356676714,-0.008298802814695066
9838,-1.2696578459698604,-0.008298802814695066
9839,-1.2696580255544458,-0.008298802814695066
9840,-1.2696580614807291,-0.008298802814695066
9841,-1.2696580655847947,-0.008298802814695066
9842,-1.2696580929030623,-0.008298802814695066
9843,-1.2696580997476623,-0.008298802814695066
9844,-1.2696581340793647,-0.008298802814695066
9845,-1.269658383145561,-0.008298802814695066
9846,-1.2696588397836899,-0.008298802814695066
9847,-1.2696589182490747,-0.008298802814695066
9848,-1.269659063845227,-0.008298802814695066
9849,-1.269659152879997,-0.008298802814695066
9850,-1.269659452965062,-0.008298802814695066
9851,-1.2696594576869016,-0.008298802814695066
9852,-1.2696594709728595,-0.008298802814695066
9853,-1.2696595939766504,-0.008298802814695066
9854,-1.269659954015472,-0.008298802814695066
9855,-1.2696603171680072,-0.008298802814695066
9856,-1.2696605015554243,-0.008298802814695066
9857,-1.269660543778485,-0.008298802814695066
9858,-1.2696610980033112,-0.008298802814695066
9859,-1.2696613209712135,-0.008298802814695066
9860,-1.2696614854258041,-0.008298802814695066
9861,-1.269661521513574,-0.008298802814695066
9862,-1.269661741922895,-0.008298802814695066
9863,-1.2696617814222542,-0.008298802814695066
9864,-1.2696618003964981,-0.008298802814695066
9865,-1.2696618458399698,-0.008298802814695066
9866,-1.2696618600394145,-0.008298802814695066
9867,-1.2696620139373582,-0.008298802814695066
9868,-1.2696620231423341,-0.008298802814695066
9869,-1.2696622096340466,-0.008298802814695066
9870,-1.269662390259136,-0.008298802814695066
9871,-1.2696626239011704,-0.008298802814695066
9872,-1.2696626351939317,-0.008298802814695066
9873,-1.2696626403816014,-0.008298802814695066
9874,-1.2696626927766466,-0.008298802814695066
9875,-1.2696628020555456,-0.008298802814695066
9876,-1.269663325721486,-0.008298802814695066
9877,-1.2696633527589565,-0.008298802814695066
9878,-1.2696635956143578,-0.008298802814695066
9879,-1.2696636073825376,-0.008298802814695066
9880,-1.2696636684701288,-0.008298802814695066
9881,-1.269663789971789,-0.008298802814695066
9882,-1.2696640064722926,-0.008298802814695066
9883,-1.2696641553642318,-0.008298802814695066
9884,-1.2696643352596872,-0.008298802814695066
9885,-1.2696643843416628,-0.008298802814695066
9886,-1.269664572963631,-0.008298802814695066
9887,-1.269664694367196,-0.008298802814695066
9888,-1.269664776449813,-0.008298802814695066
9889,-1.2696647922035713,-0.008298802814695066
9890,-1.2696649179043107,-0.008298802814695066
9891,-1.2696651649280986,-0.008298802814695066
9892,-1.2696651704899544,-0.008298802814695066
9893,-1.2696652953377168,-0.008298802814695066
9894,-1.269665330049901,-0.008298802814695066
9895,-1.2696653868045147,-0.008298802814695066
9896,-1.269665518415628,-0.008298802814695066
9897,-1.2696657628747445,-0.008298802814695066
9898,-1.2696657981867214,-0.008298802814695066
9899,-1.2696659827307308,-0.008298802814695066
9900,-1.2696660635745631,-0.008298802814695066
9901,-1.2696664112497202,-0.008298802814695066
9902,-1.2696664492406795,-0.008298802814695066
9903,-1.2696664714950805,-0.008298802814695066
9904,-1.2696665108882066,-0.008298802814695066
9905,-1.2696668856018878,-0.008298802814695066
9906,-1.269667006710094,-0.008298802814695066
9907,-1.2696670116974011,-0.008298802814695066
9908,-1.269667027864919,-0.008298802814695066
9909,-1.269667080453867,-0.008298802814695066
9910,-1.2696671836192515,-0.008298802814695066
9911,-1.2696671837573728,-0.008298802814695066
9912,-1.2696672492016816,-0.008298802814695066
9913,-1.269667795796378,-0.008298802814695066
9914,-1.2696680148804242,-0.008298802814695066
9915,-1.2696681518705262,-0.008298802814695066
9916,-1.269668504409405,-0.008298802814695066
9917,-1.2696685480779197,-0.008298802814695066
9918,-1.2696686915428081,-0.008298802814695066
9919,-1.26966873519353,-0.008298802814695066
9920,-1.2696688167153687,-0.008298802814695066
9921,-1.2696688240178482,-0.008298802814695066
9922,-1.2696688259681879,-0.008298802814695066
9923,-1.2696690338469756,-0.008298802814695066
9924,-1.2696692452703982,-0.008298802814695066
9925,-1.2696695450509172,-0.008298802814695066
9926,-1.2696695603956378,-0.008298802814695066
9927,-1.2696695810450664,-0.008298802814695066
9928,-1.2696696513146428,-0.008298802814695066
9929,-1.2696696864476396,-0.008298802814695066
9930,-1.2696697216372435,-0.008298802814695066
9931,-1.2696703789492458,-0.008298802814695066
9932,-1.2696705533334296,-0.008298802814695066
9933,-1.2696706842591432,-0.008298802814695066
9934,-1.269670696354647,-0.008298802814695066
9935,-1.2696707271187264,-0.008298802814695066
9936,-1.269670741738318,-0.008298802814695066
9937,-1.2696707722449756,-0.008298802814695066
9938,-1.2696708508344854,-0.008298802814695066
9939,-1.2696709576333085,-0.008298802814695066
9940,-1.2696710505385722,-0.008298802814695066
9941,-1.2696711795662443,-0.008298802814695066
9942,-1.2696713538678805,-0.008298802814695066
9943,-1.2696714660326471,-0.008298802814695066
9944,-1.2696716773678582,-0.008298802814695066
9945,-1.2696717340061632,-0.008298802814695066
9946,-1.2696718726602518,-0.008298802814695066
9947,-1.2696719124324867,-0.008298802814695066
9948,-1.2696721641432966,-0.008298802814695066
9949,-1.2696721770534496,-0.008298802814695066
9950,-1.269672196375069,-0.008298802814695066
9951,-1.2696722942651535,-0.008298802814695066
9952,-1.2696723519591566,-0.008298802814695066
9953,-1.2696724883868293,-0.008298802814695066
9954,-1.2696724940078612,-0.008298802814695066
9955,-1.2696727091859072,-0.008298802814695066
9956,-1.269672719977706,-0.008298802814695066
9957,-1.2696727209455734,-0.008298802814695066
9958,-1.2696728699930249,-0.008298802814695066
9959,-1.2696728762126528,-0.008298802814695066
9960,-1.2696732799467254,-0.008298802814695066
9961,-1.269673303203533,-0.008298802814695066
9962,-1.2696733495823693,-0.008298802814695066
9963,-1.2696733841468566,-0.008298802814695066
9964,-1.2696734222920876,-0.008298802814695066
9965,-1.2696735586178016,-0.008298802814695066
9966,-1.2696735626153608,-0.008298802814695066
9967,-1.2696738339038085,-0.008298802814695066
9968,-1.2696738551643654,-0.008298802814695066
9969,-1.2696739113898214,-0.008298802814695066
9970,-1.2696742131370926,-0.008298802814695066
9971,-1.2696742345871275,-0.008298802814695066
9972,-1.2696742379750745,-0.008298802814695066
9973,-1.2696742830523116,-0.008298802814695066
9974,-1.2696744201849643,-0.008298802814695066
9975,-1.2696744316106245,-0.008298802814695066
9976,-1.2696747801121644,-0.008298802814695066
9977,-1.2696748715346076,-0.008298802814695066
9978,-1.2696750154163245,-0.008298802814695066
9979,-1.2696750907173402,-0.008298802814695066
9980,-1.269675102327964,-0.008298802814695066
9981,-1.2696751205182506,-0.008298802814695066
9982,-1.2696751284084176,-0.008298802814695066
9983,-1.2696752163786758,-0.008298802814695066
9984,-1.2696753051667677,-0.008298802814695066
9985,-1.2696753379557473,-0.008298802814695066
9986,-1.2696753541505075,-0.008298802814695066
9987,-1.2696753590082062,-0.008298802814695066
9988,-1.2696753825194467,-0.008298802814695066
9989,-1.2696754048141363,-0.008298802814695066
9990,-1.2696755598892706,-0.008298802814695066
9991,-1.2696756578190243,-0.008298802814695066
9992,-1.2696757140855004,-0.008298802814695066
9993,-1.2696758084708337,-0.008298802814695066
9994,-1.26967584980151,-0.008298802814695066
9995,-1.2696758554804715,-0.008298802814695066
9996,-1.2696760994691274,-0.008298802814695066
9997,-1.2696762618478026,-0.008298802814695066
9998,-1.2696763037694314,-0.008298802814695066
9999,-1.2696763180678163,-0.008298802814695066
10000,-1.2696764830831497,-0.008298802814695066
10001,-1.2696765648841573,-0.008298802814695066
10002,-1.2696766241195971,-0.008298802814695066
10003,-1.269676733232148,-0.008298802814695066
10004,-1.269676942694971,-0.008298802814695066
10005,-1.2696769692233798,-0.008298802814695066
10006,-1.2696770391208885,-0.008298802814695066
10007,-1.2696771384232108,-0.008298802814695066
10008,-1.2696772485646306,-0.008298802814695066
10009,-1.2696772731063661,-0.008298802814695066
10010,-1.2696774094479522,-0.008298802814695066
10011,-1.269677454845799,-0.008298802814695066
10012,-1.2696775056447067,-0.008298802814695066
10013,-1.2696775436439287,-0.008298802814695066
10014,-1.2696776798484777,-0.008298802814695066
10015,-1.2696778358585568,-0.008298802814695066
10016,-1.2696778953087637,-0.008298802814695066
10017,-1.2696780673504509,-0.008298802814695066
10018,-1.2696780682720579,-0.008298802814695066
10019,-1.2696781289022014,-0.008298802814695066
10020,-1.269678188700936,-0.008298802814695066
10021,-1.2696781905888468,-0.008298802814695066
10022,-1.2696782393330799,-0.008298802814695066
10023,-1.2696783355392713,-0.008298802814695066
10024,-1.2696783656209236,-0.008298802814695066
10025,-1.2696784720793255,-0.008298802814695066
10026,-1.2696784982468217,-0.008298802814695066
10027,-1.2696786076027577,-0.008298802814695066
10028,-1.2696786947675585,-0.008298802814695066
10029,-1.2696788544082578,-0.008298802814695066
10030,-1.269679049658238,-0.008298802814695066
10031,-1.2696790564383962,-0.008298802814695066
10032,-1.269679167706877,-0.008298802814695066
10033,-1.2696791721103688,-0.008298802814695066
10034,-1.2696791947841746,-0.008298802814695066
10035,-1.2696792895824898,-0.008298802814695066
10036,-1.2696793719913364,-0.008298802814695066
10037,-1.2696795428338292,-0.008298802814695066
10038,-1.2696797911081315,-0.008298802814695066
10039,-1.2696798871742392,-0.008298802814695066
10040,-1.2696800175303706,-0.008298802814695066
10041,-1.269680128398253,-0.008298802814695066
10042,-1.2696801595297373,-0.008298802814695066
10043,-1.2696801598823844,-0.008298802814695066
10044,-1.2696801824098378,-0.008298802814695066
10045,-1.2696802033341312,-0.008298802814695066
10046,-1.2696802737832353,-0.008298802814695066
10047,-1.2696803073147287,-0.008298802814695066
10048,-1.2696803115364048,-0.008298802814695066
10049,-1.2696803391179183,-0.008298802814695066
10050,-1.269680368872233,-0.008298802814695066
10051,-1.26968052088133,-0.008298802814695066
10052,-1.2696808257220726,-0.008298802814695066
10053,-1.2696810245829964,-0.008298802814695066
10054,-1.2696811223502835,-0.008298802814695066
10055,-1.269681199345685,-0.008298802814695066
10056,-1.2696813010763772,-0.008298802814695066
10057,-1.2696814635276596,-0.008298802814695066
10058,-1.2696816421643276,-0.008298802814695066
10059,-1.2696817648218142,-0.008298802814695066
10060,-1.2696818457778232,-0.008298802814695066
10061,-1.2696818475348874,-0.008298802814695066
10062,-1.2696820210470676,-0.008298802814695066
10063,-1.2696820592483462,-0.008298802814695066
10064,-1.2696821958369289,-0.008298802814695066
10065,-1.2696822178216725,-0.008298802814695066
10066,-1.2696822341191036,-0.008298802814695066
10067,-1.2696828084610488,-0.008298802814695066
10068,-1.269682893369787,-0.008298802814695066
10069,-1.269683036189163,-0.008298802814695066
10070,-1.269683068914873,-0.008298802814695066
10071,-1.269683137156983,-0.008298802814695066
10072,-1.2696831671874353,-0.008298802814695066
10073,-1.2696832457241387,-0.008298802814695066
10074,-1.2696832584510263,-0.008298802814695066
10075,-1.2696832801588325,-0.008298802814695066
10076,-1.269683385645035,-0.008298802814695066
10077,-1.2696834650350923,-0.008298802814695066
10078,-1.269683542915054,-0.008298802814695066
10079,-1.269683565076345,-0.008298802814695066
10080,-1.2696835846064887,-0.008298802814695066
10081,-1.2696835856130309,-0.008298802814695066
10082,-1.2696836862692227,-0.008298802814695066
10083,-1.2696837723267413,-0.008298802814695066
10084,-1.269683823202265,-0.008298802814695066
10085,-1.2696838601571907,-0.008298802814695066
10086,-1.2696839422219017,-0.008298802814695066
10087,-1.269683998951615,-0.008298802814695066
10088,-1.269684052048554,-0.008298802814695066
10089,-1.2696840658951516,-0.008298802814695066
10090,-1.269684176650446,-0.008298802814695066
10091,-1.2696845562807642,-0.008298802814695066
10092,-1.2696846298218616,-0.008298802814695066
10093,-1.2696846318668422,-0.008298802814695066
10094,-1.2696848316977392,-0.008298802814695066
10095,-1.269684961370228,-0.008298802814695066
10096,-1.2696850347082027,-0.008298802814695066
10097,-1.2696850942803328,-0.008298802814695066
10098,-1.2696850963790278,-0.008298802814695066
10099,-1.2696851009536831,-0.008298802814695066
10100,-1.269685256421312,-0.008298802814695066
10101,-1.269685273985634,-0.008298802814695066
10102,-1.2696854069536707,-0.008298802814695066
10103,-1.269685416800672,-0.008298802814695066
10104,-1.2696856903091913,-0.008298802814695066
10105,-1.2696857892883893,-0.008298802814695066
10106,-1.269685990858848,-0.008298802814695066
10107,-1.269686024314542,-0.008298802814695066
10108,-1.2696860596224042,-0.008298802814695066
10109,-1.2696860679575215,-0.008298802814695066
10110,-1.2696861245221438,-0.008298802814695066
10111,-1.2696861551561462,-0.008298802814695066
10112,-1.2696861872717755,-0.008298802814695066
10113,-1.2696861893143836,-0.008298802814695066
10114,-1.2696862455370725,-0.008298802814695066
10115,-1.2696865961977197,-0.008298802814695066
10116,-1.2696866185891775,-0.008298802814695066
10117,-1.2696866314241575,-0.008298802814695066
10118,-1.269686637570811,-0.008298802814695066
10119,-1.2696866551626926,-0.008298802814695066
10120,-1.2696866576444803,-0.008298802814695066
10121,-1.2696868064486577,-0.008298802814695066
10122,-1.2696869770080925,-0.008298802814695066
10123,-1.2696870153362894,-0.008298802814695066
10124,-1.2696870354522745,-0.008298802814695066
10125,-1.2696870828321916,-0.008298802814695066
10126,-1.2696871399939267,-0.008298802814695066
10127,-1.2696871421109808,-0.008298802814695066
10128,-1.2696873210225004,-0.008298802814695066
10129,-1.2696873628743115,-0.008298802814695066
10130,-1.2696874460715062,-0.008298802814695066
10131,-1.269687604711813,-0.008298802814695066
10132,-1.269687609341676,-0.008298802814695066
10133,-1.2696876483848845,-0.008298802814695066
10134,-1.2696877068887036,-0.008298802814695066
10135,-1.269687806787901,-0.008298802814695066
10136,-1.2696879132451726,-0.008298802814695066
10137,-1.2696879168946607,-0.008298802814695066
10138,-1.2696880049446735,-0.008298802814695066
10139,-1.2696880645108202,-0.008298802814695066
10140,-1.2696881464229086,-0.008298802814695066
10141,-1.269688186401102,-0.008298802814695066
10142,-1.2696882132618044,-0.008298802814695066
10143,-1.269688334133518,-0.008298802814695066
10144,-1.269688406141471,-0.008298802814695066
10145,-1.269688418113367,-0.008298802814695066
10146,-1.2696884270964377,-0.008298802814695066
10147,-1.2696884354741782,-0.008298802814695066
10148,-1.2696888028512425,-0.008298802814695066
10149,-1.269688902948129,-0.008298802814695066
10150,-1.2696889870632435,-0.008298802814695066
10151,-1.269689010903227,-0.008298802814695066
10152,-1.2696890813873387,-0.008298802814695066
10153,-1.2696891063821714,-0.008298802814695066
10154,-1.2696891146530445,-0.008298802814695066
10155,-1.2696892219948854,-0.008298802814695066
10156,-1.26968937340041,-0.008298802814695066
10157,-1.2696894264027352,-0.008298802814695066
10158,-1.2696895683381983,-0.008298802814695066
10159,-1.2696896326780243,-0.008298802814695066
10160,-1.269689725452893,-0.008298802814695066
10161,-1.2696897752996326,-0.008298802814695066
10162,-1.26968980549837,-0.008298802814695066
10163,-1.269689843765251,-0.008298802814695066
10164,-1.2696900049023658,-0.008298802814695066
10165,-1.2696902781676347,-0.008298802814695066
10166,-1.2696902817240505,-0.008298802814695066
10167,-1.2696903600090566,-0.008298802814695066
10168,-1.2696904446418347,-0.008298802814695066
10169,-1.2696905014729258,-0.008298802814695066
10170,-1.269690521696392,-0.008298802814695066
10171,-1.2696906533437184,-0.008298802814695066
10172,-1.269690660525271,-0.008298802814695066
10173,-1.269690724395314,-0.008298802814695066
10174,-1.269690809425931,-0.008298802814695066
10175,-1.2696908981499793,-0.008298802814695066
10176,-1.2696909360258393,-0.008298802814695066
10177,-1.2696909572648192,-0.008298802814695066
10178,-1.2696909892109867,-0.008298802814695066
10179,-1.269691020368467,-0.008298802814695066
10180,-1.2696910606574356,-0.008298802814695066
10181,-1.2696911986930066,-0.008298802814695066
10182,-1.269691198728352,-0.008298802814695066
10183,-1.2696912026008131,-0.008298802814695066
10184,-1.2696912131833304,-0.008298802814695066
10185,-1.2696912825858153,-0.008298802814695066
10186,-1.2696913032151635,-0.008298802814695066
10187,-1.269691350531999,-0.008298802814695066
10188,-1.2696915353859772,-0.008298802814695066
10189,-1.2696916046803253,-0.008298802814695066
10190,-1.2696916062709784,-0.008298802814695066
10191,-1.2696916275979773,-0.008298802814695066
10192,-1.2696916932350253,-0.008298802814695066
10193,-1.269691728131996,-0.008298802814695066
10194,-1.2696917433806367,-0.008298802814695066
10195,-1.2696917542961075,-0.008298802814695066
10196,-1.2696918049041246,-0.008298802814695066
10197,-1.2696919529088566,-0.008298802814695066
10198,-1.2696919594631813,-0.008298802814695066
10199,-1.2696921582726546,-0.008298802814695066
10200,-1.2696921745850385,-0.008298802814695066
10201,-1.2696922946566098,-0.008298802814695066
10202,-1.26969229560519,-0.008298802814695066
10203,-1.269692332071338,-0.008298802814695066
10204,-1.2696924504664335,-0.008298802814695066
10205,-1.269692470409748,-0.008298802814695066
10206,-1.269692607351671,-0.008298802814695066
10207,-1.2696926305169403,-0.008298802814695066
10208,-1.2696927670101228,-0.008298802814695066
10209,-1.2696927920861358,-0.008298802814695066
10210,-1.269692864628893,-0.008298802814695066
10211,-1.2696929060311497,-0.008298802814695066
10212,-1.2696929217959694,-0.008298802814695066
10213,-1.2696930536585085,-0.008298802814695066
10214,-1.269693076833387,-0.008298802814695066
10215,-1.2696930896786416,-0.008298802814695066
10216,-1.2696931391563018,-0.008298802814695066
10217,-1.2696931452572158,-0.008298802814695066
10218,-1.2696932010210171,-0.008298802814695066
10219,-1.2696932826254348,-0.008298802814695066
10220,-1.2696933701101074,-0.008298802814695066
10221,-1.2696933775954742,-0.008298802814695066
10222,-1.2696934981981916,-0.008298802814695066
10223,-1.2696937220174038,-0.008298802814695066
10224,-1.2696937306305078,-0.008298802814695066
10225,-1.269693761299125,-0.008298802814695066
10226,-1.2696937619275106,-0.008298802814695066
10227,-1.2696938694121827,-0.008298802814695066
10228,-1.2696939815045916,-0.008298802814695066
10229,-1.269694020893621,-0.008298802814695066
10230,-1.2696940307898539,-0.008298802814695066
10231,-1.2696940600303575,-0.008298802814695066
10232,-1.269694067208599,-0.008298802814695066
10233,-1.2696941860854865,-0.008298802814695066
10234,-1.269694195738541,-0.008298802814695066
10235,-1.269694273457363,-0.008298802814695066
10236,-1.2696943245542691,-0.008298802814695066
10237,-1.269694369095528,-0.008298802814695066
10238,-1.2696944686532954,-0.008298802814695066
10239,-1.2696945732712874,-0.008298802814695066
10240,-1.2696946170643988,-0.008298802814695066
10241,-1.2696946281127082,-0.008298802814695066
10242,-1.2696946938986453,-0.008298802814695066
10243,-1.2696948981536726,-0.008298802814695066
10244,-1.2696950278065846,-0.008298802814695066
10245,-1.2696950817513297,-0.008298802814695066
10246,-1.2696951825829603,-0.008298802814695066
10247,-1.269695272534962,-0.008298802814695066
10248,-1.2696952827203654,-0.008298802814695066
10249,-1.2696953129266588,-0.008298802814695066
10250,-1.269695641370912,-0.008298802814695066
10251,-1.2696957164689964,-0.008298802814695066
10252,-1.2696957201839747,-0.008298802814695066
10253,-1.2696958323160543,-0.008298802814695066
10254,-1.2696958917495087,-0.008298802814695066
10255,-1.2696959818464373,-0.008298802814695066
10256,-1.2696960857271513,-0.008298802814695066
10257,-1.269696116346089,-0.008298802814695066
10258,-1.2696961979399486,-0.008298802814695066
10259,-1.2696962865820545,-0.008298802814695066
10260,-1.2696963171370763,-0.008298802814695066
10261,-1.2696963608370102,-0.008298802814695066
10262,-1.269696411961069,-0.008298802814695066
10263,-1.2696964716883121,-0.008298802814695066
10264,-1.26969648119112,-0.008298802814695066
10265,-1.2696966800546772,-0.008298802814695066
10266,-1.269696896878131,-0.008298802814695066
10267,-1.2696969533402884,-0.008298802814695066
10268,-1.2696969562990175,-0.008298802814695066
10269,-1.2696969889153673,-0.008298802814695066
10270,-1.2696970562040641,-0.008298802814695066
10271,-1.2696970571450137,-0.008298802814695066
10272,-1.269697079772865,-0.008298802814695066
10273,-1.269697086595835,-0.008298802814695066
10274,-1.2696971866701812,-0.008298802814695066
10275,-1.2696974394720608,-0.008298802814695066
10276,-1.2696975091034999,-0.008298802814695066
10277,-1.2696975122360077,-0.008298802814695066
10278,-1.2696975930464347,-0.008298802814695066
10279,-1.269697716472268,-0.008298802814695066
10280,-1.2696978519437456,-0.008298802814695066
10281,-1.2696978695885746,-0.008298802814695066
10282,-1.2696979166343954,-0.008298802814695066
10283,-1.2696979984444718,-0.008298802814695066
10284,-1.2696981149580107,-0.008298802814695066
10285,-1.269698140248219,-0.008298802814695066
10286,-1.269698185065777,-0.008298802814695066
10287,-1.269698190476026,-0.008298802814695066
10288,-1.2696982077904604,-0.008298802814695066
10289,-1.2696982497922145,-0.008298802814695066
10290,-1.2696982796322027,-0.008298802814695066
10291,-1.2696983970059663,-0.008298802814695066
10292,-1.2696983975164244,-0.008298802814695066
10293,-1.2696985055938594,-0.008298802814695066
10294,-1.2696985571452402,-0.008298802814695066
10295,-1.2696985708343083,-0.008298802814695066
10296,-1.269698590223737,-0.008298802814695066
10297,-1.2696986283097926,-0.008298802814695066
10298,-1.2696986494341798,-0.008298802814695066
10299,-1.2696987218998343,-0.008298802814695066
10300,-1.2696988008427899,-0.008298802814695066
10301,-1.2696988716422164,-0.008298802814695066
10302,-1.2696990411541496,-0.008298802814695066
10303,-1.2696993501000597,-0.008298802814695066
10304,-1.2696993708776882,-0.008298802814695066
10305,-1.2696993990344432,-0.008298802814695066
10306,-1.2696994228004908,-0.008298802814695066
10307,-1.26969962197514,-0.008298802814695066
10308,-1.2696997043098481,-0.008298802814695066
10309,-1.2696999103597963,-0.008298802814695066
10310,-1.2696999688876938,-0.008298802814695066
10311,-1.2696999985940294,-0.008298802814695066
10312,-1.2697002304568472,-0.008298802814695066
10313,-1.2697002409816023,-0.008298802814695066
10314,-1.2697002762447753,-0.008298802814695066
10315,-1.269700295072727,-0.008298802814695066
10316,-1.269700332856748,-0.008298802814695066
10317,-1.2697005132046677,-0.008298802814695066
10318,-1.2697005205739176,-0.008298802814695066
10319,-1.2697006133161874,-0.008298802814695066
10320,-1.2697006959502675,-0.008298802814695066
10321,-1.2697007436282823,-0.008298802814695066
10322,-1.2697007661619484,-0.008298802814695066
10323,-1.2697007973369099,-0.008298802814695066
10324,-1.2697008340836862,-0.008298802814695066
10325,-1.2697008769065543,-0.008298802814695066
10326,-1.2697011010847976,-0.008298802814695066
10327,-1.2697012319235241,-0.008298802814695066
10328,-1.269701251922672,-0.008298802814695066
10329,-1.269701255024249,-0.008298802814695066
10330,-1.2697012657770244,-0.008298802814695066
10331,-1.2697012901603508,-0.008298802814695066
10332,-1.2697013119873861,-0.008298802814695066
10333,-1.2697013375203943,-0.008298802814695066
10334,-1.2697013492824292,-0.008298802814695066
10335,-1.2697013642889803,-0.008298802814695066
10336,-1.2697013979701472,-0.008298802814695066
10337,-1.2697015374239207,-0.008298802814695066
10338,-1.2697015855405487,-0.008298802814695066
10339,-1.269701600426681,-0.008298802814695066
10340,-1.2697016016176472,-0.008298802814695066
10341,-1.2697016870755486,-0.008298802814695066
10342,-1.2697017433324274,-0.008298802814695066
10343,-1.2697018252599672,-0.008298802814695066
10344,-1.2697018491063787,-0.008298802814695066
10345,-1.2697018731303977,-0.008298802814695066
10346,-1.2697018767065225,-0.008298802814695066
10347,-1.2697019986496154,-0.008298802814695066
10348,-1.2697020308388645,-0.008298802814695066
10349,-1.2697020631597806,-0.008298802814695066
10350,-1.269702222434864,-0.008298802814695066
10351,-1.2697022427713436,-0.008298802814695066
10352,-1.2697022624290089,-0.008298802814695066
10353,-1.2697024022786783,-0.008298802814695066
10354,-1.2697024104030596,-0.008298802814695066
10355,-1.2697025037179173,-0.008298802814695066
10356,-1.269702609572548,-0.008298802814695066
10357,-1.2697026167398282,-0.008298802814695066
10358,-1.2697026462378265,-0.008298802814695066
10359,-1.2697027236816802,-0.008298802814695066
10360,-1.2697029083207048,-0.008298802814695066
10361,-1.269702912251544,-0.008298802814695066
10362,-1.2697029190319582,-0.008298802814695066
10363,-1.2697029943173315,-0.008298802814695066
10364,-1.269703008557952,-0.008298802814695066
10365,-1.2697030338628423,-0.008298802814695066
10366,-1.2697030492557841,-0.008298802814695066
10367,-1.2697031505939904,-0.008298802814695066
10368,-1.2697031508895689,-0.008298802814695066
10369,-1.269703229219764,-0.008298802814695066
10370,-1.2697032669987207,-0.008298802814695066
10371,-1.2697033231157748,-0.008298802814695066
10372,-1.2697033527998027,-0.008298802814695066
10373,-1.2697033793474295,-0.008298802814695066
10374,-1.2697033929630979,-0.008298802814695066
10375,-1.269703400283631,-0.008298802814695066
10376,-1.2697034139188648,-0.008298802814695066
10377,-1.2697034374535985,-0.008298802814695066
10378,-1.269703445707484,-0.008298802814695066
10379,-1.2697035178289067,-0.008298802814695066
10380,-1.2697035693298204,-0.008298802814695066
10381,-1.2697036555972137,-0.008298802814695066
10382,-1.2697037360966572,-0.008298802814695066
10383,-1.269703743896553,-0.008298802814695066
10384,-1.2697037806892635,-0.008298802814695066
10385,-1.2697037839248115,-0.008298802814695066
10386,-1.2697038666824012,-0.008298802814695066
10387,-1.2697040159469568,-0.008298802814695066
10388,-1.26970404841863,-0.008298802814695066
10389,-1.2697040875327525,-0.008298802814695066
10390,-1.2697041006184264,-0.008298802814695066
10391,-1.2697043393827685,-0.008298802814695066
10392,-1.2697043554615985,-0.008298802814695066
10393,-1.2697043937842836,-0.008298802814695066
10394,-1.269704439384381,-0.008298802814695066
10395,-1.2697046007973445,-0.008298802814695066
10396,-1.2697047733467155,-0.008298802814695066
10397,-1.2697048095235628,-0.008298802814695066
10398,-1.2697048525397352,-0.008298802814695066
10399,-1.2697048779985443,-0.008298802814695066
10400,-1.2697049091340957,-0.008298802814695066
10401,-1.2697049102837807,-0.008298802814695066
10402,-1.2697049486742964,-0.008298802814695066
10403,-1.269704967128896,-0.008298802814695066
10404,-1.2697050096647315,-0.008298802814695066
10405,-1.2697050177680018,-0.008298802814695066
10406,-1.2697050621197201,-0.008298802814695066
10407,-1.2697050715146758,-0.008298802814695066
10408,-1.2697050839709525,-0.008298802814695066
10409,-1.2697051468594398,-0.008298802814695066
10410,-1.2697052041579582,-0.008298802814695066
10411,-1.2697052274866063,-0.008298802814695066
10412,-1.269705312443022,-0.008298802814695066
10413,-1.2697053725706864,-0.008298802814695066
10414,-1.2697054176062217,-0.008298802814695066
10415,-1.26970543325529,-0.008298802814695066
10416,-1.2697054355183353,-0.008298802814695066
10417,-1.2697054651943773,-0.008298802814695066
10418,-1.2697055219287592,-0.008298802814695066
10419,-1.269705574577733,-0.008298802814695066
10420,-1.2697056156716515,-0.008298802814695066
10421,-1.2697056323477338,-0.008298802814695066
10422,-1.2697056653739842,-0.008298802814695066
10423,-1.2697058675669401,-0.008298802814695066
10424,-1.269705927876986,-0.008298802814695066
10425,-1.2697059616496893,-0.008298802814695066
10426,-1.269706006798128,-0.008298802814695066
10427,-1.269706016375713,-0.008298802814695066
10428,-1.269706017275602,-0.008298802814695066
10429,-1.2697061175122093,-0.008298802814695066
10430,-1.2697061255923705,-0.008298802814695066
10431,-1.269706163533246,-0.008298802814695066
10432,-1.2697062057263637,-0.008298802814695066
10433,-1.2697062193280795,-0.008298802814695066
10434,-1.269706298392409,-0.008298802814695066
10435,-1.2697063155873758,-0.008298802814695066
10436,-1.2697063490584246,-0.008298802814695066
10437,-1.2697063664309303,-0.008298802814695066
10438,-1.2697064039503183,-0.008298802814695066
10439,-1.269706551919083,-0.008298802814695066
10440,-1.2697065602095012,-0.008298802814695066
10441,-1.2697065629536644,-0.008298802814695066
10442,-1.269706563864193,-0.008298802814695066
10443,-1.2697065677617942,-0.008298802814695066
10444,-1.2697066913340433,-0.008298802814695066
10445,-1.269706747531994,-0.008298802814695066
10446,-1.2697067718956176,-0.008298802814695066
10447,-1.2697067984411476,-0.008298802814695066
10448,-1.269706807336846,-0.008298802814695066
10449,-1.2697068710417914,-0.008298802814695066
10450,-1.269706875450321,-0.008298802814695066
10451,-1.2697069171958681,-0.008298802814695066
10452,-1.269707107093845,-0.008298802814695066
10453,-1.269707117056619,-0.008298802814695066
10454,-1.2697071304482104,-0.008298802814695066
10455,-1.2697071488971274,-0.008298802814695066
10456,-1.2697072155917355,-0.008298802814695066
10457,-1.269707309040591,-0.008298802814695066
10458,-1.2697073194371802,-0.008298802814695066
10459,-1.2697073817114075,-0.008298802814695066
10460,-1.2697073987707168,-0.008298802814695066
10461,-1.2697074514317754,-0.008298802814695066
10462,-1.2697074788243898,-0.008298802814695066
10463,-1.2697074869773366,-0.008298802814695066
10464,-1.269707498309384,-0.008298802814695066
10465,-1.269707499316289,-0.008298802814695066
10466,-1.2697075238753828,-0.008298802814695066
10467,-1.2697075422620763,-0.008298802814695066
10468,-1.2697075725411826,-0.008298802814695066
10469,-1.2697075971321952,-0.008298802814695066
10470,-1.26970778364407,-0.008298802814695066
10471,-1.2697078153214592,-0.008298802814695066
10472,-1.2697078174422947,-0.008298802814695066
10473,-1.2697078836113949,-0.008298802814695066
10474,-1.2697078848488403,-0.008298802814695066
10475,-1.2697079485483056,-0.008298802814695066
10476,-1.2697080540341068,-0.008298802814695066
10477,-1.2697081186020374,-0.008298802814695066
10478,-1.269708168095292,-0.008298802814695066
10479,-1.2697082851072694,-0.008298802814695066
10480,-1.2697083009109777,-0.008298802814695066
10481,-1.2697083123664363,-0.008298802814695066
10482,-1.2697083303867274,-0.008298802814695066
10483,-1.2697083927654846,-0.008298802814695066
10484,-1.2697084044674982,-0.008298802814695066
10485,-1.2697084434466994,-0.008298802814695066
10486,-1.2697084436709887,-0.008298802814695066
10487,-1.269708529794856,-0.008298802814695066
10488,-1.2697085611173027,-0.008298802814695066
10489,-1.2697086548683705,-0.008298802814695066
10490,-1.269708742760755,-0.008298802814695066
10491,-1.2697087449308568,-0.008298802814695066
10492,-1.269708803347976,-0.008298802814695066
10493,-1.2697088043347016,-0.008298802814695066
10494,-1.2697088289216278,-0.008298802814695066
10495,-1.2697088492783881,-0.008298802814695066
10496,-1.2697088897602216,-0.008298802814695066
10497,-1.2697089080165713,-0.008298802814695066
10498,-1.2697089623487254,-0.008298802814695066
10499,-1.2697089829608448,-0.008298802814695066
10500,-1.269709069323048,-0.008298802814695066
10501,-1.2697091197631132,-0.008298802814695066
10502,-1.269709210246425,-0.008298802814695066
10503,-1.269709345314257,-0.008298802814695066
10504,-1.2697093521884004,-0.008298802814695066
10505,-1.2697094075605944,-0.008298802814695066
10506,-1.2697094162410525,-0.008298802814695066
10507,-1.2697094224662864,-0.008298802814695066
10508,-1.2697094339727881,-0.008298802814695066
10509,-1.26970943810081,-0.008298802814695066
10510,-1.2697094955744719,-0.008298802814695066
10511,-1.2697095020648403,-0.008298802814695066
10512,-1.2697095840363055,-0.008298802814695066
10513,-1.2697096475810294,-0.008298802814695066
10514,-1.269709680154858,-0.008298802814695066
10515,-1.2697097358446232,-0.008298802814695066
10516,-1.2697097439010516,-0.008298802814695066
10517,-1.2697097920248257,-0.008298802814695066
10518,-1.269709808578023,-0.008298802814695066
10519,-1.2697098810298115,-0.008298802814695066
10520,-1.269709906320989,-0.008298802814695066
10521,-1.2697099306000081,-0.008298802814695066
10522,-1.2697099475579114,-0.008298802814695066
10523,-1.2697099750885275,-0.008298802814695066
10524,-1.2697100272734243,-0.008298802814695066
10525,-1.2697100391639762,-0.008298802814695066
10526,-1.269710068819208,-0.008298802814695066
10527,-1.2697100913271306,-0.008298802814695066
10528,-1.2697101030482323,-0.008298802814695066
10529,-1.2697101534510953,-0.008298802814695066
10530,-1.2697101588949944,-0.008298802814695066
10531,-1.269710261874799,-0.008298802814695066
10532,-1.269710282246416,-0.008298802814695066
10533,-1.2697103117985697,-0.008298802814695066
10534,-1.2697103130059222,-0.008298802814695066
10535,-1.2697103455771013,-0.008298802814695066
10536,-1.2697103621126389,-0.008298802814695066
10537,-1.2697103661797597,-0.008298802814695066
10538,-1.2697103811591597,-0.008298802814695066
10539,-1.269710386087159,-0.008298802814695066
10540,-1.2697104097056906,-0.008298802814695066
10541,-1.2697104260147447,-0.008298802814695066
10542,-1.2697104405975927,-0.008298802814695066
10543,-1.269710454825908,-0.008298802814695066
10544,-1.2697105017648973,-0.008298802814695066
10545,-1.2697105307532985,-0.008298802814695066
10546,-1.2697105743380328,-0.008298802814695066
10547,-1.2697106702992542,-0.008298802814695066
10548,-1.2697107064511994,-0.008298802814695066
10549,-1.2697107239370393,-0.008298802814695066
10550,-1.269710778974663,-0.008298802814695066
10551,-1.269710845790037,-0.008298802814695066
10552,-1.2697108477373464,-0.008298802814695066
10553,-1.2697108636296939,-0.008298802814695066
10554,-1.2697108875798482,-0.008298802814695066
10555,-1.2697108924016616,-0.008298802814695066
10556,-1.2697109794908135,-0.008298802814695066
10557,-1.2697109912541658,-0.008298802814695066
10558,-1.269711023879823,-0.008298802814695066
10559,-1.2697110362314499,-0.008298802814695066
10560,-1.2697111521206756,-0.008298802814695066
10561,-1.2697112751557966,-0.008298802814695066
10562,-1.269711317296432,-0.008298802814695066
10563,-1.2697113190746545,-0.008298802814695066
10564,-1.2697113335450594,-0.008298802814695066
10565,-1.2697114056670662,-0.008298802814695066
10566,-1.2697115465034325,-0.008298802814695066
10567,-1.2697115496474987,-0.008298802814695066
10568,-1.2697115613425174,-0.008298802814695066
10569,-1.269711635220923,-0.008298802814695066
10570,-1.2697116611950188,-0.008298802814695066
10571,-1.2697116644508266,-0.008298802814695066
10572,-1.269711676115675,-0.008298802814695066
10573,-1.2697116798177612,-0.008298802814695066
10574,-1.2697117155544313,-0.008298802814695066
10575,-1.2697117179014472,-0.008298802814695066
10576,-1.2697117272801068,-0.008298802814695066
10577,-1.2697117335249413,-0.008298802814695066
10578,-1.2697117556263382,-0.008298802814695066
10579,-1.2697118093473172,-0.008298802814695066
10580,-1.2697118709910018,-0.008298802814695066
10581,-1.2697118920228188,-0.008298802814695066
10582,-1.2697119159343708,-0.008298802814695066
10583,-1.2697119288783987,-0.008298802814695066
10584,-1.2697119619033788,-0.008298802814695066
10585,-1.2697120041795997,-0.008298802814695066
10586,-1.2697120244286837,-0.008298802814695066
10587,-1.2697120598665732,-0.008298802814695066
10588,-1.26971206110745,-0.008298802814695066
10589,-1.2697121331418293,-0.008298802814695066
10590,-1.2697121398339752,-0.008298802814695066
10591,-1.269712141176105,-0.008298802814695066
10592,-1.2697121679581782,-0.008298802814695066
10593,-1.269712274016657,-0.008298802814695066
10594,-1.2697124256007695,-0.008298802814695066
10595,-1.2697124642011774,-0.008298802814695066
10596,-1.2697124923080185,-0.008298802814695066
10597,-1.2697125098936124,-0.008298802814695066
10598,-1.2697125126941582,-0.008298802814695066
10599,-1.269712526917177,-0.008298802814695066
10600,-1.2697125415101884,-0.008298802814695066
10601,-1.269712564324774,-0.008298802814695066
10602,-1.2697125953467214,-0.008298802814695066
10603,-1.2697126133224526,-0.008298802814695066
10604,-1.269712706117417,-0.008298802814695066
10605,-1.2697127441220983,-0.008298802814695066
10606,-1.2697128090304253,-0.008298802814695066
10607,-1.2697128714051995,-0.008298802814695066
10608,-1.269712897246384,-0.008298802814695066
10609,-1.2697128990741653,-0.008298802814695066
10610,-1.269712920410222,-0.008298802814695066
10611,-1.269712967095991,-0.008298802814695066
10612,-1.2697129853792513,-0.008298802814695066
10613,-1.2697130202145972,-0.008298802814695066
10614,-1.2697130373509973,-0.008298802814695066
10615,-1.2697131112548588,-0.008298802814695066
10616,-1.26971315747503,-0.008298802814695066
10617,-1.2697131752935797,-0.008298802814695066
10618,-1.269713205593963,-0.008298802814695066
10619,-1.2697132061098944,-0.008298802814695066
10620,-1.2697132493209162,-0.008298802814695066
10621,-1.269713332201413,-0.008298802814695066
10622,-1.2697134368210174,-0.008298802814695066
10623,-1.2697134903794551,-0.008298802814695066
10624,-1.2697135013118992,-0.008298802814695066
10625,-1.2697135018807089,-0.008298802814695066
10626,-1.2697135393385808,-0.008298802814695066
10627,-1.2697135444454233,-0.008298802814695066
10628,-1.2697135692178072,-0.008298802814695066
10629,-1.2697136078543858,-0.008298802814695066
10630,-1.2697136664590927,-0.008298802814695066
10631,-1.269713677330105,-0.008298802814695066
10632,-1.269713738590866,-0.008298802814695066
10633,-1.269713760473133,-0.008298802814695066
10634,-1.2697137666175573,-0.008298802814695066
10635,-1.2697137840922026,-0.008298802814695066
10636,-1.2697138000217132,-0.008298802814695066
10637,-1.269713891765987,-0.008298802814695066
10638,-1.2697139354696816,-0.008298802814695066
10639,-1.2697139451325925,-0.008298802814695066
10640,-1.2697139670985504,-0.008298802814695066
10641,-1.2697142104916637,-0.008298802814695066
10642,-1.2697142294275188,-0.008298802814695066
10643,-1.2697142651019093,-0.008298802814695066
10644,-1.2697143189002043,-0.008298802814695066
10645,-1.26971434812857,-0.008298802814695066
10646,-1.2697143605097538,-0.008298802814695066
10647,-1.2697143670446467,-0.008298802814695066
10648,-1.2697143938218263,-0.008298802814695066
10649,-1.2697144330837618,-0.008298802814695066
10650,-1.2697144390299013,-0.008298802814695066
10651,-1.269714442166272,-0.008298802814695066
10652,-1.2697145205877387,-0.008298802814695066
10653,-1.2697145864886115,-0.008298802814695066
10654,-1.269714597800319,-0.008298802814695066
10655,-1.2697147112940865,-0.008298802814695066
10656,-1.2697147244487514,-0.008298802814695066
10657,-1.26971475079679,-0.008298802814695066
10658,-1.26971476293525,-0.008298802814695066
10659,-1.2697148132928833,-0.008298802814695066
10660,-1.2697148942134056,-0.008298802814695066
10661,-1.2697149461974253,-0.008298802814695066
10662,-1.2697149597136939,-0.008298802814695066
10663,-1.2697149876789755,-0.008298802814695066
10664,-1.2697149980378777,-0.008298802814695066
10665,-1.2697150134400408,-0.008298802814695066
10666,-1.2697150434935096,-0.008298802814695066
10667,-1.2697150624111702,-0.008298802814695066
10668,-1.2697150709666118,-0.008298802814695066
10669,-1.2697151220294796,-0.008298802814695066
10670,-1.2697152541539891,-0.008298802814695066
10671,-1.2697153012249,-0.008298802814695066
10672,-1.2697154751999777,-0.008298802814695066
10673,-1.2697154953293197,-0.008298802814695066
10674,-1.269715518938498,-0.008298802814695066
10675,-1.2697155325984884,-0.008298802814695066
10676,-1.2697155549181334,-0.008298802814695066
10677,-1.2697155982453396,-0.008298802814695066
10678,-1.2697156173031554,-0.008298802814695066
10679,-1.2697157004507595,-0.008298802814695066
10680,-1.2697157233014749,-0.008298802814695066
10681,-1.269715739903748,-0.008298802814695066
10682,-1.2697157838450248,-0.008298802814695066
10683,-1.269715862683337,-0.008298802814695066
10684,-1.2697158664435375,-0.008298802814695066
10685,-1.2697159685998183,-0.008298802814695066
10686,-1.2697159784239027,-0.008298802814695066
10687,-1.2697159946224412,-0.008298802814695066
10688,-1.2697161194794333,-0.008298802814695066
10689,-1.2697161306691735,-0.008298802814695066
10690,-1.2697161655400648,-0.008298802814695066
10691,-1.269716211667458,-0.008298802814695066
10692,-1.269716230450928,-0.008298802814695066
10693,-1.269716244486351,-0.008298802814695066
10694,-1.269716272948005,-0.008298802814695066
10695,-1.269716278802389,-0.008298802814695066
10696,-1.2697162814808325,-0.008298802814695066
10697,-1.2697163226305421,-0.008298802814695066
10698,-1.269716396851415,-0.008298802814695066
10699,-1.2697164069820757,-0.008298802814695066
10700,-1.2697164540060002,-0.008298802814695066
10701,-1.2697165147373437,-0.008298802814695066
10702,-1.2697165190150153,-0.008298802814695066
10703,-1.269716537025313,-0.008298802814695066
10704,-1.2697165580588496,-0.008298802814695066
10705,-1.2697165723173605,-0.008298802814695066
10706,-1.2697165892257976,-0.008298802814695066
10707,-1.2697166339233905,-0.008298802814695066
10708,-1.269716640275881,-0.008298802814695066
10709,-1.2697166565450109,-0.008298802814695066
10710,-1.26971667898896,-0.008298802814695066
10711,-1.2697166796424173,-0.008298802814695066
10712,-1.2697167234305802,-0.008298802814695066
10713,-1.2697168578620825,-0.008298802814695066
10714,-1.2697168896218771,-0.008298802814695066
10715,-1.269716900239099,-0.008298802814695066
10716,-1.2697169424508563,-0.008298802814695066
10717,-1.2697169539378157,-0.008298802814695066
10718,-1.2697169628833127,-0.008298802814695066
10719,-1.2697170199298298,-0.008298802814695066
10720,-1.269717042256254,-0.008298802814695066
10721,-1.269717098630601,-0.008298802814695066
10722,-1.2697171119052457,-0.008298802814695066
10723,-1.2697171164636618,-0.008298802814695066
10724,-1.2697171270844674,-0.008298802814695066
10725,-1.2697171338834714,-0.008298802814695066
10726,-1.269717168752015,-0.008298802814695066
10727,-1.2697172034498705,-0.008298802814695066
10728,-1.2697172166036004,-0.008298802814695066
10729,-1.2697172727593944,-0.008298802814695066
10730,-1.2697173088471492,-0.008298802814695066
10731,-1.269717327844371,-0.008298802814695066
10732,-1.2697173431542526,-0.008298802814695066
10733,-1.2697173728688673,-0.008298802814695066
10734,-1.269717380588451,-0.008298802814695066
10735,-1.269717392170415,-0.008298802814695066
10736,-1.2697174028201665,-0.008298802814695066
10737,-1.2697174594314555,-0.008298802814695066
10738,-1.2697175006085417,-0.008298802814695066
10739,-1.2697175379344467,-0.008298802814695066
10740,-1.269717581659222,-0.008298802814695066
10741,-1.2697176156025332,-0.008298802814695066
10742,-1.2697176223617035,-0.008298802814695066
10743,-1.2697178599591592,-0.008298802814695066
10744,-1.2697178624169791,-0.008298802814695066
10745,-1.269717917774865,-0.008298802814695066
10746,-1.269717920240755,-0.008298802814695066
10747,-1.269717920633543,-0.008298802814695066
10748,-1.2697180046583205,-0.008298802814695066
10749,-1.2697180793007785,-0.008298802814695066
10750,-1.2697181192411797,-0.008298802814695066
10751,-1.2697181365971932,-0.008298802814695066
10752,-1.2697181490140965,-0.008298802814695066
10753,-1.2697181623103466,-0.008298802814695066
10754,-1.269718178334052,-0.008298802814695066
10755,-1.2697181933822241,-0.008298802814695066
10756,-1.269718239537013,-0.008298802814695066
10757,-1.2697182870907076,-0.008298802814695066
10758,-1.2697183144864665,-0.008298802814695066
10759,-1.2697183168794475,-0.008298802814695066
10760,-1.2697183390564089,-0.008298802814695066
10761,-1.2697183635455744,-0.008298802814695066
10762,-1.269718416777817,-0.008298802814695066
10763,-1.2697184783131146,-0.008298802814695066
10764,-1.2697184904892058,-0.008298802814695066
10765,-1.2697185037596352,-0.008298802814695066
10766,-1.269718525478979,-0.008298802814695066
10767,-1.2697185549082646,-0.008298802814695066
10768,-1.2697186809945227,-0.008298802814695066
10769,-1.26971870246828,-0.008298802814695066
10770,-1.2697187183939576,-0.008298802814695066
10771,-1.2697187814803386,-0.008298802814695066
10772,-1.2697187950685114,-0.008298802814695066
10773,-1.2697188075503445,-0.008298802814695066
10774,-1.2697188237572978,-0.008298802814695066
10775,-1.2697188520733362,-0.008298802814695066
10776,-1.2697188724336268,-0.008298802814695066
10777,-1.2697188916851259,-0.008298802814695066
10778,-1.2697188987431953,-0.008298802814695066
10779,-1.2697189020541015,-0.008298802814695066
10780,-1.269718925059957,-0.008298802814695066
10781,-1.2697189587916298,-0.008298802814695066
10782,-1.269719009868301,-0.008298802814695066
10783,-1.2697190110084922,-0.008298802814695066
10784,-1.2697190307423265,-0.008298802814695066
10785,-1.2697191426934271,-0.008298802814695066
10786,-1.2697191617242556,-0.008298802814695066
10787,-1.2697191868842193,-0.008298802814695066
10788,-1.269719190762367,-0.008298802814695066
10789,-1.2697192222802776,-0.008298802814695066
10790,-1.2697192388742655,-0.008298802814695066
10791,-1.2697192398759498,-0.008298802814695066
10792,-1.2697193335191268,-0.008298802814695066
10793,-1.2697193384984053,-0.008298802814695066
10794,-1.2697193878847728,-0.008298802814695066
10795,-1.2697194897770319,-0.008298802814695066
10796,-1.2697195393549277,-0.008298802814695066
10797,-1.269719592114038,-0.008298802814695066
10798,-1.2697196879828014,-0.008298802814695066
10799,-1.2697197048152575,-0.008298802814695066
10800,-1.269719754933503,-0.008298802814695066
10801,-1.2697197666735227,-0.008298802814695066
10802,-1.2697197924128547,-0.008298802814695066
10803,-1.2697198192605041,-0.008298802814695066
10804,-1.2697198744142686,-0.008298802814695066
10805,-1.2697198810244619,-0.008298802814695066
10806,-1.2697199148001614,-0.008298802814695066
10807,-1.2697199275173074,-0.008298802814695066
10808,-1.2697199552916507,-0.008298802814695066
10809,-1.2697200065253562,-0.008298802814695066
10810,-1.2697200195502343,-0.008298802814695066
10811,-1.2697201410102188,-0.008298802814695066
10812,-1.2697202153690177,-0.008298802814695066
10813,-1.2697202289799687,-0.008298802814695066
10814,-1.2697202781038728,-0.008298802814695066
10815,-1.2697202963041683,-0.008298802814695066
10816,-1.2697203648428559,-0.008298802814695066
10817,-1.2697203672919888,-0.008298802814695066
10818,-1.2697203883071184,-0.008298802814695066
10819,-1.269720496461182,-0.008298802814695066
10820,-1.2697205008550752,-0.008298802814695066
10821,-1.2697205473933297,-0.008298802814695066
10822,-1.2697205518501595,-0.008298802814695066
10823,-1.269720557244082,-0.008298802814695066
10824,-1.2697206231545841,-0.008298802814695066
10825,-1.269720653983002,-0.008298802814695066
10826,-1.269720709777711,-0.008298802814695066
10827,-1.2697207377492037,-0.008298802814695066
10828,-1.2697207424449504,-0.008298802814695066
10829,-1.2697207527645176,-0.008298802814695066
10830,-1.2697208765596422,-0.008298802814695066
10831,-1.2697208839370446,-0.008298802814695066
10832,-1.269720898763114,-0.008298802814695066
10833,-1.2697209367401898,-0.008298802814695066
10834,-1.269721011234364,-0.008298802814695066
10835,-1.269721026575664,-0.008298802814695066
10836,-1.2697210387382323,-0.008298802814695066
10837,-1.2697210637864944,-0.008298802814695066
10838,-1.269721103779537,-0.008298802814695066
10839,-1.2697211222172728,-0.008298802814695066
10840,-1.269721174252101,-0.008298802814695066
10841,-1.269721217528013,-0.008298802814695066
10842,-1.2697212342862778,-0.008298802814695066
10843,-1.2697212682277477,-0.008298802814695066
10844,-1.2697212919142593,-0.008298802814695066
10845,-1.2697213949708945,-0.008298802814695066
10846,-1.26972141222494,-0.008298802814695066
10847,-1.2697214201843698,-0.008298802814695066
10848,-1.2697214345757037,-0.008298802814695066
10849,-1.2697214551665448,-0.008298802814695066
10850,-1.2697214926669382,-0.008298802814695066
10851,-1.2697214981356835,-0.008298802814695066
10852,-1.269721504286235,-0.008298802814695066
10853,-1.2697215183965025,-0.008298802814695066
10854,-1.2697215271991473,-0.008298802814695066
10855,-1.269721561383486,-0.008298802814695066
10856,-1.2697215757863793,-0.008298802814695066
10857,-1.2697215892977032,-0.008298802814695066
10858,-1.2697216164778853,-0.008298802814695066
10859,-1.2697216230427761,-0.008298802814695066
10860,-1.2697216395533135,-0.008298802814695066
10861,-1.2697216486349634,-0.008298802814695066
10862,-1.2697216685525452,-0.008298802814695066
10863,-1.2697217226765602,-0.008298802814695066
10864,-1.269721738132985,-0.008298802814695066
10865,-1.2697217396638587,-0.008298802814695066
10866,-1.2697217723413712,-0.008298802814695066
10867,-1.2697218137527515,-0.008298802814695066
10868,-1.2697218264777543,-0.008298802814695066
10869,-1.2697218633248695,-0.008298802814695066
10870,-1.2697219238102528,-0.008298802814695066
10871,-1.26972192698088,-0.008298802814695066
10872,-1.269722022999031,-0.008298802814695066
10873,-1.2697220249611703,-0.008298802814695066
10874,-1.2697220445866066,-0.008298802814695066
10875,-1.2697220691251863,-0.008298802814695066
10876,-1.2697220735460029,-0.008298802814695066
10877,-1.269722104801039,-0.008298802814695066
10878,-1.2697221434574093,-0.008298802814695066
10879,-1.269722164119802,-0.008298802814695066
10880,-1.2697221658792017,-0.008298802814695066
10881,-1.269722193721057,-0.008298802814695066
10882,-1.2697221972743509,-0.008298802814695066
10883,-1.2697222286807834,-0.008298802814695066
10884,-1.2697222498469685,-0.008298802814695066
10885,-1.2697222600489533,-0.008298802814695066
10886,-1.2697222873267937,-0.008298802814695066
10887,-1.269722442691174,-0.008298802814695066
10888,-1.2697224739839088,-0.008298802814695066
10889,-1.2697224892325194,-0.008298802814695066
10890,-1.269722559670415,-0.008298802814695066
10891,-1.2697225922823212,-0.008298802814695066
10892,-1.2697225970905237,-0.008298802814695066
10893,-1.269722629987803,-0.008298802814695066
10894,-1.2697226302270481,-0.008298802814695066
10895,-1.2697226668077228,-0.008298802814695066
10896,-1.2697227164185032,-0.008298802814695066
10897,-1.2697227780125708,-0.008298802814695066
10898,-1.2697228299725734,-0.008298802814695066
10899,-1.2697228310969861,-0.008298802814695066
10900,-1.2697228373449208,-0.008298802814695066
10901,-1.2697228479875402,-0.008298802814695066
10902,-1.269722865418605,-0.008298802814695066
10903,-1.2697228915912717,-0.008298802814695066
10904,-1.2697229137055945,-0.008298802814695066
10905,-1.269722923768977,-0.008298802814695066
10906,-1.2697229313922256,-0.008298802814695066
10907,-1.2697229412411077,-0.008298802814695066
10908,-1.269722954425684,-0.008298802814695066
10909,-1.269722999950266,-0.008298802814695066
10910,-1.26972304496764,-0.008298802814695066
10911,-1.269723055668205,-0.008298802814695066
10912,-1.2697230739974192,-0.008298802814695066
10913,-1.2697231941971028,-0.008298802814695066
10914,-1.2697232182410891,-0.008298802814695066
10915,-1.2697232364951205,-0.008298802814695066
10916,-1.269723277160126,-0.008298802814695066
10917,-1.2697232841584403,-0.008298802814695066
10918,-1.2697232921061157,-0.008298802814695066
10919,-1.2697233174441962,-0.008298802814695066
10920,-1.269723325561417,-0.008298802814695066
10921,-1.269723329208565,-0.008298802814695066
10922,-1.2697233673038375,-0.008298802814695066
10923,-1.2697233915355846,-0.008298802814695066
10924,-1.2697234058824538,-0.008298802814695066
10925,-1.2697234160515276,-0.008298802814695066
10926,-1.269723470908488,-0.008298802814695066
10927,-1.269723471052947,-0.008298802814695066
10928,-1.2697235284085508,-0.008298802814695066
10929,-1.2697235659051282,-0.008298802814695066
10930,-1.2697235965251474,-0.008298802814695066
10931,-1.269723596987521,-0.008298802814695066
10932,-1.2697236214846495,-0.008298802814695066
10933,-1.2697236557883596,-0.008298802814695066
10934,-1.2697236984168767,-0.008298802814695066
10935,-1.2697237501655319,-0.008298802814695066
10936,-1.2697238131743318,-0.008298802814695066
10937,-1.2697238182698154,-0.008298802814695066
10938,-1.269723850202189,-0.008298802814695066
10939,-1.269723875866392,-0.008298802814695066
10940,-1.269723923929594,-0.008298802814695066
10941,-1.2697239361949264,-0.008298802814695066
10942,-1.2697239447192117,-0.008298802814695066
10943,-1.269723965113148,-0.008298802814695066
10944,-1.2697240267432885,-0.008298802814695066
10945,-1.2697240584766032,-0.008298802814695066
10946,-1.2697240629874142,-0.008298802814695066
10947,-1.2697240704848194,-0.008298802814695066
10948,-1.2697241373810264,-0.008298802814695066
10949,-1.2697241462267381,-0.008298802814695066
10950,-1.2697241634087113,-0.008298802814695066
10951,-1.2697241646087478,-0.008298802814695066
10952,-1.2697241703127322,-0.008298802814695066
10953,-1.2697243373723857,-0.008298802814695066
10954,-1.2697243700067413,-0.008298802814695066
10955,-1.2697243805686964,-0.008298802814695066
10956,-1.2697244635361804,-0.008298802814695066
10957,-1.2697244838675983,-0.008298802814695066
10958,-1.2697245106047115,-0.008298802814695066
10959,-1.2697246107407674,-0.008298802814695066
10960,-1.2697246440072094,-0.008298802814695066
10961,-1.2697247107410292,-0.008298802814695066
10962,-1.2697247298209329,-0.008298802814695066
10963,-1.2697248022824694,-0.008298802814695066
10964,-1.2697248312878135,-0.008298802814695066
10965,-1.2697248508600179,-0.008298802814695066
10966,-1.2697248706980189,-0.008298802814695066
10967,-1.2697248713444955,-0.008298802814695066
10968,-1.26972487493193,-0.008298802814695066
10969,-1.2697249271495001,-0.008298802814695066
10970,-1.2697249735131915,-0.008298802814695066
10971,-1.2697249757245554,-0.008298802814695066
10972,-1.2697249791681153,-0.008298802814695066
10973,-1.2697250167666447,-0.008298802814695066
10974,-1.2697250445590718,-0.008298802814695066
10975,-1.2697250548295018,-0.008298802814695066
10976,-1.2697250591873654,-0.008298802814695066
10977,-1.2697251316560958,-0.008298802814695066
10978,-1.269725188557468,-0.008298802814695066
10979,-1.2697251889059935,-0.008298802814695066
10980,-1.269725224272605,-0.008298802814695066
10981,-1.2697252313185114,-0.008298802814695066
10982,-1.2697252325266337,-0.008298802814695066
10983,-1.2697252527780554,-0.008298802814695066
10984,-1.2697252747748526,-0.008298802814695066
10985,-1.2697252955220226,-0.008298802814695066
10986,-1.2697253155899655,-0.008298802814695066
10987,-1.269725323603617,-0.008298802814695066
10988,-1.269725343158128,-0.008298802814695066
10989,-1.2697253712889343,-0.008298802814695066
10990,-1.269725372746024,-0.008298802814695066
10991,-1.2697253925557022,-0.008298802814695066
10992,-1.2697254071337423,-0.008298802814695066
10993,-1.2697254462611558,-0.008298802814695066
10994,-1.2697254558386406,-0.008298802814695066
10995,-1.2697254709781551,-0.008298802814695066
10996,-1.269725532831368,-0.008298802814695066
10997,-1.2697255412913204,-0.008298802814695066
10998,-1.2697255435795736,-0.008298802814695066
10999,-1.269725575615149,-0.008298802814695066
11000,-1.2697256124946268,-0.008298802814695066
11001,-1.2697256148380578,-0.008298802814695066
11002,-1.2697256340989411,-0.008298802814695066
11003,-1.269725669618207,-0.008298802814695066
11004,-1.2697256830921475,-0.008298802814695066
11005,-1.269725714948235,-0.008298802814695066
11006,-1.2697257427943676,-0.008298802814695066
11007,-1.2697257745372315,-0.008298802814695066
11008,-1.2697257881074135,-0.008298802814695066
11009,-1.269725801645651,-0.008298802814695066
11010,-1.269725842709134,-0.008298802814695066
11011,-1.2697258600081245,-0.008298802814695066
11012,-1.2697258629562618,-0.008298802814695066
11013,-1.2697258671183635,-0.008298802814695066
11014,-1.2697258875726742,-0.008298802814695066
11015,-1.2697259074101113,-0.008298802814695066
11016,-1.2697259093017244,-0.008298802814695066
11017,-1.2697259095184013,-0.008298802814695066
11018,-1.2697259289836955,-0.008298802814695066
11019,-1.269726115788736,-0.008298802814695066
11020,-1.2697261387526622,-0.008298802814695066
11021,-1.2697261559004143,-0.008298802814695066
11022,-1.2697261688317174,-0.008298802814695066
11023,-1.2697261997954026,-0.008298802814695066
11024,-1.2697262189675478,-0.008298802814695066
11025,-1.2697262195255608,-0.008298802814695066
11026,-1.2697262357459334,-0.008298802814695066
11027,-1.2697262373760083,-0.008298802814695066
11028,-1.2697263312463967,-0.008298802814695066
11029,-1.2697263611216634,-0.008298802814695066
11030,-1.2697263769519467,-0.008298802814695066
11031,-1.2697263813273116,-0.008298802814695066
11032,-1.269726477111357,-0.008298802814695066
11033,-1.2697264774361856,-0.008298802814695066
11034,-1.2697265027638305,-0.008298802814695066
11035,-1.2697265410711516,-0.008298802814695066
11036,-1.2697265490687326,-0.008298802814695066
11037,-1.2697265713337074,-0.008298802814695066
11038,-1.269726579431501,-0.008298802814695066
11039,-1.2697265847949468,-0.008298802814695066
11040,-1.2697266095832338,-0.008298802814695066
11041,-1.2697266181828548,-0.008298802814695066
11042,-1.2697266186888863,-0.008298802814695066
11043,-1.2697266328320786,-0.008298802814695066
11044,-1.2697266762520971,-0.008298802814695066
11045,-1.269726692364109,-0.008298802814695066
11046,-1.2697267088618822,-0.008298802814695066
11047,-1.269726724618484,-0.008298802814695066
11048,-1.2697267396105123,-0.008298802814695066
11049,-1.2697267470921534,-0.008298802814695066
11050,-1.2697267607617917,-0.008298802814695066
11051,-1.2697267900038434,-0.008298802814695066
11052,-1.2697268042241634,-0.008298802814695066
11053,-1.2697268543878506,-0.008298802814695066
11054,-1.2697268592799213,-0.008298802814695066
11055,-1.2697268711862704,-0.008298802814695066
11056,-1.2697268810686047,-0.008298802814695066
11057,-1.2697268919795321,-0.008298802814695066
11058,-1.26972689415814,-0.008298802814695066
11059,-1.26972692573539,-0.008298802814695066
11060,-1.2697269405445766,-0.008298802814695066
11061,-1.2697269584797892,-0.008298802814695066
11062,-1.269726959098073,-0.008298802814695066
11063,-1.2697269650585121,-0.008298802814695066
11064,-1.2697270047654585,-0.008298802814695066
11065,-1.2697270109663288,-0.008298802814695066
11066,-1.26972703797811,-0.008298802814695066
11067,-1.2697270641745892,-0.008298802814695066
11068,-1.2697271132288086,-0.008298802814695066
11069,-1.269727116737714,-0.008298802814695066
11070,-1.2697271465971163,-0.008298802814695066
11071,-1.2697271585919883,-0.008298802814695066
11072,-1.2697271644092927,-0.008298802814695066
11073,-1.2697271861645198,-0.008298802814695066
11074,-1.2697272238541943,-0.008298802814695066
11075,-1.2697272257135737,-0.008298802814695066
11076,-1.269727236483046,-0.008298802814695066
11077,-1.2697272574083842,-0.008298802814695066
11078,-1.269727279866316,-0.008298802814695066
11079,-1.2697273272657605,-0.008298802814695066
11080,-1.2697273459794258,-0.008298802814695066
11081,-1.2697273593775404,-0.008298802814695066
11082,-1.2697273637446362,-0.008298802814695066
11083,-1.2697273798631616,-0.008298802814695066
11084,-1.2697273971724237,-0.008298802814695066
11085,-1.2697274073552502,-0.008298802814695066
11086,-1.2697274745541702,-0.008298802814695066
11087,-1.2697274957970164,-0.008298802814695066
11088,-1.2697275023998906,-0.008298802814695066
11089,-1.2697275079699044,-0.008298802814695066
11090,-1.269727519736423,-0.008298802814695066
11091,-1.2697275357264035,-0.008298802814695066
11092,-1.2697275778589563,-0.008298802814695066
11093,-1.2697275938770527,-0.008298802814695066
11094,-1.2697276027753417,-0.008298802814695066
11095,-1.269727625985089,-0.008298802814695066
11096,-1.269727629433264,-0.008298802814695066
11097,-1.269727635619363,-0.008298802814695066
11098,-1.2697276362629897,-0.008298802814695066
11099,-1.2697276728711455,-0.008298802814695066
11100,-1.2697276960045536,-0.008298802814695066
11101,-1.26972771986531,-0.008298802814695066
11102,-1.2697277342700584,-0.008298802814695066
11103,-1.2697277407305276,-0.008298802814695066
11104,-1.2697277734428338,-0.008298802814695066
11105,-1.2697277899828083,-0.008298802814695066
11106,-1.2697278417724807,-0.008298802814695066
11107,-1.2697278509442846,-0.008298802814695066
11108,-1.2697278664889664,-0.008298802814695066
11109,-1.2697278719842853,-0.008298802814695066
11110,-1.2697278807719918,-0.008298802814695066
11111,-1.2697279140585895,-0.008298802814695066
11112,-1.2697279219061914,-0.008298802814695066
11113,-1.2697279537448165,-0.008298802814695066
11114,-1.2697279539691504,-0.008298802814695066
11115,-1.2697279819938951,-0.008298802814695066
11116,-1.2697279992460262,-0.008298802814695066
11117,-1.269728008144087,-0.008298802814695066
11118,-1.2697280253648546,-0.008298802814695066
11119,-1.269728055417373,-0.008298802814695066
11120,-1.2697280693851885,-0.008298802814695066
11121,-1.2697280943722067,-0.008298802814695066
11122,-1.2697281112350423,-0.008298802814695066
11123,-1.2697281550423696,-0.008298802814695066
11124,-1.269728214073766,-0.008298802814695066
11125,-1.2697282397324072,-0.008298802814695066
11126,-1.269728245296612,-0.008298802814695066
11127,-1.269728256412483,-0.008298802814695066
11128,-1.2697282575033966,-0.008298802814695066
11129,-1.2697282708524333,-0.008298802814695066
11130,-1.2697282790255022,-0.008298802814695066
11131,-1.269728290763489,-0.008298802814695066
11132,-1.2697283176380194,-0.008298802814695066
11133,-1.2697283346971107,-0.008298802814695066
11134,-1.2697283690745929,-0.008298802814695066
11135,-1.269728393021923,-0.008298802814695066
11136,-1.2697283982844147,-0.008298802814695066
11137,-1.269728407566751,-0.008298802814695066
11138,-1.2697284147661478,-0.008298802814695066
11139,-1.2697284181709922,-0.008298802814695066
11140,-1.2697284248305678,-0.008298802814695066
11141,-1.269728447438521,-0.008298802814695066
11142,-1.269728450655389,-0.008298802814695066
11143,-1.2697284859591662,-0.008298802814695066
11144,-1.2697285074483178,-0.008298802814695066
11145,-1.2697285174125763,-0.008298802814695066
11146,-1.2697285239950047,-0.008298802814695066
11147,-1.2697285711849042,-0.008298802814695066
11148,-1.2697285908931377,-0.008298802814695066
11149,-1.2697286564399142,-0.008298802814695066
11150,-1.2697286747533254,-0.008298802814695066
11151,-1.2697287177855034,-0.008298802814695066
11152,-1.269728725539628,-0.008298802814695066
11153,-1.2697287295730966,-0.008298802814695066
11154,-1.269728731503123,-0.008298802814695066
11155,-1.2697287814016203,-0.008298802814695066
11156,-1.2697287929930339,-0.008298802814695066
11157,-1.2697288049690927,-0.008298802814695066
11158,-1.269728822162728,-0.008298802814695066
11159,-1.2697288265456457,-0.008298802814695066
11160,-1.269728842734912,-0.008298802814695066
11161,-1.2697288534919915,-0.008298802814695066
11162,-1.2697288641710887,-0.008298802814695066
11163,-1.2697288818894177,-0.008298802814695066
11164,-1.269728891271091,-0.008298802814695066
11165,-1.2697289262652254,-0.008298802814695066
11166,-1.2697289469612754,-0.008298802814695066
11167,-1.2697289793190245,-0.008298802814695066
11168,-1.2697289977928354,-0.008298802814695066
11169,-1.2697290210477181,-0.008298802814695066
11170,-1.269729045989518,-0.008298802814695066
11171,-1.2697290472522869,-0.008298802814695066
11172,-1.2697290544444728,-0.008298802814695066
11173,-1.2697290627352256,-0.008298802814695066
11174,-1.2697290684475324,-0.008298802814695066
11175,-1.2697290691482264,-0.008298802814695066
11176,-1.2697290716214906,-0.008298802814695066
11177,-1.269729081476521,-0.008298802814695066
11178,-1.2697290817596967,-0.008298802814695066
11179,-1.2697290882959482,-0.008298802814695066
11180,-1.269729112317783,-0.008298802814695066
11181,-1.2697291148883174,-0.008298802814695066
11182,-1.2697291334104297,-0.008298802814695066
11183,-1.2697291668038995,-0.008298802814695066
11184,-1.2697292117461785,-0.008298802814695066
11185,-1.2697292446819748,-0.008298802814695066
11186,-1.2697292703278098,-0.008298802814695066
11187,-1.2697292776850444,-0.008298802814695066
11188,-1.2697293654022035,-0.008298802814695066
11189,-1.2697294130576853,-0.008298802814695066
11190,-1.2697294199529965,-0.008298802814695066
11191,-1.2697294385759377,-0.008298802814695066
11192,-1.2697294421609913,-0.008298802814695066
11193,-1.2697294658922136,-0.008298802814695066
11194,-1.2697294808037802,-0.008298802814695066
11195,-1.2697295018939863,-0.008298802814695066
11196,-1.2697295058717175,-0.008298802814695066
11197,-1.269729507009163,-0.008298802814695066
11198,-1.2697295290152564,-0.008298802814695066
11199,-1.2697295411671767,-0.008298802814695066
11200,-1.2697295659180963,-0.008298802814695066
11201,-1.2697295937540451,-0.008298802814695066
11202,-1.2697296125026858,-0.008298802814695066
11203,-1.2697296161597897,-0.008298802814695066
11204,-1.2697296229939565,-0.008298802814695066
11205,-1.2697296267432008,-0.008298802814695066
11206,-1.2697296330179553,-0.008298802814695066
11207,-1.2697296448126634,-0.008298802814695066
11208,-1.2697296466128367,-0.008298802814695066
11209,-1.269729678904296,-0.008298802814695066
11210,-1.2697297068268427,-0.008298802814695066
11211,-1.2697297121244278,-0.008298802814695066
11212,-1.2697297125080373,-0.008298802814695066
11213,-1.2697297367644844,-0.008298802814695066
11214,-1.2697297403103698,-0.008298802814695066
11215,-1.2697297581621394,-0.008298802814695066
11216,-1.2697297736409259,-0.008298802814695066
11217,-1.2697297933674203,-0.008298802814695066
11218,-1.2697297948912447,-0.008298802814695066
11219,-1.2697298016361733,-0.008298802814695066
11220,-1.2697298044261702,-0.008298802814695066
11221,-1.2697298151099172,-0.008298802814695066
11222,-1.2697298469089902,-0.008298802814695066
11223,-1.2697298718874428,-0.008298802814695066
11224,-1.269729872388753,-0.008298802814695066
11225,-1.2697298926198752,-0.008298802814695066
11226,-1.2697299038758951,-0.008298802814695066
11227,-1.2697299200062366,-0.008298802814695066
11228,-1.26972992445831,-0.008298802814695066
11229,-1.2697299297823184,-0.008298802814695066
11230,-1.2697299520703202,-0.008298802814695066
11231,-1.269729957882698,-0.008298802814695066
11232,-1.2697299680668883,-0.008298802814695066
11233,-1.2697300096462643,-0.008298802814695066
11234,-1.2697300214026983,-0.008298802814695066
11235,-1.26973003344437,-0.008298802814695066
11236,-1.2697300467130863,-0.008298802814695066
11237,-1.2697300504580409,-0.008298802814695066
11238,-1.2697300557571645,-0.008298802814695066
11239,-1.269730061190053,-0.008298802814695066
11240,-1.269730063199839,-0.008298802814695066
11241,-1.2697300645266014,-0.008298802814695066
11242,-1.2697300655519226,-0.008298802814695066
11243,-1.2697300747424594,-0.008298802814695066
11244,-1.2697300846604929,-0.008298802814695066
11245,-1.269730088097101,-0.008298802814695066
11246,-1.269730089656766,-0.008298802814695066
11247,-1.2697301233290719,-0.008298802814695066
11248,-1.269730145444501,-0.008298802814695066
11249,-1.2697301602604751,-0.008298802814695066
11250,-1.269730162712488,-0.008298802814695066
11251,-1.269730174972751,-0.008298802814695066
11252,-1.2697301858748913,-0.008298802814695066
11253,-1.2697301868147965,-0.008298802814695066
11254,-1.269730209263087,-0.008298802814695066
11255,-1.269730233348344,-0.008298802814695066
11256,-1.2697302507583121,-0.008298802814695066
11257,-1.2697302683099383,-0.008298802814695066
11258,-1.2697302850418986,-0.008298802814695066
11259,-1.269730286232724,-0.008298802814695066
11260,-1.269730286326001,-0.008298802814695066
11261,-1.2697302886347734,-0.008298802814695066
11262,-1.2697303017621415,-0.008298802814695066
11263,-1.2697303311750496,-0.008298802814695066
11264,-1.2697303563527504,-0.008298802814695066
11265,-1.2697303690047048,-0.008298802814695066
11266,-1.2697303767008512,-0.008298802814695066
11267,-1.2697303836373184,-0.008298802814695066
11268,-1.269730398372969,-0.008298802814695066
11269,-1.2697303991357356,-0.008298802814695066
11270,-1.2697304039296946,-0.008298802814695066
11271,-1.2697304473237474,-0.008298802814695066
11272,-1.2697304572103967,-0.008298802814695066
11273,-1.2697304647193712,-0.008298802814695066
11274,-1.2697304767768758,-0.008298802814695066
11275,-1.2697304805068377,-0.008298802814695066
11276,-1.2697304863413632,-0.008298802814695066
11277,-1.2697304864278138,-0.008298802814695066
11278,-1.2697304945672363,-0.008298802814695066
11279,-1.2697305056908175,-0.008298802814695066
11280,-1.269730514267181,-0.008298802814695066
11281,-1.2697305449292406,-0.008298802814695066
11282,-1.2697305729328998,-0.008298802814695066
11283,-1.2697305733247353,-0.008298802814695066
11284,-1.2697305931059957,-0.008298802814695066
11285,-1.269730598202825,-0.008298802814695066
11286,-1.2697306135905109,-0.008298802814695066
11287,-1.2697306717244028,-0.008298802814695066
11288,-1.2697306749270694,-0.008298802814695066
11289,-1.2697306785511557,-0.008298802814695066
11290,-1.2697306902559513,-0.008298802814695066
11291,-1.2697306907180288,-0.008298802814695066
11292,-1.2697307001878795,-0.008298802814695066
11293,-1.2697307065256125,-0.008298802814695066
11294,-1.2697307086984049,-0.008298802814695066
11295,-1.2697307161879792,-0.008298802814695066
11296,-1.2697307302734842,-0.008298802814695066
11297,-1.2697307470905292,-0.008298802814695066
11298,-1.2697307689305803,-0.008298802814695066
11299,-1.2697307788420857,-0.008298802814695066
11300,-1.269730787620957,-0.008298802814695066
11301,-1.2697307918792669,-0.008298802814695066
11302,-1.2697307975780339,-0.008298802814695066
11303,-1.2697308103777334,-0.008298802814695066
11304,-1.2697308110033545,-0.008298802814695066
11305,-1.2697308178782314,-0.008298802814695066
11306,-1.2697308321818543,-0.008298802814695066
11307,-1.2697308382852581,-0.008298802814695066
11308,-1.2697308409776569,-0.008298802814695066
11309,-1.2697308490526193,-0.008298802814695066
11310,-1.269730859611407,-0.008298802814695066
11311,-1.2697308645156458,-0.008298802814695066
11312,-1.2697308928966886,-0.008298802814695066
11313,-1.2697308993879286,-0.008298802814695066
11314,-1.269730906413002,-0.008298802814695066
11315,-1.2697309129126497,-0.008298802814695066
11316,-1.269730914768692,-0.008298802814695066
11317,-1.2697309373589465,-0.008298802814695066
11318,-1.2697309528531315,-0.008298802814695066
11319,-1.2697309572868651,-0.008298802814695066
11320,-1.2697309632403817,-0.008298802814695066
11321,-1.2697309751996129,-0.008298802814695066
11322,-1.269730992252744,-0.008298802814695066
11323,-1.269730997956052,-0.008298802814695066
11324,-1.269731007410463,-0.008298802814695066
11325,-1.2697310238671862,-0.008298802814695066
11326,-1.2697310356393916,-0.008298802814695066
11327,-1.269731087650675,-0.008298802814695066
11328,-1.269731095868949,-0.008298802814695066
11329,-1.2697311132973064,-0.008298802814695066
11330,-1.269731148159821,-0.008298802814695066
11331,-1.2697311563034632,-0.008298802814695066
11332,-1.2697311637269846,-0.008298802814695066
11333,-1.2697311755656953,-0.008298802814695066
11334,-1.2697311765227965,-0.008298802814695066
11335,-1.269731189232743,-0.008298802814695066
11336,-1.2697312013986246,-0.008298802814695066
11337,-1.2697312336181528,-0.008298802814695066
11338,-1.2697312463566073,-0.008298802814695066
11339,-1.2697312864702965,-0.008298802814695066
11340,-1.2697313134433164,-0.008298802814695066
11341,-1.2697313283925027,-0.008298802814695066
11342,-1.2697313512192991,-0.008298802814695066
11343,-1.2697313599970341,-0.008298802814695066
11344,-1.2697313709847842,-0.008298802814695066
11345,-1.2697313898397653,-0.008298802814695066
11346,-1.2697314075709647,-0.008298802814695066
11347,-1.2697314379233129,-0.008298802814695066
11348,-1.2697314718161308,-0.008298802814695066
11349,-1.2697314822771921,-0.008298802814695066
11350,-1.269731487129838,-0.008298802814695066
11351,-1.2697315065269796,-0.008298802814695066
11352,-1.2697315067140225,-0.008298802814695066
11353,-1.2697315092963741,-0.008298802814695066
11354,-1.269731512405462,-0.008298802814695066
11355,-1.2697315254138077,-0.008298802814695066
11356,-1.2697315946379724,-0.008298802814695066
11357,-1.2697316451571612,-0.008298802814695066
11358,-1.2697316468638,-0.008298802814695066
11359,-1.2697316507826581,-0.008298802814695066
11360,-1.2697316759525992,-0.008298802814695066
11361,-1.2697316858057748,-0.008298802814695066
11362,-1.269731696427481,-0.008298802814695066
11363,-1.2697317130166015,-0.008298802814695066
11364,-1.2697317178363217,-0.008298802814695066
11365,-1.2697317211580275,-0.008298802814695066
11366,-1.2697317301321744,-0.008298802814695066
11367,-1.2697317581958805,-0.008298802814695066
11368,-1.269731776915497,-0.008298802814695066
11369,-1.26973177957717,-0.008298802814695066
11370,-1.2697317828866281,-0.008298802814695066
11371,-1.2697318473984391,-0.008298802814695066
11372,-1.2697318659919512,-0.008298802814695066
11373,-1.2697319241440914,-0.008298802814695066
11374,-1.2697319355563415,-0.008298802814695066
11375,-1.2697319430659084,-0.008298802814695066
11376,-1.2697319446226814,-0.008298802814695066
11377,-1.26973197530875,-0.008298802814695066
11378,-1.2697319921442005,-0.008298802814695066
11379,-1.2697320094878821,-0.008298802814695066
11380,-1.2697320267866623,-0.008298802814695066
11381,-1.2697320589603573,-0.008298802814695066
11382,-1.269732064326675,-0.008298802814695066
11383,-1.2697320726871772,-0.008298802814695066
11384,-1.2697320758062365,-0.008298802814695066
11385,-1.2697320793096347,-0.008298802814695066
11386,-1.2697320823761147,-0.008298802814695066
11387,-1.2697320904486107,-0.008298802814695066
11388,-1.2697321058860191,-0.008298802814695066
11389,-1.2697321338279015,-0.008298802814695066
11390,-1.2697321575562606,-0.008298802814695066
11391,-1.2697321905297145,-0.008298802814695066
11392,-1.269732197593912,-0.008298802814695066
11393,-1.2697322011200232,-0.008298802814695066
11394,-1.269732215735392,-0.008298802814695066
11395,-1.2697322379798062,-0.008298802814695066
11396,-1.2697322454393432,-0.008298802814695066
11397,-1.2697322584865431,-0.008298802814695066
11398,-1.2697322653678131,-0.008298802814695066
11399,-1.2697322749011843,-0.008298802814695066
11400,-1.269732282087141,-0.008298802814695066
11401,-1.269732283099843,-0.008298802814695066
11402,-1.2697322866621235,-0.008298802814695066
11403,-1.269732289872383,-0.008298802814695066
11404,-1.26973230097557,-0.008298802814695066
11405,-1.269732314691613,-0.008298802814695066
11406,-1.269732326974034,-0.008298802814695066
11407,-1.269732339072381,-0.008298802814695066
11408,-1.2697323467707098,-0.008298802814695066
11409,-1.269732351973512,-0.008298802814695066
11410,-1.2697323609911373,-0.008298802814695066
11411,-1.2697323738285105,-0.008298802814695066
11412,-1.2697323816107229,-0.008298802814695066
11413,-1.269732384949072,-0.008298802814695066
11414,-1.2697323950036044,-0.008298802814695066
11415,-1.2697324075741958,-0.008298802814695066
11416,-1.2697324144243596,-0.008298802814695066
11417,-1.2697324155215843,-0.008298802814695066
11418,-1.2697324307524593,-0.008298802814695066
11419,-1.2697324416682394,-0.008298802814695066
11420,-1.2697324480441574,-0.008298802814695066
11421,-1.2697324512705892,-0.008298802814695066
11422,-1.2697324680713655,-0.008298802814695066
11423,-1.2697324745099414,-0.008298802814695066
11424,-1.26973249286689,-0.008298802814695066
11425,-1.2697325192389721,-0.008298802814695066
11426,-1.2697325254494707,-0.008298802814695066
11427,-1.2697325326614988,-0.008298802814695066
11428,-1.2697325480258665,-0.008298802814695066
11429,-1.2697325503756434,-0.008298802814695066
11430,-1.269732553228014,-0.008298802814695066
11431,-1.2697325610837837,-0.008298802814695066
11432,-1.2697325823309051,-0.008298802814695066
11433,-1.2697325860425126,-0.008298802814695066
11434,-1.2697326044944517,-0.008298802814695066
11435,-1.2697326099229844,-0.008298802814695066
11436,-1.2697326100617539,-0.008298802814695066
11437,-1.2697326215336329,-0.008298802814695066
11438,-1.2697326264195745,-0.008298802814695066
11439,-1.269732635297058,-0.008298802814695066
11440,-1.2697326423504909,-0.008298802814695066
11441,-1.269732643231098,-0.008298802814695066
11442,-1.2697326479524575,-0.008298802814695066
11443,-1.26973265974922,-0.008298802814695066
11444,-1.2697326766337642,-0.008298802814695066
11445,-1.2697326812009258,-0.008298802814695066
11446,-1.2697326875649921,-0.008298802814695066
11447,-1.2697327015298898,-0.008298802814695066
11448,-1.2697327090622812,-0.008298802814695066
11449,-1.2697327164788024,-0.008298802814695066
11450,-1.269732730373132,-0.008298802814695066
11451,-1.2697327398911518,-0.008298802814695066
11452,-1.2697327785415364,-0.008298802814695066
11453,-1.269732789255063,-0.008298802814695066
11454,-1.2697327919485057,-0.008298802814695066
11455,-1.2697327931009106,-0.008298802814695066
11456,-1.2697327985516642,-0.008298802814695066
11457,-1.2697328002691761,-0.008298802814695066
11458,-1.2697328019681118,-0.008298802814695066
11459,-1.269732845061378,-0.008298802814695066
11460,-1.2697328834230652,-0.008298802814695066
11461,-1.269732897447867,-0.008298802814695066
11462,-1.2697329058331412,-0.008298802814695066
11463,-1.269732917768384,-0.008298802814695066
11464,-1.2697329267663071,-0.008298802814695066
11465,-1.26973293039295,-0.008298802814695066
11466,-1.269732930486536,-0.008298802814695066
11467,-1.269732930673131,-0.008298802814695066
11468,-1.2697329441824023,-0.008298802814695066
11469,-1.2697330086599725,-0.008298802814695066
11470,-1.2697330121539256,-0.008298802814695066
11471,-1.2697330194961978,-0.008298802814695066
11472,-1.269733026070791,-0.008298802814695066
11473,-1.2697330276925787,-0.008298802814695066
11474,-1.2697330278002108,-0.008298802814695066
11475,-1.269733040878473,-0.008298802814695066
11476,-1.2697330588078053,-0.008298802814695066
11477,-1.2697330630926063,-0.008298802814695066
11478,-1.26973306629416,-0.008298802814695066
11479,-1.2697330667443714,-0.008298802814695066
11480,-1.2697330964842908,-0.008298802814695066
11481,-1.2697331540578582,-0.008298802814695066
11482,-1.2697331564139152,-0.008298802814695066
11483,-1.2697331576257171,-0.008298802814695066
11484,-1.2697331759136208,-0.008298802814695066
11485,-1.2697331796616869,-0.008298802814695066
11486,-1.2697331806877836,-0.008298802814695066
11487,-1.2697331910721146,-0.008298802814695066
11488,-1.269733193900208,-0.008298802814695066
11489,-1.2697332163710882,-0.008298802814695066
11490,-1.2697332208038405,-0.008298802814695066
11491,-1.2697332254226823,-0.008298802814695066
11492,-1.2697332391484493,-0.008298802814695066
11493,-1.269733241082473,-0.008298802814695066
11494,-1.269733244934674,-0.008298802814695066
11495,-1.2697332505892702,-0.008298802814695066
11496,-1.269733265268079,-0.008298802814695066
11497,-1.2697332684308626,-0.008298802814695066
11498,-1.269733274693003,-0.008298802814695066
11499,-1.2697332955232823,-0.008298802814695066
11500,-1.269733303000429,-0.008298802814695066
11501,-1.2697333105773694,-0.008298802814695066
11502,-1.2697333148608692,-0.008298802814695066
11503,-1.2697333287693435,-0.008298802814695066
11504,-1.2697333323388953,-0.008298802814695066
11505,-1.2697333510081665,-0.008298802814695066
11506,-1.269733365649528,-0.008298802814695066
11507,-1.2697333730099556,-0.008298802814695066
11508,-1.2697333764654108,-0.008298802814695066
11509,-1.2697333841499363,-0.008298802814695066
11510,-1.2697334250777745,-0.008298802814695066
11511,-1.2697334280981525,-0.008298802814695066
11512,-1.2697334425308089,-0.008298802814695066
11513,-1.2697334745694495,-0.008298802814695066
11514,-1.2697334772426134,-0.008298802814695066
11515,-1.2697334929624629,-0.008298802814695066
11516,-1.2697335052878347,-0.008298802814695066
11517,-1.2697335073055984,-0.008298802814695066
11518,-1.2697335221363963,-0.008298802814695066
11519,-1.2697335269580412,-0.008298802814695066
11520,-1.2697335317554856,-0.008298802814695066
11521,-1.269733570555578,-0.008298802814695066
11522,-1.269733578983009,-0.008298802814695066
11523,-1.2697335857374863,-0.008298802814695066
11524,-1.269733585955538,-0.008298802814695066
11525,-1.269733596031407,-0.008298802814695066
11526,-1.2697336022194299,-0.008298802814695066
11527,-1.269733624417561,-0.008298802814695066
11528,-1.269733642661252,-0.008298802814695066
11529,-1.2697336758545401,-0.008298802814695066
11530,-1.269733681728341,-0.008298802814695066
11531,-1.2697336836665507,-0.008298802814695066
11532,-1.2697336958304015,-0.008298802814695066
11533,-1.2697336972031974,-0.008298802814695066
11534,-1.2697336985196288,-0.008298802814695066
11535,-1.2697337004307725,-0.008298802814695066
11536,-1.269733712754359,-0.008298802814695066
11537,-1.2697337205122148,-0.008298802814695066
11538,-1.2697337365646708,-0.008298802814695066
11539,-1.2697337436611926,-0.008298802814695066
11540,-1.2697337763402423,-0.008298802814695066
11541,-1.2697337776557132,-0.008298802814695066
11542,-1.2697338053650948,-0.008298802814695066
11543,-1.2697338162258414,-0.008298802814695066
11544,-1.2697338303773065,-0.008298802814695066
11545,-1.2697338514104295,-0.008298802814695066
11546,-1.269733879539189,-0.008298802814695066
11547,-1.2697338943469554,-0.008298802814695066
11548,-1.2697338960556757,-0.008298802814695066
11549,-1.2697339087802266,-0.008298802814695066
11550,-1.2697339168771355,-0.008298802814695066
11551,-1.2697339314920144,-0.008298802814695066
11552,-1.2697339480803664,-0.008298802814695066
11553,-1.2697339555796379,-0.008298802814695066
11554,-1.2697339577074462,-0.008298802814695066
11555,-1.2697339608600606,-0.008298802814695066
11556,-1.2697339838377855,-0.008298802814695066
11557,-1.2697339920116066,-0.008298802814695066
11558,-1.2697340127889176,-0.008298802814695066
11559,-1.2697340193702167,-0.008298802814695066
11560,-1.2697340476826529,-0.008298802814695066
11561,-1.2697340524082708,-0.008298802814695066
11562,-1.2697340563299855,-0.008298802814695066
11563,-1.2697340672060466,-0.008298802814695066
11564,-1.2697340952422098,-0.008298802814695066
11565,-1.269734096334192,-0.008298802814695066
11566,-1.2697341072088284,-0.008298802814695066
11567,-1.2697341092271914,-0.008298802814695066
11568,-1.2697341218325124,-0.008298802814695066
11569,-1.2697341261071373,-0.008298802814695066
11570,-1.2697341279770855,-0.008298802814695066
11571,-1.269734133397979,-0.008298802814695066
11572,-1.2697341420232726,-0.008298802814695066
11573,-1.269734142396496,-0.008298802814695066
11574,-1.2697341468251426,-0.008298802814695066
11575,-1.2697341547522067,-0.008298802814695066
11576,-1.2697341637550748,-0.008298802814695066
11577,-1.269734175797949,-0.008298802814695066
11578,-1.2697341833964373,-0.008298802814695066
11579,-1.2697341881800526,-0.008298802814695066
11580,-1.269734189091272,-0.008298802814695066
11581,-1.2697341908156168,-0.008298802814695066
11582,-1.2697341952050376,-0.008298802814695066
11583,-1.2697342075610667,-0.008298802814695066
11584,-1.269734218050603,-0.008298802814695066
11585,-1.2697342213658898,-0.008298802814695066
11586,-1.2697342238847475,-0.008298802814695066
11587,-1.2697342329623844,-0.008298802814695066
11588,-1.2697342564313967,-0.008298802814695066
11589,-1.2697342570152352,-0.008298802814695066
11590,-1.2697342661321498,-0.008298802814695066
11591,-1.2697342751103973,-0.008298802814695066
11592,-1.2697342902921984,-0.008298802814695066
11593,-1.269734305383938,-0.008298802814695066
11594,-1.2697343093192703,-0.008298802814695066
11595,-1.2697343099214489,-0.008298802814695066
11596,-1.269734310494982,-0.008298802814695066
11597,-1.269734318056999,-0.008298802814695066
11598,-1.2697343232149063,-0.008298802814695066
11599,-1.2697343241124663,-0.008298802814695066
11600,-1.2697343261487197,-0.008298802814695066
11601,-1.269734362946032,-0.008298802814695066
11602,-1.2697343871974542,-0.008298802814695066
11603,-1.2697343912475498,-0.008298802814695066
11604,-1.269734391833391,-0.008298802814695066
11605,-1.2697343920214004,-0.008298802814695066
11606,-1.2697343931973055,-0.008298802814695066
11607,-1.269734393946838,-0.008298802814695066
11608,-1.2697343960122511,-0.008298802814695066
11609,-1.269734396321007,-0.008298802814695066
11610,-1.2697344057004711,-0.008298802814695066
11611,-1.269734406894,-0.008298802814695066
11612,-1.2697344188844404,-0.008298802814695066
11613,-1.2697344448740442,-0.008298802814695066
11614,-1.2697344478328119,-0.008298802814695066
11615,-1.269734448507543,-0.008298802814695066
11616,-1.2697344618303052,-0.008298802814695066
11617,-1.2697344682552114,-0.008298802814695066
11618,-1.269734478686436,-0.008298802814695066
11619,-1.2697344927798198,-0.008298802814695066
11620,-1.2697345106109472,-0.008298802814695066
11621,-1.2697345209422872,-0.008298802814695066
11622,-1.269734521295894,-0.008298802814695066
11623,-1.2697345222182315,-0.008298802814695066
11624,-1.269734532118847,-0.008298802814695066
11625,-1.2697345338897525,-0.008298802814695066
11626,-1.2697345390992085,-0.008298802814695066
11627,-1.2697345486605198,-0.008298802814695066
11628,-1.2697345539614442,-0.008298802814695066
11629,-1.2697345612070043,-0.008298802814695066
11630,-1.2697345631854742,-0.008298802814695066
11631,-1.269734591843065,-0.008298802814695066
11632,-1.269734603339614,-0.008298802814695066
11633,-1.2697346177280506,-0.008298802814695066
11634,-1.2697346380357564,-0.008298802814695066
11635,-1.2697346487253613,-0.008298802814695066
11636,-1.2697346523531323,-0.008298802814695066
11637,-1.2697346577940696,-0.008298802814695066
11638,-1.2697346761424506,-0.008298802814695066
11639,-1.2697346767218034,-0.008298802814695066
11640,-1.269734689290567,-0.008298802814695066
11641,-1.2697346986638292,-0.008298802814695066
11642,-1.2697347065609925,-0.008298802814695066
11643,-1.269734713399729,-0.008298802814695066
11644,-1.26973471427808,-0.008298802814695066
11645,-1.2697347162798969,-0.008298802814695066
11646,-1.269734729472419,-0.008298802814695066
11647,-1.2697347320683525,-0.008298802814695066
11648,-1.2697347407050494,-0.008298802814695066
11649,-1.2697347486469728,-0.008298802814695066
11650,-1.2697347562590573,-0.008298802814695066
11651,-1.2697347592044927,-0.008298802814695066
11652,-1.2697347865521902,-0.008298802814695066
11653,-1.269734787342666,-0.008298802814695066
11654,-1.269734788553042,-0.008298802814695066
11655,-1.2697347889757784,-0.008298802814695066
11656,-1.2697348101951613,-0.008298802814695066
11657,-1.2697348105500406,-0.008298802814695066
11658,-1.2697348424309807,-0.008298802814695066
11659,-1.2697348438169085,-0.008298802814695066
11660,-1.2697348444396985,-0.008298802814695066
11661,-1.2697348577342398,-0.008298802814695066
11662,-1.26973487267474,-0.008298802814695066
11663,-1.2697348843578018,-0.008298802814695066
11664,-1.2697348894722045,-0.008298802814695066
11665,-1.2697348991436783,-0.008298802814695066
11666,-1.2697349030727942,-0.008298802814695066
11667,-1.2697349132258409,-0.008298802814695066
11668,-1.2697349170428196,-0.008298802814695066
11669,-1.2697349371914646,-0.008298802814695066
11670,-1.269734942198362,-0.008298802814695066
11671,-1.2697349554286153,-0.008298802814695066
11672,-1.269734963457711,-0.008298802814695066
11673,-1.26973497153243,-0.008298802814695066
11674,-1.2697349815177426,-0.008298802814695066
11675,-1.269734997390546,-0.008298802814695066
11676,-1.2697349988064852,-0.008298802814695066
11677,-1.2697350180210512,-0.008298802814695066
11678,-1.2697350267224092,-0.008298802814695066
11679,-1.2697350330734598,-0.008298802814695066
11680,-1.2697350385499222,-0.008298802814695066
11681,-1.2697350460451269,-0.008298802814695066
11682,-1.2697350535656358,-0.008298802814695066
11683,-1.2697350782668266,-0.008298802814695066
11684,-1.2697350812055357,-0.008298802814695066
11685,-1.2697350821373643,-0.008298802814695066
11686,-1.2697350833909806,-0.008298802814695066
11687,-1.2697350926038296,-0.008298802814695066
11688,-1.2697351106869312,-0.008298802814695066
11689,-1.2697351131063246,-0.008298802814695066
11690,-1.2697351138851602,-0.008298802814695066
11691,-1.269735121322496,-0.008298802814695066
11692,-1.2697351219136663,-0.008298802814695066
11693,-1.2697351283743645,-0.008298802814695066
11694,-1.2697351464168458,-0.008298802814695066
11695,-1.269735153273563,-0.008298802814695066
11696,-1.2697351542025355,-0.008298802814695066
11697,-1.269735161415331,-0.008298802814695066
11698,-1.2697351789729054,-0.008298802814695066
11699,-1.269735179027019,-0.008298802814695066
11700,-1.2697351879129612,-0.008298802814695066
11701,-1.2697351927976195,-0.008298802814695066
11702,-1.2697352084084648,-0.008298802814695066
11703,-1.2697352100037897,-0.008298802814695066
11704,-1.269735212249523,-0.008298802814695066
11705,-1.2697352168751832,-0.008298802814695066
11706,-1.269735236325534,-0.008298802814695066
11707,-1.2697352425149955,-0.008298802814695066
11708,-1.2697352452508253,-0.008298802814695066
11709,-1.2697352504780437,-0.008298802814695066
11710,-1.269735258719514,-0.008298802814695066
11711,-1.2697352628156722,-0.008298802814695066
11712,-1.2697352679292215,-0.008298802814695066
11713,-1.2697352806780398,-0.008298802814695066
11714,-1.2697352860844096,-0.008298802814695066
11715,-1.269735289463445,-0.008298802814695066
11716,-1.269735297769169,-0.008298802814695066
11717,-1.269735299019863,-0.008298802814695066
11718,-1.269735304458722,-0.008298802814695066
11719,-1.2697353050002735,-0.008298802814695066
11720,-1.2697353297339509,-0.008298802814695066
11721,-1.2697353434560856,-0.008298802814695066
11722,-1.269735350732513,-0.008298802814695066
11723,-1.2697353559622333,-0.008298802814695066
11724,-1.2697353726305662,-0.008298802814695066
11725,-1.2697353743712716,-0.008298802814695066
11726,-1.269735380213112,-0.008298802814695066
11727,-1.2697353842517438,-0.008298802814695066
11728,-1.2697353887294294,-0.008298802814695066
11729,-1.2697354050407255,-0.008298802814695066
11730,-1.2697354075493519,-0.008298802814695066
11731,-1.2697354164454226,-0.008298802814695066
11732,-1.269735431056306,-0.008298802814695066
11733,-1.2697354440553847,-0.008298802814695066
11734,-1.269735450453259,-0.008298802814695066
11735,-1.2697354730333816,-0.008298802814695066
11736,-1.2697354749918934,-0.008298802814695066
11737,-1.269735481085521,-0.008298802814695066
11738,-1.2697355067029263,-0.008298802814695066
11739,-1.2697355073469514,-0.008298802814695066
11740,-1.2697355140940028,-0.008298802814695066
11741,-1.2697355250049762,-0.008298802814695066
11742,-1.2697355306636493,-0.008298802814695066
11743,-1.2697355310533125,-0.008298802814695066
11744,-1.2697355379745356,-0.008298802814695066
11745,-1.2697355497517897,-0.008298802814695066
11746,-1.2697355581290566,-0.008298802814695066
11747,-1.26973556138329,-0.008298802814695066
11748,-1.2697355626917148,-0.008298802814695066
11749,-1.2697355635963372,-0.008298802814695066
11750,-1.269735563778011,-0.008298802814695066
11751,-1.2697355662497356,-0.008298802814695066
11752,-1.2697355671651807,-0.008298802814695066
11753,-1.2697355720776407,-0.008298802814695066
11754,-1.269735579841531,-0.008298802814695066
11755,-1.2697355911256774,-0.008298802814695066
11756,-1.2697355918008115,-0.008298802814695066
11757,-1.2697356009718588,-0.008298802814695066
11758,-1.2697356028265814,-0.008298802814695066
11759,-1.2697356345801167,-0.008298802814695066
11760,-1.2697356374008026,-0.008298802814695066
11761,-1.2697356571124219,-0.008298802814695066
11762,-1.2697356670442026,-0.008298802814695066
11763,-1.2697356817290713,-0.008298802814695066
11764,-1.2697357078550773,-0.008298802814695066
11765,-1.269735713090511,-0.008298802814695066
11766,-1.2697357133736475,-0.008298802814695066
11767,-1.2697357204062638,-0.008298802814695066
11768,-1.269735734012199,-0.008298802814695066
11769,-1.2697357342231017,-0.008298802814695066
11770,-1.2697357679125938,-0.008298802814695066
11771,-1.2697357697167022,-0.008298802814695066
11772,-1.2697357806647904,-0.008298802814695066
11773,-1.2697357841199233,-0.008298802814695066
11774,-1.269735792154796,-0.008298802814695066
11775,-1.2697357956472834,-0.008298802814695066
11776,-1.2697358190250847,-0.008298802814695066
11777,-1.2697358213944827,-0.008298802814695066
11778,-1.2697358368051026,-0.008298802814695066
11779,-1.2697358378540524,-0.008298802814695066
11780,-1.2697358488188581,-0.008298802814695066
11781,-1.2697358534504024,-0.008298802814695066
11782,-1.269735857977619,-0.008298802814695066
11783,-1.2697358668966867,-0.008298802814695066
11784,-1.2697358669226109,-0.008298802814695066
11785,-1.2697358948007382,-0.008298802814695066
11786,-1.2697358999848862,-0.008298802814695066
11787,-1.2697359112601454,-0.008298802814695066
11788,-1.2697359141967663,-0.008298802814695066
11789,-1.2697359209051857,-0.008298802814695066
11790,-1.2697359350986952,-0.008298802814695066
11791,-1.2697359413288285,-0.008298802814695066
11792,-1.2697359432237685,-0.008298802814695066
11793,-1.269735954251051,-0.008298802814695066
11794,-1.269735955395384,-0.008298802814695066
11795,-1.2697359700461832,-0.008298802814695066
11796,-1.2697359709023475,-0.008298802814695066
11797,-1.2697359783660582,-0.008298802814695066
11798,-1.2697359923012979,-0.008298802814695066
11799,-1.2697360084199176,-0.008298802814695066
11800,-1.269736008712238,-0.008298802814695066
11801,-1.2697360332184768,-0.008298802814695066
11802,-1.2697360339699555,-0.008298802814695066
11803,-1.2697360348694853,-0.008298802814695066
11804,-1.269736035725462,-0.008298802814695066
11805,-1.2697360370817101,-0.008298802814695066
11806,-1.2697360439592766,-0.008298802814695066
11807,-1.2697360457569151,-0.008298802814695066
11808,-1.2697360481398143,-0.008298802814695066
11809,-1.2697360507353679,-0.008298802814695066
11810,-1.2697360567991678,-0.008298802814695066
11811,-1.2697360619156801,-0.008298802814695066
11812,-1.2697360735729228,-0.008298802814695066
11813,-1.2697360743765185,-0.008298802814695066
11814,-1.2697361034245604,-0.008298802814695066
11815,-1.2697361382837853,-0.008298802814695066
11816,-1.2697361401817713,-0.008298802814695066
11817,-1.269736144359278,-0.008298802814695066
11818,-1.2697361485313756,-0.008298802814695066
11819,-1.2697361504213465,-0.008298802814695066
11820,-1.2697361760998862,-0.008298802814695066
11821,-1.2697361787909918,-0.008298802814695066
11822,-1.2697361944361547,-0.008298802814695066
11823,-1.269736203346246,-0.008298802814695066
11824,-1.2697362062815922,-0.008298802814695066
11825,-1.2697362089105255,-0.008298802814695066
11826,-1.269736229721782,-0.008298802814695066
11827,-1.2697362566414547,-0.008298802814695066
11828,-1.269736267302843,-0.008298802814695066
11829,-1.26973628077733,-0.008298802814695066
11830,-1.2697362977562476,-0.008298802814695066
11831,-1.2697362994879855,-0.008298802814695066
11832,-1.2697363062641491,-0.008298802814695066
11833,-1.269736307302556,-0.008298802814695066
11834,-1.2697363087066593,-0.008298802814695066
11835,-1.269736314278462,-0.008298802814695066
11836,-1.269736348218324,-0.008298802814695066
11837,-1.2697363663929295,-0.008298802814695066
11838,-1.2697363720659096,-0.008298802814695066
11839,-1.269736384492684,-0.008298802814695066
11840,-1.2697363881437322,-0.008298802814695066
11841,-1.2697363918070796,-0.008298802814695066
11842,-1.2697364043777415,-0.008298802814695066
11843,-1.2697364044707233,-0.008298802814695066
11844,-1.2697364240184226,-0.008298802814695066
11845,-1.2697364301194094,-0.008298802814695066
11846,-1.269736431760094,-0.008298802814695066
11847,-1.2697364373536713,-0.008298802814695066
11848,-1.2697364468081282,-0.008298802814695066
11849,-1.2697364527709838,-0.008298802814695066
11850,-1.2697364611679913,-0.008298802814695066
11851,-1.2697364818253352,-0.008298802814695066
11852,-1.26973648311468,-0.008298802814695066
11853,-1.2697364885157587,-0.008298802814695066
11854,-1.2697364935524054,-0.008298802814695066
11855,-1.2697365152221325,-0.008298802814695066
11856,-1.2697365208785452,-0.008298802814695066
11857,-1.2697365249214334,-0.008298802814695066
11858,-1.2697365265291778,-0.008298802814695066
11859,-1.2697365273750492,-0.008298802814695066
11860,-1.2697365381567873,-0.008298802814695066
11861,-1.2697365404789012,-0.008298802814695066
11862,-1.2697365424889528,-0.008298802814695066
11863,-1.2697365472425926,-0.008298802814695066
11864,-1.2697365496207706,-0.008298802814695066
11865,-1.2697365502066995,-0.008298802814695066
11866,-1.2697365532031064,-0.008298802814695066
11867,-1.2697365712231337,-0.008298802814695066
11868,-1.2697365788945862,-0.008298802814695066
11869,-1.269736596052679,-0.008298802814695066
11870,-1.2697366031787465,-0.008298802814695066
11871,-1.2697366055848947,-0.008298802814695066
11872,-1.2697366117121605,-0.008298802814695066
11873,-1.2697366210750984,-0.008298802814695066
11874,-1.2697366253051308,-0.008298802814695066
11875,-1.269736645459036,-0.008298802814695066
11876,-1.2697366610731868,-0.008298802814695066
11877,-1.269736662076208,-0.008298802814695066
11878,-1.2697366627287145,-0.008298802814695066
11879,-1.2697366627727198,-0.008298802814695066
11880,-1.2697366704744597,-0.008298802814695066
11881,-1.269736675373892,-0.008298802814695066
11882,-1.2697366803372945,-0.008298802814695066
11883,-1.2697366823645382,-0.008298802814695066
11884,-1.2697367004182234,-0.008298802814695066
11885,-1.269736701518515,-0.008298802814695066
11886,-1.2697367023185722,-0.008298802814695066
11887,-1.2697367036934695,-0.008298802814695066
11888,-1.2697367082563447,-0.008298802814695066
11889,-1.269736724245523,-0.008298802814695066
11890,-1.269736730347391,-0.008298802814695066
11891,-1.2697367444845011,-0.008298802814695066
11892,-1.2697367462443108,-0.008298802814695066
11893,-1.2697367468379042,-0.008298802814695066
11894,-1.2697367481323867,-0.008298802814695066
11895,-1.2697367508251123,-0.008298802814695066
11896,-1.2697367527818946,-0.008298802814695066
11897,-1.269736759574013,-0.008298802814695066
11898,-1.2697367598367837,-0.008298802814695066
11899,-1.269736795259305,-0.008298802814695066
11900,-1.2697368038768895,-0.008298802814695066
11901,-1.2697368078732296,-0.008298802814695066
11902,-1.2697368112585807,-0.008298802814695066
11903,-1.2697368122205575,-0.008298802814695066
11904,-1.269736815396308,-0.008298802814695066
11905,-1.2697368177397736,-0.008298802814695066
11906,-1.26973682318484,-0.008298802814695066
11907,-1.2697368281606256,-0.008298802814695066
11908,-1.2697368289062205,-0.008298802814695066
11909,-1.269736848598978,-0.008298802814695066
11910,-1.2697368668728968,-0.008298802814695066
11911,-1.2697368674812188,-0.008298802814695066
11912,-1.2697368752180698,-0.008298802814695066
11913,-1.2697368755704346,-0.008298802814695066
11914,-1.269736875923684,-0.008298802814695066
11915,-1.2697368826052,-0.008298802814695066
11916,-1.269736904170364,-0.008298802814695066
11917,-1.2697369057319507,-0.008298802814695066
11918,-1.2697369096168765,-0.008298802814695066
11919,-1.2697369105313732,-0.008298802814695066
11920,-1.2697369348710317,-0.008298802814695066
11921,-1.2697369406070882,-0.008298802814695066
11922,-1.2697369412227266,-0.008298802814695066
11923,-1.269736950968456,-0.008298802814695066
11924,-1.269736952082694,-0.008298802814695066
11925,-1.2697369542762746,-0.008298802814695066
11926,-1.2697369576218174,-0.008298802814695066
11927,-1.2697369610504592,-0.008298802814695066
11928,-1.2697369630353126,-0.008298802814695066
11929,-1.2697369638318314,-0.008298802814695066
11930,-1.2697369921211403,-0.008298802814695066
11931,-1.2697369937814333,-0.008298802814695066
11932,-1.269736998902629,-0.008298802814695066
11933,-1.26973701695022,-0.008298802814695066
11934,-1.2697370177277933,-0.008298802814695066
11935,-1.269737021723413,-0.008298802814695066
11936,-1.269737024935168,-0.008298802814695066
11937,-1.2697370353025643,-0.008298802814695066
11938,-1.2697370373440513,-0.008298802814695066
11939,-1.2697370450153058,-0.008298802814695066
11940,-1.2697370474638965,-0.008298802814695066
11941,-1.269737059194839,-0.008298802814695066
11942,-1.2697370638971015,-0.008298802814695066
11943,-1.2697370642024415,-0.008298802814695066
11944,-1.2697370681109004,-0.008298802814695066
11945,-1.2697370689771263,-0.008298802814695066
11946,-1.2697370697622272,-0.008298802814695066
11947,-1.269737084822406,-0.008298802814695066
11948,-1.2697370924995874,-0.008298802814695066
11949,-1.2697370939919344,-0.008298802814695066
11950,-1.2697371105353419,-0.008298802814695066
11951,-1.2697371115637395,-0.008298802814695066
11952,-1.2697371198363936,-0.008298802814695066
11953,-1.269737123793282,-0.008298802814695066
11954,-1.26973712437807,-0.008298802814695066
11955,-1.269737132051604,-0.008298802814695066
11956,-1.2697371379008662,-0.008298802814695066
11957,-1.2697371468697445,-0.008298802814695066
11958,-1.2697371497280259,-0.008298802814695066
11959,-1.2697371500201893,-0.008298802814695066
11960,-1.2697371509356292,-0.008298802814695066
11961,-1.2697371673468947,-0.008298802814695066
11962,-1.269737171570362,-0.008298802814695066
11963,-1.269737185499242,-0.008298802814695066
11964,-1.269737186977385,-0.008298802814695066
11965,-1.2697372000132396,-0.008298802814695066
11966,-1.2697372044565909,-0.008298802814695066
11967,-1.269737213963388,-0.008298802814695066
11968,-1.2697372153839237,-0.008298802814695066
11969,-1.2697372237076943,-0.008298802814695066
11970,-1.2697372263342135,-0.008298802814695066
11971,-1.2697372422461446,-0.008298802814695066
11972,-1.2697372510784286,-0.008298802814695066
11973,-1.2697372547551318,-0.008298802814695066
11974,-1.2697372741005148,-0.008298802814695066
11975,-1.2697372747941817,-0.008298802814695066
11976,-1.2697372826117037,-0.008298802814695066
11977,-1.2697372831883666,-0.008298802814695066
11978,-1.269737291251685,-0.008298802814695066
11979,-1.269737294336362,-0.008298802814695066
11980,-1.2697373003292485,-0.008298802814695066
11981,-1.2697373093765565,-0.008298802814695066
11982,-1.2697373195670867,-0.008298802814695066
11983,-1.2697373245455985,-0.008298802814695066
11984,-1.2697373293073513,-0.008298802814695066
11985,-1.2697373302681787,-0.008298802814695066
11986,-1.2697373316181546,-0.008298802814695066
11987,-1.2697373364510895,-0.008298802814695066
11988,-1.2697373388684834,-0.008298802814695066
11989,-1.2697373391853108,-0.008298802814695066
11990,-1.2697373404134367,-0.008298802814695066
11991,-1.2697373407170272,-0.008298802814695066
11992,-1.2697373597204276,-0.008298802814695066
11993,-1.2697373623919481,-0.008298802814695066
11994,-1.2697373716356706,-0.008298802814695066
11995,-1.269737372473101,-0.008298802814695066
11996,-1.2697374213374037,-0.008298802814695066
11997,-1.2697374219011053,-0.008298802814695066
11998,-1.2697374573888043,-0.008298802814695066
11999,-1.2697374596800493,-0.008298802814695066
12000,-1.2697374619354107,-0.008298802814695066
12001,-1.2697374681480171,-0.008298802814695066
12002,-1.2697374705289683,-0.008298802814695066
12003,-1.2697374731244695,-0.008298802814695066
12004,-1.2697374782727437,-0.008298802814695066
12005,-1.2697374783162991,-0.008298802814695066
12006,-1.269737478363571,-0.008298802814695066
12007,-1.2697374864761755,-0.008298802814695066
12008,-1.2697374891721551,-0.008298802814695066
12009,-1.2697375021621895,-0.008298802814695066
12010,-1.2697375093051904,-0.008298802814695066
12011,-1.2697375098922103,-0.008298802814695066
12012,-1.269737514695421,-0.008298802814695066
12013,-1.2697375175344419,-0.008298802814695066
12014,-1.2697375312150518,-0.008298802814695066
12015,-1.2697375314487434,-0.008298802814695066
12016,-1.2697375421310293,-0.008298802814695066
12017,-1.2697375431590876,-0.008298802814695066
12018,-1.2697375482310227,-0.008298802814695066
12019,-1.2697375489269551,-0.008298802814695066
12020,-1.2697375588622137,-0.008298802814695066
12021,-1.2697375628042518,-0.008298802814695066
12022,-1.2697375651382319,-0.008298802814695066
12023,-1.2697375721395918,-0.008298802814695066
12024,-1.269737572769561,-0.008298802814695066
12025,-1.2697375961444823,-0.008298802814695066
12026,-1.269737615895561,-0.008298802814695066
12027,-1.2697376163239391,-0.008298802814695066
12028,-1.2697376256569335,-0.008298802814695066
12029,-1.2697376267065805,-0.008298802814695066
12030,-1.2697376368989841,-0.008298802814695066
12031,-1.2697376545845969,-0.008298802814695066
12032,-1.2697376585817088,-0.008298802814695066
12033,-1.2697376600654238,-0.008298802814695066
12034,-1.2697376604743495,-0.008298802814695066
12035,-1.2697376826220759,-0.008298802814695066
12036,-1.2697376874665678,-0.008298802814695066
12037,-1.2697376887600473,-0.008298802814695066
12038,-1.269737689338679,-0.008298802814695066
12039,-1.2697376896551549,-0.008298802814695066
12040,-1.269737690080358,-0.008298802814695066
12041,-1.26973769036279,-0.008298802814695066
12042,-1.2697376931944773,-0.008298802814695066
12043,-1.2697376981800605,-0.008298802814695066
12044,-1.2697377006951738,-0.008298802814695066
12045,-1.2697377009649442,-0.008298802814695066
12046,-1.269737710560777,-0.008298802814695066
12047,-1.2697377276293895,-0.008298802814695066
12048,-1.2697377285340596,-0.008298802814695066
12049,-1.2697377297371102,-0.008298802814695066
12050,-1.2697377421208575,-0.008298802814695066
12051,-1.2697377475140428,-0.008298802814695066
12052,-1.2697377483469026,-0.008298802814695066
12053,-1.2697377591654007,-0.008298802814695066
12054,-1.2697377738996234,-0.008298802814695066
12055,-1.2697377771567757,-0.008298802814695066
12056,-1.2697377785276078,-0.008298802814695066
12057,-1.2697377813013557,-0.008298802814695066
12058,-1.2697377883657588,-0.008298802814695066
12059,-1.269737794491756,-0.008298802814695066
12060,-1.269737814451821,-0.008298802814695066
12061,-1.269737818065707,-0.008298802814695066
12062,-1.2697378289959365,-0.008298802814695066
12063,-1.269737830656787,-0.008298802814695066
12064,-1.2697378352522308,-0.008298802814695066
12065,-1.2697378399544466,-0.008298802814695066
12066,-1.2697378400319193,-0.008298802814695066
12067,-1.2697378466320892,-0.008298802814695066
12068,-1.2697378477747223,-0.008298802814695066
12069,-1.2697378479347705,-0.008298802814695066
12070,-1.2697378492508973,-0.008298802814695066
12071,-1.269737852559353,-0.008298802814695066
12072,-1.2697378579789467,-0.008298802814695066
12073,-1.2697378582635475,-0.008298802814695066
12074,-1.2697378638496282,-0.008298802814695066
12075,-1.2697378820540872,-0.008298802814695066
12076,-1.2697378857616648,-0.008298802814695066
12077,-1.269737889240679,-0.008298802814695066
12078,-1.269737904480921,-0.008298802814695066
12079,-1.2697379071133348,-0.008298802814695066
12080,-1.2697379099470065,-0.008298802814695066
12081,-1.2697379153099233,-0.008298802814695066
12082,-1.269737919942294,-0.008298802814695066
12083,-1.2697379225815084,-0.008298802814695066
12084,-1.2697379284377712,-0.008298802814695066
12085,-1.2697379340060337,-0.008298802814695066
12086,-1.269737936107645,-0.008298802814695066
12087,-1.269737945952103,-0.008298802814695066
12088,-1.2697379575877057,-0.008298802814695066
12089,-1.269737959693321,-0.008298802814695066
12090,-1.2697379609697512,-0.008298802814695066
12091,-1.2697379644366222,-0.008298802814695066
12092,-1.2697379676551792,-0.008298802814695066
12093,-1.269737983545951,-0.008298802814695066
12094,-1.2697379882727786,-0.008298802814695066
12095,-1.2697379921860088,-0.008298802814695066
12096,-1.2697379937890951,-0.008298802814695066
12097,-1.269737998943755,-0.008298802814695066
12098,-1.2697379997082872,-0.008298802814695066
12099,-1.2697379998524019,-0.008298802814695066
12100,-1.2697380039983606,-0.008298802814695066
12101,-1.269738004082181,-0.008298802814695066
12102,-1.2697380084986363,-0.008298802814695066
12103,-1.2697380313238196,-0.008298802814695066
12104,-1.2697380364169852,-0.008298802814695066
12105,-1.269738038960838,-0.008298802814695066
12106,-1.2697380407123229,-0.008298802814695066
12107,-1.269738045865145,-0.008298802814695066
12108,-1.2697380517502814,-0.008298802814695066
12109,-1.2697380586032807,-0.008298802814695066
12110,-1.269738063970534,-0.008298802814695066
12111,-1.269738070121369,-0.008298802814695066
12112,-1.2697380791881758,-0.008298802814695066
12113,-1.2697380914008323,-0.008298802814695066
12114,-1.2697380942144698,-0.008298802814695066
12115,-1.2697380960349338,-0.008298802814695066
12116,-1.2697380980913098,-0.008298802814695066
12117,-1.2697381010463047,-0.008298802814695066
12118,-1.2697381140732569,-0.008298802814695066
12119,-1.2697381206258715,-0.008298802814695066
12120,-1.2697381208309308,-0.008298802814695066
12121,-1.2697381293171455,-0.008298802814695066
12122,-1.269738140651996,-0.008298802814695066
12123,-1.2697381447533875,-0.008298802814695066
12124,-1.269738149397193,-0.008298802814695066
12125,-1.2697381536965562,-0.008298802814695066
12126,-1.2697381617830996,-0.008298802814695066
12127,-1.2697381630228537,-0.008298802814695066
12128,-1.2697381644560446,-0.008298802814695066
12129,-1.2697381708122015,-0.008298802814695066
12130,-1.2697381802103076,-0.008298802814695066
12131,-1.2697381807629726,-0.008298802814695066
12132,-1.2697381823669778,-0.008298802814695066
12133,-1.2697381877756895,-0.008298802814695066
12134,-1.2697381898487818,-0.008298802814695066
12135,-1.269738191637349,-0.008298802814695066
12136,-1.2697381926868334,-0.008298802814695066
12137,-1.2697381945643775,-0.008298802814695066
12138,-1.2697381983089124,-0.008298802814695066
12139,-1.2697382006838336,-0.008298802814695066
12140,-1.2697382010982046,-0.008298802814695066
12141,-1.2697382025245867,-0.008298802814695066
12142,-1.2697382045381007,-0.008298802814695066
12143,-1.2697382079182384,-0.008298802814695066
12144,-1.2697382081118458,-0.008298802814695066
12145,-1.2697382083655355,-0.008298802814695066
12146,-1.269738210249829,-0.008298802814695066
12147,-1.2697382115213973,-0.008298802814695066
12148,-1.2697382135486905,-0.008298802814695066
12149,-1.269738213709054,-0.008298802814695066
12150,-1.2697382143894043,-0.008298802814695066
12151,-1.2697382187171324,-0.008298802814695066
12152,-1.2697382243354947,-0.008298802814695066
12153,-1.2697382251682394,-0.008298802814695066
12154,-1.2697382254228948,-0.008298802814695066
12155,-1.2697382287905534,-0.008298802814695066
12156,-1.269738232357308,-0.008298802814695066
12157,-1.2697382335506415,-0.008298802814695066
12158,-1.2697382457022943,-0.008298802814695066
12159,-1.2697382459166637,-0.008298802814695066
12160,-1.269738246433839,-0.008298802814695066
12161,-1.269738256540692,-0.008298802814695066
12162,-1.269738262052801,-0.008298802814695066
12163,-1.2697382641348278,-0.008298802814695066
12164,-1.2697382727610789,-0.008298802814695066
12165,-1.2697382750187627,-0.008298802814695066
12166,-1.2697382865331837,-0.008298802814695066
12167,-1.2697382875487007,-0.008298802814695066
12168,-1.2697382878259817,-0.008298802814695066
12169,-1.269738291911389,-0.008298802814695066
12170,-1.269738296531194,-0.008298802814695066
12171,-1.2697382974854228,-0.008298802814695066
12172,-1.2697382977298186,-0.008298802814695066
12173,-1.269738301556549,-0.008298802814695066
12174,-1.269738302601902,-0.008298802814695066
12175,-1.2697383113714182,-0.008298802814695066
12176,-1.2697383115206549,-0.008298802814695066
12177,-1.2697383159710984,-0.008298802814695066
12178,-1.2697383174600845,-0.008298802814695066
12179,-1.2697383216527058,-0.008298802814695066
12180,-1.2697383242792486,-0.008298802814695066
12181,-1.2697383247684477,-0.008298802814695066
12182,-1.2697383254974668,-0.008298802814695066
12183,-1.2697383487729446,-0.008298802814695066
12184,-1.2697383558513358,-0.008298802814695066
12185,-1.269738359295233,-0.008298802814695066
12186,-1.2697383603906496,-0.008298802814695066
12187,-1.2697383604205021,-0.008298802814695066
12188,-1.2697383686775658,-0.008298802814695066
12189,-1.2697383710380943,-0.008298802814695066
12190,-1.2697383777435567,-0.008298802814695066
12191,-1.2697383891862053,-0.008298802814695066
12192,-1.2697383903069972,-0.008298802814695066
12193,-1.2697383935601776,-0.008298802814695066
12194,-1.2697383976272802,-0.008298802814695066
12195,-1.2697384095168327,-0.008298802814695066
12196,-1.2697384115990817,-0.008298802814695066
12197,-1.2697384130915743,-0.008298802814695066
12198,-1.2697384138980676,-0.008298802814695066
12199,-1.2697384244199201,-0.008298802814695066
12200,-1.269738426933018,-0.008298802814695066
12201,-1.2697384276454873,-0.008298802814695066
12202,-1.2697384284608357,-0.008298802814695066
12203,-1.2697384342329006,-0.008298802814695066
12204,-1.2697384372188478,-0.008298802814695066
12205,-1.2697384386384303,-0.008298802814695066
12206,-1.269738444868025,-0.008298802814695066
12207,-1.2697384454349654,-0.008298802814695066
12208,-1.2697384590769045,-0.008298802814695066
12209,-1.2697384602166735,-0.008298802814695066
12210,-1.269738465053185,-0.008298802814695066
12211,-1.2697384663542997,-0.008298802814695066
12212,-1.2697384703064614,-0.008298802814695066
12213,-1.2697384784907455,-0.008298802814695066
12214,-1.269738479867281,-0.008298802814695066
12215,-1.2697384806749832,-0.008298802814695066
12216,-1.2697384833810053,-0.008298802814695066
12217,-1.2697384879136675,-0.008298802814695066
12218,-1.269738492939426,-0.008298802814695066
12219,-1.269738497250602,-0.008298802814695066
12220,-1.2697385025241643,-0.008298802814695066
12221,-1.2697385072278633,-0.008298802814695066
12222,-1.2697385107044807,-0.008298802814695066
12223,-1.2697385114518394,-0.008298802814695066
12224,-1.2697385117468019,-0.008298802814695066
12225,-1.2697385167056865,-0.008298802814695066
12226,-1.2697385170098245,-0.008298802814695066
12227,-1.2697385284094826,-0.008298802814695066
12228,-1.269738530351163,-0.008298802814695066
12229,-1.2697385322027288,-0.008298802814695066
12230,-1.2697385354788746,-0.008298802814695066
12231,-1.2697385365529583,-0.008298802814695066
12232,-1.2697385367417746,-0.008298802814695066
12233,-1.269738538738772,-0.008298802814695066
12234,-1.2697385577325735,-0.008298802814695066
12235,-1.2697385628420963,-0.008298802814695066
12236,-1.2697385689265763,-0.008298802814695066
12237,-1.269738577642677,-0.008298802814695066
12238,-1.2697385784536928,-0.008298802814695066
12239,-1.2697385801482584,-0.008298802814695066
12240,-1.2697385808560298,-0.008298802814695066
12241,-1.2697385879632548,-0.008298802814695066
12242,-1.2697385908264451,-0.008298802814695066
12243,-1.2697385928233236,-0.008298802814695066
12244,-1.2697385953021727,-0.008298802814695066
12245,-1.2697386021898698,-0.008298802814695066
12246,-1.2697386052444726,-0.008298802814695066
12247,-1.269738613206916,-0.008298802814695066
12248,-1.2697386132674868,-0.008298802814695066
12249,-1.2697386452072257,-0.008298802814695066
12250,-1.2697386536811766,-0.008298802814695066
12251,-1.2697386624133624,-0.008298802814695066
12252,-1.269738662997093,-0.008298802814695066
12253,-1.2697386705455953,-0.008298802814695066
12254,-1.2697386802929576,-0.008298802814695066
12255,-1.2697386840131233,-0.008298802814695066
12256,-1.2697386875671939,-0.008298802814695066
12257,-1.2697386904092398,-0.008298802814695066
12258,-1.2697386913517388,-0.008298802814695066
12259,-1.269738695414533,-0.008298802814695066
12260,-1.269738696299429,-0.008298802814695066
12261,-1.2697386965224498,-0.008298802814695066
12262,-1.2697386975857257,-0.008298802814695066
12263,-1.2697386985454249,-0.008298802814695066
12264,-1.269738699635064,-0.008298802814695066
12265,-1.2697387052857396,-0.008298802814695066
12266,-1.2697387128490916,-0.008298802814695066
12267,-1.2697387188074358,-0.008298802814695066
12268,-1.2697387246733465,-0.008298802814695066
12269,-1.2697387273547165,-0.008298802814695066
12270,-1.2697387318248385,-0.008298802814695066
12271,-1.2697387362096118,-0.008298802814695066
12272,-1.2697387369300475,-0.008298802814695066
12273,-1.2697387400029283,-0.008298802814695066
12274,-1.26973874062264,-0.008298802814695066
12275,-1.2697387431689815,-0.008298802814695066
12276,-1.2697387476363506,-0.008298802814695066
12277,-1.2697387554564767,-0.008298802814695066
12278,-1.2697387576812218,-0.008298802814695066
12279,-1.2697387607056494,-0.008298802814695066
12280,-1.2697387677886955,-0.008298802814695066
12281,-1.2697387688269877,-0.008298802814695066
12282,-1.269738771122825,-0.008298802814695066
12283,-1.2697387720836908,-0.008298802814695066
12284,-1.2697387786499459,-0.008298802814695066
12285,-1.2697387821667974,-0.008298802814695066
12286,-1.2697387823087174,-0.008298802814695066
12287,-1.2697387886394447,-0.008298802814695066
12288,-1.2697387901160306,-0.008298802814695066
12289,-1.269738808110323,-0.008298802814695066
12290,-1.269738809323414,-0.008298802814695066
12291,-1.2697388095370197,-0.008298802814695066
12292,-1.2697388121447513,-0.008298802814695066
12293,-1.2697388140376016,-0.008298802814695066
12294,-1.269738823272498,-0.008298802814695066
12295,-1.269738826485624,-0.008298802814695066
12296,-1.2697388270013095,-0.008298802814695066
12297,-1.2697388362477726,-0.008298802814695066
12298,-1.2697388396315212,-0.008298802814695066
12299,-1.2697388410631065,-0.008298802814695066
12300,-1.2697388416827124,-0.008298802814695066
12301,-1.2697388451830351,-0.008298802814695066
12302,-1.2697388508707335,-0.008298802814695066
12303,-1.269738860985671,-0.008298802814695066
12304,-1.2697388634511126,-0.008298802814695066
12305,-1.2697388690579356,-0.008298802814695066
12306,-1.2697388811513615,-0.008298802814695066
12307,-1.269738882735144,-0.008298802814695066
12308,-1.2697388867308415,-0.008298802814695066
12309,-1.2697388960256846,-0.008298802814695066
12310,-1.2697388966335281,-0.008298802814695066
12311,-1.2697389005327024,-0.008298802814695066
12312,-1.269738901501643,-0.008298802814695066
12313,-1.2697389099137972,-0.008298802814695066
12314,-1.2697389107484824,-0.008298802814695066
12315,-1.269738912340132,-0.008298802814695066
12316,-1.269738913818807,-0.008298802814695066
12317,-1.269738917876087,-0.008298802814695066
12318,-1.2697389189851678,-0.008298802814695066
12319,-1.26973892607066,-0.008298802814695066
12320,-1.2697389307275522,-0.008298802814695066
12321,-1.2697389316688656,-0.008298802814695066
12322,-1.2697389333252467,-0.008298802814695066
12323,-1.2697389349403454,-0.008298802814695066
12324,-1.2697389369107868,-0.008298802814695066
12325,-1.269738937431755,-0.008298802814695066
12326,-1.2697389398645762,-0.008298802814695066
12327,-1.2697389435137936,-0.008298802814695066
12328,-1.2697389441609865,-0.008298802814695066
12329,-1.2697389545341051,-0.008298802814695066
12330,-1.2697389619696096,-0.008298802814695066
12331,-1.2697389683820794,-0.008298802814695066
12332,-1.2697389707995288,-0.008298802814695066
12333,-1.269738973937191,-0.008298802814695066
12334,-1.2697389750535613,-0.008298802814695066
12335,-1.2697389873387421,-0.008298802814695066
12336,-1.2697389907768541,-0.008298802814695066
12337,-1.2697389910202825,-0.008298802814695066
12338,-1.269738991319372,-0.008298802814695066
12339,-1.2697389924380569,-0.008298802814695066
12340,-1.2697389945539044,-0.008298802814695066
12341,-1.269738997582941,-0.008298802814695066
12342,-1.2697390054210742,-0.008298802814695066
12343,-1.2697390061778786,-0.008298802814695066
12344,-1.2697390080129831,-0.008298802814695066
12345,-1.2697390191313929,-0.008298802814695066
12346,-1.2697390247370999,-0.008298802814695066
12347,-1.2697390249497458,-0.008298802814695066
12348,-1.269739030483045,-0.008298802814695066
12349,-1.2697390357585456,-0.008298802814695066
12350,-1.2697390384351688,-0.008298802814695066
12351,-1.2697390415808723,-0.008298802814695066
12352,-1.269739042971505,-0.008298802814695066
12353,-1.2697390518208391,-0.008298802814695066
12354,-1.269739052555402,-0.008298802814695066
12355,-1.2697390606833718,-0.008298802814695066
12356,-1.2697390628010339,-0.008298802814695066
12357,-1.2697390667810369,-0.008298802814695066
12358,-1.2697390670361388,-0.008298802814695066
12359,-1.2697390713076557,-0.008298802814695066
12360,-1.2697390713806858,-0.008298802814695066
12361,-1.269739073603999,-0.008298802814695066
12362,-1.2697390740627463,-0.008298802814695066
12363,-1.269739081106109,-0.008298802814695066
12364,-1.2697390815718654,-0.008298802814695066
12365,-1.2697390835830764,-0.008298802814695066
12366,-1.2697390902033765,-0.008298802814695066
12367,-1.2697390973688751,-0.008298802814695066
12368,-1.2697390975999272,-0.008298802814695066
12369,-1.2697390990803485,-0.008298802814695066
12370,-1.2697391069064312,-0.008298802814695066
12371,-1.2697391096186033,-0.008298802814695066
12372,-1.2697391113830443,-0.008298802814695066
12373,-1.2697391137998721,-0.008298802814695066
12374,-1.2697391160697262,-0.008298802814695066
12375,-1.2697391215552867,-0.008298802814695066
12376,-1.2697391216939893,-0.008298802814695066
12377,-1.2697391228306458,-0.008298802814695066
12378,-1.2697391391366493,-0.008298802814695066
12379,-1.2697391440714414,-0.008298802814695066
12380,-1.2697391502410222,-0.008298802814695066
12381,-1.2697391524443695,-0.008298802814695066
12382,-1.2697391531818367,-0.008298802814695066
12383,-1.2697391538815388,-0.008298802814695066
12384,-1.2697391543212875,-0.008298802814695066
12385,-1.2697391569394658,-0.008298802814695066
12386,-1.2697391586518543,-0.008298802814695066
12387,-1.269739161767807,-0.008298802814695066
12388,-1.2697391640708493,-0.008298802814695066
12389,-1.269739166098322,-0.008298802814695066
12390,-1.2697391721102174,-0.008298802814695066
12391,-1.2697391826986104,-0.008298802814695066
12392,-1.2697391877473132,-0.008298802814695066
12393,-1.2697391915240643,-0.008298802814695066
12394,-1.2697391951942743,-0.008298802814695066
12395,-1.2697391996564789,-0.008298802814695066
12396,-1.2697392000382288,-0.008298802814695066
12397,-1.269739202271911,-0.008298802814695066
12398,-1.2697392041696522,-0.008298802814695066
12399,-1.2697392064929867,-0.008298802814695066
12400,-1.2697392098108402,-0.008298802814695066
12401,-1.2697392117199329,-0.008298802814695066
12402,-1.2697392136021455,-0.008298802814695066
12403,-1.2697392284719802,-0.008298802814695066
12404,-1.26973923092356,-0.008298802814695066
12405,-1.2697392311318634,-0.008298802814695066
12406,-1.26973923297718,-0.008298802814695066
12407,-1.269739240117014,-0.008298802814695066
12408,-1.2697392420219487,-0.008298802814695066
12409,-1.2697392542487247,-0.008298802814695066
12410,-1.2697392569666301,-0.008298802814695066
12411,-1.2697392579403364,-0.008298802814695066
12412,-1.2697392593353873,-0.008298802814695066
12413,-1.2697392595176453,-0.008298802814695066
12414,-1.2697392643814682,-0.008298802814695066
12415,-1.2697392685754278,-0.008298802814695066
12416,-1.269739270189975,-0.008298802814695066
12417,-1.2697392726922825,-0.008298802814695066
12418,-1.2697392734116877,-0.008298802814695066
12419,-1.2697392740863274,-0.008298802814695066
12420,-1.2697392805974468,-0.008298802814695066
12421,-1.2697392866266806,-0.008298802814695066
12422,-1.2697392876537865,-0.008298802814695066
12423,-1.2697392892059294,-0.008298802814695066
12424,-1.2697392961199319,-0.008298802814695066
12425,-1.2697393012769045,-0.008298802814695066
12426,-1.2697393029575093,-0.008298802814695066
12427,-1.2697393051334092,-0.008298802814695066
12428,-1.2697393075106649,-0.008298802814695066
12429,-1.269739308445935,-0.008298802814695066
12430,-1.269739308776371,-0.008298802814695066
12431,-1.26973931733875,-0.008298802814695066
12432,-1.2697393210327401,-0.008298802814695066
12433,-1.2697393211040064,-0.008298802814695066
12434,-1.2697393234702885,-0.008298802814695066
12435,-1.2697393255865372,-0.008298802814695066
12436,-1.2697393304575075,-0.008298802814695066
12437,-1.2697393313914793,-0.008298802814695066
12438,-1.2697393331591713,-0.008298802814695066
12439,-1.269739343612721,-0.008298802814695066
12440,-1.2697393460477602,-0.008298802814695066
12441,-1.2697393486746607,-0.008298802814695066
12442,-1.2697393527398049,-0.008298802814695066
12443,-1.2697393539836388,-0.008298802814695066
12444,-1.269739359904258,-0.008298802814695066
12445,-1.26973936252727,-0.008298802814695066
12446,-1.269739378373435,-0.008298802814695066
12447,-1.2697393813951343,-0.008298802814695066
12448,-1.2697393825565055,-0.008298802814695066
12449,-1.2697393826985734,-0.008298802814695066
12450,-1.2697393867921607,-0.008298802814695066
12451,-1.2697393874471623,-0.008298802814695066
12452,-1.2697393902151861,-0.008298802814695066
12453,-1.2697393936174535,-0.008298802814695066
12454,-1.2697393965404211,-0.008298802814695066
12455,-1.2697393992487755,-0.008298802814695066
12456,-1.2697393996335087,-0.008298802814695066
12457,-1.2697394013229766,-0.008298802814695066
12458,-1.2697394052972102,-0.008298802814695066
12459,-1.2697394081189213,-0.008298802814695066
12460,-1.2697394083482183,-0.008298802814695066
12461,-1.2697394089476823,-0.008298802814695066
12462,-1.2697394127545625,-0.008298802814695066
12463,-1.2697394131083892,-0.008298802814695066
12464,-1.2697394175277932,-0.008298802814695066
12465,-1.2697394278852696,-0.008298802814695066
12466,-1.2697394283454417,-0.008298802814695066
12467,-1.2697394304437648,-0.008298802814695066
12468,-1.2697394338240866,-0.008298802814695066
12469,-1.269739433914548,-0.008298802814695066
12470,-1.2697394346636053,-0.008298802814695066
12471,-1.2697394399885271,-0.008298802814695066
12472,-1.2697394407605753,-0.008298802814695066
12473,-1.2697394447095003,-0.008298802814695066
12474,-1.2697394456957438,-0.008298802814695066
12475,-1.2697394476187691,-0.008298802814695066
12476,-1.2697394486754798,-0.008298802814695066
12477,-1.2697394490104172,-0.008298802814695066
12478,-1.2697394504217856,-0.008298802814695066
12479,-1.2697394507328967,-0.008298802814695066
12480,-1.2697394508550643,-0.008298802814695066
12481,-1.2697394522776315,-0.008298802814695066
12482,-1.269739455602056,-0.008298802814695066
12483,-1.2697394578982988,-0.008298802814695066
12484,-1.2697394601272503,-0.008298802814695066
12485,-1.269739460581583,-0.008298802814695066
12486,-1.2697394618379185,-0.008298802814695066
12487,-1.269739464329179,-0.008298802814695066
12488,-1.269739465862691,-0.008298802814695066
12489,-1.269739468118066,-0.008298802814695066
12490,-1.2697394731693574,-0.008298802814695066
12491,-1.269739474204564,-0.008298802814695066
12492,-1.2697394752800117,-0.008298802814695066
12493,-1.269739476165728,-0.008298802814695066
12494,-1.2697394761854932,-0.008298802814695066
12495,-1.2697394764892453,-0.008298802814695066
12496,-1.2697394779516205,-0.008298802814695066
12497,-1.2697394801903252,-0.008298802814695066
12498,-1.269739484919441,-0.008298802814695066
12499,-1.2697394863256362,-0.008298802814695066
12500,-1.2697394921096161,-0.008298802814695066
12501,-1.269739495144136,-0.008298802814695066
12502,-1.2697394960305686,-0.008298802814695066
12503,-1.2697394969533302,-0.008298802814695066
12504,-1.2697395020359568,-0.008298802814695066
12505,-1.2697395056307248,-0.008298802814695066
12506,-1.2697395063982255,-0.008298802814695066
12507,-1.2697395111123098,-0.008298802814695066
12508,-1.2697395154568647,-0.008298802814695066
12509,-1.269739515916183,-0.008298802814695066
12510,-1.2697395161509726,-0.008298802814695066
12511,-1.26973951793434,-0.008298802814695066
12512,-1.2697395298734875,-0.008298802814695066
12513,-1.2697395309312776,-0.008298802814695066
12514,-1.2697395329242562,-0.008298802814695066
12515,-1.2697395393970323,-0.008298802814695066
12516,-1.2697395396592766,-0.008298802814695066
12517,-1.2697395417847157,-0.008298802814695066
12518,-1.2697395424265905,-0.008298802814695066
12519,-1.2697395439265051,-0.008298802814695066
12520,-1.269739547095525,-0.008298802814695066
12521,-1.2697395498400983,-0.008298802814695066
12522,-1.2697395588139395,-0.008298802814695066
12523,-1.2697395610348712,-0.008298802814695066
12524,-1.2697395633563184,-0.008298802814695066
12525,-1.2697395641151834,-0.008298802814695066
12526,-1.2697395672516312,-0.008298802814695066
12527,-1.269739567372142,-0.008298802814695066
12528,-1.2697395728562961,-0.008298802814695066
12529,-1.2697395733844428,-0.008298802814695066
12530,-1.269739574284741,-0.008298802814695066
12531,-1.2697395788992438,-0.008298802814695066
12532,-1.2697395863308845,-0.008298802814695066
12533,-1.2697395916506724,-0.008298802814695066
12534,-1.269739592190747,-0.008298802814695066
12535,-1.2697395923729373,-0.008298802814695066
12536,-1.2697395939444713,-0.008298802814695066
12537,-1.2697396013618643,-0.008298802814695066
12538,-1.2697396019957363,-0.008298802814695066
12539,-1.2697396032878288,-0.008298802814695066
12540,-1.2697396045448213,-0.008298802814695066
12541,-1.2697396045604867,-0.008298802814695066
12542,-1.2697396053532124,-0.008298802814695066
12543,-1.2697396080510326,-0.008298802814695066
12544,-1.269739612166516,-0.008298802814695066
12545,-1.269739612187966,-0.008298802814695066
12546,-1.2697396156629224,-0.008298802814695066
12547,-1.2697396169212782,-0.008298802814695066
12548,-1.269739617112182,-0.008298802814695066
12549,-1.2697396209563832,-0.008298802814695066
12550,-1.269739622137329,-0.008298802814695066
12551,-1.2697396270515138,-0.008298802814695066
12552,-1.269739627454193,-0.008298802814695066
12553,-1.26973962758262,-0.008298802814695066
12554,-1.269739633433375,-0.008298802814695066
12555,-1.2697396365480302,-0.008298802814695066
12556,-1.269739643235909,-0.008298802814695066
12557,-1.2697396455537837,-0.008298802814695066
12558,-1.2697396455671903,-0.008298802814695066
12559,-1.2697396463323334,-0.008298802814695066
12560,-1.2697396485587942,-0.008298802814695066
12561,-1.2697396516726034,-0.008298802814695066
12562,-1.2697396541123969,-0.008298802814695066
12563,-1.2697396590888366,-0.008298802814695066
12564,-1.269739667000857,-0.008298802814695066
12565,-1.2697396680932127,-0.008298802814695066
12566,-1.269739670166294,-0.008298802814695066
12567,-1.269739676109003,-0.008298802814695066
12568,-1.2697396776984031,-0.008298802814695066
12569,-1.2697396802645506,-0.008298802814695066
12570,-1.2697396821513731,-0.008298802814695066
12571,-1.2697396825848373,-0.008298802814695066
12572,-1.2697396938126322,-0.008298802814695066
12573,-1.2697396943226469,-0.008298802814695066
12574,-1.2697396943491008,-0.008298802814695066
12575,-1.2697396945655184,-0.008298802814695066
12576,-1.2697396965093484,-0.008298802814695066
12577,-1.2697397018915242,-0.008298802814695066
12578,-1.2697397058632494,-0.008298802814695066
12579,-1.2697397133356478,-0.008298802814695066
12580,-1.269739714021671,-0.008298802814695066
12581,-1.2697397140667237,-0.008298802814695066
12582,-1.2697397175900054,-0.008298802814695066
12583,-1.2697397186098902,-0.008298802814695066
12584,-1.2697397309261431,-0.008298802814695066
12585,-1.2697397468786165,-0.008298802814695066
12586,-1.2697397513164437,-0.008298802814695066
12587,-1.2697397526408425,-0.008298802814695066
12588,-1.2697397552169976,-0.008298802814695066
12589,-1.2697397578128413,-0.008298802814695066
12590,-1.2697397618342763,-0.008298802814695066
12591,-1.269739766232616,-0.008298802814695066
12592,-1.2697397670938764,-0.008298802814695066
12593,-1.269739767588473,-0.008298802814695066
12594,-1.269739771821521,-0.008298802814695066
12595,-1.2697397741603633,-0.008298802814695066
12596,-1.2697397787653273,-0.008298802814695066
12597,-1.269739778887379,-0.008298802814695066
12598,-1.2697397795110685,-0.008298802814695066
12599,-1.2697397827042056,-0.008298802814695066
12600,-1.2697397849988974,-0.008298802814695066
12601,-1.2697397868312859,-0.008298802814695066
12602,-1.2697397874333793,-0.008298802814695066
12603,-1.2697397890967534,-0.008298802814695066
12604,-1.269739789587915,-0.008298802814695066
12605,-1.269739793263782,-0.008298802814695066
12606,-1.2697397968926665,-0.008298802814695066
12607,-1.2697397992231059,-0.008298802814695066
12608,-1.2697398079948385,-0.008298802814695066
12609,-1.2697398089341756,-0.008298802814695066
12610,-1.2697398089700611,-0.008298802814695066
12611,-1.2697398091411904,-0.008298802814695066
12612,-1.2697398106326834,-0.008298802814695066
12613,-1.269739821441953,-0.008298802814695066
12614,-1.2697398218935878,-0.008298802814695066
12615,-1.2697398265951743,-0.008298802814695066
12616,-1.2697398268892968,-0.008298802814695066
12617,-1.2697398275139253,-0.008298802814695066
12618,-1.2697398276120673,-0.008298802814695066
12619,-1.2697398304369587,-0.008298802814695066
12620,-1.2697398310045793,-0.008298802814695066
12621,-1.2697398315802952,-0.008298802814695066
12622,-1.2697398363885901,-0.008298802814695066
12623,-1.2697398378871423,-0.008298802814695066
12624,-1.269739839278678,-0.008298802814695066
12625,-1.2697398412398513,-0.008298802814695066
12626,-1.2697398422225812,-0.008298802814695066
12627,-1.2697398440363865,-0.008298802814695066
12628,-1.2697398516652196,-0.008298802814695066
12629,-1.2697398532166129,-0.008298802814695066
12630,-1.2697398561509707,-0.008298802814695066
12631,-1.2697398643523685,-0.008298802814695066
12632,-1.269739871116917,-0.008298802814695066
12633,-1.269739872185059,-0.008298802814695066
12634,-1.2697398741399073,-0.008298802814695066
12635,-1.269739877821106,-0.008298802814695066
12636,-1.2697398780297329,-0.008298802814695066
12637,-1.2697398783166034,-0.008298802814695066
12638,-1.2697398833481088,-0.008298802814695066
12639,-1.2697398841234768,-0.008298802814695066
12640,-1.2697398848483163,-0.008298802814695066
12641,-1.2697398849928012,-0.008298802814695066
12642,-1.2697398856358348,-0.008298802814695066
12643,-1.269739886750253,-0.008298802814695066
12644,-1.2697398887225857,-0.008298802814695066
12645,-1.2697398913469773,-0.008298802814695066
12646,-1.2697398940819147,-0.008298802814695066
12647,-1.269739897874004,-0.008298802814695066
12648,-1.2697399041275266,-0.008298802814695066
12649,-1.2697399042618611,-0.008298802814695066
12650,-1.269739913641749,-0.008298802814695066
12651,-1.269739916729057,-0.008298802814695066
12652,-1.2697399179863709,-0.008298802814695066
12653,-1.2697399182007114,-0.008298802814695066
12654,-1.269739921193081,-0.008298802814695066
12655,-1.269739923076275,-0.008298802814695066
12656,-1.2697399257155326,-0.008298802814695066
12657,-1.2697399288797493,-0.008298802814695066
12658,-1.2697399294190035,-0.008298802814695066
12659,-1.269739934682693,-0.008298802814695066
12660,-1.2697399361052404,-0.008298802814695066
12661,-1.2697399366854978,-0.008298802814695066
12662,-1.2697399388978072,-0.008298802814695066
12663,-1.269739939278545,-0.008298802814695066
12664,-1.2697399422750195,-0.008298802814695066
12665,-1.269739942500597,-0.008298802814695066
12666,-1.2697399445904634,-0.008298802814695066
12667,-1.2697399449990137,-0.008298802814695066
12668,-1.2697399486596668,-0.008298802814695066
12669,-1.2697399490074117,-0.008298802814695066
12670,-1.2697399493103134,-0.008298802814695066
12671,-1.2697399494194772,-0.008298802814695066
12672,-1.2697399517827568,-0.008298802814695066
12673,-1.2697399526120776,-0.008298802814695066
12674,-1.2697399577367745,-0.008298802814695066
12675,-1.269739958465257,-0.008298802814695066
12676,-1.2697399591683811,-0.008298802814695066
12677,-1.2697399643717906,-0.008298802814695066
12678,-1.2697399660405106,-0.008298802814695066
12679,-1.2697399666611444,-0.008298802814695066
12680,-1.2697399693967448,-0.008298802814695066
12681,-1.2697399715939972,-0.008298802814695066
12682,-1.2697399720496803,-0.008298802814695066
12683,-1.2697399736102652,-0.008298802814695066
12684,-1.2697399746023392,-0.008298802814695066
12685,-1.2697399807179797,-0.008298802814695066
12686,-1.2697399807607284,-0.008298802814695066
12687,-1.2697399836311989,-0.008298802814695066
12688,-1.2697399838051695,-0.008298802814695066
12689,-1.2697399862741026,-0.008298802814695066
12690,-1.2697399878337712,-0.008298802814695066
12691,-1.269739995225822,-0.008298802814695066
12692,-1.2697399970799368,-0.008298802814695066
12693,-1.269740000026626,-0.008298802814695066
12694,-1.269740000710526,-0.008298802814695066
12695,-1.2697400015437437,-0.008298802814695066
12696,-1.2697400016493576,-0.008298802814695066
12697,-1.2697400067322713,-0.008298802814695066
12698,-1.2697400072581855,-0.008298802814695066
12699,-1.2697400103606133,-0.008298802814695066
12700,-1.269740014600779,-0.008298802814695066
12701,-1.2697400153019642,-0.008298802814695066
12702,-1.2697400160279992,-0.008298802814695066
12703,-1.2697400164118329,-0.008298802814695066
12704,-1.269740018025712,-0.008298802814695066
12705,-1.2697400206165523,-0.008298802814695066
12706,-1.2697400237549585,-0.008298802814695066
12707,-1.2697400244432142,-0.008298802814695066
12708,-1.2697400319525507,-0.008298802814695066
12709,-1.269740035668222,-0.008298802814695066
12710,-1.2697400394781704,-0.008298802814695066
12711,-1.269740039650086,-0.008298802814695066
12712,-1.2697400401056758,-0.008298802814695066
12713,-1.269740045361729,-0.008298802814695066
12714,-1.2697400459244674,-0.008298802814695066
12715,-1.2697400469124025,-0.008298802814695066
12716,-1.2697400494129811,-0.008298802814695066
12717,-1.269740050815836,-0.008298802814695066
12718,-1.2697400513813224,-0.008298802814695066
12719,-1.2697400580552483,-0.008298802814695066
12720,-1.2697400580772278,-0.008298802814695066
12721,-1.2697400585546044,-0.008298802814695066
12722,-1.2697400587849896,-0.008298802814695066
12723,-1.2697400633684024,-0.008298802814695066
12724,-1.2697400657974343,-0.008298802814695066
12725,-1.269740072788775,-0.008298802814695066
12726,-1.2697400733576165,-0.008298802814695066
12727,-1.2697400781013117,-0.008298802814695066
12728,-1.2697400832881471,-0.008298802814695066
12729,-1.2697400846566542,-0.008298802814695066
12730,-1.2697400854051784,-0.008298802814695066
12731,-1.2697400991783252,-0.008298802814695066
12732,-1.2697401005585238,-0.008298802814695066
12733,-1.2697401010311895,-0.008298802814695066
12734,-1.2697401043474614,-0.008298802814695066
12735,-1.2697401056240247,-0.008298802814695066
12736,-1.2697401132398884,-0.008298802814695066
12737,-1.2697401139042213,-0.008298802814695066
12738,-1.2697401139406217,-0.008298802814695066
12739,-1.2697401171436786,-0.008298802814695066
12740,-1.2697401191721664,-0.008298802814695066
12741,-1.269740121921486,-0.008298802814695066
12742,-1.269740125746147,-0.008298802814695066
12743,-1.2697401266816746,-0.008298802814695066
12744,-1.269740128275108,-0.008298802814695066
12745,-1.2697401306386809,-0.008298802814695066
12746,-1.2697401354121953,-0.008298802814695066
12747,-1.269740141717938,-0.008298802814695066
12748,-1.2697401473393255,-0.008298802814695066
12749,-1.269740152849885,-0.008298802814695066
12750,-1.2697401577444551,-0.008298802814695066
12751,-1.2697401598502884,-0.008298802814695066
12752,-1.2697401642889548,-0.008298802814695066
12753,-1.2697401669799908,-0.008298802814695066
12754,-1.2697401745304413,-0.008298802814695066
12755,-1.2697401745548378,-0.008298802814695066
12756,-1.2697401816408325,-0.008298802814695066
12757,-1.2697401837462716,-0.008298802814695066
12758,-1.2697401844464105,-0.008298802814695066
12759,-1.2697401848244558,-0.008298802814695066
12760,-1.2697401869840619,-0.008298802814695066
12761,-1.2697401883318253,-0.008298802814695066
12762,-1.2697401929081016,-0.008298802814695066
12763,-1.2697401938550092,-0.008298802814695066
12764,-1.2697401954946903,-0.008298802814695066
12765,-1.2697401955868635,-0.008298802814695066
12766,-1.2697401999259599,-0.008298802814695066
12767,-1.2697402046518964,-0.008298802814695066
12768,-1.2697402051138225,-0.008298802814695066
12769,-1.2697402096559505,-0.008298802814695066
12770,-1.2697402127743476,-0.008298802814695066
12771,-1.2697402128234632,-0.008298802814695066
12772,-1.2697402132875948,-0.008298802814695066
12773,-1.26974021527628,-0.008298802814695066
12774,-1.269740222274279,-0.008298802814695066
12775,-1.2697402321008462,-0.008298802814695066
12776,-1.2697402355125154,-0.008298802814695066
12777,-1.269740235740264,-0.008298802814695066
12778,-1.2697402374352127,-0.008298802814695066
12779,-1.2697402376486728,-0.008298802814695066
12780,-1.2697402407599498,-0.008298802814695066
12781,-1.2697402408946643,-0.008298802814695066
12782,-1.2697402416248118,-0.008298802814695066
12783,-1.2697402465825756,-0.008298802814695066
12784,-1.2697402475879842,-0.008298802814695066
12785,-1.2697402545019703,-0.008298802814695066
12786,-1.269740258789514,-0.008298802814695066
12787,-1.2697402589723024,-0.008298802814695066
12788,-1.2697402616730522,-0.008298802814695066
12789,-1.2697402618902751,-0.008298802814695066
12790,-1.2697402738935786,-0.008298802814695066
12791,-1.2697402771730169,-0.008298802814695066
12792,-1.2697402772219284,-0.008298802814695066
12793,-1.2697402821060442,-0.008298802814695066
12794,-1.2697402890902292,-0.008298802814695066
12795,-1.2697402903364887,-0.008298802814695066
12796,-1.2697402908208322,-0.008298802814695066
12797,-1.269740293112804,-0.008298802814695066
12798,-1.2697402956834867,-0.008298802814695066
12799,-1.26974029613853,-0.008298802814695066
12800,-1.269740296585308,-0.008298802814695066
12801,-1.2697402991986553,-0.008298802814695066
12802,-1.2697403001086118,-0.008298802814695066
12803,-1.269740300496346,-0.008298802814695066
12804,-1.2697403008519155,-0.008298802814695066
12805,-1.2697403055971481,-0.008298802814695066
12806,-1.2697403070881368,-0.008298802814695066
12807,-1.2697403167418913,-0.008298802814695066
12808,-1.2697403212529657,-0.008298802814695066
12809,-1.269740322857741,-0.008298802814695066
12810,-1.2697403242911405,-0.008298802814695066
12811,-1.2697403262237874,-0.008298802814695066
12812,-1.269740326642459,-0.008298802814695066
12813,-1.2697403266674758,-0.008298802814695066
12814,-1.2697403284708964,-0.008298802814695066
12815,-1.2697403316229467,-0.008298802814695066
12816,-1.2697403366100373,-0.008298802814695066
12817,-1.269740338255143,-0.008298802814695066
12818,-1.2697403386091242,-0.008298802814695066
12819,-1.269740340485731,-0.008298802814695066
12820,-1.269740344521364,-0.008298802814695066
12821,-1.2697403459783174,-0.008298802814695066
12822,-1.269740353949097,-0.008298802814695066
12823,-1.269740354884211,-0.008298802814695066
12824,-1.269740356874465,-0.008298802814695066
12825,-1.2697403615743297,-0.008298802814695066
12826,-1.2697403641191352,-0.008298802814695066
12827,-1.2697403648308296,-0.008298802814695066
12828,-1.2697403695873386,-0.008298802814695066
12829,-1.269740370637441,-0.008298802814695066
12830,-1.2697403739501483,-0.008298802814695066
12831,-1.2697403739921678,-0.008298802814695066
12832,-1.2697403761272053,-0.008298802814695066
12833,-1.2697403762436508,-0.008298802814695066
12834,-1.2697403769648639,-0.008298802814695066
12835,-1.269740379155244,-0.008298802814695066
12836,-1.2697403815313622,-0.008298802814695066
12837,-1.2697403821720492,-0.008298802814695066
12838,-1.2697403861808736,-0.008298802814695066
12839,-1.2697403862842735,-0.008298802814695066
12840,-1.269740387617437,-0.008298802814695066
12841,-1.269740388124624,-0.008298802814695066
12842,-1.2697403890960524,-0.008298802814695066
12843,-1.2697403936515645,-0.008298802814695066
12844,-1.2697403945020636,-0.008298802814695066
12845,-1.269740395933406,-0.008298802814695066
12846,-1.269740398100078,-0.008298802814695066
12847,-1.269740398975376,-0.008298802814695066
12848,-1.2697403992464062,-0.008298802814695066
12849,-1.2697404003128885,-0.008298802814695066
12850,-1.2697404003277133,-0.008298802814695066
12851,-1.2697404036766426,-0.008298802814695066
12852,-1.2697404051056798,-0.008298802814695066
12853,-1.269740408883033,-0.008298802814695066
12854,-1.2697404101976215,-0.008298802814695066
12855,-1.2697404107460364,-0.008298802814695066
12856,-1.2697404142048556,-0.008298802814695066
12857,-1.2697404163278798,-0.008298802814695066
12858,-1.2697404171968434,-0.008298802814695066
12859,-1.269740417651409,-0.008298802814695066
12860,-1.2697404194023136,-0.008298802814695066
12861,-1.269740421576611,-0.008298802814695066
12862,-1.2697404215793495,-0.008298802814695066
12863,-1.2697404249822648,-0.008298802814695066
12864,-1.2697404250549555,-0.008298802814695066
12865,-1.2697404275999136,-0.008298802814695066
12866,-1.2697404282873774,-0.008298802814695066
12867,-1.2697404289296856,-0.008298802814695066
12868,-1.2697404300140933,-0.008298802814695066
12869,-1.2697404310199147,-0.008298802814695066
12870,-1.2697404346200072,-0.008298802814695066
12871,-1.2697404347642762,-0.008298802814695066
12872,-1.2697404415104696,-0.008298802814695066
12873,-1.2697404440291225,-0.008298802814695066
12874,-1.2697404445655538,-0.008298802814695066
12875,-1.2697404453739705,-0.008298802814695066
12876,-1.269740445413742,-0.008298802814695066
12877,-1.2697404456234638,-0.008298802814695066
12878,-1.2697404463747122,-0.008298802814695066
12879,-1.269740449243631,-0.008298802814695066
12880,-1.2697404520182194,-0.008298802814695066
12881,-1.2697404570162878,-0.008298802814695066
12882,-1.269740458002339,-0.008298802814695066
12883,-1.2697404602872795,-0.008298802814695066
12884,-1.269740463322246,-0.008298802814695066
12885,-1.2697404669074899,-0.008298802814695066
12886,-1.2697404706458786,-0.008298802814695066
12887,-1.2697404715173048,-0.008298802814695066
12888,-1.2697404754397614,-0.008298802814695066
12889,-1.2697404761224775,-0.008298802814695066
12890,-1.269740478114977,-0.008298802814695066
12891,-1.2697404805970283,-0.008298802814695066
12892,-1.2697404808182968,-0.008298802814695066
12893,-1.2697404839826565,-0.008298802814695066
12894,-1.269740484331086,-0.008298802814695066
12895,-1.2697404844751448,-0.008298802814695066
12896,-1.269740487462798,-0.008298802814695066
12897,-1.2697404907412815,-0.008298802814695066
12898,-1.269740493609413,-0.008298802814695066
12899,-1.26974049550006,-0.008298802814695066
12900,-1.2697404972493787,-0.008298802814695066
12901,-1.2697404976203652,-0.008298802814695066
12902,-1.2697404990386272,-0.008298802814695066
12903,-1.2697404991498584,-0.008298802814695066
12904,-1.2697405004912037,-0.008298802814695066
12905,-1.2697405012894558,-0.008298802814695066
12906,-1.26974050257668,-0.008298802814695066
12907,-1.269740504271605,-0.008298802814695066
12908,-1.2697405060165412,-0.008298802814695066
12909,-1.2697405065119551,-0.008298802814695066
12910,-1.2697405082093922,-0.008298802814695066
12911,-1.2697405085125455,-0.008298802814695066
12912,-1.2697405094488685,-0.008298802814695066
12913,-1.2697405099601262,-0.008298802814695066
12914,-1.2697405103493689,-0.008298802814695066
12915,-1.269740510630653,-0.008298802814695066
12916,-1.2697405116414422,-0.008298802814695066
12917,-1.2697405142022844,-0.008298802814695066
12918,-1.2697405150309324,-0.008298802814695066
12919,-1.269740519766537,-0.008298802814695066
12920,-1.2697405217271063,-0.008298802814695066
12921,-1.2697405242639146,-0.008298802814695066
12922,-1.2697405250839873,-0.008298802814695066
12923,-1.2697405255551375,-0.008298802814695066
12924,-1.2697405255961947,-0.008298802814695066
12925,-1.2697405312699181,-0.008298802814695066
12926,-1.2697405330776719,-0.008298802814695066
12927,-1.2697405347006843,-0.008298802814695066
12928,-1.2697405349681785,-0.008298802814695066
12929,-1.2697405349834558,-0.008298802814695066
12930,-1.2697405365147967,-0.008298802814695066
12931,-1.2697405367461037,-0.008298802814695066
12932,-1.269740536900243,-0.008298802814695066
12933,-1.2697405392280103,-0.008298802814695066
12934,-1.2697405401322528,-0.008298802814695066
12935,-1.2697405432412205,-0.008298802814695066
12936,-1.26974054371692,-0.008298802814695066
12937,-1.2697405454131094,-0.008298802814695066
12938,-1.2697405460412123,-0.008298802814695066
12939,-1.2697405476207477,-0.008298802814695066
12940,-1.269740547985722,-0.008298802814695066
12941,-1.269740549592933,-0.008298802814695066
12942,-1.2697405501625108,-0.008298802814695066
12943,-1.2697405511471196,-0.008298802814695066
12944,-1.269740553881411,-0.008298802814695066
12945,-1.2697405561513502,-0.008298802814695066
12946,-1.2697405582539016,-0.008298802814695066
12947,-1.2697405610118533,-0.008298802814695066
12948,-1.269740562199152,-0.008298802814695066
12949,-1.2697405625749245,-0.008298802814695066
12950,-1.2697405640414152,-0.008298802814695066
12951,-1.2697405655220577,-0.008298802814695066
12952,-1.2697405655809417,-0.008298802814695066
12953,-1.2697405657403968,-0.008298802814695066
12954,-1.269740566444634,-0.008298802814695066
12955,-1.2697405675469828,-0.008298802814695066
12956,-1.2697405676738531,-0.008298802814695066
12957,-1.2697405729505535,-0.008298802814695066
12958,-1.269740573163502,-0.008298802814695066
12959,-1.2697405739652654,-0.008298802814695066
12960,-1.269740576665268,-0.008298802814695066
12961,-1.2697405768517165,-0.008298802814695066
12962,-1.2697405770450636,-0.008298802814695066
12963,-1.2697405794748298,-0.008298802814695066
12964,-1.2697405803580755,-0.008298802814695066
12965,-1.269740580362924,-0.008298802814695066
12966,-1.2697405816835936,-0.008298802814695066
12967,-1.2697405826320403,-0.008298802814695066
12968,-1.2697405865427172,-0.008298802814695066
12969,-1.2697405884282114,-0.008298802814695066
12970,-1.2697405889428146,-0.008298802814695066
12971,-1.2697405961026056,-0.008298802814695066
12972,-1.2697405962739599,-0.008298802814695066
12973,-1.2697405965158892,-0.008298802814695066
12974,-1.2697405985388979,-0.008298802814695066
12975,-1.2697405989524435,-0.008298802814695066
12976,-1.2697405991958886,-0.008298802814695066
12977,-1.2697405999022597,-0.008298802814695066
12978,-1.2697406000154567,-0.008298802814695066
12979,-1.269740601870249,-0.008298802814695066
12980,-1.269740602055656,-0.008298802814695066
12981,-1.2697406027004798,-0.008298802814695066
12982,-1.2697406035507182,-0.008298802814695066
12983,-1.2697406078504896,-0.008298802814695066
12984,-1.2697406091383485,-0.008298802814695066
12985,-1.2697406104569045,-0.008298802814695066
12986,-1.2697406112578178,-0.008298802814695066
12987,-1.269740613311647,-0.008298802814695066
12988,-1.2697406135417135,-0.008298802814695066
12989,-1.2697406148869166,-0.008298802814695066
12990,-1.2697406157582876,-0.008298802814695066
12991,-1.2697406160926898,-0.008298802814695066
12992,-1.2697406190752574,-0.008298802814695066
12993,-1.269740619540874,-0.008298802814695066
12994,-1.269740620335113,-0.008298802814695066
12995,-1.2697406225814725,-0.008298802814695066
12996,-1.2697406229761783,-0.008298802814695066
12997,-1.2697406236235713,-0.008298802814695066
12998,-1.269740625424792,-0.008298802814695066
12999,-1.2697406256080268,-0.008298802814695066
13000,-1.2697406257139234,-0.008298802814695066
13001,-1.2697406277964485,-0.008298802814695066
13002,-1.2697406279147232,-0.008298802814695066
13003,-1.269740628460106,-0.008298802814695066
13004,-1.2697406292387685,-0.008298802814695066
13005,-1.2697406312658386,-0.008298802814695066
13006,-1.2697406316029294,-0.008298802814695066
13007,-1.269740632462303,-0.008298802814695066
13008,-1.2697406327268348,-0.008298802814695066
13009,-1.2697406327537524,-0.008298802814695066
13010,-1.2697406328646204,-0.008298802814695066
13011,-1.269740633161468,-0.008298802814695066
13012,-1.2697406362762709,-0.008298802814695066
13013,-1.269740637671077,-0.008298802814695066
13014,-1.2697406378504412,-0.008298802814695066
13015,-1.269740638340512,-0.008298802814695066
13016,-1.269740639072284,-0.008298802814695066
13017,-1.2697406407375083,-0.008298802814695066
13018,-1.26974064419071,-0.008298802814695066
13019,-1.2697406463996552,-0.008298802814695066
13020,-1.269740650702506,-0.008298802814695066
13021,-1.2697406547100336,-0.008298802814695066
13022,-1.2697406632262362,-0.008298802814695066
13023,-1.2697406641306341,-0.008298802814695066
13024,-1.2697406644855689,-0.008298802814695066
13025,-1.2697406668149755,-0.008298802814695066
13026,-1.2697406676863274,-0.008298802814695066
13027,-1.269740671550066,-0.008298802814695066
13028,-1.269740674468238,-0.008298802814695066
13029,-1.2697406745989592,-0.008298802814695066
13030,-1.269740675382394,-0.008298802814695066
13031,-1.2697406754479346,-0.008298802814695066
13032,-1.2697406770643265,-0.008298802814695066
13033,-1.2697406780975289,-0.008298802814695066
13034,-1.2697406788348626,-0.008298802814695066
13035,-1.2697406799654236,-0.008298802814695066
13036,-1.2697406850450648,-0.008298802814695066
13037,-1.2697406851847168,-0.008298802814695066
13038,-1.2697406853794542,-0.008298802814695066
13039,-1.269740686480978,-0.008298802814695066
13040,-1.2697406923675327,-0.008298802814695066
13041,-1.2697406948511076,-0.008298802814695066
13042,-1.2697406978775203,-0.008298802814695066
13043,-1.26974069845465,-0.008298802814695066
13044,-1.2697406991954003,-0.008298802814695066
13045,-1.2697407030744836,-0.008298802814695066
13046,-1.2697407036381563,-0.008298802814695066
13047,-1.2697407042786892,-0.008298802814695066
13048,-1.2697407044961204,-0.008298802814695066
13049,-1.2697407090297186,-0.008298802814695066
13050,-1.2697407093165658,-0.008298802814695066
13051,-1.2697407097063063,-0.008298802814695066
13052,-1.2697407120779243,-0.008298802814695066
13053,-1.2697407156040246,-0.008298802814695066
13054,-1.2697407176912168,-0.008298802814695066
13055,-1.2697407220827333,-0.008298802814695066
13056,-1.2697407245591272,-0.008298802814695066
13057,-1.2697407264381213,-0.008298802814695066
13058,-1.2697407277596076,-0.008298802814695066
13059,-1.2697407296377472,-0.008298802814695066
13060,-1.2697407325319436,-0.008298802814695066
13061,-1.2697407354680836,-0.008298802814695066
13062,-1.26974073971799,-0.008298802814695066
13063,-1.2697407407978893,-0.008298802814695066
13064,-1.2697407435085188,-0.008298802814695066
13065,-1.2697407465329469,-0.008298802814695066
13066,-1.2697407487232755,-0.008298802814695066
13067,-1.2697407505245444,-0.008298802814695066
13068,-1.2697407512416525,-0.008298802814695066
13069,-1.2697407512537677,-0.008298802814695066
13070,-1.2697407516738923,-0.008298802814695066
13071,-1.2697407525192514,-0.008298802814695066
13072,-1.2697407529630362,-0.008298802814695066
13073,-1.26974075361218,-0.008298802814695066
13074,-1.2697407537661325,-0.008298802814695066
13075,-1.2697407548685815,-0.008298802814695066
13076,-1.2697407548757522,-0.008298802814695066
13077,-1.2697407556681064,-0.008298802814695066
13078,-1.269740755749686,-0.008298802814695066
13079,-1.2697407568652057,-0.008298802814695066
13080,-1.2697407578287223,-0.008298802814695066
13081,-1.2697407611494747,-0.008298802814695066
13082,-1.2697407618260863,-0.008298802814695066
13083,-1.2697407632270141,-0.008298802814695066
13084,-1.2697407633383424,-0.008298802814695066
13085,-1.2697407675992372,-0.008298802814695066
13086,-1.2697407678059287,-0.008298802814695066
13087,-1.269740770660782,-0.008298802814695066
13088,-1.2697407715462627,-0.008298802814695066
13089,-1.2697407726995693,-0.008298802814695066
13090,-1.2697407727801524,-0.008298802814695066
13091,-1.2697407728430028,-0.008298802814695066
13092,-1.2697407740113615,-0.008298802814695066
13093,-1.269740775838944,-0.008298802814695066
13094,-1.2697407807294536,-0.008298802814695066
13095,-1.2697407807902028,-0.008298802814695066
13096,-1.2697407812026367,-0.008298802814695066
13097,-1.2697407815072217,-0.008298802814695066
13098,-1.2697407821451265,-0.008298802814695066
13099,-1.2697407825115439,-0.008298802814695066
13100,-1.2697407831042955,-0.008298802814695066
13101,-1.2697407839456551,-0.008298802814695066
13102,-1.2697407841409558,-0.008298802814695066
13103,-1.2697407865593016,-0.008298802814695066
13104,-1.2697407867514354,-0.008298802814695066
13105,-1.269740791188469,-0.008298802814695066
13106,-1.2697407924678383,-0.008298802814695066
13107,-1.2697407947086772,-0.008298802814695066
13108,-1.2697407950308637,-0.008298802814695066
13109,-1.2697407951802453,-0.008298802814695066
13110,-1.269740798898367,-0.008298802814695066
13111,-1.2697407996010386,-0.008298802814695066
13112,-1.2697408002908785,-0.008298802814695066
13113,-1.2697408009527074,-0.008298802814695066
13114,-1.2697408044616587,-0.008298802814695066
13115,-1.2697408052824115,-0.008298802814695066
13116,-1.2697408057330297,-0.008298802814695066
13117,-1.2697408063300426,-0.008298802814695066
13118,-1.2697408069923832,-0.008298802814695066
13119,-1.26974080812816,-0.008298802814695066
13120,-1.269740808144385,-0.008298802814695066
13121,-1.2697408096257812,-0.008298802814695066
13122,-1.269740811813814,-0.008298802814695066
13123,-1.269740812185618,-0.008298802814695066
13124,-1.2697408131305261,-0.008298802814695066
13125,-1.2697408161995813,-0.008298802814695066
13126,-1.269740818988831,-0.008298802814695066
13127,-1.2697408203365348,-0.008298802814695066
13128,-1.2697408218024175,-0.008298802814695066
13129,-1.269740823210283,-0.008298802814695066
13130,-1.269740823877112,-0.008298802814695066
13131,-1.269740824117139,-0.008298802814695066
13132,-1.2697408245599298,-0.008298802814695066
13133,-1.269740825029866,-0.008298802814695066
13134,-1.2697408255801441,-0.008298802814695066
13135,-1.269740827608913,-0.008298802814695066
13136,-1.269740829984555,-0.008298802814695066
13137,-1.2697408302292725,-0.008298802814695066
13138,-1.269740830754425,-0.008298802814695066
13139,-1.2697408311067062,-0.008298802814695066
13140,-1.2697408326580133,-0.008298802814695066
13141,-1.269740834443012,-0.008298802814695066
13142,-1.269740841247066,-0.008298802814695066
13143,-1.2697408418300828,-0.008298802814695066
13144,-1.269740843952011,-0.008298802814695066
13145,-1.2697408447395258,-0.008298802814695066
13146,-1.2697408448902099,-0.008298802814695066
13147,-1.269740848288633,-0.008298802814695066
13148,-1.2697408488659039,-0.008298802814695066
13149,-1.2697408499333322,-0.008298802814695066
13150,-1.2697408505522603,-0.008298802814695066
13151,-1.2697408523829479,-0.008298802814695066
13152,-1.2697408537405221,-0.008298802814695066
13153,-1.2697408562303687,-0.008298802814695066
13154,-1.2697408573161015,-0.008298802814695066
13155,-1.269740857377901,-0.008298802814695066
13156,-1.2697408578388412,-0.008298802814695066
13157,-1.2697408629842608,-0.008298802814695066
13158,-1.2697408659390554,-0.008298802814695066
13159,-1.269740866014308,-0.008298802814695066
13160,-1.2697408670768258,-0.008298802814695066
13161,-1.2697408679962234,-0.008298802814695066
13162,-1.2697408691594,-0.008298802814695066
13163,-1.2697408693482954,-0.008298802814695066
13164,-1.2697408695170853,-0.008298802814695066
13165,-1.2697408699495523,-0.008298802814695066
13166,-1.269740874687593,-0.008298802814695066
13167,-1.2697408760592228,-0.008298802814695066
13168,-1.269740877504454,-0.008298802814695066
13169,-1.2697408778556258,-0.008298802814695066
13170,-1.2697408781176933,-0.008298802814695066
13171,-1.269740878317319,-0.008298802814695066
13172,-1.2697408824759322,-0.008298802814695066
13173,-1.2697408842117608,-0.008298802814695066
13174,-1.269740884705119,-0.008298802814695066
13175,-1.2697408854671632,-0.008298802814695066
13176,-1.2697408855898082,-0.008298802814695066
13177,-1.2697408894547266,-0.008298802814695066
13178,-1.269740890168213,-0.008298802814695066
13179,-1.2697408910847217,-0.008298802814695066
13180,-1.2697408926199552,-0.008298802814695066
13181,-1.2697408930141119,-0.008298802814695066
13182,-1.2697408933885073,-0.008298802814695066
13183,-1.2697408940227306,-0.008298802814695066
13184,-1.2697408963852985,-0.008298802814695066
13185,-1.2697408982214793,-0.008298802814695066
13186,-1.2697408983719018,-0.008298802814695066
13187,-1.269740899627531,-0.008298802814695066
13188,-1.2697408998330517,-0.008298802814695066
13189,-1.2697409019177854,-0.008298802814695066
13190,-1.269740902537329,-0.008298802814695066
13191,-1.269740903088623,-0.008298802814695066
13192,-1.269740904038504,-0.008298802814695066
13193,-1.2697409048952295,-0.008298802814695066
13194,-1.2697409051516013,-0.008298802814695066
13195,-1.2697409067585361,-0.008298802814695066
13196,-1.269740909448486,-0.008298802814695066
13197,-1.269740911482145,-0.008298802814695066
13198,-1.2697409119474665,-0.008298802814695066
13199,-1.26974091265205,-0.008298802814695066
13200,-1.2697409128854302,-0.008298802814695066
13201,-1.269740913250356,-0.008298802814695066
13202,-1.2697409133675552,-0.008298802814695066
13203,-1.2697409135039663,-0.008298802814695066
13204,-1.2697409137243416,-0.008298802814695066
13205,-1.2697409150000019,-0.008298802814695066
13206,-1.2697409160373487,-0.008298802814695066
13207,-1.2697409170103429,-0.008298802814695066
13208,-1.2697409188089188,-0.008298802814695066
13209,-1.269740922952602,-0.008298802814695066
13210,-1.2697409245374138,-0.008298802814695066
13211,-1.26974092459929,-0.008298802814695066
13212,-1.2697409274382,-0.008298802814695066
13213,-1.2697409279205256,-0.008298802814695066
13214,-1.2697409287571753,-0.008298802814695066
13215,-1.2697409291955188,-0.008298802814695066
13216,-1.2697409295561557,-0.008298802814695066
13217,-1.2697409305160738,-0.008298802814695066
13218,-1.2697409305896672,-0.008298802814695066
13219,-1.2697409307326895,-0.008298802814695066
13220,-1.2697409315250365,-0.008298802814695066
13221,-1.2697409320774353,-0.008298802814695066
13222,-1.2697409323442743,-0.008298802814695066
13223,-1.2697409333709575,-0.008298802814695066
13224,-1.269740936604582,-0.008298802814695066
13225,-1.2697409428555153,-0.008298802814695066
13226,-1.269740943416328,-0.008298802814695066
13227,-1.2697409474503205,-0.008298802814695066
13228,-1.2697409477010804,-0.008298802814695066
13229,-1.269740948638943,-0.008298802814695066
13230,-1.269740950574509,-0.008298802814695066
13231,-1.2697409510632196,-0.008298802814695066
13232,-1.2697409513375773,-0.008298802814695066
13233,-1.269740952071105,-0.008298802814695066
13234,-1.2697409526501708,-0.008298802814695066
13235,-1.2697409531142902,-0.008298802814695066
13236,-1.2697409541994755,-0.008298802814695066
13237,-1.2697409543996416,-0.008298802814695066
13238,-1.26974095718707,-0.008298802814695066
13239,-1.2697409600744818,-0.008298802814695066
13240,-1.2697409611972972,-0.008298802814695066
13241,-1.269740961826128,-0.008298802814695066
13242,-1.2697409621939333,-0.008298802814695066
13243,-1.2697409622680391,-0.008298802814695066
13244,-1.2697409635779353,-0.008298802814695066
13245,-1.2697409643381794,-0.008298802814695066
13246,-1.269740964917617,-0.008298802814695066
13247,-1.269740965447084,-0.008298802814695066
13248,-1.2697409656254757,-0.008298802814695066
13249,-1.2697409659365588,-0.008298802814695066
13250,-1.2697409672496973,-0.008298802814695066
13251,-1.269740967405867,-0.008298802814695066
13252,-1.2697409686162362,-0.008298802814695066
13253,-1.2697409698444886,-0.008298802814695066
13254,-1.2697409698619224,-0.008298802814695066
13255,-1.269740975145208,-0.008298802814695066
13256,-1.2697409754507667,-0.008298802814695066
13257,-1.2697409769522159,-0.008298802814695066
13258,-1.2697409775908874,-0.008298802814695066
13259,-1.2697409783599714,-0.008298802814695066
13260,-1.2697409800314694,-0.008298802814695066
13261,-1.26974098137467,-0.008298802814695066
13262,-1.2697409837700033,-0.008298802814695066
13263,-1.2697409854250583,-0.008298802814695066
13264,-1.269740986887645,-0.008298802814695066
13265,-1.2697409873788177,-0.008298802814695066
13266,-1.2697409902005494,-0.008298802814695066
13267,-1.2697409916229656,-0.008298802814695066
13268,-1.2697409920792486,-0.008298802814695066
13269,-1.2697409925004508,-0.008298802814695066
13270,-1.2697409930806718,-0.008298802814695066
13271,-1.2697409941076232,-0.008298802814695066
13272,-1.2697409944988158,-0.008298802814695066
13273,-1.2697409947032052,-0.008298802814695066
13274,-1.2697409960516914,-0.008298802814695066
13275,-1.2697409966687752,-0.008298802814695066
13276,-1.2697409967051279,-0.008298802814695066
13277,-1.269740997283776,-0.008298802814695066
13278,-1.2697409994958604,-0.008298802814695066
13279,-1.2697409996269804,-0.008298802814695066
13280,-1.2697410017170092,-0.008298802814695066
13281,-1.2697410018255475,-0.008298802814695066
13282,-1.2697410024694888,-0.008298802814695066
13283,-1.2697410030969944,-0.008298802814695066
13284,-1.2697410037893435,-0.008298802814695066
13285,-1.2697410061632917,-0.008298802814695066
13286,-1.2697410063622314,-0.008298802814695066
13287,-1.269741008525469,-0.008298802814695066
13288,-1.2697410109658573,-0.008298802814695066
13289,-1.2697410120224861,-0.008298802814695066
13290,-1.2697410138922143,-0.008298802814695066
13291,-1.2697410145520085,-0.008298802814695066
13292,-1.2697410149514459,-0.008298802814695066
13293,-1.2697410151570205,-0.008298802814695066
13294,-1.2697410160055802,-0.008298802814695066
13295,-1.2697410174380959,-0.008298802814695066
13296,-1.2697410175749564,-0.008298802814695066
13297,-1.2697410184092845,-0.008298802814695066
13298,-1.2697410200502164,-0.008298802814695066
13299,-1.2697410207314817,-0.008298802814695066
13300,-1.2697410234910458,-0.008298802814695066
13301,-1.2697410235471795,-0.008298802814695066
13302,-1.2697410241120237,-0.008298802814695066
13303,-1.269741025279921,-0.008298802814695066
13304,-1.2697410256497794,-0.008298802814695066
13305,-1.2697410260725996,-0.008298802814695066
13306,-1.2697410266367912,-0.008298802814695066
13307,-1.2697410268906637,-0.008298802814695066
13308,-1.2697410282309187,-0.008298802814695066
13309,-1.2697410285466122,-0.008298802814695066
13310,-1.2697410294934137,-0.008298802814695066
13311,-1.2697410313481314,-0.008298802814695066
13312,-1.2697410329078505,-0.008298802814695066
13313,-1.2697410356247616,-0.008298802814695066
13314,-1.269741035788821,-0.008298802814695066
13315,-1.2697410362776265,-0.008298802814695066
13316,-1.269741038471287,-0.008298802814695066
13317,-1.26974103873716,-0.008298802814695066
13318,-1.2697410389883268,-0.008298802814695066
13319,-1.2697410393251558,-0.008298802814695066
13320,-1.269741039926945,-0.008298802814695066
13321,-1.269741039976937,-0.008298802814695066
13322,-1.2697410416414747,-0.008298802814695066
13323,-1.2697410422377626,-0.008298802814695066
13324,-1.2697410427258173,-0.008298802814695066
13325,-1.2697410451162663,-0.008298802814695066
13326,-1.2697410504585482,-0.008298802814695066
13327,-1.269741052542227,-0.008298802814695066
13328,-1.2697410535718037,-0.008298802814695066
13329,-1.2697410557090762,-0.008298802814695066
13330,-1.2697410557748934,-0.008298802814695066
13331,-1.2697410558138404,-0.008298802814695066
13332,-1.269741056052026,-0.008298802814695066
13333,-1.2697410561163465,-0.008298802814695066
13334,-1.2697410563008404,-0.008298802814695066
13335,-1.2697410571354777,-0.008298802814695066
13336,-1.2697410578107813,-0.008298802814695066
13337,-1.2697410586324342,-0.008298802814695066
13338,-1.2697410589975817,-0.008298802814695066
13339,-1.2697410597407512,-0.008298802814695066
13340,-1.2697410604136563,-0.008298802814695066
13341,-1.2697410611848494,-0.008298802814695066
13342,-1.2697410618333893,-0.008298802814695066
13343,-1.2697410621039829,-0.008298802814695066
13344,-1.2697410629329906,-0.008298802814695066
13345,-1.26974106383317,-0.008298802814695066
13346,-1.2697410645590195,-0.008298802814695066
13347,-1.269741064727884,-0.008298802814695066
13348,-1.269741064985321,-0.008298802814695066
13349,-1.269741066937402,-0.008298802814695066
13350,-1.269741068085514,-0.008298802814695066
13351,-1.2697410685967498,-0.008298802814695066
13352,-1.2697410686050172,-0.008298802814695066
13353,-1.269741069097826,-0.008298802814695066
13354,-1.2697410698733196,-0.008298802814695066
13355,-1.2697410705014966,-0.008298802814695066
13356,-1.2697410715319155,-0.008298802814695066
13357,-1.2697410716454507,-0.008298802814695066
13358,-1.2697410733821628,-0.008298802814695066
13359,-1.2697410734567136,-0.008298802814695066
13360,-1.2697410741042847,-0.008298802814695066
13361,-1.269741074404188,-0.008298802814695066
13362,-1.2697410757585792,-0.008298802814695066
13363,-1.2697410758710297,-0.008298802814695066
13364,-1.2697410760202694,-0.008298802814695066
13365,-1.2697410762454897,-0.008298802814695066
13366,-1.2697410771337352,-0.008298802814695066
13367,-1.2697410806322473,-0.008298802814695066
13368,-1.269741084641386,-0.008298802814695066
13369,-1.269741086363819,-0.008298802814695066
13370,-1.269741088907552,-0.008298802814695066
13371,-1.2697410892546317,-0.008298802814695066
13372,-1.2697410913167995,-0.008298802814695066
13373,-1.2697410918268706,-0.008298802814695066
13374,-1.2697410927996118,-0.008298802814695066
13375,-1.2697410931860964,-0.008298802814695066
13376,-1.269741095002872,-0.008298802814695066
13377,-1.2697410954349864,-0.008298802814695066
13378,-1.26974109558428,-0.008298802814695066
13379,-1.269741096213672,-0.008298802814695066
13380,-1.2697410962638742,-0.008298802814695066
13381,-1.2697410964409097,-0.008298802814695066
13382,-1.2697410971706178,-0.008298802814695066
13383,-1.2697410972842904,-0.008298802814695066
13384,-1.2697410973834233,-0.008298802814695066
13385,-1.2697410985582107,-0.008298802814695066
13386,-1.269741098816791,-0.008298802814695066
13387,-1.2697411006995636,-0.008298802814695066
13388,-1.2697411010040067,-0.008298802814695066
13389,-1.2697411016248867,-0.008298802814695066
13390,-1.2697411035212574,-0.008298802814695066
13391,-1.2697411037990904,-0.008298802814695066
13392,-1.2697411059092125,-0.008298802814695066
13393,-1.2697411074377338,-0.008298802814695066
13394,-1.269741109034472,-0.008298802814695066
13395,-1.2697411096816498,-0.008298802814695066
13396,-1.2697411098460007,-0.008298802814695066
13397,-1.2697411124589202,-0.008298802814695066
13398,-1.2697411139196693,-0.008298802814695066
13399,-1.269741114207604,-0.008298802814695066
13400,-1.2697411142584563,-0.008298802814695066
13401,-1.2697411154815088,-0.008298802814695066
13402,-1.2697411163891994,-0.008298802814695066
13403,-1.2697411166984467,-0.008298802814695066
13404,-1.2697411167288186,-0.008298802814695066
13405,-1.2697411171544928,-0.008298802814695066
13406,-1.2697411183152703,-0.008298802814695066
13407,-1.2697411189307157,-0.008298802814695066
13408,-1.269741123049843,-0.008298802814695066
13409,-1.2697411243303685,-0.008298802814695066
13410,-1.2697411254550115,-0.008298802814695066
13411,-1.2697411266945013,-0.008298802814695066
13412,-1.2697411270967205,-0.008298802814695066
13413,-1.2697411271799817,-0.008298802814695066
13414,-1.269741127349159,-0.008298802814695066
13415,-1.269741127533291,-0.008298802814695066
13416,-1.2697411282137971,-0.008298802814695066
13417,-1.2697411285587974,-0.008298802814695066
13418,-1.2697411294859402,-0.008298802814695066
13419,-1.2697411312484665,-0.008298802814695066
13420,-1.2697411337554632,-0.008298802814695066
13421,-1.2697411358807424,-0.008298802814695066
13422,-1.2697411374990102,-0.008298802814695066
13423,-1.2697411375118124,-0.008298802814695066
13424,-1.269741143009985,-0.008298802814695066
13425,-1.2697411431169414,-0.008298802814695066
13426,-1.2697411434697026,-0.008298802814695066
13427,-1.2697411445520834,-0.008298802814695066
13428,-1.2697411448642313,-0.008298802814695066
13429,-1.269741146558411,-0.008298802814695066
13430,-1.2697411466438815,-0.008298802814695066
13431,-1.2697411467049655,-0.008298802814695066
13432,-1.2697411472084843,-0.008298802814695066
13433,-1.2697411474962828,-0.008298802814695066
13434,-1.2697411480349001,-0.008298802814695066
13435,-1.2697411486807186,-0.008298802814695066
13436,-1.2697411500342883,-0.008298802814695066
13437,-1.269741150267556,-0.008298802814695066
13438,-1.2697411516891697,-0.008298802814695066
13439,-1.2697411522073305,-0.008298802814695066
13440,-1.2697411541630985,-0.008298802814695066
13441,-1.2697411548165412,-0.008298802814695066
13442,-1.269741155343263,-0.008298802814695066
13443,-1.2697411566579926,-0.008298802814695066
13444,-1.2697411579579188,-0.008298802814695066
13445,-1.269741158236663,-0.008298802814695066
13446,-1.2697411594057053,-0.008298802814695066
13447,-1.2697411597059682,-0.008298802814695066
13448,-1.2697411599861954,-0.008298802814695066
13449,-1.2697411602780153,-0.008298802814695066
13450,-1.26974116072742,-0.008298802814695066
13451,-1.2697411608838638,-0.008298802814695066
13452,-1.2697411651524941,-0.008298802814695066
13453,-1.2697411653973172,-0.008298802814695066
13454,-1.2697411655467914,-0.008298802814695066
13455,-1.269741165948143,-0.008298802814695066
13456,-1.2697411677179669,-0.008298802814695066
13457,-1.2697411711097624,-0.008298802814695066
13458,-1.2697411713725704,-0.008298802814695066
13459,-1.2697411715865745,-0.008298802814695066
13460,-1.2697411723064218,-0.008298802814695066
13461,-1.269741172638536,-0.008298802814695066
13462,-1.2697411728855217,-0.008298802814695066
13463,-1.269741174843712,-0.008298802814695066
13464,-1.2697411775362606,-0.008298802814695066
13465,-1.2697411775452736,-0.008298802814695066
13466,-1.2697411783461094,-0.008298802814695066
13467,-1.2697411784076207,-0.008298802814695066
13468,-1.2697411807099463,-0.008298802814695066
13469,-1.2697411808350094,-0.008298802814695066
13470,-1.2697411811046535,-0.008298802814695066
13471,-1.269741182606087,-0.008298802814695066
13472,-1.2697411852937985,-0.008298802814695066
13473,-1.269741185528967,-0.008298802814695066
13474,-1.2697411861280035,-0.008298802814695066
13475,-1.2697411880537197,-0.008298802814695066
13476,-1.2697411912844114,-0.008298802814695066
13477,-1.269741191916351,-0.008298802814695066
13478,-1.269741192121004,-0.008298802814695066
13479,-1.2697411926294693,-0.008298802814695066
13480,-1.2697411945472201,-0.008298802814695066
13481,-1.269741194702425,-0.008298802814695066
13482,-1.2697411954771773,-0.008298802814695066
13483,-1.2697411956386555,-0.008298802814695066
13484,-1.2697411976708817,-0.008298802814695066
13485,-1.269741198045511,-0.008298802814695066
13486,-1.2697411983031237,-0.008298802814695066
13487,-1.2697411983925884,-0.008298802814695066
13488,-1.2697411995081163,-0.008298802814695066
13489,-1.2697412023123889,-0.008298802814695066
13490,-1.2697412032749185,-0.008298802814695066
13491,-1.2697412032858888,-0.008298802814695066
13492,-1.269741203972148,-0.008298802814695066
13493,-1.2697412039986404,-0.008298802814695066
13494,-1.269741204180579,-0.008298802814695066
13495,-1.269741204863501,-0.008298802814695066
13496,-1.2697412054278514,-0.008298802814695066
13497,-1.2697412055278712,-0.008298802814695066
13498,-1.2697412070397176,-0.008298802814695066
13499,-1.2697412084778898,-0.008298802814695066
13500,-1.2697412103950922,-0.008298802814695066
13501,-1.269741211049435,-0.008298802814695066
13502,-1.26974121448131,-0.008298802814695066
13503,-1.2697412157371701,-0.008298802814695066
13504,-1.2697412160093053,-0.008298802814695066
13505,-1.269741217978707,-0.008298802814695066
13506,-1.2697412180316237,-0.008298802814695066
13507,-1.2697412193240116,-0.008298802814695066
13508,-1.2697412205089522,-0.008298802814695066
13509,-1.269741221108839,-0.008298802814695066
13510,-1.2697412228202363,-0.008298802814695066
13511,-1.2697412235119911,-0.008298802814695066
13512,-1.269741224409537,-0.008298802814695066
13513,-1.2697412244588433,-0.008298802814695066
13514,-1.2697412246668343,-0.008298802814695066
13515,-1.2697412248749957,-0.008298802814695066
13516,-1.269741224918446,-0.008298802814695066
13517,-1.2697412249929891,-0.008298802814695066
13518,-1.2697412255569285,-0.008298802814695066
13519,-1.269741225773595,-0.008298802814695066
13520,-1.2697412266217634,-0.008298802814695066
13521,-1.2697412272090478,-0.008298802814695066
13522,-1.2697412280572342,-0.008298802814695066
13523,-1.269741228265988,-0.008298802814695066
13524,-1.2697412286732774,-0.008298802814695066
13525,-1.269741230319876,-0.008298802814695066
13526,-1.2697412310086758,-0.008298802814695066
13527,-1.269741231552934,-0.008298802814695066
13528,-1.269741233189366,-0.008298802814695066
13529,-1.2697412336082023,-0.008298802814695066
13530,-1.2697412339104803,-0.008298802814695066
13531,-1.2697412348629684,-0.008298802814695066
13532,-1.2697412350015136,-0.008298802814695066
13533,-1.2697412353051727,-0.008298802814695066
13534,-1.2697412361158213,-0.008298802814695066
13535,-1.2697412362959726,-0.008298802814695066
13536,-1.269741236361454,-0.008298802814695066
13537,-1.2697412369232397,-0.008298802814695066
13538,-1.269741237586876,-0.008298802814695066
13539,-1.26974123761743,-0.008298802814695066
13540,-1.2697412382764277,-0.008298802814695066
13541,-1.269741238535672,-0.008298802814695066
13542,-1.2697412393389143,-0.008298802814695066
13543,-1.2697412397978425,-0.008298802814695066
13544,-1.269741240458058,-0.008298802814695066
13545,-1.2697412409941795,-0.008298802814695066
13546,-1.2697412411296107,-0.008298802814695066
13547,-1.2697412427878911,-0.008298802814695066
13548,-1.2697412459965889,-0.008298802814695066
13549,-1.2697412465254492,-0.008298802814695066
13550,-1.2697412465797218,-0.008298802814695066
13551,-1.2697412468731633,-0.008298802814695066
13552,-1.2697412469894263,-0.008298802814695066
13553,-1.269741247131139,-0.008298802814695066
13554,-1.269741248348022,-0.008298802814695066
13555,-1.2697412485287807,-0.008298802814695066
13556,-1.2697412489399005,-0.008298802814695066
13557,-1.2697412498630127,-0.008298802814695066
13558,-1.2697412509519155,-0.008298802814695066
13559,-1.2697412524017055,-0.008298802814695066
13560,-1.269741252792138,-0.008298802814695066
13561,-1.269741252884521,-0.008298802814695066
13562,-1.2697412532321162,-0.008298802814695066
13563,-1.269741253929962,-0.008298802814695066
13564,-1.2697412542449584,-0.008298802814695066
13565,-1.2697412543285806,-0.008298802814695066
13566,-1.2697412545434994,-0.008298802814695066
13567,-1.269741254943957,-0.008298802814695066
13568,-1.269741255132144,-0.008298802814695066
13569,-1.2697412555697016,-0.008298802814695066
13570,-1.2697412559026486,-0.008298802814695066
13571,-1.2697412560909718,-0.008298802814695066
13572,-1.2697412568662803,-0.008298802814695066
13573,-1.269741257020481,-0.008298802814695066
13574,-1.2697412576350484,-0.008298802814695066
13575,-1.269741257730124,-0.008298802814695066
13576,-1.2697412584314454,-0.008298802814695066
13577,-1.2697412585033576,-0.008298802814695066
13578,-1.2697412588266173,-0.008298802814695066
13579,-1.269741259162096,-0.008298802814695066
13580,-1.2697412599311548,-0.008298802814695066
13581,-1.2697412600627358,-0.008298802814695066
13582,-1.2697412624868534,-0.008298802814695066
13583,-1.2697412646125559,-0.008298802814695066
13584,-1.269741265040005,-0.008298802814695066
13585,-1.2697412653098072,-0.008298802814695066
13586,-1.2697412665367067,-0.008298802814695066
13587,-1.2697412675126951,-0.008298802814695066
13588,-1.269741267580363,-0.008298802814695066
13589,-1.2697412679646813,-0.008298802814695066
13590,-1.269741268586717,-0.008298802814695066
13591,-1.2697412696530859,-0.008298802814695066
13592,-1.2697412698384303,-0.008298802814695066
13593,-1.2697412704818525,-0.008298802814695066
13594,-1.2697412710312264,-0.008298802814695066
13595,-1.2697412710413805,-0.008298802814695066
13596,-1.2697412714424507,-0.008298802814695066
13597,-1.2697412722892423,-0.008298802814695066
13598,-1.2697412724157524,-0.008298802814695066
13599,-1.269741272850394,-0.008298802814695066
13600,-1.2697412732971436,-0.008298802814695066
13601,-1.26974127331338,-0.008298802814695066
13602,-1.2697412746574053,-0.008298802814695066
13603,-1.269741274698437,-0.008298802814695066
13604,-1.2697412769354819,-0.008298802814695066
13605,-1.269741277041418,-0.008298802814695066
13606,-1.2697412775754282,-0.008298802814695066
13607,-1.2697412789586577,-0.008298802814695066
13608,-1.2697412790001659,-0.008298802814695066
13609,-1.269741279394355,-0.008298802814695066
13610,-1.2697412826404972,-0.008298802814695066
13611,-1.2697412834228792,-0.008298802814695066
13612,-1.269741284566594,-0.008298802814695066
13613,-1.269741285300188,-0.008298802814695066
13614,-1.269741285378805,-0.008298802814695066
13615,-1.2697412871170894,-0.008298802814695066
13616,-1.2697412875884415,-0.008298802814695066
13617,-1.2697412903182594,-0.008298802814695066
13618,-1.2697412908597485,-0.008298802814695066
13619,-1.2697412910930592,-0.008298802814695066
13620,-1.2697412912904593,-0.008298802814695066
13621,-1.269741292098586,-0.008298802814695066
13622,-1.269741292862839,-0.008298802814695066
13623,-1.2697412936997017,-0.008298802814695066
13624,-1.2697412938694503,-0.008298802814695066
13625,-1.269741294088349,-0.008298802814695066
13626,-1.2697412942595492,-0.008298802814695066
13627,-1.2697412943107904,-0.008298802814695066
13628,-1.269741296546344,-0.008298802814695066
13629,-1.2697412966938015,-0.008298802814695066
13630,-1.2697412980981548,-0.008298802814695066
13631,-1.26974129865754,-0.008298802814695066
13632,-1.2697412989664496,-0.008298802814695066
13633,-1.2697412989753962,-0.008298802814695066
13634,-1.269741299383201,-0.008298802814695066
13635,-1.269741299383651,-0.008298802814695066
13636,-1.2697412999521818,-0.008298802814695066
13637,-1.2697413015583323,-0.008298802814695066
13638,-1.2697413029998645,-0.008298802814695066
13639,-1.269741303202182,-0.008298802814695066
13640,-1.269741303226934,-0.008298802814695066
13641,-1.2697413043852335,-0.008298802814695066
13642,-1.2697413044680868,-0.008298802814695066
13643,-1.2697413050447683,-0.008298802814695066
13644,-1.2697413050857083,-0.008298802814695066
13645,-1.2697413058712972,-0.008298802814695066
13646,-1.2697413059755522,-0.008298802814695066
13647,-1.2697413083804545,-0.008298802814695066
13648,-1.2697413093829761,-0.008298802814695066
13649,-1.2697413094787302,-0.008298802814695066
13650,-1.2697413098815447,-0.008298802814695066
13651,-1.2697413123138042,-0.008298802814695066
13652,-1.2697413142631429,-0.008298802814695066
13653,-1.2697413174266017,-0.008298802814695066
13654,-1.269741318574967,-0.008298802814695066
13655,-1.2697413190941162,-0.008298802814695066
13656,-1.2697413194404161,-0.008298802814695066
13657,-1.2697413194809508,-0.008298802814695066
13658,-1.2697413196701355,-0.008298802814695066
13659,-1.2697413201389585,-0.008298802814695066
13660,-1.2697413205249077,-0.008298802814695066
13661,-1.2697413205719428,-0.008298802814695066
13662,-1.2697413225072454,-0.008298802814695066
13663,-1.2697413225329295,-0.008298802814695066
13664,-1.2697413226100331,-0.008298802814695066
13665,-1.2697413233835175,-0.008298802814695066
13666,-1.2697413234754784,-0.008298802814695066
13667,-1.2697413237631539,-0.008298802814695066
13668,-1.269741324794284,-0.008298802814695066
13669,-1.2697413271402287,-0.008298802814695066
13670,-1.269741327622878,-0.008298802814695066
13671,-1.2697413291212905,-0.008298802814695066
13672,-1.2697413296187914,-0.008298802814695066
13673,-1.2697413297845357,-0.008298802814695066
13674,-1.2697413300119298,-0.008298802814695066
13675,-1.2697413301740013,-0.008298802814695066
13676,-1.2697413308448922,-0.008298802814695066
13677,-1.2697413314421215,-0.008298802814695066
13678,-1.2697413315751476,-0.008298802814695066
13679,-1.2697413316522472,-0.008298802814695066
13680,-1.2697413316827768,-0.008298802814695066
13681,-1.2697413337337566,-0.008298802814695066
13682,-1.2697413349879139,-0.008298802814695066
13683,-1.269741335075085,-0.008298802814695066
13684,-1.2697413351147997,-0.008298802814695066
13685,-1.2697413356106448,-0.008298802814695066
13686,-1.2697413357698077,-0.008298802814695066
13687,-1.2697413361382455,-0.008298802814695066
13688,-1.269741336166943,-0.008298802814695066
13689,-1.2697413369566593,-0.008298802814695066
13690,-1.2697413381486153,-0.008298802814695066
13691,-1.269741338222227,-0.008298802814695066
13692,-1.2697413384215923,-0.008298802814695066
13693,-1.2697413396170405,-0.008298802814695066
13694,-1.2697413396385282,-0.008298802814695066
13695,-1.2697413407401954,-0.008298802814695066
13696,-1.2697413410882026,-0.008298802814695066
13697,-1.2697413430627946,-0.008298802814695066
13698,-1.2697413436371585,-0.008298802814695066
13699,-1.2697413447889572,-0.008298802814695066
13700,-1.2697413449101593,-0.008298802814695066
13701,-1.2697413458852667,-0.008298802814695066
13702,-1.269741346061813,-0.008298802814695066
13703,-1.2697413467336018,-0.008298802814695066
13704,-1.2697413467726433,-0.008298802814695066
13705,-1.269741346914786,-0.008298802814695066
13706,-1.2697413469390908,-0.008298802814695066
13707,-1.2697413472548291,-0.008298802814695066
13708,-1.2697413474547425,-0.008298802814695066
13709,-1.2697413475062567,-0.008298802814695066
13710,-1.2697413476365664,-0.008298802814695066
13711,-1.2697413479808783,-0.008298802814695066
13712,-1.2697413489283993,-0.008298802814695066
13713,-1.2697413520246856,-0.008298802814695066
13714,-1.2697413533230442,-0.008298802814695066
13715,-1.2697413533688813,-0.008298802814695066
13716,-1.2697413540978777,-0.008298802814695066
13717,-1.2697413544295475,-0.008298802814695066
13718,-1.2697413548295944,-0.008298802814695066
13719,-1.2697413572039826,-0.008298802814695066
13720,-1.2697413572705183,-0.008298802814695066
13721,-1.269741357501711,-0.008298802814695066
13722,-1.2697413577289514,-0.008298802814695066
13723,-1.2697413577805845,-0.008298802814695066
13724,-1.2697413581378123,-0.008298802814695066
13725,-1.2697413585031325,-0.008298802814695066
13726,-1.2697413585942599,-0.008298802814695066
13727,-1.269741359184485,-0.008298802814695066
13728,-1.2697413596094136,-0.008298802814695066
13729,-1.2697413601001284,-0.008298802814695066
13730,-1.2697413608497925,-0.008298802814695066
13731,-1.2697413609247665,-0.008298802814695066
13732,-1.2697413614881108,-0.008298802814695066
13733,-1.2697413624900948,-0.008298802814695066
13734,-1.2697413629382777,-0.008298802814695066
13735,-1.2697413635699564,-0.008298802814695066
13736,-1.269741363796235,-0.008298802814695066
13737,-1.2697413638225963,-0.008298802814695066
13738,-1.269741365052948,-0.008298802814695066
13739,-1.2697413657450567,-0.008298802814695066
13740,-1.269741365877009,-0.008298802814695066
13741,-1.269741366835076,-0.008298802814695066
13742,-1.2697413671327213,-0.008298802814695066
13743,-1.269741367512233,-0.008298802814695066
13744,-1.2697413680110252,-0.008298802814695066
13745,-1.2697413683597818,-0.008298802814695066
13746,-1.2697413683906686,-0.008298802814695066
13747,-1.269741368707636,-0.008298802814695066
13748,-1.26974136922802,-0.008298802814695066
13749,-1.2697413695224724,-0.008298802814695066
13750,-1.2697413700104367,-0.008298802814695066
13751,-1.2697413700896234,-0.008298802814695066
13752,-1.269741370162686,-0.008298802814695066
13753,-1.2697413714032533,-0.008298802814695066
13754,-1.2697413719009156,-0.008298802814695066
13755,-1.2697413721379514,-0.008298802814695066
13756,-1.2697413726890976,-0.008298802814695066
13757,-1.2697413738789776,-0.008298802814695066
13758,-1.2697413739854126,-0.008298802814695066
13759,-1.26974137446945,-0.008298802814695066
13760,-1.269741375167682,-0.008298802814695066
13761,-1.2697413752994253,-0.008298802814695066
13762,-1.269741376737342,-0.008298802814695066
13763,-1.2697413770789967,-0.008298802814695066
13764,-1.2697413771863024,-0.008298802814695066
13765,-1.2697413772403419,-0.008298802814695066
13766,-1.2697413782951288,-0.008298802814695066
13767,-1.2697413790974,-0.008298802814695066
13768,-1.2697413799773192,-0.008298802814695066
13769,-1.2697413802287958,-0.008298802814695066
13770,-1.2697413802607684,-0.008298802814695066
13771,-1.2697413809144993,-0.008298802814695066
13772,-1.2697413814020708,-0.008298802814695066
13773,-1.2697413819805807,-0.008298802814695066
13774,-1.2697413824821557,-0.008298802814695066
13775,-1.2697413854796178,-0.008298802814695066
13776,-1.2697413856302227,-0.008298802814695066
13777,-1.2697413857618414,-0.008298802814695066
13778,-1.2697413874345118,-0.008298802814695066
13779,-1.2697413876602868,-0.008298802814695066
13780,-1.2697413880557746,-0.008298802814695066
13781,-1.2697413885348108,-0.008298802814695066
13782,-1.269741388594897,-0.008298802814695066
13783,-1.2697413901117396,-0.008298802814695066
13784,-1.2697413907695263,-0.008298802814695066
13785,-1.2697413917927243,-0.008298802814695066
13786,-1.2697413919420388,-0.008298802814695066
13787,-1.2697413919610037,-0.008298802814695066
13788,-1.2697413921679706,-0.008298802814695066
13789,-1.269741392768621,-0.008298802814695066
13790,-1.2697413930934833,-0.008298802814695066
13791,-1.2697413932555768,-0.008298802814695066
13792,-1.269741393960624,-0.008298802814695066
13793,-1.2697413960474075,-0.008298802814695066
13794,-1.269741396441683,-0.008298802814695066
13795,-1.2697413966487037,-0.008298802814695066
13796,-1.2697413966518658,-0.008298802814695066
13797,-1.2697413994809656,-0.008298802814695066
13798,-1.2697414010440264,-0.008298802814695066
13799,-1.2697414025759073,-0.008298802814695066
13800,-1.2697414027717888,-0.008298802814695066
13801,-1.269741404576186,-0.008298802814695066
13802,-1.2697414051370681,-0.008298802814695066
13803,-1.2697414053764857,-0.008298802814695066
13804,-1.2697414054132634,-0.008298802814695066
13805,-1.2697414062759966,-0.008298802814695066
13806,-1.2697414070614153,-0.008298802814695066
13807,-1.269741407459991,-0.008298802814695066
13808,-1.269741408110639,-0.008298802814695066
13809,-1.269741410754126,-0.008298802814695066
13810,-1.2697414110780822,-0.008298802814695066
13811,-1.2697414114707841,-0.008298802814695066
13812,-1.2697414120303985,-0.008298802814695066
13813,-1.2697414121109734,-0.008298802814695066
13814,-1.2697414132672202,-0.008298802814695066
13815,-1.2697414134820548,-0.008298802814695066
13816,-1.2697414139103491,-0.008298802814695066
13817,-1.269741414096635,-0.008298802814695066
13818,-1.2697414141648002,-0.008298802814695066
13819,-1.2697414146686916,-0.008298802814695066
13820,-1.2697414168185397,-0.008298802814695066
13821,-1.2697414171080263,-0.008298802814695066
13822,-1.2697414173661092,-0.008298802814695066
13823,-1.269741418160898,-0.008298802814695066
13824,-1.269741418398052,-0.008298802814695066
13825,-1.26974141847164,-0.008298802814695066
13826,-1.2697414186482425,-0.008298802814695066
13827,-1.269741419591284,-0.008298802814695066
13828,-1.2697414197789592,-0.008298802814695066
13829,-1.2697414204253783,-0.008298802814695066
13830,-1.2697414213753628,-0.008298802814695066
13831,-1.2697414215920888,-0.008298802814695066
13832,-1.2697414216166671,-0.008298802814695066
13833,-1.2697414218844614,-0.008298802814695066
13834,-1.2697414222464942,-0.008298802814695066
13835,-1.2697414224778705,-0.008298802814695066
13836,-1.269741422652499,-0.008298802814695066
13837,-1.2697414228771153,-0.008298802814695066
13838,-1.2697414231565272,-0.008298802814695066
13839,-1.2697414236916424,-0.008298802814695066
13840,-1.2697414239787876,-0.008298802814695066
13841,-1.269741424471331,-0.008298802814695066
13842,-1.2697414247393142,-0.008298802814695066
13843,-1.269741424973293,-0.008298802814695066
13844,-1.269741424978343,-0.008298802814695066
13845,-1.269741425806382,-0.008298802814695066
13846,-1.2697414266254976,-0.008298802814695066
13847,-1.269741427551661,-0.008298802814695066
13848,-1.2697414276216765,-0.008298802814695066
13849,-1.2697414276954213,-0.008298802814695066
13850,-1.2697414277226322,-0.008298802814695066
13851,-1.269741427929543,-0.008298802814695066
13852,-1.269741427943888,-0.008298802814695066
13853,-1.2697414285732478,-0.008298802814695066
13854,-1.2697414296562184,-0.008298802814695066
13855,-1.2697414297643776,-0.008298802814695066
13856,-1.2697414298599699,-0.008298802814695066
13857,-1.2697414300383427,-0.008298802814695066
13858,-1.2697414304067642,-0.008298802814695066
13859,-1.2697414310955515,-0.008298802814695066
13860,-1.269741432239131,-0.008298802814695066
13861,-1.2697414324372225,-0.008298802814695066
13862,-1.2697414325544614,-0.008298802814695066
13863,-1.2697414327328356,-0.008298802814695066
13864,-1.269741433441198,-0.008298802814695066
13865,-1.2697414341216309,-0.008298802814695066
13866,-1.2697414352770653,-0.008298802814695066
13867,-1.269741436540687,-0.008298802814695066
13868,-1.2697414369562758,-0.008298802814695066
13869,-1.2697414380557168,-0.008298802814695066
13870,-1.2697414387996298,-0.008298802814695066
13871,-1.2697414395709097,-0.008298802814695066
13872,-1.2697414400014932,-0.008298802814695066
13873,-1.2697414407025402,-0.008298802814695066
13874,-1.2697414410543848,-0.008298802814695066
13875,-1.2697414415226238,-0.008298802814695066
13876,-1.26974144152494,-0.008298802814695066
13877,-1.2697414420520114,-0.008298802814695066
13878,-1.2697414421284474,-0.008298802814695066
13879,-1.269741442275982,-0.008298802814695066
13880,-1.2697414428122427,-0.008298802814695066
13881,-1.2697414429397247,-0.008298802814695066
13882,-1.2697414430214509,-0.008298802814695066
13883,-1.269741443308411,-0.008298802814695066
13884,-1.2697414436093548,-0.008298802814695066
13885,-1.2697414439339783,-0.008298802814695066
13886,-1.2697414441312251,-0.008298802814695066
13887,-1.269741444340394,-0.008298802814695066
13888,-1.2697414443541961,-0.008298802814695066
13889,-1.2697414443684563,-0.008298802814695066
13890,-1.2697414444716468,-0.008298802814695066
13891,-1.2697414446676798,-0.008298802814695066
13892,-1.269741444886779,-0.008298802814695066
13893,-1.2697414451205051,-0.008298802814695066
13894,-1.2697414455889846,-0.008298802814695066
13895,-1.2697414460197622,-0.008298802814695066
13896,-1.2697414469097357,-0.008298802814695066
13897,-1.269741447223186,-0.008298802814695066
13898,-1.2697414475094368,-0.008298802814695066
13899,-1.2697414475474482,-0.008298802814695066
13900,-1.26974144791168,-0.008298802814695066
13901,-1.2697414480322198,-0.008298802814695066
13902,-1.2697414491060393,-0.008298802814695066
13903,-1.2697414497271937,-0.008298802814695066
13904,-1.2697414500451019,-0.008298802814695066
13905,-1.2697414504822102,-0.008298802814695066
13906,-1.2697414505450708,-0.008298802814695066
13907,-1.2697414508690286,-0.008298802814695066
13908,-1.2697414510213791,-0.008298802814695066
13909,-1.2697414513623246,-0.008298802814695066
13910,-1.2697414515479597,-0.008298802814695066
13911,-1.2697414521363215,-0.008298802814695066
13912,-1.269741453949121,-0.008298802814695066
13913,-1.269741454183868,-0.008298802814695066
13914,-1.2697414544526149,-0.008298802814695066
13915,-1.2697414544823666,-0.008298802814695066
13916,-1.2697414545153052,-0.008298802814695066
13917,-1.2697414553605908,-0.008298802814695066
13918,-1.2697414553983783,-0.008298802814695066
13919,-1.2697414556547895,-0.008298802814695066
13920,-1.2697414563919796,-0.008298802814695066
13921,-1.2697414565533218,-0.008298802814695066
13922,-1.2697414571107006,-0.008298802814695066
13923,-1.2697414572442365,-0.008298802814695066
13924,-1.2697414591094172,-0.008298802814695066
13925,-1.2697414591302911,-0.008298802814695066
13926,-1.2697414599544363,-0.008298802814695066
13927,-1.2697414599629795,-0.008298802814695066
13928,-1.2697414600499894,-0.008298802814695066
13929,-1.2697414601898653,-0.008298802814695066
13930,-1.269741460210888,-0.008298802814695066
13931,-1.2697414604171757,-0.008298802814695066
13932,-1.2697414606922153,-0.008298802814695066
13933,-1.2697414610162738,-0.008298802814695066
13934,-1.2697414615042535,-0.008298802814695066
13935,-1.2697414617696756,-0.008298802814695066
13936,-1.2697414620728826,-0.008298802814695066
13937,-1.2697414625502628,-0.008298802814695066
13938,-1.2697414642791385,-0.008298802814695066
13939,-1.2697414649711996,-0.008298802814695066
13940,-1.2697414650965828,-0.008298802814695066
13941,-1.2697414652662964,-0.008298802814695066
13942,-1.2697414660526571,-0.008298802814695066
13943,-1.2697414663299451,-0.008298802814695066
13944,-1.2697414666184945,-0.008298802814695066
13945,-1.2697414666273075,-0.008298802814695066
13946,-1.2697414676773346,-0.008298802814695066
13947,-1.2697414689944226,-0.008298802814695066
13948,-1.2697414692643147,-0.008298802814695066
13949,-1.2697414696417495,-0.008298802814695066
13950,-1.2697414697121636,-0.008298802814695066
13951,-1.2697414698250693,-0.008298802814695066
13952,-1.269741469942945,-0.008298802814695066
13953,-1.2697414701449432,-0.008298802814695066
13954,-1.2697414707300936,-0.008298802814695066
13955,-1.269741470805682,-0.008298802814695066
13956,-1.2697414708712544,-0.008298802814695066
13957,-1.2697414709557902,-0.008298802814695066
13958,-1.2697414712453479,-0.008298802814695066
13959,-1.2697414713534467,-0.008298802814695066
13960,-1.2697414714388262,-0.008298802814695066
13961,-1.269741471550789,-0.008298802814695066
13962,-1.269741471789453,-0.008298802814695066
13963,-1.269741472060603,-0.008298802814695066
13964,-1.2697414723623686,-0.008298802814695066
13965,-1.269741472758271,-0.008298802814695066
13966,-1.2697414727732401,-0.008298802814695066
13967,-1.2697414729472691,-0.008298802814695066
13968,-1.2697414742814335,-0.008298802814695066
13969,-1.2697414745174274,-0.008298802814695066
13970,-1.2697414746434785,-0.008298802814695066
13971,-1.2697414753651088,-0.008298802814695066
13972,-1.2697414754936498,-0.008298802814695066
13973,-1.2697414757997012,-0.008298802814695066
13974,-1.2697414760791568,-0.008298802814695066
13975,-1.269741476368118,-0.008298802814695066
13976,-1.2697414771081903,-0.008298802814695066
13977,-1.2697414772435534,-0.008298802814695066
13978,-1.2697414772730955,-0.008298802814695066
13979,-1.2697414774620184,-0.008298802814695066
13980,-1.2697414776032387,-0.008298802814695066
13981,-1.2697414776211797,-0.008298802814695066
13982,-1.2697414777254663,-0.008298802814695066
13983,-1.2697414779137475,-0.008298802814695066
13984,-1.269741479104423,-0.008298802814695066
13985,-1.2697414795031625,-0.008298802814695066
13986,-1.269741479542855,-0.008298802814695066
13987,-1.2697414795699762,-0.008298802814695066
13988,-1.2697414796471969,-0.008298802814695066
13989,-1.2697414798709334,-0.008298802814695066
13990,-1.2697414799539204,-0.008298802814695066
13991,-1.269741480095528,-0.008298802814695066
13992,-1.269741480247854,-0.008298802814695066
13993,-1.269741480346952,-0.008298802814695066
13994,-1.2697414804380152,-0.008298802814695066
13995,-1.2697414808387952,-0.008298802814695066
13996,-1.2697414809134309,-0.008298802814695066
13997,-1.2697414817032187,-0.008298802814695066
13998,-1.2697414817043384,-0.008298802814695066
13999,-1.2697414825040862,-0.008298802814695066
14000,-1.2697414827126647,-0.008298802814695066
14001,-1.2697414828233664,-0.008298802814695066
14002,-1.2697414830167295,-0.008298802814695066
14003,-1.2697414836288308,-0.008298802814695066
14004,-1.269741484129697,-0.008298802814695066
14005,-1.2697414842945478,-0.008298802814695066
14006,-1.2697414844653352,-0.008298802814695066
14007,-1.2697414845246808,-0.008298802814695066
14008,-1.2697414848503823,-0.008298802814695066
14009,-1.2697414849561062,-0.008298802814695066
14010,-1.269741485435879,-0.008298802814695066
14011,-1.2697414856039653,-0.008298802814695066
14012,-1.2697414860160887,-0.008298802814695066
14013,-1.2697414864885785,-0.008298802814695066
14014,-1.269741486593178,-0.008298802814695066
14015,-1.2697414867156904,-0.008298802814695066
14016,-1.2697414869530033,-0.008298802814695066
14017,-1.2697414880359332,-0.008298802814695066
14018,-1.269741488310611,-0.008298802814695066
14019,-1.2697414884855651,-0.008298802814695066
14020,-1.269741488521043,-0.008298802814695066
14021,-1.2697414887795662,-0.008298802814695066
14022,-1.2697414896605101,-0.008298802814695066
14023,-1.2697414900686503,-0.008298802814695066
14024,-1.269741490727203,-0.008298802814695066
14025,-1.2697414913515386,-0.008298802814695066
14026,-1.2697414914319307,-0.008298802814695066
14027,-1.2697414918764354,-0.008298802814695066
14028,-1.2697414919193726,-0.008298802814695066
14029,-1.2697414927650454,-0.008298802814695066
14030,-1.2697414929460786,-0.008298802814695066
14031,-1.2697414933428817,-0.008298802814695066
14032,-1.2697414937908533,-0.008298802814695066
14033,-1.2697414939511822,-0.008298802814695066
14034,-1.2697414942136338,-0.008298802814695066
14035,-1.2697414943850105,-0.008298802814695066
14036,-1.2697414947504713,-0.008298802814695066
14037,-1.2697414950568104,-0.008298802814695066
14038,-1.269741495089678,-0.008298802814695066
14039,-1.2697414951772639,-0.008298802814695066
14040,-1.2697414953096762,-0.008298802814695066
14041,-1.2697414963006914,-0.008298802814695066
14042,-1.2697414963967588,-0.008298802814695066
14043,-1.2697414967787937,-0.008298802814695066
14044,-1.2697414972270313,-0.008298802814695066
14045,-1.2697414973096253,-0.008298802814695066
14046,-1.2697414975248213,-0.008298802814695066
14047,-1.2697414980188029,-0.008298802814695066
14048,-1.2697414981974555,-0.008298802814695066
14049,-1.2697414982481312,-0.008298802814695066
14050,-1.2697414996504404,-0.008298802814695066
14051,-1.2697414998487113,-0.008298802814695066
14052,-1.2697415004787396,-0.008298802814695066
14053,-1.2697415016003832,-0.008298802814695066
14054,-1.2697415018277936,-0.008298802814695066
14055,-1.2697415023777707,-0.008298802814695066
14056,-1.2697415028772816,-0.008298802814695066
14057,-1.269741503224623,-0.008298802814695066
14058,-1.269741503572417,-0.008298802814695066
14059,-1.2697415037279915,-0.008298802814695066
14060,-1.2697415047710048,-0.008298802814695066
14061,-1.2697415051215715,-0.008298802814695066
14062,-1.269741505244744,-0.008298802814695066
14063,-1.2697415052824759,-0.008298802814695066
14064,-1.2697415055606303,-0.008298802814695066
14065,-1.2697415057157508,-0.008298802814695066
14066,-1.2697415057259227,-0.008298802814695066
14067,-1.269741506313836,-0.008298802814695066
14068,-1.269741506958049,-0.008298802814695066
14069,-1.2697415073684217,-0.008298802814695066
14070,-1.269741507770138,-0.008298802814695066
14071,-1.2697415083408328,-0.008298802814695066
14072,-1.2697415083809251,-0.008298802814695066
14073,-1.2697415086649932,-0.008298802814695066
14074,-1.2697415089649167,-0.008298802814695066
14075,-1.269741509388671,-0.008298802814695066
14076,-1.269741509465508,-0.008298802814695066
14077,-1.2697415100628229,-0.008298802814695066
14078,-1.2697415103819458,-0.008298802814695066
14079,-1.2697415112684667,-0.008298802814695066
14080,-1.2697415115069357,-0.008298802814695066
14081,-1.2697415116820632,-0.008298802814695066
14082,-1.2697415120512954,-0.008298802814695066
14083,-1.2697415122924767,-0.008298802814695066
14084,-1.2697415123200664,-0.008298802814695066
14085,-1.2697415124805982,-0.008298802814695066
14086,-1.2697415129867928,-0.008298802814695066
14087,-1.2697415136613803,-0.008298802814695066
14088,-1.2697415139871704,-0.008298802814695066
14089,-1.2697415140410784,-0.008298802814695066
14090,-1.2697415142227138,-0.008298802814695066
14091,-1.2697415162556784,-0.008298802814695066
14092,-1.2697415163911308,-0.008298802814695066
14093,-1.269741516469706,-0.008298802814695066
14094,-1.2697415167615125,-0.008298802814695066
14095,-1.2697415169185777,-0.008298802814695066
14096,-1.2697415171689967,-0.008298802814695066
14097,-1.2697415173385966,-0.008298802814695066
14098,-1.2697415174317774,-0.008298802814695066
14099,-1.2697415184059082,-0.008298802814695066
14100,-1.2697415185836873,-0.008298802814695066
14101,-1.2697415194001573,-0.008298802814695066
14102,-1.2697415198000948,-0.008298802814695066
14103,-1.269741520183067,-0.008298802814695066
14104,-1.2697415203229943,-0.008298802814695066
14105,-1.269741520357241,-0.008298802814695066
14106,-1.2697415204360205,-0.008298802814695066
14107,-1.269741520762727,-0.008298802814695066
14108,-1.2697415215287244,-0.008298802814695066
14109,-1.2697415221937414,-0.008298802814695066
14110,-1.2697415223415471,-0.008298802814695066
14111,-1.2697415223471045,-0.008298802814695066
14112,-1.2697415229847213,-0.008298802814695066
14113,-1.2697415231452733,-0.008298802814695066
14114,-1.2697415239689542,-0.008298802814695066
14115,-1.2697415249021242,-0.008298802814695066
14116,-1.2697415250348745,-0.008298802814695066
14117,-1.2697415254886182,-0.008298802814695066
14118,-1.2697415258792641,-0.008298802814695066
14119,-1.2697415260183513,-0.008298802814695066
14120,-1.269741526085131,-0.008298802814695066
14121,-1.2697415262611862,-0.008298802814695066
14122,-1.2697415262890006,-0.008298802814695066
14123,-1.2697415265273326,-0.008298802814695066
14124,-1.2697415268937409,-0.008298802814695066
14125,-1.2697415270267376,-0.008298802814695066
14126,-1.269741527103324,-0.008298802814695066
14127,-1.2697415272789718,-0.008298802814695066
14128,-1.2697415272984052,-0.008298802814695066
14129,-1.26974152734445,-0.008298802814695066
14130,-1.2697415275641166,-0.008298802814695066
14131,-1.26974152773812,-0.008298802814695066
14132,-1.2697415278603377,-0.008298802814695066
14133,-1.2697415283112419,-0.008298802814695066
14134,-1.2697415284072457,-0.008298802814695066
14135,-1.2697415286466198,-0.008298802814695066
14136,-1.2697415289940033,-0.008298802814695066
14137,-1.269741529425065,-0.008298802814695066
14138,-1.2697415298419048,-0.008298802814695066
14139,-1.2697415301327428,-0.008298802814695066
14140,-1.2697415302109865,-0.008298802814695066
14141,-1.2697415306063693,-0.008298802814695066
14142,-1.2697415308591111,-0.008298802814695066
14143,-1.2697415310437437,-0.008298802814695066
14144,-1.269741531064768,-0.008298802814695066
14145,-1.2697415314058178,-0.008298802814695066
14146,-1.269741531490732,-0.008298802814695066
14147,-1.2697415318325131,-0.008298802814695066
14148,-1.2697415318952154,-0.008298802814695066
14149,-1.269741531937594,-0.008298802814695066
14150,-1.2697415325091184,-0.008298802814695066
14151,-1.2697415326536006,-0.008298802814695066
14152,-1.2697415327633883,-0.008298802814695066
14153,-1.2697415331207926,-0.008298802814695066
14154,-1.269741533212285,-0.008298802814695066
14155,-1.2697415332449675,-0.008298802814695066
14156,-1.2697415335074933,-0.008298802814695066
14157,-1.2697415335325175,-0.008298802814695066
14158,-1.2697415335430304,-0.008298802814695066
14159,-1.2697415338733031,-0.008298802814695066
14160,-1.2697415340540634,-0.008298802814695066
14161,-1.2697415341108322,-0.008298802814695066
14162,-1.2697415341658669,-0.008298802814695066
14163,-1.2697415341714615,-0.008298802814695066
14164,-1.2697415342019749,-0.008298802814695066
14165,-1.2697415343220968,-0.008298802814695066
14166,-1.2697415343348668,-0.008298802814695066
14167,-1.269741534700647,-0.008298802814695066
14168,-1.2697415351282364,-0.008298802814695066
14169,-1.2697415353756614,-0.008298802814695066
14170,-1.2697415358837905,-0.008298802814695066
14171,-1.2697415360639184,-0.008298802814695066
14172,-1.2697415361236455,-0.008298802814695066
14173,-1.269741536343624,-0.008298802814695066
14174,-1.269741536541136,-0.008298802814695066
14175,-1.2697415368494651,-0.008298802814695066
14176,-1.2697415369186953,-0.008298802814695066
14177,-1.269741537033636,-0.008298802814695066
14178,-1.2697415372856282,-0.008298802814695066
14179,-1.2697415374239114,-0.008298802814695066
14180,-1.2697415377099293,-0.008298802814695066
14181,-1.2697415381781982,-0.008298802814695066
14182,-1.2697415382484065,-0.008298802814695066
14183,-1.269741538929451,-0.008298802814695066
14184,-1.2697415393787113,-0.008298802814695066
14185,-1.2697415394828977,-0.008298802814695066
14186,-1.2697415395758402,-0.008298802814695066
14187,-1.2697415395882,-0.008298802814695066
14188,-1.2697415401095609,-0.008298802814695066
14189,-1.269741540130486,-0.008298802814695066
14190,-1.2697415409818675,-0.008298802814695066
14191,-1.269741541482135,-0.008298802814695066
14192,-1.269741541800399,-0.008298802814695066
14193,-1.2697415419573599,-0.008298802814695066
14194,-1.2697415421403453,-0.008298802814695066
14195,-1.2697415423918768,-0.008298802814695066
14196,-1.2697415425976146,-0.008298802814695066
14197,-1.269741542726857,-0.008298802814695066
14198,-1.2697415431149977,-0.008298802814695066
14199,-1.2697415431882546,-0.008298802814695066
14200,-1.269741543466619,-0.008298802814695066
14201,-1.269741543528505,-0.008298802814695066
14202,-1.2697415437935742,-0.008298802814695066
14203,-1.2697415439516533,-0.008298802814695066
14204,-1.269741544676834,-0.008298802814695066
14205,-1.2697415446769398,-0.008298802814695066
14206,-1.269741545365884,-0.008298802814695066
14207,-1.2697415454993772,-0.008298802814695066
14208,-1.2697415456717591,-0.008298802814695066
14209,-1.2697415456837944,-0.008298802814695066
14210,-1.269741545848258,-0.008298802814695066
14211,-1.2697415460105828,-0.008298802814695066
14212,-1.2697415466163173,-0.008298802814695066
14213,-1.2697415466176838,-0.008298802814695066
14214,-1.2697415467063844,-0.008298802814695066
14215,-1.269741546945112,-0.008298802814695066
14216,-1.269741547337878,-0.008298802814695066
14217,-1.269741547743382,-0.008298802814695066
14218,-1.2697415482894776,-0.008298802814695066
14219,-1.269741548470392,-0.008298802814695066
14220,-1.2697415485885677,-0.008298802814695066
14221,-1.2697415492171154,-0.008298802814695066
14222,-1.2697415493461006,-0.008298802814695066
14223,-1.26974154956687,-0.008298802814695066
14224,-1.2697415499766318,-0.008298802814695066
14225,-1.2697415500389793,-0.008298802814695066
14226,-1.2697415509038128,-0.008298802814695066
14227,-1.2697415514007944,-0.008298802814695066
14228,-1.2697415519011965,-0.008298802814695066
14229,-1.2697415522780997,-0.008298802814695066
14230,-1.2697415523341036,-0.008298802814695066
14231,-1.2697415524566094,-0.008298802814695066
14232,-1.269741552801717,-0.008298802814695066
14233,-1.2697415528083495,-0.008298802814695066
14234,-1.2697415529242817,-0.008298802814695066
14235,-1.2697415531183696,-0.008298802814695066
14236,-1.2697415532640661,-0.008298802814695066
14237,-1.2697415534096137,-0.008298802814695066
14238,-1.2697415538407986,-0.008298802814695066
14239,-1.2697415540090167,-0.008298802814695066
14240,-1.2697415541964463,-0.008298802814695066
14241,-1.269741554785591,-0.008298802814695066
14242,-1.2697415548929083,-0.008298802814695066
14243,-1.269741555192282,-0.008298802814695066
14244,-1.2697415555311742,-0.008298802814695066
14245,-1.2697415556188612,-0.008298802814695066
14246,-1.269741555692236,-0.008298802814695066
14247,-1.2697415558432192,-0.008298802814695066
14248,-1.2697415564077308,-0.008298802814695066
14249,-1.269741556866316,-0.008298802814695066
14250,-1.2697415573084752,-0.008298802814695066
14251,-1.2697415575780253,-0.008298802814695066
14252,-1.2697415576099629,-0.008298802814695066
14253,-1.269741557670194,-0.008298802814695066
14254,-1.2697415578638056,-0.008298802814695066
14255,-1.269741558273768,-0.008298802814695066
14256,-1.2697415587084508,-0.008298802814695066
14257,-1.2697415591697438,-0.008298802814695066
14258,-1.2697415593372814,-0.008298802814695066
14259,-1.269741559729554,-0.008298802814695066
14260,-1.2697415597312836,-0.008298802814695066
14261,-1.2697415597902186,-0.008298802814695066
14262,-1.269741559811026,-0.008298802814695066
14263,-1.2697415602942301,-0.008298802814695066
14264,-1.2697415605882436,-0.008298802814695066
14265,-1.2697415610439353,-0.008298802814695066
14266,-1.269741561159075,-0.008298802814695066
14267,-1.2697415614873908,-0.008298802814695066
14268,-1.2697415618185544,-0.008298802814695066
14269,-1.269741561879835,-0.008298802814695066
14270,-1.2697415619412498,-0.008298802814695066
14271,-1.2697415622143309,-0.008298802814695066
14272,-1.2697415624106574,-0.008298802814695066
14273,-1.2697415624985091,-0.008298802814695066
14274,-1.269741562557307,-0.008298802814695066
14275,-1.2697415627661164,-0.008298802814695066
14276,-1.2697415628117918,-0.008298802814695066
14277,-1.2697415628663817,-0.008298802814695066
14278,-1.2697415629231017,-0.008298802814695066
14279,-1.2697415629612772,-0.008298802814695066
14280,-1.2697415632703395,-0.008298802814695066
14281,-1.26974156353845,-0.008298802814695066
14282,-1.26974156419082,-0.008298802814695066
14283,-1.2697415642891106,-0.008298802814695066
14284,-1.2697415648433321,-0.008298802814695066
14285,-1.2697415648490855,-0.008298802814695066
14286,-1.269741565121689,-0.008298802814695066
14287,-1.2697415655343967,-0.008298802814695066
14288,-1.2697415656245432,-0.008298802814695066
14289,-1.2697415657075697,-0.008298802814695066
14290,-1.2697415657440396,-0.008298802814695066
14291,-1.2697415658716822,-0.008298802814695066
14292,-1.2697415661923146,-0.008298802814695066
14293,-1.2697415666469078,-0.008298802814695066
14294,-1.2697415668779009,-0.008298802814695066
14295,-1.2697415670775232,-0.008298802814695066
14296,-1.2697415672915122,-0.008298802814695066
14297,-1.2697415675851496,-0.008298802814695066
14298,-1.2697415676782025,-0.008298802814695066
14299,-1.2697415677029307,-0.008298802814695066
14300,-1.2697415678862958,-0.008298802814695066
14301,-1.269741568285561,-0.008298802814695066
14302,-1.2697415683635729,-0.008298802814695066
14303,-1.2697415685296385,-0.008298802814695066
14304,-1.2697415685893194,-0.008298802814695066
14305,-1.2697415689699838,-0.008298802814695066
14306,-1.26974156899022,-0.008298802814695066
14307,-1.2697415689995744,-0.008298802814695066
14308,-1.2697415692047072,-0.008298802814695066
14309,-1.269741569351054,-0.008298802814695066
14310,-1.2697415698455772,-0.008298802814695066
14311,-1.2697415702074477,-0.008298802814695066
14312,-1.2697415702272696,-0.008298802814695066
14313,-1.2697415706297615,-0.008298802814695066
14314,-1.2697415712047708,-0.008298802814695066
14315,-1.269741571591693,-0.008298802814695066
14316,-1.2697415717235914,-0.008298802814695066
14317,-1.2697415717395009,-0.008298802814695066
14318,-1.2697415721432024,-0.008298802814695066
14319,-1.2697415722167007,-0.008298802814695066
14320,-1.269741572803107,-0.008298802814695066
14321,-1.2697415730145027,-0.008298802814695066
14322,-1.2697415730972301,-0.008298802814695066
14323,-1.269741573302349,-0.008298802814695066
14324,-1.26974157331647,-0.008298802814695066
14325,-1.2697415733549329,-0.008298802814695066
14326,-1.269741573541948,-0.008298802814695066
14327,-1.2697415737841462,-0.008298802814695066
14328,-1.2697415740856117,-0.008298802814695066
14329,-1.2697415742771814,-0.008298802814695066
14330,-1.2697415749098406,-0.008298802814695066
14331,-1.269741575069658,-0.008298802814695066
14332,-1.2697415752080348,-0.008298802814695066
14333,-1.2697415754877883,-0.008298802814695066
14334,-1.2697415756075052,-0.008298802814695066
14335,-1.2697415763069901,-0.008298802814695066
14336,-1.2697415768492908,-0.008298802814695066
14337,-1.269741577097517,-0.008298802814695066
14338,-1.2697415772869038,-0.008298802814695066
14339,-1.2697415778564438,-0.008298802814695066
14340,-1.2697415779830186,-0.008298802814695066
14341,-1.2697415782974344,-0.008298802814695066
14342,-1.2697415785742292,-0.008298802814695066
14343,-1.2697415785810542,-0.008298802814695066
14344,-1.269741578836823,-0.008298802814695066
14345,-1.2697415791938318,-0.008298802814695066
14346,-1.2697415798165137,-0.008298802814695066
14347,-1.269741581344678,-0.008298802814695066
14348,-1.269741581390402,-0.008298802814695066
14349,-1.2697415823234106,-0.008298802814695066
14350,-1.2697415826806595,-0.008298802814695066
14351,-1.269741582703753,-0.008298802814695066
14352,-1.2697415828309575,-0.008298802814695066
14353,-1.269741582863415,-0.008298802814695066
14354,-1.2697415829033345,-0.008298802814695066
14355,-1.2697415829069099,-0.008298802814695066
14356,-1.2697415834944021,-0.008298802814695066
14357,-1.2697415836170267,-0.008298802814695066
14358,-1.2697415838122463,-0.008298802814695066
14359,-1.2697415838182289,-0.008298802814695066
14360,-1.269741584106197,-0.008298802814695066
14361,-1.2697415842498647,-0.008298802814695066
14362,-1.2697415843603774,-0.008298802814695066
14363,-1.2697415849667715,-0.008298802814695066
14364,-1.2697415854008043,-0.008298802814695066
14365,-1.2697415858187573,-0.008298802814695066
14366,-1.2697415858858634,-0.008298802814695066
14367,-1.2697415861177113,-0.008298802814695066
14368,-1.2697415862824504,-0.008298802814695066
14369,-1.2697415869422843,-0.008298802814695066
14370,-1.2697415874691282,-0.008298802814695066
14371,-1.269741587943418,-0.008298802814695066
14372,-1.2697415881787677,-0.008298802814695066
14373,-1.2697415883755179,-0.008298802814695066
14374,-1.2697415885347652,-0.008298802814695066
14375,-1.2697415887029126,-0.008298802814695066
14376,-1.2697415893426611,-0.008298802814695066
14377,-1.2697415894751396,-0.008298802814695066
14378,-1.2697415894788842,-0.008298802814695066
14379,-1.2697415897472148,-0.008298802814695066
14380,-1.269741589755052,-0.008298802814695066
14381,-1.2697415902675564,-0.008298802814695066
14382,-1.2697415903132376,-0.008298802814695066
14383,-1.2697415903658658,-0.008298802814695066
14384,-1.2697415905282394,-0.008298802814695066
14385,-1.269741590785617,-0.008298802814695066
14386,-1.2697415911471874,-0.008298802814695066
14387,-1.2697415914720467,-0.008298802814695066
14388,-1.2697415916115968,-0.008298802814695066
14389,-1.2697415919198018,-0.008298802814695066
14390,-1.269741592138522,-0.008298802814695066
14391,-1.2697415923662194,-0.008298802814695066
14392,-1.269741592382519,-0.008298802814695066
14393,-1.2697415923856246,-0.008298802814695066
14394,-1.2697415926289848,-0.008298802814695066
14395,-1.2697415929900844,-0.008298802814695066
14396,-1.2697415930409026,-0.008298802814695066
14397,-1.2697415932109828,-0.008298802814695066
14398,-1.2697415938330021,-0.008298802814695066
14399,-1.2697415938397167,-0.008298802814695066
14400,-1.2697415940675112,-0.008298802814695066
14401,-1.2697415942016739,-0.008298802814695066
14402,-1.2697415943673962,-0.008298802814695066
14403,-1.269741594587318,-0.008298802814695066
14404,-1.2697415948634023,-0.008298802814695066
14405,-1.2697415953466722,-0.008298802814695066
14406,-1.2697415955680853,-0.008298802814695066
14407,-1.2697415958239566,-0.008298802814695066
14408,-1.2697415961779044,-0.008298802814695066
14409,-1.269741596261028,-0.008298802814695066
14410,-1.269741596570379,-0.008298802814695066
14411,-1.2697415965961252,-0.008298802814695066
14412,-1.2697415968925887,-0.008298802814695066
14413,-1.2697415969887178,-0.008298802814695066
14414,-1.2697415971301538,-0.008298802814695066
14415,-1.269741597225217,-0.008298802814695066
14416,-1.2697415972468549,-0.008298802814695066
14417,-1.2697415975738324,-0.008298802814695066
14418,-1.269741597871728,-0.008298802814695066
14419,-1.2697415980586777,-0.008298802814695066
14420,-1.2697415981387674,-0.008298802814695066
14421,-1.2697415987808605,-0.008298802814695066
14422,-1.2697415988425869,-0.008298802814695066
14423,-1.2697415989935052,-0.008298802814695066
14424,-1.269741599030195,-0.008298802814695066
14425,-1.2697415990884475,-0.008298802814695066
14426,-1.2697415992484387,-0.008298802814695066
14427,-1.2697415994364718,-0.008298802814695066
14428,-1.2697415995426606,-0.008298802814695066
14429,-1.2697415996867778,-0.008298802814695066
14430,-1.26974159991412,-0.008298802814695066
14431,-1.269741599971407,-0.008298802814695066
14432,-1.269741600047616,-0.008298802814695066
14433,-1.2697416003724893,-0.008298802814695066
14434,-1.2697416005188256,-0.008298802814695066
14435,-1.2697416007227598,-0.008298802814695066
14436,-1.269741600833336,-0.008298802814695066
14437,-1.2697416010886735,-0.008298802814695066
14438,-1.2697416013689882,-0.008298802814695066
14439,-1.269741601378636,-0.008298802814695066
14440,-1.269741601767941,-0.008298802814695066
14441,-1.2697416019608951,-0.008298802814695066
14442,-1.2697416019616479,-0.008298802814695066
14443,-1.2697416021838477,-0.008298802814695066
14444,-1.2697416023180321,-0.008298802814695066
14445,-1.2697416024365702,-0.008298802814695066
14446,-1.2697416025409194,-0.008298802814695066
14447,-1.2697416026621628,-0.008298802814695066
14448,-1.269741602793656,-0.008298802814695066
14449,-1.2697416028554778,-0.008298802814695066
14450,-1.2697416028826858,-0.008298802814695066
14451,-1.2697416032383357,-0.008298802814695066
14452,-1.269741603411782,-0.008298802814695066
14453,-1.2697416034987001,-0.008298802814695066
14454,-1.2697416035840252,-0.008298802814695066
14455,-1.2697416040124612,-0.008298802814695066
14456,-1.2697416041806193,-0.008298802814695066
14457,-1.2697416048421462,-0.008298802814695066
14458,-1.2697416051963155,-0.008298802814695066
14459,-1.2697416052504726,-0.008298802814695066
14460,-1.26974160527621,-0.008298802814695066
14461,-1.2697416055396382,-0.008298802814695066
14462,-1.2697416057364657,-0.008298802814695066
14463,-1.2697416063031626,-0.008298802814695066
14464,-1.2697416063199505,-0.008298802814695066
14465,-1.2697416064854692,-0.008298802814695066
14466,-1.2697416066181757,-0.008298802814695066
14467,-1.2697416067317906,-0.008298802814695066
14468,-1.2697416069758165,-0.008298802814695066
14469,-1.2697416069973495,-0.008298802814695066
14470,-1.2697416070123417,-0.008298802814695066
14471,-1.2697416070354937,-0.008298802814695066
14472,-1.26974160720169,-0.008298802814695066
14473,-1.2697416073254355,-0.008298802814695066
14474,-1.2697416075391637,-0.008298802814695066
14475,-1.269741607835838,-0.008298802814695066
14476,-1.2697416078475368,-0.008298802814695066
14477,-1.2697416079812809,-0.008298802814695066
14478,-1.2697416083454263,-0.008298802814695066
14479,-1.2697416086813258,-0.008298802814695066
14480,-1.2697416089252482,-0.008298802814695066
14481,-1.2697416089362843,-0.008298802814695066
14482,-1.269741609009906,-0.008298802814695066
14483,-1.2697416092389953,-0.008298802814695066
14484,-1.2697416093564546,-0.008298802814695066
14485,-1.2697416094134903,-0.008298802814695066
14486,-1.2697416094982565,-0.008298802814695066
14487,-1.2697416095349001,-0.008298802814695066
14488,-1.2697416098039127,-0.008298802814695066
14489,-1.2697416098326921,-0.008298802814695066
14490,-1.2697416101538626,-0.008298802814695066
14491,-1.2697416102188877,-0.008298802814695066
14492,-1.2697416102354102,-0.008298802814695066
14493,-1.2697416104791424,-0.008298802814695066
14494,-1.2697416106173036,-0.008298802814695066
14495,-1.2697416106802333,-0.008298802814695066
14496,-1.2697416107134494,-0.008298802814695066
14497,-1.2697416107540742,-0.008298802814695066
14498,-1.2697416108329187,-0.008298802814695066
14499,-1.2697416109723856,-0.008298802814695066
14500,-1.2697416112593798,-0.008298802814695066
14501,-1.2697416113733113,-0.008298802814695066
14502,-1.2697416115086124,-0.008298802814695066
14503,-1.269741612308928,-0.008298802814695066
14504,-1.2697416124922762,-0.008298802814695066
14505,-1.2697416129353414,-0.008298802814695066
14506,-1.2697416129888066,-0.008298802814695066
14507,-1.2697416130813377,-0.008298802814695066
14508,-1.2697416131272545,-0.008298802814695066
14509,-1.2697416132501005,-0.008298802814695066
14510,-1.2697416137546065,-0.008298802814695066
14511,-1.2697416140472988,-0.008298802814695066
14512,-1.2697416140549878,-0.008298802814695066
14513,-1.2697416142436584,-0.008298802814695066
14514,-1.2697416143234537,-0.008298802814695066
14515,-1.2697416143451572,-0.008298802814695066
14516,-1.2697416145259937,-0.008298802814695066
14517,-1.2697416146195095,-0.008298802814695066
14518,-1.2697416151144993,-0.008298802814695066
14519,-1.2697416151876366,-0.008298802814695066
14520,-1.2697416152601466,-0.008298802814695066
14521,-1.269741615356775,-0.008298802814695066
14522,-1.2697416161818806,-0.008298802814695066
14523,-1.2697416162390875,-0.008298802814695066
14524,-1.2697416165469497,-0.008298802814695066
14525,-1.2697416165928361,-0.008298802814695066
14526,-1.26974161664507,-0.008298802814695066
14527,-1.2697416167903683,-0.008298802814695066
14528,-1.2697416169340976,-0.008298802814695066
14529,-1.2697416170917004,-0.008298802814695066
14530,-1.2697416173196197,-0.008298802814695066
14531,-1.2697416173585179,-0.008298802814695066
14532,-1.269741617421268,-0.008298802814695066
14533,-1.2697416174644536,-0.008298802814695066
14534,-1.2697416177073622,-0.008298802814695066
14535,-1.269741617859153,-0.008298802814695066
14536,-1.2697416178837413,-0.008298802814695066
14537,-1.2697416179507157,-0.008298802814695066
14538,-1.2697416186762052,-0.008298802814695066
14539,-1.2697416189987762,-0.008298802814695066
14540,-1.269741619145695,-0.008298802814695066
14541,-1.2697416192199578,-0.008298802814695066
14542,-1.2697416192572668,-0.008298802814695066
14543,-1.2697416193325393,-0.008298802814695066
14544,-1.2697416197240199,-0.008298802814695066
14545,-1.2697416198233626,-0.008298802814695066
14546,-1.2697416198781417,-0.008298802814695066
14547,-1.2697416200509708,-0.008298802814695066
14548,-1.2697416202960754,-0.008298802814695066
14549,-1.2697416204880692,-0.008298802814695066
14550,-1.269741620501594,-0.008298802814695066
14551,-1.2697416205938339,-0.008298802814695066
14552,-1.269741620670934,-0.008298802814695066
14553,-1.2697416208319248,-0.008298802814695066
14554,-1.2697416211912689,-0.008298802814695066
14555,-1.2697416212302859,-0.008298802814695066
14556,-1.2697416214696569,-0.008298802814695066
14557,-1.2697416215512263,-0.008298802814695066
14558,-1.2697416220742932,-0.008298802814695066
14559,-1.2697416220828095,-0.008298802814695066
14560,-1.2697416221318512,-0.008298802814695066
14561,-1.2697416224963662,-0.008298802814695066
14562,-1.2697416225554456,-0.008298802814695066
14563,-1.269741622597668,-0.008298802814695066
14564,-1.2697416226619018,-0.008298802814695066
14565,-1.2697416228265062,-0.008298802814695066
14566,-1.269741622872438,-0.008298802814695066
14567,-1.269741622926249,-0.008298802814695066
14568,-1.2697416229800091,-0.008298802814695066
14569,-1.269741623153536,-0.008298802814695066
14570,-1.2697416233967942,-0.008298802814695066
14571,-1.269741623700732,-0.008298802814695066
14572,-1.2697416242299444,-0.008298802814695066
14573,-1.2697416243825093,-0.008298802814695066
14574,-1.2697416244196025,-0.008298802814695066
14575,-1.269741624504861,-0.008298802814695066
14576,-1.269741624540165,-0.008298802814695066
14577,-1.26974162480521,-0.008298802814695066
14578,-1.2697416248197508,-0.008298802814695066
14579,-1.269741624846102,-0.008298802814695066
14580,-1.2697416250218643,-0.008298802814695066
14581,-1.2697416256390675,-0.008298802814695066
14582,-1.26974162569216,-0.008298802814695066
14583,-1.2697416257769751,-0.008298802814695066
14584,-1.269741625947819,-0.008298802814695066
14585,-1.2697416259828125,-0.008298802814695066
14586,-1.269741626111129,-0.008298802814695066
14587,-1.269741626307503,-0.008298802814695066
14588,-1.269741626337745,-0.008298802814695066
14589,-1.2697416267750408,-0.008298802814695066
14590,-1.2697416269793353,-0.008298802814695066
14591,-1.2697416270086515,-0.008298802814695066
14592,-1.2697416271461965,-0.008298802814695066
14593,-1.2697416275239806,-0.008298802814695066
14594,-1.269741627733712,-0.008298802814695066
14595,-1.2697416277380014,-0.008298802814695066
14596,-1.269741627983617,-0.008298802814695066
14597,-1.269741628097233,-0.008298802814695066
14598,-1.2697416281850966,-0.008298802814695066
14599,-1.269741628359666,-0.008298802814695066
14600,-1.2697416284962206,-0.008298802814695066
14601,-1.2697416286516228,-0.008298802814695066
14602,-1.2697416288662042,-0.008298802814695066
14603,-1.2697416291931676,-0.008298802814695066
14604,-1.269741629256134,-0.008298802814695066
14605,-1.2697416294182136,-0.008298802814695066
14606,-1.2697416295137438,-0.008298802814695066
14607,-1.2697416296966129,-0.008298802814695066
14608,-1.2697416297646278,-0.008298802814695066
14609,-1.2697416298364954,-0.008298802814695066
14610,-1.2697416303181712,-0.008298802814695066
14611,-1.269741630403863,-0.008298802814695066
14612,-1.2697416304143307,-0.008298802814695066
14613,-1.2697416305273515,-0.008298802814695066
14614,-1.2697416305564253,-0.008298802814695066
14615,-1.269741630726076,-0.008298802814695066
14616,-1.2697416309494456,-0.008298802814695066
14617,-1.2697416309597065,-0.008298802814695066
14618,-1.2697416312613878,-0.008298802814695066
14619,-1.2697416315548344,-0.008298802814695066
14620,-1.2697416316922614,-0.008298802814695066
14621,-1.2697416321373467,-0.008298802814695066
14622,-1.2697416321685333,-0.008298802814695066
14623,-1.269741632482451,-0.008298802814695066
14624,-1.2697416326442283,-0.008298802814695066
14625,-1.2697416326540947,-0.008298802814695066
14626,-1.26974163268462,-0.008298802814695066
14627,-1.2697416329346003,-0.008298802814695066
14628,-1.269741632951744,-0.008298802814695066
14629,-1.2697416329780924,-0.008298802814695066
14630,-1.2697416332026341,-0.008298802814695066
14631,-1.2697416333268232,-0.008298802814695066
14632,-1.2697416335910676,-0.008298802814695066
14633,-1.269741633655295,-0.008298802814695066
14634,-1.2697416336793546,-0.008298802814695066
14635,-1.2697416336824972,-0.008298802814695066
14636,-1.269741633909495,-0.008298802814695066
14637,-1.2697416340392436,-0.008298802814695066
14638,-1.2697416342653893,-0.008298802814695066
14639,-1.2697416343424166,-0.008298802814695066
14640,-1.2697416348955746,-0.008298802814695066
14641,-1.2697416349429798,-0.008298802814695066
14642,-1.2697416351671011,-0.008298802814695066
14643,-1.2697416356625777,-0.008298802814695066
14644,-1.2697416356987496,-0.008298802814695066
14645,-1.2697416358544404,-0.008298802814695066
14646,-1.2697416360716531,-0.008298802814695066
14647,-1.2697416363999603,-0.008298802814695066
14648,-1.2697416365832823,-0.008298802814695066
14649,-1.2697416367835075,-0.008298802814695066
14650,-1.2697416368940502,-0.008298802814695066
14651,-1.2697416369502976,-0.008298802814695066
14652,-1.2697416369812256,-0.008298802814695066
14653,-1.2697416370217198,-0.008298802814695066
14654,-1.269741637179582,-0.008298802814695066
14655,-1.269741637744024,-0.008298802814695066
14656,-1.2697416378640416,-0.008298802814695066
14657,-1.2697416378774387,-0.008298802814695066
14658,-1.2697416378932078,-0.008298802814695066
14659,-1.2697416380566149,-0.008298802814695066
14660,-1.2697416382681765,-0.008298802814695066
14661,-1.2697416383713311,-0.008298802814695066
14662,-1.2697416387290419,-0.008298802814695066
14663,-1.2697416388540181,-0.008298802814695066
14664,-1.269741639135771,-0.008298802814695066
14665,-1.2697416391668426,-0.008298802814695066
14666,-1.2697416392743415,-0.008298802814695066
14667,-1.269741639475429,-0.008298802814695066
14668,-1.2697416397606345,-0.008298802814695066
14669,-1.2697416402485238,-0.008298802814695066
14670,-1.2697416402934536,-0.008298802814695066
14671,-1.2697416403663717,-0.008298802814695066
14672,-1.2697416405513697,-0.008298802814695066
14673,-1.269741640559668,-0.008298802814695066
14674,-1.2697416406245186,-0.008298802814695066
14675,-1.269741640676918,-0.008298802814695066
14676,-1.2697416406838649,-0.008298802814695066
14677,-1.2697416408209805,-0.008298802814695066
14678,-1.2697416408685416,-0.008298802814695066
14679,-1.2697416409077023,-0.008298802814695066
14680,-1.2697416410396738,-0.008298802814695066
14681,-1.269741641076855,-0.008298802814695066
14682,-1.2697416411315054,-0.008298802814695066
14683,-1.269741641458856,-0.008298802814695066
14684,-1.2697416414662372,-0.008298802814695066
14685,-1.269741641538131,-0.008298802814695066
14686,-1.2697416417038276,-0.008298802814695066
14687,-1.2697416417402487,-0.008298802814695066
14688,-1.269741641875628,-0.008298802814695066
14689,-1.2697416420244552,-0.008298802814695066
14690,-1.2697416420279284,-0.008298802814695066
14691,-1.2697416420398118,-0.008298802814695066
14692,-1.2697416422176857,-0.008298802814695066
14693,-1.2697416422803443,-0.008298802814695066
14694,-1.2697416422967227,-0.008298802814695066
14695,-1.269741642463983,-0.008298802814695066
14696,-1.26974164254707,-0.008298802814695066
14697,-1.2697416425799055,-0.008298802814695066
14698,-1.2697416427022972,-0.008298802814695066
14699,-1.269741642797014,-0.008298802814695066
14700,-1.2697416429220025,-0.008298802814695066
14701,-1.2697416430681805,-0.008298802814695066
14702,-1.2697416430906363,-0.008298802814695066
14703,-1.2697416431872952,-0.008298802814695066
14704,-1.2697416433430222,-0.008298802814695066
14705,-1.2697416433446003,-0.008298802814695066
14706,-1.2697416433499984,-0.008298802814695066
14707,-1.2697416433924373,-0.008298802814695066
14708,-1.2697416434332636,-0.008298802814695066
14709,-1.2697416435563629,-0.008298802814695066
14710,-1.2697416438119542,-0.008298802814695066
14711,-1.269741643999069,-0.008298802814695066
14712,-1.2697416440541245,-0.008298802814695066
14713,-1.269741644090062,-0.008298802814695066
14714,-1.2697416441740572,-0.008298802814695066
14715,-1.2697416442156766,-0.008298802814695066
14716,-1.2697416443877219,-0.008298802814695066
14717,-1.2697416444921914,-0.008298802814695066
14718,-1.2697416445022414,-0.008298802814695066
14719,-1.269741644977166,-0.008298802814695066
14720,-1.26974164505831,-0.008298802814695066
14721,-1.269741645124867,-0.008298802814695066
14722,-1.2697416452087233,-0.008298802814695066
14723,-1.2697416452598456,-0.008298802814695066
14724,-1.2697416453414987,-0.008298802814695066
14725,-1.2697416454366839,-0.008298802814695066
14726,-1.2697416457175197,-0.008298802814695066
14727,-1.269741645872934,-0.008298802814695066
14728,-1.2697416460137878,-0.008298802814695066
14729,-1.2697416460942317,-0.008298802814695066
14730,-1.2697416461452897,-0.008298802814695066
14731,-1.2697416461475188,-0.008298802814695066
14732,-1.2697416462562576,-0.008298802814695066
14733,-1.2697416463993823,-0.008298802814695066
14734,-1.2697416465251747,-0.008298802814695066
14735,-1.2697416468802538,-0.008298802814695066
14736,-1.2697416468923732,-0.008298802814695066
14737,-1.2697416470518024,-0.008298802814695066
14738,-1.2697416471258625,-0.008298802814695066
14739,-1.2697416471914398,-0.008298802814695066
14740,-1.269741647202829,-0.008298802814695066
14741,-1.269741647257142,-0.008298802814695066
14742,-1.269741647424785,-0.008298802814695066
14743,-1.2697416474435193,-0.008298802814695066
14744,-1.2697416474883954,-0.008298802814695066
14745,-1.2697416475573549,-0.008298802814695066
14746,-1.2697416475776564,-0.008298802814695066
14747,-1.2697416476022423,-0.008298802814695066
14748,-1.2697416478066477,-0.008298802814695066
14749,-1.2697416478580896,-0.008298802814695066
14750,-1.269741647894948,-0.008298802814695066
14751,-1.2697416480431891,-0.008298802814695066
14752,-1.2697416480522885,-0.008298802814695066
14753,-1.2697416481137735,-0.008298802814695066
14754,-1.2697416481708397,-0.008298802814695066
14755,-1.2697416482191883,-0.008298802814695066
14756,-1.2697416486256796,-0.008298802814695066
14757,-1.2697416486369812,-0.008298802814695066
14758,-1.2697416488998448,-0.008298802814695066
14759,-1.2697416489157103,-0.008298802814695066
14760,-1.2697416489423667,-0.008298802814695066
14761,-1.2697416490878548,-0.008298802814695066
14762,-1.2697416492711908,-0.008298802814695066
14763,-1.2697416494200162,-0.008298802814695066
14764,-1.2697416495468394,-0.008298802814695066
14765,-1.2697416496397615,-0.008298802814695066
14766,-1.269741649782419,-0.008298802814695066
14767,-1.2697416498969445,-0.008298802814695066
14768,-1.269741650100233,-0.008298802814695066
14769,-1.269741650124907,-0.008298802814695066
14770,-1.2697416502560999,-0.008298802814695066
14771,-1.2697416503494596,-0.008298802814695066
14772,-1.269741650653749,-0.008298802814695066
14773,-1.269741650822136,-0.008298802814695066
14774,-1.269741650931857,-0.008298802814695066
14775,-1.2697416512925963,-0.008298802814695066
14776,-1.269741651362122,-0.008298802814695066
14777,-1.2697416514493824,-0.008298802814695066
14778,-1.2697416514884465,-0.008298802814695066
14779,-1.269741651519516,-0.008298802814695066
14780,-1.2697416517253592,-0.008298802814695066
14781,-1.269741651834811,-0.008298802814695066
14782,-1.269741651945861,-0.008298802814695066
14783,-1.2697416520515543,-0.008298802814695066
14784,-1.2697416521082874,-0.008298802814695066
14785,-1.2697416523173126,-0.008298802814695066
14786,-1.2697416523853287,-0.008298802814695066
14787,-1.2697416524020568,-0.008298802814695066
14788,-1.2697416528120868,-0.008298802814695066
14789,-1.269741652915381,-0.008298802814695066
14790,-1.2697416530064094,-0.008298802814695066
14791,-1.2697416530746475,-0.008298802814695066
14792,-1.269741653125072,-0.008298802814695066
14793,-1.269741653398289,-0.008298802814695066
14794,-1.269741653514958,-0.008298802814695066
14795,-1.269741653553153,-0.008298802814695066
14796,-1.2697416536296473,-0.008298802814695066
14797,-1.2697416537151553,-0.008298802814695066
14798,-1.2697416537188801,-0.008298802814695066
14799,-1.2697416537431314,-0.008298802814695066
14800,-1.2697416538785693,-0.008298802814695066
14801,-1.2697416540728699,-0.008298802814695066
14802,-1.2697416545191829,-0.008298802814695066
14803,-1.2697416545807014,-0.008298802814695066
14804,-1.269741654634432,-0.008298802814695066
14805,-1.2697416546749285,-0.008298802814695066
14806,-1.269741654960037,-0.008298802814695066
14807,-1.2697416553567709,-0.008298802814695066
14808,-1.2697416553842673,-0.008298802814695066
14809,-1.2697416554421987,-0.008298802814695066
14810,-1.269741655967387,-0.008298802814695066
14811,-1.2697416560424322,-0.008298802814695066
14812,-1.2697416562490154,-0.008298802814695066
14813,-1.2697416564193114,-0.008298802814695066
14814,-1.269741656479959,-0.008298802814695066
14815,-1.2697416565489785,-0.008298802814695066
14816,-1.2697416565502555,-0.008298802814695066
14817,-1.269741656634483,-0.008298802814695066
14818,-1.2697416566537367,-0.008298802814695066
14819,-1.2697416567617765,-0.008298802814695066
14820,-1.2697416567693538,-0.008298802814695066
14821,-1.2697416569588484,-0.008298802814695066
14822,-1.2697416569716278,-0.008298802814695066
14823,-1.2697416571435491,-0.008298802814695066
14824,-1.2697416572329858,-0.008298802814695066
14825,-1.2697416573764142,-0.008298802814695066
14826,-1.2697416574418146,-0.008298802814695066
14827,-1.2697416574844302,-0.008298802814695066
14828,-1.2697416575048006,-0.008298802814695066
14829,-1.2697416575177418,-0.008298802814695066
14830,-1.2697416575819391,-0.008298802814695066
14831,-1.2697416576646394,-0.008298802814695066
14832,-1.2697416577386618,-0.008298802814695066
14833,-1.2697416577815026,-0.008298802814695066
14834,-1.2697416577980478,-0.008298802814695066
14835,-1.269741657819367,-0.008298802814695066
14836,-1.269741657860283,-0.008298802814695066
14837,-1.2697416580803202,-0.008298802814695066
14838,-1.2697416582146388,-0.008298802814695066
14839,-1.269741658431831,-0.008298802814695066
14840,-1.2697416586628294,-0.008298802814695066
14841,-1.2697416586823822,-0.008298802814695066
14842,-1.2697416588048371,-0.008298802814695066
14843,-1.2697416588352541,-0.008298802814695066
14844,-1.2697416588439763,-0.008298802814695066
14845,-1.269741658970135,-0.008298802814695066
14846,-1.2697416592893638,-0.008298802814695066
14847,-1.269741659354475,-0.008298802814695066
14848,-1.269741659439441,-0.008298802814695066
14849,-1.2697416594516198,-0.008298802814695066
14850,-1.2697416595450814,-0.008298802814695066
14851,-1.2697416596105486,-0.008298802814695066
14852,-1.2697416596872144,-0.008298802814695066
14853,-1.2697416598042077,-0.008298802814695066
14854,-1.269741659809767,-0.008298802814695066
14855,-1.2697416598189768,-0.008298802814695066
14856,-1.2697416598452134,-0.008298802814695066
14857,-1.2697416600305529,-0.008298802814695066
14858,-1.2697416604889815,-0.008298802814695066
14859,-1.269741660517092,-0.008298802814695066
14860,-1.2697416606625254,-0.008298802814695066
14861,-1.269741660728152,-0.008298802814695066
14862,-1.2697416609756536,-0.008298802814695066
14863,-1.2697416611733843,-0.008298802814695066
14864,-1.2697416612258423,-0.008298802814695066
14865,-1.2697416612555497,-0.008298802814695066
14866,-1.2697416616415316,-0.008298802814695066
14867,-1.269741661644949,-0.008298802814695066
14868,-1.2697416617885147,-0.008298802814695066
14869,-1.269741661853684,-0.008298802814695066
14870,-1.2697416619314454,-0.008298802814695066
14871,-1.2697416619700967,-0.008298802814695066
14872,-1.2697416619838457,-0.008298802814695066
14873,-1.269741662047899,-0.008298802814695066
14874,-1.2697416620564628,-0.008298802814695066
14875,-1.269741662240858,-0.008298802814695066
14876,-1.2697416622434097,-0.008298802814695066
14877,-1.2697416625119093,-0.008298802814695066
14878,-1.269741662721855,-0.008298802814695066
14879,-1.2697416627358191,-0.008298802814695066
14880,-1.2697416628659373,-0.008298802814695066
14881,-1.2697416629591396,-0.008298802814695066
14882,-1.2697416630976657,-0.008298802814695066
14883,-1.2697416630984195,-0.008298802814695066
14884,-1.2697416633878946,-0.008298802814695066
14885,-1.2697416635117076,-0.008298802814695066
14886,-1.2697416636429852,-0.008298802814695066
14887,-1.2697416639293932,-0.008298802814695066
14888,-1.2697416640298436,-0.008298802814695066
14889,-1.269741664087904,-0.008298802814695066
14890,-1.2697416641683636,-0.008298802814695066
14891,-1.2697416641857722,-0.008298802814695066
14892,-1.2697416642158177,-0.008298802814695066
14893,-1.269741664301547,-0.008298802814695066
14894,-1.269741664461683,-0.008298802814695066
14895,-1.269741664868845,-0.008298802814695066
14896,-1.2697416648788928,-0.008298802814695066
14897,-1.2697416649568054,-0.008298802814695066
14898,-1.2697416649963218,-0.008298802814695066
14899,-1.2697416650182511,-0.008298802814695066
14900,-1.2697416650903535,-0.008298802814695066
14901,-1.269741665161808,-0.008298802814695066
14902,-1.2697416652934082,-0.008298802814695066
14903,-1.2697416652974705,-0.008298802814695066
14904,-1.2697416653417455,-0.008298802814695066
14905,-1.2697416655627078,-0.008298802814695066
14906,-1.269741665592082,-0.008298802814695066
14907,-1.2697416656050382,-0.008298802814695066
14908,-1.2697416656875555,-0.008298802814695066
14909,-1.2697416657836358,-0.008298802814695066
14910,-1.26974166593897,-0.008298802814695066
14911,-1.2697416662316845,-0.008298802814695066
14912,-1.2697416667763775,-0.008298802814695066
14913,-1.2697416667839199,-0.008298802814695066
14914,-1.2697416667869292,-0.008298802814695066
14915,-1.269741666819975,-0.008298802814695066
14916,-1.2697416668318082,-0.008298802814695066
14917,-1.2697416668943555,-0.008298802814695066
14918,-1.269741667037178,-0.008298802814695066
14919,-1.2697416671150568,-0.008298802814695066
14920,-1.2697416673005357,-0.008298802814695066
14921,-1.2697416676468065,-0.008298802814695066
14922,-1.269741667676416,-0.008298802814695066
14923,-1.2697416679369913,-0.008298802814695066
14924,-1.2697416681717468,-0.008298802814695066
14925,-1.2697416681821025,-0.008298802814695066
14926,-1.2697416682895173,-0.008298802814695066
14927,-1.2697416683141778,-0.008298802814695066
14928,-1.2697416683244735,-0.008298802814695066
14929,-1.2697416684775542,-0.008298802814695066
14930,-1.2697416685110035,-0.008298802814695066
14931,-1.2697416685352128,-0.008298802814695066
14932,-1.269741668755221,-0.008298802814695066
14933,-1.269741668772255,-0.008298802814695066
14934,-1.269741668929933,-0.008298802814695066
14935,-1.269741669092717,-0.008298802814695066
14936,-1.2697416691706256,-0.008298802814695066
14937,-1.2697416692549108,-0.008298802814695066
14938,-1.2697416694207373,-0.008298802814695066
14939,-1.2697416694477006,-0.008298802814695066
14940,-1.2697416694483228,-0.008298802814695066
14941,-1.2697416695644208,-0.008298802814695066
14942,-1.269741669644467,-0.008298802814695066
14943,-1.26974166968497,-0.008298802814695066
14944,-1.2697416696889006,-0.008298802814695066
14945,-1.2697416698803035,-0.008298802814695066
14946,-1.2697416699361395,-0.008298802814695066
14947,-1.2697416702256747,-0.008298802814695066
14948,-1.2697416702414168,-0.008298802814695066
14949,-1.2697416703425008,-0.008298802814695066
14950,-1.2697416703604336,-0.008298802814695066
14951,-1.2697416704284672,-0.008298802814695066
14952,-1.2697416705428939,-0.008298802814695066
14953,-1.2697416707640803,-0.008298802814695066
14954,-1.2697416710549765,-0.008298802814695066
14955,-1.269741671207951,-0.008298802814695066
14956,-1.2697416712871124,-0.008298802814695066
14957,-1.2697416714746765,-0.008298802814695066
14958,-1.2697416715597403,-0.008298802814695066
14959,-1.269741671564083,-0.008298802814695066
14960,-1.2697416716886147,-0.008298802814695066
14961,-1.2697416718342878,-0.008298802814695066
14962,-1.2697416719402574,-0.008298802814695066
14963,-1.2697416719449601,-0.008298802814695066
14964,-1.2697416719805417,-0.008298802814695066
14965,-1.2697416720351162,-0.008298802814695066
14966,-1.2697416720772545,-0.008298802814695066
14967,-1.2697416723930144,-0.008298802814695066
14968,-1.2697416725577644,-0.008298802814695066
14969,-1.2697416726735762,-0.008298802814695066
14970,-1.2697416728353805,-0.008298802814695066
14971,-1.2697416730133257,-0.008298802814695066
14972,-1.2697416731290136,-0.008298802814695066
14973,-1.2697416731545539,-0.008298802814695066
14974,-1.2697416732855338,-0.008298802814695066
14975,-1.2697416735392102,-0.008298802814695066
14976,-1.269741673559433,-0.008298802814695066
14977,-1.2697416735893445,-0.008298802814695066
14978,-1.2697416736604046,-0.008298802814695066
14979,-1.2697416736724525,-0.008298802814695066
14980,-1.2697416737128135,-0.008298802814695066
14981,-1.2697416737787313,-0.008298802814695066
14982,-1.2697416738145262,-0.008298802814695066
14983,-1.269741673858252,-0.008298802814695066
14984,-1.2697416739332468,-0.008298802814695066
14985,-1.269741673943054,-0.008298802814695066
14986,-1.2697416740812004,-0.008298802814695066
14987,-1.2697416746129604,-0.008298802814695066
14988,-1.269741674953483,-0.008298802814695066
14989,-1.2697416751268085,-0.008298802814695066
14990,-1.2697416752554764,-0.008298802814695066
14991,-1.269741675575525,-0.008298802814695066
14992,-1.269741675636726,-0.008298802814695066
14993,-1.2697416756656998,-0.008298802814695066
14994,-1.2697416761284956,-0.008298802814695066
14995,-1.2697416761751412,-0.008298802814695066
14996,-1.2697416762300118,-0.008298802814695066
14997,-1.269741676231921,-0.008298802814695066
14998,-1.2697416763050158,-0.008298802814695066
14999,-1.2697416763314666,-0.008298802814695066
15000,-1.2697416763870093,-0.008298802814695066
15001,-1.269741676449945,-0.008298802814695066
15002,-1.2697416765112408,-0.008298802814695066
15003,-1.2697416765310925,-0.008298802814695066
15004,-1.269741676540285,-0.008298802814695066
15005,-1.269741676572452,-0.008298802814695066
15006,-1.2697416765867582,-0.008298802814695066
15007,-1.2697416766616234,-0.008298802814695066
15008,-1.269741676669872,-0.008298802814695066
15009,-1.2697416767406033,-0.008298802814695066
15010,-1.269741676787265,-0.008298802814695066
15011,-1.2697416768319338,-0.008298802814695066
15012,-1.2697416769635521,-0.008298802814695066
15013,-1.269741676975262,-0.008298802814695066
15014,-1.2697416770047045,-0.008298802814695066
15015,-1.2697416770741876,-0.008298802814695066
15016,-1.269741677369878,-0.008298802814695066
15017,-1.2697416774777468,-0.008298802814695066
15018,-1.269741677490058,-0.008298802814695066
15019,-1.2697416775564077,-0.008298802814695066
15020,-1.2697416776901111,-0.008298802814695066
15021,-1.269741677738852,-0.008298802814695066
15022,-1.269741677770516,-0.008298802814695066
15023,-1.2697416777759924,-0.008298802814695066
15024,-1.2697416778216826,-0.008298802814695066
15025,-1.2697416778271253,-0.008298802814695066
15026,-1.269741677928889,-0.008298802814695066
15027,-1.2697416780518351,-0.008298802814695066
15028,-1.2697416783996178,-0.008298802814695066
15029,-1.2697416784062079,-0.008298802814695066
15030,-1.2697416784442912,-0.008298802814695066
15031,-1.269741678516219,-0.008298802814695066
15032,-1.2697416786580311,-0.008298802814695066
15033,-1.2697416786849278,-0.008298802814695066
15034,-1.2697416787324733,-0.008298802814695066
15035,-1.269741678794577,-0.008298802814695066
15036,-1.2697416789525644,-0.008298802814695066
15037,-1.2697416791316667,-0.008298802814695066
15038,-1.2697416792055445,-0.008298802814695066
15039,-1.2697416792921727,-0.008298802814695066
15040,-1.2697416792977034,-0.008298802814695066
15041,-1.2697416794917786,-0.008298802814695066
15042,-1.2697416798189725,-0.008298802814695066
15043,-1.2697416798266468,-0.008298802814695066
15044,-1.2697416798426426,-0.008298802814695066
15045,-1.2697416799206005,-0.008298802814695066
15046,-1.269741679933763,-0.008298802814695066
15047,-1.2697416799600454,-0.008298802814695066
15048,-1.2697416800208075,-0.008298802814695066
15049,-1.2697416801418977,-0.008298802814695066
15050,-1.2697416803236417,-0.008298802814695066
15051,-1.269741680331409,-0.008298802814695066
15052,-1.2697416803389499,-0.008298802814695066
15053,-1.2697416804768915,-0.008298802814695066
15054,-1.2697416804781485,-0.008298802814695066
15055,-1.2697416805630977,-0.008298802814695066
15056,-1.2697416807154414,-0.008298802814695066
15057,-1.269741680729497,-0.008298802814695066
15058,-1.2697416807836823,-0.008298802814695066
15059,-1.2697416809981175,-0.008298802814695066
15060,-1.2697416810616104,-0.008298802814695066
15061,-1.269741681224093,-0.008298802814695066
15062,-1.2697416812305824,-0.008298802814695066
15063,-1.2697416813012539,-0.008298802814695066
15064,-1.269741681396847,-0.008298802814695066
15065,-1.2697416814495726,-0.008298802814695066
15066,-1.269741681474427,-0.008298802814695066
15067,-1.2697416815346858,-0.008298802814695066
15068,-1.2697416818239424,-0.008298802814695066
15069,-1.2697416818689646,-0.008298802814695066
15070,-1.269741681891019,-0.008298802814695066
15071,-1.2697416819543206,-0.008298802814695066
15072,-1.2697416820122072,-0.008298802814695066
15073,-1.2697416820377936,-0.008298802814695066
15074,-1.2697416821193432,-0.008298802814695066
15075,-1.2697416822688603,-0.008298802814695066
15076,-1.2697416823506318,-0.008298802814695066
15077,-1.2697416824945051,-0.008298802814695066
15078,-1.2697416827852597,-0.008298802814695066
15079,-1.2697416828878347,-0.008298802814695066
15080,-1.2697416828964834,-0.008298802814695066
15081,-1.2697416829293522,-0.008298802814695066
15082,-1.2697416829691113,-0.008298802814695066
15083,-1.2697416829707078,-0.008298802814695066
15084,-1.2697416830196453,-0.008298802814695066
15085,-1.2697416831043342,-0.008298802814695066
15086,-1.269741683135372,-0.008298802814695066
15087,-1.2697416831402673,-0.008298802814695066
15088,-1.269741683182758,-0.008298802814695066
15089,-1.2697416831943737,-0.008298802814695066
15090,-1.2697416832892872,-0.008298802814695066
15091,-1.269741683291934,-0.008298802814695066
15092,-1.269741683298551,-0.008298802814695066
15093,-1.2697416833306203,-0.008298802814695066
15094,-1.26974168338415,-0.008298802814695066
15095,-1.2697416833893662,-0.008298802814695066
15096,-1.2697416834093438,-0.008298802814695066
15097,-1.269741683432959,-0.008298802814695066
15098,-1.2697416835448827,-0.008298802814695066
15099,-1.2697416835681845,-0.008298802814695066
15100,-1.2697416836076094,-0.008298802814695066
15101,-1.2697416836446793,-0.008298802814695066
15102,-1.269741683779597,-0.008298802814695066
15103,-1.2697416838191051,-0.008298802814695066
15104,-1.2697416839045308,-0.008298802814695066
15105,-1.2697416839346738,-0.008298802814695066
15106,-1.269741684044392,-0.008298802814695066
15107,-1.2697416840808282,-0.008298802814695066
15108,-1.2697416841805957,-0.008298802814695066
15109,-1.2697416841878377,-0.008298802814695066
15110,-1.2697416842271494,-0.008298802814695066
15111,-1.2697416843295237,-0.008298802814695066
15112,-1.2697416844043894,-0.008298802814695066
15113,-1.2697416845148481,-0.008298802814695066
15114,-1.2697416845834086,-0.008298802814695066
15115,-1.2697416846690623,-0.008298802814695066
15116,-1.2697416846933978,-0.008298802814695066
15117,-1.269741685129135,-0.008298802814695066
15118,-1.2697416852322672,-0.008298802814695066
15119,-1.2697416852934786,-0.008298802814695066
15120,-1.2697416852987105,-0.008298802814695066
15121,-1.2697416853575623,-0.008298802814695066
15122,-1.2697416854329278,-0.008298802814695066
15123,-1.2697416855789552,-0.008298802814695066
15124,-1.2697416856123969,-0.008298802814695066
15125,-1.2697416856828063,-0.008298802814695066
15126,-1.2697416857350174,-0.008298802814695066
15127,-1.269741685836708,-0.008298802814695066
15128,-1.2697416858486212,-0.008298802814695066
15129,-1.269741685912794,-0.008298802814695066
15130,-1.269741685928199,-0.008298802814695066
15131,-1.2697416860556305,-0.008298802814695066
15132,-1.2697416862799007,-0.008298802814695066
15133,-1.2697416863028308,-0.008298802814695066
15134,-1.2697416863521658,-0.008298802814695066
15135,-1.26974168648784,-0.008298802814695066
15136,-1.2697416865100135,-0.008298802814695066
15137,-1.269741686541785,-0.008298802814695066
15138,-1.2697416865833775,-0.008298802814695066
15139,-1.2697416866168605,-0.008298802814695066
15140,-1.2697416867251887,-0.008298802814695066
15141,-1.2697416868771363,-0.008298802814695066
15142,-1.2697416869463773,-0.008298802814695066
15143,-1.269741687119317,-0.008298802814695066
15144,-1.2697416871665648,-0.008298802814695066
15145,-1.2697416872279756,-0.008298802814695066
15146,-1.2697416872619962,-0.008298802814695066
15147,-1.2697416872664293,-0.008298802814695066
15148,-1.269741687307653,-0.008298802814695066
15149,-1.269741687341895,-0.008298802814695066
15150,-1.269741687402931,-0.008298802814695066
15151,-1.2697416874230032,-0.008298802814695066
15152,-1.2697416878088386,-0.008298802814695066
15153,-1.2697416878258907,-0.008298802814695066
15154,-1.2697416879670407,-0.008298802814695066
15155,-1.2697416881822656,-0.008298802814695066
15156,-1.2697416881942523,-0.008298802814695066
15157,-1.2697416883095065,-0.008298802814695066
15158,-1.269741688383668,-0.008298802814695066
15159,-1.2697416884092951,-0.008298802814695066
15160,-1.2697416884404311,-0.008298802814695066
15161,-1.2697416885561594,-0.008298802814695066
15162,-1.2697416887313984,-0.008298802814695066
15163,-1.2697416888564432,-0.008298802814695066
15164,-1.2697416889209727,-0.008298802814695066
15165,-1.2697416890300441,-0.008298802814695066
15166,-1.269741689153677,-0.008298802814695066
15167,-1.269741689183823,-0.008298802814695066
15168,-1.2697416892962319,-0.008298802814695066
15169,-1.2697416893185625,-0.008298802814695066
15170,-1.2697416893272429,-0.008298802814695066
15171,-1.2697416893733484,-0.008298802814695066
15172,-1.2697416893775033,-0.008298802814695066
15173,-1.269741689513374,-0.008298802814695066
15174,-1.2697416895809204,-0.008298802814695066
15175,-1.2697416897396763,-0.008298802814695066
15176,-1.2697416898006681,-0.008298802814695066
15177,-1.2697416899718206,-0.008298802814695066
15178,-1.26974169016512,-0.008298802814695066
15179,-1.2697416901859524,-0.008298802814695066
15180,-1.2697416905479815,-0.008298802814695066
15181,-1.269741690591957,-0.008298802814695066
15182,-1.269741690604915,-0.008298802814695066
15183,-1.2697416907448755,-0.008298802814695066
15184,-1.2697416907537278,-0.008298802814695066
15185,-1.2697416907811236,-0.008298802814695066
15186,-1.2697416907839318,-0.008298802814695066
15187,-1.2697416908409225,-0.008298802814695066
15188,-1.2697416908824843,-0.008298802814695066
15189,-1.269741690883837,-0.008298802814695066
15190,-1.2697416908958292,-0.008298802814695066
15191,-1.2697416909830999,-0.008298802814695066
15192,-1.2697416910291155,-0.008298802814695066
15193,-1.269741691121991,-0.008298802814695066
15194,-1.2697416911463166,-0.008298802814695066
15195,-1.2697416911490755,-0.008298802814695066
15196,-1.269741691193635,-0.008298802814695066
15197,-1.2697416911987354,-0.008298802814695066
15198,-1.2697416912117463,-0.008298802814695066
15199,-1.2697416912533583,-0.008298802814695066
15200,-1.2697416913096633,-0.008298802814695066
15201,-1.2697416913677853,-0.008298802814695066
15202,-1.2697416914572384,-0.008298802814695066
15203,-1.2697416915392374,-0.008298802814695066
15204,-1.2697416916124162,-0.008298802814695066
15205,-1.269741691707582,-0.008298802814695066
15206,-1.2697416917614097,-0.008298802814695066
15207,-1.2697416917636224,-0.008298802814695066
15208,-1.2697416918502051,-0.008298802814695066
15209,-1.2697416920629712,-0.008298802814695066
15210,-1.269741692131593,-0.008298802814695066
15211,-1.269741692131599,-0.008298802814695066
15212,-1.2697416921796498,-0.008298802814695066
15213,-1.2697416923031284,-0.008298802814695066
15214,-1.2697416923715974,-0.008298802814695066
15215,-1.2697416923748335,-0.008298802814695066
15216,-1.2697416925246736,-0.008298802814695066
15217,-1.2697416925448548,-0.008298802814695066
15218,-1.2697416925887406,-0.008298802814695066
15219,-1.2697416926164025,-0.008298802814695066
15220,-1.269741692634034,-0.008298802814695066
15221,-1.2697416926820102,-0.008298802814695066
15222,-1.2697416927002745,-0.008298802814695066
15223,-1.2697416927025162,-0.008298802814695066
15224,-1.269741692710645,-0.008298802814695066
15225,-1.269741692740117,-0.008298802814695066
15226,-1.2697416927930838,-0.008298802814695066
15227,-1.2697416927948673,-0.008298802814695066
15228,-1.269741692830209,-0.008298802814695066
15229,-1.2697416929700014,-0.008298802814695066
15230,-1.2697416930564152,-0.008298802814695066
15231,-1.26974169313724,-0.008298802814695066
15232,-1.2697416931428023,-0.008298802814695066
15233,-1.269741693195071,-0.008298802814695066
15234,-1.2697416932224832,-0.008298802814695066
15235,-1.2697416932848347,-0.008298802814695066
15236,-1.269741693299058,-0.008298802814695066
15237,-1.2697416933566297,-0.008298802814695066
15238,-1.2697416934353019,-0.008298802814695066
15239,-1.2697416934484251,-0.008298802814695066
15240,-1.269741693450607,-0.008298802814695066
15241,-1.2697416935327213,-0.008298802814695066
15242,-1.2697416935859052,-0.008298802814695066
15243,-1.2697416935906713,-0.008298802814695066
15244,-1.2697416936153596,-0.008298802814695066
15245,-1.2697416936648245,-0.008298802814695066
15246,-1.2697416936789812,-0.008298802814695066
15247,-1.269741693868276,-0.008298802814695066
15248,-1.2697416938793555,-0.008298802814695066
15249,-1.2697416939252222,-0.008298802814695066
15250,-1.2697416940247332,-0.008298802814695066
15251,-1.2697416940372748,-0.008298802814695066
15252,-1.2697416941285087,-0.008298802814695066
15253,-1.2697416942571367,-0.008298802814695066
15254,-1.269741694392115,-0.008298802814695066
15255,-1.2697416944861677,-0.008298802814695066
15256,-1.2697416945116706,-0.008298802814695066
15257,-1.2697416947519842,-0.008298802814695066
15258,-1.269741694760715,-0.008298802814695066
15259,-1.2697416948350797,-0.008298802814695066
15260,-1.269741694840039,-0.008298802814695066
15261,-1.2697416949443057,-0.008298802814695066
15262,-1.2697416949823488,-0.008298802814695066
15263,-1.2697416952508456,-0.008298802814695066
15264,-1.2697416952959872,-0.008298802814695066
15265,-1.2697416954584788,-0.008298802814695066
15266,-1.2697416954784557,-0.008298802814695066
15267,-1.2697416954844718,-0.008298802814695066
15268,-1.269741695533479,-0.008298802814695066
15269,-1.269741695654866,-0.008298802814695066
15270,-1.2697416958132917,-0.008298802814695066
15271,-1.269741695830369,-0.008298802814695066
15272,-1.2697416958539716,-0.008298802814695066
15273,-1.2697416959300267,-0.008298802814695066
15274,-1.2697416960722172,-0.008298802814695066
15275,-1.2697416962827697,-0.008298802814695066
15276,-1.2697416962943613,-0.008298802814695066
15277,-1.2697416963007306,-0.008298802814695066
15278,-1.2697416963092523,-0.008298802814695066
15279,-1.269741696323447,-0.008298802814695066
15280,-1.2697416963403596,-0.008298802814695066
15281,-1.269741696433496,-0.008298802814695066
15282,-1.2697416965136958,-0.008298802814695066
15283,-1.269741696633544,-0.008298802814695066
15284,-1.2697416966972084,-0.008298802814695066
15285,-1.2697416967456139,-0.008298802814695066
15286,-1.2697416968317292,-0.008298802814695066
15287,-1.2697416968565438,-0.008298802814695066
15288,-1.2697416968962703,-0.008298802814695066
15289,-1.2697416969759572,-0.008298802814695066
15290,-1.269741696977918,-0.008298802814695066
15291,-1.269741697076973,-0.008298802814695066
15292,-1.2697416970812103,-0.008298802814695066
15293,-1.2697416971369175,-0.008298802814695066
15294,-1.2697416972035318,-0.008298802814695066
15295,-1.2697416972676279,-0.008298802814695066
15296,-1.2697416972794762,-0.008298802814695066
15297,-1.2697416972885085,-0.008298802814695066
15298,-1.269741697313568,-0.008298802814695066
15299,-1.2697416973150653,-0.008298802814695066
15300,-1.2697416973976914,-0.008298802814695066
15301,-1.2697416976700389,-0.008298802814695066
15302,-1.269741697689763,-0.008298802814695066
15303,-1.2697416977263607,-0.008298802814695066
15304,-1.2697416978075888,-0.008298802814695066
15305,-1.26974169786969,-0.008298802814695066
15306,-1.2697416979374267,-0.008298802814695066
15307,-1.2697416979635963,-0.008298802814695066
15308,-1.2697416980521048,-0.008298802814695066
15309,-1.2697416981694767,-0.008298802814695066
15310,-1.269741698184088,-0.008298802814695066
15311,-1.2697416982698821,-0.008298802814695066
15312,-1.2697416982794536,-0.008298802814695066
15313,-1.2697416983334175,-0.008298802814695066
15314,-1.2697416983386915,-0.008298802814695066
15315,-1.2697416984386556,-0.008298802814695066
15316,-1.2697416984479668,-0.008298802814695066
15317,-1.2697416984962953,-0.008298802814695066
15318,-1.2697416985017274,-0.008298802814695066
15319,-1.26974169863786,-0.008298802814695066
15320,-1.2697416986449275,-0.008298802814695066
15321,-1.269741698706058,-0.008298802814695066
15322,-1.2697416987183552,-0.008298802814695066
15323,-1.269741698728364,-0.008298802814695066
15324,-1.2697416987366164,-0.008298802814695066
15325,-1.269741698898072,-0.008298802814695066
15326,-1.2697416989033785,-0.008298802814695066
15327,-1.2697416989393562,-0.008298802814695066
15328,-1.2697416990152246,-0.008298802814695066
15329,-1.2697416990602304,-0.008298802814695066
15330,-1.269741699094844,-0.008298802814695066
15331,-1.2697416991604793,-0.008298802814695066
15332,-1.269741699256972,-0.008298802814695066
15333,-1.2697416994561586,-0.008298802814695066
15334,-1.2697416996216724,-0.008298802814695066
15335,-1.2697416998342255,-0.008298802814695066
15336,-1.2697416998859814,-0.008298802814695066
15337,-1.2697416999450621,-0.008298802814695066
15338,-1.2697417000718723,-0.008298802814695066
15339,-1.2697417000827793,-0.008298802814695066
15340,-1.2697417000882556,-0.008298802814695066
15341,-1.269741700138624,-0.008298802814695066
15342,-1.2697417001671223,-0.008298802814695066
15343,-1.2697417001829026,-0.008298802814695066
15344,-1.2697417002621614,-0.008298802814695066
15345,-1.269741700262851,-0.008298802814695066
15346,-1.2697417003421574,-0.008298802814695066
15347,-1.2697417003908693,-0.008298802814695066
15348,-1.2697417003931801,-0.008298802814695066
15349,-1.269741700542962,-0.008298802814695066
15350,-1.2697417006339289,-0.008298802814695066
15351,-1.2697417006677953,-0.008298802814695066
15352,-1.2697417006913492,-0.008298802814695066
15353,-1.2697417007251648,-0.008298802814695066
15354,-1.2697417007310665,-0.008298802814695066
15355,-1.2697417008751275,-0.008298802814695066
15356,-1.2697417009132153,-0.008298802814695066
15357,-1.2697417009370144,-0.008298802814695066
15358,-1.2697417009401877,-0.008298802814695066
15359,-1.269741701016106,-0.008298802814695066
15360,-1.269741701098714,-0.008298802814695066
15361,-1.2697417011382761,-0.008298802814695066
15362,-1.2697417012304721,-0.008298802814695066
15363,-1.2697417013328551,-0.008298802814695066
15364,-1.269741701353459,-0.008298802814695066
15365,-1.26974170140648,-0.008298802814695066
15366,-1.2697417014291872,-0.008298802814695066
15367,-1.2697417014783892,-0.008298802814695066
15368,-1.269741701571451,-0.008298802814695066
15369,-1.269741701659643,-0.008298802814695066
15370,-1.269741701690541,-0.008298802814695066
15371,-1.2697417019495796,-0.008298802814695066
15372,-1.2697417020358537,-0.008298802814695066
15373,-1.2697417020518507,-0.008298802814695066
15374,-1.26974170212244,-0.008298802814695066
15375,-1.2697417021692994,-0.008298802814695066
15376,-1.2697417022561588,-0.008298802814695066
15377,-1.2697417023271167,-0.008298802814695066
15378,-1.2697417023307922,-0.008298802814695066
15379,-1.2697417024983144,-0.008298802814695066
15380,-1.26974170249943,-0.008298802814695066
15381,-1.2697417025096052,-0.008298802814695066
15382,-1.2697417025349012,-0.008298802814695066
15383,-1.2697417025374977,-0.008298802814695066
15384,-1.2697417025472117,-0.008298802814695066
15385,-1.2697417025756466,-0.008298802814695066
15386,-1.2697417026915352,-0.008298802814695066
15387,-1.2697417027222324,-0.008298802814695066
15388,-1.2697417027224633,-0.008298802814695066
15389,-1.269741702732968,-0.008298802814695066
15390,-1.269741702936885,-0.008298802814695066
15391,-1.269741702937657,-0.008298802814695066
15392,-1.2697417029972229,-0.008298802814695066
15393,-1.2697417031032616,-0.008298802814695066
15394,-1.2697417031227998,-0.008298802814695066
15395,-1.2697417031687563,-0.008298802814695066
15396,-1.2697417031714673,-0.008298802814695066
15397,-1.2697417032217537,-0.008298802814695066
15398,-1.269741703301064,-0.008298802814695066
15399,-1.2697417033111986,-0.008298802814695066
15400,-1.2697417033688292,-0.008298802814695066
15401,-1.269741703370065,-0.008298802814695066
15402,-1.2697417033780425,-0.008298802814695066
15403,-1.2697417033964529,-0.008298802814695066
15404,-1.269741703535204,-0.008298802814695066
15405,-1.269741703595854,-0.008298802814695066
15406,-1.2697417036905854,-0.008298802814695066
15407,-1.269741703694136,-0.008298802814695066
15408,-1.269741703733953,-0.008298802814695066
15409,-1.269741703769951,-0.008298802814695066
15410,-1.2697417038290941,-0.008298802814695066
15411,-1.2697417038485599,-0.008298802814695066
15412,-1.2697417038631131,-0.008298802814695066
15413,-1.2697417039644243,-0.008298802814695066
15414,-1.2697417040230432,-0.008298802814695066
15415,-1.2697417040450845,-0.008298802814695066
15416,-1.2697417041325956,-0.008298802814695066
15417,-1.2697417041742822,-0.008298802814695066
15418,-1.2697417041955708,-0.008298802814695066
15419,-1.2697417042912058,-0.008298802814695066
15420,-1.269741704377983,-0.008298802814695066
15421,-1.2697417044154398,-0.008298802814695066
15422,-1.269741704424547,-0.008298802814695066
15423,-1.2697417044267514,-0.008298802814695066
15424,-1.2697417044463442,-0.008298802814695066
15425,-1.2697417045872479,-0.008298802814695066
15426,-1.2697417046549297,-0.008298802814695066
15427,-1.2697417046737167,-0.008298802814695066
15428,-1.2697417047049422,-0.008298802814695066
15429,-1.26974170481087,-0.008298802814695066
15430,-1.2697417048980884,-0.008298802814695066
15431,-1.269741704932447,-0.008298802814695066
15432,-1.2697417049486697,-0.008298802814695066
15433,-1.2697417050216064,-0.008298802814695066
15434,-1.2697417050277346,-0.008298802814695066
15435,-1.2697417050549797,-0.008298802814695066
15436,-1.269741705083869,-0.008298802814695066
15437,-1.26974170512264,-0.008298802814695066
15438,-1.2697417051950852,-0.008298802814695066
15439,-1.2697417052431605,-0.008298802814695066
15440,-1.26974170530245,-0.008298802814695066
15441,-1.2697417054146145,-0.008298802814695066
15442,-1.2697417054585338,-0.008298802814695066
15443,-1.2697417054628537,-0.008298802814695066
15444,-1.2697417054887232,-0.008298802814695066
15445,-1.2697417055246434,-0.008298802814695066
15446,-1.2697417055402305,-0.008298802814695066
15447,-1.2697417055459503,-0.008298802814695066
15448,-1.2697417055707914,-0.008298802814695066
15449,-1.2697417056259295,-0.008298802814695066
15450,-1.2697417058151943,-0.008298802814695066
15451,-1.2697417058435578,-0.008298802814695066
15452,-1.2697417059501583,-0.008298802814695066
15453,-1.2697417059539016,-0.008298802814695066
15454,-1.2697417059672627,-0.008298802814695066
15455,-1.2697417059673533,-0.008298802814695066
15456,-1.2697417060254308,-0.008298802814695066
15457,-1.269741706029301,-0.008298802814695066
15458,-1.2697417060621419,-0.008298802814695066
15459,-1.2697417060626648,-0.008298802814695066
15460,-1.2697417061112413,-0.008298802814695066
15461,-1.269741706142743,-0.008298802814695066
15462,-1.2697417062024698,-0.008298802814695066
15463,-1.2697417062247514,-0.008298802814695066
15464,-1.2697417062868315,-0.008298802814695066
15465,-1.269741706369828,-0.008298802814695066
15466,-1.2697417063813892,-0.008298802814695066
15467,-1.269741706390357,-0.008298802814695066
15468,-1.269741706470284,-0.008298802814695066
15469,-1.2697417064733771,-0.008298802814695066
15470,-1.269741706478345,-0.008298802814695066
15471,-1.2697417066242833,-0.008298802814695066
15472,-1.2697417067262964,-0.008298802814695066
15473,-1.2697417067479029,-0.008298802814695066
15474,-1.2697417067483228,-0.008298802814695066
15475,-1.2697417067631334,-0.008298802814695066
15476,-1.2697417067954229,-0.008298802814695066
15477,-1.2697417068090346,-0.008298802814695066
15478,-1.2697417068539953,-0.008298802814695066
15479,-1.2697417068543988,-0.008298802814695066
15480,-1.2697417068690668,-0.008298802814695066
15481,-1.269741706891832,-0.008298802814695066
15482,-1.269741706941331,-0.008298802814695066
15483,-1.2697417070164607,-0.008298802814695066
15484,-1.2697417070410322,-0.008298802814695066
15485,-1.2697417070530834,-0.008298802814695066
15486,-1.2697417071222463,-0.008298802814695066
15487,-1.2697417071970163,-0.008298802814695066
15488,-1.2697417072531805,-0.008298802814695066
15489,-1.2697417073362183,-0.008298802814695066
15490,-1.2697417073777222,-0.008298802814695066
15491,-1.269741707402499,-0.008298802814695066
15492,-1.2697417074554211,-0.008298802814695066
15493,-1.2697417074862272,-0.008298802814695066
15494,-1.2697417074919746,-0.008298802814695066
15495,-1.2697417075645914,-0.008298802814695066
15496,-1.2697417076720623,-0.008298802814695066
15497,-1.2697417076889594,-0.008298802814695066
15498,-1.2697417077036346,-0.008298802814695066
15499,-1.2697417077342872,-0.008298802814695066
15500,-1.269741707754812,-0.008298802814695066
15501,-1.2697417078229516,-0.008298802814695066
15502,-1.2697417078274709,-0.008298802814695066
15503,-1.269741707854278,-0.008298802814695066
15504,-1.2697417079070439,-0.008298802814695066
15505,-1.2697417079264297,-0.008298802814695066
15506,-1.2697417079779774,-0.008298802814695066
15507,-1.2697417080369382,-0.008298802814695066
15508,-1.26974170810242,-0.008298802814695066
15509,-1.269741708162048,-0.008298802814695066
15510,-1.2697417081766167,-0.008298802814695066
15511,-1.2697417082661466,-0.008298802814695066
15512,-1.2697417083130491,-0.008298802814695066
15513,-1.2697417084318046,-0.008298802814695066
15514,-1.2697417084740987,-0.008298802814695066
15515,-1.2697417084945908,-0.008298802814695066
15516,-1.2697417085220328,-0.008298802814695066
15517,-1.2697417085347733,-0.008298802814695066
15518,-1.2697417085546063,-0.008298802814695066
15519,-1.2697417085814582,-0.008298802814695066
15520,-1.2697417085896292,-0.008298802814695066
15521,-1.2697417086892921,-0.008298802814695066
15522,-1.269741708741421,-0.008298802814695066
15523,-1.2697417087718983,-0.008298802814695066
15524,-1.269741708779562,-0.008298802814695066
15525,-1.2697417088569893,-0.008298802814695066
15526,-1.2697417088817806,-0.008298802814695066
15527,-1.2697417089357852,-0.008298802814695066
15528,-1.2697417089729328,-0.008298802814695066
15529,-1.2697417089932284,-0.008298802814695066
15530,-1.269741709059419,-0.008298802814695066
15531,-1.2697417090960805,-0.008298802814695066
15532,-1.2697417092559289,-0.008298802814695066
15533,-1.269741709258436,-0.008298802814695066
15534,-1.2697417094226502,-0.008298802814695066
15535,-1.2697417094397165,-0.008298802814695066
15536,-1.2697417094517325,-0.008298802814695066
15537,-1.269741709476358,-0.008298802814695066
15538,-1.2697417095112573,-0.008298802814695066
15539,-1.2697417095141652,-0.008298802814695066
15540,-1.2697417095357244,-0.008298802814695066
15541,-1.2697417095830101,-0.008298802814695066
15542,-1.2697417095921038,-0.008298802814695066
15543,-1.2697417096317987,-0.008298802814695066
15544,-1.2697417097104413,-0.008298802814695066
15545,-1.26974170974,-0.008298802814695066
15546,-1.2697417098486103,-0.008298802814695066
15547,-1.2697417099543966,-0.008298802814695066
15548,-1.2697417099811115,-0.008298802814695066
15549,-1.2697417099884598,-0.008298802814695066
15550,-1.269741710101054,-0.008298802814695066
15551,-1.2697417101118162,-0.008298802814695066
15552,-1.269741710194428,-0.008298802814695066
15553,-1.2697417102055457,-0.008298802814695066
15554,-1.2697417102350126,-0.008298802814695066
15555,-1.269741710249476,-0.008298802814695066
15556,-1.2697417102531476,-0.008298802814695066
15557,-1.2697417102818054,-0.008298802814695066
15558,-1.269741710301688,-0.008298802814695066
15559,-1.2697417103066377,-0.008298802814695066
15560,-1.2697417103640083,-0.008298802814695066
15561,-1.2697417104040802,-0.008298802814695066
15562,-1.2697417104184319,-0.008298802814695066
15563,-1.2697417104330535,-0.008298802814695066
15564,-1.2697417105223208,-0.008298802814695066
15565,-1.269741710550531,-0.008298802814695066
15566,-1.2697417105914792,-0.008298802814695066
15567,-1.269741710629383,-0.008298802814695066
15568,-1.2697417106404383,-0.008298802814695066
15569,-1.2697417107067182,-0.008298802814695066
15570,-1.2697417107165618,-0.008298802814695066
15571,-1.2697417108083866,-0.008298802814695066
15572,-1.2697417108195441,-0.008298802814695066
15573,-1.2697417108806368,-0.008298802814695066
15574,-1.269741710886493,-0.008298802814695066
15575,-1.2697417108967555,-0.008298802814695066
15576,-1.2697417109975402,-0.008298802814695066
15577,-1.2697417110192977,-0.008298802814695066
15578,-1.269741711020946,-0.008298802814695066
15579,-1.269741711036943,-0.008298802814695066
15580,-1.269741711083172,-0.008298802814695066
15581,-1.2697417110937619,-0.008298802814695066
15582,-1.2697417111095808,-0.008298802814695066
15583,-1.2697417111296272,-0.008298802814695066
15584,-1.2697417111581801,-0.008298802814695066
15585,-1.2697417112128355,-0.008298802814695066
15586,-1.2697417112266884,-0.008298802814695066
15587,-1.2697417112333453,-0.008298802814695066
15588,-1.2697417112343525,-0.008298802814695066
15589,-1.2697417112615248,-0.008298802814695066
15590,-1.269741711326101,-0.008298802814695066
15591,-1.269741711356101,-0.008298802814695066
15592,-1.2697417113808183,-0.008298802814695066
15593,-1.2697417115226193,-0.008298802814695066
15594,-1.2697417116750658,-0.008298802814695066
15595,-1.2697417116802432,-0.008298802814695066
15596,-1.2697417117081278,-0.008298802814695066
15597,-1.2697417117123568,-0.008298802814695066
15598,-1.269741711766889,-0.008298802814695066
15599,-1.269741711799293,-0.008298802814695066
15600,-1.2697417118705483,-0.008298802814695066
15601,-1.269741711911673,-0.008298802814695066
15602,-1.2697417120285666,-0.008298802814695066
15603,-1.2697417120286532,-0.008298802814695066
15604,-1.2697417120335157,-0.008298802814695066
15605,-1.2697417120360308,-0.008298802814695066
15606,-1.2697417121541594,-0.008298802814695066
15607,-1.269741712175025,-0.008298802814695066
15608,-1.2697417122205292,-0.008298802814695066
15609,-1.2697417122329164,-0.008298802814695066
15610,-1.2697417122470493,-0.008298802814695066
15611,-1.2697417122638055,-0.008298802814695066
15612,-1.2697417122762802,-0.008298802814695066
15613,-1.26974171235836,-0.008298802814695066
15614,-1.2697417123794799,-0.008298802814695066
15615,-1.269741712443814,-0.008298802814695066
15616,-1.2697417124512693,-0.008298802814695066
15617,-1.2697417124865873,-0.008298802814695066
15618,-1.2697417124993344,-0.008298802814695066
15619,-1.2697417125214359,-0.008298802814695066
15620,-1.2697417125609918,-0.008298802814695066
15621,-1.2697417126119608,-0.008298802814695066
15622,-1.269741712653721,-0.008298802814695066
15623,-1.269741712674505,-0.008298802814695066
15624,-1.2697417127677149,-0.008298802814695066
15625,-1.269741712813654,-0.008298802814695066
15626,-1.269741712827813,-0.008298802814695066
15627,-1.2697417128519735,-0.008298802814695066
15628,-1.2697417128693702,-0.008298802814695066
15629,-1.2697417128763815,-0.008298802814695066
15630,-1.269741712887162,-0.008298802814695066
15631,-1.2697417129177717,-0.008298802814695066
15632,-1.2697417129361208,-0.008298802814695066
15633,-1.2697417129544242,-0.008298802814695066
15634,-1.269741712981422,-0.008298802814695066
15635,-1.2697417130382944,-0.008298802814695066
15636,-1.269741713058347,-0.008298802814695066
15637,-1.2697417131107451,-0.008298802814695066
15638,-1.2697417131233817,-0.008298802814695066
15639,-1.2697417131735613,-0.008298802814695066
15640,-1.2697417131795228,-0.008298802814695066
15641,-1.2697417131796722,-0.008298802814695066
15642,-1.2697417131986086,-0.008298802814695066
15643,-1.2697417132751083,-0.008298802814695066
15644,-1.2697417132785707,-0.008298802814695066
15645,-1.2697417133205127,-0.008298802814695066
15646,-1.2697417133429756,-0.008298802814695066
15647,-1.2697417133613145,-0.008298802814695066
15648,-1.2697417134584081,-0.008298802814695066
15649,-1.2697417134922167,-0.008298802814695066
15650,-1.2697417135058888,-0.008298802814695066
15651,-1.2697417135116202,-0.008298802814695066
15652,-1.2697417135318028,-0.008298802814695066
15653,-1.269741713575462,-0.008298802814695066
15654,-1.2697417135988465,-0.008298802814695066
15655,-1.2697417136814764,-0.008298802814695066
15656,-1.2697417137451024,-0.008298802814695066
15657,-1.2697417137532159,-0.008298802814695066
15658,-1.2697417138038047,-0.008298802814695066
15659,-1.2697417138200615,-0.008298802814695066
15660,-1.2697417138246703,-0.008298802814695066
15661,-1.269741713873105,-0.008298802814695066
15662,-1.2697417138822984,-0.008298802814695066
15663,-1.2697417138824674,-0.008298802814695066
15664,-1.2697417139474103,-0.008298802814695066
15665,-1.2697417139481275,-0.008298802814695066
15666,-1.26974171395283,-0.008298802814695066
15667,-1.269741713968859,-0.008298802814695066
15668,-1.2697417140048286,-0.008298802814695066
15669,-1.2697417140269178,-0.008298802814695066
15670,-1.2697417140453902,-0.008298802814695066
15671,-1.26974171408018,-0.008298802814695066
15672,-1.2697417141344105,-0.008298802814695066
15673,-1.2697417141615257,-0.008298802814695066
15674,-1.2697417141831793,-0.008298802814695066
15675,-1.269741714213839,-0.008298802814695066
15676,-1.2697417142335077,-0.008298802814695066
15677,-1.2697417142527634,-0.008298802814695066
15678,-1.269741714341024,-0.008298802814695066
15679,-1.26974171434915,-0.008298802814695066
15680,-1.2697417143663732,-0.008298802814695066
15681,-1.2697417143687795,-0.008298802814695066
15682,-1.2697417144154046,-0.008298802814695066
15683,-1.2697417144163199,-0.008298802814695066
15684,-1.2697417145029612,-0.008298802814695066
15685,-1.2697417145102505,-0.008298802814695066
15686,-1.2697417145213057,-0.008298802814695066
15687,-1.2697417145422158,-0.008298802814695066
15688,-1.2697417145523027,-0.008298802814695066
15689,-1.2697417145659124,-0.008298802814695066
15690,-1.2697417145789585,-0.008298802814695066
15691,-1.2697417145988572,-0.008298802814695066
15692,-1.269741714614284,-0.008298802814695066
15693,-1.2697417146232026,-0.008298802814695066
15694,-1.2697417146384673,-0.008298802814695066
15695,-1.2697417146480812,-0.008298802814695066
15696,-1.2697417146684933,-0.008298802814695066
15697,-1.2697417147198191,-0.008298802814695066
15698,-1.2697417147237289,-0.008298802814695066
15699,-1.2697417147521224,-0.008298802814695066
15700,-1.269741714762173,-0.008298802814695066
15701,-1.2697417147704808,-0.008298802814695066
15702,-1.26974171480409,-0.008298802814695066
15703,-1.2697417148235561,-0.008298802814695066
15704,-1.2697417148361358,-0.008298802814695066
15705,-1.2697417148600325,-0.008298802814695066
15706,-1.2697417148871364,-0.008298802814695066
15707,-1.2697417148920112,-0.008298802814695066
15708,-1.2697417149232766,-0.008298802814695066
15709,-1.2697417149326156,-0.008298802814695066
15710,-1.269741715003323,-0.008298802814695066
15711,-1.2697417150249048,-0.008298802814695066
15712,-1.2697417150394377,-0.008298802814695066
15713,-1.2697417150735677,-0.008298802814695066
15714,-1.2697417150766728,-0.008298802814695066
15715,-1.269741715091983,-0.008298802814695066
15716,-1.269741715134845,-0.008298802814695066
15717,-1.2697417151833448,-0.008298802814695066
15718,-1.2697417151994383,-0.008298802814695066
15719,-1.269741715263079,-0.008298802814695066
15720,-1.2697417152705792,-0.008298802814695066
15721,-1.2697417152844297,-0.008298802814695066
15722,-1.269741715339896,-0.008298802814695066
15723,-1.2697417153593493,-0.008298802814695066
15724,-1.269741715361009,-0.008298802814695066
15725,-1.2697417153611332,-0.008298802814695066
15726,-1.2697417153804977,-0.008298802814695066
15727,-1.269741715528705,-0.008298802814695066
15728,-1.2697417155680255,-0.008298802814695066
15729,-1.2697417156191704,-0.008298802814695066
15730,-1.2697417156293984,-0.008298802814695066
15731,-1.2697417156333004,-0.008298802814695066
15732,-1.269741715668654,-0.008298802814695066
15733,-1.2697417156726525,-0.008298802814695066
15734,-1.2697417156727249,-0.008298802814695066
15735,-1.2697417156996225,-0.008298802814695066
15736,-1.2697417157728745,-0.008298802814695066
15737,-1.2697417158037962,-0.008298802814695066
15738,-1.2697417158185196,-0.008298802814695066
15739,-1.2697417158608602,-0.008298802814695066
15740,-1.2697417158748694,-0.008298802814695066
15741,-1.2697417158925361,-0.008298802814695066
15742,-1.2697417159084716,-0.008298802814695066
15743,-1.2697417159401942,-0.008298802814695066
15744,-1.2697417160157438,-0.008298802814695066
15745,-1.2697417160801459,-0.008298802814695066
15746,-1.2697417161230335,-0.008298802814695066
15747,-1.2697417161365547,-0.008298802814695066
15748,-1.2697417161536535,-0.008298802814695066
15749,-1.2697417161598636,-0.008298802814695066
15750,-1.2697417162024869,-0.008298802814695066
15751,-1.2697417162233804,-0.008298802814695066
15752,-1.2697417162284783,-0.008298802814695066
15753,-1.2697417162711866,-0.008298802814695066
15754,-1.2697417163160496,-0.008298802814695066
15755,-1.269741716317614,-0.008298802814695066
15756,-1.2697417163804228,-0.008298802814695066
15757,-1.2697417163973692,-0.008298802814695066
15758,-1.2697417164070965,-0.008298802814695066
15759,-1.2697417164196116,-0.008298802814695066
15760,-1.2697417164642366,-0.008298802814695066
15761,-1.269741716490397,-0.008298802814695066
15762,-1.2697417165218907,-0.008298802814695066
15763,-1.269741716547983,-0.008298802814695066
15764,-1.269741716551641,-0.008298802814695066
15765,-1.2697417165953508,-0.008298802814695066
15766,-1.2697417166014058,-0.008298802814695066
15767,-1.2697417166042793,-0.008298802814695066
15768,-1.2697417166119531,-0.008298802814695066
15769,-1.2697417166337472,-0.008298802814695066
15770,-1.2697417166587321,-0.008298802814695066
15771,-1.2697417166692102,-0.008298802814695066
15772,-1.2697417166836364,-0.008298802814695066
15773,-1.2697417167251657,-0.008298802814695066
15774,-1.2697417167363585,-0.008298802814695066
15775,-1.2697417167449891,-0.008298802814695066
15776,-1.2697417167576446,-0.008298802814695066
15777,-1.2697417167733807,-0.008298802814695066
15778,-1.269741716776465,-0.008298802814695066
15779,-1.2697417167805254,-0.008298802814695066
15780,-1.2697417168214167,-0.008298802814695066
15781,-1.269741716833907,-0.008298802814695066
15782,-1.2697417168355978,-0.008298802814695066
15783,-1.2697417168587255,-0.008298802814695066
15784,-1.2697417168607252,-0.008298802814695066
15785,-1.2697417169048821,-0.008298802814695066
15786,-1.2697417169218603,-0.008298802814695066
15787,-1.269741716925676,-0.008298802814695066
15788,-1.2697417169308902,-0.008298802814695066
15789,-1.2697417169960112,-0.008298802814695066
15790,-1.2697417170335983,-0.008298802814695066
15791,-1.2697417170563658,-0.008298802814695066
15792,-1.2697417170571144,-0.008298802814695066
15793,-1.2697417170606968,-0.008298802814695066
15794,-1.269741717066194,-0.008298802814695066
15795,-1.2697417171007122,-0.008298802814695066
15796,-1.2697417171078484,-0.008298802814695066
15797,-1.2697417171252228,-0.008298802814695066
15798,-1.269741717130065,-0.008298802814695066
15799,-1.269741717141105,-0.008298802814695066
15800,-1.2697417171461611,-0.008298802814695066
15801,-1.269741717188808,-0.008298802814695066
15802,-1.2697417173255159,-0.008298802814695066
15803,-1.269741717327967,-0.008298802814695066
15804,-1.269741717328329,-0.008298802814695066
15805,-1.2697417174750671,-0.008298802814695066
15806,-1.2697417174940628,-0.008298802814695066
15807,-1.2697417175060122,-0.008298802814695066
15808,-1.2697417175157055,-0.008298802814695066
15809,-1.2697417175616534,-0.008298802814695066
15810,-1.2697417175946584,-0.008298802814695066
15811,-1.2697417176422952,-0.008298802814695066
15812,-1.2697417176768648,-0.008298802814695066
15813,-1.2697417177160264,-0.008298802814695066
15814,-1.2697417177390997,-0.008298802814695066
15815,-1.2697417177756132,-0.008298802814695066
15816,-1.2697417177889636,-0.008298802814695066
15817,-1.2697417177913422,-0.008298802814695066
15818,-1.269741717797079,-0.008298802814695066
15819,-1.2697417178105939,-0.008298802814695066
15820,-1.2697417178271664,-0.008298802814695066
15821,-1.2697417178376549,-0.008298802814695066
15822,-1.2697417178941497,-0.008298802814695066
15823,-1.269741717898594,-0.008298802814695066
15824,-1.2697417179125714,-0.008298802814695066
15825,-1.2697417179762223,-0.008298802814695066
15826,-1.2697417180180364,-0.008298802814695066
15827,-1.2697417180403963,-0.008298802814695066
15828,-1.2697417180563921,-0.008298802814695066
15829,-1.2697417180809063,-0.008298802814695066
15830,-1.269741718084914,-0.008298802814695066
15831,-1.2697417181050947,-0.008298802814695066
15832,-1.269741718184025,-0.008298802814695066
15833,-1.2697417182178525,-0.008298802814695066
15834,-1.2697417182831332,-0.008298802814695066
15835,-1.269741718298835,-0.008298802814695066
15836,-1.269741718315371,-0.008298802814695066
15837,-1.2697417183180582,-0.008298802814695066
15838,-1.2697417183249036,-0.008298802814695066
15839,-1.2697417183574322,-0.008298802814695066
15840,-1.2697417183737492,-0.008298802814695066
15841,-1.269741718384352,-0.008298802814695066
15842,-1.2697417184199806,-0.008298802814695066
15843,-1.2697417185479392,-0.008298802814695066
15844,-1.2697417185691249,-0.008298802814695066
15845,-1.2697417186096969,-0.008298802814695066
15846,-1.269741718624146,-0.008298802814695066
15847,-1.269741718634118,-0.008298802814695066
15848,-1.2697417186680937,-0.008298802814695066
15849,-1.2697417186809707,-0.008298802814695066
15850,-1.269741718686509,-0.008298802814695066
15851,-1.2697417187048647,-0.008298802814695066
15852,-1.2697417187215259,-0.008298802814695066
15853,-1.2697417187290723,-0.008298802814695066
15854,-1.269741718758699,-0.008298802814695066
15855,-1.2697417187595308,-0.008298802814695066
15856,-1.26974171876414,-0.008298802814695066
15857,-1.269741718776664,-0.008298802814695066
15858,-1.2697417188158366,-0.008298802814695066
15859,-1.2697417188374456,-0.008298802814695066
15860,-1.2697417188775042,-0.008298802814695066
15861,-1.2697417189337916,-0.008298802814695066
15862,-1.2697417189457556,-0.008298802814695066
15863,-1.2697417189911153,-0.008298802814695066
15864,-1.2697417190287754,-0.008298802814695066
15865,-1.2697417190340525,-0.008298802814695066
15866,-1.2697417190346505,-0.008298802814695066
15867,-1.2697417190372045,-0.008298802814695066
15868,-1.2697417190782558,-0.008298802814695066
15869,-1.2697417190852833,-0.008298802814695066
15870,-1.269741719131945,-0.008298802814695066
15871,-1.269741719139449,-0.008298802814695066
15872,-1.2697417191493234,-0.008298802814695066
15873,-1.2697417192175935,-0.008298802814695066
15874,-1.269741719250884,-0.008298802814695066
15875,-1.2697417192965763,-0.008298802814695066
15876,-1.2697417193354958,-0.008298802814695066
15877,-1.2697417193749985,-0.008298802814695066
15878,-1.2697417193942593,-0.008298802814695066
15879,-1.269741719405719,-0.008298802814695066
15880,-1.2697417194255507,-0.008298802814695066
15881,-1.2697417195233613,-0.008298802814695066
15882,-1.2697417196059475,-0.008298802814695066
15883,-1.269741719650598,-0.008298802814695066
15884,-1.269741719652243,-0.008298802814695066
15885,-1.2697417196557195,-0.008298802814695066
15886,-1.2697417197145056,-0.008298802814695066
15887,-1.2697417197185865,-0.008298802814695066
15888,-1.2697417197192555,-0.008298802814695066
15889,-1.2697417197598957,-0.008298802814695066
15890,-1.2697417197806047,-0.008298802814695066
15891,-1.269741719799398,-0.008298802814695066
15892,-1.269741719823366,-0.008298802814695066
15893,-1.2697417198301093,-0.008298802814695066
15894,-1.269741719868106,-0.008298802814695066
15895,-1.2697417198820395,-0.008298802814695066
15896,-1.269741719921035,-0.008298802814695066
15897,-1.2697417200706504,-0.008298802814695066
15898,-1.2697417201098018,-0.008298802814695066
15899,-1.2697417201258496,-0.008298802814695066
15900,-1.2697417201427192,-0.008298802814695066
15901,-1.2697417202410182,-0.008298802814695066
15902,-1.269741720248672,-0.008298802814695066
15903,-1.2697417202637338,-0.008298802814695066
15904,-1.2697417202707133,-0.008298802814695066
15905,-1.269741720280506,-0.008298802814695066
15906,-1.2697417202842827,-0.008298802814695066
15907,-1.2697417203071004,-0.008298802814695066
15908,-1.2697417203541599,-0.008298802814695066
15909,-1.2697417203902193,-0.008298802814695066
15910,-1.2697417204449781,-0.008298802814695066
15911,-1.2697417204634551,-0.008298802814695066
15912,-1.2697417205187371,-0.008298802814695066
15913,-1.269741720539422,-0.008298802814695066
15914,-1.2697417205883446,-0.008298802814695066
15915,-1.2697417206041561,-0.008298802814695066
15916,-1.2697417206163815,-0.008298802814695066
15917,-1.2697417206276866,-0.008298802814695066
15918,-1.2697417206344142,-0.008298802814695066
15919,-1.2697417206361636,-0.008298802814695066
15920,-1.2697417206607753,-0.008298802814695066
15921,-1.2697417206784105,-0.008298802814695066
15922,-1.2697417207129662,-0.008298802814695066
15923,-1.2697417207546502,-0.008298802814695066
15924,-1.2697417207612822,-0.008298802814695066
15925,-1.269741720806799,-0.008298802814695066
15926,-1.2697417208220356,-0.008298802814695066
15927,-1.2697417208302504,-0.008298802814695066
15928,-1.269741720833042,-0.008298802814695066
15929,-1.2697417208882797,-0.008298802814695066
15930,-1.269741720890051,-0.008298802814695066
15931,-1.2697417209486517,-0.008298802814695066
15932,-1.2697417209903912,-0.008298802814695066
15933,-1.269741720999198,-0.008298802814695066
15934,-1.2697417210026198,-0.008298802814695066
15935,-1.269741721042868,-0.008298802814695066
15936,-1.2697417210594946,-0.008298802814695066
15937,-1.269741721068503,-0.008298802814695066
15938,-1.2697417210827897,-0.008298802814695066
15939,-1.2697417211157653,-0.008298802814695066
15940,-1.26974172112295,-0.008298802814695066
15941,-1.2697417211671582,-0.008298802814695066
15942,-1.269741721258816,-0.008298802814695066
15943,-1.269741721290673,-0.008298802814695066
15944,-1.2697417213189786,-0.008298802814695066
15945,-1.2697417213267852,-0.008298802814695066
15946,-1.2697417213367208,-0.008298802814695066
15947,-1.2697417213588533,-0.008298802814695066
15948,-1.2697417213671078,-0.008298802814695066
15949,-1.2697417213773465,-0.008298802814695066
15950,-1.2697417214348352,-0.008298802814695066
15951,-1.269741721435411,-0.008298802814695066
15952,-1.269741721471521,-0.008298802814695066
15953,-1.2697417215114193,-0.008298802814695066
15954,-1.269741721531631,-0.008298802814695066
15955,-1.2697417215399878,-0.008298802814695066
15956,-1.2697417216042133,-0.008298802814695066
15957,-1.2697417216194453,-0.008298802814695066
15958,-1.269741721626564,-0.008298802814695066
15959,-1.2697417216520992,-0.008298802814695066
15960,-1.2697417216540714,-0.008298802814695066
15961,-1.2697417217009312,-0.008298802814695066
15962,-1.269741721712502,-0.008298802814695066
15963,-1.2697417217376885,-0.008298802814695066
15964,-1.2697417217744398,-0.008298802814695066
15965,-1.2697417217856417,-0.008298802814695066
15966,-1.2697417218308684,-0.008298802814695066
15967,-1.2697417218486098,-0.008298802814695066
15968,-1.2697417219182798,-0.008298802814695066
15969,-1.2697417219968996,-0.008298802814695066
15970,-1.2697417219969684,-0.008298802814695066
15971,-1.2697417220028886,-0.008298802814695066
15972,-1.2697417220650147,-0.008298802814695066
15973,-1.269741722068631,-0.008298802814695066
15974,-1.2697417220775191,-0.008298802814695066
15975,-1.2697417220862617,-0.008298802814695066
15976,-1.2697417220870837,-0.008298802814695066
15977,-1.2697417220885447,-0.008298802814695066
15978,-1.2697417220918028,-0.008298802814695066
15979,-1.2697417221342033,-0.008298802814695066
15980,-1.2697417221576228,-0.008298802814695066
15981,-1.2697417221827738,-0.008298802814695066
15982,-1.2697417221852494,-0.008298802814695066
15983,-1.2697417221875442,-0.008298802814695066
15984,-1.2697417222058147,-0.008298802814695066
15985,-1.2697417222164433,-0.008298802814695066
15986,-1.2697417222248601,-0.008298802814695066
15987,-1.269741722239829,-0.008298802814695066
15988,-1.2697417222427096,-0.008298802814695066
15989,-1.2697417222940657,-0.008298802814695066
15990,-1.2697417223100977,-0.008298802814695066
15991,-1.269741722369522,-0.008298802814695066
15992,-1.269741722374486,-0.008298802814695066
15993,-1.269741722401315,-0.008298802814695066
15994,-1.2697417224090548,-0.008298802814695066
15995,-1.2697417224716987,-0.008298802814695066
15996,-1.269741722476188,-0.008298802814695066
15997,-1.2697417224813103,-0.008298802814695066
15998,-1.269741722554452,-0.008298802814695066
15999,-1.2697417225720793,-0.008298802814695066
16000,-1.2697417225829803,-0.008298802814695066
16001,-1.2697417225885157,-0.008298802814695066
16002,-1.2697417226080407,-0.008298802814695066
16003,-1.2697417226108902,-0.008298802814695066
16004,-1.2697417226204113,-0.008298802814695066
16005,-1.2697417226657686,-0.008298802814695066
16006,-1.269741722683823,-0.008298802814695066
16007,-1.2697417226935146,-0.008298802814695066
16008,-1.2697417226975556,-0.008298802814695066
16009,-1.2697417227142074,-0.008298802814695066
16010,-1.2697417227311385,-0.008298802814695066
16011,-1.26974172273288,-0.008298802814695066
16012,-1.2697417227570345,-0.008298802814695066
16013,-1.269741722825676,-0.008298802814695066
16014,-1.2697417228291434,-0.008298802814695066
16015,-1.2697417228391197,-0.008298802814695066
16016,-1.2697417228704353,-0.008298802814695066
16017,-1.2697417229032677,-0.008298802814695066
16018,-1.26974172291717,-0.008298802814695066
16019,-1.2697417229814856,-0.008298802814695066
16020,-1.2697417229816146,-0.008298802814695066
16021,-1.2697417229817036,-0.008298802814695066
16022,-1.2697417230498826,-0.008298802814695066
16023,-1.269741723074789,-0.008298802814695066
16024,-1.2697417231033166,-0.008298802814695066
16025,-1.2697417231895254,-0.008298802814695066
16026,-1.2697417231936847,-0.008298802814695066
16027,-1.2697417232092199,-0.008298802814695066
16028,-1.2697417232225867,-0.008298802814695066
16029,-1.2697417233121697,-0.008298802814695066
16030,-1.2697417234382056,-0.008298802814695066
16031,-1.269741723461396,-0.008298802814695066
16032,-1.269741723517656,-0.008298802814695066
16033,-1.2697417235228792,-0.008298802814695066
16034,-1.269741723536142,-0.008298802814695066
16035,-1.2697417235483353,-0.008298802814695066
16036,-1.269741723574135,-0.008298802814695066
16037,-1.2697417235878512,-0.008298802814695066
16038,-1.2697417236220643,-0.008298802814695066
16039,-1.269741723635823,-0.008298802814695066
16040,-1.2697417236546702,-0.008298802814695066
16041,-1.269741723674637,-0.008298802814695066
16042,-1.2697417236847128,-0.008298802814695066
16043,-1.2697417237215591,-0.008298802814695066
16044,-1.2697417237800752,-0.008298802814695066
16045,-1.2697417237821802,-0.008298802814695066
16046,-1.2697417238694055,-0.008298802814695066
16047,-1.2697417238958277,-0.008298802814695066
16048,-1.269741723898592,-0.008298802814695066
16049,-1.2697417238998876,-0.008298802814695066
16050,-1.2697417239525506,-0.008298802814695066
16051,-1.2697417240230495,-0.008298802814695066
16052,-1.2697417240432265,-0.008298802814695066
16053,-1.2697417240524997,-0.008298802814695066
16054,-1.2697417240736568,-0.008298802814695066
16055,-1.2697417240969693,-0.008298802814695066
16056,-1.2697417241099584,-0.008298802814695066
16057,-1.2697417241585736,-0.008298802814695066
16058,-1.2697417242020816,-0.008298802814695066
16059,-1.2697417242675568,-0.008298802814695066
16060,-1.2697417242701472,-0.008298802814695066
16061,-1.2697417242907534,-0.008298802814695066
16062,-1.2697417243089233,-0.008298802814695066
16063,-1.2697417243380265,-0.008298802814695066
16064,-1.2697417243408278,-0.008298802814695066
16065,-1.2697417243507905,-0.008298802814695066
16066,-1.2697417243978415,-0.008298802814695066
16067,-1.2697417244051468,-0.008298802814695066
16068,-1.269741724419894,-0.008298802814695066
16069,-1.2697417244436549,-0.008298802814695066
16070,-1.269741724448586,-0.008298802814695066
16071,-1.2697417244768672,-0.008298802814695066
16072,-1.2697417245026301,-0.008298802814695066
16073,-1.2697417245320946,-0.008298802814695066
16074,-1.2697417245684424,-0.008298802814695066
16075,-1.2697417245725857,-0.008298802814695066
16076,-1.2697417245817784,-0.008298802814695066
16077,-1.2697417246099607,-0.008298802814695066
16078,-1.2697417246121492,-0.008298802814695066
16079,-1.2697417246316725,-0.008298802814695066
16080,-1.2697417246330513,-0.008298802814695066
16081,-1.2697417246406295,-0.008298802814695066
16082,-1.2697417246617397,-0.008298802814695066
16083,-1.269741724684251,-0.008298802814695066
16084,-1.2697417246948235,-0.008298802814695066
16085,-1.269741724696762,-0.008298802814695066
16086,-1.2697417247063862,-0.008298802814695066
16087,-1.2697417247275835,-0.008298802814695066
16088,-1.2697417247805325,-0.008298802814695066
16089,-1.2697417248053144,-0.008298802814695066
16090,-1.2697417248684921,-0.008298802814695066
16091,-1.2697417248772627,-0.008298802814695066
16092,-1.269741724907281,-0.008298802814695066
16093,-1.269741724944178,-0.008298802814695066
16094,-1.2697417249454035,-0.008298802814695066
16095,-1.2697417249889342,-0.008298802814695066
16096,-1.2697417250338567,-0.008298802814695066
16097,-1.2697417250788523,-0.008298802814695066
16098,-1.269741725094606,-0.008298802814695066
16099,-1.2697417251025005,-0.008298802814695066
16100,-1.269741725103837,-0.008298802814695066
16101,-1.2697417251210696,-0.008298802814695066
16102,-1.2697417251548107,-0.008298802814695066
16103,-1.2697417251604226,-0.008298802814695066
16104,-1.2697417252149763,-0.008298802814695066
16105,-1.2697417252700596,-0.008298802814695066
16106,-1.2697417252862033,-0.008298802814695066
16107,-1.2697417253191658,-0.008298802814695066
16108,-1.269741725332517,-0.008298802814695066
16109,-1.2697417253352399,-0.008298802814695066
16110,-1.2697417253531575,-0.008298802814695066
16111,-1.2697417253604983,-0.008298802814695066
16112,-1.2697417253645367,-0.008298802814695066
16113,-1.2697417253671432,-0.008298802814695066
16114,-1.2697417253685999,-0.008298802814695066
16115,-1.2697417253790726,-0.008298802814695066
16116,-1.269741725379748,-0.008298802814695066
16117,-1.269741725402967,-0.008298802814695066
16118,-1.2697417254301784,-0.008298802814695066
16119,-1.2697417254354328,-0.008298802814695066
16120,-1.2697417254473868,-0.008298802814695066
16121,-1.2697417254907595,-0.008298802814695066
16122,-1.2697417254913066,-0.008298802814695066
16123,-1.2697417254966037,-0.008298802814695066
16124,-1.269741725537846,-0.008298802814695066
16125,-1.269741725542304,-0.008298802814695066
16126,-1.2697417255713503,-0.008298802814695066
16127,-1.2697417255815762,-0.008298802814695066
16128,-1.2697417255839296,-0.008298802814695066
16129,-1.2697417255964343,-0.008298802814695066
16130,-1.2697417256032577,-0.008298802814695066
16131,-1.2697417256035868,-0.008298802814695066
16132,-1.2697417256166545,-0.008298802814695066
16133,-1.269741725647541,-0.008298802814695066
16134,-1.2697417256755292,-0.008298802814695066
16135,-1.2697417256986943,-0.008298802814695066
16136,-1.269741725710454,-0.008298802814695066
16137,-1.2697417257335755,-0.008298802814695066
16138,-1.2697417257341272,-0.008298802814695066
16139,-1.2697417257403738,-0.008298802814695066
16140,-1.2697417257460704,-0.008298802814695066
16141,-1.2697417257466794,-0.008298802814695066
16142,-1.2697417258063892,-0.008298802814695066
16143,-1.269741725849391,-0.008298802814695066
16144,-1.2697417258523669,-0.008298802814695066
16145,-1.2697417258534869,-0.008298802814695066
16146,-1.2697417258774608,-0.008298802814695066
16147,-1.2697417258806087,-0.008298802814695066
16148,-1.269741725888352,-0.008298802814695066
16149,-1.2697417259236983,-0.008298802814695066
16150,-1.2697417259373125,-0.008298802814695066
16151,-1.2697417260226418,-0.008298802814695066
16152,-1.2697417260232806,-0.008298802814695066
16153,-1.2697417260665649,-0.008298802814695066
16154,-1.2697417260748032,-0.008298802814695066
16155,-1.2697417260903074,-0.008298802814695066
16156,-1.269741726090948,-0.008298802814695066
16157,-1.2697417260991626,-0.008298802814695066
16158,-1.269741726105135,-0.008298802814695066
16159,-1.2697417261154953,-0.008298802814695066
16160,-1.269741726118884,-0.008298802814695066
16161,-1.2697417261205637,-0.008298802814695066
16162,-1.2697417261585573,-0.008298802814695066
16163,-1.2697417261784087,-0.008298802814695066
16164,-1.2697417261935724,-0.008298802814695066
16165,-1.2697417261936792,-0.008298802814695066
16166,-1.269741726194329,-0.008298802814695066
16167,-1.2697417262296335,-0.008298802814695066
16168,-1.2697417262985538,-0.008298802814695066
16169,-1.2697417263208848,-0.008298802814695066
16170,-1.2697417263384139,-0.008298802814695066
16171,-1.2697417263485875,-0.008298802814695066
16172,-1.2697417263495274,-0.008298802814695066
16173,-1.2697417263530482,-0.008298802814695066
16174,-1.2697417263579982,-0.008298802814695066
16175,-1.2697417263597144,-0.008298802814695066
16176,-1.2697417264024258,-0.008298802814695066
16177,-1.2697417264102122,-0.008298802814695066
16178,-1.2697417264134154,-0.008298802814695066
16179,-1.2697417264150628,-0.008298802814695066
16180,-1.2697417264395368,-0.008298802814695066
16181,-1.2697417264506157,-0.008298802814695066
16182,-1.269741726477437,-0.008298802814695066
16183,-1.2697417264867132,-0.008298802814695066
16184,-1.2697417264932493,-0.008298802814695066
16185,-1.2697417264994035,-0.008298802814695066
16186,-1.2697417265027164,-0.008298802814695066
16187,-1.2697417265084654,-0.008298802814695066
16188,-1.2697417265295174,-0.008298802814695066
16189,-1.2697417265439848,-0.008298802814695066
16190,-1.2697417265617765,-0.008298802814695066
16191,-1.2697417265744169,-0.008298802814695066
16192,-1.2697417266585758,-0.008298802814695066
16193,-1.2697417266902113,-0.008298802814695066
16194,-1.2697417267052753,-0.008298802814695066
16195,-1.2697417267119078,-0.008298802814695066
16196,-1.2697417267234958,-0.008298802814695066
16197,-1.269741726729706,-0.008298802814695066
16198,-1.269741726741447,-0.008298802814695066
16199,-1.2697417267665725,-0.008298802814695066
16200,-1.269741726787092,-0.008298802814695066
16201,-1.26974172678923,-0.008298802814695066
16202,-1.2697417267925764,-0.008298802814695066
16203,-1.269741726810416,-0.008298802814695066
16204,-1.2697417268246123,-0.008298802814695066
16205,-1.2697417268459774,-0.008298802814695066
16206,-1.2697417268686424,-0.008298802814695066
16207,-1.269741726877858,-0.008298802814695066
16208,-1.2697417269106002,-0.008298802814695066
16209,-1.269741726922459,-0.008298802814695066
16210,-1.2697417269383033,-0.008298802814695066
16211,-1.2697417269405116,-0.008298802814695066
16212,-1.2697417269451328,-0.008298802814695066
16213,-1.2697417269631697,-0.008298802814695066
16214,-1.2697417269643358,-0.008298802814695066
16215,-1.2697417269694447,-0.008298802814695066
16216,-1.2697417269734355,-0.008298802814695066
16217,-1.2697417269806537,-0.008298802814695066
16218,-1.2697417269817997,-0.008298802814695066
16219,-1.2697417269839868,-0.008298802814695066
16220,-1.269741726994,-0.008298802814695066
16221,-1.269741726997714,-0.008298802814695066
16222,-1.2697417270015265,-0.008298802814695066
16223,-1.2697417270070903,-0.008298802814695066
16224,-1.2697417270120348,-0.008298802814695066
16225,-1.2697417270288558,-0.008298802814695066
16226,-1.2697417270324565,-0.008298802814695066
16227,-1.2697417270361,-0.008298802814695066
16228,-1.2697417270372127,-0.008298802814695066
16229,-1.2697417270377316,-0.008298802814695066
16230,-1.2697417270551763,-0.008298802814695066
16231,-1.2697417270617168,-0.008298802814695066
16232,-1.2697417270660052,-0.008298802814695066
16233,-1.269741727067124,-0.008298802814695066
16234,-1.2697417271330138,-0.008298802814695066
16235,-1.2697417271405886,-0.008298802814695066
16236,-1.2697417271521756,-0.008298802814695066
16237,-1.2697417271626428,-0.008298802814695066
16238,-1.2697417271832028,-0.008298802814695066
16239,-1.2697417272028197,-0.008298802814695066
16240,-1.269741727254589,-0.008298802814695066
16241,-1.2697417272829892,-0.008298802814695066
16242,-1.2697417272889027,-0.008298802814695066
16243,-1.2697417272964588,-0.008298802814695066
16244,-1.269741727340417,-0.008298802814695066
16245,-1.2697417273502039,-0.008298802814695066
16246,-1.2697417274181366,-0.008298802814695066
16247,-1.2697417274301381,-0.008298802814695066
16248,-1.2697417274337495,-0.008298802814695066
16249,-1.2697417274397482,-0.008298802814695066
16250,-1.2697417274622083,-0.008298802814695066
16251,-1.2697417274827092,-0.008298802814695066
16252,-1.2697417274899907,-0.008298802814695066
16253,-1.269741727508585,-0.008298802814695066
16254,-1.2697417275263208,-0.008298802814695066
16255,-1.2697417275655867,-0.008298802814695066
16256,-1.2697417275681775,-0.008298802814695066
16257,-1.2697417275834924,-0.008298802814695066
16258,-1.2697417276410934,-0.008298802814695066
16259,-1.269741727648883,-0.008298802814695066
16260,-1.2697417276957508,-0.008298802814695066
16261,-1.2697417277063492,-0.008298802814695066
16262,-1.269741727741263,-0.008298802814695066
16263,-1.2697417277449863,-0.008298802814695066
16264,-1.2697417277728977,-0.008298802814695066
16265,-1.2697417277746665,-0.008298802814695066
16266,-1.269741727784427,-0.008298802814695066
16267,-1.2697417278047523,-0.008298802814695066
16268,-1.2697417278102525,-0.008298802814695066
16269,-1.2697417278247556,-0.008298802814695066
16270,-1.2697417278448582,-0.008298802814695066
16271,-1.2697417278483412,-0.008298802814695066
16272,-1.26974172784942,-0.008298802814695066
16273,-1.2697417278613923,-0.008298802814695066
16274,-1.2697417278620704,-0.008298802814695066
16275,-1.2697417278833045,-0.008298802814695066
16276,-1.269741727898328,-0.008298802814695066
16277,-1.2697417279009753,-0.008298802814695066
16278,-1.2697417279119245,-0.008298802814695066
16279,-1.2697417279215653,-0.008298802814695066
16280,-1.269741727925859,-0.008298802814695066
16281,-1.2697417279613386,-0.008298802814695066
16282,-1.2697417279652887,-0.008298802814695066
16283,-1.2697417279669594,-0.008298802814695066
16284,-1.269741727989644,-0.008298802814695066
16285,-1.2697417279927814,-0.008298802814695066
16286,-1.2697417279987588,-0.008298802814695066
16287,-1.2697417280029497,-0.008298802814695066
16288,-1.2697417280277346,-0.008298802814695066
16289,-1.2697417280349652,-0.008298802814695066
16290,-1.2697417280529348,-0.008298802814695066
16291,-1.269741728061502,-0.008298802814695066
16292,-1.269741728097173,-0.008298802814695066
16293,-1.2697417280996939,-0.008298802814695066
16294,-1.269741728101778,-0.008298802814695066
16295,-1.2697417281041419,-0.008298802814695066
16296,-1.269741728132554,-0.008298802814695066
16297,-1.2697417281700885,-0.008298802814695066
16298,-1.269741728213456,-0.008298802814695066
16299,-1.2697417282138734,-0.008298802814695066
16300,-1.2697417282188332,-0.008298802814695066
16301,-1.2697417283093757,-0.008298802814695066
16302,-1.2697417283507058,-0.008298802814695066
16303,-1.2697417283529548,-0.008298802814695066
16304,-1.269741728354714,-0.008298802814695066
16305,-1.2697417283651766,-0.008298802814695066
16306,-1.2697417283933528,-0.008298802814695066
16307,-1.2697417284217596,-0.008298802814695066
16308,-1.2697417284405081,-0.008298802814695066
16309,-1.2697417284557047,-0.008298802814695066
16310,-1.2697417284573604,-0.008298802814695066
16311,-1.2697417284768895,-0.008298802814695066
16312,-1.2697417284834862,-0.008298802814695066
16313,-1.2697417285142971,-0.008298802814695066
16314,-1.2697417285186456,-0.008298802814695066
16315,-1.269741728519767,-0.008298802814695066
16316,-1.2697417285250172,-0.008298802814695066
16317,-1.2697417285327504,-0.008298802814695066
16318,-1.2697417285493737,-0.008298802814695066
16319,-1.2697417285689432,-0.008298802814695066
16320,-1.269741728592491,-0.008298802814695066
16321,-1.2697417286012749,-0.008298802814695066
16322,-1.2697417286085342,-0.008298802814695066
16323,-1.2697417286114097,-0.008298802814695066
16324,-1.2697417286230483,-0.008298802814695066
16325,-1.2697417286312427,-0.008298802814695066
16326,-1.269741728632585,-0.008298802814695066
16327,-1.2697417286326833,-0.008298802814695066
16328,-1.2697417286352235,-0.008298802814695066
16329,-1.2697417286400436,-0.008298802814695066
16330,-1.269741728643022,-0.008298802814695066
16331,-1.2697417286676504,-0.008298802814695066
16332,-1.2697417286784882,-0.008298802814695066
16333,-1.2697417287201018,-0.008298802814695066
16334,-1.2697417287590793,-0.008298802814695066
16335,-1.2697417287615014,-0.008298802814695066
16336,-1.2697417287642243,-0.008298802814695066
16337,-1.2697417287687203,-0.008298802814695066
16338,-1.2697417287813806,-0.008298802814695066
16339,-1.2697417287912804,-0.008298802814695066
16340,-1.2697417287935542,-0.008298802814695066
16341,-1.269741728846,-0.008298802814695066
16342,-1.2697417288480675,-0.008298802814695066
16343,-1.2697417288579427,-0.008298802814695066
16344,-1.269741728895314,-0.008298802814695066
16345,-1.2697417289255295,-0.008298802814695066
16346,-1.269741728926096,-0.008298802814695066
16347,-1.2697417289351787,-0.008298802814695066
16348,-1.2697417289808235,-0.008298802814695066
16349,-1.2697417289832509,-0.008298802814695066
16350,-1.2697417290026496,-0.008298802814695066
16351,-1.269741729032913,-0.008298802814695066
16352,-1.2697417290652475,-0.008298802814695066
16353,-1.2697417290914224,-0.008298802814695066
16354,-1.2697417290921353,-0.008298802814695066
16355,-1.2697417290924558,-0.008298802814695066
16356,-1.2697417291243245,-0.008298802814695066
16357,-1.2697417291337125,-0.008298802814695066
16358,-1.2697417291341815,-0.008298802814695066
16359,-1.2697417291681856,-0.008298802814695066
16360,-1.2697417291737363,-0.008298802814695066
16361,-1.269741729194116,-0.008298802814695066
16362,-1.26974172919789,-0.008298802814695066
16363,-1.2697417292164972,-0.008298802814695066
16364,-1.2697417292181317,-0.008298802814695066
16365,-1.2697417292195512,-0.008298802814695066
16366,-1.2697417292327853,-0.008298802814695066
16367,-1.269741729248957,-0.008298802814695066
16368,-1.269741729277814,-0.008298802814695066
16369,-1.2697417292897974,-0.008298802814695066
16370,-1.2697417292911917,-0.008298802814695066
16371,-1.2697417292941118,-0.008298802814695066
16372,-1.2697417293000968,-0.008298802814695066
16373,-1.269741729302586,-0.008298802814695066
16374,-1.2697417293177575,-0.008298802814695066
16375,-1.2697417293427238,-0.008298802814695066
16376,-1.2697417293453017,-0.008298802814695066
16377,-1.2697417293465154,-0.008298802814695066
16378,-1.2697417293541957,-0.008298802814695066
16379,-1.2697417293734534,-0.008298802814695066
16380,-1.2697417293814715,-0.008298802814695066
16381,-1.2697417294005904,-0.008298802814695066
16382,-1.2697417295033908,-0.008298802814695066
16383,-1.2697417295220939,-0.008298802814695066
16384,-1.2697417295392284,-0.008298802814695066
16385,-1.269741729553978,-0.008298802814695066
16386,-1.2697417295778675,-0.008298802814695066
16387,-1.2697417295858349,-0.008298802814695066
16388,-1.2697417296132334,-0.008298802814695066
16389,-1.2697417296377025,-0.008298802814695066
16390,-1.2697417296452183,-0.008298802814695066
16391,-1.2697417296477067,-0.008298802814695066
16392,-1.2697417296536821,-0.008298802814695066
16393,-1.2697417296568547,-0.008298802814695066
16394,-1.2697417296569795,-0.008298802814695066
16395,-1.2697417296697657,-0.008298802814695066
16396,-1.2697417296802653,-0.008298802814695066
16397,-1.2697417296952855,-0.008298802814695066
16398,-1.2697417297518028,-0.008298802814695066
16399,-1.2697417297608566,-0.008298802814695066
16400,-1.269741729764882,-0.008298802814695066
16401,-1.2697417297924471,-0.008298802814695066
16402,-1.2697417298151104,-0.008298802814695066
16403,-1.2697417298189297,-0.008298802814695066
16404,-1.2697417298357436,-0.008298802814695066
16405,-1.2697417298421472,-0.008298802814695066
16406,-1.2697417298810842,-0.008298802814695066
16407,-1.2697417299025542,-0.008298802814695066
16408,-1.2697417299147333,-0.008298802814695066
16409,-1.269741729936057,-0.008298802814695066
16410,-1.269741729936295,-0.008298802814695066
16411,-1.2697417299500564,-0.008298802814695066
16412,-1.2697417299603315,-0.008298802814695066
16413,-1.2697417299689284,-0.008298802814695066
16414,-1.2697417299698985,-0.008298802814695066
16415,-1.2697417299745184,-0.008298802814695066
16416,-1.2697417299918776,-0.008298802814695066
16417,-1.269741729994768,-0.008298802814695066
16418,-1.2697417300447391,-0.008298802814695066
16419,-1.2697417300508684,-0.008298802814695066
16420,-1.2697417300517104,-0.008298802814695066
16421,-1.269741730094553,-0.008298802814695066
16422,-1.2697417301044884,-0.008298802814695066
16423,-1.2697417301116718,-0.008298802814695066
16424,-1.26974173012375,-0.008298802814695066
16425,-1.2697417301311653,-0.008298802814695066
16426,-1.269741730154036,-0.008298802814695066
16427,-1.269741730154095,-0.008298802814695066
16428,-1.2697417301575258,-0.008298802814695066
16429,-1.269741730171774,-0.008298802814695066
16430,-1.2697417301928677,-0.008298802814695066
16431,-1.2697417302128502,-0.008298802814695066
16432,-1.2697417302181337,-0.008298802814695066
16433,-1.269741730218144,-0.008298802814695066
16434,-1.2697417302329748,-0.008298802814695066
16435,-1.2697417302426492,-0.008298802814695066
16436,-1.2697417302993803,-0.008298802814695066
16437,-1.2697417303150134,-0.008298802814695066
16438,-1.2697417303441383,-0.008298802814695066
16439,-1.2697417303507466,-0.008298802814695066
16440,-1.2697417303664023,-0.008298802814695066
16441,-1.2697417303777714,-0.008298802814695066
16442,-1.2697417304053282,-0.008298802814695066
16443,-1.269741730408627,-0.008298802814695066
16444,-1.2697417304230258,-0.008298802814695066
16445,-1.2697417304316074,-0.008298802814695066
16446,-1.2697417304403533,-0.008298802814695066
16447,-1.269741730445757,-0.008298802814695066
16448,-1.2697417304611938,-0.008298802814695066
16449,-1.2697417304927,-0.008298802814695066
16450,-1.2697417305044472,-0.008298802814695066
16451,-1.2697417305050376,-0.008298802814695066
16452,-1.269741730515439,-0.008298802814695066
16453,-1.2697417305320853,-0.008298802814695066
16454,-1.2697417305666194,-0.008298802814695066
16455,-1.2697417305832803,-0.008298802814695066
16456,-1.2697417305918983,-0.008298802814695066
16457,-1.269741730605006,-0.008298802814695066
16458,-1.2697417306359342,-0.008298802814695066
16459,-1.2697417306362895,-0.008298802814695066
16460,-1.2697417306386973,-0.008298802814695066
16461,-1.2697417306389998,-0.008298802814695066
16462,-1.2697417306527177,-0.008298802814695066
16463,-1.269741730695856,-0.008298802814695066
16464,-1.269741730698514,-0.008298802814695066
16465,-1.2697417307155652,-0.008298802814695066
16466,-1.2697417307235748,-0.008298802814695066
16467,-1.2697417307375645,-0.008298802814695066
16468,-1.2697417307453027,-0.008298802814695066
16469,-1.2697417307464902,-0.008298802814695066
16470,-1.26974173074886,-0.008298802814695066
16471,-1.2697417307748688,-0.008298802814695066
16472,-1.2697417308222112,-0.008298802814695066
16473,-1.2697417308245016,-0.008298802814695066
16474,-1.2697417308381733,-0.008298802814695066
16475,-1.2697417308398098,-0.008298802814695066
16476,-1.2697417308556296,-0.008298802814695066
16477,-1.2697417308633818,-0.008298802814695066
16478,-1.269741730872271,-0.008298802814695066
16479,-1.2697417308733183,-0.008298802814695066
16480,-1.2697417308864467,-0.008298802814695066
16481,-1.2697417308976604,-0.008298802814695066
16482,-1.269741730901889,-0.008298802814695066
16483,-1.2697417309460304,-0.008298802814695066
16484,-1.2697417309539452,-0.008298802814695066
16485,-1.2697417309695618,-0.008298802814695066
16486,-1.2697417309772807,-0.008298802814695066
16487,-1.2697417309858947,-0.008298802814695066
16488,-1.2697417309887253,-0.008298802814695066
16489,-1.2697417309891768,-0.008298802814695066
16490,-1.2697417310058565,-0.008298802814695066
16491,-1.2697417310203707,-0.008298802814695066
16492,-1.2697417310288652,-0.008298802814695066
16493,-1.2697417310769725,-0.008298802814695066
16494,-1.2697417310773838,-0.008298802814695066
16495,-1.2697417310949901,-0.008298802814695066
16496,-1.2697417311064043,-0.008298802814695066
16497,-1.269741731111755,-0.008298802814695066
16498,-1.2697417311756296,-0.008298802814695066
16499,-1.269741731181917,-0.008298802814695066
16500,-1.269741731197762,-0.008298802814695066
16501,-1.2697417312302062,-0.008298802814695066
16502,-1.2697417312657273,-0.008298802814695066
16503,-1.269741731278378,-0.008298802814695066
16504,-1.2697417312865602,-0.008298802814695066
16505,-1.2697417312890606,-0.008298802814695066
16506,-1.2697417312898474,-0.008298802814695066
16507,-1.2697417312942691,-0.008298802814695066
16508,-1.2697417312955037,-0.008298802814695066
16509,-1.2697417313075317,-0.008298802814695066
16510,-1.2697417313305943,-0.008298802814695066
16511,-1.2697417313552917,-0.008298802814695066
16512,-1.2697417313786008,-0.008298802814695066
16513,-1.2697417313919428,-0.008298802814695066
16514,-1.2697417314188062,-0.008298802814695066
16515,-1.2697417314268409,-0.008298802814695066
16516,-1.2697417314416348,-0.008298802814695066
16517,-1.2697417314573478,-0.008298802814695066
16518,-1.269741731467675,-0.008298802814695066
16519,-1.2697417314934842,-0.008298802814695066
16520,-1.269741731498679,-0.008298802814695066
16521,-1.269741731503927,-0.008298802814695066
16522,-1.2697417315191277,-0.008298802814695066
16523,-1.269741731529105,-0.008298802814695066
16524,-1.269741731541809,-0.008298802814695066
16525,-1.2697417315437252,-0.008298802814695066
16526,-1.2697417315490873,-0.008298802814695066
16527,-1.269741731568355,-0.008298802814695066
16528,-1.2697417315747555,-0.008298802814695066
16529,-1.269741731575162,-0.008298802814695066
16530,-1.2697417315832777,-0.008298802814695066
16531,-1.2697417315833919,-0.008298802814695066
16532,-1.269741731600414,-0.008298802814695066
16533,-1.2697417316059347,-0.008298802814695066
16534,-1.269741731611171,-0.008298802814695066
16535,-1.2697417316123258,-0.008298802814695066
16536,-1.2697417316507242,-0.008298802814695066
16537,-1.2697417316698107,-0.008298802814695066
16538,-1.2697417316830468,-0.008298802814695066
16539,-1.2697417316865665,-0.008298802814695066
16540,-1.2697417316983608,-0.008298802814695066
16541,-1.269741731727573,-0.008298802814695066
16542,-1.2697417317468602,-0.008298802814695066
16543,-1.2697417317855408,-0.008298802814695066
16544,-1.2697417317931976,-0.008298802814695066
16545,-1.2697417318043431,-0.008298802814695066
16546,-1.269741731805536,-0.008298802814695066
16547,-1.269741731809787,-0.008298802814695066
16548,-1.269741731827585,-0.008298802814695066
16549,-1.26974173183554,-0.008298802814695066
16550,-1.269741731841893,-0.008298802814695066
16551,-1.2697417318657342,-0.008298802814695066
16552,-1.2697417318776385,-0.008298802814695066
16553,-1.269741731892014,-0.008298802814695066
16554,-1.269741731898314,-0.008298802814695066
16555,-1.2697417319181272,-0.008298802814695066
16556,-1.2697417319241078,-0.008298802814695066
16557,-1.2697417319245317,-0.008298802814695066
16558,-1.269741731937554,-0.008298802814695066
16559,-1.2697417319419435,-0.008298802814695066
16560,-1.2697417319459845,-0.008298802814695066
16561,-1.269741731964185,-0.008298802814695066
16562,-1.269741731964845,-0.008298802814695066
16563,-1.2697417319660405,-0.008298802814695066
16564,-1.2697417319682,-0.008298802814695066
16565,-1.2697417319942685,-0.008298802814695066
16566,-1.2697417320022781,-0.008298802814695066
16567,-1.2697417320083197,-0.008298802814695066
16568,-1.2697417320357753,-0.008298802814695066
16569,-1.269741732047264,-0.008298802814695066
16570,-1.2697417320513673,-0.008298802814695066
16571,-1.2697417320709523,-0.008298802814695066
16572,-1.269741732079702,-0.008298802814695066
16573,-1.269741732108718,-0.008298802814695066
16574,-1.2697417321111688,-0.008298802814695066
16575,-1.2697417321118762,-0.008298802814695066
16576,-1.2697417321184308,-0.008298802814695066
16577,-1.2697417321488298,-0.008298802814695066
16578,-1.2697417321530236,-0.008298802814695066
16579,-1.2697417321550992,-0.008298802814695066
16580,-1.2697417321594615,-0.008298802814695066
16581,-1.269741732164318,-0.008298802814695066
16582,-1.269741732164809,-0.008298802814695066
16583,-1.269741732183449,-0.008298802814695066
16584,-1.2697417321849516,-0.008298802814695066
16585,-1.269741732189683,-0.008298802814695066
16586,-1.2697417321899405,-0.008298802814695066
16587,-1.2697417321977573,-0.008298802814695066
16588,-1.2697417321992475,-0.008298802814695066
16589,-1.2697417322032596,-0.008298802814695066
16590,-1.2697417322088997,-0.008298802814695066
16591,-1.2697417322147009,-0.008298802814695066
16592,-1.2697417322216324,-0.008298802814695066
16593,-1.2697417322267097,-0.008298802814695066
16594,-1.269741732233913,-0.008298802814695066
16595,-1.2697417322464277,-0.008298802814695066
16596,-1.2697417322540345,-0.008298802814695066
16597,-1.2697417322600255,-0.008298802814695066
16598,-1.2697417322860118,-0.008298802814695066
16599,-1.2697417322871156,-0.008298802814695066
16600,-1.2697417322952826,-0.008298802814695066
16601,-1.2697417323064335,-0.008298802814695066
16602,-1.269741732324705,-0.008298802814695066
16603,-1.2697417323262445,-0.008298802814695066
16604,-1.2697417323375513,-0.008298802814695066
16605,-1.2697417323496583,-0.008298802814695066
16606,-1.2697417323539062,-0.008298802814695066
16607,-1.2697417323626983,-0.008298802814695066
16608,-1.269741732378767,-0.008298802814695066
16609,-1.2697417323852038,-0.008298802814695066
16610,-1.2697417324019735,-0.008298802814695066
16611,-1.2697417324076499,-0.008298802814695066
16612,-1.2697417324264637,-0.008298802814695066
16613,-1.2697417324417946,-0.008298802814695066
16614,-1.269741732445084,-0.008298802814695066
16615,-1.269741732455026,-0.008298802814695066
16616,-1.2697417324563058,-0.008298802814695066
16617,-1.26974173246467,-0.008298802814695066
16618,-1.2697417324705227,-0.008298802814695066
16619,-1.2697417325144296,-0.008298802814695066
16620,-1.2697417325189453,-0.008298802814695066
16621,-1.2697417325244018,-0.008298802814695066
16622,-1.269741732529619,-0.008298802814695066
16623,-1.2697417325354243,-0.008298802814695066
16624,-1.2697417325452758,-0.008298802814695066
16625,-1.2697417325825597,-0.008298802814695066
16626,-1.2697417325914748,-0.008298802814695066
16627,-1.2697417325953382,-0.008298802814695066
16628,-1.2697417326087312,-0.008298802814695066
16629,-1.2697417326100782,-0.008298802814695066
16630,-1.2697417326149447,-0.008298802814695066
16631,-1.2697417326270437,-0.008298802814695066
16632,-1.2697417326359082,-0.008298802814695066
16633,-1.2697417326494143,-0.008298802814695066
16634,-1.2697417326537335,-0.008298802814695066
16635,-1.2697417326575715,-0.008298802814695066
16636,-1.2697417326668816,-0.008298802814695066
16637,-1.2697417326677618,-0.008298802814695066
16638,-1.2697417326706026,-0.008298802814695066
16639,-1.269741732677802,-0.008298802814695066
16640,-1.2697417326797362,-0.008298802814695066
16641,-1.2697417326844256,-0.008298802814695066
16642,-1.2697417326845022,-0.008298802814695066
16643,-1.2697417326971445,-0.008298802814695066
16644,-1.2697417326972777,-0.008298802814695066
16645,-1.269741732736947,-0.008298802814695066
16646,-1.2697417327382687,-0.008298802814695066
16647,-1.2697417327457714,-0.008298802814695066
16648,-1.269741732758717,-0.008298802814695066
16649,-1.2697417327590852,-0.008298802814695066
16650,-1.2697417327726286,-0.008298802814695066
16651,-1.2697417327760763,-0.008298802814695066
16652,-1.2697417327778517,-0.008298802814695066
16653,-1.2697417327825045,-0.008298802814695066
16654,-1.2697417328012899,-0.008298802814695066
16655,-1.2697417328104392,-0.008298802814695066
16656,-1.2697417328153597,-0.008298802814695066
16657,-1.2697417328170562,-0.008298802814695066
16658,-1.2697417328245084,-0.008298802814695066
16659,-1.2697417328279743,-0.008298802814695066
16660,-1.269741732830635,-0.008298802814695066
16661,-1.2697417328363485,-0.008298802814695066
16662,-1.2697417328446994,-0.008298802814695066
16663,-1.2697417328470246,-0.008298802814695066
16664,-1.2697417328590463,-0.008298802814695066
16665,-1.2697417328645302,-0.008298802814695066
16666,-1.2697417328648317,-0.008298802814695066
16667,-1.2697417328719198,-0.008298802814695066
16668,-1.269741732875731,-0.008298802814695066
16669,-1.2697417328800995,-0.008298802814695066
16670,-1.2697417328803988,-0.008298802814695066
16671,-1.269741732882888,-0.008298802814695066
16672,-1.2697417328861622,-0.008298802814695066
16673,-1.2697417328908518,-0.008298802814695066
16674,-1.2697417329173792,-0.008298802814695066
16675,-1.2697417329238105,-0.008298802814695066
16676,-1.2697417329374923,-0.008298802814695066
16677,-1.2697417329384266,-0.008298802814695066
16678,-1.2697417329406075,-0.008298802814695066
16679,-1.2697417329425313,-0.008298802814695066
16680,-1.2697417329524263,-0.008298802814695066
16681,-1.2697417329713003,-0.008298802814695066
16682,-1.2697417329779301,-0.008298802814695066
16683,-1.2697417329848866,-0.008298802814695066
16684,-1.2697417329879261,-0.008298802814695066
16685,-1.2697417329914995,-0.008298802814695066
16686,-1.2697417329965832,-0.008298802814695066
16687,-1.2697417329977692,-0.008298802814695066
16688,-1.2697417329984977,-0.008298802814695066
16689,-1.2697417329993521,-0.008298802814695066
16690,-1.269741733014057,-0.008298802814695066
16691,-1.269741733019086,-0.008298802814695066
16692,-1.2697417330194984,-0.008298802814695066
16693,-1.2697417330302376,-0.008298802814695066
16694,-1.2697417330392322,-0.008298802814695066
16695,-1.2697417330428167,-0.008298802814695066
16696,-1.2697417330576797,-0.008298802814695066
16697,-1.2697417330596807,-0.008298802814695066
16698,-1.2697417330657077,-0.008298802814695066
16699,-1.2697417330812415,-0.008298802814695066
16700,-1.2697417330821101,-0.008298802814695066
16701,-1.2697417330831269,-0.008298802814695066
16702,-1.269741733088888,-0.008298802814695066
16703,-1.2697417330957868,-0.008298802814695066
16704,-1.2697417331184335,-0.008298802814695066
16705,-1.2697417331338219,-0.008298802814695066
16706,-1.2697417331422347,-0.008298802814695066
16707,-1.2697417331451981,-0.008298802814695066
16708,-1.2697417331777987,-0.008298802814695066
16709,-1.2697417331793992,-0.008298802814695066
16710,-1.2697417331827374,-0.008298802814695066
16711,-1.2697417331902134,-0.008298802814695066
16712,-1.2697417331954315,-0.008298802814695066
16713,-1.2697417331958902,-0.008298802814695066
16714,-1.2697417331972067,-0.008298802814695066
16715,-1.2697417332012313,-0.008298802814695066
16716,-1.2697417332074186,-0.008298802814695066
16717,-1.269741733209741,-0.008298802814695066
16718,-1.269741733213817,-0.008298802814695066
16719,-1.2697417332409529,-0.008298802814695066
16720,-1.269741733241267,-0.008298802814695066
16721,-1.2697417332518697,-0.008298802814695066
16722,-1.2697417332582748,-0.008298802814695066
16723,-1.2697417332584093,-0.008298802814695066
16724,-1.269741733259864,-0.008298802814695066
16725,-1.2697417332733782,-0.008298802814695066
16726,-1.269741733307605,-0.008298802814695066
16727,-1.269741733312864,-0.008298802814695066
16728,-1.269741733346233,-0.008298802814695066
16729,-1.269741733348809,-0.008298802814695066
16730,-1.2697417333684413,-0.008298802814695066
16731,-1.2697417333862415,-0.008298802814695066
16732,-1.2697417334095586,-0.008298802814695066
16733,-1.2697417334150956,-0.008298802814695066
16734,-1.2697417334301913,-0.008298802814695066
16735,-1.2697417334330794,-0.008298802814695066
16736,-1.2697417334424956,-0.008298802814695066
16737,-1.2697417334552565,-0.008298802814695066
16738,-1.2697417334556702,-0.008298802814695066
16739,-1.2697417334582008,-0.008298802814695066
16740,-1.2697417334595238,-0.008298802814695066
16741,-1.2697417334596832,-0.008298802814695066
16742,-1.2697417334689498,-0.008298802814695066
16743,-1.269741733472428,-0.008298802814695066
16744,-1.2697417335021528,-0.008298802814695066
16745,-1.2697417335053176,-0.008298802814695066
16746,-1.2697417335523722,-0.008298802814695066
16747,-1.2697417335546028,-0.008298802814695066
16748,-1.2697417335605021,-0.008298802814695066
16749,-1.269741733569218,-0.008298802814695066
16750,-1.2697417335724808,-0.008298802814695066
16751,-1.2697417335742511,-0.008298802814695066
16752,-1.269741733579714,-0.008298802814695066
16753,-1.2697417336060828,-0.008298802814695066
16754,-1.2697417336143693,-0.008298802814695066
16755,-1.2697417336181511,-0.008298802814695066
16756,-1.2697417336214847,-0.008298802814695066
16757,-1.2697417336282553,-0.008298802814695066
16758,-1.2697417336284191,-0.008298802814695066
16759,-1.2697417336556882,-0.008298802814695066
16760,-1.2697417336651526,-0.008298802814695066
16761,-1.2697417336670027,-0.008298802814695066
16762,-1.2697417336733605,-0.008298802814695066
16763,-1.269741733675569,-0.008298802814695066
16764,-1.2697417336790677,-0.008298802814695066
16765,-1.2697417336884835,-0.008298802814695066
16766,-1.2697417336908052,-0.008298802814695066
16767,-1.2697417337001295,-0.008298802814695066
16768,-1.269741733702207,-0.008298802814695066
16769,-1.2697417337027923,-0.008298802814695066
16770,-1.2697417337028871,-0.008298802814695066
16771,-1.2697417337178183,-0.008298802814695066
16772,-1.2697417337186323,-0.008298802814695066
16773,-1.269741733742697,-0.008298802814695066
16774,-1.2697417337430232,-0.008298802814695066
16775,-1.26974173375744,-0.008298802814695066
16776,-1.2697417337687356,-0.008298802814695066
16777,-1.2697417337736028,-0.008298802814695066
16778,-1.2697417337746562,-0.008298802814695066
16779,-1.2697417337816397,-0.008298802814695066
16780,-1.2697417337891421,-0.008298802814695066
16781,-1.2697417338092662,-0.008298802814695066
16782,-1.269741733831112,-0.008298802814695066
16783,-1.2697417338360997,-0.008298802814695066
16784,-1.2697417338376862,-0.008298802814695066
16785,-1.269741733853368,-0.008298802814695066
16786,-1.269741733859083,-0.008298802814695066
16787,-1.26974173385933,-0.008298802814695066
16788,-1.2697417338656674,-0.008298802814695066
16789,-1.2697417338807067,-0.008298802814695066
16790,-1.2697417338869557,-0.008298802814695066
16791,-1.2697417338884973,-0.008298802814695066
16792,-1.2697417339102048,-0.008298802814695066
16793,-1.269741733911253,-0.008298802814695066
16794,-1.269741733917323,-0.008298802814695066
16795,-1.269741733931075,-0.008298802814695066
16796,-1.269741733932147,-0.008298802814695066
16797,-1.2697417339376678,-0.008298802814695066
16798,-1.2697417339476988,-0.008298802814695066
16799,-1.2697417339487724,-0.008298802814695066
16800,-1.2697417339602732,-0.008298802814695066
16801,-1.2697417339602861,-0.008298802814695066
16802,-1.269741733994906,-0.008298802814695066
16803,-1.2697417339964252,-0.008298802814695066
16804,-1.2697417340029253,-0.008298802814695066
16805,-1.2697417340091999,-0.008298802814695066
16806,-1.269741734025255,-0.008298802814695066
16807,-1.2697417340283095,-0.008298802814695066
16808,-1.269741734029182,-0.008298802814695066
16809,-1.2697417340391022,-0.008298802814695066
16810,-1.2697417340425456,-0.008298802814695066
16811,-1.269741734042843,-0.008298802814695066
16812,-1.2697417340431045,-0.008298802814695066
16813,-1.269741734062046,-0.008298802814695066
16814,-1.2697417340641013,-0.008298802814695066
16815,-1.2697417340644959,-0.008298802814695066
16816,-1.2697417340650519,-0.008298802814695066
16817,-1.2697417340662012,-0.008298802814695066
16818,-1.2697417340667543,-0.008298802814695066
16819,-1.2697417340766268,-0.008298802814695066
16820,-1.2697417340987363,-0.008298802814695066
16821,-1.269741734128746,-0.008298802814695066
16822,-1.2697417341310442,-0.008298802814695066
16823,-1.269741734133213,-0.008298802814695066
16824,-1.2697417341493211,-0.008298802814695066
16825,-1.269741734154366,-0.008298802814695066
16826,-1.2697417341634405,-0.008298802814695066
16827,-1.2697417341772006,-0.008298802814695066
16828,-1.2697417341838524,-0.008298802814695066
16829,-1.2697417341846606,-0.008298802814695066
16830,-1.269741734199871,-0.008298802814695066
16831,-1.2697417342134985,-0.008298802814695066
16832,-1.2697417342246098,-0.008298802814695066
16833,-1.2697417342253479,-0.008298802814695066
16834,-1.2697417342303607,-0.008298802814695066
16835,-1.2697417342518333,-0.008298802814695066
16836,-1.2697417342526476,-0.008298802814695066
16837,-1.2697417342552868,-0.008298802814695066
16838,-1.2697417342557027,-0.008298802814695066
16839,-1.2697417342622657,-0.008298802814695066
16840,-1.2697417342725124,-0.008298802814695066
16841,-1.2697417342747122,-0.008298802814695066
16842,-1.2697417342752546,-0.008298802814695066
16843,-1.269741734297328,-0.008298802814695066
16844,-1.269741734312646,-0.008298802814695066
16845,-1.2697417343136728,-0.008298802814695066
16846,-1.269741734335373,-0.008298802814695066
16847,-1.2697417343389823,-0.008298802814695066
16848,-1.2697417343652253,-0.008298802814695066
16849,-1.2697417343756952,-0.008298802814695066
16850,-1.269741734379192,-0.008298802814695066
16851,-1.269741734382066,-0.008298802814695066
16852,-1.2697417343908532,-0.008298802814695066
16853,-1.2697417343989195,-0.008298802814695066
16854,-1.269741734408185,-0.008298802814695066
16855,-1.2697417344119368,-0.008298802814695066
16856,-1.2697417344182953,-0.008298802814695066
16857,-1.2697417344202833,-0.008298802814695066
16858,-1.2697417344273938,-0.008298802814695066
16859,-1.2697417344300823,-0.008298802814695066
16860,-1.2697417344306476,-0.008298802814695066
16861,-1.2697417344309325,-0.008298802814695066
16862,-1.2697417344422661,-0.008298802814695066
16863,-1.2697417344599427,-0.008298802814695066
16864,-1.269741734460028,-0.008298802814695066
16865,-1.269741734483127,-0.008298802814695066
16866,-1.2697417344953674,-0.008298802814695066
16867,-1.269741734500304,-0.008298802814695066
16868,-1.2697417345037532,-0.008298802814695066
16869,-1.2697417345285194,-0.008298802814695066
16870,-1.269741734530427,-0.008298802814695066
16871,-1.2697417345369075,-0.008298802814695066
16872,-1.2697417345373445,-0.008298802814695066
16873,-1.2697417345444433,-0.008298802814695066
16874,-1.269741734545118,-0.008298802814695066
16875,-1.2697417345580275,-0.008298802814695066
16876,-1.2697417345611002,-0.008298802814695066
16877,-1.2697417345624387,-0.008298802814695066
16878,-1.2697417345710202,-0.008298802814695066
16879,-1.269741734574397,-0.008298802814695066
16880,-1.2697417345771078,-0.008298802814695066
16881,-1.2697417346025122,-0.008298802814695066
16882,-1.2697417346154465,-0.008298802814695066
16883,-1.2697417346244133,-0.008298802814695066
16884,-1.2697417346363291,-0.008298802814695066
16885,-1.2697417346465711,-0.008298802814695066
16886,-1.2697417346520192,-0.008298802814695066
16887,-1.269741734666573,-0.008298802814695066
16888,-1.2697417346704962,-0.008298802814695066
16889,-1.2697417346953201,-0.008298802814695066
16890,-1.2697417347075017,-0.008298802814695066
16891,-1.2697417347182098,-0.008298802814695066
16892,-1.2697417347278512,-0.008298802814695066
16893,-1.26974173474173,-0.008298802814695066
16894,-1.2697417347494042,-0.008298802814695066
16895,-1.2697417347589872,-0.008298802814695066
16896,-1.2697417347654312,-0.008298802814695066
16897,-1.2697417347793665,-0.008298802814695066
16898,-1.2697417347804347,-0.008298802814695066
16899,-1.2697417347914395,-0.008298802814695066
16900,-1.2697417347977549,-0.008298802814695066
16901,-1.2697417348016042,-0.008298802814695066
16902,-1.2697417348087354,-0.008298802814695066
16903,-1.269741734812848,-0.008298802814695066
16904,-1.2697417348227307,-0.008298802814695066
16905,-1.2697417348282327,-0.008298802814695066
16906,-1.2697417348302544,-0.008298802814695066
16907,-1.269741734830519,-0.008298802814695066
16908,-1.2697417348306579,-0.008298802814695066
16909,-1.2697417348403341,-0.008298802814695066
16910,-1.2697417348548234,-0.008298802814695066
16911,-1.2697417348701143,-0.008298802814695066
16912,-1.2697417348886368,-0.008298802814695066
16913,-1.269741734890362,-0.008298802814695066
16914,-1.2697417348918818,-0.008298802814695066
16915,-1.2697417348952524,-0.008298802814695066
16916,-1.2697417348959963,-0.008298802814695066
16917,-1.2697417349008553,-0.008298802814695066
16918,-1.269741734924529,-0.008298802814695066
16919,-1.2697417349475946,-0.008298802814695066
16920,-1.2697417349718856,-0.008298802814695066
16921,-1.269741734974293,-0.008298802814695066
16922,-1.2697417349793758,-0.008298802814695066
16923,-1.2697417349794813,-0.008298802814695066
16924,-1.2697417349991234,-0.008298802814695066
16925,-1.2697417349994562,-0.008298802814695066
16926,-1.2697417350068312,-0.008298802814695066
16927,-1.2697417350075222,-0.008298802814695066
16928,-1.2697417350145301,-0.008298802814695066
16929,-1.269741735019751,-0.008298802814695066
16930,-1.269741735029632,-0.008298802814695066
16931,-1.2697417350313869,-0.008298802814695066
16932,-1.269741735036666,-0.008298802814695066
16933,-1.2697417350383247,-0.008298802814695066
16934,-1.269741735038515,-0.008298802814695066
16935,-1.26974173506881,-0.008298802814695066
16936,-1.269741735084045,-0.008298802814695066
16937,-1.26974173508963,-0.008298802814695066
16938,-1.2697417351121425,-0.008298802814695066
16939,-1.2697417351148659,-0.008298802814695066
16940,-1.2697417351162428,-0.008298802814695066
16941,-1.2697417351216909,-0.008298802814695066
16942,-1.2697417351244,-0.008298802814695066
16943,-1.2697417351424043,-0.008298802814695066
16944,-1.26974173514285,-0.008298802814695066
16945,-1.2697417351513065,-0.008298802814695066
16946,-1.2697417351558533,-0.008298802814695066
16947,-1.2697417351586566,-0.008298802814695066
16948,-1.2697417351672602,-0.008298802814695066
16949,-1.2697417351711073,-0.008298802814695066
16950,-1.2697417351848106,-0.008298802814695066
16951,-1.2697417351890572,-0.008298802814695066
16952,-1.2697417351953353,-0.008298802814695066
16953,-1.2697417352120381,-0.008298802814695066
16954,-1.269741735221203,-0.008298802814695066
16955,-1.2697417352269105,-0.008298802814695066
16956,-1.269741735234394,-0.008298802814695066
16957,-1.2697417352356763,-0.008298802814695066
16958,-1.269741735235955,-0.008298802814695066
16959,-1.269741735238797,-0.008298802814695066
16960,-1.2697417352477822,-0.008298802814695066
16961,-1.269741735250737,-0.008298802814695066
16962,-1.269741735252283,-0.008298802814695066
16963,-1.2697417352525755,-0.008298802814695066
16964,-1.2697417352539062,-0.008298802814695066
16965,-1.2697417352575395,-0.008298802814695066
16966,-1.269741735260999,-0.008298802814695066
16967,-1.2697417352652305,-0.008298802814695066
16968,-1.2697417352673694,-0.008298802814695066
16969,-1.2697417352680849,-0.008298802814695066
16970,-1.2697417352790699,-0.008298802814695066
16971,-1.2697417352803846,-0.008298802814695066
16972,-1.2697417352825908,-0.008298802814695066
16973,-1.2697417353052016,-0.008298802814695066
16974,-1.2697417353132003,-0.008298802814695066
16975,-1.2697417353196436,-0.008298802814695066
16976,-1.2697417353219957,-0.008298802814695066
16977,-1.2697417353282663,-0.008298802814695066
16978,-1.2697417353285938,-0.008298802814695066
16979,-1.2697417353288094,-0.008298802814695066
16980,-1.2697417353294171,-0.008298802814695066
16981,-1.269741735330218,-0.008298802814695066
16982,-1.2697417353326486,-0.008298802814695066
16983,-1.2697417353345144,-0.008298802814695066
16984,-1.26974173533666,-0.008298802814695066
16985,-1.269741735337093,-0.008298802814695066
16986,-1.269741735339206,-0.008298802814695066
16987,-1.269741735341305,-0.008298802814695066
16988,-1.269741735343152,-0.008298802814695066
16989,-1.2697417353541869,-0.008298802814695066
16990,-1.2697417353551559,-0.008298802814695066
16991,-1.269741735363803,-0.008298802814695066
16992,-1.2697417353680203,-0.008298802814695066
16993,-1.2697417353680207,-0.008298802814695066
16994,-1.2697417353687017,-0.008298802814695066
16995,-1.2697417353742713,-0.008298802814695066
16996,-1.2697417353926888,-0.008298802814695066
16997,-1.2697417353953855,-0.008298802814695066
16998,-1.2697417354097116,-0.008298802814695066
16999,-1.2697417354152367,-0.008298802814695066
17000,-1.269741735424138,-0.008298802814695066
17001,-1.2697417354271232,-0.008298802814695066
17002,-1.2697417354318419,-0.008298802814695066
17003,-1.2697417354405482,-0.008298802814695066
17004,-1.2697417354406102,-0.008298802814695066
17005,-1.269741735446018,-0.008298802814695066
17006,-1.2697417354510538,-0.008298802814695066
17007,-1.2697417354530318,-0.008298802814695066
17008,-1.2697417354589158,-0.008298802814695066
17009,-1.2697417354622045,-0.008298802814695066
17010,-1.2697417354958458,-0.008298802814695066
17011,-1.2697417355000657,-0.008298802814695066
17012,-1.2697417355044087,-0.008298802814695066
17013,-1.2697417355225784,-0.008298802814695066
17014,-1.269741735532541,-0.008298802814695066
17015,-1.2697417355336058,-0.008298802814695066
17016,-1.2697417355403826,-0.008298802814695066
17017,-1.2697417355512177,-0.008298802814695066
17018,-1.2697417355529617,-0.008298802814695066
17019,-1.2697417355534706,-0.008298802814695066
17020,-1.2697417355711305,-0.008298802814695066
17021,-1.2697417355759126,-0.008298802814695066
17022,-1.2697417355844314,-0.008298802814695066
17023,-1.269741735586229,-0.008298802814695066
17024,-1.2697417355900131,-0.008298802814695066
17025,-1.269741735591582,-0.008298802814695066
17026,-1.269741735606823,-0.008298802814695066
17027,-1.2697417356074552,-0.008298802814695066
17028,-1.2697417356210545,-0.008298802814695066
17029,-1.2697417356251846,-0.008298802814695066
17030,-1.269741735625781,-0.008298802814695066
17031,-1.2697417356383376,-0.008298802814695066
17032,-1.2697417356405332,-0.008298802814695066
17033,-1.2697417356434517,-0.008298802814695066
17034,-1.2697417356440992,-0.008298802814695066
17035,-1.2697417356658893,-0.008298802814695066
17036,-1.269741735675931,-0.008298802814695066
17037,-1.2697417356763476,-0.008298802814695066
17038,-1.2697417356804706,-0.008298802814695066
17039,-1.269741735688385,-0.008298802814695066
17040,-1.2697417356900877,-0.008298802814695066
17041,-1.2697417356906007,-0.008298802814695066
17042,-1.2697417356917515,-0.008298802814695066
17043,-1.2697417356962735,-0.008298802814695066
17044,-1.26974173570017,-0.008298802814695066
17045,-1.2697417357128806,-0.008298802814695066
17046,-1.269741735718658,-0.008298802814695066
17047,-1.269741735723741,-0.008298802814695066
17048,-1.2697417357298018,-0.008298802814695066
17049,-1.269741735731001,-0.008298802814695066
17050,-1.26974173573829,-0.008298802814695066
17051,-1.269741735739288,-0.008298802814695066
17052,-1.269741735740046,-0.008298802814695066
17053,-1.2697417357510294,-0.008298802814695066
17054,-1.2697417357549854,-0.008298802814695066
17055,-1.2697417357557994,-0.008298802814695066
17056,-1.2697417357650345,-0.008298802814695066
17057,-1.2697417357669483,-0.008298802814695066
17058,-1.2697417357781609,-0.008298802814695066
17059,-1.2697417357798715,-0.008298802814695066
17060,-1.2697417357831131,-0.008298802814695066
17061,-1.2697417357898315,-0.008298802814695066
17062,-1.2697417357971705,-0.008298802814695066
17063,-1.2697417358035659,-0.008298802814695066
17064,-1.2697417358047618,-0.008298802814695066
17065,-1.2697417358107448,-0.008298802814695066
17066,-1.2697417358141,-0.008298802814695066
17067,-1.2697417358202756,-0.008298802814695066
17068,-1.2697417358209084,-0.008298802814695066
17069,-1.2697417358213463,-0.008298802814695066
17070,-1.2697417358226093,-0.008298802814695066
17071,-1.2697417358331586,-0.008298802814695066
17072,-1.2697417358387533,-0.008298802814695066
17073,-1.2697417358425813,-0.008298802814695066
17074,-1.2697417358628198,-0.008298802814695066
17075,-1.2697417358700973,-0.008298802814695066
17076,-1.269741735881793,-0.008298802814695066
17077,-1.2697417358820857,-0.008298802814695066
17078,-1.2697417358871916,-0.008298802814695066
17079,-1.2697417358946803,-0.008298802814695066
17080,-1.269741735897763,-0.008298802814695066
17081,-1.2697417358982854,-0.008298802814695066
17082,-1.269741735899006,-0.008298802814695066
17083,-1.2697417359032905,-0.008298802814695066
17084,-1.2697417359120438,-0.008298802814695066
17085,-1.2697417359184484,-0.008298802814695066
17086,-1.2697417359245056,-0.008298802814695066
17087,-1.2697417359271201,-0.008298802814695066
17088,-1.2697417359336085,-0.008298802814695066
17089,-1.2697417359341405,-0.008298802814695066
17090,-1.2697417359378669,-0.008298802814695066
17091,-1.269741735947903,-0.008298802814695066
17092,-1.2697417359512118,-0.008298802814695066
17093,-1.2697417359553567,-0.008298802814695066
17094,-1.269741735957525,-0.008298802814695066
17095,-1.269741735958559,-0.008298802814695066
17096,-1.2697417359610652,-0.008298802814695066
17097,-1.269741735962282,-0.008298802814695066
17098,-1.2697417359656458,-0.008298802814695066
17099,-1.269741735971699,-0.008298802814695066
17100,-1.269741735984194,-0.008298802814695066
17101,-1.2697417359882286,-0.008298802814695066
17102,-1.269741735991266,-0.008298802814695066
17103,-1.2697417359946415,-0.008298802814695066
17104,-1.2697417359946659,-0.008298802814695066
17105,-1.2697417359955216,-0.008298802814695066
17106,-1.2697417359957908,-0.008298802814695066
17107,-1.2697417360080572,-0.008298802814695066
17108,-1.2697417360112264,-0.008298802814695066
17109,-1.2697417360117305,-0.008298802814695066
17110,-1.2697417360129184,-0.008298802814695066
17111,-1.269741736021658,-0.008298802814695066
17112,-1.2697417360234065,-0.008298802814695066
17113,-1.269741736038972,-0.008298802814695066
17114,-1.2697417360514631,-0.008298802814695066
17115,-1.2697417360674819,-0.008298802814695066
17116,-1.2697417360682872,-0.008298802814695066
17117,-1.269741736069952,-0.008298802814695066
17118,-1.2697417360798,-0.008298802814695066
17119,-1.2697417360822547,-0.008298802814695066
17120,-1.2697417360870376,-0.008298802814695066
17121,-1.2697417360898575,-0.008298802814695066
17122,-1.2697417360972605,-0.008298802814695066
17123,-1.2697417360996714,-0.008298802814695066
17124,-1.2697417361023327,-0.008298802814695066
17125,-1.2697417361168888,-0.008298802814695066
17126,-1.2697417361199497,-0.008298802814695066
17127,-1.269741736123657,-0.008298802814695066
17128,-1.2697417361297147,-0.008298802814695066
17129,-1.269741736135156,-0.008298802814695066
17130,-1.269741736144847,-0.008298802814695066
17131,-1.2697417361454297,-0.008298802814695066
17132,-1.2697417361520689,-0.008298802814695066
17133,-1.2697417361531935,-0.008298802814695066
17134,-1.269741736162886,-0.008298802814695066
17135,-1.2697417361710897,-0.008298802814695066
17136,-1.269741736172348,-0.008298802814695066
17137,-1.269741736180698,-0.008298802814695066
17138,-1.2697417361818204,-0.008298802814695066
17139,-1.269741736185149,-0.008298802814695066
17140,-1.2697417362017023,-0.008298802814695066
17141,-1.2697417362017263,-0.008298802814695066
17142,-1.2697417362094718,-0.008298802814695066
17143,-1.2697417362106058,-0.008298802814695066
17144,-1.2697417362113808,-0.008298802814695066
17145,-1.2697417362150811,-0.008298802814695066
17146,-1.2697417362157755,-0.008298802814695066
17147,-1.2697417362173682,-0.008298802814695066
17148,-1.2697417362192747,-0.008298802814695066
17149,-1.2697417362205812,-0.008298802814695066
17150,-1.2697417362208512,-0.008298802814695066
17151,-1.2697417362357695,-0.008298802814695066
17152,-1.2697417362414891,-0.008298802814695066
17153,-1.269741736243163,-0.008298802814695066
17154,-1.269741736248366,-0.008298802814695066
17155,-1.2697417362602657,-0.008298802814695066
17156,-1.2697417362603494,-0.008298802814695066
17157,-1.2697417362647174,-0.008298802814695066
17158,-1.2697417362653258,-0.008298802814695066
17159,-1.2697417362662256,-0.008298802814695066
17160,-1.269741736266591,-0.008298802814695066
17161,-1.2697417362694965,-0.008298802814695066
17162,-1.2697417362703363,-0.008298802814695066
17163,-1.2697417362723113,-0.008298802814695066
17164,-1.2697417362810748,-0.008298802814695066
17165,-1.2697417362847176,-0.008298802814695066
17166,-1.2697417362864762,-0.008298802814695066
17167,-1.2697417362990495,-0.008298802814695066
17168,-1.2697417363012922,-0.008298802814695066
17169,-1.269741736307319,-0.008298802814695066
17170,-1.269741736310127,-0.008298802814695066
17171,-1.2697417363147738,-0.008298802814695066
17172,-1.2697417363167678,-0.008298802814695066
17173,-1.2697417363183794,-0.008298802814695066
17174,-1.2697417363203254,-0.008298802814695066
17175,-1.269741736337974,-0.008298802814695066
17176,-1.2697417363385446,-0.008298802814695066
17177,-1.2697417363399595,-0.008298802814695066
17178,-1.2697417363435366,-0.008298802814695066
17179,-1.2697417363450207,-0.008298802814695066
17180,-1.269741736347305,-0.008298802814695066
17181,-1.269741736354708,-0.008298802814695066
17182,-1.2697417363759163,-0.008298802814695066
17183,-1.269741736376531,-0.008298802814695066
17184,-1.2697417363830723,-0.008298802814695066
17185,-1.2697417363931705,-0.008298802814695066
17186,-1.2697417363946568,-0.008298802814695066
17187,-1.2697417363957355,-0.008298802814695066
17188,-1.2697417363983696,-0.008298802814695066
17189,-1.2697417364081431,-0.008298802814695066
17190,-1.2697417364127117,-0.008298802814695066
17191,-1.2697417364127956,-0.008298802814695066
17192,-1.2697417364289505,-0.008298802814695066
17193,-1.2697417364305257,-0.008298802814695066
17194,-1.2697417364305479,-0.008298802814695066
17195,-1.2697417364358201,-0.008298802814695066
17196,-1.2697417364363952,-0.008298802814695066
17197,-1.2697417364365444,-0.008298802814695066
17198,-1.2697417364377663,-0.008298802814695066
17199,-1.2697417364391987,-0.008298802814695066
17200,-1.2697417364554509,-0.008298802814695066
17201,-1.2697417364575243,-0.008298802814695066
17202,-1.2697417364577799,-0.008298802814695066
17203,-1.269741736471006,-0.008298802814695066
17204,-1.2697417364724957,-0.008298802814695066
17205,-1.2697417364733181,-0.008298802814695066
17206,-1.2697417364781767,-0.008298802814695066
17207,-1.2697417364856987,-0.008298802814695066
17208,-1.2697417364891517,-0.008298802814695066
17209,-1.2697417364908115,-0.008298802814695066
17210,-1.2697417364938894,-0.008298802814695066
17211,-1.269741736494735,-0.008298802814695066
17212,-1.2697417364988395,-0.008298802814695066
17213,-1.2697417364988794,-0.008298802814695066
17214,-1.269741736499202,-0.008298802814695066
17215,-1.2697417365010766,-0.008298802814695066
17216,-1.2697417365029282,-0.008298802814695066
17217,-1.269741736521797,-0.008298802814695066
17218,-1.269741736525186,-0.008298802814695066
17219,-1.2697417365256536,-0.008298802814695066
17220,-1.2697417365364172,-0.008298802814695066
17221,-1.2697417365402255,-0.008298802814695066
17222,-1.2697417365514152,-0.008298802814695066
17223,-1.2697417365522234,-0.008298802814695066
17224,-1.269741736555541,-0.008298802814695066
17225,-1.2697417365581354,-0.008298802814695066
17226,-1.2697417365601247,-0.008298802814695066
17227,-1.2697417365626114,-0.008298802814695066
17228,-1.269741736564399,-0.008298802814695066
17229,-1.2697417365658143,-0.008298802814695066
17230,-1.2697417365662305,-0.008298802814695066
17231,-1.2697417365697203,-0.008298802814695066
17232,-1.2697417365718207,-0.008298802814695066
17233,-1.2697417365735502,-0.008298802814695066
17234,-1.26974173657964,-0.008298802814695066
17235,-1.2697417365805879,-0.008298802814695066
17236,-1.2697417365818708,-0.008298802814695066
17237,-1.269741736582771,-0.008298802814695066
17238,-1.2697417365883608,-0.008298802814695066
17239,-1.2697417365914663,-0.008298802814695066
17240,-1.2697417365941792,-0.008298802814695066
17241,-1.2697417365984975,-0.008298802814695066
17242,-1.2697417366025676,-0.008298802814695066
17243,-1.2697417366083352,-0.008298802814695066
17244,-1.2697417366106596,-0.008298802814695066
17245,-1.2697417366133308,-0.008298802814695066
17246,-1.2697417366137111,-0.008298802814695066
17247,-1.2697417366145443,-0.008298802814695066
17248,-1.2697417366165549,-0.008298802814695066
17249,-1.2697417366206079,-0.008298802814695066
17250,-1.2697417366246007,-0.008298802814695066
17251,-1.2697417366261363,-0.008298802814695066
17252,-1.2697417366320212,-0.008298802814695066
17253,-1.2697417366362327,-0.008298802814695066
17254,-1.269741736636699,-0.008298802814695066
17255,-1.2697417366404584,-0.008298802814695066
17256,-1.2697417366594779,-0.008298802814695066
17257,-1.2697417366678097,-0.008298802814695066
17258,-1.2697417366681694,-0.008298802814695066
17259,-1.269741736670587,-0.008298802814695066
17260,-1.269741736674854,-0.008298802814695066
17261,-1.2697417366842059,-0.008298802814695066
17262,-1.2697417366985946,-0.008298802814695066
17263,-1.2697417367026906,-0.008298802814695066
17264,-1.26974173670395,-0.008298802814695066
17265,-1.2697417367039756,-0.008298802814695066
17266,-1.2697417367095487,-0.008298802814695066
17267,-1.2697417367105244,-0.008298802814695066
17268,-1.2697417367136274,-0.008298802814695066
17269,-1.2697417367171484,-0.008298802814695066
17270,-1.2697417367212374,-0.008298802814695066
17271,-1.2697417367218313,-0.008298802814695066
17272,-1.2697417367279527,-0.008298802814695066
17273,-1.2697417367339874,-0.008298802814695066
17274,-1.2697417367341992,-0.008298802814695066
17275,-1.269741736734736,-0.008298802814695066
17276,-1.2697417367405874,-0.008298802814695066
17277,-1.2697417367409232,-0.008298802814695066
17278,-1.2697417367471053,-0.008298802814695066
17279,-1.269741736749886,-0.008298802814695066
17280,-1.269741736755807,-0.008298802814695066
17281,-1.2697417367575006,-0.008298802814695066
17282,-1.269741736770325,-0.008298802814695066
17283,-1.2697417367749504,-0.008298802814695066
17284,-1.2697417367794825,-0.008298802814695066
17285,-1.2697417367802193,-0.008298802814695066
17286,-1.269741736780611,-0.008298802814695066
17287,-1.2697417367866157,-0.008298802814695066
17288,-1.2697417367899086,-0.008298802814695066
17289,-1.2697417367930066,-0.008298802814695066
17290,-1.269741736795623,-0.008298802814695066
17291,-1.2697417367961759,-0.008298802814695066
17292,-1.2697417367971202,-0.008298802814695066
17293,-1.2697417368028052,-0.008298802814695066
17294,-1.2697417368149329,-0.008298802814695066
17295,-1.26974173681525,-0.008298802814695066
17296,-1.269741736821901,-0.008298802814695066
17297,-1.2697417368252937,-0.008298802814695066
17298,-1.269741736825353,-0.008298802814695066
17299,-1.2697417368294919,-0.008298802814695066
17300,-1.269741736836893,-0.008298802814695066
17301,-1.2697417368369333,-0.008298802814695066
17302,-1.2697417368396882,-0.008298802814695066
17303,-1.2697417368454955,-0.008298802814695066
17304,-1.2697417368479762,-0.008298802814695066
17305,-1.2697417368490487,-0.008298802814695066
17306,-1.2697417368499373,-0.008298802814695066
17307,-1.2697417368509785,-0.008298802814695066
17308,-1.2697417368521353,-0.008298802814695066
17309,-1.2697417368526966,-0.008298802814695066
17310,-1.2697417368538269,-0.008298802814695066
17311,-1.2697417368603081,-0.008298802814695066
17312,-1.269741736863634,-0.008298802814695066
17313,-1.2697417368715358,-0.008298802814695066
17314,-1.2697417368735127,-0.008298802814695066
17315,-1.2697417368775354,-0.008298802814695066
17316,-1.2697417368785495,-0.008298802814695066
17317,-1.269741736885207,-0.008298802814695066
17318,-1.2697417368853834,-0.008298802814695066
17319,-1.2697417368890571,-0.008298802814695066
17320,-1.2697417368930943,-0.008298802814695066
17321,-1.2697417368930948,-0.008298802814695066
17322,-1.2697417368959116,-0.008298802814695066
17323,-1.2697417368974147,-0.008298802814695066
17324,-1.2697417369036823,-0.008298802814695066
17325,-1.2697417369067405,-0.008298802814695066
17326,-1.2697417369094128,-0.008298802814695066
17327,-1.2697417369102264,-0.008298802814695066
17328,-1.2697417369115747,-0.008298802814695066
17329,-1.2697417369174562,-0.008298802814695066
17330,-1.2697417369202342,-0.008298802814695066
17331,-1.2697417369255874,-0.008298802814695066
17332,-1.2697417369279163,-0.008298802814695066
17333,-1.2697417369279982,-0.008298802814695066
17334,-1.2697417369342483,-0.008298802814695066
17335,-1.2697417369408674,-0.008298802814695066
17336,-1.2697417369425628,-0.008298802814695066
17337,-1.2697417369504245,-0.008298802814695066
17338,-1.2697417369539812,-0.008298802814695066
17339,-1.2697417369542232,-0.008298802814695066
17340,-1.2697417369552189,-0.008298802814695066
17341,-1.269741736964623,-0.008298802814695066
17342,-1.269741736969443,-0.008298802814695066
17343,-1.2697417369777801,-0.008298802814695066
17344,-1.2697417369782247,-0.008298802814695066
17345,-1.2697417369812631,-0.008298802814695066
17346,-1.2697417369835475,-0.008298802814695066
17347,-1.2697417369853978,-0.008298802814695066
17348,-1.269741736995709,-0.008298802814695066
17349,-1.269741737004637,-0.008298802814695066
17350,-1.2697417370098538,-0.008298802814695066
17351,-1.2697417370135162,-0.008298802814695066
17352,-1.2697417370135518,-0.008298802814695066
17353,-1.269741737021694,-0.008298802814695066
17354,-1.2697417370259412,-0.008298802814695066
17355,-1.269741737029036,-0.008298802814695066
17356,-1.2697417370308473,-0.008298802814695066
17357,-1.2697417370318025,-0.008298802814695066
17358,-1.2697417370376767,-0.008298802814695066
17359,-1.269741737038701,-0.008298802814695066
17360,-1.2697417370471809,-0.008298802814695066
17361,-1.2697417370520594,-0.008298802814695066
17362,-1.2697417370569057,-0.008298802814695066
17363,-1.26974173706508,-0.008298802814695066
17364,-1.2697417370664246,-0.008298802814695066
17365,-1.2697417370667734,-0.008298802814695066
17366,-1.2697417370678412,-0.008298802814695066
17367,-1.2697417370679414,-0.008298802814695066
17368,-1.269741737070477,-0.008298802814695066
17369,-1.2697417370724688,-0.008298802814695066
17370,-1.2697417370726238,-0.008298802814695066
17371,-1.2697417370774424,-0.008298802814695066
17372,-1.2697417370783888,-0.008298802814695066
17373,-1.26974173707882,-0.008298802814695066
17374,-1.269741737080372,-0.008298802814695066
17375,-1.269741737080454,-0.008298802814695066
17376,-1.2697417370819017,-0.008298802814695066
17377,-1.2697417370820059,-0.008298802814695066
17378,-1.2697417370861188,-0.008298802814695066
17379,-1.2697417370867496,-0.008298802814695066
17380,-1.2697417370890343,-0.008298802814695066
17381,-1.269741737090867,-0.008298802814695066
17382,-1.2697417370943727,-0.008298802814695066
17383,-1.2697417370982667,-0.008298802814695066
17384,-1.269741737101449,-0.008298802814695066
17385,-1.269741737101948,-0.008298802814695066
17386,-1.2697417371047355,-0.008298802814695066
17387,-1.269741737107363,-0.008298802814695066
17388,-1.2697417371075637,-0.008298802814695066
17389,-1.2697417371103152,-0.008298802814695066
17390,-1.2697417371124384,-0.008298802814695066
17391,-1.2697417371150481,-0.008298802814695066
17392,-1.2697417371214816,-0.008298802814695066
17393,-1.2697417371225872,-0.008298802814695066
17394,-1.269741737124252,-0.008298802814695066
17395,-1.2697417371266546,-0.008298802814695066
17396,-1.269741737127378,-0.008298802814695066
17397,-1.269741737127557,-0.008298802814695066
17398,-1.2697417371364303,-0.008298802814695066
17399,-1.269741737165733,-0.008298802814695066
17400,-1.2697417371674626,-0.008298802814695066
17401,-1.2697417371700066,-0.008298802814695066
17402,-1.2697417371706894,-0.008298802814695066
17403,-1.2697417371725332,-0.008298802814695066
17404,-1.2697417371733728,-0.008298802814695066
17405,-1.2697417371764799,-0.008298802814695066
17406,-1.2697417371833208,-0.008298802814695066
17407,-1.2697417371888235,-0.008298802814695066
17408,-1.2697417371920803,-0.008298802814695066
17409,-1.2697417371926525,-0.008298802814695066
17410,-1.2697417372000182,-0.008298802814695066
17411,-1.2697417372012572,-0.008298802814695066
17412,-1.2697417372055084,-0.008298802814695066
17413,-1.2697417372176827,-0.008298802814695066
17414,-1.269741737225261,-0.008298802814695066
17415,-1.269741737225675,-0.008298802814695066
17416,-1.2697417372273052,-0.008298802814695066
17417,-1.2697417372287316,-0.008298802814695066
17418,-1.2697417372388722,-0.008298802814695066
17419,-1.2697417372429574,-0.008298802814695066
17420,-1.2697417372441961,-0.008298802814695066
17421,-1.2697417372540327,-0.008298802814695066
17422,-1.269741737257589,-0.008298802814695066
17423,-1.2697417372648538,-0.008298802814695066
17424,-1.2697417372661568,-0.008298802814695066
17425,-1.269741737266676,-0.008298802814695066
17426,-1.2697417372669682,-0.008298802814695066
17427,-1.269741737267102,-0.008298802814695066
17428,-1.2697417372674669,-0.008298802814695066
17429,-1.269741737272057,-0.008298802814695066
17430,-1.2697417372724484,-0.008298802814695066
17431,-1.2697417372773416,-0.008298802814695066
17432,-1.2697417372801276,-0.008298802814695066
17433,-1.2697417372879367,-0.008298802814695066
17434,-1.2697417372899158,-0.008298802814695066
17435,-1.2697417372925812,-0.008298802814695066
17436,-1.269741737294016,-0.008298802814695066
17437,-1.2697417372970494,-0.008298802814695066
17438,-1.2697417373043411,-0.008298802814695066
17439,-1.2697417373051203,-0.008298802814695066
17440,-1.2697417373101283,-0.008298802814695066
17441,-1.2697417373105409,-0.008298802814695066
17442,-1.2697417373126172,-0.008298802814695066
17443,-1.2697417373139286,-0.008298802814695066
17444,-1.2697417373143955,-0.008298802814695066
17445,-1.2697417373154796,-0.008298802814695066
17446,-1.269741737319471,-0.008298802814695066
17447,-1.2697417373271829,-0.008298802814695066
17448,-1.2697417373282827,-0.008298802814695066
17449,-1.2697417373310271,-0.008298802814695066
17450,-1.2697417373321778,-0.008298802814695066
17451,-1.2697417373344608,-0.008298802814695066
17452,-1.2697417373409956,-0.008298802814695066
17453,-1.2697417373424948,-0.008298802814695066
17454,-1.2697417373496247,-0.008298802814695066
17455,-1.2697417373541207,-0.008298802814695066
17456,-1.2697417373576299,-0.008298802814695066
17457,-1.269741737357879,-0.008298802814695066
17458,-1.2697417373610342,-0.008298802814695066
17459,-1.2697417373615936,-0.008298802814695066
17460,-1.2697417373646114,-0.008298802814695066
17461,-1.2697417373668636,-0.008298802814695066
17462,-1.2697417373696602,-0.008298802814695066
17463,-1.2697417373778646,-0.008298802814695066
17464,-1.26974173737878,-0.008298802814695066
17465,-1.269741737380625,-0.008298802814695066
17466,-1.2697417373809092,-0.008298802814695066
17467,-1.2697417373839763,-0.008298802814695066
17468,-1.2697417373854138,-0.008298802814695066
17469,-1.2697417373936877,-0.008298802814695066
17470,-1.2697417373964985,-0.008298802814695066
17471,-1.2697417374021875,-0.008298802814695066
17472,-1.2697417374110005,-0.008298802814695066
17473,-1.2697417374115367,-0.008298802814695066
17474,-1.2697417374188034,-0.008298802814695066
17475,-1.2697417374226927,-0.008298802814695066
17476,-1.269741737422918,-0.008298802814695066
17477,-1.2697417374254583,-0.008298802814695066
17478,-1.2697417374283433,-0.008298802814695066
17479,-1.269741737436691,-0.008298802814695066
17480,-1.2697417374369357,-0.008298802814695066
17481,-1.2697417374395492,-0.008298802814695066
17482,-1.2697417374398556,-0.008298802814695066
17483,-1.2697417374422713,-0.008298802814695066
17484,-1.2697417374509952,-0.008298802814695066
17485,-1.2697417374521651,-0.008298802814695066
17486,-1.2697417374574886,-0.008298802814695066
17487,-1.2697417374575117,-0.008298802814695066
17488,-1.2697417374674473,-0.008298802814695066
17489,-1.2697417374681965,-0.008298802814695066
17490,-1.2697417374712208,-0.008298802814695066
17491,-1.2697417374739772,-0.008298802814695066
17492,-1.2697417374852678,-0.008298802814695066
17493,-1.2697417374859103,-0.008298802814695066
17494,-1.2697417374870335,-0.008298802814695066
17495,-1.269741737493514,-0.008298802814695066
17496,-1.2697417374980213,-0.008298802814695066
17497,-1.2697417375006523,-0.008298802814695066
17498,-1.2697417375026019,-0.008298802814695066
17499,-1.2697417375027946,-0.008298802814695066
17500,-1.2697417375069402,-0.008298802814695066
17501,-1.2697417375077882,-0.008298802814695066
17502,-1.2697417375082265,-0.008298802814695066
17503,-1.2697417375192959,-0.008298802814695066
17504,-1.2697417375199536,-0.008298802814695066
17505,-1.2697417375215365,-0.008298802814695066
17506,-1.269741737525326,-0.008298802814695066
17507,-1.2697417375267959,-0.008298802814695066
17508,-1.2697417375294877,-0.008298802814695066
17509,-1.269741737530031,-0.008298802814695066
17510,-1.2697417375352122,-0.008298802814695066
17511,-1.2697417375361635,-0.008298802814695066
17512,-1.2697417375400137,-0.008298802814695066
17513,-1.2697417375435438,-0.008298802814695066
17514,-1.2697417375435496,-0.008298802814695066
17515,-1.269741737545686,-0.008298802814695066
17516,-1.2697417375465245,-0.008298802814695066
17517,-1.2697417375473727,-0.008298802814695066
17518,-1.269741737547797,-0.008298802814695066
17519,-1.2697417375496995,-0.008298802814695066
17520,-1.269741737550381,-0.008298802814695066
17521,-1.2697417375504343,-0.008298802814695066
17522,-1.2697417375518352,-0.008298802814695066
17523,-1.2697417375520104,-0.008298802814695066
17524,-1.2697417375562303,-0.008298802814695066
17525,-1.2697417375565538,-0.008298802814695066
17526,-1.2697417375599436,-0.008298802814695066
17527,-1.2697417375622777,-0.008298802814695066
17528,-1.2697417375648328,-0.008298802814695066
17529,-1.2697417375666995,-0.008298802814695066
17530,-1.2697417375679576,-0.008298802814695066
17531,-1.2697417375727196,-0.008298802814695066
17532,-1.2697417375731748,-0.008298802814695066
17533,-1.269741737580619,-0.008298802814695066
17534,-1.2697417375806717,-0.008298802814695066
17535,-1.2697417375832352,-0.008298802814695066
17536,-1.2697417375849684,-0.008298802814695066
17537,-1.2697417375851863,-0.008298802814695066
17538,-1.2697417375879194,-0.008298802814695066
17539,-1.2697417375907776,-0.008298802814695066
17540,-1.2697417375938613,-0.008298802814695066
17541,-1.269741737594152,-0.008298802814695066
17542,-1.26974173759794,-0.008298802814695066
17543,-1.2697417375993203,-0.008298802814695066
17544,-1.2697417375995457,-0.008298802814695066
17545,-1.269741737602838,-0.008298802814695066
17546,-1.269741737604242,-0.008298802814695066
17547,-1.2697417376047961,-0.008298802814695066
17548,-1.2697417376050555,-0.008298802814695066
17549,-1.269741737605286,-0.008298802814695066
17550,-1.2697417376080875,-0.008298802814695066
17551,-1.2697417376084035,-0.008298802814695066
17552,-1.269741737612428,-0.008298802814695066
17553,-1.2697417376134283,-0.008298802814695066
17554,-1.2697417376170648,-0.008298802814695066
17555,-1.2697417376176188,-0.008298802814695066
17556,-1.2697417376201485,-0.008298802814695066
17557,-1.2697417376251618,-0.008298802814695066
17558,-1.2697417376259734,-0.008298802814695066
17559,-1.2697417376354354,-0.008298802814695066
17560,-1.2697417376377547,-0.008298802814695066
17561,-1.2697417376437925,-0.008298802814695066
17562,-1.2697417376496345,-0.008298802814695066
17563,-1.2697417376533195,-0.008298802814695066
17564,-1.2697417376542601,-0.008298802814695066
17565,-1.2697417376631104,-0.008298802814695066
17566,-1.2697417376663456,-0.008298802814695066
17567,-1.2697417376664202,-0.008298802814695066
17568,-1.2697417376689408,-0.008298802814695066
17569,-1.2697417376737727,-0.008298802814695066
17570,-1.2697417376818012,-0.008298802814695066
17571,-1.2697417376874118,-0.008298802814695066
17572,-1.2697417376878226,-0.008298802814695066
17573,-1.2697417376901412,-0.008298802814695066
17574,-1.2697417376942413,-0.008298802814695066
17575,-1.269741737694516,-0.008298802814695066
17576,-1.2697417376993532,-0.008298802814695066
17577,-1.2697417377015596,-0.008298802814695066
17578,-1.2697417377037958,-0.008298802814695066
17579,-1.269741737705298,-0.008298802814695066
17580,-1.2697417377076443,-0.008298802814695066
17581,-1.2697417377092286,-0.008298802814695066
17582,-1.269741737710317,-0.008298802814695066
17583,-1.2697417377136755,-0.008298802814695066
17584,-1.2697417377147646,-0.008298802814695066
17585,-1.2697417377184674,-0.008298802814695066
17586,-1.2697417377224416,-0.008298802814695066
17587,-1.2697417377235736,-0.008298802814695066
17588,-1.269741737725356,-0.008298802814695066
17589,-1.2697417377325042,-0.008298802814695066
17590,-1.2697417377341702,-0.008298802814695066
17591,-1.2697417377370543,-0.008298802814695066
17592,-1.2697417377387215,-0.008298802814695066
17593,-1.2697417377395015,-0.008298802814695066
17594,-1.2697417377397564,-0.008298802814695066
17595,-1.2697417377419995,-0.008298802814695066
17596,-1.2697417377428017,-0.008298802814695066
17597,-1.2697417377465714,-0.008298802814695066
17598,-1.2697417377501203,-0.008298802814695066
17599,-1.2697417377527886,-0.008298802814695066
17600,-1.2697417377542948,-0.008298802814695066
17601,-1.2697417377555456,-0.008298802814695066
17602,-1.2697417377572964,-0.008298802814695066
17603,-1.2697417377702622,-0.008298802814695066
17604,-1.2697417377712799,-0.008298802814695066
17605,-1.269741737775734,-0.008298802814695066
17606,-1.2697417377796851,-0.008298802814695066
17607,-1.2697417377810396,-0.008298802814695066
17608,-1.269741737782114,-0.008298802814695066
17609,-1.26974173778536,-0.008298802814695066
17610,-1.2697417377879163,-0.008298802814695066
17611,-1.2697417377889253,-0.008298802814695066
17612,-1.2697417377934053,-0.008298802814695066
17613,-1.2697417377947495,-0.008298802814695066
17614,-1.2697417378019096,-0.008298802814695066
17615,-1.2697417378047702,-0.008298802814695066
17616,-1.269741737808383,-0.008298802814695066
17617,-1.2697417378097473,-0.008298802814695066
17618,-1.2697417378195501,-0.008298802814695066
17619,-1.2697417378211884,-0.008298802814695066
17620,-1.2697417378216183,-0.008298802814695066
17621,-1.26974173782479,-0.008298802814695066
17622,-1.2697417378301838,-0.008298802814695066
17623,-1.2697417378320428,-0.008298802814695066
17624,-1.2697417378350273,-0.008298802814695066
17625,-1.2697417378371803,-0.008298802814695066
17626,-1.2697417378433777,-0.008298802814695066
17627,-1.2697417378464015,-0.008298802814695066
17628,-1.2697417378476081,-0.008298802814695066
17629,-1.2697417378499505,-0.008298802814695066
17630,-1.2697417378512807,-0.008298802814695066
17631,-1.2697417378583031,-0.008298802814695066
17632,-1.2697417378584541,-0.008298802814695066
17633,-1.2697417378640097,-0.008298802814695066
17634,-1.269741737864875,-0.008298802814695066
17635,-1.2697417378654057,-0.008298802814695066
17636,-1.269741737869266,-0.008298802814695066
17637,-1.2697417378697704,-0.008298802814695066
17638,-1.2697417378698403,-0.008298802814695066
17639,-1.2697417378725646,-0.008298802814695066
17640,-1.269741737874118,-0.008298802814695066
17641,-1.2697417378787001,-0.008298802814695066
17642,-1.2697417378798317,-0.008298802814695066
17643,-1.2697417378804339,-0.008298802814695066
17644,-1.269741737880473,-0.008298802814695066
17645,-1.269741737881179,-0.008298802814695066
17646,-1.2697417378821452,-0.008298802814695066
17647,-1.2697417378845128,-0.008298802814695066
17648,-1.2697417378855023,-0.008298802814695066
17649,-1.2697417378880151,-0.008298802814695066
17650,-1.2697417378894083,-0.008298802814695066
17651,-1.2697417378908304,-0.008298802814695066
17652,-1.2697417378937221,-0.008298802814695066
17653,-1.2697417378938407,-0.008298802814695066
17654,-1.26974173789502,-0.008298802814695066
17655,-1.2697417378993863,-0.008298802814695066
17656,-1.2697417379048759,-0.008298802814695066
17657,-1.269741737905322,-0.008298802814695066
17658,-1.2697417379076839,-0.008298802814695066
17659,-1.2697417379080134,-0.008298802814695066
17660,-1.269741737910264,-0.008298802814695066
17661,-1.2697417379114342,-0.008298802814695066
17662,-1.2697417379129752,-0.008298802814695066
17663,-1.2697417379151177,-0.008298802814695066
17664,-1.269741737915213,-0.008298802814695066
17665,-1.2697417379182756,-0.008298802814695066
17666,-1.2697417379237592,-0.008298802814695066
17667,-1.2697417379247413,-0.008298802814695066
17668,-1.2697417379254274,-0.008298802814695066
17669,-1.269741737925456,-0.008298802814695066
17670,-1.2697417379256657,-0.008298802814695066
17671,-1.2697417379279274,-0.008298802814695066
17672,-1.269741737928935,-0.008298802814695066
17673,-1.2697417379342195,-0.008298802814695066
17674,-1.269741737934306,-0.008298802814695066
17675,-1.2697417379366462,-0.008298802814695066
17676,-1.2697417379384777,-0.008298802814695066
17677,-1.2697417379407638,-0.008298802814695066
17678,-1.269741737946907,-0.008298802814695066
17679,-1.2697417379482017,-0.008298802814695066
17680,-1.2697417379495486,-0.008298802814695066
17681,-1.2697417379504694,-0.008298802814695066
17682,-1.269741737951523,-0.008298802814695066
17683,-1.2697417379515288,-0.008298802814695066
17684,-1.2697417379525109,-0.008298802814695066
17685,-1.2697417379562719,-0.008298802814695066
17686,-1.269741737958781,-0.008298802814695066
17687,-1.2697417379610825,-0.008298802814695066
17688,-1.2697417379725153,-0.008298802814695066
17689,-1.2697417379740707,-0.008298802814695066
17690,-1.269741737975707,-0.008298802814695066
17691,-1.269741737984852,-0.008298802814695066
17692,-1.2697417379849258,-0.008298802814695066
17693,-1.269741737989032,-0.008298802814695066
17694,-1.2697417379903388,-0.008298802814695066
17695,-1.2697417379940932,-0.008298802814695066
17696,-1.2697417379965574,-0.008298802814695066
17697,-1.269741737999254,-0.008298802814695066
17698,-1.2697417380080898,-0.008298802814695066
17699,-1.2697417380133502,-0.008298802814695066
17700,-1.2697417380139178,-0.008298802814695066
17701,-1.2697417380158993,-0.008298802814695066
17702,-1.2697417380189373,-0.008298802814695066
17703,-1.2697417380209473,-0.008298802814695066
17704,-1.2697417380242007,-0.008298802814695066
17705,-1.2697417380247724,-0.008298802814695066
17706,-1.2697417380257117,-0.008298802814695066
17707,-1.2697417380292464,-0.008298802814695066
17708,-1.269741738030211,-0.008298802814695066
17709,-1.2697417380315488,-0.008298802814695066
17710,-1.2697417380315652,-0.008298802814695066
17711,-1.2697417380332139,-0.008298802814695066
17712,-1.2697417380360907,-0.008298802814695066
17713,-1.2697417380434428,-0.008298802814695066
17714,-1.2697417380455702,-0.008298802814695066
17715,-1.2697417380470655,-0.008298802814695066
17716,-1.2697417380486837,-0.008298802814695066
17717,-1.2697417380537912,-0.008298802814695066
17718,-1.2697417380542988,-0.008298802814695066
17719,-1.2697417380548868,-0.008298802814695066
17720,-1.2697417380553813,-0.008298802814695066
17721,-1.269741738062614,-0.008298802814695066
17722,-1.2697417380660245,-0.008298802814695066
17723,-1.2697417380684244,-0.008298802814695066
17724,-1.269741738069761,-0.008298802814695066
17725,-1.2697417380698461,-0.008298802814695066
17726,-1.2697417380705789,-0.008298802814695066
17727,-1.269741738070898,-0.008298802814695066
17728,-1.26974173807534,-0.008298802814695066
17729,-1.2697417380763694,-0.008298802814695066
17730,-1.2697417380775817,-0.008298802814695066
17731,-1.2697417380793317,-0.008298802814695066
17732,-1.2697417380799372,-0.008298802814695066
17733,-1.2697417380800116,-0.008298802814695066
17734,-1.269741738086389,-0.008298802814695066
17735,-1.269741738088392,-0.008298802814695066
17736,-1.269741738095265,-0.008298802814695066
17737,-1.269741738096958,-0.008298802814695066
17738,-1.2697417381054268,-0.008298802814695066
17739,-1.269741738108624,-0.008298802814695066
17740,-1.2697417381114502,-0.008298802814695066
17741,-1.269741738112942,-0.008298802814695066
17742,-1.2697417381136598,-0.008298802814695066
17743,-1.269741738115818,-0.008298802814695066
17744,-1.2697417381166256,-0.008298802814695066
17745,-1.2697417381178289,-0.008298802814695066
17746,-1.2697417381184295,-0.008298802814695066
17747,-1.2697417381185716,-0.008298802814695066
17748,-1.2697417381197562,-0.008298802814695066
17749,-1.2697417381198912,-0.008298802814695066
17750,-1.2697417381208693,-0.008298802814695066
17751,-1.2697417381231866,-0.008298802814695066
17752,-1.2697417381273495,-0.008298802814695066
17753,-1.2697417381278921,-0.008298802814695066
17754,-1.269741738129649,-0.008298802814695066
17755,-1.2697417381297855,-0.008298802814695066
17756,-1.2697417381310165,-0.008298802814695066
17757,-1.2697417381311662,-0.008298802814695066
17758,-1.2697417381318457,-0.008298802814695066
17759,-1.269741738132519,-0.008298802814695066
17760,-1.2697417381325198,-0.008298802814695066
17761,-1.2697417381330949,-0.008298802814695066
17762,-1.2697417381341878,-0.008298802814695066
17763,-1.2697417381355178,-0.008298802814695066
17764,-1.2697417381367404,-0.008298802814695066
17765,-1.269741738144222,-0.008298802814695066
17766,-1.2697417381542764,-0.008298802814695066
17767,-1.269741738155555,-0.008298802814695066
17768,-1.2697417381556801,-0.008298802814695066
17769,-1.26974173815585,-0.008298802814695066
17770,-1.2697417381589247,-0.008298802814695066
17771,-1.269741738163914,-0.008298802814695066
17772,-1.2697417381663225,-0.008298802814695066
17773,-1.2697417381675202,-0.008298802814695066
17774,-1.2697417381705798,-0.008298802814695066
17775,-1.2697417381718945,-0.008298802814695066
17776,-1.2697417381724414,-0.008298802814695066
17777,-1.2697417381746947,-0.008298802814695066
17778,-1.2697417381784626,-0.008298802814695066
17779,-1.2697417381798526,-0.008298802814695066
17780,-1.2697417381802971,-0.008298802814695066
17781,-1.2697417381815939,-0.008298802814695066
17782,-1.2697417381832625,-0.008298802814695066
17783,-1.2697417381833678,-0.008298802814695066
17784,-1.2697417381872702,-0.008298802814695066
17785,-1.2697417381897211,-0.008298802814695066
17786,-1.2697417381906089,-0.008298802814695066
17787,-1.269741738191744,-0.008298802814695066
17788,-1.2697417381991243,-0.008298802814695066
17789,-1.269741738199469,-0.008298802814695066
17790,-1.269741738200073,-0.008298802814695066
17791,-1.2697417382007075,-0.008298802814695066
17792,-1.2697417382014504,-0.008298802814695066
17793,-1.2697417382059357,-0.008298802814695066
17794,-1.2697417382064287,-0.008298802814695066
17795,-1.2697417382083058,-0.008298802814695066
17796,-1.2697417382110012,-0.008298802814695066
17797,-1.2697417382121778,-0.008298802814695066
17798,-1.2697417382130325,-0.008298802814695066
17799,-1.2697417382133263,-0.008298802814695066
17800,-1.2697417382150258,-0.008298802814695066
17801,-1.2697417382195146,-0.008298802814695066
17802,-1.2697417382204694,-0.008298802814695066
17803,-1.2697417382215597,-0.008298802814695066
17804,-1.2697417382245937,-0.008298802814695066
17805,-1.2697417382274523,-0.008298802814695066
17806,-1.2697417382334277,-0.008298802814695066
17807,-1.2697417382344327,-0.008298802814695066
17808,-1.2697417382376694,-0.008298802814695066
17809,-1.2697417382382672,-0.008298802814695066
17810,-1.2697417382403275,-0.008298802814695066
17811,-1.2697417382403728,-0.008298802814695066
17812,-1.2697417382469245,-0.008298802814695066
17813,-1.2697417382471847,-0.008298802814695066
17814,-1.2697417382476717,-0.008298802814695066
17815,-1.2697417382480396,-0.008298802814695066
17816,-1.2697417382481917,-0.008298802814695066
17817,-1.2697417382536484,-0.008298802814695066
17818,-1.2697417382586855,-0.008298802814695066
17819,-1.2697417382603957,-0.008298802814695066
17820,-1.2697417382622715,-0.008298802814695066
17821,-1.269741738262883,-0.008298802814695066
17822,-1.2697417382655278,-0.008298802814695066
17823,-1.2697417382691274,-0.008298802814695066
17824,-1.2697417382692273,-0.008298802814695066
17825,-1.2697417382693332,-0.008298802814695066
17826,-1.2697417382694307,-0.008298802814695066
17827,-1.2697417382723124,-0.008298802814695066
17828,-1.2697417382750127,-0.008298802814695066
17829,-1.269741738275654,-0.008298802814695066
17830,-1.2697417382779563,-0.008298802814695066
17831,-1.269741738279021,-0.008298802814695066
17832,-1.2697417382829652,-0.008298802814695066
17833,-1.26974173829207,-0.008298802814695066
17834,-1.269741738297693,-0.008298802814695066
17835,-1.2697417382978542,-0.008298802814695066
17836,-1.2697417382988632,-0.008298802814695066
17837,-1.2697417382995273,-0.008298802814695066
17838,-1.2697417383010314,-0.008298802814695066
17839,-1.2697417383052707,-0.008298802814695066
17840,-1.2697417383053013,-0.008298802814695066
17841,-1.2697417383065428,-0.008298802814695066
17842,-1.2697417383084026,-0.008298802814695066
17843,-1.2697417383108782,-0.008298802814695066
17844,-1.2697417383112337,-0.008298802814695066
17845,-1.2697417383119034,-0.008298802814695066
17846,-1.2697417383124607,-0.008298802814695066
17847,-1.2697417383131806,-0.008298802814695066
17848,-1.2697417383172662,-0.008298802814695066
17849,-1.269741738320127,-0.008298802814695066
17850,-1.2697417383239535,-0.008298802814695066
17851,-1.2697417383246512,-0.008298802814695066
17852,-1.2697417383248863,-0.008298802814695066
17853,-1.2697417383296845,-0.008298802814695066
17854,-1.2697417383299818,-0.008298802814695066
17855,-1.2697417383312737,-0.008298802814695066
17856,-1.2697417383349199,-0.008298802814695066
17857,-1.2697417383360492,-0.008298802814695066
17858,-1.2697417383367364,-0.008298802814695066
17859,-1.2697417383371787,-0.008298802814695066
17860,-1.2697417383375997,-0.008298802814695066
17861,-1.2697417383379563,-0.008298802814695066
17862,-1.269741738338071,-0.008298802814695066
17863,-1.2697417383386749,-0.008298802814695066
17864,-1.269741738339592,-0.008298802814695066
17865,-1.269741738340543,-0.008298802814695066
17866,-1.2697417383412763,-0.008298802814695066
17867,-1.2697417383428822,-0.008298802814695066
17868,-1.269741738345056,-0.008298802814695066
17869,-1.2697417383457035,-0.008298802814695066
17870,-1.2697417383533498,-0.008298802814695066
17871,-1.2697417383586054,-0.008298802814695066
17872,-1.2697417383593461,-0.008298802814695066
17873,-1.2697417383608178,-0.008298802814695066
17874,-1.2697417383619594,-0.008298802814695066
17875,-1.2697417383623766,-0.008298802814695066
17876,-1.2697417383637615,-0.008298802814695066
17877,-1.2697417383650929,-0.008298802814695066
17878,-1.2697417383670409,-0.008298802814695066
17879,-1.2697417383718703,-0.008298802814695066
17880,-1.2697417383726544,-0.008298802814695066
17881,-1.2697417383742167,-0.008298802814695066
17882,-1.269741738376352,-0.008298802814695066
17883,-1.2697417383772742,-0.008298802814695066
17884,-1.2697417383810996,-0.008298802814695066
17885,-1.269741738390529,-0.008298802814695066
17886,-1.2697417383926126,-0.008298802814695066
17887,-1.2697417383935896,-0.008298802814695066
17888,-1.269741738393614,-0.008298802814695066
17889,-1.2697417383939824,-0.008298802814695066
17890,-1.2697417383956209,-0.008298802814695066
17891,-1.269741738399237,-0.008298802814695066
17892,-1.2697417384002394,-0.008298802814695066
17893,-1.2697417384012315,-0.008298802814695066
17894,-1.2697417384027676,-0.008298802814695066
17895,-1.2697417384044258,-0.008298802814695066
17896,-1.269741738404522,-0.008298802814695066
17897,-1.269741738405161,-0.008298802814695066
17898,-1.2697417384074643,-0.008298802814695066
17899,-1.2697417384095466,-0.008298802814695066
17900,-1.2697417384097125,-0.008298802814695066
17901,-1.2697417384114802,-0.008298802814695066
17902,-1.269741738415762,-0.008298802814695066
17903,-1.2697417384160636,-0.008298802814695066
17904,-1.2697417384161571,-0.008298802814695066
17905,-1.2697417384164187,-0.008298802814695066
17906,-1.269741738417927,-0.008298802814695066
17907,-1.2697417384183547,-0.008298802814695066
17908,-1.269741738419359,-0.008298802814695066
17909,-1.2697417384272676,-0.008298802814695066
17910,-1.2697417384284402,-0.008298802814695066
17911,-1.2697417384285656,-0.008298802814695066
17912,-1.2697417384287593,-0.008298802814695066
17913,-1.2697417384315028,-0.008298802814695066
17914,-1.2697417384319793,-0.008298802814695066
17915,-1.269741738433804,-0.008298802814695066
17916,-1.269741738435458,-0.008298802814695066
17917,-1.269741738437679,-0.008298802814695066
17918,-1.2697417384438665,-0.008298802814695066
17919,-1.2697417384443006,-0.008298802814695066
17920,-1.2697417384453797,-0.008298802814695066
17921,-1.2697417384457088,-0.008298802814695066
17922,-1.269741738446906,-0.008298802814695066
17923,-1.2697417384475607,-0.008298802814695066
17924,-1.2697417384486331,-0.008298802814695066
17925,-1.2697417384509198,-0.008298802814695066
17926,-1.2697417384530616,-0.008298802814695066
17927,-1.2697417384533582,-0.008298802814695066
17928,-1.2697417384536152,-0.008298802814695066
17929,-1.2697417384542253,-0.008298802814695066
17930,-1.2697417384560128,-0.008298802814695066
17931,-1.2697417384574088,-0.008298802814695066
17932,-1.2697417384615206,-0.008298802814695066
17933,-1.2697417384628196,-0.008298802814695066
17934,-1.26974173846393,-0.008298802814695066
17935,-1.2697417384646474,-0.008298802814695066
17936,-1.26974173846741,-0.008298802814695066
17937,-1.2697417384676724,-0.008298802814695066
17938,-1.2697417384678922,-0.008298802814695066
17939,-1.2697417384681349,-0.008298802814695066
17940,-1.2697417384694232,-0.008298802814695066
17941,-1.2697417384700618,-0.008298802814695066
17942,-1.2697417384733631,-0.008298802814695066
17943,-1.2697417384734357,-0.008298802814695066
17944,-1.2697417384750211,-0.008298802814695066
17945,-1.2697417384770904,-0.008298802814695066
17946,-1.2697417384779959,-0.008298802814695066
17947,-1.2697417384780478,-0.008298802814695066
17948,-1.269741738478694,-0.008298802814695066
17949,-1.2697417384787775,-0.008298802814695066
17950,-1.269741738478799,-0.008298802814695066
17951,-1.269741738479822,-0.008298802814695066
17952,-1.2697417384805383,-0.008298802814695066
17953,-1.269741738483802,-0.008298802814695066
17954,-1.2697417384841532,-0.008298802814695066
17955,-1.2697417384860563,-0.008298802814695066
17956,-1.2697417384862013,-0.008298802814695066
17957,-1.269741738486879,-0.008298802814695066
17958,-1.2697417384880954,-0.008298802814695066
17959,-1.2697417384884462,-0.008298802814695066
17960,-1.269741738488641,-0.008298802814695066
17961,-1.2697417384907612,-0.008298802814695066
17962,-1.2697417384942395,-0.008298802814695066
17963,-1.269741738495185,-0.008298802814695066
17964,-1.2697417384962428,-0.008298802814695066
17965,-1.2697417384970693,-0.008298802814695066
17966,-1.2697417385042777,-0.008298802814695066
17967,-1.2697417385054364,-0.008298802814695066
17968,-1.2697417385087064,-0.008298802814695066
17969,-1.2697417385103584,-0.008298802814695066
17970,-1.2697417385106424,-0.008298802814695066
17971,-1.2697417385135252,-0.008298802814695066
17972,-1.2697417385176175,-0.008298802814695066
17973,-1.2697417385176277,-0.008298802814695066
17974,-1.2697417385182324,-0.008298802814695066
17975,-1.2697417385204472,-0.008298802814695066
17976,-1.2697417385211205,-0.008298802814695066
17977,-1.2697417385219265,-0.008298802814695066
17978,-1.2697417385325904,-0.008298802814695066
17979,-1.2697417385329912,-0.008298802814695066
17980,-1.2697417385346408,-0.008298802814695066
17981,-1.2697417385349055,-0.008298802814695066
17982,-1.2697417385382515,-0.008298802814695066
17983,-1.2697417385387986,-0.008298802814695066
17984,-1.2697417385417995,-0.008298802814695066
17985,-1.2697417385419976,-0.008298802814695066
17986,-1.2697417385426069,-0.008298802814695066
17987,-1.2697417385435243,-0.008298802814695066
17988,-1.2697417385436625,-0.008298802814695066
17989,-1.2697417385442078,-0.008298802814695066
17990,-1.2697417385450889,-0.008298802814695066
17991,-1.2697417385453167,-0.008298802814695066
17992,-1.2697417385461067,-0.008298802814695066
17993,-1.2697417385467413,-0.008298802814695066
17994,-1.26974173854696,-0.008298802814695066
17995,-1.269741738547294,-0.008298802814695066
17996,-1.2697417385503422,-0.008298802814695066
17997,-1.2697417385519,-0.008298802814695066
17998,-1.2697417385536738,-0.008298802814695066
17999,-1.2697417385555134,-0.008298802814695066
18000,-1.269741738556895,-0.008298802814695066
18001,-1.269741738557381,-0.008298802814695066
18002,-1.2697417385585725,-0.008298802814695066
18003,-1.2697417385606573,-0.008298802814695066
18004,-1.2697417385617005,-0.008298802814695066
18005,-1.269741738563361,-0.008298802814695066
18006,-1.2697417385642698,-0.008298802814695066
18007,-1.2697417385653598,-0.008298802814695066
18008,-1.2697417385658736,-0.008298802814695066
18009,-1.2697417385674037,-0.008298802814695066
18010,-1.2697417385677414,-0.008298802814695066
18011,-1.2697417385686856,-0.008298802814695066
18012,-1.2697417385696703,-0.008298802814695066
18013,-1.2697417385717253,-0.008298802814695066
18014,-1.2697417385731093,-0.008298802814695066
18015,-1.2697417385733223,-0.008298802814695066
18016,-1.2697417385749639,-0.008298802814695066
18017,-1.2697417385753302,-0.008298802814695066
18018,-1.26974173857871,-0.008298802814695066
18019,-1.269741738580832,-0.008298802814695066
18020,-1.2697417385816654,-0.008298802814695066
18021,-1.26974173858479,-0.008298802814695066
18022,-1.2697417385881973,-0.008298802814695066
18023,-1.2697417385919905,-0.008298802814695066
18024,-1.269741738592454,-0.008298802814695066
18025,-1.269741738594756,-0.008298802814695066
18026,-1.2697417385956062,-0.008298802814695066
18027,-1.2697417385964305,-0.008298802814695066
18028,-1.2697417385964624,-0.008298802814695066
18029,-1.269741738596565,-0.008298802814695066
18030,-1.2697417385976437,-0.008298802814695066
18031,-1.269741738597749,-0.008298802814695066
18032,-1.2697417385984702,-0.008298802814695066
18033,-1.2697417386006582,-0.008298802814695066
18034,-1.2697417386011973,-0.008298802814695066
18035,-1.2697417386014322,-0.008298802814695066
18036,-1.2697417386058714,-0.008298802814695066
18037,-1.2697417386068308,-0.008298802814695066
18038,-1.2697417386074838,-0.008298802814695066
18039,-1.269741738607526,-0.008298802814695066
18040,-1.2697417386084,-0.008298802814695066
18041,-1.2697417386103185,-0.008298802814695066
18042,-1.269741738611706,-0.008298802814695066
18043,-1.2697417386126828,-0.008298802814695066
18044,-1.2697417386132095,-0.008298802814695066
18045,-1.2697417386137626,-0.008298802814695066
18046,-1.269741738614143,-0.008298802814695066
18047,-1.2697417386168122,-0.008298802814695066
18048,-1.269741738616987,-0.008298802814695066
18049,-1.2697417386175787,-0.008298802814695066
18050,-1.2697417386180718,-0.008298802814695066
18051,-1.2697417386187344,-0.008298802814695066
18052,-1.2697417386216816,-0.008298802814695066
18053,-1.2697417386229568,-0.008298802814695066
18054,-1.2697417386238898,-0.008298802814695066
18055,-1.2697417386240342,-0.008298802814695066
18056,-1.2697417386246634,-0.008298802814695066
18057,-1.2697417386247363,-0.008298802814695066
18058,-1.2697417386247494,-0.008298802814695066
18059,-1.2697417386253966,-0.008298802814695066
18060,-1.2697417386265704,-0.008298802814695066
18061,-1.2697417386291012,-0.008298802814695066
18062,-1.2697417386332495,-0.008298802814695066
18063,-1.2697417386340533,-0.008298802814695066
18064,-1.2697417386356868,-0.008298802814695066
18065,-1.2697417386363812,-0.008298802814695066
18066,-1.2697417386367555,-0.008298802814695066
18067,-1.2697417386372658,-0.008298802814695066
18068,-1.269741738637456,-0.008298802814695066
18069,-1.2697417386384364,-0.008298802814695066
18070,-1.2697417386422094,-0.008298802814695066
18071,-1.2697417386429612,-0.008298802814695066
18072,-1.2697417386430454,-0.008298802814695066
18073,-1.2697417386445236,-0.008298802814695066
18074,-1.269741738647056,-0.008298802814695066
18075,-1.269741738648342,-0.008298802814695066
18076,-1.2697417386485614,-0.008298802814695066
18077,-1.2697417386496554,-0.008298802814695066
18078,-1.2697417386504797,-0.008298802814695066
18079,-1.269741738651631,-0.008298802814695066
18080,-1.2697417386516499,-0.008298802814695066
18081,-1.2697417386516716,-0.008298802814695066
18082,-1.2697417386527734,-0.008298802814695066
18083,-1.2697417386527938,-0.008298802814695066
18084,-1.2697417386550813,-0.008298802814695066
18085,-1.2697417386593601,-0.008298802814695066
18086,-1.2697417386609395,-0.008298802814695066
18087,-1.2697417386617813,-0.008298802814695066
18088,-1.2697417386620562,-0.008298802814695066
18089,-1.269741738664679,-0.008298802814695066
18090,-1.2697417386656078,-0.008298802814695066
18091,-1.269741738669521,-0.008298802814695066
18092,-1.2697417386708227,-0.008298802814695066
18093,-1.269741738671799,-0.008298802814695066
18094,-1.2697417386718626,-0.008298802814695066
18095,-1.2697417386753556,-0.008298802814695066
18096,-1.269741738676054,-0.008298802814695066
18097,-1.2697417386769738,-0.008298802814695066
18098,-1.2697417386773133,-0.008298802814695066
18099,-1.2697417386787608,-0.008298802814695066
18100,-1.2697417386816665,-0.008298802814695066
18101,-1.2697417386871825,-0.008298802814695066
18102,-1.2697417386886511,-0.008298802814695066
18103,-1.269741738688705,-0.008298802814695066
18104,-1.2697417386897765,-0.008298802814695066
18105,-1.2697417386898935,-0.008298802814695066
18106,-1.2697417386903014,-0.008298802814695066
18107,-1.2697417386910053,-0.008298802814695066
18108,-1.2697417386910461,-0.008298802814695066
18109,-1.2697417386920296,-0.008298802814695066
18110,-1.26974173869328,-0.008298802814695066
18111,-1.2697417386944607,-0.008298802814695066
18112,-1.2697417386951422,-0.008298802814695066
18113,-1.2697417386976,-0.008298802814695066
18114,-1.26974173869942,-0.008298802814695066
18115,-1.2697417387014063,-0.008298802814695066
18116,-1.2697417387015761,-0.008298802814695066
18117,-1.2697417387017977,-0.008298802814695066
18118,-1.269741738702842,-0.008298802814695066
18119,-1.2697417387046088,-0.008298802814695066
18120,-1.2697417387058874,-0.008298802814695066
18121,-1.2697417387061938,-0.008298802814695066
18122,-1.269741738706922,-0.008298802814695066
18123,-1.2697417387074883,-0.008298802814695066
18124,-1.2697417387076033,-0.008298802814695066
18125,-1.2697417387105714,-0.008298802814695066
18126,-1.2697417387107335,-0.008298802814695066
18127,-1.2697417387107666,-0.008298802814695066
18128,-1.2697417387144379,-0.008298802814695066
18129,-1.2697417387152627,-0.008298802814695066
18130,-1.2697417387154077,-0.008298802814695066
18131,-1.2697417387159247,-0.008298802814695066
18132,-1.26974173871632,-0.008298802814695066
18133,-1.26974173871635,-0.008298802814695066
18134,-1.2697417387165997,-0.008298802814695066
18135,-1.2697417387168044,-0.008298802814695066
18136,-1.269741738717686,-0.008298802814695066
18137,-1.269741738718181,-0.008298802814695066
18138,-1.2697417387191305,-0.008298802814695066
18139,-1.2697417387192642,-0.008298802814695066
18140,-1.2697417387232275,-0.008298802814695066
18141,-1.2697417387249041,-0.008298802814695066
18142,-1.26974173872522,-0.008298802814695066
18143,-1.2697417387262655,-0.008298802814695066
18144,-1.2697417387274914,-0.008298802814695066
18145,-1.2697417387339942,-0.008298802814695066
18146,-1.269741738736584,-0.008298802814695066
18147,-1.2697417387402568,-0.008298802814695066
18148,-1.2697417387405385,-0.008298802814695066
18149,-1.2697417387409229,-0.008298802814695066
18150,-1.2697417387426588,-0.008298802814695066
18151,-1.269741738743293,-0.008298802814695066
18152,-1.2697417387444132,-0.008298802814695066
18153,-1.2697417387448646,-0.008298802814695066
18154,-1.2697417387480252,-0.008298802814695066
18155,-1.2697417387490646,-0.008298802814695066
18156,-1.2697417387490983,-0.008298802814695066
18157,-1.2697417387493182,-0.008298802814695066
18158,-1.2697417387514667,-0.008298802814695066
18159,-1.2697417387524463,-0.008298802814695066
18160,-1.2697417387534289,-0.008298802814695066
18161,-1.2697417387551708,-0.008298802814695066
18162,-1.269741738755498,-0.008298802814695066
18163,-1.2697417387571042,-0.008298802814695066
18164,-1.269741738757546,-0.008298802814695066
18165,-1.2697417387584018,-0.008298802814695066
18166,-1.2697417387596672,-0.008298802814695066
18167,-1.2697417387597945,-0.008298802814695066
18168,-1.269741738759933,-0.008298802814695066
18169,-1.2697417387605374,-0.008298802814695066
18170,-1.2697417387619017,-0.008298802814695066
18171,-1.269741738764382,-0.008298802814695066
18172,-1.2697417387649246,-0.008298802814695066
18173,-1.2697417387666494,-0.008298802814695066
18174,-1.2697417387714487,-0.008298802814695066
18175,-1.2697417387727175,-0.008298802814695066
18176,-1.2697417387735719,-0.008298802814695066
18177,-1.2697417387736993,-0.008298802814695066
18178,-1.269741738774045,-0.008298802814695066
18179,-1.2697417387744168,-0.008298802814695066
18180,-1.2697417387755066,-0.008298802814695066
18181,-1.2697417387759127,-0.008298802814695066
18182,-1.269741738778194,-0.008298802814695066
18183,-1.2697417387785843,-0.008298802814695066
18184,-1.2697417387785954,-0.008298802814695066
18185,-1.2697417387815622,-0.008298802814695066
18186,-1.2697417387823065,-0.008298802814695066
18187,-1.2697417387827779,-0.008298802814695066
18188,-1.2697417387835803,-0.008298802814695066
18189,-1.2697417387839631,-0.008298802814695066
18190,-1.269741738784091,-0.008298802814695066
18191,-1.2697417387844312,-0.008298802814695066
18192,-1.2697417387851668,-0.008298802814695066
18193,-1.2697417387862227,-0.008298802814695066
18194,-1.2697417387874008,-0.008298802814695066
18195,-1.2697417387881693,-0.008298802814695066
18196,-1.2697417387892835,-0.008298802814695066
18197,-1.2697417387910372,-0.008298802814695066
18198,-1.2697417387922492,-0.008298802814695066
18199,-1.2697417387939436,-0.008298802814695066
18200,-1.2697417387941021,-0.008298802814695066
18201,-1.269741738795205,-0.008298802814695066
18202,-1.269741738796316,-0.008298802814695066
18203,-1.2697417387976737,-0.008298802814695066
18204,-1.269741738797809,-0.008298802814695066
18205,-1.2697417387981578,-0.008298802814695066
18206,-1.2697417387988001,-0.008298802814695066
18207,-1.2697417388014536,-0.008298802814695066
18208,-1.2697417388021601,-0.008298802814695066
18209,-1.2697417388024586,-0.008298802814695066
18210,-1.2697417388076098,-0.008298802814695066
18211,-1.2697417388089265,-0.008298802814695066
18212,-1.2697417388098347,-0.008298802814695066
18213,-1.2697417388098846,-0.008298802814695066
18214,-1.2697417388149228,-0.008298802814695066
18215,-1.2697417388151102,-0.008298802814695066
18216,-1.2697417388151473,-0.008298802814695066
18217,-1.2697417388153025,-0.008298802814695066
18218,-1.2697417388163244,-0.008298802814695066
18219,-1.2697417388164274,-0.008298802814695066
18220,-1.2697417388187575,-0.008298802814695066
18221,-1.2697417388192447,-0.008298802814695066
18222,-1.2697417388203684,-0.008298802814695066
18223,-1.2697417388234271,-0.008298802814695066
18224,-1.2697417388246834,-0.008298802814695066
18225,-1.2697417388254169,-0.008298802814695066
18226,-1.2697417388273176,-0.008298802814695066
18227,-1.2697417388275516,-0.008298802814695066
18228,-1.2697417388277707,-0.008298802814695066
18229,-1.269741738828825,-0.008298802814695066
18230,-1.269741738829207,-0.008298802814695066
18231,-1.2697417388301862,-0.008298802814695066
18232,-1.2697417388305086,-0.008298802814695066
18233,-1.2697417388307046,-0.008298802814695066
18234,-1.269741738831859,-0.008298802814695066
18235,-1.2697417388325545,-0.008298802814695066
18236,-1.2697417388326586,-0.008298802814695066
18237,-1.269741738833521,-0.008298802814695066
18238,-1.2697417388349328,-0.008298802814695066
18239,-1.2697417388356431,-0.008298802814695066
18240,-1.2697417388362782,-0.008298802814695066
18241,-1.2697417388367112,-0.008298802814695066
18242,-1.2697417388377938,-0.008298802814695066
18243,-1.2697417388383312,-0.008298802814695066
18244,-1.269741738838864,-0.008298802814695066
18245,-1.269741738840951,-0.008298802814695066
18246,-1.2697417388425822,-0.008298802814695066
18247,-1.2697417388426007,-0.008298802814695066
18248,-1.2697417388439285,-0.008298802814695066
18249,-1.269741738843979,-0.008298802814695066
18250,-1.2697417388446297,-0.008298802814695066
18251,-1.269741738845366,-0.008298802814695066
18252,-1.2697417388476455,-0.008298802814695066
18253,-1.2697417388476921,-0.008298802814695066
18254,-1.2697417388483334,-0.008298802814695066
18255,-1.2697417388503038,-0.008298802814695066
18256,-1.2697417388507528,-0.008298802814695066
18257,-1.269741738850863,-0.008298802814695066
18258,-1.2697417388511736,-0.008298802814695066
18259,-1.2697417388512762,-0.008298802814695066
18260,-1.2697417388516632,-0.008298802814695066
18261,-1.2697417388525118,-0.008298802814695066
18262,-1.2697417388533305,-0.008298802814695066
18263,-1.2697417388534644,-0.008298802814695066
18264,-1.269741738855456,-0.008298802814695066
18265,-1.2697417388556071,-0.008298802814695066
18266,-1.269741738855728,-0.008298802814695066
18267,-1.2697417388577303,-0.008298802814695066
18268,-1.2697417388579073,-0.008298802814695066
18269,-1.2697417388580083,-0.008298802814695066
18270,-1.2697417388597643,-0.008298802814695066
18271,-1.269741738860273,-0.008298802814695066
18272,-1.2697417388621224,-0.008298802814695066
18273,-1.2697417388626298,-0.008298802814695066
18274,-1.2697417388632264,-0.008298802814695066
18275,-1.269741738863818,-0.008298802814695066
18276,-1.2697417388656613,-0.008298802814695066
18277,-1.2697417388680374,-0.008298802814695066
18278,-1.2697417388693006,-0.008298802814695066
18279,-1.269741738871074,-0.008298802814695066
18280,-1.2697417388715564,-0.008298802814695066
18281,-1.2697417388721828,-0.008298802814695066
18282,-1.2697417388742658,-0.008298802814695066
18283,-1.2697417388749852,-0.008298802814695066
18284,-1.2697417388784695,-0.008298802814695066
18285,-1.269741738878685,-0.008298802814695066
18286,-1.2697417388794163,-0.008298802814695066
18287,-1.2697417388799592,-0.008298802814695066
18288,-1.2697417388805614,-0.008298802814695066
18289,-1.269741738881475,-0.008298802814695066
18290,-1.269741738886008,-0.008298802814695066
18291,-1.269741738888523,-0.008298802814695066
18292,-1.2697417388897745,-0.008298802814695066
18293,-1.2697417388899448,-0.008298802814695066
18294,-1.2697417388911387,-0.008298802814695066
18295,-1.2697417388918102,-0.008298802814695066
18296,-1.2697417388920893,-0.008298802814695066
18297,-1.2697417388935883,-0.008298802814695066
18298,-1.2697417388938614,-0.008298802814695066
18299,-1.2697417388953163,-0.008298802814695066
18300,-1.2697417388955434,-0.008298802814695066
18301,-1.2697417388962207,-0.008298802814695066
18302,-1.2697417388965633,-0.008298802814695066
18303,-1.2697417388965915,-0.008298802814695066
18304,-1.2697417388973418,-0.008298802814695066
18305,-1.2697417388990013,-0.008298802814695066
18306,-1.2697417388991514,-0.008298802814695066
18307,-1.2697417388991619,-0.008298802814695066
18308,-1.2697417388998133,-0.008298802814695066
18309,-1.269741738900175,-0.008298802814695066
18310,-1.2697417389013426,-0.008298802814695066
18311,-1.2697417389048835,-0.008298802814695066
18312,-1.2697417389051795,-0.008298802814695066
18313,-1.2697417389070937,-0.008298802814695066
18314,-1.2697417389076893,-0.008298802814695066
18315,-1.2697417389079135,-0.008298802814695066
18316,-1.269741738907944,-0.008298802814695066
18317,-1.2697417389106054,-0.008298802814695066
18318,-1.2697417389109238,-0.008298802814695066
18319,-1.2697417389115162,-0.008298802814695066
18320,-1.2697417389117192,-0.008298802814695066
18321,-1.269741738912811,-0.008298802814695066
18322,-1.269741738914196,-0.008298802814695066
18323,-1.2697417389144627,-0.008298802814695066
18324,-1.2697417389154766,-0.008298802814695066
18325,-1.26974173891712,-0.008298802814695066
18326,-1.269741738918291,-0.008298802814695066
18327,-1.2697417389191061,-0.008298802814695066
18328,-1.2697417389205812,-0.008298802814695066
18329,-1.2697417389211796,-0.008298802814695066
18330,-1.2697417389238808,-0.008298802814695066
18331,-1.2697417389240249,-0.008298802814695066
18332,-1.2697417389244903,-0.008298802814695066
18333,-1.2697417389261034,-0.008298802814695066
18334,-1.26974173892677,-0.008298802814695066
18335,-1.2697417389290953,-0.008298802814695066
18336,-1.2697417389293661,-0.008298802814695066
18337,-1.2697417389295411,-0.008298802814695066
18338,-1.2697417389304573,-0.008298802814695066
18339,-1.2697417389308103,-0.008298802814695066
18340,-1.2697417389317458,-0.008298802814695066
18341,-1.2697417389321308,-0.008298802814695066
18342,-1.2697417389327663,-0.008298802814695066
18343,-1.269741738933764,-0.008298802814695066
18344,-1.2697417389340209,-0.008298802814695066
18345,-1.2697417389344812,-0.008298802814695066
18346,-1.2697417389347936,-0.008298802814695066
18347,-1.2697417389349297,-0.008298802814695066
18348,-1.2697417389358647,-0.008298802814695066
18349,-1.2697417389365668,-0.008298802814695066
18350,-1.2697417389365753,-0.008298802814695066
18351,-1.2697417389398806,-0.008298802814695066
18352,-1.2697417389415278,-0.008298802814695066
18353,-1.2697417389424108,-0.008298802814695066
18354,-1.269741738944989,-0.008298802814695066
18355,-1.2697417389454975,-0.008298802814695066
18356,-1.269741738945531,-0.008298802814695066
18357,-1.269741738946265,-0.008298802814695066
18358,-1.2697417389470496,-0.008298802814695066
18359,-1.269741738947419,-0.008298802814695066
18360,-1.2697417389482752,-0.008298802814695066
18361,-1.2697417389502283,-0.008298802814695066
18362,-1.2697417389517685,-0.008298802814695066
18363,-1.269741738952674,-0.008298802814695066
18364,-1.2697417389532708,-0.008298802814695066
18365,-1.2697417389551808,-0.008298802814695066
18366,-1.2697417389559391,-0.008298802814695066
18367,-1.2697417389559835,-0.008298802814695066
18368,-1.2697417389569365,-0.008298802814695066
18369,-1.269741738957447,-0.008298802814695066
18370,-1.2697417389584946,-0.008298802814695066
18371,-1.2697417389589842,-0.008298802814695066
18372,-1.2697417389625674,-0.008298802814695066
18373,-1.2697417389628178,-0.008298802814695066
18374,-1.26974173896282,-0.008298802814695066
18375,-1.2697417389630394,-0.008298802814695066
18376,-1.2697417389630805,-0.008298802814695066
18377,-1.269741738964851,-0.008298802814695066
18378,-1.2697417389649455,-0.008298802814695066
18379,-1.2697417389652856,-0.008298802814695066
18380,-1.2697417389657268,-0.008298802814695066
18381,-1.2697417389660377,-0.008298802814695066
18382,-1.2697417389661576,-0.008298802814695066
18383,-1.269741738966799,-0.008298802814695066
18384,-1.2697417389671433,-0.008298802814695066
18385,-1.2697417389684307,-0.008298802814695066
18386,-1.269741738969178,-0.008298802814695066
18387,-1.2697417389696222,-0.008298802814695066
18388,-1.269741738973417,-0.008298802814695066
18389,-1.2697417389746652,-0.008298802814695066
18390,-1.2697417389747465,-0.008298802814695066
18391,-1.269741738974756,-0.008298802814695066
18392,-1.2697417389777792,-0.008298802814695066
18393,-1.2697417389779926,-0.008298802814695066
18394,-1.2697417389784036,-0.008298802814695066
18395,-1.2697417389785626,-0.008298802814695066
18396,-1.2697417389804597,-0.008298802814695066
18397,-1.2697417389809136,-0.008298802814695066
18398,-1.2697417389830217,-0.008298802814695066
18399,-1.2697417389848005,-0.008298802814695066
18400,-1.2697417389871635,-0.008298802814695066
18401,-1.2697417389875318,-0.008298802814695066
18402,-1.269741738987746,-0.008298802814695066
18403,-1.2697417389899366,-0.008298802814695066
18404,-1.2697417389909755,-0.008298802814695066
18405,-1.2697417389910584,-0.008298802814695066
18406,-1.2697417389915255,-0.008298802814695066
18407,-1.2697417389920442,-0.008298802814695066
18408,-1.2697417389931691,-0.008298802814695066
18409,-1.2697417389940164,-0.008298802814695066
18410,-1.2697417389940897,-0.008298802814695066
18411,-1.2697417389954782,-0.008298802814695066
18412,-1.2697417389966321,-0.008298802814695066
18413,-1.2697417389972154,-0.008298802814695066
18414,-1.269741738997805,-0.008298802814695066
18415,-1.2697417389982955,-0.008298802814695066
18416,-1.2697417389994912,-0.008298802814695066
18417,-1.2697417389995063,-0.008298802814695066
18418,-1.2697417389999373,-0.008298802814695066
18419,-1.2697417390004477,-0.008298802814695066
18420,-1.2697417390014951,-0.008298802814695066
18421,-1.2697417390017023,-0.008298802814695066
18422,-1.2697417390018861,-0.008298802814695066
18423,-1.2697417390025694,-0.008298802814695066
18424,-1.269741739003661,-0.008298802814695066
18425,-1.2697417390041235,-0.008298802814695066
18426,-1.2697417390042471,-0.008298802814695066
18427,-1.269741739005025,-0.008298802814695066
18428,-1.2697417390052863,-0.008298802814695066
18429,-1.2697417390054286,-0.008298802814695066
18430,-1.2697417390068249,-0.008298802814695066
18431,-1.2697417390086063,-0.008298802814695066
18432,-1.2697417390092798,-0.008298802814695066
18433,-1.2697417390094319,-0.008298802814695066
18434,-1.269741739010887,-0.008298802814695066
18435,-1.269741739011448,-0.008298802814695066
18436,-1.2697417390115577,-0.008298802814695066
18437,-1.2697417390124632,-0.008298802814695066
18438,-1.2697417390131276,-0.008298802814695066
18439,-1.2697417390141283,-0.008298802814695066
18440,-1.2697417390141807,-0.008298802814695066
18441,-1.26974173901543,-0.008298802814695066
18442,-1.26974173902199,-0.008298802814695066
18443,-1.269741739022208,-0.008298802814695066
18444,-1.2697417390226176,-0.008298802814695066
18445,-1.269741739023071,-0.008298802814695066
18446,-1.2697417390233814,-0.008298802814695066
18447,-1.2697417390235628,-0.008298802814695066
18448,-1.2697417390242156,-0.008298802814695066
18449,-1.2697417390252899,-0.008298802814695066
18450,-1.2697417390258243,-0.008298802814695066
18451,-1.2697417390271957,-0.008298802814695066
18452,-1.2697417390272672,-0.008298802814695066
18453,-1.2697417390277264,-0.008298802814695066
18454,-1.2697417390282768,-0.008298802814695066
18455,-1.2697417390284491,-0.008298802814695066
18456,-1.2697417390284875,-0.008298802814695066
18457,-1.2697417390289334,-0.008298802814695066
18458,-1.2697417390292358,-0.008298802814695066
18459,-1.2697417390302987,-0.008298802814695066
18460,-1.2697417390302992,-0.008298802814695066
18461,-1.2697417390311792,-0.008298802814695066
18462,-1.2697417390316816,-0.008298802814695066
18463,-1.269741739031824,-0.008298802814695066
18464,-1.2697417390320793,-0.008298802814695066
18465,-1.2697417390323842,-0.008298802814695066
18466,-1.2697417390339734,-0.008298802814695066
18467,-1.2697417390342285,-0.008298802814695066
18468,-1.2697417390356538,-0.008298802814695066
18469,-1.2697417390363541,-0.008298802814695066
18470,-1.2697417390390149,-0.008298802814695066
18471,-1.2697417390391081,-0.008298802814695066
18472,-1.2697417390414945,-0.008298802814695066
18473,-1.2697417390416712,-0.008298802814695066
18474,-1.2697417390422525,-0.008298802814695066
18475,-1.2697417390444667,-0.008298802814695066
18476,-1.2697417390452992,-0.008298802814695066
18477,-1.2697417390468135,-0.008298802814695066
18478,-1.269741739048305,-0.008298802814695066
18479,-1.2697417390486125,-0.008298802814695066
18480,-1.2697417390490826,-0.008298802814695066
18481,-1.269741739049107,-0.008298802814695066
18482,-1.2697417390493615,-0.008298802814695066
18483,-1.2697417390506156,-0.008298802814695066
18484,-1.269741739051058,-0.008298802814695066
18485,-1.2697417390515366,-0.008298802814695066
18486,-1.2697417390522183,-0.008298802814695066
18487,-1.2697417390529813,-0.008298802814695066
18488,-1.2697417390532837,-0.008298802814695066
18489,-1.2697417390541683,-0.008298802814695066
18490,-1.2697417390541956,-0.008298802814695066
18491,-1.2697417390545778,-0.008298802814695066
18492,-1.2697417390554637,-0.008298802814695066
18493,-1.2697417390563737,-0.008298802814695066
18494,-1.26974173905663,-0.008298802814695066
18495,-1.2697417390582448,-0.008298802814695066
18496,-1.2697417390582482,-0.008298802814695066
18497,-1.2697417390596242,-0.008298802814695066
18498,-1.269741739059626,-0.008298802814695066
18499,-1.269741739060641,-0.008298802814695066
18500,-1.2697417390618113,-0.008298802814695066
18501,-1.269741739062877,-0.008298802814695066
18502,-1.2697417390630157,-0.008298802814695066
18503,-1.2697417390637475,-0.008298802814695066
18504,-1.2697417390643824,-0.008298802814695066
18505,-1.2697417390651826,-0.008298802814695066
18506,-1.2697417390651928,-0.008298802814695066
18507,-1.2697417390662942,-0.008298802814695066
18508,-1.2697417390665429,-0.008298802814695066
18509,-1.2697417390675976,-0.008298802814695066
18510,-1.2697417390679404,-0.008298802814695066
18511,-1.2697417390685308,-0.008298802814695066
18512,-1.269741739069283,-0.008298802814695066
18513,-1.269741739070294,-0.008298802814695066
18514,-1.269741739070394,-0.008298802814695066
18515,-1.2697417390729293,-0.008298802814695066
18516,-1.269741739073359,-0.008298802814695066
18517,-1.2697417390739245,-0.008298802814695066
18518,-1.2697417390740753,-0.008298802814695066
18519,-1.2697417390741577,-0.008298802814695066
18520,-1.269741739074959,-0.008298802814695066
18521,-1.2697417390786903,-0.008298802814695066
18522,-1.2697417390787307,-0.008298802814695066
18523,-1.269741739079091,-0.008298802814695066
18524,-1.2697417390804122,-0.008298802814695066
18525,-1.2697417390807244,-0.008298802814695066
18526,-1.269741739081104,-0.008298802814695066
18527,-1.269741739082368,-0.008298802814695066
18528,-1.2697417390834658,-0.008298802814695066
18529,-1.2697417390848722,-0.008298802814695066
18530,-1.2697417390853922,-0.008298802814695066
18531,-1.2697417390857226,-0.008298802814695066
18532,-1.2697417390859607,-0.008298802814695066
18533,-1.2697417390863053,-0.008298802814695066
18534,-1.2697417390872547,-0.008298802814695066
18535,-1.2697417390873829,-0.008298802814695066
18536,-1.2697417390882542,-0.008298802814695066
18537,-1.2697417390892798,-0.008298802814695066
18538,-1.2697417390904746,-0.008298802814695066
18539,-1.2697417390921244,-0.008298802814695066
18540,-1.2697417390925947,-0.008298802814695066
18541,-1.2697417390934587,-0.008298802814695066
18542,-1.2697417390937478,-0.008298802814695066
18543,-1.2697417390971397,-0.008298802814695066
18544,-1.269741739097573,-0.008298802814695066
18545,-1.269741739097755,-0.008298802814695066
18546,-1.269741739098747,-0.008298802814695066
18547,-1.2697417390992616,-0.008298802814695066
18548,-1.2697417390993424,-0.008298802814695066
18549,-1.2697417391005792,-0.008298802814695066
18550,-1.2697417391007348,-0.008298802814695066
18551,-1.2697417391017938,-0.008298802814695066
18552,-1.269741739101895,-0.008298802814695066
18553,-1.2697417391019363,-0.008298802814695066
18554,-1.2697417391038917,-0.008298802814695066
18555,-1.2697417391040908,-0.008298802814695066
18556,-1.2697417391042858,-0.008298802814695066
18557,-1.2697417391061023,-0.008298802814695066
18558,-1.2697417391069408,-0.008298802814695066
18559,-1.2697417391076709,-0.008298802814695066
18560,-1.269741739107707,-0.008298802814695066
18561,-1.2697417391083368,-0.008298802814695066
18562,-1.2697417391084638,-0.008298802814695066
18563,-1.2697417391088626,-0.008298802814695066
18564,-1.2697417391091068,-0.008298802814695066
18565,-1.2697417391099375,-0.008298802814695066
18566,-1.269741739110054,-0.008298802814695066
18567,-1.2697417391108279,-0.008298802814695066
18568,-1.2697417391108776,-0.008298802814695066
18569,-1.269741739111001,-0.008298802814695066
18570,-1.2697417391143224,-0.008298802814695066
18571,-1.2697417391144312,-0.008298802814695066
18572,-1.269741739114679,-0.008298802814695066
18573,-1.2697417391149792,-0.008298802814695066
18574,-1.2697417391155454,-0.008298802814695066
18575,-1.2697417391167156,-0.008298802814695066
18576,-1.2697417391169188,-0.008298802814695066
18577,-1.2697417391175994,-0.008298802814695066
18578,-1.2697417391177543,-0.008298802814695066
18579,-1.2697417391180275,-0.008298802814695066
18580,-1.2697417391185168,-0.008298802814695066
18581,-1.269741739118658,-0.008298802814695066
18582,-1.269741739118678,-0.008298802814695066
18583,-1.2697417391189678,-0.008298802814695066
18584,-1.269741739119373,-0.008298802814695066
18585,-1.2697417391195136,-0.008298802814695066
18586,-1.269741739119674,-0.008298802814695066
18587,-1.2697417391207932,-0.008298802814695066
18588,-1.269741739122162,-0.008298802814695066
18589,-1.2697417391228163,-0.008298802814695066
18590,-1.2697417391229229,-0.008298802814695066
18591,-1.2697417391233055,-0.008298802814695066
18592,-1.269741739123571,-0.008298802814695066
18593,-1.2697417391242827,-0.008298802814695066
18594,-1.2697417391243753,-0.008298802814695066
18595,-1.269741739124454,-0.008298802814695066
18596,-1.269741739125676,-0.008298802814695066
18597,-1.2697417391260852,-0.008298802814695066
18598,-1.269741739126146,-0.008298802814695066
18599,-1.2697417391264871,-0.008298802814695066
18600,-1.269741739126962,-0.008298802814695066
18601,-1.2697417391272956,-0.008298802814695066
18602,-1.2697417391284127,-0.008298802814695066
18603,-1.2697417391288552,-0.008298802814695066
18604,-1.2697417391295376,-0.008298802814695066
18605,-1.269741739129851,-0.008298802814695066
18606,-1.269741739130765,-0.008298802814695066
18607,-1.2697417391322696,-0.008298802814695066
18608,-1.2697417391325267,-0.008298802814695066
18609,-1.2697417391331993,-0.008298802814695066
18610,-1.269741739133969,-0.008298802814695066
18611,-1.269741739134093,-0.008298802814695066
18612,-1.2697417391348809,-0.008298802814695066
18613,-1.2697417391351344,-0.008298802814695066
18614,-1.269741739135375,-0.008298802814695066
18615,-1.2697417391355725,-0.008298802814695066
18616,-1.269741739135697,-0.008298802814695066
18617,-1.2697417391364492,-0.008298802814695066
18618,-1.2697417391367711,-0.008298802814695066
18619,-1.269741739137324,-0.008298802814695066
18620,-1.2697417391381665,-0.008298802814695066
18621,-1.2697417391393697,-0.008298802814695066
18622,-1.2697417391396035,-0.008298802814695066
18623,-1.269741739140041,-0.008298802814695066
18624,-1.26974173914016,-0.008298802814695066
18625,-1.2697417391404018,-0.008298802814695066
18626,-1.2697417391407544,-0.008298802814695066
18627,-1.2697417391408954,-0.008298802814695066
18628,-1.269741739141439,-0.008298802814695066
18629,-1.2697417391430224,-0.008298802814695066
18630,-1.2697417391430668,-0.008298802814695066
18631,-1.2697417391442198,-0.008298802814695066
18632,-1.2697417391451638,-0.008298802814695066
18633,-1.2697417391454708,-0.008298802814695066
18634,-1.269741739145758,-0.008298802814695066
18635,-1.2697417391471275,-0.008298802814695066
18636,-1.269741739147165,-0.008298802814695066
18637,-1.2697417391472496,-0.008298802814695066
18638,-1.2697417391473373,-0.008298802814695066
18639,-1.2697417391478867,-0.008298802814695066
18640,-1.2697417391480363,-0.008298802814695066
18641,-1.269741739148169,-0.008298802814695066
18642,-1.2697417391483725,-0.008298802814695066
18643,-1.2697417391488321,-0.008298802814695066
18644,-1.2697417391491708,-0.008298802814695066
18645,-1.2697417391495063,-0.008298802814695066
18646,-1.2697417391500516,-0.008298802814695066
18647,-1.269741739150928,-0.008298802814695066
18648,-1.2697417391510535,-0.008298802814695066
18649,-1.269741739152081,-0.008298802814695066
18650,-1.2697417391525712,-0.008298802814695066
18651,-1.2697417391530195,-0.008298802814695066
18652,-1.2697417391531305,-0.008298802814695066
18653,-1.2697417391549037,-0.008298802814695066
18654,-1.2697417391550982,-0.008298802814695066
18655,-1.2697417391552726,-0.008298802814695066
18656,-1.2697417391555257,-0.008298802814695066
18657,-1.2697417391563839,-0.008298802814695066
18658,-1.2697417391565302,-0.008298802814695066
18659,-1.269741739157138,-0.008298802814695066
18660,-1.269741739157244,-0.008298802814695066
18661,-1.2697417391577606,-0.008298802814695066
18662,-1.2697417391586678,-0.008298802814695066
18663,-1.2697417391588628,-0.008298802814695066
18664,-1.2697417391590913,-0.008298802814695066
18665,-1.2697417391593435,-0.008298802814695066
18666,-1.2697417391603532,-0.008298802814695066
18667,-1.2697417391608619,-0.008298802814695066
18668,-1.2697417391630632,-0.008298802814695066
18669,-1.2697417391631374,-0.008298802814695066
18670,-1.2697417391631942,-0.008298802814695066
18671,-1.269741739163501,-0.008298802814695066
18672,-1.2697417391636998,-0.008298802814695066
18673,-1.269741739163743,-0.008298802814695066
18674,-1.269741739164615,-0.008298802814695066
18675,-1.269741739164821,-0.008298802814695066
18676,-1.2697417391651238,-0.008298802814695066
18677,-1.2697417391657289,-0.008298802814695066
18678,-1.2697417391668369,-0.008298802814695066
18679,-1.269741739168126,-0.008298802814695066
18680,-1.2697417391699584,-0.008298802814695066
18681,-1.2697417391725745,-0.008298802814695066
18682,-1.2697417391735382,-0.008298802814695066
18683,-1.2697417391737817,-0.008298802814695066
18684,-1.2697417391740078,-0.008298802814695066
18685,-1.269741739174052,-0.008298802814695066
18686,-1.2697417391740728,-0.008298802814695066
18687,-1.2697417391741261,-0.008298802814695066
18688,-1.2697417391751755,-0.008298802814695066
18689,-1.2697417391754757,-0.008298802814695066
18690,-1.2697417391758374,-0.008298802814695066
18691,-1.2697417391767138,-0.008298802814695066
18692,-1.2697417391788135,-0.008298802814695066
18693,-1.269741739178966,-0.008298802814695066
18694,-1.269741739179667,-0.008298802814695066
18695,-1.269741739179794,-0.008298802814695066
18696,-1.269741739179921,-0.008298802814695066
18697,-1.2697417391801555,-0.008298802814695066
18698,-1.2697417391804084,-0.008298802814695066
18699,-1.2697417391814403,-0.008298802814695066
18700,-1.2697417391814967,-0.008298802814695066
18701,-1.2697417391822872,-0.008298802814695066
18702,-1.2697417391831394,-0.008298802814695066
18703,-1.2697417391832886,-0.008298802814695066
18704,-1.2697417391836852,-0.008298802814695066
18705,-1.2697417391841532,-0.008298802814695066
18706,-1.2697417391846704,-0.008298802814695066
18707,-1.2697417391856174,-0.008298802814695066
18708,-1.2697417391866517,-0.008298802814695066
18709,-1.2697417391867745,-0.008298802814695066
18710,-1.2697417391881407,-0.008298802814695066
18711,-1.2697417391896195,-0.008298802814695066
18712,-1.2697417391907533,-0.008298802814695066
18713,-1.269741739191181,-0.008298802814695066
18714,-1.2697417391925843,-0.008298802814695066
18715,-1.2697417391931718,-0.008298802814695066
18716,-1.2697417391961774,-0.008298802814695066
18717,-1.2697417391969963,-0.008298802814695066
18718,-1.2697417391970085,-0.008298802814695066
18719,-1.269741739197815,-0.008298802814695066
18720,-1.2697417391980232,-0.008298802814695066
18721,-1.269741739198931,-0.008298802814695066
18722,-1.2697417391997576,-0.008298802814695066
18723,-1.2697417391999146,-0.008298802814695066
18724,-1.2697417392002706,-0.008298802814695066
18725,-1.2697417392009802,-0.008298802814695066
18726,-1.2697417392014658,-0.008298802814695066
18727,-1.2697417392015926,-0.008298802814695066
18728,-1.2697417392018553,-0.008298802814695066
18729,-1.269741739202776,-0.008298802814695066
18730,-1.2697417392031525,-0.008298802814695066
18731,-1.269741739203269,-0.008298802814695066
18732,-1.269741739203408,-0.008298802814695066
18733,-1.2697417392038985,-0.008298802814695066
18734,-1.2697417392043342,-0.008298802814695066
18735,-1.2697417392061818,-0.008298802814695066
18736,-1.2697417392075152,-0.008298802814695066
18737,-1.2697417392076098,-0.008298802814695066
18738,-1.2697417392078059,-0.008298802814695066
18739,-1.2697417392080184,-0.008298802814695066
18740,-1.2697417392083459,-0.008298802814695066
18741,-1.2697417392086714,-0.008298802814695066
18742,-1.2697417392097776,-0.00836824967051658
18743,-1.2697417392097776,-0.008438868645864595
18744,-1.2697417392099444,-0.008298802814695066
18745,-1.2697417392108843,-0.008298802814695066
18746,-1.269741739211177,-0.008298802814695066
18747,-1.2697417392111778,-0.008298802814695066
18748,-1.2697417392119579,-0.008298802814695066
18749,-1.2697417392136714,-0.008298802814695066
18750,-1.2697417392144563,-0.008298802814695066
18751,-1.2697417392146584,-0.008298802814695066
18752,-1.2697417392158161,-0.008298802814695066
18753,-1.2697417392168704,-0.008298802814695066
18754,-1.2697417392168862,-0.008298802814695066
18755,-1.269741739218462,-0.008298802814695066
18756,-1.2697417392187296,-0.008298802814695066
18757,-1.269741739219961,-0.008298802814695066
18758,-1.2697417392201613,-0.008298802814695066
18759,-1.2697417392205126,-0.008298802814695066
18760,-1.2697417392210002,-0.008298802814695066
18761,-1.2697417392215458,-0.008298802814695066
18762,-1.269741739221768,-0.008298802814695066
18763,-1.269741739222347,-0.008298802814695066
18764,-1.2697417392231103,-0.008298802814695066
18765,-1.2697417392232437,-0.008298802814695066
18766,-1.269741739223321,-0.008298802814695066
18767,-1.269741739224544,-0.008298802814695066
18768,-1.269741739224672,-0.008298802814695066
18769,-1.2697417392250099,-0.008298802814695066
18770,-1.2697417392250243,-0.008298802814695066
18771,-1.2697417392250605,-0.008298802814695066
18772,-1.2697417392255028,-0.008298802814695066
18773,-1.2697417392255816,-0.008298802814695066
18774,-1.2697417392256705,-0.008298802814695066
18775,-1.2697417392258081,-0.008298802814695066
18776,-1.2697417392260117,-0.008298802814695066
18777,-1.2697417392260963,-0.008298802814695066
18778,-1.2697417392264483,-0.008298802814695066
18779,-1.2697417392269186,-0.008298802814695066
18780,-1.269741739227664,-0.008298802814695066
18781,-1.269741739227714,-0.008298802814695066
18782,-1.269741739228447,-0.008298802814695066
18783,-1.269741739228782,-0.008298802814695066
18784,-1.2697417392288748,-0.008298802814695066
18785,-1.2697417392294281,-0.008298802814695066
18786,-1.269741739230138,-0.008298802814695066
18787,-1.2697417392302541,-0.008298802814695066
18788,-1.2697417392303023,-0.008298802814695066
18789,-1.2697417392307189,-0.008298802814695066
18790,-1.269741739231439,-0.008298802814695066
18791,-1.2697417392316908,-0.008298802814695066
18792,-1.2697417392318218,-0.008298802814695066
18793,-1.26974173923228,-0.008298802814695066
18794,-1.2697417392326258,-0.008298802814695066
18795,-1.2697417392332266,-0.008298802814695066
18796,-1.2697417392341879,-0.008298802814695066
18797,-1.2697417392343338,-0.008298802814695066
18798,-1.2697417392362125,-0.008298802814695066
18799,-1.269741739236352,-0.008298802814695066
18800,-1.269741739236403,-0.008298802814695066
18801,-1.2697417392367059,-0.008298802814695066
18802,-1.2697417392371082,-0.008298802814695066
18803,-1.2697417392371353,-0.008298802814695066
18804,-1.2697417392377983,-0.008298802814695066
18805,-1.2697417392378185,-0.008298802814695066
18806,-1.2697417392379422,-0.008298802814695066
18807,-1.269741739237976,-0.008298802814695066
18808,-1.2697417392380426,-0.008298802814695066
18809,-1.2697417392380994,-0.008298802814695066
18810,-1.269741739238137,-0.008298802814695066
18811,-1.2697417392382264,-0.008298802814695066
18812,-1.2697417392385215,-0.008298802814695066
18813,-1.2697417392391928,-0.008298802814695066
18814,-1.269741739239874,-0.008298802814695066
18815,-1.269741739240272,-0.008298802814695066
18816,-1.269741739240828,-0.008298802814695066
18817,-1.269741739241086,-0.008298802814695066
18818,-1.2697417392412937,-0.008298802814695066
18819,-1.269741739241353,-0.008298802814695066
18820,-1.269741739241595,-0.008298802814695066
18821,-1.269741739241829,-0.008298802814695066
18822,-1.269741739242163,-0.008298802814695066
18823,-1.2697417392424835,-0.008298802814695066
18824,-1.2697417392428823,-0.008298802814695066
18825,-1.2697417392433281,-0.008298802814695066
18826,-1.269741739244397,-0.008298802814695066
18827,-1.2697417392444863,-0.008298802814695066
18828,-1.2697417392446941,-0.008298802814695066
18829,-1.2697417392449655,-0.008298802814695066
18830,-1.2697417392450037,-0.008298802814695066
18831,-1.2697417392458652,-0.008298802814695066
18832,-1.269741739246037,-0.008298802814695066
18833,-1.2697417392465353,-0.008298802814695066
18834,-1.2697417392472414,-0.008298802814695066
18835,-1.269741739247513,-0.008298802814695066
18836,-1.2697417392476555,-0.008298802814695066
18837,-1.2697417392477357,-0.008298802814695066
18838,-1.2697417392478796,-0.008298802814695066
18839,-1.2697417392480013,-0.008298802814695066
18840,-1.2697417392480537,-0.008298802814695066
18841,-1.2697417392483437,-0.008298802814695066
18842,-1.2697417392486872,-0.008298802814695066
18843,-1.2697417392488104,-0.008298802814695066
18844,-1.2697417392490262,-0.008298802814695066
18845,-1.2697417392496952,-0.008298802814695066
18846,-1.2697417392497548,-0.008298802814695066
18847,-1.2697417392499202,-0.008298802814695066
18848,-1.2697417392500752,-0.008298802814695066
18849,-1.26974173925011,-0.008298802814695066
18850,-1.269741739250495,-0.008298802814695066
18851,-1.2697417392511043,-0.008298802814695066
18852,-1.2697417392525618,-0.008298802814695066
18853,-1.2697417392529375,-0.008298802814695066
18854,-1.2697417392540746,-0.008298802814695066
18855,-1.2697417392541452,-0.008298802814695066
18856,-1.2697417392543837,-0.008298802814695066
18857,-1.2697417392555086,-0.008298802814695066
18858,-1.2697417392558323,-0.008298802814695066
18859,-1.2697417392569517,-0.008298802814695066
18860,-1.269741739257298,-0.008298802814695066
18861,-1.2697417392573678,-0.008298802814695066
18862,-1.2697417392576753,-0.008298802814695066
18863,-1.269741739259116,-0.008298802814695066
18864,-1.2697417392593287,-0.008298802814695066
18865,-1.2697417392595118,-0.008298802814695066
18866,-1.2697417392601456,-0.008298802814695066
18867,-1.2697417392602268,-0.008298802814695066
18868,-1.2697417392602457,-0.008298802814695066
18869,-1.2697417392619774,-0.008298802814695066
18870,-1.2697417392620012,-0.008298802814695066
18871,-1.2697417392621992,-0.008298802814695066
18872,-1.2697417392629002,-0.008298802814695066
18873,-1.2697417392630932,-0.008298802814695066
18874,-1.2697417392633727,-0.008298802814695066
18875,-1.2697417392636339,-0.008298802814695066
18876,-1.2697417392644512,-0.008298802814695066
18877,-1.2697417392649029,-0.008298802814695066
18878,-1.2697417392649568,-0.008298802814695066
18879,-1.2697417392653307,-0.008298802814695066
18880,-1.2697417392664385,-0.008298802814695066
18881,-1.2697417392668244,-0.008298802814695066
18882,-1.2697417392669892,-0.008298802814695066
18883,-1.269741739267426,-0.008298802814695066
18884,-1.2697417392676802,-0.008298802814695066
18885,-1.2697417392685697,-0.008298802814695066
18886,-1.2697417392695562,-0.008298802814695066
18887,-1.269741739270221,-0.008298802814695066
18888,-1.2697417392702495,-0.008298802814695066
18889,-1.2697417392712627,-0.008298802814695066
18890,-1.2697417392713395,-0.008298802814695066
18891,-1.2697417392722619,-0.008298802814695066
18892,-1.2697417392744037,-0.008298802814695066
18893,-1.2697417392749633,-0.008298802814695066
18894,-1.2697417392753427,-0.008298802814695066
18895,-1.2697417392754118,-0.008298802814695066
18896,-1.2697417392755446,-0.008298802814695066
18897,-1.269741739275772,-0.008298802814695066
18898,-1.269741739276205,-0.008298802814695066
18899,-1.269741739276641,-0.008298802814695066
18900,-1.2697417392768298,-0.008298802814695066
18901,-1.269741739276951,-0.008298802814695066
18902,-1.2697417392778063,-0.008298802814695066
18903,-1.2697417392778323,-0.008298802814695066
18904,-1.2697417392780823,-0.008298802814695066
18905,-1.269741739278214,-0.008298802814695066
18906,-1.2697417392787749,-0.008298802814695066
18907,-1.2697417392791825,-0.008298802814695066
18908,-1.2697417392794774,-0.008298802814695066
18909,-1.269741739279546,-0.008298802814695066
18910,-1.2697417392797472,-0.008298802814695066
18911,-1.269741739279869,-0.008298802814695066
18912,-1.2697417392806132,-0.008298802814695066
18913,-1.2697417392807426,-0.008298802814695066
18914,-1.2697417392813652,-0.008298802814695066
18915,-1.2697417392816317,-0.008298802814695066
18916,-1.2697417392818613,-0.008298802814695066
18917,-1.2697417392825845,-0.008298802814695066
18918,-1.2697417392829924,-0.008298802814695066
18919,-1.2697417392832306,-0.008298802814695066
18920,-1.2697417392834323,-0.008298802814695066
18921,-1.2697417392844979,-0.008298802814695066
18922,-1.2697417392857118,-0.008298802814695066
18923,-1.2697417392861388,-0.008298802814695066
18924,-1.2697417392869281,-0.008298802814695066
18925,-1.2697417392872155,-0.008298802814695066
18926,-1.2697417392877262,-0.008298802814695066
18927,-1.2697417392878612,-0.008298802814695066
18928,-1.2697417392878814,-0.008298802814695066
18929,-1.269741739289167,-0.008298802814695066
18930,-1.2697417392891817,-0.008298802814695066
18931,-1.2697417392892085,-0.008298802814695066
18932,-1.2697417392898251,-0.008298802814695066
18933,-1.269741739289923,-0.008298802814695066
18934,-1.2697417392906307,-0.008298802814695066
18935,-1.2697417392906691,-0.008298802814695066
18936,-1.2697417392919341,-0.008298802814695066
18937,-1.2697417392919768,-0.008298802814695066
18938,-1.2697417392923331,-0.008298802814695066
18939,-1.2697417392936332,-0.008298802814695066
18940,-1.2697417392936603,-0.008298802814695066
18941,-1.2697417392943369,-0.008298802814695066
18942,-1.2697417392947188,-0.008298802814695066
18943,-1.2697417392947388,-0.008298802814695066
18944,-1.2697417392951191,-0.008298802814695066
18945,-1.2697417392958932,-0.008298802814695066
18946,-1.2697417392959915,-0.008298802814695066
18947,-1.269741739296013,-0.008298802814695066
18948,-1.2697417392960877,-0.008298802814695066
18949,-1.2697417392961516,-0.008298802814695066
18950,-1.269741739296301,-0.008298802814695066
18951,-1.2697417392965191,-0.008298802814695066
18952,-1.2697417392968122,-0.008298802814695066
18953,-1.26974173929701,-0.008298802814695066
18954,-1.2697417392973787,-0.008298802814695066
18955,-1.2697417392975765,-0.008298802814695066
18956,-1.2697417392980772,-0.008298802814695066
18957,-1.2697417392984551,-0.008298802814695066
18958,-1.2697417392988455,-0.008298802814695066
18959,-1.2697417392991732,-0.008298802814695066
18960,-1.2697417393000108,-0.008298802814695066
18961,-1.2697417393004389,-0.008298802814695066
18962,-1.269741739300812,-0.008298802814695066
18963,-1.2697417393009072,-0.008298802814695066
18964,-1.269741739301118,-0.008298802814695066
18965,-1.2697417393016441,-0.008298802814695066
18966,-1.2697417393017048,-0.008298802814695066
18967,-1.2697417393022434,-0.008298802814695066
18968,-1.2697417393026575,-0.008298802814695066
18969,-1.2697417393027677,-0.008298802814695066
18970,-1.2697417393030137,-0.008298802814695066
18971,-1.2697417393041242,-0.008298802814695066
18972,-1.2697417393042183,-0.008298802814695066
18973,-1.2697417393050903,-0.008298802814695066
18974,-1.2697417393051045,-0.008298802814695066
18975,-1.2697417393054038,-0.008298802814695066
18976,-1.2697417393061723,-0.008298802814695066
18977,-1.269741739306193,-0.008298802814695066
18978,-1.2697417393067687,-0.008298802814695066
18979,-1.2697417393069699,-0.008298802814695066
18980,-1.2697417393076504,-0.008298802814695066
18981,-1.2697417393076829,-0.008298802814695066
18982,-1.2697417393077097,-0.008298802814695066
18983,-1.2697417393078103,-0.008298802814695066
18984,-1.2697417393080896,-0.008298802814695066
18985,-1.2697417393081416,-0.008298802814695066
18986,-1.269741739308545,-0.008298802814695066
18987,-1.2697417393089927,-0.008298802814695066
18988,-1.2697417393092418,-0.008298802814695066
18989,-1.2697417393101635,-0.008298802814695066
18990,-1.2697417393106711,-0.008298802814695066
18991,-1.2697417393107768,-0.008298802814695066
18992,-1.269741739311208,-0.008298802814695066
18993,-1.2697417393116381,-0.008298802814695066
18994,-1.2697417393121984,-0.008298802814695066
18995,-1.269741739312984,-0.008298802814695066
18996,-1.269741739313914,-0.008298802814695066
18997,-1.2697417393139772,-0.008298802814695066
18998,-1.269741739314044,-0.008298802814695066
18999,-1.2697417393143584,-0.008298802814695066
19000,-1.2697417393144108,-0.008298802814695066
19001,-1.2697417393146884,-0.008298802814695066
19002,-1.2697417393168429,-0.008298802814695066
19003,-1.2697417393169024,-0.008298802814695066
19004,-1.2697417393170554,-0.008298802814695066
19005,-1.2697417393171953,-0.008298802814695066
19006,-1.2697417393173247,-0.008298802814695066
19007,-1.2697417393173804,-0.008298802814695066
19008,-1.2697417393174832,-0.008298802814695066
19009,-1.2697417393177681,-0.008298802814695066
19010,-1.2697417393182522,-0.008298802814695066
19011,-1.2697417393184114,-0.008298802814695066
19012,-1.269741739318498,-0.008298802814695066
19013,-1.2697417393190753,-0.008298802814695066
19014,-1.2697417393197064,-0.008298802814695066
19015,-1.2697417393197319,-0.008298802814695066
19016,-1.2697417393199213,-0.008298802814695066
19017,-1.2697417393202677,-0.008298802814695066
19018,-1.2697417393203632,-0.008298802814695066
19019,-1.2697417393205521,-0.008298802814695066
19020,-1.2697417393207686,-0.008298802814695066
19021,-1.2697417393208534,-0.008298802814695066
19022,-1.2697417393217352,-0.008298802814695066
19023,-1.2697417393218076,-0.008298802814695066
19024,-1.269741739322082,-0.008298802814695066
19025,-1.2697417393222863,-0.008298802814695066
19026,-1.2697417393223707,-0.008298802814695066
19027,-1.2697417393225297,-0.008298802814695066
19028,-1.2697417393227932,-0.008298802814695066
19029,-1.2697417393232155,-0.008298802814695066
19030,-1.269741739323223,-0.008298802814695066
19031,-1.2697417393235828,-0.008298802814695066
19032,-1.2697417393244341,-0.008298802814695066
19033,-1.2697417393246972,-0.008298802814695066
19034,-1.269741739325254,-0.008298802814695066
19035,-1.269741739325878,-0.008298802814695066
19036,-1.2697417393262438,-0.008298802814695066
19037,-1.2697417393262445,-0.008298802814695066
19038,-1.2697417393266495,-0.008298802814695066
19039,-1.26974173932665,-0.008298802814695066
19040,-1.2697417393267842,-0.008298802814695066
19041,-1.2697417393274237,-0.008298802814695066
19042,-1.269741739327711,-0.008298802814695066
19043,-1.2697417393280066,-0.008298802814695066
19044,-1.2697417393289911,-0.008298802814695066
19045,-1.2697417393293622,-0.008298802814695066
19046,-1.2697417393297696,-0.008298802814695066
19047,-1.2697417393300856,-0.008298802814695066
19048,-1.2697417393300903,-0.008298802814695066
19049,-1.2697417393303136,-0.008298802814695066
19050,-1.2697417393304142,-0.008298802814695066
19051,-1.2697417393304367,-0.008298802814695066
19052,-1.2697417393306147,-0.008298802814695066
19053,-1.269741739330886,-0.008298802814695066
19054,-1.2697417393309556,-0.008298802814695066
19055,-1.2697417393309782,-0.008298802814695066
19056,-1.2697417393314194,-0.008298802814695066
19057,-1.2697417393314285,-0.008298802814695066
19058,-1.2697417393318893,-0.008298802814695066
19059,-1.2697417393320147,-0.008298802814695066
19060,-1.269741739332118,-0.008298802814695066
19061,-1.2697417393324844,-0.008298802814695066
19062,-1.2697417393326509,-0.008298802814695066
19063,-1.2697417393331811,-0.008298802814695066
19064,-1.2697417393333228,-0.008298802814695066
19065,-1.2697417393337538,-0.008298802814695066
19066,-1.269741739333944,-0.008298802814695066
19067,-1.2697417393339858,-0.008298802814695066
19068,-1.2697417393344734,-0.008298802814695066
19069,-1.2697417393345107,-0.008298802814695066
19070,-1.2697417393352122,-0.008298802814695066
19071,-1.269741739335367,-0.008298802814695066
19072,-1.2697417393355475,-0.008298802814695066
19073,-1.2697417393358006,-0.008298802814695066
19074,-1.269741739335807,-0.008298802814695066
19075,-1.2697417393362749,-0.008298802814695066
19076,-1.2697417393369685,-0.008298802814695066
19077,-1.2697417393387571,-0.008298802814695066
19078,-1.269741739338941,-0.008298802814695066
19079,-1.2697417393391464,-0.008298802814695066
19080,-1.2697417393394512,-0.008298802814695066
19081,-1.269741739340084,-0.008298802814695066
19082,-1.2697417393402044,-0.008298802814695066
19083,-1.2697417393402053,-0.008298802814695066
19084,-1.2697417393402441,-0.008298802814695066
19085,-1.2697417393407497,-0.008298802814695066
19086,-1.2697417393408947,-0.008298802814695066
19087,-1.2697417393409638,-0.008298802814695066
19088,-1.2697417393411576,-0.008298802814695066
19089,-1.269741739341367,-0.008298802814695066
19090,-1.2697417393414043,-0.008298802814695066
19091,-1.269741739341424,-0.008298802814695066
19092,-1.2697417393414465,-0.008298802814695066
19093,-1.2697417393420807,-0.008298802814695066
19094,-1.2697417393421615,-0.008298802814695066
19095,-1.2697417393423898,-0.008298802814695066
19096,-1.2697417393425354,-0.008298802814695066
19097,-1.26974173934271,-0.008298802814695066
19098,-1.2697417393427337,-0.008298802814695066
19099,-1.2697417393427777,-0.008298802814695066
19100,-1.2697417393432993,-0.008298802814695066
19101,-1.2697417393434103,-0.008298802814695066
19102,-1.2697417393438164,-0.008298802814695066
19103,-1.269741739343941,-0.008298802814695066
19104,-1.2697417393440438,-0.008298802814695066
19105,-1.269741739344244,-0.008298802814695066
19106,-1.2697417393442603,-0.008298802814695066
19107,-1.2697417393444588,-0.008298802814695066
19108,-1.2697417393451533,-0.008298802814695066
19109,-1.2697417393454986,-0.008298802814695066
19110,-1.2697417393455368,-0.008298802814695066
19111,-1.2697417393456862,-0.008298802814695066
19112,-1.269741739345852,-0.008298802814695066
19113,-1.2697417393468173,-0.008298802814695066
19114,-1.2697417393468542,-0.008298802814695066
19115,-1.2697417393468877,-0.008298802814695066
19116,-1.269741739346944,-0.008298802814695066
19117,-1.2697417393469812,-0.008298802814695066
19118,-1.2697417393471766,-0.008298802814695066
19119,-1.2697417393472534,-0.008298802814695066
19120,-1.2697417393474457,-0.008298802814695066
19121,-1.2697417393475687,-0.008298802814695066
19122,-1.2697417393476236,-0.008298802814695066
19123,-1.26974173934823,-0.008298802814695066
19124,-1.2697417393483408,-0.008298802814695066
19125,-1.2697417393485466,-0.008298802814695066
19126,-1.2697417393497092,-0.008298802814695066
19127,-1.2697417393500543,-0.008298802814695066
19128,-1.2697417393504176,-0.008298802814695066
19129,-1.2697417393510657,-0.008298802814695066
19130,-1.2697417393510806,-0.008298802814695066
19131,-1.269741739351219,-0.008298802814695066
19132,-1.2697417393512707,-0.008298802814695066
19133,-1.2697417393514123,-0.008298802814695066
19134,-1.2697417393518362,-0.008298802814695066
19135,-1.2697417393518753,-0.008298802814695066
19136,-1.2697417393522181,-0.008298802814695066
19137,-1.269741739352268,-0.008298802814695066
19138,-1.2697417393523533,-0.008298802814695066
19139,-1.2697417393523747,-0.008298802814695066
19140,-1.2697417393527313,-0.008298802814695066
19141,-1.2697417393530788,-0.008298802814695066
19142,-1.2697417393536021,-0.008298802814695066
19143,-1.2697417393537935,-0.008298802814695066
19144,-1.2697417393541026,-0.008298802814695066
19145,-1.2697417393543295,-0.008298802814695066
19146,-1.2697417393548716,-0.008298802814695066
19147,-1.2697417393552741,-0.008298802814695066
19148,-1.2697417393554382,-0.008298802814695066
19149,-1.269741739355679,-0.008298802814695066
19150,-1.2697417393559558,-0.008298802814695066
19151,-1.269741739356344,-0.008298802814695066
19152,-1.2697417393565682,-0.008298802814695066
19153,-1.2697417393567227,-0.008298802814695066
19154,-1.269741739357014,-0.008298802814695066
19155,-1.269741739357323,-0.008298802814695066
19156,-1.2697417393574169,-0.008298802814695066
19157,-1.2697417393575177,-0.008298802814695066
19158,-1.269741739358008,-0.008298802814695066
19159,-1.2697417393581532,-0.008298802814695066
19160,-1.2697417393585362,-0.008298802814695066
19161,-1.2697417393586863,-0.008298802814695066
19162,-1.2697417393588228,-0.008298802814695066
19163,-1.2697417393590662,-0.008298802814695066
19164,-1.2697417393591466,-0.008298802814695066
19165,-1.2697417393594566,-0.008298802814695066
19166,-1.269741739359564,-0.008298802814695066
19167,-1.2697417393597565,-0.008298802814695066
19168,-1.2697417393600248,-0.008298802814695066
19169,-1.2697417393602952,-0.008298802814695066
19170,-1.2697417393603827,-0.008298802814695066
19171,-1.2697417393604036,-0.008298802814695066
19172,-1.2697417393604176,-0.008298802814695066
19173,-1.2697417393605912,-0.008298802814695066
19174,-1.2697417393608608,-0.008298802814695066
19175,-1.2697417393609653,-0.008298802814695066
19176,-1.2697417393612114,-0.008298802814695066
19177,-1.2697417393616761,-0.008298802814695066
19178,-1.2697417393617623,-0.008298802814695066
19179,-1.2697417393619996,-0.008298802814695066
19180,-1.2697417393620474,-0.008298802814695066
19181,-1.2697417393620982,-0.008298802814695066
19182,-1.2697417393622945,-0.008298802814695066
19183,-1.269741739362343,-0.008298802814695066
19184,-1.2697417393626818,-0.008298802814695066
19185,-1.2697417393627557,-0.008298802814695066
19186,-1.2697417393628232,-0.008298802814695066
19187,-1.2697417393629804,-0.008298802814695066
19188,-1.2697417393637014,-0.008298802814695066
19189,-1.2697417393638333,-0.008298802814695066
19190,-1.269741739364276,-0.008298802814695066
19191,-1.2697417393648451,-0.008298802814695066
19192,-1.2697417393656274,-0.008298802814695066
19193,-1.2697417393657298,-0.008298802814695066
19194,-1.2697417393658632,-0.008298802814695066
19195,-1.2697417393664927,-0.008298802814695066
19196,-1.269741739366775,-0.008298802814695066
19197,-1.2697417393672996,-0.008298802814695066
19198,-1.269741739368556,-0.008298802814695066
19199,-1.2697417393685915,-0.008298802814695066
19200,-1.2697417393688688,-0.008298802814695066
19201,-1.2697417393688974,-0.008298802814695066
19202,-1.2697417393691428,-0.008298802814695066
19203,-1.2697417393691581,-0.008298802814695066
19204,-1.2697417393693118,-0.008298802814695066
19205,-1.2697417393697465,-0.008298802814695066
19206,-1.2697417393700408,-0.008298802814695066
19207,-1.2697417393706114,-0.008298802814695066
19208,-1.2697417393706905,-0.008298802814695066
19209,-1.269741739370808,-0.008298802814695066
19210,-1.2697417393709576,-0.008298802814695066
19211,-1.269741739371012,-0.008298802814695066
19212,-1.269741739372157,-0.008298802814695066
19213,-1.2697417393723993,-0.008298802814695066
19214,-1.2697417393729156,-0.008298802814695066
19215,-1.26974173937298,-0.008298802814695066
19216,-1.2697417393730033,-0.008298802814695066
19217,-1.2697417393730324,-0.008298802814695066
19218,-1.2697417393735888,-0.008298802814695066
19219,-1.2697417393736148,-0.008298802814695066
19220,-1.2697417393739245,-0.008298802814695066
19221,-1.269741739374191,-0.008298802814695066
19222,-1.269741739374611,-0.008298802814695066
19223,-1.269741739374791,-0.008298802814695066
19224,-1.2697417393748567,-0.008298802814695066
19225,-1.2697417393749877,-0.008298802814695066
19226,-1.2697417393750352,-0.008298802814695066
19227,-1.2697417393761867,-0.008298802814695066
19228,-1.2697417393762656,-0.008298802814695066
19229,-1.2697417393765893,-0.008298802814695066
19230,-1.2697417393766832,-0.008298802814695066
19231,-1.26974173937676,-0.008298802814695066
19232,-1.2697417393768133,-0.008298802814695066
19233,-1.269741739376967,-0.008298802814695066
19234,-1.2697417393769856,-0.008298802814695066
19235,-1.2697417393771144,-0.008298802814695066
19236,-1.2697417393771173,-0.008298802814695066
19237,-1.2697417393771224,-0.008298802814695066
19238,-1.2697417393773827,-0.008298802814695066
19239,-1.2697417393779464,-0.008298802814695066
19240,-1.2697417393779888,-0.008298802814695066
19241,-1.2697417393781958,-0.008298802814695066
19242,-1.2697417393782902,-0.008298802814695066
19243,-1.2697417393785142,-0.008298802814695066
19244,-1.2697417393786588,-0.008298802814695066
19245,-1.2697417393788448,-0.008298802814695066
19246,-1.2697417393790604,-0.008298802814695066
19247,-1.2697417393790837,-0.008298802814695066
19248,-1.2697417393793884,-0.008298802814695066
19249,-1.2697417393800081,-0.008298802814695066
19250,-1.269741739380192,-0.008298802814695066
19251,-1.269741739380416,-0.008298802814695066
19252,-1.2697417393820531,-0.008298802814695066
19253,-1.2697417393823898,-0.008298802814695066
19254,-1.2697417393825337,-0.008298802814695066
19255,-1.269741739382669,-0.008298802814695066
19256,-1.2697417393826762,-0.008298802814695066
19257,-1.269741739382726,-0.008298802814695066
19258,-1.2697417393828572,-0.008298802814695066
19259,-1.2697417393831203,-0.008298802814695066
19260,-1.2697417393833945,-0.008298802814695066
19261,-1.2697417393834907,-0.008298802814695066
19262,-1.2697417393836576,-0.008298802814695066
19263,-1.2697417393840018,-0.008298802814695066
19264,-1.2697417393842456,-0.008298802814695066
19265,-1.2697417393843597,-0.008298802814695066
19266,-1.2697417393844892,-0.008298802814695066
19267,-1.2697417393845771,-0.008298802814695066
19268,-1.269741739384881,-0.008298802814695066
19269,-1.2697417393856778,-0.008298802814695066
19270,-1.2697417393857897,-0.008298802814695066
19271,-1.269741739385872,-0.008298802814695066
19272,-1.2697417393860608,-0.008298802814695066
19273,-1.2697417393864145,-0.008298802814695066
19274,-1.2697417393864927,-0.008298802814695066
19275,-1.2697417393865225,-0.008298802814695066
19276,-1.2697417393868375,-0.008298802814695066
19277,-1.2697417393870944,-0.008298802814695066
19278,-1.2697417393872021,-0.008298802814695066
19279,-1.2697417393872952,-0.008298802814695066
19280,-1.2697417393873138,-0.008298802814695066
19281,-1.2697417393874113,-0.008298802814695066
19282,-1.269741739387428,-0.008298802814695066
19283,-1.2697417393876198,-0.008298802814695066
19284,-1.2697417393876629,-0.008298802814695066
19285,-1.269741739387884,-0.008298802814695066
19286,-1.2697417393881025,-0.008298802814695066
19287,-1.2697417393881663,-0.008298802814695066
19288,-1.2697417393885644,-0.008298802814695066
19289,-1.269741739388731,-0.008298802814695066
19290,-1.269741739388865,-0.008298802814695066
19291,-1.2697417393889574,-0.008298802814695066
19292,-1.269741739389692,-0.008298802814695066
19293,-1.269741739389777,-0.008298802814695066
19294,-1.2697417393904955,-0.008298802814695066
19295,-1.2697417393908526,-0.008298802814695066
19296,-1.2697417393909427,-0.008298802814695066
19297,-1.2697417393912542,-0.008298802814695066
19298,-1.2697417393912862,-0.008298802814695066
19299,-1.2697417393913721,-0.008298802814695066
19300,-1.2697417393914034,-0.008298802814695066
19301,-1.269741739391462,-0.008298802814695066
19302,-1.2697417393915573,-0.008298802814695066
19303,-1.2697417393918635,-0.008298802814695066
19304,-1.269741739392473,-0.008298802814695066
19305,-1.2697417393926271,-0.008298802814695066
19306,-1.2697417393927215,-0.008298802814695066
19307,-1.2697417393929478,-0.008298802814695066
19308,-1.2697417393930834,-0.008298802814695066
19309,-1.2697417393935062,-0.008298802814695066
19310,-1.2697417393936483,-0.008298802814695066
19311,-1.2697417393938195,-0.008298802814695066
19312,-1.2697417393941288,-0.008298802814695066
19313,-1.2697417393946837,-0.008298802814695066
19314,-1.2697417393947028,-0.008298802814695066
19315,-1.2697417393947033,-0.008298802814695066
19316,-1.269741739394755,-0.008298802814695066
19317,-1.2697417393948294,-0.008298802814695066
19318,-1.2697417393950803,-0.008298802814695066
19319,-1.2697417393950918,-0.008298802814695066
19320,-1.2697417393952264,-0.008298802814695066
19321,-1.2697417393960742,-0.008298802814695066
19322,-1.2697417393961603,-0.008298802814695066
19323,-1.2697417393962562,-0.008298802814695066
19324,-1.2697417393962662,-0.008298802814695066
19325,-1.2697417393962815,-0.008298802814695066
19326,-1.2697417393962886,-0.008298802814695066
19327,-1.2697417393963317,-0.008298802814695066
19328,-1.2697417393963852,-0.008298802814695066
19329,-1.2697417393964239,-0.008298802814695066
19330,-1.2697417393970118,-0.008298802814695066
19331,-1.2697417393970787,-0.008298802814695066
19332,-1.2697417393973267,-0.008298802814695066
19333,-1.2697417393973498,-0.008298802814695066
19334,-1.2697417393974906,-0.008298802814695066
19335,-1.2697417393977515,-0.008298802814695066
19336,-1.2697417393991,-0.008298802814695066
19337,-1.2697417393991188,-0.008298802814695066
19338,-1.2697417393997137,-0.008298802814695066
19339,-1.2697417393999362,-0.008298802814695066
19340,-1.2697417394000918,-0.008298802814695066
19341,-1.2697417394002515,-0.008298802814695066
19342,-1.2697417394002928,-0.008298802814695066
19343,-1.269741739400327,-0.008298802814695066
19344,-1.2697417394006192,-0.008298802814695066
19345,-1.2697417394008246,-0.008298802814695066
19346,-1.2697417394008943,-0.008298802814695066
19347,-1.269741739401035,-0.008298802814695066
19348,-1.2697417394012547,-0.008298802814695066
19349,-1.2697417394015251,-0.008298802814695066
19350,-1.2697417394017096,-0.008298802814695066
19351,-1.269741739401977,-0.008298802814695066
19352,-1.2697417394020099,-0.008298802814695066
19353,-1.269741739402362,-0.008298802814695066
19354,-1.2697417394027632,-0.008298802814695066
19355,-1.2697417394029291,-0.008298802814695066
19356,-1.2697417394030213,-0.008298802814695066
19357,-1.2697417394030928,-0.008298802814695066
19358,-1.2697417394044301,-0.008298802814695066
19359,-1.2697417394044872,-0.008298802814695066
19360,-1.2697417394047519,-0.008298802814695066
19361,-1.2697417394047927,-0.008298802814695066
19362,-1.2697417394052906,-0.008298802814695066
19363,-1.2697417394053157,-0.008298802814695066
19364,-1.2697417394053407,-0.008298802814695066
19365,-1.2697417394054353,-0.008298802814695066
19366,-1.2697417394057315,-0.008298802814695066
19367,-1.2697417394058053,-0.008298802814695066
19368,-1.2697417394059092,-0.008298802814695066
19369,-1.2697417394059958,-0.008298802814695066
19370,-1.2697417394060848,-0.008298802814695066
19371,-1.2697417394061827,-0.008298802814695066
19372,-1.2697417394063355,-0.008298802814695066
19373,-1.269741739406566,-0.008298802814695066
19374,-1.2697417394066095,-0.008298802814695066
19375,-1.2697417394066388,-0.008298802814695066
19376,-1.2697417394070638,-0.008298802814695066
19377,-1.2697417394077903,-0.008298802814695066
19378,-1.269741739407854,-0.008298802814695066
19379,-1.2697417394080763,-0.008298802814695066
19380,-1.2697417394080799,-0.008298802814695066
19381,-1.26974173940825,-0.008298802814695066
19382,-1.2697417394083164,-0.008298802814695066
19383,-1.2697417394084927,-0.008298802814695066
19384,-1.269741739408696,-0.008298802814695066
19385,-1.2697417394089667,-0.008298802814695066
19386,-1.2697417394090065,-0.008298802814695066
19387,-1.2697417394090398,-0.008298802814695066
19388,-1.269741739409081,-0.008298802814695066
19389,-1.2697417394090822,-0.008298802814695066
19390,-1.2697417394096608,-0.008298802814695066
19391,-1.2697417394098471,-0.008298802814695066
19392,-1.269741739410029,-0.008298802814695066
19393,-1.269741739410113,-0.008298802814695066
19394,-1.269741739410143,-0.008298802814695066
19395,-1.2697417394102402,-0.008298802814695066
19396,-1.2697417394103792,-0.008298802814695066
19397,-1.2697417394104347,-0.008298802814695066
19398,-1.2697417394104682,-0.008298802814695066
19399,-1.2697417394110673,-0.008298802814695066
19400,-1.269741739411144,-0.008298802814695066
19401,-1.2697417394111605,-0.008298802814695066
19402,-1.269741739411543,-0.008298802814695066
19403,-1.269741739411574,-0.008298802814695066
19404,-1.2697417394119201,-0.008298802814695066
19405,-1.2697417394119557,-0.008298802814695066
19406,-1.2697417394120276,-0.008298802814695066
19407,-1.269741739412039,-0.008298802814695066
19408,-1.2697417394120578,-0.008298802814695066
19409,-1.2697417394123578,-0.008298802814695066
19410,-1.2697417394135582,-0.008298802814695066
19411,-1.2697417394138435,-0.008298802814695066
19412,-1.2697417394142996,-0.008298802814695066
19413,-1.2697417394148434,-0.008298802814695066
19414,-1.2697417394149588,-0.008298802814695066
19415,-1.2697417394151729,-0.008298802814695066
19416,-1.2697417394151762,-0.008298802814695066
19417,-1.2697417394153843,-0.008298802814695066
19418,-1.2697417394161932,-0.008298802814695066
19419,-1.2697417394164834,-0.008298802814695066
19420,-1.2697417394164945,-0.008298802814695066
19421,-1.2697417394167714,-0.008298802814695066
19422,-1.269741739416962,-0.008298802814695066
19423,-1.2697417394171506,-0.008298802814695066
19424,-1.2697417394171913,-0.008298802814695066
19425,-1.2697417394175585,-0.008298802814695066
19426,-1.2697417394175812,-0.008298802814695066
19427,-1.2697417394177402,-0.008298802814695066
19428,-1.2697417394178836,-0.008298802814695066
19429,-1.2697417394180586,-0.008298802814695066
19430,-1.2697417394181811,-0.008298802814695066
19431,-1.2697417394188428,-0.008298802814695066
19432,-1.2697417394188584,-0.008298802814695066
19433,-1.2697417394189037,-0.008298802814695066
19434,-1.2697417394192176,-0.008298802814695066
19435,-1.2697417394192458,-0.008298802814695066
19436,-1.2697417394194712,-0.008298802814695066
19437,-1.2697417394197226,-0.008298802814695066
19438,-1.2697417394198343,-0.008298802814695066
19439,-1.2697417394198989,-0.008298802814695066
19440,-1.2697417394203536,-0.008298802814695066
19441,-1.2697417394205022,-0.008298802814695066
19442,-1.2697417394207084,-0.008298802814695066
19443,-1.2697417394208492,-0.008298802814695066
19444,-1.2697417394209871,-0.008298802814695066
19445,-1.269741739421118,-0.008298802814695066
19446,-1.2697417394212198,-0.008298802814695066
19447,-1.269741739421278,-0.008298802814695066
19448,-1.2697417394213135,-0.008298802814695066
19449,-1.269741739421414,-0.008298802814695066
19450,-1.2697417394216268,-0.008298802814695066
19451,-1.2697417394220536,-0.008298802814695066
19452,-1.269741739422241,-0.008298802814695066
19453,-1.269741739422296,-0.008298802814695066
19454,-1.2697417394223889,-0.008298802814695066
19455,-1.269741739422419,-0.008298802814695066
19456,-1.2697417394224677,-0.008298802814695066
19457,-1.2697417394227208,-0.008298802814695066
19458,-1.2697417394227832,-0.008298802814695066
19459,-1.2697417394228738,-0.008298802814695066
19460,-1.2697417394230945,-0.008298802814695066
19461,-1.2697417394231096,-0.008298802814695066
19462,-1.2697417394232278,-0.008298802814695066
19463,-1.2697417394232642,-0.008298802814695066
19464,-1.269741739423431,-0.008298802814695066
19465,-1.269741739423437,-0.008298802814695066
19466,-1.2697417394236508,-0.008298802814695066
19467,-1.2697417394237274,-0.008298802814695066
19468,-1.2697417394246193,-0.008298802814695066
19469,-1.2697417394250394,-0.008298802814695066
19470,-1.2697417394250778,-0.008298802814695066
19471,-1.2697417394257466,-0.008298802814695066
19472,-1.2697417394258266,-0.008298802814695066
19473,-1.2697417394259247,-0.008298802814695066
19474,-1.2697417394260713,-0.008298802814695066
19475,-1.2697417394267183,-0.008298802814695066
19476,-1.2697417394268924,-0.008298802814695066
19477,-1.2697417394272987,-0.008298802814695066
19478,-1.2697417394277124,-0.008298802814695066
19479,-1.2697417394277448,-0.008298802814695066
19480,-1.269741739428009,-0.008298802814695066
19481,-1.2697417394281958,-0.008298802814695066
19482,-1.2697417394282886,-0.008298802814695066
19483,-1.2697417394284334,-0.008298802814695066
19484,-1.2697417394285515,-0.008298802814695066
19485,-1.2697417394286161,-0.008298802814695066
19486,-1.2697417394288184,-0.008298802814695066
19487,-1.26974173942883,-0.008298802814695066
19488,-1.2697417394290667,-0.008298802814695066
19489,-1.2697417394291743,-0.008298802814695066
19490,-1.2697417394292334,-0.008298802814695066
19491,-1.269741739429283,-0.008298802814695066
19492,-1.2697417394293908,-0.008298802814695066
19493,-1.2697417394294113,-0.008298802814695066
19494,-1.2697417394297035,-0.008298802814695066
19495,-1.2697417394299177,-0.008298802814695066
19496,-1.269741739429946,-0.008298802814695066
19497,-1.2697417394299766,-0.008298802814695066
19498,-1.2697417394300299,-0.008298802814695066
19499,-1.2697417394300772,-0.008298802814695066
19500,-1.2697417394304595,-0.008298802814695066
19501,-1.2697417394304864,-0.008298802814695066
19502,-1.2697417394305575,-0.008298802814695066
19503,-1.2697417394307915,-0.008298802814695066
19504,-1.2697417394310502,-0.008298802814695066
19505,-1.269741739431318,-0.008298802814695066
19506,-1.2697417394313797,-0.008298802814695066
19507,-1.2697417394320911,-0.008298802814695066
19508,-1.2697417394321064,-0.008298802814695066
19509,-1.2697417394324735,-0.008298802814695066
19510,-1.269741739432902,-0.008298802814695066
19511,-1.269741739432917,-0.008298802814695066
19512,-1.2697417394331034,-0.008298802814695066
19513,-1.2697417394331783,-0.008298802814695066
19514,-1.269741739433301,-0.008298802814695066
19515,-1.2697417394335813,-0.008298802814695066
19516,-1.2697417394336028,-0.008298802814695066
19517,-1.2697417394336106,-0.008298802814695066
19518,-1.2697417394338877,-0.008298802814695066
19519,-1.2697417394339594,-0.008298802814695066
19520,-1.2697417394340687,-0.008298802814695066
19521,-1.269741739434206,-0.008298802814695066
19522,-1.2697417394344104,-0.008298802814695066
19523,-1.2697417394347081,-0.008298802814695066
19524,-1.2697417394348602,-0.008298802814695066
19525,-1.2697417394349064,-0.008298802814695066
19526,-1.2697417394349184,-0.008298802814695066
19527,-1.2697417394353485,-0.008298802814695066
19528,-1.2697417394354489,-0.008298802814695066
19529,-1.2697417394355444,-0.008298802814695066
19530,-1.2697417394355968,-0.008298802814695066
19531,-1.2697417394355992,-0.008298802814695066
19532,-1.2697417394361876,-0.008298802814695066
19533,-1.2697417394363713,-0.008298802814695066
19534,-1.2697417394363946,-0.008298802814695066
19535,-1.26974173943687,-0.008298802814695066
19536,-1.2697417394371104,-0.008298802814695066
19537,-1.2697417394373933,-0.008298802814695066
19538,-1.2697417394374173,-0.008298802814695066
19539,-1.2697417394375632,-0.008298802814695066
19540,-1.2697417394375736,-0.008298802814695066
19541,-1.26974173943759,-0.008298802814695066
19542,-1.2697417394376607,-0.008298802814695066
19543,-1.2697417394380546,-0.008298802814695066
19544,-1.269741739438692,-0.008298802814695066
19545,-1.2697417394389203,-0.008298802814695066
19546,-1.269741739439008,-0.008298802814695066
19547,-1.269741739439125,-0.008298802814695066
19548,-1.269741739439216,-0.008298802814695066
19549,-1.2697417394394221,-0.008298802814695066
19550,-1.2697417394394541,-0.008298802814695066
19551,-1.2697417394394923,-0.008298802814695066
19552,-1.2697417394396135,-0.008298802814695066
19553,-1.2697417394397097,-0.008298802814695066
19554,-1.2697417394401658,-0.008298802814695066
19555,-1.2697417394402042,-0.008298802814695066
19556,-1.2697417394403234,-0.008298802814695066
19557,-1.2697417394404367,-0.008298802814695066
19558,-1.2697417394404382,-0.008298802814695066
19559,-1.2697417394404507,-0.008298802814695066
19560,-1.269741739440609,-0.008298802814695066
19561,-1.2697417394407255,-0.008298802814695066
19562,-1.2697417394407886,-0.008298802814695066
19563,-1.2697417394409007,-0.008298802814695066
19564,-1.2697417394411548,-0.008298802814695066
19565,-1.2697417394411736,-0.008298802814695066
19566,-1.2697417394413224,-0.008298802814695066
19567,-1.2697417394413781,-0.008298802814695066
19568,-1.2697417394413923,-0.008298802814695066
19569,-1.269741739441498,-0.008298802814695066
19570,-1.2697417394415746,-0.008298802814695066
19571,-1.2697417394419204,-0.008298802814695066
19572,-1.2697417394419612,-0.008298802814695066
19573,-1.2697417394420807,-0.008298802814695066
19574,-1.2697417394425412,-0.008298802814695066
19575,-1.2697417394428594,-0.008298802814695066
19576,-1.269741739442956,-0.008298802814695066
19577,-1.2697417394430328,-0.008298802814695066
19578,-1.2697417394430945,-0.008298802814695066
19579,-1.2697417394431318,-0.008298802814695066
19580,-1.2697417394431572,-0.008298802814695066
19581,-1.269741739443861,-0.008298802814695066
19582,-1.2697417394440051,-0.008298802814695066
19583,-1.2697417394440071,-0.008298802814695066
19584,-1.269741739444111,-0.008298802814695066
19585,-1.2697417394445574,-0.008298802814695066
19586,-1.2697417394447374,-0.008298802814695066
19587,-1.2697417394450161,-0.008298802814695066
19588,-1.2697417394450228,-0.008298802814695066
19589,-1.2697417394450667,-0.008298802814695066
19590,-1.2697417394451473,-0.008298802814695066
19591,-1.2697417394451869,-0.008298802814695066
19592,-1.2697417394454216,-0.008298802814695066
19593,-1.2697417394455244,-0.008298802814695066
19594,-1.2697417394455672,-0.008298802814695066
19595,-1.2697417394457,-0.008298802814695066
19596,-1.2697417394457482,-0.008298802814695066
19597,-1.2697417394458583,-0.008298802814695066
19598,-1.269741739445882,-0.008298802814695066
19599,-1.2697417394459516,-0.008298802814695066
19600,-1.269741739446206,-0.008298802814695066
19601,-1.269741739446245,-0.008298802814695066
19602,-1.2697417394465158,-0.008298802814695066
19603,-1.2697417394465556,-0.008298802814695066
19604,-1.2697417394465607,-0.008298802814695066
19605,-1.2697417394470625,-0.008298802814695066
19606,-1.2697417394470722,-0.008298802814695066
19607,-1.2697417394470996,-0.008298802814695066
19608,-1.2697417394471069,-0.008298802814695066
19609,-1.2697417394474597,-0.008298802814695066
19610,-1.2697417394474793,-0.008298802814695066
19611,-1.2697417394475952,-0.008298802814695066
19612,-1.2697417394476724,-0.008298802814695066
19613,-1.2697417394477992,-0.008298802814695066
19614,-1.2697417394478183,-0.008298802814695066
19615,-1.2697417394479356,-0.008298802814695066
19616,-1.269741739448015,-0.008298802814695066
19617,-1.2697417394481743,-0.008298802814695066
19618,-1.269741739448239,-0.008298802814695066
19619,-1.2697417394482697,-0.008298802814695066
19620,-1.269741739448276,-0.008298802814695066
19621,-1.2697417394484043,-0.008298802814695066
19622,-1.2697417394486439,-0.008298802814695066
19623,-1.269741739448916,-0.008298802814695066
19624,-1.2697417394493606,-0.008298802814695066
19625,-1.2697417394494832,-0.008298802814695066
19626,-1.269741739449672,-0.008298802814695066
19627,-1.2697417394496828,-0.008298802814695066
19628,-1.269741739449983,-0.008298802814695066
19629,-1.2697417394504833,-0.008298802814695066
19630,-1.2697417394505321,-0.008298802814695066
19631,-1.2697417394505517,-0.008298802814695066
19632,-1.269741739450556,-0.008298802814695066
19633,-1.2697417394506356,-0.008298802814695066
19634,-1.2697417394507358,-0.008298802814695066
19635,-1.269741739451065,-0.008298802814695066
19636,-1.269741739451347,-0.008298802814695066
19637,-1.2697417394515307,-0.008298802814695066
19638,-1.2697417394518515,-0.008298802814695066
19639,-1.269741739452004,-0.008298802814695066
19640,-1.2697417394520465,-0.008298802814695066
19641,-1.2697417394521877,-0.008298802814695066
19642,-1.2697417394523098,-0.008298802814695066
19643,-1.2697417394523418,-0.008298802814695066
19644,-1.2697417394523836,-0.008298802814695066
19645,-1.2697417394526518,-0.008298802814695066
19646,-1.2697417394530384,-0.008298802814695066
19647,-1.2697417394531056,-0.008298802814695066
19648,-1.2697417394531902,-0.008298802814695066
19649,-1.2697417394532478,-0.008298802814695066
19650,-1.2697417394535224,-0.008298802814695066
19651,-1.2697417394537065,-0.008298802814695066
19652,-1.2697417394537784,-0.008298802814695066
19653,-1.2697417394545636,-0.008298802814695066
19654,-1.2697417394548036,-0.008298802814695066
19655,-1.26974173945492,-0.008298802814695066
19656,-1.2697417394552044,-0.008298802814695066
19657,-1.2697417394553687,-0.008298802814695066
19658,-1.2697417394555581,-0.008298802814695066
19659,-1.2697417394558466,-0.008298802814695066
19660,-1.2697417394559642,-0.008298802814695066
19661,-1.2697417394560861,-0.008298802814695066
19662,-1.2697417394566497,-0.008298802814695066
19663,-1.2697417394566797,-0.008298802814695066
19664,-1.269741739456872,-0.008298802814695066
19665,-1.2697417394569337,-0.008298802814695066
19666,-1.269741739456998,-0.008298802814695066
19667,-1.2697417394570714,-0.008298802814695066
19668,-1.2697417394574588,-0.008298802814695066
19669,-1.2697417394576043,-0.008298802814695066
19670,-1.2697417394579869,-0.008298802814695066
19671,-1.269741739458038,-0.008298802814695066
19672,-1.2697417394580872,-0.008298802814695066
19673,-1.2697417394581554,-0.008298802814695066
19674,-1.2697417394582424,-0.008298802814695066
19675,-1.269741739458272,-0.008298802814695066
19676,-1.2697417394585944,-0.008298802814695066
19677,-1.2697417394587067,-0.008298802814695066
19678,-1.269741739459435,-0.008298802814695066
19679,-1.269741739459481,-0.008298802814695066
19680,-1.2697417394597397,-0.008298802814695066
19681,-1.269741739459878,-0.008298802814695066
19682,-1.2697417394600585,-0.008298802814695066
19683,-1.2697417394600619,-0.008298802814695066
19684,-1.2697417394601278,-0.008298802814695066
19685,-1.2697417394605024,-0.008298802814695066
19686,-1.2697417394607156,-0.008298802814695066
19687,-1.2697417394607315,-0.008298802814695066
19688,-1.2697417394609316,-0.008298802814695066
19689,-1.2697417394609927,-0.008298802814695066
19690,-1.2697417394610124,-0.008298802814695066
19691,-1.269741739461113,-0.008298802814695066
19692,-1.269741739461198,-0.008298802814695066
19693,-1.2697417394614,-0.008298802814695066
19694,-1.269741739461451,-0.008298802814695066
19695,-1.269741739461502,-0.008298802814695066
19696,-1.2697417394616117,-0.008298802814695066
19697,-1.2697417394620838,-0.008298802814695066
19698,-1.2697417394621908,-0.008298802814695066
19699,-1.2697417394622008,-0.008298802814695066
19700,-1.2697417394622923,-0.008298802814695066
19701,-1.2697417394624397,-0.008298802814695066
19702,-1.2697417394624502,-0.008298802814695066
19703,-1.269741739462546,-0.008298802814695066
19704,-1.2697417394627373,-0.008298802814695066
19705,-1.2697417394628299,-0.008298802814695066
19706,-1.2697417394628485,-0.008298802814695066
19707,-1.2697417394628694,-0.008298802814695066
19708,-1.2697417394629444,-0.008298802814695066
19709,-1.2697417394630133,-0.008298802814695066
19710,-1.269741739463017,-0.008298802814695066
19711,-1.2697417394633452,-0.008298802814695066
19712,-1.2697417394633808,-0.008298802814695066
19713,-1.2697417394635029,-0.008298802814695066
19714,-1.269741739463774,-0.008298802814695066
19715,-1.2697417394638684,-0.008298802814695066
19716,-1.2697417394638892,-0.008298802814695066
19717,-1.2697417394640595,-0.008298802814695066
19718,-1.2697417394641404,-0.008298802814695066
19719,-1.2697417394641741,-0.008298802814695066
19720,-1.2697417394642465,-0.008298802814695066
19721,-1.2697417394643369,-0.008298802814695066
19722,-1.2697417394644255,-0.008298802814695066
19723,-1.2697417394646482,-0.008298802814695066
19724,-1.2697417394648893,-0.008298802814695066
19725,-1.2697417394649007,-0.008298802814695066
19726,-1.2697417394649857,-0.008298802814695066
19727,-1.2697417394651507,-0.008298802814695066
19728,-1.2697417394652242,-0.008298802814695066
19729,-1.2697417394655077,-0.008298802814695066
19730,-1.2697417394657053,-0.008298802814695066
19731,-1.2697417394657893,-0.008298802814695066
19732,-1.2697417394658232,-0.008298802814695066
19733,-1.269741739465915,-0.008298802814695066
19734,-1.2697417394661819,-0.008298802814695066
19735,-1.2697417394662247,-0.008298802814695066
19736,-1.2697417394663726,-0.008298802814695066
19737,-1.269741739466484,-0.008298802814695066
19738,-1.2697417394666541,-0.008298802814695066
19739,-1.269741739466691,-0.008298802814695066
19740,-1.269741739466733,-0.008298802814695066
19741,-1.269741739467066,-0.008298802814695066
19742,-1.2697417394670962,-0.008298802814695066
19743,-1.2697417394671806,-0.008298802814695066
19744,-1.2697417394675572,-0.008298802814695066
19745,-1.2697417394675599,-0.008298802814695066
19746,-1.2697417394679458,-0.008298802814695066
19747,-1.269741739467979,-0.008298802814695066
19748,-1.2697417394683266,-0.008298802814695066
19749,-1.2697417394683939,-0.008298802814695066
19750,-1.269741739468588,-0.008298802814695066
19751,-1.269741739468778,-0.008298802814695066
19752,-1.269741739469015,-0.008298802814695066
19753,-1.2697417394690835,-0.008298802814695066
19754,-1.2697417394691763,-0.008298802814695066
19755,-1.2697417394693726,-0.008298802814695066
19756,-1.2697417394693868,-0.008298802814695066
19757,-1.2697417394694746,-0.008298802814695066
19758,-1.2697417394695063,-0.008298802814695066
19759,-1.2697417394695605,-0.008298802814695066
19760,-1.2697417394695618,-0.008298802814695066
19761,-1.2697417394696253,-0.008298802814695066
19762,-1.2697417394698136,-0.008298802814695066
19763,-1.2697417394699306,-0.008298802814695066
19764,-1.269741739470009,-0.008298802814695066
19765,-1.2697417394700243,-0.008298802814695066
19766,-1.2697417394700339,-0.008298802814695066
19767,-1.2697417394702069,-0.008298802814695066
19768,-1.269741739470255,-0.008298802814695066
19769,-1.2697417394703652,-0.008298802814695066
19770,-1.2697417394704176,-0.008298802814695066
19771,-1.2697417394705246,-0.008298802814695066
19772,-1.2697417394705346,-0.008298802814695066
19773,-1.2697417394705504,-0.008298802814695066
19774,-1.2697417394705792,-0.008298802814695066
19775,-1.2697417394706636,-0.008298802814695066
19776,-1.2697417394713502,-0.008298802814695066
19777,-1.2697417394715274,-0.008298802814695066
19778,-1.2697417394715602,-0.008298802814695066
19779,-1.2697417394715853,-0.008298802814695066
19780,-1.269741739471612,-0.008298802814695066
19781,-1.2697417394717807,-0.008298802814695066
19782,-1.2697417394720396,-0.008298802814695066
19783,-1.2697417394721402,-0.008298802814695066
19784,-1.269741739472233,-0.008298802814695066
19785,-1.269741739472358,-0.008298802814695066
19786,-1.2697417394723631,-0.008298802814695066
19787,-1.2697417394723889,-0.008298802814695066
19788,-1.2697417394724,-0.008298802814695066
19789,-1.2697417394724049,-0.008298802814695066
19790,-1.2697417394725348,-0.008298802814695066
19791,-1.2697417394725585,-0.008298802814695066
19792,-1.2697417394726354,-0.008298802814695066
19793,-1.269741739472638,-0.008298802814695066
19794,-1.2697417394726949,-0.008298802814695066
19795,-1.2697417394727806,-0.008298802814695066
19796,-1.2697417394727823,-0.008298802814695066
19797,-1.2697417394730035,-0.008298802814695066
19798,-1.2697417394733141,-0.008298802814695066
19799,-1.2697417394735788,-0.008298802814695066
19800,-1.269741739473698,-0.008298802814695066
19801,-1.2697417394737094,-0.008298802814695066
19802,-1.2697417394739263,-0.008298802814695066
19803,-1.269741739474048,-0.008298802814695066
19804,-1.2697417394742554,-0.00836824967051658
19805,-1.2697417394742554,-0.008438868645864595
19806,-1.2697417394742838,-0.008298802814695066
19807,-1.2697417394743624,-0.008298802814695066
19808,-1.269741739474445,-0.008298802814695066
19809,-1.2697417394746113,-0.008298802814695066
19810,-1.2697417394746604,-0.008298802814695066
19811,-1.2697417394748203,-0.008298802814695066
19812,-1.2697417394748425,-0.008298802814695066
19813,-1.2697417394753157,-0.008298802814695066
19814,-1.2697417394753174,-0.008298802814695066
19815,-1.2697417394753205,-0.008298802814695066
19816,-1.2697417394754507,-0.008298802814695066
19817,-1.269741739475479,-0.008298802814695066
19818,-1.2697417394756276,-0.008298802814695066
19819,-1.2697417394756518,-0.008298802814695066
19820,-1.2697417394756645,-0.008298802814695066
19821,-1.2697417394757986,-0.008298802814695066
19822,-1.2697417394759483,-0.008298802814695066
19823,-1.2697417394759811,-0.008298802814695066
19824,-1.2697417394760635,-0.008298802814695066
19825,-1.2697417394761183,-0.008298802814695066
19826,-1.2697417394762178,-0.008298802814695066
19827,-1.2697417394762458,-0.008298802814695066
19828,-1.2697417394764008,-0.008298802814695066
19829,-1.2697417394764667,-0.008298802814695066
19830,-1.2697417394767556,-0.008298802814695066
19831,-1.2697417394767887,-0.008298802814695066
19832,-1.269741739476896,-0.008298802814695066
19833,-1.2697417394770552,-0.008298802814695066
19834,-1.2697417394770807,-0.008298802814695066
19835,-1.2697417394771349,-0.008298802814695066
19836,-1.2697417394772228,-0.008298802814695066
19837,-1.269741739477372,-0.008298802814695066
19838,-1.2697417394774373,-0.008298802814695066
19839,-1.2697417394775974,-0.008298802814695066
19840,-1.2697417394776815,-0.008298802814695066
19841,-1.2697417394777086,-0.008298802814695066
19842,-1.2697417394777393,-0.008298802814695066
19843,-1.2697417394777621,-0.008298802814695066
19844,-1.269741739477971,-0.008298802814695066
19845,-1.269741739478233,-0.008298802814695066
19846,-1.2697417394782884,-0.008298802814695066
19847,-1.2697417394784842,-0.008298802814695066
19848,-1.2697417394784847,-0.008298802814695066
19849,-1.269741739478511,-0.008298802814695066
19850,-1.2697417394785262,-0.008298802814695066
19851,-1.2697417394785324,-0.008298802814695066
19852,-1.2697417394785655,-0.008298802814695066
19853,-1.2697417394785693,-0.008298802814695066
19854,-1.26974173947863,-0.008298802814695066
19855,-1.2697417394787043,-0.008298802814695066
19856,-1.2697417394787256,-0.008298802814695066
19857,-1.2697417394789112,-0.008298802814695066
19858,-1.269741739479046,-0.008298802814695066
19859,-1.2697417394791146,-0.008298802814695066
19860,-1.2697417394791515,-0.008298802814695066
19861,-1.26974173947921,-0.008298802814695066
19862,-1.2697417394798558,-0.008298802814695066
19863,-1.269741739479884,-0.008298802814695066
19864,-1.2697417394799237,-0.008298802814695066
19865,-1.2697417394800612,-0.008298802814695066
19866,-1.269741739480088,-0.008298802814695066
19867,-1.2697417394801627,-0.008298802814695066
19868,-1.269741739480168,-0.008298802814695066
19869,-1.269741739480395,-0.008298802814695066
19870,-1.2697417394804285,-0.008298802814695066
19871,-1.2697417394805273,-0.008298802814695066
19872,-1.2697417394805302,-0.008298802814695066
19873,-1.2697417394805532,-0.008298802814695066
19874,-1.269741739480584,-0.008298802814695066
19875,-1.2697417394806525,-0.008298802814695066
19876,-1.2697417394807238,-0.008298802814695066
19877,-1.2697417394807435,-0.008298802814695066
19878,-1.2697417394808004,-0.008298802814695066
19879,-1.2697417394808506,-0.008298802814695066
19880,-1.2697417394808626,-0.008298802814695066
19881,-1.2697417394811157,-0.008298802814695066
19882,-1.2697417394812776,-0.008298802814695066
19883,-1.2697417394814006,-0.008298802814695066
19884,-1.269741739481674,-0.008298802814695066
19885,-1.269741739481924,-0.008298802814695066
19886,-1.2697417394819506,-0.008298802814695066
19887,-1.2697417394819661,-0.008298802814695066
19888,-1.2697417394823174,-0.008298802814695066
19889,-1.2697417394823889,-0.008298802814695066
19890,-1.2697417394823933,-0.008298802814695066
19891,-1.2697417394824444,-0.008298802814695066
19892,-1.2697417394825319,-0.008298802814695066
19893,-1.269741739482602,-0.008298802814695066
19894,-1.2697417394826036,-0.008298802814695066
19895,-1.2697417394826513,-0.008298802814695066
19896,-1.2697417394828645,-0.008298802814695066
19897,-1.2697417394829174,-0.008298802814695066
19898,-1.269741739483074,-0.008298802814695066
19899,-1.269741739483155,-0.008298802814695066
19900,-1.2697417394831712,-0.008298802814695066
19901,-1.2697417394833364,-0.008298802814695066
19902,-1.2697417394835857,-0.008298802814695066
19903,-1.2697417394836754,-0.008298802814695066
19904,-1.269741739483785,-0.008298802814695066
19905,-1.2697417394838963,-0.008298802814695066
19906,-1.2697417394840067,-0.008298802814695066
19907,-1.2697417394840225,-0.008298802814695066
19908,-1.2697417394840735,-0.008298802814695066
19909,-1.2697417394841037,-0.008298802814695066
19910,-1.2697417394844082,-0.008298802814695066
19911,-1.2697417394844668,-0.008298802814695066
19912,-1.2697417394844734,-0.008298802814695066
19913,-1.2697417394844914,-0.008298802814695066
19914,-1.2697417394845152,-0.008298802814695066
19915,-1.2697417394846036,-0.008298802814695066
19916,-1.269741739484736,-0.008298802814695066
19917,-1.2697417394848596,-0.008298802814695066
19918,-1.269741739484969,-0.008298802814695066
19919,-1.2697417394850579,-0.008298802814695066
19920,-1.2697417394851056,-0.008298802814695066
19921,-1.269741739485136,-0.008298802814695066
19922,-1.2697417394851955,-0.008298802814695066
19923,-1.2697417394854678,-0.008298802814695066
19924,-1.269741739485596,-0.008298802814695066
19925,-1.2697417394858552,-0.008298802814695066
19926,-1.2697417394859016,-0.008298802814695066
19927,-1.2697417394861479,-0.008298802814695066
19928,-1.2697417394861867,-0.008298802814695066
19929,-1.2697417394863746,-0.008298802814695066
19930,-1.2697417394864567,-0.008298802814695066
19931,-1.2697417394864905,-0.008298802814695066
19932,-1.2697417394865527,-0.008298802814695066
19933,-1.2697417394866435,-0.008298802814695066
19934,-1.2697417394866832,-0.008298802814695066
19935,-1.2697417394867183,-0.008298802814695066
19936,-1.2697417394867243,-0.008298802814695066
19937,-1.2697417394867592,-0.008298802814695066
19938,-1.2697417394869706,-0.008298802814695066
19939,-1.2697417394870676,-0.008298802814695066
19940,-1.2697417394871064,-0.008298802814695066
19941,-1.2697417394871153,-0.008298802814695066
19942,-1.2697417394871329,-0.008298802814695066
19943,-1.269741739487276,-0.008298802814695066
19944,-1.2697417394875243,-0.008298802814695066
19945,-1.2697417394875274,-0.008298802814695066
19946,-1.2697417394876995,-0.008298802814695066
19947,-1.26974173948775,-0.008298802814695066
19948,-1.2697417394878405,-0.008298802814695066
19949,-1.2697417394879889,-0.008298802814695066
19950,-1.269741739488136,-0.008298802814695066
19951,-1.2697417394881632,-0.008298802814695066
19952,-1.2697417394881778,-0.008298802814695066
19953,-1.269741739488323,-0.008298802814695066
19954,-1.2697417394883925,-0.008298802814695066
19955,-1.2697417394885233,-0.008298802814695066
19956,-1.2697417394885513,-0.008298802814695066
19957,-1.269741739488578,-0.008298802814695066
19958,-1.2697417394886197,-0.008298802814695066
19959,-1.2697417394886537,-0.008298802814695066
19960,-1.2697417394887152,-0.008298802814695066
19961,-1.2697417394887678,-0.008298802814695066
19962,-1.269741739488906,-0.008298802814695066
19963,-1.269741739488983,-0.008298802814695066
19964,-1.2697417394891444,-0.008298802814695066
19965,-1.2697417394893078,-0.008298802814695066
19966,-1.269741739489389,-0.008298802814695066
19967,-1.2697417394894726,-0.008298802814695066
19968,-1.2697417394894956,-0.008298802814695066
19969,-1.2697417394896013,-0.008298802814695066
19970,-1.2697417394897195,-0.008298802814695066
19971,-1.2697417394897397,-0.008298802814695066
19972,-1.2697417394898076,-0.008298802814695066
19973,-1.2697417394898247,-0.008298802814695066
19974,-1.2697417394898345,-0.008298802814695066
19975,-1.2697417394898574,-0.008298802814695066
19976,-1.2697417394898696,-0.008298802814695066
19977,-1.2697417394898804,-0.008298802814695066
19978,-1.2697417394899109,-0.008298802814695066
19979,-1.269741739489957,-0.008298802814695066
19980,-1.269741739490167,-0.008298802814695066
19981,-1.2697417394903612,-0.008298802814695066
19982,-1.269741739490518,-0.008298802814695066
19983,-1.2697417394906232,-0.008298802814695066
19984,-1.2697417394906783,-0.008298802814695066
19985,-1.2697417394908663,-0.008298802814695066
19986,-1.2697417394909218,-0.008298802814695066
19987,-1.2697417394909727,-0.008298802814695066
19988,-1.2697417394910382,-0.008298802814695066
19989,-1.269741739491049,-0.008298802814695066
19990,-1.2697417394911341,-0.008298802814695066
19991,-1.2697417394912356,-0.008298802814695066
19992,-1.2697417394914592,-0.008298802814695066
19993,-1.2697417394914672,-0.008298802814695066
19994,-1.2697417394915864,-0.008298802814695066
19995,-1.2697417394916086,-0.008298802814695066
19996,-1.269741739491835,-0.008298802814695066
19997,-1.269741739491867,-0.008298802814695066
19998,-1.2697417394918877,-0.008298802814695066
19999,-1.2697417394918935,-0.008298802814695066
20000,-1.2697417394919046,-0.008298802814695066
