iter,emax,log_compression
1,161309.9024030411,-0.008298802814695066
2,8454.319824988876,-0.008298802814695066
3,38.93945250107838,-0.008298802814695066
4,38.38703517586851,-0.008298802814695066
5,15.65455567690105,-0.008298802814695066
6,14.84256385812061,-0.008298802814695066
7,6.720000069780346,-0.008298802814695066
8,5.496653042088241,-0.008298802814695066
9,4.574918027620028,-0.008298802814695066
10,2.8620835805904776,-0.008298802814695066
11,1.7190761153485354,-0.008298802814695066
12,1.3997612445198182,-0.008298802814695066
13,1.3183474746908699,-0.008298802814695066
14,0.8532177357645813,-0.008298802814695066
15,0.6865971201954686,-0.008298802814695066
16,0.5251892362338202,-0.008298802814695066
17,0.3529690172298582,-0.008298802814695066
18,0.32825037073230584,-0.008298802814695066
19,0.2705508222496391,-0.008298802814695066
20,0.25834093170769784,-0.008298802814695066
21,0.12131483607094369,-0.008298802814695066
22,0.09561820575416526,-0.008298802814695066
23,0.0473648453718762,-0.008298802814695066
24,-0.001071184950190439,-0.008298802814695066
25,-0.0011732631096757068,-0.008298802814695066
26,-0.0019412606746616727,-0.008298802814695066
27,-0.0023029313212206,-0.008298802814695066
28,-0.0023521428528708722,-0.008298802814695066
29,-0.0025880029951199724,-0.008298802814695066
30,-0.002599741759440722,-0.008298802814695066
31,-0.0026790278969216837,-0.008298802814695066
32,-0.0027905418362846523,-0.008298802814695066
33,-0.0029022094235837165,-0.008298802814695066
34,-0.003035368821994847,-0.008298802814695066
35,-0.0030976443114966085,-0.008298802814695066
36,-0.003336373180349458,-0.008298802814695066
37,-0.003700607378037038,-0.008298802814695066
38,-0.003759396536624783,-0.008298802814695066
39,-0.0039773379008733985,-0.008298802814695066
40,-0.004081581514316541,-0.008298802814695066
41,-0.004798202272038045,-0.008298802814695066
42,-0.00490279947500994,-0.008298802814695066
43,-0.004948374905438431,-0.008298802814695066
44,-0.005068225985504662,-0.008298802814695066
45,-0.005124520639318408,-0.008298802814695066
46,-0.005203526015246732,-0.008298802814695066
47,-0.005225576792136626,-0.008298802814695066
48,-0.005315116281781286,-0.008298802814695066
49,-0.005419297406470729,-0.008298802814695066
50,-0.0055062765126049264,-0.008298802814695066
51,-0.005557325086551416,-0.008298802814695066
52,-0.0059591304201465104,-0.008298802814695066
53,-0.0062315782297281035,-0.008298802814695066
54,-0.006259736576905383,-0.008298802814695066
55,-0.00654292922028725,-0.008298802814695066
56,-0.0066310669740670125,-0.008298802814695066
57,-0.006722777165603638,-0.008298802814695066
58,-0.00712232586120891,-0.008298802814695066
59,-0.007275735105899225,-0.008298802814695066
60,-0.007890273011024584,-0.008298802814695066
61,-0.008064408555547353,-0.008298802814695066
62,-0.008443571224026907,-0.008298802814695066
63,-0.008543296526912629,-0.008298802814695066
64,-0.008649278592288779,-0.008298802814695066
65,-0.008682344462230434,-0.008298802814695066
66,-0.0092201737285442,-0.008298802814695066
67,-0.009305531214004277,-0.008298802814695066
68,-0.009391094416331427,-0.008298802814695066
69,-0.010058906211174874,-0.008298802814695066
70,-0.01015912063206919,-0.008298802814695066
71,-0.010465166445240969,-0.008298802814695066
72,-0.010625871064382472,-0.008298802814695066
73,-0.010904788448981642,-0.008298802814695066
74,-0.010991036899713839,-0.008298802814695066
75,-0.011069246687348093,-0.008298802814695066
76,-0.011135219387695685,-0.008298802814695066
77,-0.011804233425832244,-0.008298802814695066
78,-0.013144302528630254,-0.008298802814695066
79,-0.01347837394122137,-0.008298802814695066
80,-0.013613738336666893,-0.008298802814695066
81,-0.013784151194882303,-0.008298802814695066
82,-0.014429236862849174,-0.008298802814695066
83,-0.01527062473392356,-0.008298802814695066
84,-0.015398610639761263,-0.008298802814695066
85,-0.01543771433085649,-0.008298802814695066
86,-0.01575482544715642,-0.008298802814695066
87,-0.015823808153358078,-0.008298802814695066
88,-0.01606167995239225,-0.008298802814695066
89,-0.01631223010998732,-0.008298802814695066
90,-0.017267753085842913,-0.008298802814695066
91,-0.017831771199981004,-0.008298802814695066
92,-0.01816612111052232,-0.008298802814695066
93,-0.01817764699035902,-0.008298802814695066
94,-0.01835435102380313,-0.008298802814695066
95,-0.01894742094777626,-0.008298802814695066
96,-0.020063902220507718,-0.008298802814695066
97,-0.021832419384045527,-0.008298802814695066
98,-0.022434071485775295,-0.008298802814695066
99,-0.022477737279212005,-0.008298802814695066
100,-0.022535982571548947,-0.008298802814695066
101,-0.022815441965289125,-0.008298802814695066
102,-0.024915433336179345,-0.008298802814695066
103,-0.025492748741147434,-0.008298802814695066
104,-0.025878558716779746,-0.008298802814695066
105,-0.026209978062946507,-0.008298802814695066
106,-0.02661601651422434,-0.008298802814695066
107,-0.026899056093084135,-0.008298802814695066
108,-0.02708524266460854,-0.008298802814695066
109,-0.027293208645495025,-0.008298802814695066
110,-0.027669739427855767,-0.008298802814695066
111,-0.0281307720918206,-0.008298802814695066
112,-0.028438886329124797,-0.008298802814695066
113,-0.028562342798979106,-0.008298802814695066
114,-0.02869655312563683,-0.008298802814695066
115,-0.029245405312063964,-0.008298802814695066
116,-0.029560768540179243,-0.008298802814695066
117,-0.02990781446710709,-0.008298802814695066
118,-0.03170784918937699,-0.008298802814695066
119,-0.031883487102240364,-0.008298802814695066
120,-0.03270383424004462,-0.008298802814695066
121,-0.032723197009257965,-0.008298802814695066
122,-0.03336946901342833,-0.008298802814695066
123,-0.03346356608220834,-0.008298802814695066
124,-0.03348277412047728,-0.008298802814695066
125,-0.03385707942840403,-0.008298802814695066
126,-0.03456953090583145,-0.008298802814695066
127,-0.03463694437020595,-0.008298802814695066
128,-0.035020457956610275,-0.008298802814695066
129,-0.03638493585159827,-0.008298802814695066
130,-0.03680444821714116,-0.008298802814695066
131,-0.03682674598997338,-0.008298802814695066
132,-0.03759372282212805,-0.008298802814695066
133,-0.039248462357588804,-0.008298802814695066
134,-0.03939017114607013,-0.008298802814695066
135,-0.03954929690924592,-0.008298802814695066
136,-0.03983483525754718,-0.008298802814695066
137,-0.040256388874670625,-0.008298802814695066
138,-0.04069634696825838,-0.008298802814695066
139,-0.041869532215845835,-0.008298802814695066
140,-0.04385853800141153,-0.008298802814695066
141,-0.043987683235415236,-0.008298802814695066
142,-0.04411726738905062,-0.008298802814695066
143,-0.04459799233016376,-0.008298802814695066
144,-0.04462083484442723,-0.008298802814695066
145,-0.04517109874900976,-0.008298802814695066
146,-0.0455350438812188,-0.008298802814695066
147,-0.04591845945500968,-0.008298802814695066
148,-0.045986523586815924,-0.008298802814695066
149,-0.04602115576595381,-0.008298802814695066
150,-0.0476128352957664,-0.008298802814695066
151,-0.048375617320773466,-0.008298802814695066
152,-0.048897144155774806,-0.008298802814695066
153,-0.04910939675295499,-0.008298802814695066
154,-0.04916359562952791,-0.008298802814695066
155,-0.05018455001460951,-0.008298802814695066
156,-0.05047921730575019,-0.008298802814695066
157,-0.05106275179860165,-0.008298802814695066
158,-0.05153989664542683,-0.008298802814695066
159,-0.05165612238873718,-0.008298802814695066
160,-0.052027694441207736,-0.008298802814695066
161,-0.05347614058052823,-0.008298802814695066
162,-0.0539152877400811,-0.008298802814695066
163,-0.054474370615128546,-0.008298802814695066
164,-0.05557273121605939,-0.008298802814695066
165,-0.05597102239901704,-0.008298802814695066
166,-0.05632922754913588,-0.008298802814695066
167,-0.05761132429988731,-0.008298802814695066
168,-0.058166349198603445,-0.008298802814695066
169,-0.058167823156524245,-0.008298802814695066
170,-0.05832029742371593,-0.008298802814695066
171,-0.05918963730302614,-0.008298802814695066
172,-0.059476725922009206,-0.008298802814695066
173,-0.059499101061393944,-0.008298802814695066
174,-0.06052387588097853,-0.008298802814695066
175,-0.06138828887456931,-0.008298802814695066
176,-0.06297110980788055,-0.008298802814695066
177,-0.06349499324053419,-0.008298802814695066
178,-0.06406295134167855,-0.008298802814695066
179,-0.06436610894670483,-0.008298802814695066
180,-0.06565426819462586,-0.008298802814695066
181,-0.06584505325283792,-0.008298802814695066
182,-0.06639359129481341,-0.008298802814695066
183,-0.06679067465907451,-0.008298802814695066
184,-0.0684197761750778,-0.008298802814695066
185,-0.06850113511508242,-0.008298802814695066
186,-0.06874892949093306,-0.008298802814695066
187,-0.0689057499511081,-0.008298802814695066
188,-0.06917021281197232,-0.008298802814695066
189,-0.06936656239183778,-0.008298802814695066
190,-0.07085921066575852,-0.008298802814695066
191,-0.07149407662047726,-0.008298802814695066
192,-0.07293322203040045,-0.008298802814695066
193,-0.07306456325888783,-0.008298802814695066
194,-0.0739576223880112,-0.008298802814695066
195,-0.0745103633599336,-0.008298802814695066
196,-0.07508892513160828,-0.008298802814695066
197,-0.07558516397125371,-0.008298802814695066
198,-0.07582192656847443,-0.008298802814695066
199,-0.07681698491086406,-0.008298802814695066
200,-0.07735429530666738,-0.008298802814695066
201,-0.07752832755976721,-0.008298802814695066
202,-0.07845385810079325,-0.008298802814695066
203,-0.07959755291985605,-0.008298802814695066
204,-0.07971286325875668,-0.008298802814695066
205,-0.08099076640873774,-0.008298802814695066
206,-0.08133792739741338,-0.008298802814695066
207,-0.08195498507658858,-0.008298802814695066
208,-0.08222870789760864,-0.008298802814695066
209,-0.08319341886331733,-0.008298802814695066
210,-0.08394614747445091,-0.008298802814695066
211,-0.0841141493122389,-0.008298802814695066
212,-0.0851355882891868,-0.008298802814695066
213,-0.08519445036555764,-0.008298802814695066
214,-0.0863275264184462,-0.008298802814695066
215,-0.08638721239221117,-0.008298802814695066
216,-0.08762034900516884,-0.008298802814695066
217,-0.08773556995035604,-0.008298802814695066
218,-0.08842773646252892,-0.008298802814695066
219,-0.08861601895194722,-0.008298802814695066
220,-0.08880638087134993,-0.008298802814695066
221,-0.08935832350075232,-0.008298802814695066
222,-0.09009136052958598,-0.008298802814695066
223,-0.09129183299757945,-0.008298802814695066
224,-0.09184137552206233,-0.008298802814695066
225,-0.09274177064229064,-0.008298802814695066
226,-0.0928667966275343,-0.008298802814695066
227,-0.09382021286283976,-0.008298802814695066
228,-0.09492938691467685,-0.008298802814695066
229,-0.09525001942212043,-0.008298802814695066
230,-0.09542407521010583,-0.008298802814695066
231,-0.09567230558058269,-0.008298802814695066
232,-0.0962332562824518,-0.008298802814695066
233,-0.09656221645269149,-0.008298802814695066
234,-0.09680590403260089,-0.008298802814695066
235,-0.09680913158173429,-0.008298802814695066
236,-0.09696024919736908,-0.008298802814695066
237,-0.09721395224973103,-0.008298802814695066
238,-0.09741475141381561,-0.008298802814695066
239,-0.0977156583776573,-0.008298802814695066
240,-0.09785635001236688,-0.008298802814695066
241,-0.0981244088758822,-0.008298802814695066
242,-0.09813811385652113,-0.008298802814695066
243,-0.09830031939775238,-0.008298802814695066
244,-0.09874761463058757,-0.008298802814695066
245,-0.09878258534110342,-0.008298802814695066
246,-0.09893902463567446,-0.008298802814695066
247,-0.09910938802769508,-0.008298802814695066
248,-0.09934591415547356,-0.008298802814695066
249,-0.0996380579648661,-0.008298802814695066
250,-0.09980557346818231,-0.008298802814695066
251,-0.09992884964784413,-0.008298802814695066
252,-0.10027993325496258,-0.008298802814695066
253,-0.10043826989986221,-0.008298802814695066
254,-0.10055735496360826,-0.008298802814695066
255,-0.10093157219188766,-0.008298802814695066
256,-0.10098863683664167,-0.008298802814695066
257,-0.10145276831888188,-0.008298802814695066
258,-0.10224801296057306,-0.008298802814695066
259,-0.10231879199529693,-0.008298802814695066
260,-0.10295232161126039,-0.008298802814695066
261,-0.10337585332205101,-0.008298802814695066
262,-0.1035764773255212,-0.008298802814695066
263,-0.1037857274805842,-0.008298802814695066
264,-0.10387323353289725,-0.008298802814695066
265,-0.10410043796196734,-0.008298802814695066
266,-0.10430241070006686,-0.008298802814695066
267,-0.10447279711342429,-0.008298802814695066
268,-0.10468816308303436,-0.008298802814695066
269,-0.10490208531722517,-0.008298802814695066
270,-0.1061663845225826,-0.008298802814695066
271,-0.10694301405204376,-0.008298802814695066
272,-0.10703151187756847,-0.008298802814695066
273,-0.10725544120068405,-0.008298802814695066
274,-0.10740845309756303,-0.008298802814695066
275,-0.10758600305770565,-0.008298802814695066
276,-0.10773032923027169,-0.008298802814695066
277,-0.1078863437695427,-0.008298802814695066
278,-0.10803815599785223,-0.008298802814695066
279,-0.10825588803429839,-0.008298802814695066
280,-0.10893706488843921,-0.008298802814695066
281,-0.10896404681088785,-0.008298802814695066
282,-0.10962211214161546,-0.008298802814695066
283,-0.11023271592246374,-0.008298802814695066
284,-0.11039703523136365,-0.008298802814695066
285,-0.11057839894277764,-0.008298802814695066
286,-0.11061670679258055,-0.008298802814695066
287,-0.11081383997038695,-0.008298802814695066
288,-0.11096961127327713,-0.008298802814695066
289,-0.1109890984451794,-0.008298802814695066
290,-0.1109930367010101,-0.008298802814695066
291,-0.11135401014150725,-0.008298802814695066
292,-0.11157896620331167,-0.008298802814695066
293,-0.11229652815421252,-0.008298802814695066
294,-0.11259808169875611,-0.008298802814695066
295,-0.11293532348602105,-0.008298802814695066
296,-0.11298669582037747,-0.008298802814695066
297,-0.11300822049878514,-0.008298802814695066
298,-0.11318387630405416,-0.008298802814695066
299,-0.11354831771385994,-0.008298802814695066
300,-0.11377732154812034,-0.008298802814695066
301,-0.11395630090452012,-0.008298802814695066
302,-0.11427943085800613,-0.008298802814695066
303,-0.11437777833907084,-0.008298802814695066
304,-0.11441337534784697,-0.008298802814695066
305,-0.11470367734028035,-0.008298802814695066
306,-0.11490866647350853,-0.008298802814695066
307,-0.11585744882672536,-0.008298802814695066
308,-0.11598852029040368,-0.008298802814695066
309,-0.1161069705766005,-0.008298802814695066
310,-0.11653905839366606,-0.008298802814695066
311,-0.11725148576894226,-0.008298802814695066
312,-0.11732345706372727,-0.008298802814695066
313,-0.11842132192628356,-0.008298802814695066
314,-0.11904970882660461,-0.008298802814695066
315,-0.11909230487074712,-0.008298802814695066
316,-0.11913830351254381,-0.008298802814695066
317,-0.12001367445733487,-0.008298802814695066
318,-0.120032814621615,-0.008298802814695066
319,-0.1200529556253416,-0.008298802814695066
320,-0.12059884045720243,-0.008298802814695066
321,-0.12096603662665953,-0.008298802814695066
322,-0.12110968470138087,-0.008298802814695066
323,-0.12127940009719836,-0.008298802814695066
324,-0.1216347385432736,-0.008298802814695066
325,-0.12179404712746333,-0.008298802814695066
326,-0.12221785969439469,-0.008298802814695066
327,-0.12245770527416697,-0.008298802814695066
328,-0.12270201211870645,-0.008298802814695066
329,-0.12278213689920167,-0.008298802814695066
330,-0.12342899561621945,-0.008298802814695066
331,-0.12364442812312479,-0.008298802814695066
332,-0.12383151828246687,-0.008298802814695066
333,-0.12391127072383683,-0.008298802814695066
334,-0.1239610676136026,-0.008298802814695066
335,-0.12429465339827103,-0.008298802814695066
336,-0.12458276117690928,-0.008298802814695066
337,-0.1254598621705575,-0.008298802814695066
338,-0.1255004276831698,-0.008298802814695066
339,-0.12571488379889637,-0.008298802814695066
340,-0.12629260853203114,-0.008298802814695066
341,-0.12643119528054736,-0.008298802814695066
342,-0.12670402576572748,-0.008298802814695066
343,-0.12702058797421828,-0.008298802814695066
344,-0.1274144438490347,-0.008298802814695066
345,-0.12767634220691215,-0.008298802814695066
346,-0.12831384410832086,-0.008298802814695066
347,-0.12863134279589053,-0.008298802814695066
348,-0.13061194271602894,-0.008298802814695066
349,-0.13099322796848814,-0.008298802814695066
350,-0.13105172358475928,-0.008298802814695066
351,-0.13222011160288377,-0.008298802814695066
352,-0.13244568938871154,-0.008298802814695066
353,-0.13311651631541,-0.008298802814695066
354,-0.1335357341572293,-0.008298802814695066
355,-0.13381246691487977,-0.008298802814695066
356,-0.1343441544251944,-0.008298802814695066
357,-0.13466342994824973,-0.008298802814695066
358,-0.13478605439402097,-0.008298802814695066
359,-0.13564842838825575,-0.008298802814695066
360,-0.1360125441977905,-0.008298802814695066
361,-0.1360383041837725,-0.008298802814695066
362,-0.1366231417018731,-0.008298802814695066
363,-0.1366275465831387,-0.008298802814695066
364,-0.1366430878535283,-0.008298802814695066
365,-0.1370479041667896,-0.008298802814695066
366,-0.1371626284600952,-0.008298802814695066
367,-0.1372603405541586,-0.008298802814695066
368,-0.1375979142324953,-0.008298802814695066
369,-0.13796102254920473,-0.008298802814695066
370,-0.13819698906458022,-0.008298802814695066
371,-0.1387170027057689,-0.008298802814695066
372,-0.1388664874135601,-0.008298802814695066
373,-0.13890489864417796,-0.008298802814695066
374,-0.1390402421534347,-0.008298802814695066
375,-0.13906925368841638,-0.008298802814695066
376,-0.13999893151457526,-0.008298802814695066
377,-0.14060965043838247,-0.008298802814695066
378,-0.14066132204821175,-0.008298802814695066
379,-0.14100238047451114,-0.008298802814695066
380,-0.14104231315531873,-0.008298802814695066
381,-0.14117060317251384,-0.008298802814695066
382,-0.1412448494970669,-0.008298802814695066
383,-0.14149381643174833,-0.008298802814695066
384,-0.14191028773647474,-0.008298802814695066
385,-0.14191615092579188,-0.008298802814695066
386,-0.14257487058818136,-0.008298802814695066
387,-0.14320860489190093,-0.008298802814695066
388,-0.1439161979769223,-0.008298802814695066
389,-0.14423729078735884,-0.008298802814695066
390,-0.1448269136951496,-0.008298802814695066
391,-0.1458728805460049,-0.008298802814695066
392,-0.14588533421320612,-0.008298802814695066
393,-0.14610600900595455,-0.008298802814695066
394,-0.1462385157006487,-0.008298802814695066
395,-0.14757370386366944,-0.008298802814695066
396,-0.14764844155612813,-0.008298802814695066
397,-0.14792977803612734,-0.008298802814695066
398,-0.14798533968842947,-0.008298802814695066
399,-0.14858888116197488,-0.008298802814695066
400,-0.14868952046919814,-0.008298802814695066
401,-0.15002536814822892,-0.008298802814695066
402,-0.15006746403600835,-0.008298802814695066
403,-0.15055377325813998,-0.008298802814695066
404,-0.1505928699362395,-0.008298802814695066
405,-0.15168398395279634,-0.008298802814695066
406,-0.15172894643881757,-0.008298802814695066
407,-0.1517486544414212,-0.008298802814695066
408,-0.15210527410724548,-0.008298802814695066
409,-0.15271428303478782,-0.008298802814695066
410,-0.15314837550463023,-0.008298802814695066
411,-0.15331888075784442,-0.008298802814695066
412,-0.15392711151448907,-0.008298802814695066
413,-0.15493112583522836,-0.008298802814695066
414,-0.1551812341665407,-0.008298802814695066
415,-0.15731281522690752,-0.008298802814695066
416,-0.15832768246425366,-0.008298802814695066
417,-0.15835312972946444,-0.008298802814695066
418,-0.1586180218399249,-0.008298802814695066
419,-0.1586334318594923,-0.008298802814695066
420,-0.15902577592940179,-0.008298802814695066
421,-0.15920604036013114,-0.008298802814695066
422,-0.1593188702892801,-0.008298802814695066
423,-0.15946748163358254,-0.008298802814695066
424,-0.1598577518491358,-0.008298802814695066
425,-0.1600330961352867,-0.008298802814695066
426,-0.16054407004228133,-0.008298802814695066
427,-0.16244240923763237,-0.008298802814695066
428,-0.16320360367877307,-0.008298802814695066
429,-0.16390484410600337,-0.008298802814695066
430,-0.16423518645650975,-0.008298802814695066
431,-0.16434890506374947,-0.008298802814695066
432,-0.1653545643972696,-0.008298802814695066
433,-0.16541718802190028,-0.008298802814695066
434,-0.16620006381237926,-0.008298802814695066
435,-0.16620433437050777,-0.008298802814695066
436,-0.16666346584976247,-0.008298802814695066
437,-0.16704168099551792,-0.008298802814695066
438,-0.16772897943490025,-0.008298802814695066
439,-0.1677603578997239,-0.008298802814695066
440,-0.16830186503186575,-0.008298802814695066
441,-0.16869548147171476,-0.008298802814695066
442,-0.16871734814818248,-0.008298802814695066
443,-0.16875293504024697,-0.008298802814695066
444,-0.16970656166020626,-0.008298802814695066
445,-0.17002409829533194,-0.008298802814695066
446,-0.17028458103366767,-0.008298802814695066
447,-0.17131691393114307,-0.008298802814695066
448,-0.17236318963758868,-0.008298802814695066
449,-0.17269842021069726,-0.008298802814695066
450,-0.17274837698700246,-0.008298802814695066
451,-0.17297826221911433,-0.008298802814695066
452,-0.17299278204828672,-0.008298802814695066
453,-0.17350918092205397,-0.008298802814695066
454,-0.1735226022206023,-0.008298802814695066
455,-0.17354223543537015,-0.008298802814695066
456,-0.17500938611227493,-0.008298802814695066
457,-0.17514327497429172,-0.008298802814695066
458,-0.17514744134834762,-0.008298802814695066
459,-0.17547339222436262,-0.008298802814695066
460,-0.17588913613682583,-0.008298802814695066
461,-0.1760460170589454,-0.008298802814695066
462,-0.17610618087628732,-0.008298802814695066
463,-0.178183014908074,-0.008298802814695066
464,-0.17842578468536227,-0.008298802814695066
465,-0.17859091320875864,-0.008298802814695066
466,-0.1791043176659956,-0.008298802814695066
467,-0.17938611303420846,-0.008298802814695066
468,-0.17954928679055998,-0.008298802814695066
469,-0.17957479975472157,-0.008298802814695066
470,-0.17958026046169873,-0.008298802814695066
471,-0.1801350754241574,-0.008298802814695066
472,-0.18041875002348054,-0.008298802814695066
473,-0.18081360785401301,-0.008298802814695066
474,-0.1810837084396843,-0.008298802814695066
475,-0.18138888782820875,-0.008298802814695066
476,-0.18147077830913488,-0.008298802814695066
477,-0.18150865286529377,-0.008298802814695066
478,-0.18332706984597852,-0.008298802814695066
479,-0.1836552996009751,-0.008298802814695066
480,-0.18379873484007256,-0.008298802814695066
481,-0.18473689035679094,-0.008298802814695066
482,-0.18505092957800937,-0.008298802814695066
483,-0.18530910468985354,-0.008298802814695066
484,-0.1855378253026154,-0.008298802814695066
485,-0.18571064937904017,-0.008298802814695066
486,-0.18576959423945172,-0.008298802814695066
487,-0.18590273533861285,-0.008298802814695066
488,-0.18647308572082127,-0.008298802814695066
489,-0.18764424358200824,-0.008298802814695066
490,-0.18798665116383956,-0.008298802814695066
491,-0.18832146919745354,-0.008298802814695066
492,-0.18863246045857474,-0.008298802814695066
493,-0.18883331080828997,-0.008298802814695066
494,-0.18885429302551118,-0.008298802814695066
495,-0.18910394629337093,-0.008298802814695066
496,-0.1893310631982018,-0.008298802814695066
497,-0.1896991411634935,-0.008298802814695066
498,-0.19027039498596354,-0.008298802814695066
499,-0.19046847011402215,-0.008298802814695066
500,-0.19059760277051968,-0.008298802814695066
501,-0.19064874426400236,-0.008298802814695066
502,-0.19099578023143526,-0.008298802814695066
503,-0.19100286418700438,-0.008298802814695066
504,-0.19136540996170553,-0.008298802814695066
505,-0.1914517775350357,-0.008298802814695066
506,-0.19233118262185636,-0.008298802814695066
507,-0.1923616591726885,-0.008298802814695066
508,-0.1927170431195071,-0.008298802814695066
509,-0.1928321668199391,-0.008298802814695066
510,-0.192973981628481,-0.008298802814695066
511,-0.19355155488473746,-0.008298802814695066
512,-0.19369884711025268,-0.008298802814695066
513,-0.19394068169865472,-0.008298802814695066
514,-0.1941198921519353,-0.008298802814695066
515,-0.19466716289808508,-0.008298802814695066
516,-0.1950591719175368,-0.008298802814695066
517,-0.1951628288603193,-0.008298802814695066
518,-0.1955367411793744,-0.008298802814695066
519,-0.1958230607089923,-0.008298802814695066
520,-0.1961040101461932,-0.008298802814695066
521,-0.1961530617089704,-0.008298802814695066
522,-0.19632544052944742,-0.008298802814695066
523,-0.1964584297428911,-0.008298802814695066
524,-0.19655331543275495,-0.008298802814695066
525,-0.19659213095466804,-0.008298802814695066
526,-0.19686773244826852,-0.008298802814695066
527,-0.19779504609479856,-0.008298802814695066
528,-0.19783023233940703,-0.008298802814695066
529,-0.19785755899195273,-0.008298802814695066
530,-0.19787486801000698,-0.008298802814695066
531,-0.19817404182504955,-0.008298802814695066
532,-0.19961350866430483,-0.008298802814695066
533,-0.19979091230744822,-0.008298802814695066
534,-0.1997926181863944,-0.008298802814695066
535,-0.19991065866684984,-0.008298802814695066
536,-0.200116185732344,-0.008298802814695066
537,-0.20018978111213026,-0.008298802814695066
538,-0.2003557440663341,-0.008298802814695066
539,-0.20056374378278072,-0.008298802814695066
540,-0.20066037872944295,-0.008298802814695066
541,-0.20082269674908756,-0.008298802814695066
542,-0.20194886840512744,-0.008298802814695066
543,-0.20212436762655275,-0.008298802814695066
544,-0.20258116054932915,-0.008298802814695066
545,-0.20321526943345156,-0.008298802814695066
546,-0.2033741070885535,-0.008298802814695066
547,-0.20359317298957635,-0.008298802814695066
548,-0.20379187216250363,-0.008298802814695066
549,-0.2043789974941826,-0.008298802814695066
550,-0.20541007650341955,-0.008298802814695066
551,-0.20562710271344767,-0.008298802814695066
552,-0.20566703103192663,-0.008298802814695066
553,-0.2057452387571917,-0.008298802814695066
554,-0.2062840818569837,-0.008298802814695066
555,-0.2064838592906909,-0.008298802814695066
556,-0.20671907985256915,-0.008298802814695066
557,-0.2069379291821275,-0.008298802814695066
558,-0.20742995313861054,-0.008298802814695066
559,-0.20747547747073836,-0.008298802814695066
560,-0.20762023604339547,-0.008298802814695066
561,-0.2077035266411422,-0.008298802814695066
562,-0.20771531019620124,-0.008298802814695066
563,-0.20800313666224637,-0.008298802814695066
564,-0.20855946147634408,-0.008298802814695066
565,-0.2096910950826128,-0.008298802814695066
566,-0.2100347835438996,-0.008298802814695066
567,-0.2102692123747652,-0.008298802814695066
568,-0.2105188541692345,-0.008298802814695066
569,-0.21056512095217603,-0.008298802814695066
570,-0.21082599477427047,-0.008298802814695066
571,-0.21084372121909148,-0.008298802814695066
572,-0.21143742850132602,-0.008298802814695066
573,-0.21145223765068547,-0.008298802814695066
574,-0.21159615669493792,-0.008298802814695066
575,-0.21205788330598685,-0.008298802814695066
576,-0.21232453770696166,-0.008298802814695066
577,-0.21245278597488543,-0.008298802814695066
578,-0.2127127183909292,-0.008298802814695066
579,-0.21302979320730933,-0.008298802814695066
580,-0.2131687992588056,-0.008298802814695066
581,-0.21319164378661298,-0.008298802814695066
582,-0.21349269729438944,-0.008298802814695066
583,-0.2141674457895738,-0.008298802814695066
584,-0.21440839087544217,-0.008298802814695066
585,-0.2150406050729457,-0.008298802814695066
586,-0.21563434119173935,-0.008298802814695066
587,-0.21573813965129432,-0.008298802814695066
588,-0.21613614381513235,-0.008298802814695066
589,-0.2163178698859264,-0.008298802814695066
590,-0.21638447991527313,-0.008298802814695066
591,-0.21643146249933512,-0.008298802814695066
592,-0.21660040005007303,-0.008298802814695066
593,-0.21688744864151388,-0.008298802814695066
594,-0.21749510760223145,-0.008298802814695066
595,-0.2178602606715066,-0.008298802814695066
596,-0.21825289094939837,-0.008298802814695066
597,-0.2184360027715308,-0.008298802814695066
598,-0.2185628521918004,-0.008298802814695066
599,-0.21881160006076678,-0.008298802814695066
600,-0.21930721847669232,-0.008298802814695066
601,-0.21943753423642753,-0.008298802814695066
602,-0.2195972888120132,-0.008298802814695066
603,-0.21969448632017924,-0.008298802814695066
604,-0.21971800984663784,-0.008298802814695066
605,-0.22003850845612138,-0.008298802814695066
606,-0.22014607610605783,-0.008298802814695066
607,-0.22079838481305203,-0.008298802814695066
608,-0.22110795641846992,-0.008298802814695066
609,-0.22116590756394652,-0.008298802814695066
610,-0.2212519735219463,-0.008298802814695066
611,-0.22141813566883972,-0.008298802814695066
612,-0.2223936742123686,-0.008298802814695066
613,-0.2225905045740391,-0.008298802814695066
614,-0.222761194120659,-0.008298802814695066
615,-0.22284922612579064,-0.008298802814695066
616,-0.22301469064116575,-0.008298802814695066
617,-0.22323867347066184,-0.008298802814695066
618,-0.2235209782512614,-0.008298802814695066
619,-0.2235855242719181,-0.008298802814695066
620,-0.22370109701878668,-0.008298802814695066
621,-0.22399993614900918,-0.008298802814695066
622,-0.22482766468593446,-0.008298802814695066
623,-0.22508466248460934,-0.008298802814695066
624,-0.22563920923957664,-0.008298802814695066
625,-0.22588106597365087,-0.008298802814695066
626,-0.2269043311941084,-0.008298802814695066
627,-0.22697868345035285,-0.008298802814695066
628,-0.227254441796779,-0.008298802814695066
629,-0.22741174645765205,-0.008298802814695066
630,-0.2286652688153486,-0.008298802814695066
631,-0.22871038658692272,-0.008298802814695066
632,-0.22887488136618145,-0.008298802814695066
633,-0.22919323585755436,-0.008298802814695066
634,-0.23083974713650668,-0.008298802814695066
635,-0.2310255788043725,-0.008298802814695066
636,-0.23119309159296958,-0.008298802814695066
637,-0.23192922608766878,-0.008298802814695066
638,-0.2320948481759324,-0.008298802814695066
639,-0.23258634874171302,-0.008298802814695066
640,-0.23287835167290097,-0.008298802814695066
641,-0.23350781246292548,-0.008298802814695066
642,-0.233924287994318,-0.008298802814695066
643,-0.2345269863815776,-0.008298802814695066
644,-0.23455538834889494,-0.008298802814695066
645,-0.23483370568775502,-0.008298802814695066
646,-0.23539793247178095,-0.008298802814695066
647,-0.236256909012105,-0.008298802814695066
648,-0.23735984513839542,-0.008298802814695066
649,-0.23736808764024372,-0.008298802814695066
650,-0.23765225887102284,-0.008298802814695066
651,-0.23766245890534787,-0.008298802814695066
652,-0.23821810844245203,-0.008298802814695066
653,-0.23859214434709913,-0.008298802814695066
654,-0.23859837952412027,-0.008298802814695066
655,-0.23958993654987454,-0.008298802814695066
656,-0.23976237708556372,-0.008298802814695066
657,-0.2398090557582574,-0.008298802814695066
658,-0.23998361084005443,-0.008298802814695066
659,-0.2412022141254203,-0.008298802814695066
660,-0.24181981040562692,-0.008298802814695066
661,-0.24265474539373702,-0.008298802814695066
662,-0.24286209134773393,-0.008298802814695066
663,-0.24336021618560122,-0.008298802814695066
664,-0.24358219768110378,-0.008298802814695066
665,-0.2438139048903647,-0.008298802814695066
666,-0.2438691506371383,-0.008298802814695066
667,-0.2441631806354331,-0.008298802814695066
668,-0.24523588139759572,-0.008298802814695066
669,-0.24524006701160905,-0.008298802814695066
670,-0.24545235643105662,-0.008298802814695066
671,-0.2455124411249783,-0.008298802814695066
672,-0.24581997987457205,-0.008298802814695066
673,-0.2462787647020905,-0.008298802814695066
674,-0.24653715654058017,-0.008298802814695066
675,-0.2469736925165073,-0.008298802814695066
676,-0.24703704675286625,-0.008298802814695066
677,-0.2487712544986705,-0.008298802814695066
678,-0.24880399408569348,-0.008298802814695066
679,-0.2489806299644648,-0.008298802814695066
680,-0.2490925987154194,-0.008298802814695066
681,-0.24909724017900983,-0.008298802814695066
682,-0.24911840430516327,-0.008298802814695066
683,-0.24942319922821848,-0.008298802814695066
684,-0.24993320546011855,-0.008298802814695066
685,-0.25025243495156924,-0.008298802814695066
686,-0.25082280855063266,-0.008298802814695066
687,-0.25127022921544784,-0.008298802814695066
688,-0.25191938610420056,-0.008298802814695066
689,-0.25203690262224043,-0.008298802814695066
690,-0.2521837177464976,-0.008298802814695066
691,-0.25218685489590437,-0.008298802814695066
692,-0.25278499926508596,-0.008298802814695066
693,-0.2529997588392516,-0.008298802814695066
694,-0.2530744221597065,-0.008298802814695066
695,-0.2531832490694115,-0.008298802814695066
696,-0.25376390826715234,-0.008298802814695066
697,-0.2543314862601245,-0.008298802814695066
698,-0.25435553835249236,-0.008298802814695066
699,-0.25454374502895766,-0.008298802814695066
700,-0.2554779742931008,-0.008298802814695066
701,-0.25563982551707937,-0.008298802814695066
702,-0.2559811001048421,-0.008298802814695066
703,-0.2565397527249393,-0.008298802814695066
704,-0.25710304371068726,-0.008298802814695066
705,-0.2571358306865442,-0.008298802814695066
706,-0.2574555527852702,-0.008298802814695066
707,-0.25756093147723397,-0.008298802814695066
708,-0.2586019785006369,-0.008298802814695066
709,-0.2589062718758834,-0.008298802814695066
710,-0.25945343521128783,-0.008298802814695066
711,-0.25958070597773786,-0.008298802814695066
712,-0.2597682901186437,-0.008298802814695066
713,-0.2603106625444195,-0.008298802814695066
714,-0.26045208668751163,-0.008298802814695066
715,-0.2609417943826056,-0.008298802814695066
716,-0.2609857001034355,-0.008298802814695066
717,-0.2610801284993275,-0.008298802814695066
718,-0.2612317372709326,-0.008298802814695066
719,-0.26131473492424534,-0.008298802814695066
720,-0.26143000666861066,-0.008298802814695066
721,-0.26162058635911195,-0.008298802814695066
722,-0.261782397828518,-0.008298802814695066
723,-0.26220276954455,-0.008298802814695066
724,-0.262460484287608,-0.008298802814695066
725,-0.2628380552458782,-0.008298802814695066
726,-0.2629572124138248,-0.008298802814695066
727,-0.26308780957003863,-0.008298802814695066
728,-0.263703397916191,-0.008298802814695066
729,-0.2640608449156562,-0.008298802814695066
730,-0.264396802308307,-0.008298802814695066
731,-0.26551218124814113,-0.008298802814695066
732,-0.2659504602386357,-0.008298802814695066
733,-0.266011897559408,-0.008298802814695066
734,-0.26633902494718564,-0.008298802814695066
735,-0.2664312727650392,-0.008298802814695066
736,-0.2665286299645635,-0.008298802814695066
737,-0.26656661504173235,-0.008298802814695066
738,-0.26690930345469427,-0.008298802814695066
739,-0.26694660487323796,-0.008298802814695066
740,-0.2670535614506359,-0.008298802814695066
741,-0.26815021081697693,-0.008298802814695066
742,-0.26874754083338465,-0.008298802814695066
743,-0.26878880466792177,-0.008298802814695066
744,-0.2693140628186796,-0.008298802814695066
745,-0.26959053604424543,-0.008298802814695066
746,-0.2697248525751357,-0.008298802814695066
747,-0.2697968280985092,-0.008298802814695066
748,-0.26983827336295,-0.008298802814695066
749,-0.2703782799599963,-0.008298802814695066
750,-0.27047389771675423,-0.008298802814695066
751,-0.2714714196648846,-0.008298802814695066
752,-0.2717337784297667,-0.008298802814695066
753,-0.2720471883789332,-0.008298802814695066
754,-0.2723927149754336,-0.008298802814695066
755,-0.27301521738514345,-0.008298802814695066
756,-0.27325879512938456,-0.008298802814695066
757,-0.2738366839183389,-0.008298802814695066
758,-0.27493798246176243,-0.008298802814695066
759,-0.2754182738337103,-0.008298802814695066
760,-0.27599613949674945,-0.008298802814695066
761,-0.2769985253816505,-0.008298802814695066
762,-0.27709384519474045,-0.008298802814695066
763,-0.27726346035609073,-0.008298802814695066
764,-0.27757243982223123,-0.008298802814695066
765,-0.2776399649767986,-0.008298802814695066
766,-0.27775735046646,-0.008298802814695066
767,-0.27782000361816067,-0.008298802814695066
768,-0.2778941787200136,-0.008298802814695066
769,-0.27819039626388414,-0.008298802814695066
770,-0.2790634886863659,-0.008298802814695066
771,-0.27908080676471925,-0.008298802814695066
772,-0.2792229035466133,-0.008298802814695066
773,-0.27965149113001103,-0.008298802814695066
774,-0.28004911745197847,-0.008298802814695066
775,-0.28017452179235564,-0.008298802814695066
776,-0.28098119116639586,-0.008298802814695066
777,-0.28099877326603084,-0.008298802814695066
778,-0.28103975926508473,-0.008298802814695066
779,-0.28158141107199386,-0.008298802814695066
780,-0.2815870958945292,-0.008298802814695066
781,-0.2818175764598753,-0.008298802814695066
782,-0.2824938616172843,-0.008298802814695066
783,-0.28261830830578194,-0.008298802814695066
784,-0.2829929086417763,-0.008298802814695066
785,-0.28310617234667373,-0.008298802814695066
786,-0.28406246167087984,-0.008298802814695066
787,-0.28419131045383095,-0.008298802814695066
788,-0.2842300764662143,-0.008298802814695066
789,-0.2844204268447237,-0.008298802814695066
790,-0.2848037162833639,-0.008298802814695066
791,-0.28496448041629896,-0.008298802814695066
792,-0.285137925385542,-0.008298802814695066
793,-0.2852147851547076,-0.008298802814695066
794,-0.2860025652925724,-0.008298802814695066
795,-0.28604286159039927,-0.008298802814695066
796,-0.2862056008118945,-0.008298802814695066
797,-0.2867059093264604,-0.008298802814695066
798,-0.28688138273874564,-0.008298802814695066
799,-0.28696851527282907,-0.008298802814695066
800,-0.28701935594127637,-0.008298802814695066
801,-0.2871135823312294,-0.008298802814695066
802,-0.28712106008418753,-0.008298802814695066
803,-0.28715897293874115,-0.008298802814695066
804,-0.2873850716714384,-0.008298802814695066
805,-0.2876958688268466,-0.008298802814695066
806,-0.2877310402116741,-0.008298802814695066
807,-0.28782158218752013,-0.008298802814695066
808,-0.287964390105638,-0.008298802814695066
809,-0.2884909291382699,-0.008298802814695066
810,-0.2886880378532328,-0.008298802814695066
811,-0.28871739262625035,-0.008298802814695066
812,-0.2888978905871911,-0.008298802814695066
813,-0.2888994982636528,-0.008298802814695066
814,-0.2891845796342871,-0.008298802814695066
815,-0.2893722218810297,-0.008298802814695066
816,-0.28949289004440226,-0.008298802814695066
817,-0.29004945178323616,-0.008298802814695066
818,-0.2905001035178508,-0.008298802814695066
819,-0.29095413842896395,-0.008298802814695066
820,-0.29126558538520625,-0.008298802814695066
821,-0.2917747231488122,-0.008298802814695066
822,-0.2919649978066316,-0.008298802814695066
823,-0.2925053808381723,-0.008298802814695066
824,-0.2929639654848889,-0.008298802814695066
825,-0.2931051490135376,-0.008298802814695066
826,-0.29319864382100996,-0.008298802814695066
827,-0.29324222351795604,-0.008298802814695066
828,-0.29361137977467827,-0.008298802814695066
829,-0.29380753942644816,-0.008298802814695066
830,-0.294226216160379,-0.008298802814695066
831,-0.2942684705197223,-0.008298802814695066
832,-0.2950072758227865,-0.008298802814695066
833,-0.2951799433805576,-0.008298802814695066
834,-0.29521481849837855,-0.008298802814695066
835,-0.2952699160323127,-0.008298802814695066
836,-0.29538901966598374,-0.008298802814695066
837,-0.2957038942914565,-0.008298802814695066
838,-0.29578067646454204,-0.008298802814695066
839,-0.29607419072948726,-0.008298802814695066
840,-0.29616643977153223,-0.008298802814695066
841,-0.2961722871388232,-0.008298802814695066
842,-0.2964693945570024,-0.008298802814695066
843,-0.29759353778865183,-0.008298802814695066
844,-0.29780708384684956,-0.008298802814695066
845,-0.2980030632547458,-0.008298802814695066
846,-0.29823713145565084,-0.008298802814695066
847,-0.29831568228003746,-0.008298802814695066
848,-0.29858068850249314,-0.008298802814695066
849,-0.29912104042200993,-0.008298802814695066
850,-0.29951570914849834,-0.008298802814695066
851,-0.2995483568847743,-0.008298802814695066
852,-0.2997062168084058,-0.008298802814695066
853,-0.2999051790417344,-0.008298802814695066
854,-0.300074314109348,-0.008298802814695066
855,-0.30028040753984964,-0.008298802814695066
856,-0.30028520464662223,-0.008298802814695066
857,-0.3004898432886735,-0.008298802814695066
858,-0.3008584148029886,-0.008298802814695066
859,-0.30133434160993733,-0.008298802814695066
860,-0.301662173893055,-0.008298802814695066
861,-0.30218738124658673,-0.008298802814695066
862,-0.3023838945624483,-0.008298802814695066
863,-0.30257415377074537,-0.008298802814695066
864,-0.30266812349245475,-0.008298802814695066
865,-0.30294578433531394,-0.008298802814695066
866,-0.3038275589873887,-0.008298802814695066
867,-0.30453462250543656,-0.008298802814695066
868,-0.30465252205471505,-0.008298802814695066
869,-0.3048362639537149,-0.008298802814695066
870,-0.3049491936189443,-0.008298802814695066
871,-0.30520931192581596,-0.008298802814695066
872,-0.3055484096572365,-0.008298802814695066
873,-0.30586779720283014,-0.008298802814695066
874,-0.3059801854301907,-0.008298802814695066
875,-0.30625059674358646,-0.008298802814695066
876,-0.3078628311252977,-0.008298802814695066
877,-0.30798417884195395,-0.008298802814695066
878,-0.3080526282653499,-0.008298802814695066
879,-0.3086283451168687,-0.008298802814695066
880,-0.30870181218612835,-0.008298802814695066
881,-0.30954953518673495,-0.008298802814695066
882,-0.30967798118134127,-0.008298802814695066
883,-0.3097913727408449,-0.008298802814695066
884,-0.30992928707139034,-0.008298802814695066
885,-0.3101826975732609,-0.008298802814695066
886,-0.31032000852932884,-0.008298802814695066
887,-0.310320084951398,-0.008298802814695066
888,-0.3113206587246553,-0.008298802814695066
889,-0.3129163413004489,-0.008298802814695066
890,-0.312986013537803,-0.008298802814695066
891,-0.3130885624180937,-0.008298802814695066
892,-0.313397588911807,-0.008298802814695066
893,-0.31346112489234534,-0.008298802814695066
894,-0.3135281943216377,-0.008298802814695066
895,-0.31393866239905827,-0.008298802814695066
896,-0.3146093082340885,-0.008298802814695066
897,-0.3146247943636405,-0.008298802814695066
898,-0.31482448559533516,-0.008298802814695066
899,-0.3153369187400977,-0.008298802814695066
900,-0.31545868945769334,-0.008298802814695066
901,-0.3156381619254954,-0.008298802814695066
902,-0.3158291748647287,-0.008298802814695066
903,-0.3158339733960884,-0.008298802814695066
904,-0.3158697132499544,-0.008298802814695066
905,-0.31605597432864363,-0.008298802814695066
906,-0.3161764881066474,-0.008298802814695066
907,-0.3166029176177439,-0.008298802814695066
908,-0.31711231737733847,-0.008298802814695066
909,-0.31859269441884885,-0.008298802814695066
910,-0.31903334249182497,-0.008298802814695066
911,-0.3190928417334804,-0.008298802814695066
912,-0.31909935261917116,-0.008298802814695066
913,-0.31917421874167806,-0.008298802814695066
914,-0.3195227596180491,-0.008298802814695066
915,-0.31988359017677204,-0.008298802814695066
916,-0.3200546208125157,-0.008298802814695066
917,-0.32023028272280124,-0.008298802814695066
918,-0.3204509059994781,-0.008298802814695066
919,-0.32053569248055064,-0.008298802814695066
920,-0.3206553397575205,-0.008298802814695066
921,-0.3207937289860926,-0.008298802814695066
922,-0.3208922068356399,-0.008298802814695066
923,-0.3214885456892943,-0.008298802814695066
924,-0.32186370169979683,-0.008298802814695066
925,-0.3219251014339566,-0.008298802814695066
926,-0.3226255109966728,-0.008298802814695066
927,-0.3229356301445854,-0.008298802814695066
928,-0.32334064990864,-0.008298802814695066
929,-0.3235849146514972,-0.008298802814695066
930,-0.3236668025069985,-0.008298802814695066
931,-0.3238160282573551,-0.008298802814695066
932,-0.3242031906294424,-0.008298802814695066
933,-0.32427861424989346,-0.008298802814695066
934,-0.3243036337462411,-0.008298802814695066
935,-0.32501340988860294,-0.008298802814695066
936,-0.32511878786670234,-0.008298802814695066
937,-0.32527437564154005,-0.008298802814695066
938,-0.32539293698314814,-0.008298802814695066
939,-0.3257457868426131,-0.008298802814695066
940,-0.32627105267245965,-0.008298802814695066
941,-0.326459931949424,-0.008298802814695066
942,-0.3266570768562119,-0.008298802814695066
943,-0.32727932972259893,-0.008298802814695066
944,-0.3273663871717547,-0.008298802814695066
945,-0.32845236484899065,-0.008298802814695066
946,-0.3286159704617676,-0.008298802814695066
947,-0.32866449512007634,-0.008298802814695066
948,-0.3287947290783973,-0.008298802814695066
949,-0.3289025130184568,-0.008298802814695066
950,-0.3289498557661061,-0.008298802814695066
951,-0.32950668521747617,-0.008298802814695066
952,-0.32957333562090635,-0.008298802814695066
953,-0.3302162559571141,-0.008298802814695066
954,-0.330301570544491,-0.008298802814695066
955,-0.33077744633785783,-0.008298802814695066
956,-0.33116517102424353,-0.008298802814695066
957,-0.3314301065761964,-0.008298802814695066
958,-0.3315445575269911,-0.008298802814695066
959,-0.3322531214295105,-0.008298802814695066
960,-0.3327614249387603,-0.008298802814695066
961,-0.3328575365063655,-0.008298802814695066
962,-0.3331742317285071,-0.008298802814695066
963,-0.33353005622810106,-0.008298802814695066
964,-0.33367860894086787,-0.008298802814695066
965,-0.3341982906567914,-0.008298802814695066
966,-0.3351780075280736,-0.008298802814695066
967,-0.33534799286396233,-0.008298802814695066
968,-0.3354241259548883,-0.008298802814695066
969,-0.335887238169217,-0.008298802814695066
970,-0.3359321246029738,-0.008298802814695066
971,-0.3363295177520643,-0.008298802814695066
972,-0.33710226202769794,-0.008298802814695066
973,-0.3376028112176561,-0.008298802814695066
974,-0.3378081470231116,-0.008298802814695066
975,-0.33795320164051296,-0.008298802814695066
976,-0.3385925309594907,-0.008298802814695066
977,-0.33913981817996486,-0.008298802814695066
978,-0.33977853073675446,-0.008298802814695066
979,-0.33993605726846815,-0.008298802814695066
980,-0.34013033863459996,-0.008298802814695066
981,-0.34018526659089793,-0.008298802814695066
982,-0.3404499416258872,-0.008298802814695066
983,-0.3404538591979537,-0.008298802814695066
984,-0.3405399188303332,-0.008298802814695066
985,-0.3410124022854411,-0.008298802814695066
986,-0.3410315327731959,-0.008298802814695066
987,-0.34122676658195306,-0.008298802814695066
988,-0.34204083772130195,-0.008298802814695066
989,-0.3425410248524577,-0.008298802814695066
990,-0.3426261973538647,-0.008298802814695066
991,-0.342962659271999,-0.008298802814695066
992,-0.3430107215958226,-0.008298802814695066
993,-0.34326493245520806,-0.008298802814695066
994,-0.34333248059991645,-0.008298802814695066
995,-0.34418075087675126,-0.008298802814695066
996,-0.3446635574904541,-0.008298802814695066
997,-0.3447182449313132,-0.008298802814695066
998,-0.3447414170561791,-0.008298802814695066
999,-0.3447551120741863,-0.008298802814695066
1000,-0.34485881279274827,-0.008298802814695066
1001,-0.34492622119315863,-0.008298802814695066
1002,-0.3451863274290736,-0.008298802814695066
1003,-0.3452145500847872,-0.008298802814695066
1004,-0.3452333175768896,-0.008298802814695066
1005,-0.34526047538759874,-0.008298802814695066
1006,-0.3456590166203668,-0.008298802814695066
1007,-0.34594729552991005,-0.008298802814695066
1008,-0.3462391532318875,-0.008298802814695066
1009,-0.3463071996536184,-0.008298802814695066
1010,-0.34719058654288515,-0.008298802814695066
1011,-0.3472772728034643,-0.008298802814695066
1012,-0.34778428709195547,-0.008298802814695066
1013,-0.3483889264606956,-0.008298802814695066
1014,-0.34861452143028915,-0.008298802814695066
1015,-0.34908181374033886,-0.008298802814695066
1016,-0.34908207025324256,-0.008298802814695066
1017,-0.34910226665284855,-0.008298802814695066
1018,-0.34924896177114323,-0.008298802814695066
1019,-0.3506706777358469,-0.008298802814695066
1020,-0.3512169166171841,-0.008298802814695066
1021,-0.3512346260217815,-0.008298802814695066
1022,-0.35124359466795824,-0.008298802814695066
1023,-0.35183714787865894,-0.008298802814695066
1024,-0.3520375227165854,-0.008298802814695066
1025,-0.35225031614917646,-0.008298802814695066
1026,-0.352773714972483,-0.008298802814695066
1027,-0.35303637521515235,-0.008298802814695066
1028,-0.3532080525295891,-0.008298802814695066
1029,-0.35327198391700426,-0.008298802814695066
1030,-0.3532924144034703,-0.008298802814695066
1031,-0.35337102545179,-0.008298802814695066
1032,-0.35339489052536915,-0.008298802814695066
1033,-0.35359920857514715,-0.008298802814695066
1034,-0.35384196554101793,-0.008298802814695066
1035,-0.35455320026474035,-0.008298802814695066
1036,-0.354652686291951,-0.008298802814695066
1037,-0.3550422755998806,-0.008298802814695066
1038,-0.3552968773057058,-0.008298802814695066
1039,-0.35583284342434796,-0.008298802814695066
1040,-0.35589902659715483,-0.008298802814695066
1041,-0.35595592099562123,-0.008298802814695066
1042,-0.35616675578991547,-0.008298802814695066
1043,-0.35654691363258234,-0.008298802814695066
1044,-0.3566832578793811,-0.008298802814695066
1045,-0.35746424285170275,-0.008298802814695066
1046,-0.3576168045964895,-0.008298802814695066
1047,-0.3579352415716487,-0.008298802814695066
1048,-0.35840271275919244,-0.008298802814695066
1049,-0.3584151295362392,-0.008298802814695066
1050,-0.35918338814392925,-0.008298802814695066
1051,-0.35933658291357395,-0.008298802814695066
1052,-0.3598830852341064,-0.008298802814695066
1053,-0.360000273698011,-0.008298802814695066
1054,-0.36064547003707237,-0.008298802814695066
1055,-0.3607028209405463,-0.008298802814695066
1056,-0.3607285479867085,-0.008298802814695066
1057,-0.36092991912280553,-0.008298802814695066
1058,-0.36108985771152446,-0.008298802814695066
1059,-0.36126327428718064,-0.008298802814695066
1060,-0.3616601024401309,-0.008298802814695066
1061,-0.36178045083780935,-0.008298802814695066
1062,-0.3621852966437626,-0.008298802814695066
1063,-0.36222185772006144,-0.008298802814695066
1064,-0.36255117488576927,-0.008298802814695066
1065,-0.3637234554010785,-0.008298802814695066
1066,-0.36395861027132054,-0.008298802814695066
1067,-0.3639828764326475,-0.008298802814695066
1068,-0.3646114032531511,-0.008298802814695066
1069,-0.36469581189219835,-0.008298802814695066
1070,-0.36471635229866384,-0.008298802814695066
1071,-0.3648496716307256,-0.008298802814695066
1072,-0.36519919820425123,-0.008298802814695066
1073,-0.3652874041791271,-0.008298802814695066
1074,-0.3656308336578961,-0.008298802814695066
1075,-0.36589269996790164,-0.008298802814695066
1076,-0.3660920055743194,-0.008298802814695066
1077,-0.36635247374446445,-0.008298802814695066
1078,-0.3664561788570423,-0.008298802814695066
1079,-0.3667333289483804,-0.008298802814695066
1080,-0.36754349204701103,-0.008298802814695066
1081,-0.36758225012527984,-0.008298802814695066
1082,-0.36793048732043465,-0.008298802814695066
1083,-0.368388783432103,-0.008298802814695066
1084,-0.3685905895862524,-0.008298802814695066
1085,-0.3690663839330535,-0.008298802814695066
1086,-0.3691625449084493,-0.008298802814695066
1087,-0.36949243871464044,-0.008298802814695066
1088,-0.3695001784479242,-0.008298802814695066
1089,-0.370089560789222,-0.008298802814695066
1090,-0.37097064708205063,-0.008298802814695066
1091,-0.3710251613641388,-0.008298802814695066
1092,-0.37119357940862385,-0.008298802814695066
1093,-0.37140576474568854,-0.008298802814695066
1094,-0.3715726297065006,-0.008298802814695066
1095,-0.37171984450866263,-0.008298802814695066
1096,-0.3718710178963112,-0.008298802814695066
1097,-0.3721730601474815,-0.008298802814695066
1098,-0.3722145137928497,-0.008298802814695066
1099,-0.37291504472652587,-0.008298802814695066
1100,-0.3730891390157437,-0.008298802814695066
1101,-0.37314385627600916,-0.008298802814695066
1102,-0.37397981839591515,-0.008298802814695066
1103,-0.375126832987018,-0.008298802814695066
1104,-0.3754693228963654,-0.008298802814695066
1105,-0.37567483171827165,-0.008298802814695066
1106,-0.3757330712062118,-0.008298802814695066
1107,-0.3760049795889668,-0.008298802814695066
1108,-0.376762489291929,-0.008298802814695066
1109,-0.37781325796984766,-0.008298802814695066
1110,-0.3780582776961683,-0.008298802814695066
1111,-0.37915157305842784,-0.008298802814695066
1112,-0.3792766725077252,-0.008298802814695066
1113,-0.37930155779627,-0.008298802814695066
1114,-0.37944348786370463,-0.008298802814695066
1115,-0.3795279226761481,-0.008298802814695066
1116,-0.3799549260855752,-0.008298802814695066
1117,-0.3799691138222302,-0.008298802814695066
1118,-0.3800370900980049,-0.008298802814695066
1119,-0.38071180512335934,-0.008298802814695066
1120,-0.3808863174708383,-0.008298802814695066
1121,-0.3826932682743379,-0.008298802814695066
1122,-0.38274777047165015,-0.008298802814695066
1123,-0.3831198695050021,-0.008298802814695066
1124,-0.38399007592495105,-0.008298802814695066
1125,-0.38421917101269665,-0.008298802814695066
1126,-0.3850586038737186,-0.008298802814695066
1127,-0.38516567295226967,-0.008298802814695066
1128,-0.3852937112182648,-0.008298802814695066
1129,-0.3853739261824052,-0.008298802814695066
1130,-0.3854486198066488,-0.008298802814695066
1131,-0.3854849188829693,-0.008298802814695066
1132,-0.3861552610790877,-0.008298802814695066
1133,-0.38686307913663676,-0.008298802814695066
1134,-0.3870028318723381,-0.008298802814695066
1135,-0.38739387342644493,-0.008298802814695066
1136,-0.38850178526656204,-0.008298802814695066
1137,-0.38862868828668207,-0.008298802814695066
1138,-0.389530295462714,-0.008298802814695066
1139,-0.38957635228288456,-0.008298802814695066
1140,-0.3899059610183919,-0.008298802814695066
1141,-0.3902764573920716,-0.008298802814695066
1142,-0.3905096000857645,-0.008298802814695066
1143,-0.3909904050766212,-0.008298802814695066
1144,-0.39117056454328347,-0.008298802814695066
1145,-0.3914573597130307,-0.008298802814695066
1146,-0.39148094137965933,-0.008298802814695066
1147,-0.39175656899860206,-0.008298802814695066
1148,-0.39196788109894437,-0.008298802814695066
1149,-0.3922694710366883,-0.008298802814695066
1150,-0.3924003606672284,-0.008298802814695066
1151,-0.3925242555369451,-0.008298802814695066
1152,-0.392724542184089,-0.008298802814695066
1153,-0.3939368348639186,-0.008298802814695066
1154,-0.3939688044787529,-0.008298802814695066
1155,-0.3944370689021573,-0.008298802814695066
1156,-0.39446879647672717,-0.008298802814695066
1157,-0.39476617051489343,-0.008298802814695066
1158,-0.3950602618076714,-0.008298802814695066
1159,-0.39593604113088754,-0.008298802814695066
1160,-0.3964177808678366,-0.008298802814695066
1161,-0.3970271435063244,-0.008298802814695066
1162,-0.39792120442438544,-0.008298802814695066
1163,-0.3984597555184452,-0.008298802814695066
1164,-0.39913989046001247,-0.008298802814695066
1165,-0.3992847584953776,-0.008298802814695066
1166,-0.39972444057332035,-0.008298802814695066
1167,-0.39999781973302784,-0.008298802814695066
1168,-0.40019383838816996,-0.008298802814695066
1169,-0.4006848231017644,-0.008298802814695066
1170,-0.40111757157599737,-0.008298802814695066
1171,-0.4014880636828223,-0.008298802814695066
1172,-0.40158531838071704,-0.008298802814695066
1173,-0.4016359249117164,-0.008298802814695066
1174,-0.4016922427732041,-0.008298802814695066
1175,-0.4020049668538059,-0.008298802814695066
1176,-0.4021257767867449,-0.008298802814695066
1177,-0.40269178171607345,-0.008298802814695066
1178,-0.40277178756362386,-0.008298802814695066
1179,-0.40337874471945523,-0.008298802814695066
1180,-0.4041334564953378,-0.008298802814695066
1181,-0.40477663437733735,-0.008298802814695066
1182,-0.4049808819802329,-0.008298802814695066
1183,-0.40511888547632324,-0.008298802814695066
1184,-0.40544363645187725,-0.008298802814695066
1185,-0.4061378930166954,-0.008298802814695066
1186,-0.4061843801504197,-0.008298802814695066
1187,-0.4062031264273901,-0.008298802814695066
1188,-0.4065554538760704,-0.008298802814695066
1189,-0.4069613829168628,-0.008298802814695066
1190,-0.4070601907000585,-0.008298802814695066
1191,-0.4072099403874381,-0.008298802814695066
1192,-0.40722852560907435,-0.008298802814695066
1193,-0.40728632135811704,-0.008298802814695066
1194,-0.4073465380636846,-0.008298802814695066
1195,-0.4074481479026683,-0.008298802814695066
1196,-0.4074537569539529,-0.008298802814695066
1197,-0.4074911536184892,-0.008298802814695066
1198,-0.40882584655150594,-0.008298802814695066
1199,-0.4089756409534592,-0.008298802814695066
1200,-0.4090559153471547,-0.008298802814695066
1201,-0.40925468657866687,-0.008298802814695066
1202,-0.4092660976677424,-0.008298802814695066
1203,-0.409442274602061,-0.008298802814695066
1204,-0.4100945935025719,-0.008298802814695066
1205,-0.4104045297709452,-0.008298802814695066
1206,-0.4105876180104601,-0.008298802814695066
1207,-0.41129221889359135,-0.008298802814695066
1208,-0.4114068030426549,-0.008298802814695066
1209,-0.41184714185827936,-0.008298802814695066
1210,-0.41188247469042355,-0.008298802814695066
1211,-0.41295563065847984,-0.008298802814695066
1212,-0.41320681174836044,-0.008298802814695066
1213,-0.41347001333590383,-0.008298802814695066
1214,-0.41401696619039174,-0.008298802814695066
1215,-0.4140214938142664,-0.008298802814695066
1216,-0.41429856559013706,-0.008298802814695066
1217,-0.4146455924473357,-0.008298802814695066
1218,-0.41470810719108786,-0.008298802814695066
1219,-0.4149677522300549,-0.008298802814695066
1220,-0.4152199532635374,-0.008298802814695066
1221,-0.4157273109518726,-0.008298802814695066
1222,-0.41658052497720965,-0.008298802814695066
1223,-0.4171618814137486,-0.008298802814695066
1224,-0.4172479407384331,-0.008298802814695066
1225,-0.41750072717973,-0.008298802814695066
1226,-0.4175237003752349,-0.008298802814695066
1227,-0.4175377880970239,-0.008298802814695066
1228,-0.41757058546447423,-0.008298802814695066
1229,-0.41770246763768343,-0.008298802814695066
1230,-0.41785207062306395,-0.008298802814695066
1231,-0.4178770090283989,-0.008298802814695066
1232,-0.41804839783022163,-0.008298802814695066
1233,-0.41805911184416433,-0.008298802814695066
1234,-0.4180797701859742,-0.008298802814695066
1235,-0.4189149801991694,-0.008298802814695066
1236,-0.41902537813722696,-0.008298802814695066
1237,-0.4190568383873012,-0.008298802814695066
1238,-0.41960375873119715,-0.008298802814695066
1239,-0.4198915510975771,-0.008298802814695066
1240,-0.4201433207426556,-0.008298802814695066
1241,-0.4209162930740182,-0.008298802814695066
1242,-0.42125721251245973,-0.008298802814695066
1243,-0.4213329221659511,-0.008298802814695066
1244,-0.4219792202984135,-0.008298802814695066
1245,-0.4222073834358827,-0.008298802814695066
1246,-0.42239816022874077,-0.008298802814695066
1247,-0.42241221021398395,-0.008298802814695066
1248,-0.4230872206966486,-0.008298802814695066
1249,-0.4252085439614999,-0.008298802814695066
1250,-0.42527033668168035,-0.008298802814695066
1251,-0.4263428313977145,-0.008298802814695066
1252,-0.42659710303339016,-0.008298802814695066
1253,-0.42665026004539547,-0.008298802814695066
1254,-0.4271452175832216,-0.008298802814695066
1255,-0.42715029229453005,-0.008298802814695066
1256,-0.4276001490698741,-0.008298802814695066
1257,-0.42783553979136973,-0.008298802814695066
1258,-0.4280345806212037,-0.008298802814695066
1259,-0.42809806532046013,-0.008298802814695066
1260,-0.4282993459226731,-0.008298802814695066
1261,-0.428300959484092,-0.008298802814695066
1262,-0.4288927740359948,-0.008298802814695066
1263,-0.4292962980217419,-0.008298802814695066
1264,-0.4293682775797115,-0.008298802814695066
1265,-0.4293997331378681,-0.008298802814695066
1266,-0.42990445160118623,-0.008298802814695066
1267,-0.4299661665569889,-0.008298802814695066
1268,-0.43003226291520125,-0.008298802814695066
1269,-0.4301293288987693,-0.008298802814695066
1270,-0.4301696131158434,-0.008298802814695066
1271,-0.4305695049715598,-0.008298802814695066
1272,-0.43065626473901913,-0.008298802814695066
1273,-0.43068958400809787,-0.008298802814695066
1274,-0.43119256573508524,-0.008298802814695066
1275,-0.43121115502723173,-0.008298802814695066
1276,-0.4313238096396456,-0.008298802814695066
1277,-0.43142473731903264,-0.008298802814695066
1278,-0.4332473213538178,-0.008298802814695066
1279,-0.4334518000665969,-0.008298802814695066
1280,-0.43415626851219513,-0.008298802814695066
1281,-0.4343544208627958,-0.008298802814695066
1282,-0.4345157905435951,-0.008298802814695066
1283,-0.4346246774046496,-0.008298802814695066
1284,-0.4347406399162869,-0.008298802814695066
1285,-0.4355700189121082,-0.008298802814695066
1286,-0.43558498644884003,-0.008298802814695066
1287,-0.4356431178709562,-0.008298802814695066
1288,-0.4357699286822201,-0.008298802814695066
1289,-0.4360980609720005,-0.008298802814695066
1290,-0.4361225922406756,-0.008298802814695066
1291,-0.4363363017600004,-0.008298802814695066
1292,-0.43647467437689746,-0.008298802814695066
1293,-0.43648480577601356,-0.008298802814695066
1294,-0.4367687429529991,-0.008298802814695066
1295,-0.43725714049350256,-0.008298802814695066
1296,-0.43727200530749255,-0.008298802814695066
1297,-0.43738301594636253,-0.008298802814695066
1298,-0.4375267777534419,-0.008298802814695066
1299,-0.43760724650515703,-0.008298802814695066
1300,-0.43769762394653894,-0.008298802814695066
1301,-0.43772324938484986,-0.008298802814695066
1302,-0.4379890996959386,-0.008298802814695066
1303,-0.43821506454545917,-0.008298802814695066
1304,-0.438403418720229,-0.008298802814695066
1305,-0.4385677148107802,-0.008298802814695066
1306,-0.4388724649137038,-0.008298802814695066
1307,-0.43967573846476454,-0.008298802814695066
1308,-0.44018606053400783,-0.008298802814695066
1309,-0.4404301799043924,-0.008298802814695066
1310,-0.44043805959037075,-0.008298802814695066
1311,-0.4410110099314571,-0.008298802814695066
1312,-0.44167473113884476,-0.008298802814695066
1313,-0.44168287821316204,-0.008298802814695066
1314,-0.4419204168827178,-0.008298802814695066
1315,-0.44228220758065245,-0.008298802814695066
1316,-0.442602891566174,-0.008298802814695066
1317,-0.442903216497655,-0.008298802814695066
1318,-0.44333413835689545,-0.008298802814695066
1319,-0.44334056318434767,-0.008298802814695066
1320,-0.4433667091678206,-0.008298802814695066
1321,-0.44362744852681624,-0.008298802814695066
1322,-0.4437579627387763,-0.008298802814695066
1323,-0.443855321599836,-0.008298802814695066
1324,-0.44451635448941595,-0.008298802814695066
1325,-0.44532578216584345,-0.008298802814695066
1326,-0.446162671122723,-0.008298802814695066
1327,-0.44668861224553724,-0.008298802814695066
1328,-0.44686084100353896,-0.008298802814695066
1329,-0.44734354848017016,-0.008298802814695066
1330,-0.4479776425809864,-0.008298802814695066
1331,-0.44821410214082713,-0.008298802814695066
1332,-0.44840079962737256,-0.008298802814695066
1333,-0.44859998557702274,-0.008298802814695066
1334,-0.44872297464720506,-0.008298802814695066
1335,-0.44955547949658503,-0.008298802814695066
1336,-0.44994706045915306,-0.008298802814695066
1337,-0.4506192790867428,-0.008298802814695066
1338,-0.45068313760204093,-0.008298802814695066
1339,-0.4508151124540204,-0.008298802814695066
1340,-0.45111561552466445,-0.008298802814695066
1341,-0.45226454861563475,-0.008298802814695066
1342,-0.45236460649206894,-0.008298802814695066
1343,-0.4529276270441075,-0.008298802814695066
1344,-0.4530670837794334,-0.008298802814695066
1345,-0.45321718808766626,-0.008298802814695066
1346,-0.4532400548675704,-0.008298802814695066
1347,-0.4541050783440425,-0.008298802814695066
1348,-0.4541824588368626,-0.008298802814695066
1349,-0.45430072946486705,-0.008298802814695066
1350,-0.45444995793432424,-0.008298802814695066
1351,-0.4553416724513526,-0.008298802814695066
1352,-0.4554592478407391,-0.008298802814695066
1353,-0.45578060660914566,-0.008298802814695066
1354,-0.4559287688789589,-0.008298802814695066
1355,-0.4565115385107682,-0.008298802814695066
1356,-0.45703803176909685,-0.008298802814695066
1357,-0.45753070994895867,-0.008298802814695066
1358,-0.45774337849607705,-0.008298802814695066
1359,-0.45775217045839933,-0.008298802814695066
1360,-0.4579469457019746,-0.008298802814695066
1361,-0.45828726587474,-0.008298802814695066
1362,-0.45836406855526474,-0.008298802814695066
1363,-0.4587783716295343,-0.008298802814695066
1364,-0.4590376097223238,-0.008298802814695066
1365,-0.4594630373513679,-0.008298802814695066
1366,-0.4599068425175846,-0.008298802814695066
1367,-0.4599955318783547,-0.008298802814695066
1368,-0.46051443086219934,-0.008298802814695066
1369,-0.4606876218147803,-0.008298802814695066
1370,-0.4610254459395068,-0.008298802814695066
1371,-0.4614055607645758,-0.008298802814695066
1372,-0.4614108582586444,-0.008298802814695066
1373,-0.4615072928956173,-0.008298802814695066
1374,-0.462596715959148,-0.008298802814695066
1375,-0.4628425708402197,-0.008298802814695066
1376,-0.46297173240971445,-0.008298802814695066
1377,-0.4629888937183489,-0.008298802814695066
1378,-0.4631266334486007,-0.008298802814695066
1379,-0.4632116035609866,-0.008298802814695066
1380,-0.46349595637174046,-0.008298802814695066
1381,-0.4639827404657516,-0.008298802814695066
1382,-0.46399453963933035,-0.008298802814695066
1383,-0.4641279140309543,-0.008298802814695066
1384,-0.4641931671697272,-0.008298802814695066
1385,-0.4643437293141689,-0.008298802814695066
1386,-0.46477208129052316,-0.008298802814695066
1387,-0.46506558322471464,-0.008298802814695066
1388,-0.4654474674269566,-0.008298802814695066
1389,-0.46580114405930506,-0.008298802814695066
1390,-0.4659598614724567,-0.008298802814695066
1391,-0.46664465118993004,-0.008298802814695066
1392,-0.46705183506182785,-0.008298802814695066
1393,-0.4674757561215078,-0.008298802814695066
1394,-0.4674797752362714,-0.008298802814695066
1395,-0.46775363534595754,-0.008298802814695066
1396,-0.4681022697741986,-0.008298802814695066
1397,-0.4691527917730688,-0.008298802814695066
1398,-0.4692500838771514,-0.008298802814695066
1399,-0.4694645828315052,-0.008298802814695066
1400,-0.4694729622964722,-0.008298802814695066
1401,-0.469898696452262,-0.008298802814695066
1402,-0.47008635556871453,-0.008298802814695066
1403,-0.4701194616303763,-0.008298802814695066
1404,-0.4706336299841407,-0.008298802814695066
1405,-0.47184347905708,-0.008298802814695066
1406,-0.4718871797059533,-0.008298802814695066
1407,-0.4722478426014003,-0.008298802814695066
1408,-0.47235650040581734,-0.008298802814695066
1409,-0.4729630831966108,-0.008298802814695066
1410,-0.4729643566080971,-0.008298802814695066
1411,-0.47309175169142964,-0.008298802814695066
1412,-0.4731144368443056,-0.008298802814695066
1413,-0.47321622564717436,-0.008298802814695066
1414,-0.47330788007095725,-0.008298802814695066
1415,-0.4743918447002396,-0.008298802814695066
1416,-0.47451782330652337,-0.008298802814695066
1417,-0.4745899512469221,-0.008298802814695066
1418,-0.4749646315151632,-0.008298802814695066
1419,-0.47543181139560486,-0.008298802814695066
1420,-0.47544179556680916,-0.008298802814695066
1421,-0.4758151245174868,-0.008298802814695066
1422,-0.4759786606036072,-0.008298802814695066
1423,-0.47600157584753044,-0.008298802814695066
1424,-0.4760829483943999,-0.008298802814695066
1425,-0.47650704610694206,-0.008298802814695066
1426,-0.47683845280786075,-0.008298802814695066
1427,-0.477274306622828,-0.008298802814695066
1428,-0.47749400156056815,-0.008298802814695066
1429,-0.4776347126058077,-0.008298802814695066
1430,-0.4778680817409055,-0.008298802814695066
1431,-0.4783901950262909,-0.008298802814695066
1432,-0.4785060676659784,-0.008298802814695066
1433,-0.47853290426103123,-0.008298802814695066
1434,-0.4786669284153826,-0.008298802814695066
1435,-0.4787395229112506,-0.008298802814695066
1436,-0.47892223745456525,-0.008298802814695066
1437,-0.47909979230210314,-0.008298802814695066
1438,-0.4796802269321078,-0.008298802814695066
1439,-0.47999418120300075,-0.008298802814695066
1440,-0.4800682096339913,-0.008298802814695066
1441,-0.4801852380626554,-0.008298802814695066
1442,-0.48043700251417565,-0.008298802814695066
1443,-0.48046321028755423,-0.008298802814695066
1444,-0.4805585780457394,-0.008298802814695066
1445,-0.4807897054439466,-0.008298802814695066
1446,-0.48100650976888093,-0.008298802814695066
1447,-0.48106676047589503,-0.008298802814695066
1448,-0.4812394512980527,-0.008298802814695066
1449,-0.48125226509381036,-0.008298802814695066
1450,-0.4814979714946637,-0.008298802814695066
1451,-0.4818866002174229,-0.008298802814695066
1452,-0.48190973668162795,-0.008298802814695066
1453,-0.4825429244902785,-0.008298802814695066
1454,-0.4826217816061436,-0.008298802814695066
1455,-0.4830088162054108,-0.008298802814695066
1456,-0.48303287433536096,-0.008298802814695066
1457,-0.48332411816727094,-0.008298802814695066
1458,-0.48403981514409733,-0.008298802814695066
1459,-0.4841696511986282,-0.008298802814695066
1460,-0.4845472139289354,-0.008298802814695066
1461,-0.4848304066232908,-0.008298802814695066
1462,-0.48486347289290466,-0.008298802814695066
1463,-0.48502321868665144,-0.008298802814695066
1464,-0.48519323196454517,-0.008298802814695066
1465,-0.4853739199243853,-0.008298802814695066
1466,-0.486522373099851,-0.008298802814695066
1467,-0.48668919435653746,-0.008298802814695066
1468,-0.4870214061504959,-0.008298802814695066
1469,-0.4872867574216855,-0.008298802814695066
1470,-0.48740970047150267,-0.008298802814695066
1471,-0.48788238350884816,-0.008298802814695066
1472,-0.4885647518016743,-0.008298802814695066
1473,-0.488700134060833,-0.008298802814695066
1474,-0.4890524023789896,-0.008298802814695066
1475,-0.4891488450728496,-0.008298802814695066
1476,-0.4892329146927822,-0.008298802814695066
1477,-0.48957595746409477,-0.008298802814695066
1478,-0.48987996987737725,-0.008298802814695066
1479,-0.49003134378774726,-0.008298802814695066
1480,-0.49005932204886915,-0.008298802814695066
1481,-0.4901203068188027,-0.008298802814695066
1482,-0.49031701559244106,-0.008298802814695066
1483,-0.49043636552993675,-0.008298802814695066
1484,-0.4905545567024384,-0.008298802814695066
1485,-0.49091933512394953,-0.008298802814695066
1486,-0.4910545416875059,-0.008298802814695066
1487,-0.4913016221861651,-0.008298802814695066
1488,-0.49161646276237153,-0.008298802814695066
1489,-0.4919221268784389,-0.008298802814695066
1490,-0.49208558047115414,-0.008298802814695066
1491,-0.49232839440850673,-0.008298802814695066
1492,-0.4923882934640017,-0.008298802814695066
1493,-0.49267158691819873,-0.008298802814695066
1494,-0.49268234049207793,-0.008298802814695066
1495,-0.49292866283602244,-0.008298802814695066
1496,-0.4937364473929746,-0.008298802814695066
1497,-0.4942019637809717,-0.008298802814695066
1498,-0.494302294544078,-0.008298802814695066
1499,-0.4943659282196535,-0.008298802814695066
1500,-0.49454667407170383,-0.008298802814695066
1501,-0.4946342665540697,-0.008298802814695066
1502,-0.49485209506810823,-0.008298802814695066
1503,-0.49497279121778354,-0.008298802814695066
1504,-0.4949791933802544,-0.008298802814695066
1505,-0.4950745402772866,-0.008298802814695066
1506,-0.49536159630586507,-0.008298802814695066
1507,-0.49543414052964163,-0.008298802814695066
1508,-0.4954461578896986,-0.008298802814695066
1509,-0.4956846869581587,-0.008298802814695066
1510,-0.4960241450058084,-0.008298802814695066
1511,-0.4960264530205183,-0.008298802814695066
1512,-0.49621008816315015,-0.008298802814695066
1513,-0.49625319512286015,-0.008298802814695066
1514,-0.4965117717446118,-0.008298802814695066
1515,-0.4968268793934758,-0.008298802814695066
1516,-0.4969212649859228,-0.008298802814695066
1517,-0.4970333180462414,-0.008298802814695066
1518,-0.49780603645895205,-0.008298802814695066
1519,-0.49872210455583477,-0.008298802814695066
1520,-0.4989936936594874,-0.008298802814695066
1521,-0.49949258867421115,-0.008298802814695066
1522,-0.499682237516703,-0.008298802814695066
1523,-0.4996897046796178,-0.008298802814695066
1524,-0.500337147067054,-0.008298802814695066
1525,-0.5036321394658229,-0.008298802814695066
1526,-0.5045939889221949,-0.008298802814695066
1527,-0.5048048599036721,-0.008298802814695066
1528,-0.504983526844176,-0.008298802814695066
1529,-0.5055231622635051,-0.008298802814695066
1530,-0.5059526306539551,-0.008298802814695066
1531,-0.5065798931913847,-0.008298802814695066
1532,-0.5080208659640184,-0.008298802814695066
1533,-0.5087640280161463,-0.008298802814695066
1534,-0.5090167148639859,-0.008298802814695066
1535,-0.5096586136954561,-0.008298802814695066
1536,-0.5098481872916841,-0.008298802814695066
1537,-0.5100789739144397,-0.008298802814695066
1538,-0.5102923790271373,-0.008298802814695066
1539,-0.5111832657529486,-0.008298802814695066
1540,-0.5115411751178571,-0.008298802814695066
1541,-0.5118728415401987,-0.008298802814695066
1542,-0.511947697177142,-0.008298802814695066
1543,-0.5122528898530916,-0.008298802814695066
1544,-0.5125105624898001,-0.008298802814695066
1545,-0.5126444267479913,-0.008298802814695066
1546,-0.5128866813894223,-0.008298802814695066
1547,-0.5129509279875573,-0.008298802814695066
1548,-0.5130660955032135,-0.008298802814695066
1549,-0.5135544982640802,-0.008298802814695066
1550,-0.5138233354294846,-0.008298802814695066
1551,-0.5139804321020108,-0.008298802814695066
1552,-0.5140656526022389,-0.008298802814695066
1553,-0.5149087583149612,-0.008298802814695066
1554,-0.5152949027676421,-0.008298802814695066
1555,-0.5159592123459027,-0.008298802814695066
1556,-0.5161048096421272,-0.008298802814695066
1557,-0.5162172010571853,-0.008298802814695066
1558,-0.5163857592140031,-0.008298802814695066
1559,-0.516523746711544,-0.008298802814695066
1560,-0.516803049050213,-0.008298802814695066
1561,-0.516814659070046,-0.008298802814695066
1562,-0.5171504946929694,-0.008298802814695066
1563,-0.5174320693628536,-0.008298802814695066
1564,-0.5182398207163194,-0.008298802814695066
1565,-0.5190202233805803,-0.008298802814695066
1566,-0.5192468782034619,-0.008298802814695066
1567,-0.5192759543693156,-0.008298802814695066
1568,-0.5193579645054804,-0.008298802814695066
1569,-0.5196133967828882,-0.008298802814695066
1570,-0.5197228891197295,-0.008298802814695066
1571,-0.5197471233074581,-0.008298802814695066
1572,-0.5199558897089607,-0.008298802814695066
1573,-0.5203710496787401,-0.008298802814695066
1574,-0.5204497428605959,-0.008298802814695066
1575,-0.5208703863471636,-0.008298802814695066
1576,-0.5208995863849898,-0.008298802814695066
1577,-0.5210324434884007,-0.008298802814695066
1578,-0.5211058008184728,-0.008298802814695066
1579,-0.5212133186430769,-0.008298802814695066
1580,-0.5217927555262277,-0.008298802814695066
1581,-0.5220209548032309,-0.008298802814695066
1582,-0.5223670108370075,-0.008298802814695066
1583,-0.5224606470268449,-0.008298802814695066
1584,-0.5224999287140444,-0.008298802814695066
1585,-0.5225101686616278,-0.008298802814695066
1586,-0.5226945832870296,-0.008298802814695066
1587,-0.5229462328001052,-0.008298802814695066
1588,-0.5232363997534452,-0.008298802814695066
1589,-0.5234936339549638,-0.008298802814695066
1590,-0.5235690562530061,-0.008298802814695066
1591,-0.5235935035116166,-0.008298802814695066
1592,-0.5237231912240655,-0.008298802814695066
1593,-0.5238257911791505,-0.008298802814695066
1594,-0.5248259811680874,-0.008298802814695066
1595,-0.5248779681601601,-0.008298802814695066
1596,-0.5253943358633226,-0.008298802814695066
1597,-0.5259400626813957,-0.008298802814695066
1598,-0.5259826900442836,-0.008298802814695066
1599,-0.5261124174487989,-0.008298802814695066
1600,-0.5263118362472026,-0.008298802814695066
1601,-0.5263279097737608,-0.008298802814695066
1602,-0.5264506074323047,-0.008298802814695066
1603,-0.5279039446694741,-0.008298802814695066
1604,-0.5284052000546239,-0.008298802814695066
1605,-0.5297030529154718,-0.008298802814695066
1606,-0.5298580041325539,-0.008298802814695066
1607,-0.5300103660634164,-0.008298802814695066
1608,-0.530164953046864,-0.008298802814695066
1609,-0.5312176969368787,-0.008298802814695066
1610,-0.5313816708478043,-0.008298802814695066
1611,-0.531463269876988,-0.008298802814695066
1612,-0.5316393559436434,-0.008298802814695066
1613,-0.532179650723412,-0.008298802814695066
1614,-0.5323930034660336,-0.008298802814695066
1615,-0.5324141352567804,-0.008298802814695066
1616,-0.5329849555050268,-0.008298802814695066
1617,-0.5331346150208223,-0.008298802814695066
1618,-0.533573224257711,-0.008298802814695066
1619,-0.5339720255754875,-0.008298802814695066
1620,-0.5339866881066311,-0.008298802814695066
1621,-0.53404333120828,-0.008298802814695066
1622,-0.534047950108206,-0.008298802814695066
1623,-0.5340510676655095,-0.008298802814695066
1624,-0.5343071044092235,-0.008298802814695066
1625,-0.5344654332229201,-0.008298802814695066
1626,-0.5348367906245408,-0.008298802814695066
1627,-0.5353979004302845,-0.008298802814695066
1628,-0.5374203983645877,-0.008298802814695066
1629,-0.5374289303813427,-0.008298802814695066
1630,-0.5375932092679694,-0.008298802814695066
1631,-0.53819318824884,-0.008298802814695066
1632,-0.5386574911908025,-0.008298802814695066
1633,-0.5388321416058706,-0.008298802814695066
1634,-0.5388363965702172,-0.008298802814695066
1635,-0.5389832918827586,-0.008298802814695066
1636,-0.5396648830668157,-0.008298802814695066
1637,-0.5400347684251222,-0.008298802814695066
1638,-0.540316860019655,-0.008298802814695066
1639,-0.5410524396652174,-0.008298802814695066
1640,-0.5411330322700841,-0.008298802814695066
1641,-0.5413353864915033,-0.008298802814695066
1642,-0.5417353628907613,-0.008298802814695066
1643,-0.5417448699117984,-0.008298802814695066
1644,-0.542533240189611,-0.008298802814695066
1645,-0.5426315191034367,-0.008298802814695066
1646,-0.5437336187977223,-0.008298802814695066
1647,-0.543755019347615,-0.008298802814695066
1648,-0.5440409941720908,-0.008298802814695066
1649,-0.5443046646290961,-0.008298802814695066
1650,-0.5444094385357956,-0.008298802814695066
1651,-0.5445938244276691,-0.008298802814695066
1652,-0.5446606556509115,-0.008298802814695066
1653,-0.5446769804745131,-0.008298802814695066
1654,-0.5448841028433674,-0.008298802814695066
1655,-0.5450672238907472,-0.008298802814695066
1656,-0.5450761097139484,-0.008298802814695066
1657,-0.5458947828838141,-0.008298802814695066
1658,-0.5462740261913889,-0.008298802814695066
1659,-0.5470919608336345,-0.008298802814695066
1660,-0.5474146662595025,-0.008298802814695066
1661,-0.5476635171862348,-0.008298802814695066
1662,-0.5479338707993153,-0.008298802814695066
1663,-0.5479445289328747,-0.008298802814695066
1664,-0.5479576856943109,-0.008298802814695066
1665,-0.5480781883362416,-0.008298802814695066
1666,-0.5482243240685224,-0.008298802814695066
1667,-0.5483513009052516,-0.008298802814695066
1668,-0.5488746877556647,-0.008298802814695066
1669,-0.549069230275979,-0.008298802814695066
1670,-0.5491348098243773,-0.008298802814695066
1671,-0.5494268117109918,-0.008298802814695066
1672,-0.5502698983456595,-0.008298802814695066
1673,-0.5506203704326754,-0.008298802814695066
1674,-0.5510991723741476,-0.008298802814695066
1675,-0.5511461104871016,-0.008298802814695066
1676,-0.5511924963368396,-0.008298802814695066
1677,-0.552172272614286,-0.008298802814695066
1678,-0.5524396489684469,-0.008298802814695066
1679,-0.5528622957966282,-0.008298802814695066
1680,-0.5534544751698448,-0.008298802814695066
1681,-0.553611406208005,-0.008298802814695066
1682,-0.5538124923536861,-0.008298802814695066
1683,-0.5546223968647529,-0.008298802814695066
1684,-0.5552394090026038,-0.008298802814695066
1685,-0.5557610971104637,-0.008298802814695066
1686,-0.5559000243951927,-0.008298802814695066
1687,-0.5560132484037165,-0.008298802814695066
1688,-0.5560202673909472,-0.008298802814695066
1689,-0.5562945925962925,-0.008298802814695066
1690,-0.5564108526290049,-0.008298802814695066
1691,-0.5575467637504121,-0.008298802814695066
1692,-0.5577498038203014,-0.008298802814695066
1693,-0.5580733896634674,-0.008298802814695066
1694,-0.5584992387682696,-0.008298802814695066
1695,-0.5585390456637517,-0.008298802814695066
1696,-0.5590916872615795,-0.008298802814695066
1697,-0.5593348951801846,-0.008298802814695066
1698,-0.559502528248357,-0.008298802814695066
1699,-0.559890532593025,-0.008298802814695066
1700,-0.5599563208549218,-0.008298802814695066
1701,-0.5604047498900269,-0.008298802814695066
1702,-0.5608020928418174,-0.008298802814695066
1703,-0.5614708166977338,-0.008298802814695066
1704,-0.5616255208143075,-0.008298802814695066
1705,-0.5621650676316385,-0.008298802814695066
1706,-0.5623084902852673,-0.008298802814695066
1707,-0.5624525577411574,-0.008298802814695066
1708,-0.5625603930128409,-0.008298802814695066
1709,-0.5625741525875196,-0.008298802814695066
1710,-0.5629071482589278,-0.008298802814695066
1711,-0.5629564037900634,-0.008298802814695066
1712,-0.5632527678703134,-0.008298802814695066
1713,-0.5633827356841926,-0.008298802814695066
1714,-0.5639704908976958,-0.008298802814695066
1715,-0.563973041310518,-0.008298802814695066
1716,-0.5644969674577853,-0.008298802814695066
1717,-0.565229229768513,-0.008298802814695066
1718,-0.5655924557221408,-0.008298802814695066
1719,-0.5657119817881149,-0.008298802814695066
1720,-0.5661402057319439,-0.008298802814695066
1721,-0.5668944213833286,-0.008298802814695066
1722,-0.5672262279302908,-0.008298802814695066
1723,-0.5672802359732732,-0.008298802814695066
1724,-0.567915312257338,-0.008298802814695066
1725,-0.5682303336171781,-0.008298802814695066
1726,-0.5683545680500418,-0.008298802814695066
1727,-0.5685349132942202,-0.008298802814695066
1728,-0.5689567057931231,-0.008298802814695066
1729,-0.569080560220177,-0.008298802814695066
1730,-0.5691444820289356,-0.008298802814695066
1731,-0.5697486411308695,-0.008298802814695066
1732,-0.570125924936999,-0.008298802814695066
1733,-0.5706871555636355,-0.008298802814695066
1734,-0.5715144028519301,-0.008298802814695066
1735,-0.5715221686983558,-0.008298802814695066
1736,-0.5719354914457858,-0.008298802814695066
1737,-0.572489368235649,-0.008298802814695066
1738,-0.5726847262434688,-0.008298802814695066
1739,-0.5733742932238843,-0.008298802814695066
1740,-0.5736923737857085,-0.008298802814695066
1741,-0.5738732481808113,-0.008298802814695066
1742,-0.5741708854787703,-0.008298802814695066
1743,-0.574257755757399,-0.008298802814695066
1744,-0.5743495518987207,-0.008298802814695066
1745,-0.5746594988851199,-0.008298802814695066
1746,-0.5752231572853475,-0.008298802814695066
1747,-0.5755524175045538,-0.008298802814695066
1748,-0.5758390494112527,-0.008298802814695066
1749,-0.5762164406011954,-0.008298802814695066
1750,-0.576823431023339,-0.008298802814695066
1751,-0.5770526566888078,-0.008298802814695066
1752,-0.5778490373996787,-0.008298802814695066
1753,-0.5778585336957901,-0.008298802814695066
1754,-0.5779833661145845,-0.008298802814695066
1755,-0.578119762006772,-0.008298802814695066
1756,-0.5782142323485107,-0.008298802814695066
1757,-0.578296576285627,-0.008298802814695066
1758,-0.578726778612223,-0.008298802814695066
1759,-0.5788899033223036,-0.008298802814695066
1760,-0.5790274379805305,-0.008298802814695066
1761,-0.5790789765395519,-0.008298802814695066
1762,-0.5794994942127311,-0.008298802814695066
1763,-0.5798989135860004,-0.008298802814695066
1764,-0.5803064812029993,-0.008298802814695066
1765,-0.5803413650841976,-0.008298802814695066
1766,-0.5803944399740705,-0.008298802814695066
1767,-0.5806945619147774,-0.008298802814695066
1768,-0.5807831476270189,-0.008298802814695066
1769,-0.580954148973875,-0.008298802814695066
1770,-0.5812734030917984,-0.008298802814695066
1771,-0.5814371998250075,-0.008298802814695066
1772,-0.5820994833435544,-0.008298802814695066
1773,-0.5821275767342975,-0.008298802814695066
1774,-0.5827415351759881,-0.008298802814695066
1775,-0.5832490267901477,-0.008298802814695066
1776,-0.584232616078025,-0.008298802814695066
1777,-0.5842820361642456,-0.008298802814695066
1778,-0.5849517353122223,-0.008298802814695066
1779,-0.5852951552009198,-0.008298802814695066
1780,-0.5857191964302889,-0.008298802814695066
1781,-0.5858836351158803,-0.008298802814695066
1782,-0.5866214126672137,-0.008298802814695066
1783,-0.587221881303058,-0.008298802814695066
1784,-0.5883241889983187,-0.008298802814695066
1785,-0.5889139256465356,-0.008298802814695066
1786,-0.5889465831122118,-0.008298802814695066
1787,-0.5896238085215413,-0.008298802814695066
1788,-0.5896539381409125,-0.008298802814695066
1789,-0.5902724110928943,-0.008298802814695066
1790,-0.5903435569628619,-0.008298802814695066
1791,-0.5909850619748629,-0.008298802814695066
1792,-0.5922063174939187,-0.008298802814695066
1793,-0.5922111166726691,-0.008298802814695066
1794,-0.5924500219204378,-0.008298802814695066
1795,-0.5926454705238005,-0.008298802814695066
1796,-0.5928011382787742,-0.008298802814695066
1797,-0.5928696446904247,-0.008298802814695066
1798,-0.5935085226752174,-0.008298802814695066
1799,-0.5938768061355149,-0.008298802814695066
1800,-0.5941143618377294,-0.008298802814695066
1801,-0.5941964265948436,-0.008298802814695066
1802,-0.5943352328277574,-0.008298802814695066
1803,-0.5944744242292234,-0.008298802814695066
1804,-0.5945723615149289,-0.008298802814695066
1805,-0.5947960687357826,-0.008298802814695066
1806,-0.5948731418603684,-0.008298802814695066
1807,-0.5950001390186153,-0.008298802814695066
1808,-0.5950069731707706,-0.008298802814695066
1809,-0.5950582823525915,-0.008298802814695066
1810,-0.5951849950134602,-0.008298802814695066
1811,-0.5953300687032295,-0.008298802814695066
1812,-0.5957429127005032,-0.008298802814695066
1813,-0.5959805480971385,-0.008298802814695066
1814,-0.5960723195230568,-0.008298802814695066
1815,-0.5965978495419766,-0.008298802814695066
1816,-0.5969315760647773,-0.008298802814695066
1817,-0.5970769938862202,-0.008298802814695066
1818,-0.597676205551323,-0.008298802814695066
1819,-0.5977440157184605,-0.008298802814695066
1820,-0.5977573346332196,-0.008298802814695066
1821,-0.5978017073609383,-0.008298802814695066
1822,-0.5980974898136292,-0.008298802814695066
1823,-0.5985129436418013,-0.008298802814695066
1824,-0.5985446623966878,-0.008298802814695066
1825,-0.5987070265499456,-0.008298802814695066
1826,-0.5990245423433582,-0.008298802814695066
1827,-0.6004483001375053,-0.008298802814695066
1828,-0.6006241239237127,-0.008298802814695066
1829,-0.6011753167327756,-0.008298802814695066
1830,-0.6012676759045987,-0.008298802814695066
1831,-0.6013444021385468,-0.008298802814695066
1832,-0.6014848094218685,-0.008298802814695066
1833,-0.6016237109764269,-0.008298802814695066
1834,-0.6026606343475236,-0.008298802814695066
1835,-0.6027085421793125,-0.008298802814695066
1836,-0.6028466789178173,-0.008298802814695066
1837,-0.6030769588310565,-0.008298802814695066
1838,-0.6031706268880038,-0.008298802814695066
1839,-0.6040794600375264,-0.008298802814695066
1840,-0.6045245899045071,-0.008298802814695066
1841,-0.604593353798163,-0.008298802814695066
1842,-0.604734010823756,-0.008298802814695066
1843,-0.6052455340392162,-0.008298802814695066
1844,-0.6055127239541489,-0.008298802814695066
1845,-0.6056223303423087,-0.008298802814695066
1846,-0.607062575313786,-0.008298802814695066
1847,-0.6071444207026826,-0.008298802814695066
1848,-0.6073140838832954,-0.008298802814695066
1849,-0.6073291170423595,-0.008298802814695066
1850,-0.6074456873560142,-0.008298802814695066
1851,-0.6074508299679042,-0.008298802814695066
1852,-0.6085257042769044,-0.008298802814695066
1853,-0.6092086043334495,-0.008298802814695066
1854,-0.6092925897251769,-0.008298802814695066
1855,-0.6094579721751868,-0.008298802814695066
1856,-0.6097228885141526,-0.008298802814695066
1857,-0.6097247968177367,-0.008298802814695066
1858,-0.609976697341065,-0.008298802814695066
1859,-0.6103316133891752,-0.008298802814695066
1860,-0.610370993811955,-0.008298802814695066
1861,-0.6115156898984764,-0.008298802814695066
1862,-0.612062075161981,-0.008298802814695066
1863,-0.6120757988604236,-0.008298802814695066
1864,-0.6131275953918249,-0.008298802814695066
1865,-0.6132369696956208,-0.008298802814695066
1866,-0.6133934963259869,-0.008298802814695066
1867,-0.6139317783834594,-0.008298802814695066
1868,-0.6140855382554553,-0.008298802814695066
1869,-0.6140939028424792,-0.008298802814695066
1870,-0.6141936251645925,-0.008298802814695066
1871,-0.614507697706458,-0.008298802814695066
1872,-0.6145874737504967,-0.008298802814695066
1873,-0.6150860446165756,-0.008298802814695066
1874,-0.6153040527546633,-0.008298802814695066
1875,-0.6153608382069066,-0.008298802814695066
1876,-0.6154678100491239,-0.008298802814695066
1877,-0.6157112641706014,-0.008298802814695066
1878,-0.6157848016347905,-0.008298802814695066
1879,-0.6161985679565656,-0.008298802814695066
1880,-0.616433557065554,-0.008298802814695066
1881,-0.6177037916319819,-0.008298802814695066
1882,-0.6177915011560793,-0.008298802814695066
1883,-0.6178080810705298,-0.008298802814695066
1884,-0.6180531260508599,-0.008298802814695066
1885,-0.6187543982148294,-0.008298802814695066
1886,-0.6188309158495684,-0.008298802814695066
1887,-0.6193259631903136,-0.008298802814695066
1888,-0.6200774562050062,-0.008298802814695066
1889,-0.6206090684259022,-0.008298802814695066
1890,-0.6207274197049318,-0.008298802814695066
1891,-0.6209027958025366,-0.008298802814695066
1892,-0.6211703886801256,-0.008298802814695066
1893,-0.6221199964137668,-0.008298802814695066
1894,-0.6221308007425252,-0.008298802814695066
1895,-0.6222418324072446,-0.008298802814695066
1896,-0.6222545141961783,-0.008298802814695066
1897,-0.6228594267371835,-0.008298802814695066
1898,-0.6228686105626504,-0.008298802814695066
1899,-0.6228938055040462,-0.008298802814695066
1900,-0.6231915070349521,-0.008298802814695066
1901,-0.6233095833527053,-0.008298802814695066
1902,-0.6234633855661655,-0.008298802814695066
1903,-0.6235309145929919,-0.008298802814695066
1904,-0.623577165412809,-0.008298802814695066
1905,-0.6237341064849478,-0.008298802814695066
1906,-0.6243902777835975,-0.008298802814695066
1907,-0.6247657768427399,-0.008298802814695066
1908,-0.6253610145938427,-0.008298802814695066
1909,-0.6253930571364492,-0.008298802814695066
1910,-0.6258746801305963,-0.008298802814695066
1911,-0.6260612544624231,-0.008298802814695066
1912,-0.6261231630319061,-0.008298802814695066
1913,-0.6266102038294379,-0.008298802814695066
1914,-0.6271302160234817,-0.008298802814695066
1915,-0.6276526560934772,-0.008298802814695066
1916,-0.6277344240761596,-0.008298802814695066
1917,-0.6281809882929875,-0.008298802814695066
1918,-0.628242487715725,-0.008298802814695066
1919,-0.6290969881493997,-0.008298802814695066
1920,-0.6292294807337531,-0.008298802814695066
1921,-0.6292953278515947,-0.008298802814695066
1922,-0.629650226912712,-0.008298802814695066
1923,-0.6297977744422236,-0.008298802814695066
1924,-0.6298323713803343,-0.008298802814695066
1925,-0.6299842126956776,-0.008298802814695066
1926,-0.6302458498087179,-0.008298802814695066
1927,-0.6303959993658494,-0.008298802814695066
1928,-0.6305288388572757,-0.008298802814695066
1929,-0.6312355234357112,-0.008298802814695066
1930,-0.631855453153975,-0.008298802814695066
1931,-0.6319191985701439,-0.008298802814695066
1932,-0.632180508577052,-0.008298802814695066
1933,-0.6322125684948752,-0.008298802814695066
1934,-0.6322629924633592,-0.008298802814695066
1935,-0.6323110020035126,-0.008298802814695066
1936,-0.632900940747332,-0.008298802814695066
1937,-0.63333534449674,-0.008298802814695066
1938,-0.6338146685957271,-0.008298802814695066
1939,-0.6339448448824798,-0.008298802814695066
1940,-0.634268669137835,-0.008298802814695066
1941,-0.6345546468567803,-0.008298802814695066
1942,-0.6347503458855422,-0.008298802814695066
1943,-0.6351043089876249,-0.008298802814695066
1944,-0.6354731394960871,-0.008298802814695066
1945,-0.6358405243095915,-0.008298802814695066
1946,-0.6360958579322245,-0.008298802814695066
1947,-0.6362594547063128,-0.008298802814695066
1948,-0.6364353670329905,-0.008298802814695066
1949,-0.6366106622470962,-0.008298802814695066
1950,-0.6366414631964112,-0.008298802814695066
1951,-0.6366607411971612,-0.008298802814695066
1952,-0.6369635308658755,-0.008298802814695066
1953,-0.6370239096603869,-0.008298802814695066
1954,-0.6370727091624546,-0.008298802814695066
1955,-0.6376134265191715,-0.008298802814695066
1956,-0.638088933719495,-0.008298802814695066
1957,-0.6381271542080512,-0.008298802814695066
1958,-0.6383915331917562,-0.008298802814695066
1959,-0.6384263161640631,-0.008298802814695066
1960,-0.6388612398675768,-0.008298802814695066
1961,-0.6391195649701934,-0.008298802814695066
1962,-0.6394634267057269,-0.008298802814695066
1963,-0.6395061904328406,-0.008298802814695066
1964,-0.6396143190772574,-0.008298802814695066
1965,-0.6398641296839747,-0.008298802814695066
1966,-0.6398802607214475,-0.008298802814695066
1967,-0.639976606666885,-0.008298802814695066
1968,-0.6402370022213435,-0.008298802814695066
1969,-0.6403082874239133,-0.008298802814695066
1970,-0.6405559335164097,-0.008298802814695066
1971,-0.6411982491996542,-0.008298802814695066
1972,-0.6416617254251733,-0.008298802814695066
1973,-0.6418836387047431,-0.008298802814695066
1974,-0.6419847641132935,-0.008298802814695066
1975,-0.6432061612705178,-0.008298802814695066
1976,-0.6434652076769231,-0.008298802814695066
1977,-0.6435331767563877,-0.008298802814695066
1978,-0.6441947590913242,-0.008298802814695066
1979,-0.6444910133876438,-0.008298802814695066
1980,-0.6446344517244387,-0.008298802814695066
1981,-0.6446622838184592,-0.008298802814695066
1982,-0.6451412648153638,-0.008298802814695066
1983,-0.6456276537821037,-0.008298802814695066
1984,-0.6462393633251892,-0.008298802814695066
1985,-0.6465328939801255,-0.008298802814695066
1986,-0.6466323780661775,-0.008298802814695066
1987,-0.6472404813848773,-0.008298802814695066
1988,-0.6482624911544153,-0.008298802814695066
1989,-0.648424821981936,-0.008298802814695066
1990,-0.6485193566244282,-0.008298802814695066
1991,-0.648663980936258,-0.008298802814695066
1992,-0.6492830940834401,-0.008298802814695066
1993,-0.6494840956398845,-0.008298802814695066
1994,-0.6496321891440793,-0.008298802814695066
1995,-0.6497661492270541,-0.008298802814695066
1996,-0.6498152688354137,-0.008298802814695066
1997,-0.6500035771265509,-0.008298802814695066
1998,-0.650464291050195,-0.008298802814695066
1999,-0.6509703381079641,-0.008298802814695066
2000,-0.6510152632594841,-0.008298802814695066
2001,-0.6510921350695072,-0.008298802814695066
2002,-0.6512640455621089,-0.008298802814695066
2003,-0.6515684885888693,-0.008298802814695066
2004,-0.6516231673101914,-0.008298802814695066
2005,-0.6517377019371733,-0.008298802814695066
2006,-0.6518026829267899,-0.008298802814695066
2007,-0.65185284930721,-0.008298802814695066
2008,-0.6523808802545917,-0.008298802814695066
2009,-0.6526562937889065,-0.008298802814695066
2010,-0.6527905459262595,-0.008298802814695066
2011,-0.6531299764864655,-0.008298802814695066
2012,-0.6532981373278344,-0.008298802814695066
2013,-0.6535884644985066,-0.008298802814695066
2014,-0.6542297641168329,-0.008298802814695066
2015,-0.6544981504246384,-0.008298802814695066
2016,-0.6545830455283687,-0.008298802814695066
2017,-0.6549309623555701,-0.008298802814695066
2018,-0.6552455430503399,-0.008298802814695066
2019,-0.6552948805155976,-0.008298802814695066
2020,-0.6553896496537047,-0.008298802814695066
2021,-0.6554024834893839,-0.008298802814695066
2022,-0.6554065877452481,-0.008298802814695066
2023,-0.6557081433101417,-0.008298802814695066
2024,-0.656097566818244,-0.008298802814695066
2025,-0.6566160909905825,-0.008298802814695066
2026,-0.6566488361402075,-0.008298802814695066
2027,-0.6568566219944165,-0.008298802814695066
2028,-0.6573346443146095,-0.008298802814695066
2029,-0.6583563140542352,-0.008298802814695066
2030,-0.6584188753035595,-0.008298802814695066
2031,-0.6585729628486646,-0.008298802814695066
2032,-0.6586018301080157,-0.008298802814695066
2033,-0.6592957171186085,-0.008298802814695066
2034,-0.6594914969640738,-0.008298802814695066
2035,-0.6596599996810897,-0.008298802814695066
2036,-0.6599996416518432,-0.008298802814695066
2037,-0.6604255214723574,-0.008298802814695066
2038,-0.6604984960579903,-0.008298802814695066
2039,-0.6604995384797852,-0.008298802814695066
2040,-0.6607698274322757,-0.008298802814695066
2041,-0.6609396992123144,-0.008298802814695066
2042,-0.6612347865206855,-0.008298802814695066
2043,-0.6617051442832758,-0.008298802814695066
2044,-0.6618109443879082,-0.008298802814695066
2045,-0.6620573352128084,-0.008298802814695066
2046,-0.6622673720491445,-0.008298802814695066
2047,-0.6631799851636246,-0.008298802814695066
2048,-0.6634864846798318,-0.008298802814695066
2049,-0.6635597125305204,-0.008298802814695066
2050,-0.6640033688622107,-0.008298802814695066
2051,-0.664189140466432,-0.008298802814695066
2052,-0.6643155944269105,-0.008298802814695066
2053,-0.6643456529871191,-0.008298802814695066
2054,-0.6643866481856047,-0.008298802814695066
2055,-0.6649888326525694,-0.008298802814695066
2056,-0.6650513095460437,-0.008298802814695066
2057,-0.6655913514426015,-0.008298802814695066
2058,-0.6657931847990062,-0.008298802814695066
2059,-0.6658465716878136,-0.008298802814695066
2060,-0.6660805920137978,-0.008298802814695066
2061,-0.6662093700121825,-0.008298802814695066
2062,-0.6663195884388387,-0.008298802814695066
2063,-0.6664420391067903,-0.008298802814695066
2064,-0.6665842397577606,-0.008298802814695066
2065,-0.6667214832358768,-0.008298802814695066
2066,-0.6669132877899724,-0.008298802814695066
2067,-0.6672481858413837,-0.008298802814695066
2068,-0.6678571598606824,-0.008298802814695066
2069,-0.6679531662817506,-0.008298802814695066
2070,-0.6680201036398172,-0.008298802814695066
2071,-0.6680349184389788,-0.008298802814695066
2072,-0.6686304330545224,-0.008298802814695066
2073,-0.6691002461138436,-0.008298802814695066
2074,-0.6696049344667508,-0.008298802814695066
2075,-0.6696859046562283,-0.008298802814695066
2076,-0.669891550662935,-0.008298802814695066
2077,-0.6699146174930688,-0.008298802814695066
2078,-0.6703608362161732,-0.008298802814695066
2079,-0.670449171300086,-0.008298802814695066
2080,-0.6705586396181316,-0.008298802814695066
2081,-0.6710997567839792,-0.008298802814695066
2082,-0.6711624975774134,-0.008298802814695066
2083,-0.6725600168583756,-0.008298802814695066
2084,-0.6731400871096882,-0.008298802814695066
2085,-0.6735207154503504,-0.008298802814695066
2086,-0.6740432050176142,-0.008298802814695066
2087,-0.6742778215823572,-0.008298802814695066
2088,-0.6744276269965399,-0.008298802814695066
2089,-0.6748326190351595,-0.008298802814695066
2090,-0.6752302221615829,-0.008298802814695066
2091,-0.6754908395122599,-0.008298802814695066
2092,-0.6754995180958809,-0.008298802814695066
2093,-0.6756063851329774,-0.008298802814695066
2094,-0.6759681234515471,-0.008298802814695066
2095,-0.6762594910637365,-0.008298802814695066
2096,-0.6764153533945827,-0.008298802814695066
2097,-0.6771636190221162,-0.008298802814695066
2098,-0.6771712259086526,-0.008298802814695066
2099,-0.6786552362243525,-0.008298802814695066
2100,-0.6788503222996862,-0.008298802814695066
2101,-0.6791540617025211,-0.008298802814695066
2102,-0.6793396472491431,-0.008298802814695066
2103,-0.6797507428690335,-0.008298802814695066
2104,-0.6799626896157989,-0.008298802814695066
2105,-0.6800577553377939,-0.008298802814695066
2106,-0.6800911327688375,-0.008298802814695066
2107,-0.6801330023931345,-0.008298802814695066
2108,-0.6801898123444544,-0.008298802814695066
2109,-0.6802866407280057,-0.008298802814695066
2110,-0.6803711603298851,-0.008298802814695066
2111,-0.6805573254502844,-0.008298802814695066
2112,-0.6806435759759627,-0.008298802814695066
2113,-0.6808008729592674,-0.008298802814695066
2114,-0.6818573966198409,-0.008298802814695066
2115,-0.6819998340942655,-0.008298802814695066
2116,-0.6823848112849347,-0.008298802814695066
2117,-0.6825540696134912,-0.008298802814695066
2118,-0.6825879106159235,-0.008298802814695066
2119,-0.6830042327031658,-0.008298802814695066
2120,-0.6834393844436872,-0.008298802814695066
2121,-0.6839029692162024,-0.008298802814695066
2122,-0.6844320248956188,-0.008298802814695066
2123,-0.6848914627653908,-0.008298802814695066
2124,-0.6849645178100212,-0.008298802814695066
2125,-0.6850338695625181,-0.008298802814695066
2126,-0.6850910205981067,-0.008298802814695066
2127,-0.6852704540517169,-0.008298802814695066
2128,-0.6853729605127437,-0.008298802814695066
2129,-0.6862003857128798,-0.008298802814695066
2130,-0.686309709881417,-0.008298802814695066
2131,-0.6866146493506261,-0.008298802814695066
2132,-0.6867598021707577,-0.008298802814695066
2133,-0.686947486774826,-0.008298802814695066
2134,-0.687164575095844,-0.008298802814695066
2135,-0.6871949306009765,-0.008298802814695066
2136,-0.6874876362318534,-0.008298802814695066
2137,-0.6878727503936125,-0.008298802814695066
2138,-0.6879240220735325,-0.008298802814695066
2139,-0.6879554813618545,-0.008298802814695066
2140,-0.6882327991973173,-0.008298802814695066
2141,-0.6890403678616437,-0.008298802814695066
2142,-0.6893978784040595,-0.008298802814695066
2143,-0.689890450957525,-0.008298802814695066
2144,-0.6903852689128861,-0.008298802814695066
2145,-0.690893151328125,-0.008298802814695066
2146,-0.6914833577893157,-0.008298802814695066
2147,-0.6929481573245838,-0.008298802814695066
2148,-0.693125186341327,-0.008298802814695066
2149,-0.6935549037434804,-0.008298802814695066
2150,-0.6935840246862484,-0.008298802814695066
2151,-0.6938583779864267,-0.008298802814695066
2152,-0.6943478700756334,-0.008298802814695066
2153,-0.6950514206491728,-0.008298802814695066
2154,-0.6950976479121853,-0.008298802814695066
2155,-0.6951460334163976,-0.008298802814695066
2156,-0.695418518248477,-0.008298802814695066
2157,-0.6956464177250559,-0.008298802814695066
2158,-0.6957189979844612,-0.008298802814695066
2159,-0.6964172745392201,-0.008298802814695066
2160,-0.6966317060814149,-0.008298802814695066
2161,-0.6973646946870378,-0.008298802814695066
2162,-0.6976505245968256,-0.008298802814695066
2163,-0.6976723393948421,-0.008298802814695066
2164,-0.6977339970262464,-0.008298802814695066
2165,-0.6978284297291565,-0.008298802814695066
2166,-0.6981778794317727,-0.008298802814695066
2167,-0.6982924672974387,-0.008298802814695066
2168,-0.6984015706069823,-0.008298802814695066
2169,-0.6999338655614141,-0.008298802814695066
2170,-0.7008967737913422,-0.008298802814695066
2171,-0.7014443315572423,-0.008298802814695066
2172,-0.7017358451797673,-0.008298802814695066
2173,-0.7018704436809433,-0.008298802814695066
2174,-0.7021960612794585,-0.008298802814695066
2175,-0.7022182260467503,-0.008298802814695066
2176,-0.7029307413857692,-0.008298802814695066
2177,-0.703113276193333,-0.008298802814695066
2178,-0.7034923793909333,-0.008298802814695066
2179,-0.7043417846210939,-0.008298802814695066
2180,-0.7045089781632072,-0.008298802814695066
2181,-0.7045835197190436,-0.008298802814695066
2182,-0.7053772401248011,-0.008298802814695066
2183,-0.706181483243246,-0.008298802814695066
2184,-0.7063604054988837,-0.008298802814695066
2185,-0.7065397393285273,-0.008298802814695066
2186,-0.7068900874307358,-0.008298802814695066
2187,-0.7076542964226775,-0.008298802814695066
2188,-0.7081122437991398,-0.008298802814695066
2189,-0.7083223090249616,-0.008298802814695066
2190,-0.7089050836554708,-0.008298802814695066
2191,-0.7093549477855032,-0.008298802814695066
2192,-0.7093876205231016,-0.008298802814695066
2193,-0.7100747048554334,-0.008298802814695066
2194,-0.7104147503191238,-0.008298802814695066
2195,-0.7107479487716755,-0.008298802814695066
2196,-0.7110489348569452,-0.008298802814695066
2197,-0.711067135587103,-0.008298802814695066
2198,-0.7112581886149636,-0.008298802814695066
2199,-0.7117914448273308,-0.008298802814695066
2200,-0.7118259881103881,-0.008298802814695066
2201,-0.7119713423005748,-0.008298802814695066
2202,-0.711994790720224,-0.008298802814695066
2203,-0.7123989751846005,-0.008298802814695066
2204,-0.7124488088349585,-0.008298802814695066
2205,-0.7125383937522172,-0.008298802814695066
2206,-0.712695479916377,-0.008298802814695066
2207,-0.7129318702712222,-0.008298802814695066
2208,-0.7141133147209144,-0.008298802814695066
2209,-0.7151851874741969,-0.008298802814695066
2210,-0.7156903259679326,-0.008298802814695066
2211,-0.7163201291269767,-0.008298802814695066
2212,-0.716613977148701,-0.008298802814695066
2213,-0.716755961420882,-0.008298802814695066
2214,-0.717079042934387,-0.008298802814695066
2215,-0.7176450526374919,-0.008298802814695066
2216,-0.7178676990448524,-0.008298802814695066
2217,-0.7178925986061392,-0.008298802814695066
2218,-0.7178961242465289,-0.008298802814695066
2219,-0.7180451137307942,-0.008298802814695066
2220,-0.7184481771950597,-0.008298802814695066
2221,-0.7195509655307591,-0.008298802814695066
2222,-0.7197429709259422,-0.008298802814695066
2223,-0.7201665270394699,-0.008298802814695066
2224,-0.7203966764557626,-0.008298802814695066
2225,-0.721215333884311,-0.008298802814695066
2226,-0.7214111864885817,-0.008298802814695066
2227,-0.7214131890502444,-0.008298802814695066
2228,-0.7219663595534225,-0.008298802814695066
2229,-0.7221907717143444,-0.008298802814695066
2230,-0.7222978541318082,-0.008298802814695066
2231,-0.7225335692922442,-0.008298802814695066
2232,-0.7229772018667561,-0.008298802814695066
2233,-0.723723366481581,-0.008298802814695066
2234,-0.724085636578396,-0.008298802814695066
2235,-0.7240970645806669,-0.008298802814695066
2236,-0.7245437495924435,-0.008298802814695066
2237,-0.7246559286574312,-0.008298802814695066
2238,-0.7250129040550065,-0.008298802814695066
2239,-0.7252171642804501,-0.008298802814695066
2240,-0.7253888478851731,-0.008298802814695066
2241,-0.7255352136321653,-0.008298802814695066
2242,-0.7256581633279905,-0.008298802814695066
2243,-0.7269913220354091,-0.008298802814695066
2244,-0.727362121670482,-0.008298802814695066
2245,-0.7288064530017331,-0.008298802814695066
2246,-0.7288973325002103,-0.008298802814695066
2247,-0.7289665834425506,-0.008298802814695066
2248,-0.7294062584558998,-0.008298802814695066
2249,-0.7294822592467868,-0.008298802814695066
2250,-0.7294835813956684,-0.008298802814695066
2251,-0.7301926968010914,-0.008298802814695066
2252,-0.7305749032152681,-0.008298802814695066
2253,-0.7307660817890574,-0.008298802814695066
2254,-0.7311127701680016,-0.008298802814695066
2255,-0.7311248570384778,-0.008298802814695066
2256,-0.732151825807654,-0.008298802814695066
2257,-0.7323270494888767,-0.008298802814695066
2258,-0.7323650615495454,-0.008298802814695066
2259,-0.7324632940512887,-0.008298802814695066
2260,-0.7328090734091544,-0.008298802814695066
2261,-0.7328562887848902,-0.008298802814695066
2262,-0.7329401491359525,-0.008298802814695066
2263,-0.7332511493071747,-0.008298802814695066
2264,-0.7338317332859429,-0.008298802814695066
2265,-0.7339043335411605,-0.008298802814695066
2266,-0.7339730018214796,-0.008298802814695066
2267,-0.7339837537023066,-0.008298802814695066
2268,-0.7341424423861871,-0.008298802814695066
2269,-0.7341464090965106,-0.008298802814695066
2270,-0.7345011932119668,-0.008298802814695066
2271,-0.734588338466737,-0.008298802814695066
2272,-0.7346852182782057,-0.008298802814695066
2273,-0.7353469940872251,-0.008298802814695066
2274,-0.7356870039956729,-0.008298802814695066
2275,-0.7358229691302771,-0.008298802814695066
2276,-0.735844657598782,-0.008298802814695066
2277,-0.7360471463383211,-0.008298802814695066
2278,-0.7360875279380525,-0.008298802814695066
2279,-0.7364936235174165,-0.008298802814695066
2280,-0.7366927982998135,-0.008298802814695066
2281,-0.7370357494088138,-0.008298802814695066
2282,-0.737310662372813,-0.008298802814695066
2283,-0.737332884258062,-0.008298802814695066
2284,-0.7373778343819992,-0.008298802814695066
2285,-0.7381867534988009,-0.008298802814695066
2286,-0.7382548173548151,-0.008298802814695066
2287,-0.7386972885373598,-0.008298802814695066
2288,-0.7388007960991204,-0.008298802814695066
2289,-0.7389034867320822,-0.008298802814695066
2290,-0.7396398254887696,-0.008298802814695066
2291,-0.7400856987011944,-0.008298802814695066
2292,-0.7407795585995316,-0.008298802814695066
2293,-0.7410170263129665,-0.008298802814695066
2294,-0.7412891027534587,-0.008298802814695066
2295,-0.7417028926263337,-0.008298802814695066
2296,-0.7418838993093742,-0.008298802814695066
2297,-0.7419198652098116,-0.008298802814695066
2298,-0.7420231483890034,-0.008298802814695066
2299,-0.7427275917407876,-0.008298802814695066
2300,-0.7428236555752981,-0.008298802814695066
2301,-0.7429720611183896,-0.008298802814695066
2302,-0.7430615626568761,-0.008298802814695066
2303,-0.7431294992419459,-0.008298802814695066
2304,-0.743252269104296,-0.008298802814695066
2305,-0.7434395692339226,-0.008298802814695066
2306,-0.7436997503933243,-0.008298802814695066
2307,-0.7443802522834141,-0.008298802814695066
2308,-0.7446584148883714,-0.008298802814695066
2309,-0.7448212201587794,-0.008298802814695066
2310,-0.7449554647773886,-0.008298802814695066
2311,-0.7450393764210836,-0.008298802814695066
2312,-0.7451725686600092,-0.008298802814695066
2313,-0.745410603570845,-0.008298802814695066
2314,-0.7454810923665075,-0.008298802814695066
2315,-0.7454978777551915,-0.008298802814695066
2316,-0.7460116424228208,-0.008298802814695066
2317,-0.7466619845956091,-0.008298802814695066
2318,-0.7466700404454065,-0.008298802814695066
2319,-0.7472913497427915,-0.008298802814695066
2320,-0.7475753155183573,-0.008298802814695066
2321,-0.7482715793198551,-0.008298802814695066
2322,-0.74875676165378,-0.008298802814695066
2323,-0.7496663792239893,-0.008298802814695066
2324,-0.7503750915171397,-0.008298802814695066
2325,-0.751211288046066,-0.008298802814695066
2326,-0.751389326617989,-0.008298802814695066
2327,-0.7516313418967345,-0.008298802814695066
2328,-0.7516973969107246,-0.008298802814695066
2329,-0.7517029233406113,-0.008298802814695066
2330,-0.7517992781900875,-0.008298802814695066
2331,-0.7521131405236998,-0.008298802814695066
2332,-0.7524313105665897,-0.008298802814695066
2333,-0.7524393095199344,-0.008298802814695066
2334,-0.7538668358665729,-0.008298802814695066
2335,-0.7544591093114315,-0.008298802814695066
2336,-0.7545363613545018,-0.008298802814695066
2337,-0.7552786527757691,-0.008298802814695066
2338,-0.7553005850908124,-0.008298802814695066
2339,-0.7553828505794222,-0.008298802814695066
2340,-0.7555536669706285,-0.008298802814695066
2341,-0.7556682499297751,-0.008298802814695066
2342,-0.755699072147265,-0.008298802814695066
2343,-0.7561687917508546,-0.008298802814695066
2344,-0.756212410947045,-0.008298802814695066
2345,-0.756274359540408,-0.008298802814695066
2346,-0.7569897796839471,-0.008298802814695066
2347,-0.7570821979698448,-0.008298802814695066
2348,-0.7571959512939952,-0.008298802814695066
2349,-0.7573650511656698,-0.008298802814695066
2350,-0.757451982162767,-0.008298802814695066
2351,-0.7577696505196978,-0.008298802814695066
2352,-0.7579394853293959,-0.008298802814695066
2353,-0.7579465270985777,-0.008298802814695066
2354,-0.7583921698461163,-0.008298802814695066
2355,-0.7584511596587651,-0.008298802814695066
2356,-0.7587064259456926,-0.008298802814695066
2357,-0.7589324684082202,-0.008298802814695066
2358,-0.7596705912628459,-0.008298802814695066
2359,-0.7598115045537303,-0.008298802814695066
2360,-0.7600883811597533,-0.008298802814695066
2361,-0.7601131406642785,-0.008298802814695066
2362,-0.7605267217556504,-0.008298802814695066
2363,-0.760652993019886,-0.008298802814695066
2364,-0.7608249869549812,-0.008298802814695066
2365,-0.7608516723355996,-0.008298802814695066
2366,-0.7610917566679777,-0.008298802814695066
2367,-0.7615983731397984,-0.008298802814695066
2368,-0.7619493724898465,-0.008298802814695066
2369,-0.7620894691199319,-0.008298802814695066
2370,-0.7623902657828092,-0.008298802814695066
2371,-0.7625659408308402,-0.008298802814695066
2372,-0.763066587074944,-0.008298802814695066
2373,-0.7630976112569816,-0.008298802814695066
2374,-0.7632750426639363,-0.008298802814695066
2375,-0.7636516516230143,-0.008298802814695066
2376,-0.7640151293676417,-0.008298802814695066
2377,-0.7640406227761369,-0.008298802814695066
2378,-0.7642176379511312,-0.008298802814695066
2379,-0.7647194625487221,-0.008298802814695066
2380,-0.7648274671254142,-0.008298802814695066
2381,-0.7649026461002942,-0.008298802814695066
2382,-0.7650575722445194,-0.008298802814695066
2383,-0.766125510188063,-0.008298802814695066
2384,-0.766168931645827,-0.008298802814695066
2385,-0.7664101091784262,-0.008298802814695066
2386,-0.7668470025706455,-0.008298802814695066
2387,-0.7669477277963095,-0.008298802814695066
2388,-0.7671232877529193,-0.008298802814695066
2389,-0.7671473474294939,-0.008298802814695066
2390,-0.7671603516905691,-0.008298802814695066
2391,-0.768505277858702,-0.008298802814695066
2392,-0.7686551021124297,-0.008298802814695066
2393,-0.7695567167828741,-0.008298802814695066
2394,-0.7695652094412303,-0.008298802814695066
2395,-0.7696163033168761,-0.008298802814695066
2396,-0.7698002209320456,-0.008298802814695066
2397,-0.7698331520598234,-0.008298802814695066
2398,-0.7698476748146925,-0.008298802814695066
2399,-0.7698826658775045,-0.008298802814695066
2400,-0.7700057505736373,-0.008298802814695066
2401,-0.7702517204536148,-0.008298802814695066
2402,-0.7704652598306092,-0.008298802814695066
2403,-0.7707631946692323,-0.008298802814695066
2404,-0.7713536862719763,-0.008298802814695066
2405,-0.7715470140632056,-0.008298802814695066
2406,-0.7716334448026311,-0.008298802814695066
2407,-0.7724430988786694,-0.008298802814695066
2408,-0.7725066550170142,-0.008298802814695066
2409,-0.7725992545870821,-0.008298802814695066
2410,-0.7726208850218467,-0.008298802814695066
2411,-0.7728315134930859,-0.008298802814695066
2412,-0.7730156397849002,-0.008298802814695066
2413,-0.7730377081108779,-0.008298802814695066
2414,-0.7730808840929868,-0.008298802814695066
2415,-0.7732132102664423,-0.008298802814695066
2416,-0.7740850611781849,-0.008298802814695066
2417,-0.7742628440804187,-0.008298802814695066
2418,-0.774972306442627,-0.008298802814695066
2419,-0.7751001425314782,-0.008298802814695066
2420,-0.7759041332763392,-0.008298802814695066
2421,-0.7761286869762423,-0.008298802814695066
2422,-0.7761638289711528,-0.008298802814695066
2423,-0.7764291984635464,-0.008298802814695066
2424,-0.7769125807107056,-0.008298802814695066
2425,-0.7775245036050964,-0.008298802814695066
2426,-0.7775712258532118,-0.008298802814695066
2427,-0.7779114092309752,-0.008298802814695066
2428,-0.7780180436736539,-0.008298802814695066
2429,-0.7783940414675031,-0.008298802814695066
2430,-0.7785990583448816,-0.008298802814695066
2431,-0.7790664641463945,-0.008298802814695066
2432,-0.779149864304489,-0.008298802814695066
2433,-0.7795479960531133,-0.008298802814695066
2434,-0.779698659409092,-0.008298802814695066
2435,-0.7797562092898759,-0.008298802814695066
2436,-0.7803615689989989,-0.008298802814695066
2437,-0.7805536407152809,-0.008298802814695066
2438,-0.7806066571502898,-0.008298802814695066
2439,-0.7808204645133935,-0.008298802814695066
2440,-0.7809841691577456,-0.008298802814695066
2441,-0.7813957409212328,-0.008298802814695066
2442,-0.781443834806065,-0.008298802814695066
2443,-0.7821515826144898,-0.008298802814695066
2444,-0.7824948251449593,-0.008298802814695066
2445,-0.7825763743998011,-0.008298802814695066
2446,-0.7828062796202926,-0.008298802814695066
2447,-0.7832637195931196,-0.008298802814695066
2448,-0.7834535465827056,-0.008298802814695066
2449,-0.7834760996472183,-0.008298802814695066
2450,-0.7834866017759146,-0.008298802814695066
2451,-0.7836935347771148,-0.008298802814695066
2452,-0.7837395389398594,-0.008298802814695066
2453,-0.7839475824241655,-0.008298802814695066
2454,-0.7840745027980824,-0.008298802814695066
2455,-0.7841496792514379,-0.008298802814695066
2456,-0.7842851697573678,-0.008298802814695066
2457,-0.7846050345463571,-0.008298802814695066
2458,-0.7846312633586222,-0.008298802814695066
2459,-0.7849758486248625,-0.008298802814695066
2460,-0.785099670492593,-0.008298802814695066
2461,-0.7853864491572138,-0.008298802814695066
2462,-0.7854233526379828,-0.008298802814695066
2463,-0.7856008914898491,-0.008298802814695066
2464,-0.7858810401881001,-0.008298802814695066
2465,-0.7861861817099208,-0.008298802814695066
2466,-0.7868324800269919,-0.008298802814695066
2467,-0.7878799194209547,-0.008298802814695066
2468,-0.7885969391571321,-0.008298802814695066
2469,-0.7886606072588435,-0.008298802814695066
2470,-0.7887857302063662,-0.008298802814695066
2471,-0.7888604716872089,-0.008298802814695066
2472,-0.7889998896824129,-0.008298802814695066
2473,-0.7891283635780628,-0.008298802814695066
2474,-0.7900886607954023,-0.008298802814695066
2475,-0.7907308083029833,-0.008298802814695066
2476,-0.7910908102552835,-0.008298802814695066
2477,-0.7911140242909986,-0.008298802814695066
2478,-0.7917317681575482,-0.008298802814695066
2479,-0.7919621830968717,-0.008298802814695066
2480,-0.7928027847815535,-0.008298802814695066
2481,-0.7931619740174376,-0.008298802814695066
2482,-0.7933236222597442,-0.008298802814695066
2483,-0.793836331331332,-0.008298802814695066
2484,-0.7940004266020012,-0.008298802814695066
2485,-0.7940908022368047,-0.008298802814695066
2486,-0.7941016362994172,-0.008298802814695066
2487,-0.7941573916202597,-0.008298802814695066
2488,-0.7942251996276577,-0.008298802814695066
2489,-0.79458732712768,-0.008298802814695066
2490,-0.79604453664902,-0.008298802814695066
2491,-0.7960483511782882,-0.008298802814695066
2492,-0.7962049604367412,-0.008298802814695066
2493,-0.7966283603124235,-0.008298802814695066
2494,-0.7966381825187472,-0.008298802814695066
2495,-0.7969343745671525,-0.008298802814695066
2496,-0.7970158748773701,-0.008298802814695066
2497,-0.7970164400626376,-0.008298802814695066
2498,-0.7970193388967978,-0.008298802814695066
2499,-0.7977459944534865,-0.008298802814695066
2500,-0.7984826893230949,-0.008298802814695066
2501,-0.7986920516045235,-0.008298802814695066
2502,-0.7989500905285805,-0.008298802814695066
2503,-0.7995265822413502,-0.008298802814695066
2504,-0.7998466056653812,-0.008298802814695066
2505,-0.8002044806315254,-0.008298802814695066
2506,-0.8002201472559877,-0.008298802814695066
2507,-0.8004199918921673,-0.008298802814695066
2508,-0.8008304121897343,-0.008298802814695066
2509,-0.800902614199362,-0.008298802814695066
2510,-0.8009393056993087,-0.008298802814695066
2511,-0.8013065216589988,-0.008298802814695066
2512,-0.8022172111781753,-0.008298802814695066
2513,-0.8024693330195437,-0.008298802814695066
2514,-0.8026702757799843,-0.008298802814695066
2515,-0.8028308425671439,-0.008298802814695066
2516,-0.8029329624313588,-0.008298802814695066
2517,-0.8033016229364368,-0.008298802814695066
2518,-0.8037394337074716,-0.008298802814695066
2519,-0.8040852868506626,-0.008298802814695066
2520,-0.8046072573225858,-0.008298802814695066
2521,-0.80471770911829,-0.008298802814695066
2522,-0.8047359890416372,-0.008298802814695066
2523,-0.8050410604777632,-0.008298802814695066
2524,-0.8050951793007902,-0.008298802814695066
2525,-0.8053037497448078,-0.008298802814695066
2526,-0.8054109192748198,-0.008298802814695066
2527,-0.8059894423323695,-0.008298802814695066
2528,-0.8066077740267079,-0.008298802814695066
2529,-0.8067125791918481,-0.008298802814695066
2530,-0.8067841135535341,-0.008298802814695066
2531,-0.8070120861650234,-0.008298802814695066
2532,-0.8071116833262179,-0.008298802814695066
2533,-0.8073118741029639,-0.008298802814695066
2534,-0.8075449599157083,-0.008298802814695066
2535,-0.808017041070052,-0.008298802814695066
2536,-0.8080330662702045,-0.008298802814695066
2537,-0.8087723420395504,-0.008298802814695066
2538,-0.8090331526392089,-0.008298802814695066
2539,-0.8090909049436477,-0.008298802814695066
2540,-0.809184792290617,-0.008298802814695066
2541,-0.8095258335600646,-0.008298802814695066
2542,-0.8096605547183646,-0.008298802814695066
2543,-0.8096857264978892,-0.008298802814695066
2544,-0.8104469343892552,-0.008298802814695066
2545,-0.8105218590863037,-0.008298802814695066
2546,-0.8105987934041505,-0.008298802814695066
2547,-0.8110310996424162,-0.008298802814695066
2548,-0.8114445555085428,-0.008298802814695066
2549,-0.8116595721743871,-0.008298802814695066
2550,-0.812413476404479,-0.008298802814695066
2551,-0.8124898530462656,-0.008298802814695066
2552,-0.8126972962532152,-0.008298802814695066
2553,-0.8131381009522805,-0.008298802814695066
2554,-0.8131819817107744,-0.008298802814695066
2555,-0.8135444770297411,-0.008298802814695066
2556,-0.8136835296885269,-0.008298802814695066
2557,-0.8138827241074718,-0.008298802814695066
2558,-0.8149893023833192,-0.008298802814695066
2559,-0.815159271702983,-0.008298802814695066
2560,-0.8158201068393148,-0.008298802814695066
2561,-0.8162854496292908,-0.008298802814695066
2562,-0.816520686894924,-0.008298802814695066
2563,-0.8166612663643364,-0.008298802814695066
2564,-0.8172038211287683,-0.008298802814695066
2565,-0.8172637183142452,-0.008298802814695066
2566,-0.8178138828514985,-0.008298802814695066
2567,-0.8184668635928907,-0.008298802814695066
2568,-0.8191990634894694,-0.008298802814695066
2569,-0.8195154157825991,-0.008298802814695066
2570,-0.8196422618497535,-0.008298802814695066
2571,-0.8204708422943299,-0.008298802814695066
2572,-0.8206947831844491,-0.008298802814695066
2573,-0.8208443527738025,-0.008298802814695066
2574,-0.8209027061594356,-0.008298802814695066
2575,-0.8213373364521667,-0.008298802814695066
2576,-0.8216932614539807,-0.008298802814695066
2577,-0.8217266622586515,-0.008298802814695066
2578,-0.8217974462297425,-0.008298802814695066
2579,-0.8221970612147028,-0.008298802814695066
2580,-0.8224603883653643,-0.008298802814695066
2581,-0.8224976266986677,-0.008298802814695066
2582,-0.8227276311516662,-0.008298802814695066
2583,-0.8227734958674766,-0.008298802814695066
2584,-0.8232514556313468,-0.008298802814695066
2585,-0.8232853011399095,-0.008298802814695066
2586,-0.8234102160688004,-0.008298802814695066
2587,-0.8234180439592491,-0.008298802814695066
2588,-0.8235871656408088,-0.008298802814695066
2589,-0.8236866195762081,-0.008298802814695066
2590,-0.8244384254667139,-0.008298802814695066
2591,-0.8246071005022386,-0.008298802814695066
2592,-0.8248690220829065,-0.008298802814695066
2593,-0.8250600888954537,-0.008298802814695066
2594,-0.8252047367203799,-0.008298802814695066
2595,-0.8257111512964639,-0.008298802814695066
2596,-0.8264171874281839,-0.008298802814695066
2597,-0.8275689882765589,-0.008298802814695066
2598,-0.8278308491845013,-0.008298802814695066
2599,-0.8278605530678381,-0.008298802814695066
2600,-0.8281860795223522,-0.008298802814695066
2601,-0.8284894328886953,-0.008298802814695066
2602,-0.8292733929637366,-0.008298802814695066
2603,-0.8306556859393812,-0.008298802814695066
2604,-0.8309133256342738,-0.008298802814695066
2605,-0.8309661925174727,-0.008298802814695066
2606,-0.8312051963616661,-0.008298802814695066
2607,-0.832218969624585,-0.008298802814695066
2608,-0.8322337216558091,-0.008298802814695066
2609,-0.8322707361369686,-0.008298802814695066
2610,-0.8326327330699224,-0.008298802814695066
2611,-0.8327599121664606,-0.008298802814695066
2612,-0.833157387662119,-0.008298802814695066
2613,-0.8334983640941711,-0.008298802814695066
2614,-0.8336506203882834,-0.008298802814695066
2615,-0.8346072692915802,-0.008298802814695066
2616,-0.8354153567662095,-0.008298802814695066
2617,-0.8354738684660667,-0.008298802814695066
2618,-0.8358625654248022,-0.008298802814695066
2619,-0.8362518006436785,-0.008298802814695066
2620,-0.8363986389569504,-0.008298802814695066
2621,-0.8364806025656315,-0.008298802814695066
2622,-0.8365772963772905,-0.008298802814695066
2623,-0.8368518136453246,-0.008298802814695066
2624,-0.8371837280448408,-0.008298802814695066
2625,-0.8372163119927369,-0.008298802814695066
2626,-0.8373695721664552,-0.008298802814695066
2627,-0.8376270694653989,-0.008298802814695066
2628,-0.8377785834619129,-0.008298802814695066
2629,-0.8378736826970823,-0.008298802814695066
2630,-0.8382726515312854,-0.008298802814695066
2631,-0.838462251812779,-0.008298802814695066
2632,-0.8390502603361198,-0.008298802814695066
2633,-0.8390961055930473,-0.008298802814695066
2634,-0.8392584471977673,-0.008298802814695066
2635,-0.8393386400186864,-0.008298802814695066
2636,-0.8395542858264086,-0.008298802814695066
2637,-0.8400337592630068,-0.008298802814695066
2638,-0.8402423691001037,-0.008298802814695066
2639,-0.8403416526137942,-0.008298802814695066
2640,-0.8413941809893117,-0.008298802814695066
2641,-0.8416820839712023,-0.008298802814695066
2642,-0.8418362510663908,-0.008298802814695066
2643,-0.8418503735725367,-0.008298802814695066
2644,-0.8434999871838476,-0.008298802814695066
2645,-0.8438566817795911,-0.008298802814695066
2646,-0.8439011190811561,-0.008298802814695066
2647,-0.8442241870028773,-0.008298802814695066
2648,-0.8443246803270081,-0.008298802814695066
2649,-0.8443914084857862,-0.008298802814695066
2650,-0.8452517319290552,-0.008298802814695066
2651,-0.8454983599309995,-0.008298802814695066
2652,-0.8458702434378309,-0.008298802814695066
2653,-0.8461959319306827,-0.008298802814695066
2654,-0.8463087513968846,-0.008298802814695066
2655,-0.8466005267635595,-0.008298802814695066
2656,-0.8468618097043026,-0.008298802814695066
2657,-0.8476444459706756,-0.008298802814695066
2658,-0.8477007192797354,-0.008298802814695066
2659,-0.8478285854537284,-0.008298802814695066
2660,-0.8479123992531168,-0.008298802814695066
2661,-0.8479775992778449,-0.008298802814695066
2662,-0.8485381637296384,-0.008298802814695066
2663,-0.8486167036776183,-0.008298802814695066
2664,-0.8487932533684663,-0.008298802814695066
2665,-0.848983391410856,-0.008298802814695066
2666,-0.8494890249755569,-0.008298802814695066
2667,-0.8495482735375395,-0.008298802814695066
2668,-0.8498272229067838,-0.008298802814695066
2669,-0.8504600243662175,-0.008298802814695066
2670,-0.8504966125607707,-0.008298802814695066
2671,-0.8513673088612561,-0.008298802814695066
2672,-0.8517903485609304,-0.008298802814695066
2673,-0.8518842701692235,-0.008298802814695066
2674,-0.8519498825870806,-0.008298802814695066
2675,-0.8521743557118427,-0.008298802814695066
2676,-0.852536384452776,-0.008298802814695066
2677,-0.8552091796212191,-0.008298802814695066
2678,-0.8556456053080299,-0.008298802814695066
2679,-0.855917779362324,-0.008298802814695066
2680,-0.8560222966288669,-0.008298802814695066
2681,-0.8567862708949602,-0.008298802814695066
2682,-0.8575235548202155,-0.008298802814695066
2683,-0.8575887833841478,-0.008298802814695066
2684,-0.8580549428299886,-0.008298802814695066
2685,-0.8583368562871951,-0.008298802814695066
2686,-0.8586540869651914,-0.008298802814695066
2687,-0.8589020170166102,-0.008298802814695066
2688,-0.8593182937399242,-0.008298802814695066
2689,-0.8596848138459772,-0.008298802814695066
2690,-0.8600390663230413,-0.008298802814695066
2691,-0.8601258982418709,-0.008298802814695066
2692,-0.8610994917023417,-0.008298802814695066
2693,-0.8617286932016205,-0.008298802814695066
2694,-0.8618644869427716,-0.008298802814695066
2695,-0.8619870270288126,-0.008298802814695066
2696,-0.8621245553874102,-0.008298802814695066
2697,-0.8625046880832554,-0.008298802814695066
2698,-0.8625423949516656,-0.008298802814695066
2699,-0.8630042167094902,-0.008298802814695066
2700,-0.863054442485292,-0.008298802814695066
2701,-0.863056623346503,-0.008298802814695066
2702,-0.8631580642734697,-0.008298802814695066
2703,-0.8631752311858963,-0.008298802814695066
2704,-0.8637464565671484,-0.008298802814695066
2705,-0.8639279256444007,-0.008298802814695066
2706,-0.8640229495918018,-0.008298802814695066
2707,-0.8642559274410252,-0.008298802814695066
2708,-0.8649310888920209,-0.008298802814695066
2709,-0.8651118680265224,-0.008298802814695066
2710,-0.8652509761845383,-0.008298802814695066
2711,-0.8664237781351491,-0.008298802814695066
2712,-0.8665923889586576,-0.008298802814695066
2713,-0.8668095264926876,-0.008298802814695066
2714,-0.8672695960733545,-0.008298802814695066
2715,-0.8680012383266855,-0.008298802814695066
2716,-0.8681872708953963,-0.008298802814695066
2717,-0.8683408497118543,-0.008298802814695066
2718,-0.870172969591808,-0.008298802814695066
2719,-0.8703510267777734,-0.008298802814695066
2720,-0.8704976563377701,-0.008298802814695066
2721,-0.8707329564115899,-0.008298802814695066
2722,-0.8707750314789364,-0.008298802814695066
2723,-0.8708998771131073,-0.008298802814695066
2724,-0.8712679273238861,-0.008298802814695066
2725,-0.8713552394859725,-0.008298802814695066
2726,-0.8717250846863858,-0.008298802814695066
2727,-0.8719266483551157,-0.008298802814695066
2728,-0.8721073025385094,-0.008298802814695066
2729,-0.872226536047756,-0.008298802814695066
2730,-0.872427346090435,-0.008298802814695066
2731,-0.8727903647232946,-0.008298802814695066
2732,-0.8738795954026255,-0.008298802814695066
2733,-0.8741317102527825,-0.008298802814695066
2734,-0.8741572254208883,-0.008298802814695066
2735,-0.8743527521390191,-0.008298802814695066
2736,-0.8746112333620001,-0.008298802814695066
2737,-0.8750799915761336,-0.008298802814695066
2738,-0.8753303114652322,-0.008298802814695066
2739,-0.8753464509653294,-0.008298802814695066
2740,-0.875429212089877,-0.008298802814695066
2741,-0.8754833883103676,-0.008298802814695066
2742,-0.8758020481435869,-0.008298802814695066
2743,-0.8758471892641966,-0.008298802814695066
2744,-0.8759884149939015,-0.008298802814695066
2745,-0.8763154206119119,-0.008298802814695066
2746,-0.8764350205560356,-0.008298802814695066
2747,-0.8765405243002287,-0.008298802814695066
2748,-0.8772714947475111,-0.008298802814695066
2749,-0.8773371941504444,-0.008298802814695066
2750,-0.878057836121788,-0.008298802814695066
2751,-0.8781185063424886,-0.008298802814695066
2752,-0.8791664137925443,-0.008298802814695066
2753,-0.8798082387078282,-0.008298802814695066
2754,-0.8806340229817706,-0.008298802814695066
2755,-0.8806442172165929,-0.008298802814695066
2756,-0.8806784108323452,-0.008298802814695066
2757,-0.8810206881287679,-0.008298802814695066
2758,-0.8810705531904078,-0.008298802814695066
2759,-0.8812341212400215,-0.008298802814695066
2760,-0.8813551053529497,-0.008298802814695066
2761,-0.8815297284304899,-0.008298802814695066
2762,-0.8816245215977854,-0.008298802814695066
2763,-0.8820964759915431,-0.008298802814695066
2764,-0.8824869804209543,-0.008298802814695066
2765,-0.8826218905811711,-0.008298802814695066
2766,-0.8828094084567669,-0.008298802814695066
2767,-0.8828612856401753,-0.008298802814695066
2768,-0.8828749810322984,-0.008298802814695066
2769,-0.8833201995536422,-0.008298802814695066
2770,-0.883355226350885,-0.008298802814695066
2771,-0.8834385666845299,-0.008298802814695066
2772,-0.8836275656309693,-0.008298802814695066
2773,-0.8838813428410086,-0.008298802814695066
2774,-0.8839165865102311,-0.008298802814695066
2775,-0.884740107049113,-0.008298802814695066
2776,-0.8849841438421552,-0.008298802814695066
2777,-0.8851526152565621,-0.008298802814695066
2778,-0.8852162406568554,-0.008298802814695066
2779,-0.8860027208144958,-0.008298802814695066
2780,-0.8860172328306917,-0.008298802814695066
2781,-0.8863633910117368,-0.008298802814695066
2782,-0.8865872357278901,-0.008298802814695066
2783,-0.8866370468651251,-0.008298802814695066
2784,-0.8874450323442999,-0.008298802814695066
2785,-0.8874638395742014,-0.008298802814695066
2786,-0.887637236047632,-0.008298802814695066
2787,-0.8878325285336696,-0.008298802814695066
2788,-0.888025545066858,-0.008298802814695066
2789,-0.8881108840635065,-0.008298802814695066
2790,-0.8883742234087229,-0.008298802814695066
2791,-0.8888211673492209,-0.008298802814695066
2792,-0.8890569363774883,-0.008298802814695066
2793,-0.8891177501894241,-0.008298802814695066
2794,-0.8892589426846773,-0.008298802814695066
2795,-0.8897059580817039,-0.008298802814695066
2796,-0.8897491048300339,-0.008298802814695066
2797,-0.8898576153245445,-0.008298802814695066
2798,-0.8900694070662717,-0.008298802814695066
2799,-0.8901192362488902,-0.008298802814695066
2800,-0.8902720800776349,-0.008298802814695066
2801,-0.8904329071466379,-0.008298802814695066
2802,-0.8909261592779341,-0.008298802814695066
2803,-0.8910238281252513,-0.008298802814695066
2804,-0.8911637676805136,-0.008298802814695066
2805,-0.8916422753241734,-0.008298802814695066
2806,-0.891810653808057,-0.008298802814695066
2807,-0.8918597147749677,-0.008298802814695066
2808,-0.8920245768791357,-0.008298802814695066
2809,-0.8925775579403998,-0.008298802814695066
2810,-0.8927957955027306,-0.008298802814695066
2811,-0.8931108875752395,-0.008298802814695066
2812,-0.8931803619800721,-0.008298802814695066
2813,-0.8933315909662647,-0.008298802814695066
2814,-0.8937689190139386,-0.008298802814695066
2815,-0.8938678545480092,-0.008298802814695066
2816,-0.8942976484513203,-0.008298802814695066
2817,-0.8943867603196985,-0.008298802814695066
2818,-0.8946666106428973,-0.008298802814695066
2819,-0.8949853613928667,-0.008298802814695066
2820,-0.8951568434882344,-0.008298802814695066
2821,-0.8951731524430812,-0.008298802814695066
2822,-0.8953641496252374,-0.008298802814695066
2823,-0.8955053170047036,-0.008298802814695066
2824,-0.8955655862503544,-0.008298802814695066
2825,-0.895598068246617,-0.008298802814695066
2826,-0.8963104672410773,-0.008298802814695066
2827,-0.8963514568104987,-0.008298802814695066
2828,-0.8967249789852929,-0.008298802814695066
2829,-0.8967308241036787,-0.008298802814695066
2830,-0.8968392384894124,-0.008298802814695066
2831,-0.8968555469897953,-0.008298802814695066
2832,-0.8971411950460759,-0.008298802814695066
2833,-0.897611457151021,-0.008298802814695066
2834,-0.897807312729225,-0.008298802814695066
2835,-0.8979743995848757,-0.008298802814695066
2836,-0.8980318936119389,-0.008298802814695066
2837,-0.898504717311616,-0.008298802814695066
2838,-0.8987450227684578,-0.008298802814695066
2839,-0.898868292394875,-0.008298802814695066
2840,-0.8998545218415892,-0.008298802814695066
2841,-0.900111045723521,-0.008298802814695066
2842,-0.9002628959984278,-0.008298802814695066
2843,-0.9004946225037656,-0.008298802814695066
2844,-0.9007938628820603,-0.008298802814695066
2845,-0.9008232698825498,-0.008298802814695066
2846,-0.9012348551735412,-0.008298802814695066
2847,-0.9015528344205586,-0.008298802814695066
2848,-0.9015779987284261,-0.008298802814695066
2849,-0.9015827681286812,-0.008298802814695066
2850,-0.9017839573334366,-0.008298802814695066
2851,-0.9028514989840143,-0.008298802814695066
2852,-0.9031874525918421,-0.008298802814695066
2853,-0.9031933125930522,-0.008298802814695066
2854,-0.9034779848839541,-0.008298802814695066
2855,-0.9036607183297402,-0.008298802814695066
2856,-0.9037189931220377,-0.008298802814695066
2857,-0.9039209018773758,-0.008298802814695066
2858,-0.9040780604964264,-0.008298802814695066
2859,-0.9040995892384219,-0.008298802814695066
2860,-0.9042563369547748,-0.008298802814695066
2861,-0.9045090491873832,-0.008298802814695066
2862,-0.9049428662700513,-0.008298802814695066
2863,-0.9050051166177124,-0.008298802814695066
2864,-0.9050654578183526,-0.008298802814695066
2865,-0.9057589609813999,-0.008298802814695066
2866,-0.905908482051158,-0.008298802814695066
2867,-0.9059877053828906,-0.008298802814695066
2868,-0.9060094887728259,-0.008298802814695066
2869,-0.9060879505911625,-0.008298802814695066
2870,-0.9061641979191631,-0.008298802814695066
2871,-0.906176404074752,-0.008298802814695066
2872,-0.9062073221902494,-0.008298802814695066
2873,-0.9062263119923541,-0.008298802814695066
2874,-0.9067976903348596,-0.008298802814695066
2875,-0.9068433351106375,-0.008298802814695066
2876,-0.9068582501810905,-0.008298802814695066
2877,-0.9069209325899896,-0.008298802814695066
2878,-0.907713416926869,-0.008298802814695066
2879,-0.9081386996644834,-0.008298802814695066
2880,-0.90815118195546,-0.008298802814695066
2881,-0.9084817390245392,-0.008298802814695066
2882,-0.9085376997658651,-0.008298802814695066
2883,-0.9087073296868712,-0.008298802814695066
2884,-0.9088128159984333,-0.008298802814695066
2885,-0.9088726961880496,-0.008298802814695066
2886,-0.9091560066664377,-0.008298802814695066
2887,-0.9092460895686123,-0.008298802814695066
2888,-0.9093301479448401,-0.008298802814695066
2889,-0.9095648394875936,-0.008298802814695066
2890,-0.9096476346658484,-0.008298802814695066
2891,-0.9098251956654999,-0.008298802814695066
2892,-0.9099301125498995,-0.008298802814695066
2893,-0.9102276088711654,-0.008298802814695066
2894,-0.9102545824982216,-0.008298802814695066
2895,-0.9106844912564223,-0.008298802814695066
2896,-0.9107665142712176,-0.008298802814695066
2897,-0.9107726352379135,-0.008298802814695066
2898,-0.9117275579052759,-0.008298802814695066
2899,-0.9124135874048975,-0.008298802814695066
2900,-0.9126171468439037,-0.008298802814695066
2901,-0.9131708627609896,-0.008298802814695066
2902,-0.9131816750677311,-0.008298802814695066
2903,-0.9132777010138697,-0.008298802814695066
2904,-0.9136430678639791,-0.008298802814695066
2905,-0.9141536863107371,-0.008298802814695066
2906,-0.9142438055061032,-0.008298802814695066
2907,-0.9146175534994038,-0.008298802814695066
2908,-0.9146516375995738,-0.008298802814695066
2909,-0.9147365276671175,-0.008298802814695066
2910,-0.914892369323183,-0.008298802814695066
2911,-0.9151442997886764,-0.008298802814695066
2912,-0.9151888854774728,-0.008298802814695066
2913,-0.9160915809512555,-0.008298802814695066
2914,-0.9162979979725536,-0.008298802814695066
2915,-0.91637536170349,-0.008298802814695066
2916,-0.9163923278234728,-0.008298802814695066
2917,-0.916402079867493,-0.008298802814695066
2918,-0.9164312891634799,-0.008298802814695066
2919,-0.9166237267339619,-0.008298802814695066
2920,-0.9167142175271832,-0.008298802814695066
2921,-0.9169293367445535,-0.008298802814695066
2922,-0.9169872635783551,-0.008298802814695066
2923,-0.918803823809161,-0.008298802814695066
2924,-0.9189592026644142,-0.008298802814695066
2925,-0.9189902541644707,-0.008298802814695066
2926,-0.9192443350190784,-0.008298802814695066
2927,-0.9194965495418621,-0.008298802814695066
2928,-0.9196201499253613,-0.008298802814695066
2929,-0.9196722687269823,-0.008298802814695066
2930,-0.9199136421754884,-0.008298802814695066
2931,-0.9200709252098965,-0.008298802814695066
2932,-0.9204376419539948,-0.008298802814695066
2933,-0.9206511601442549,-0.008298802814695066
2934,-0.9210126269116639,-0.008298802814695066
2935,-0.9210188214267743,-0.008298802814695066
2936,-0.9218087675366122,-0.008298802814695066
2937,-0.9218816010769886,-0.008298802814695066
2938,-0.9219084261994717,-0.008298802814695066
2939,-0.9219097592756262,-0.008298802814695066
2940,-0.9220092595415499,-0.008298802814695066
2941,-0.9220469765917265,-0.008298802814695066
2942,-0.9221798477431358,-0.008298802814695066
2943,-0.9224824461810548,-0.008298802814695066
2944,-0.9227177534540496,-0.008298802814695066
2945,-0.9228537174605504,-0.008298802814695066
2946,-0.9230618794131611,-0.008298802814695066
2947,-0.9233295544248636,-0.008298802814695066
2948,-0.9234356372955641,-0.008298802814695066
2949,-0.9239786398256398,-0.008298802814695066
2950,-0.9240863840846721,-0.008298802814695066
2951,-0.924091836153148,-0.008298802814695066
2952,-0.9244992250594068,-0.008298802814695066
2953,-0.9250410978610121,-0.008298802814695066
2954,-0.9258357852184362,-0.008298802814695066
2955,-0.9261041577084228,-0.008298802814695066
2956,-0.9263701333966908,-0.008298802814695066
2957,-0.9268613864759412,-0.008298802814695066
2958,-0.9269445698763726,-0.008298802814695066
2959,-0.9274887013406986,-0.008298802814695066
2960,-0.9274930157476499,-0.008298802814695066
2961,-0.9278025363267943,-0.008298802814695066
2962,-0.9279197386345885,-0.008298802814695066
2963,-0.9279394433061174,-0.008298802814695066
2964,-0.9280101588264511,-0.008298802814695066
2965,-0.9281573061678338,-0.008298802814695066
2966,-0.9281672150110427,-0.008298802814695066
2967,-0.9293903540542429,-0.008298802814695066
2968,-0.9294518533803796,-0.008298802814695066
2969,-0.9295520275442348,-0.008298802814695066
2970,-0.9295574260334365,-0.008298802814695066
2971,-0.9299040197079326,-0.008298802814695066
2972,-0.9299701042427831,-0.008298802814695066
2973,-0.9303558008616903,-0.008298802814695066
2974,-0.9303631326740893,-0.008298802814695066
2975,-0.9304151489410577,-0.008298802814695066
2976,-0.9307053904715425,-0.008298802814695066
2977,-0.9308649464300212,-0.008298802814695066
2978,-0.9310720619909436,-0.008298802814695066
2979,-0.9311581820425067,-0.008298802814695066
2980,-0.9313655377198828,-0.008298802814695066
2981,-0.9325716513398148,-0.008298802814695066
2982,-0.9328426253974342,-0.008298802814695066
2983,-0.9330212307656192,-0.008298802814695066
2984,-0.9330321691209953,-0.008298802814695066
2985,-0.9333110260589932,-0.008298802814695066
2986,-0.9336885635977834,-0.008298802814695066
2987,-0.9337263227029957,-0.008298802814695066
2988,-0.9342270382675044,-0.008298802814695066
2989,-0.9342288333926685,-0.008298802814695066
2990,-0.9346457365440224,-0.008298802814695066
2991,-0.9346606777692367,-0.008298802814695066
2992,-0.9350620678078672,-0.008298802814695066
2993,-0.9353229648530124,-0.008298802814695066
2994,-0.9355103250248242,-0.008298802814695066
2995,-0.9355241606428176,-0.008298802814695066
2996,-0.9356570723552704,-0.008298802814695066
2997,-0.9357906357745922,-0.008298802814695066
2998,-0.9358485137200963,-0.008298802814695066
2999,-0.9359342554481908,-0.008298802814695066
3000,-0.9360602216619457,-0.008298802814695066
3001,-0.9363280125543259,-0.008298802814695066
3002,-0.9367469837127296,-0.008298802814695066
3003,-0.9368041887674702,-0.008298802814695066
3004,-0.9372662754718933,-0.008298802814695066
3005,-0.9374169560577248,-0.008298802814695066
3006,-0.9377298443412241,-0.008298802814695066
3007,-0.9378796561677429,-0.008298802814695066
3008,-0.9379162721147065,-0.008298802814695066
3009,-0.9381374818874537,-0.008298802814695066
3010,-0.938147390992663,-0.008298802814695066
3011,-0.9383366033263437,-0.008298802814695066
3012,-0.9385186071686428,-0.008298802814695066
3013,-0.9389513855368163,-0.008298802814695066
3014,-0.9391263496472024,-0.008298802814695066
3015,-0.9392444803210408,-0.008298802814695066
3016,-0.9397298041033897,-0.008298802814695066
3017,-0.9397674109766734,-0.008298802814695066
3018,-0.9399704134755256,-0.008298802814695066
3019,-0.9399884246553698,-0.008298802814695066
3020,-0.9401285388436258,-0.008298802814695066
3021,-0.9402501420568463,-0.008298802814695066
3022,-0.9402766199736946,-0.008298802814695066
3023,-0.9406829039324291,-0.008298802814695066
3024,-0.9407674752182527,-0.008298802814695066
3025,-0.9416290378187325,-0.008298802814695066
3026,-0.9421487289946836,-0.008298802814695066
3027,-0.9423132320594987,-0.008298802814695066
3028,-0.9423448561283165,-0.008298802814695066
3029,-0.9423985022890335,-0.008298802814695066
3030,-0.9426036880427864,-0.008298802814695066
3031,-0.9427064880489188,-0.008298802814695066
3032,-0.9428282858044079,-0.008298802814695066
3033,-0.9431573864063058,-0.008298802814695066
3034,-0.9432815009174579,-0.008298802814695066
3035,-0.943352762557897,-0.008298802814695066
3036,-0.9436833482524234,-0.008298802814695066
3037,-0.9438258597043299,-0.008298802814695066
3038,-0.94389155068788,-0.008298802814695066
3039,-0.9439477794918825,-0.008298802814695066
3040,-0.944321709581192,-0.008298802814695066
3041,-0.9445156741041418,-0.008298802814695066
3042,-0.9447892633693971,-0.008298802814695066
3043,-0.9449509788118235,-0.008298802814695066
3044,-0.9449893625706078,-0.008298802814695066
3045,-0.9450298535571107,-0.008298802814695066
3046,-0.9459831332178227,-0.008298802814695066
3047,-0.9460749953402519,-0.008298802814695066
3048,-0.9461637887865338,-0.008298802814695066
3049,-0.9466434244739061,-0.008298802814695066
3050,-0.9470780053137919,-0.008298802814695066
3051,-0.9471303718639801,-0.008298802814695066
3052,-0.9472906623901469,-0.008298802814695066
3053,-0.9473539233724113,-0.008298802814695066
3054,-0.9473828624878706,-0.008298802814695066
3055,-0.9476109126171736,-0.008298802814695066
3056,-0.9480460716112071,-0.008298802814695066
3057,-0.9480579165830177,-0.008298802814695066
3058,-0.9481820202579292,-0.008298802814695066
3059,-0.9483298437184217,-0.008298802814695066
3060,-0.949154397439752,-0.008298802814695066
3061,-0.9498521105242403,-0.008298802814695066
3062,-0.9501420480934566,-0.008298802814695066
3063,-0.950232493640908,-0.008298802814695066
3064,-0.950290521968206,-0.008298802814695066
3065,-0.9504865822614037,-0.008298802814695066
3066,-0.9506248974489371,-0.008298802814695066
3067,-0.9508504483873559,-0.008298802814695066
3068,-0.9509490663915993,-0.008298802814695066
3069,-0.9509601329523272,-0.008298802814695066
3070,-0.9511517267311469,-0.008298802814695066
3071,-0.9512877742034531,-0.008298802814695066
3072,-0.9513058538960527,-0.008298802814695066
3073,-0.9516445534499935,-0.008298802814695066
3074,-0.9517294178532311,-0.008298802814695066
3075,-0.9521799651731524,-0.008298802814695066
3076,-0.9526782590488883,-0.008298802814695066
3077,-0.952710696820712,-0.008298802814695066
3078,-0.9527237758072127,-0.008298802814695066
3079,-0.953600548471179,-0.008298802814695066
3080,-0.9536241969089554,-0.008298802814695066
3081,-0.9537817085024731,-0.008298802814695066
3082,-0.9538978544458552,-0.008298802814695066
3083,-0.9539114805477993,-0.008298802814695066
3084,-0.9541936803812779,-0.008298802814695066
3085,-0.9543144126146212,-0.008298802814695066
3086,-0.9545866474887919,-0.008298802814695066
3087,-0.9551381805208196,-0.008298802814695066
3088,-0.9553531255200345,-0.008298802814695066
3089,-0.9554746115686914,-0.008298802814695066
3090,-0.9557052376239877,-0.008298802814695066
3091,-0.9557200507612647,-0.008298802814695066
3092,-0.9563581314981253,-0.008298802814695066
3093,-0.9563675244131249,-0.008298802814695066
3094,-0.9566341900973919,-0.008298802814695066
3095,-0.9566862497317993,-0.008298802814695066
3096,-0.9569797175750285,-0.008298802814695066
3097,-0.9577992520852021,-0.008298802814695066
3098,-0.9578020309848636,-0.008298802814695066
3099,-0.9578644429770962,-0.008298802814695066
3100,-0.9580638381127111,-0.008298802814695066
3101,-0.9584772910762567,-0.008298802814695066
3102,-0.9584952209134487,-0.008298802814695066
3103,-0.9590968823224564,-0.008298802814695066
3104,-0.9591706693940709,-0.008298802814695066
3105,-0.9593339493949538,-0.008298802814695066
3106,-0.9596600760420786,-0.008298802814695066
3107,-0.9598633687318205,-0.008298802814695066
3108,-0.9599238354944949,-0.008298802814695066
3109,-0.960671954960113,-0.008298802814695066
3110,-0.960820900818026,-0.008298802814695066
3111,-0.9609280855206654,-0.008298802814695066
3112,-0.961005062849523,-0.008298802814695066
3113,-0.9612103458554444,-0.008298802814695066
3114,-0.9613675494684518,-0.008298802814695066
3115,-0.9614217190449152,-0.008298802814695066
3116,-0.9617094802580852,-0.008298802814695066
3117,-0.9623792749247966,-0.008298802814695066
3118,-0.9623891725073607,-0.008298802814695066
3119,-0.9624783705267641,-0.008298802814695066
3120,-0.9625116953525069,-0.008298802814695066
3121,-0.9627274090432739,-0.008298802814695066
3122,-0.9629248588991822,-0.008298802814695066
3123,-0.9630738128207319,-0.008298802814695066
3124,-0.9632494519035724,-0.008298802814695066
3125,-0.9633793012587802,-0.008298802814695066
3126,-0.9634534959821852,-0.008298802814695066
3127,-0.9634628819093543,-0.008298802814695066
3128,-0.9637209807519818,-0.008298802814695066
3129,-0.9638560444631977,-0.008298802814695066
3130,-0.9638848917528748,-0.008298802814695066
3131,-0.963909506332641,-0.008298802814695066
3132,-0.9641880320487741,-0.008298802814695066
3133,-0.9642083019232384,-0.008298802814695066
3134,-0.9645460065038729,-0.008298802814695066
3135,-0.9645814702774479,-0.008298802814695066
3136,-0.9648218066857512,-0.008298802814695066
3137,-0.9648360810843208,-0.008298802814695066
3138,-0.9651026431055976,-0.008298802814695066
3139,-0.9653529255991979,-0.008298802814695066
3140,-0.9653645422060994,-0.008298802814695066
3141,-0.9653740756449694,-0.008298802814695066
3142,-0.9655353916731491,-0.008298802814695066
3143,-0.9660358289105864,-0.008298802814695066
3144,-0.9669235811229416,-0.008298802814695066
3145,-0.967360632666126,-0.008298802814695066
3146,-0.967912426786366,-0.008298802814695066
3147,-0.9680734679519514,-0.008298802814695066
3148,-0.9687866749099593,-0.008298802814695066
3149,-0.9693613413625415,-0.008298802814695066
3150,-0.9694389342298106,-0.008298802814695066
3151,-0.9694569659455612,-0.008298802814695066
3152,-0.969470478135683,-0.008298802814695066
3153,-0.9699297809929812,-0.008298802814695066
3154,-0.9701856077226751,-0.008298802814695066
3155,-0.9706026511004959,-0.008298802814695066
3156,-0.9714750742379431,-0.008298802814695066
3157,-0.9716546225324465,-0.008298802814695066
3158,-0.9720975899958262,-0.008298802814695066
3159,-0.9723995460376906,-0.008298802814695066
3160,-0.9726035068026125,-0.008298802814695066
3161,-0.9729681922426822,-0.008298802814695066
3162,-0.9729761390615483,-0.008298802814695066
3163,-0.9730176519586553,-0.008298802814695066
3164,-0.9731275384742104,-0.008298802814695066
3165,-0.9733181418553198,-0.008298802814695066
3166,-0.9735325786415863,-0.008298802814695066
3167,-0.9741147724625396,-0.008298802814695066
3168,-0.9746232177290619,-0.008298802814695066
3169,-0.9747267214982869,-0.008298802814695066
3170,-0.9747948681704544,-0.008298802814695066
3171,-0.9748375650631337,-0.008298802814695066
3172,-0.9748713049787078,-0.008298802814695066
3173,-0.9749920837040977,-0.008298802814695066
3174,-0.9752002979244474,-0.008298802814695066
3175,-0.9752171686811064,-0.008298802814695066
3176,-0.9752419333613076,-0.008298802814695066
3177,-0.975662386890416,-0.008298802814695066
3178,-0.975786211065108,-0.008298802814695066
3179,-0.9760197834105571,-0.008298802814695066
3180,-0.9761112894173458,-0.008298802814695066
3181,-0.9761856480474667,-0.008298802814695066
3182,-0.976211927552515,-0.008298802814695066
3183,-0.9764352589205101,-0.008298802814695066
3184,-0.9768236860304604,-0.008298802814695066
3185,-0.9772276527435284,-0.008298802814695066
3186,-0.9772904376849318,-0.008298802814695066
3187,-0.977713111893453,-0.008298802814695066
3188,-0.9778941069283819,-0.008298802814695066
3189,-0.9782867461346795,-0.008298802814695066
3190,-0.9783421258550886,-0.008298802814695066
3191,-0.97897047122186,-0.008298802814695066
3192,-0.9791049811032757,-0.008298802814695066
3193,-0.9793946485130829,-0.008298802814695066
3194,-0.9794509554953559,-0.008298802814695066
3195,-0.9794879144669426,-0.008298802814695066
3196,-0.9795169270381012,-0.008298802814695066
3197,-0.9797562630543258,-0.008298802814695066
3198,-0.9800591218828305,-0.008298802814695066
3199,-0.9803373265412452,-0.008298802814695066
3200,-0.9804081229536545,-0.008298802814695066
3201,-0.9805305515199352,-0.008298802814695066
3202,-0.9810018790575729,-0.008298802814695066
3203,-0.9811396931123221,-0.008298802814695066
3204,-0.981157993982624,-0.008298802814695066
3205,-0.9811828157112925,-0.008298802814695066
3206,-0.9812642628798662,-0.008298802814695066
3207,-0.9817937718475774,-0.008298802814695066
3208,-0.9818891461216193,-0.008298802814695066
3209,-0.98217708985576,-0.008298802814695066
3210,-0.9822935269471158,-0.008298802814695066
3211,-0.9823381174720077,-0.008298802814695066
3212,-0.9823448811170468,-0.008298802814695066
3213,-0.982455922129741,-0.008298802814695066
3214,-0.9824563473341028,-0.008298802814695066
3215,-0.9825507193024537,-0.008298802814695066
3216,-0.9825682927807454,-0.008298802814695066
3217,-0.9826794288251257,-0.008298802814695066
3218,-0.9828545949678326,-0.008298802814695066
3219,-0.9832202593642954,-0.008298802814695066
3220,-0.9833535805145668,-0.008298802814695066
3221,-0.983529394339683,-0.008298802814695066
3222,-0.9836728734244149,-0.008298802814695066
3223,-0.9837141196906369,-0.008298802814695066
3224,-0.9840727113876209,-0.008298802814695066
3225,-0.9842708895934671,-0.008298802814695066
3226,-0.9844701757892174,-0.008298802814695066
3227,-0.9849415973600248,-0.008298802814695066
3228,-0.9849899929992547,-0.008298802814695066
3229,-0.9850548562788435,-0.008298802814695066
3230,-0.9853635965186294,-0.008298802814695066
3231,-0.9853883977538181,-0.008298802814695066
3232,-0.9856009461353468,-0.008298802814695066
3233,-0.9856339354401848,-0.008298802814695066
3234,-0.9858695197359948,-0.008298802814695066
3235,-0.9859811091432282,-0.008298802814695066
3236,-0.9860055708829476,-0.008298802814695066
3237,-0.9862090495887338,-0.008298802814695066
3238,-0.9863219963921344,-0.008298802814695066
3239,-0.9863573279309339,-0.008298802814695066
3240,-0.9864232603513992,-0.008298802814695066
3241,-0.9865043508777342,-0.008298802814695066
3242,-0.9866955854986159,-0.008298802814695066
3243,-0.9868508452288884,-0.008298802814695066
3244,-0.9869560904438879,-0.008298802814695066
3245,-0.9869907996941578,-0.008298802814695066
3246,-0.9870103950757642,-0.008298802814695066
3247,-0.987276814980617,-0.008298802814695066
3248,-0.9873475677764483,-0.008298802814695066
3249,-0.9875388229942911,-0.008298802814695066
3250,-0.987974982750992,-0.008298802814695066
3251,-0.9880351716225978,-0.008298802814695066
3252,-0.9880687874082469,-0.008298802814695066
3253,-0.9883417920722064,-0.008298802814695066
3254,-0.9883462269764218,-0.008298802814695066
3255,-0.9885791522049724,-0.008298802814695066
3256,-0.9888255448595531,-0.008298802814695066
3257,-0.9895883368998264,-0.008298802814695066
3258,-0.9903085697887166,-0.008298802814695066
3259,-0.9906648292811675,-0.008298802814695066
3260,-0.9909020473118093,-0.008298802814695066
3261,-0.9909261463739141,-0.008298802814695066
3262,-0.9911534274161717,-0.008298802814695066
3263,-0.9912699831185143,-0.008298802814695066
3264,-0.991310953472663,-0.008298802814695066
3265,-0.9916168166771631,-0.008298802814695066
3266,-0.9917924234593307,-0.008298802814695066
3267,-0.9925277767933782,-0.008298802814695066
3268,-0.9925974150478232,-0.008298802814695066
3269,-0.9931220375353726,-0.008298802814695066
3270,-0.9934589319694567,-0.008298802814695066
3271,-0.9936749211605511,-0.008298802814695066
3272,-0.9940141724166177,-0.008298802814695066
3273,-0.994042560044889,-0.008298802814695066
3274,-0.9942839927012536,-0.008298802814695066
3275,-0.9945709873708787,-0.008298802814695066
3276,-0.9949074833341429,-0.008298802814695066
3277,-0.9950659731014222,-0.008298802814695066
3278,-0.9955881928904742,-0.008298802814695066
3279,-0.995645676245295,-0.008298802814695066
3280,-0.9957085846079796,-0.008298802814695066
3281,-0.9958420452279477,-0.008298802814695066
3282,-0.996009897037887,-0.008298802814695066
3283,-0.9960996523704113,-0.008298802814695066
3284,-0.9961838930732849,-0.008298802814695066
3285,-0.9962940833962453,-0.008298802814695066
3286,-0.9967375507399457,-0.008298802814695066
3287,-0.996756241252964,-0.008298802814695066
3288,-0.9968808822944956,-0.008298802814695066
3289,-0.9972935143005672,-0.008298802814695066
3290,-0.9974998915302546,-0.008298802814695066
3291,-0.9977398387706257,-0.008298802814695066
3292,-0.9990175545650605,-0.008298802814695066
3293,-0.9991955456990536,-0.008298802814695066
3294,-0.9993614671448652,-0.008298802814695066
3295,-0.9995093914552806,-0.008298802814695066
3296,-0.9997580379531122,-0.008298802814695066
3297,-0.9998412243774437,-0.008298802814695066
3298,-1.0003124735355138,-0.008298802814695066
3299,-1.0003414016366563,-0.008298802814695066
3300,-1.0006111913386024,-0.008298802814695066
3301,-1.0008997489889166,-0.008298802814695066
3302,-1.0009179863806488,-0.008298802814695066
3303,-1.001092548056009,-0.008298802814695066
3304,-1.0015322032270118,-0.008298802814695066
3305,-1.0017400270087788,-0.008298802814695066
3306,-1.0023418794544918,-0.008298802814695066
3307,-1.002433450429469,-0.008298802814695066
3308,-1.0024595151185764,-0.008298802814695066
3309,-1.0026803880545103,-0.008298802814695066
3310,-1.0027668639110274,-0.008298802814695066
3311,-1.0028328481795497,-0.008298802814695066
3312,-1.0029989588959105,-0.008298802814695066
3313,-1.0033293657842512,-0.008298802814695066
3314,-1.0038394200115426,-0.008298802814695066
3315,-1.0041961903042256,-0.008298802814695066
3316,-1.004264593806849,-0.008298802814695066
3317,-1.0048199951242074,-0.008298802814695066
3318,-1.0049158012886028,-0.008298802814695066
3319,-1.0049441196653874,-0.008298802814695066
3320,-1.0052193013160196,-0.008298802814695066
3321,-1.0052790281015394,-0.008298802814695066
3322,-1.0053213401386016,-0.008298802814695066
3323,-1.0053355867219336,-0.008298802814695066
3324,-1.0057422389150767,-0.008298802814695066
3325,-1.0058252321513588,-0.008298802814695066
3326,-1.0060373983215496,-0.008298802814695066
3327,-1.0067064819833709,-0.008298802814695066
3328,-1.0067079769848415,-0.008298802814695066
3329,-1.0072672457001668,-0.008298802814695066
3330,-1.0074066850694965,-0.008298802814695066
3331,-1.0077283264477848,-0.008298802814695066
3332,-1.0077892959634542,-0.008298802814695066
3333,-1.0078022477605877,-0.008298802814695066
3334,-1.0079049157439877,-0.008298802814695066
3335,-1.0080290837996553,-0.008298802814695066
3336,-1.008403939324333,-0.008298802814695066
3337,-1.0086575265616353,-0.008298802814695066
3338,-1.0087151020779992,-0.008298802814695066
3339,-1.0087205957790017,-0.008298802814695066
3340,-1.0089299447551983,-0.008298802814695066
3341,-1.0089893232673708,-0.008298802814695066
3342,-1.0090879479458463,-0.008298802814695066
3343,-1.0093529025516217,-0.008298802814695066
3344,-1.0094619739640707,-0.008298802814695066
3345,-1.009702552196738,-0.008298802814695066
3346,-1.0097107239355871,-0.008298802814695066
3347,-1.0099333077659178,-0.008298802814695066
3348,-1.0101591577710543,-0.008298802814695066
3349,-1.0102041471066987,-0.008298802814695066
3350,-1.0102086358932314,-0.008298802814695066
3351,-1.0102840620430706,-0.008298802814695066
3352,-1.0104101533719172,-0.008298802814695066
3353,-1.0104958480558313,-0.008298802814695066
3354,-1.0104985755505043,-0.008298802814695066
3355,-1.01051033739728,-0.008298802814695066
3356,-1.0110781990934208,-0.008298802814695066
3357,-1.0111423125675807,-0.008298802814695066
3358,-1.011244327414627,-0.008298802814695066
3359,-1.011757856216796,-0.008298802814695066
3360,-1.0119124601920515,-0.008298802814695066
3361,-1.0120971237789114,-0.008298802814695066
3362,-1.01224952612992,-0.008298802814695066
3363,-1.012277478462562,-0.008298802814695066
3364,-1.012293159808283,-0.008298802814695066
3365,-1.0125882427580644,-0.008298802814695066
3366,-1.012594125062738,-0.008298802814695066
3367,-1.0127991458212127,-0.008298802814695066
3368,-1.0128523995754413,-0.008298802814695066
3369,-1.0129835620309902,-0.008298802814695066
3370,-1.013098995363496,-0.008298802814695066
3371,-1.0132406289445837,-0.008298802814695066
3372,-1.0136853076303531,-0.008298802814695066
3373,-1.0137651972881006,-0.008298802814695066
3374,-1.0137668126825845,-0.008298802814695066
3375,-1.0138934936273614,-0.008298802814695066
3376,-1.0139223080253614,-0.008298802814695066
3377,-1.0140527779190598,-0.008298802814695066
3378,-1.0140953939913917,-0.008298802814695066
3379,-1.0142317099701028,-0.008298802814695066
3380,-1.0142549745773153,-0.008298802814695066
3381,-1.014745856408868,-0.008298802814695066
3382,-1.0150012217010769,-0.008298802814695066
3383,-1.0155688080249528,-0.008298802814695066
3384,-1.0160083307442043,-0.008298802814695066
3385,-1.016269425197908,-0.008298802814695066
3386,-1.0164777570614032,-0.008298802814695066
3387,-1.0165026485613113,-0.008298802814695066
3388,-1.0175470565454123,-0.008298802814695066
3389,-1.0175757347660845,-0.008298802814695066
3390,-1.0179352352661921,-0.008298802814695066
3391,-1.017949145187933,-0.008298802814695066
3392,-1.0179802102038724,-0.008298802814695066
3393,-1.0180239426161888,-0.008298802814695066
3394,-1.0183562806335027,-0.008298802814695066
3395,-1.0185441122496042,-0.008298802814695066
3396,-1.018562552931595,-0.008298802814695066
3397,-1.0187372274585196,-0.008298802814695066
3398,-1.0187679677667523,-0.008298802814695066
3399,-1.0194388906512772,-0.008298802814695066
3400,-1.019810219398026,-0.008298802814695066
3401,-1.0198455752170081,-0.008298802814695066
3402,-1.0198979139402382,-0.008298802814695066
3403,-1.020205255849143,-0.008298802814695066
3404,-1.0203053749961346,-0.008298802814695066
3405,-1.020350962216982,-0.008298802814695066
3406,-1.020627077334974,-0.008298802814695066
3407,-1.0211444871381734,-0.008298802814695066
3408,-1.021335041447779,-0.008298802814695066
3409,-1.0213602075624841,-0.008298802814695066
3410,-1.0213739564622375,-0.008298802814695066
3411,-1.0217707091095867,-0.008298802814695066
3412,-1.0222080257798565,-0.008298802814695066
3413,-1.0222460624235366,-0.008298802814695066
3414,-1.022657816720877,-0.008298802814695066
3415,-1.0232545485482718,-0.008298802814695066
3416,-1.0233692770078118,-0.008298802814695066
3417,-1.0238462300571254,-0.008298802814695066
3418,-1.0240234108517383,-0.008298802814695066
3419,-1.0240301900031228,-0.008298802814695066
3420,-1.0244098802280135,-0.008298802814695066
3421,-1.0244302884224854,-0.008298802814695066
3422,-1.0245155417011715,-0.008298802814695066
3423,-1.0245247178802406,-0.008298802814695066
3424,-1.0247543189093804,-0.008298802814695066
3425,-1.0248943164304343,-0.008298802814695066
3426,-1.0250405328599745,-0.008298802814695066
3427,-1.025049001940744,-0.008298802814695066
3428,-1.0250816382496026,-0.008298802814695066
3429,-1.0250987382512489,-0.008298802814695066
3430,-1.0253225396771595,-0.008298802814695066
3431,-1.02543161633825,-0.008298802814695066
3432,-1.025557583425622,-0.008298802814695066
3433,-1.0255778002061076,-0.008298802814695066
3434,-1.0255877415026857,-0.008298802814695066
3435,-1.0256342621278594,-0.008298802814695066
3436,-1.0256538266584379,-0.008298802814695066
3437,-1.0256909799235097,-0.008298802814695066
3438,-1.0258346607778783,-0.008298802814695066
3439,-1.026222403975341,-0.008298802814695066
3440,-1.0263388598331498,-0.008298802814695066
3441,-1.0271210244495095,-0.008298802814695066
3442,-1.0272121898043123,-0.008298802814695066
3443,-1.0276733346440419,-0.008298802814695066
3444,-1.0277863716152438,-0.008298802814695066
3445,-1.028578111438212,-0.008298802814695066
3446,-1.0287281954548695,-0.008298802814695066
3447,-1.02905083683542,-0.008298802814695066
3448,-1.0292813192660237,-0.008298802814695066
3449,-1.0294107113575088,-0.008298802814695066
3450,-1.0296799161479224,-0.008298802814695066
3451,-1.0296848560393417,-0.008298802814695066
3452,-1.0298213137499665,-0.008298802814695066
3453,-1.0302200690498517,-0.008298802814695066
3454,-1.0303825290750155,-0.008298802814695066
3455,-1.0304739887540646,-0.008298802814695066
3456,-1.0306395439344245,-0.008298802814695066
3457,-1.0308027687708585,-0.008298802814695066
3458,-1.0308387508993762,-0.008298802814695066
3459,-1.0314994453565716,-0.008298802814695066
3460,-1.0316187377639052,-0.008298802814695066
3461,-1.0318733288165265,-0.008298802814695066
3462,-1.0324355720064702,-0.008298802814695066
3463,-1.0325698399075036,-0.008298802814695066
3464,-1.0328473726501812,-0.008298802814695066
3465,-1.032921631398651,-0.008298802814695066
3466,-1.0332628691846222,-0.008298802814695066
3467,-1.033371984816529,-0.008298802814695066
3468,-1.0334882680089306,-0.008298802814695066
3469,-1.033943791221593,-0.008298802814695066
3470,-1.0341121907780944,-0.008298802814695066
3471,-1.034156940076346,-0.008298802814695066
3472,-1.0342610815855287,-0.008298802814695066
3473,-1.034502279876344,-0.008298802814695066
3474,-1.0345245847491207,-0.008298802814695066
3475,-1.0346903871920365,-0.008298802814695066
3476,-1.0349798647503274,-0.008298802814695066
3477,-1.035098914093588,-0.008298802814695066
3478,-1.0356126421231098,-0.008298802814695066
3479,-1.036215520836702,-0.008298802814695066
3480,-1.0363298105283025,-0.008298802814695066
3481,-1.0363803359165304,-0.008298802814695066
3482,-1.036428506098518,-0.008298802814695066
3483,-1.036656718181301,-0.008298802814695066
3484,-1.0366596786966884,-0.008298802814695066
3485,-1.0367710089373146,-0.008298802814695066
3486,-1.0368050952214851,-0.008298802814695066
3487,-1.0372635983422165,-0.008298802814695066
3488,-1.0374924558226444,-0.008298802814695066
3489,-1.0378567039815274,-0.008298802814695066
3490,-1.0378997649291193,-0.008298802814695066
3491,-1.0379618408106073,-0.008298802814695066
3492,-1.0380555446883792,-0.008298802814695066
3493,-1.0383650799483812,-0.008298802814695066
3494,-1.038827153006109,-0.008298802814695066
3495,-1.0388843552388898,-0.008298802814695066
3496,-1.0388956922211365,-0.008298802814695066
3497,-1.0389754918090481,-0.008298802814695066
3498,-1.0390075120881206,-0.008298802814695066
3499,-1.0390983165141583,-0.008298802814695066
3500,-1.0392343826310064,-0.008298802814695066
3501,-1.039486818794379,-0.008298802814695066
3502,-1.0395233561650024,-0.008298802814695066
3503,-1.0397246418992896,-0.008298802814695066
3504,-1.0399402463229515,-0.008298802814695066
3505,-1.0402887722669427,-0.008298802814695066
3506,-1.0404948828879241,-0.008298802814695066
3507,-1.0404983376804238,-0.008298802814695066
3508,-1.0410380175887703,-0.008298802814695066
3509,-1.0411184982971122,-0.008298802814695066
3510,-1.0414836338682694,-0.008298802814695066
3511,-1.0416330235785587,-0.008298802814695066
3512,-1.041673835658469,-0.008298802814695066
3513,-1.041758771038832,-0.008298802814695066
3514,-1.0418186548097057,-0.008298802814695066
3515,-1.0420768375085796,-0.008298802814695066
3516,-1.0422885140042601,-0.008298802814695066
3517,-1.0423415814203345,-0.008298802814695066
3518,-1.0430962101773091,-0.008298802814695066
3519,-1.0432606344435529,-0.008298802814695066
3520,-1.043409435249618,-0.008298802814695066
3521,-1.043572779300507,-0.008298802814695066
3522,-1.0437229997345343,-0.008298802814695066
3523,-1.0437251436831034,-0.008298802814695066
3524,-1.0437933974886162,-0.008298802814695066
3525,-1.0438075715991164,-0.008298802814695066
3526,-1.0448215256434417,-0.008298802814695066
3527,-1.0449183061505678,-0.008298802814695066
3528,-1.0449717826009706,-0.008298802814695066
3529,-1.0449942057368942,-0.008298802814695066
3530,-1.0450968297619831,-0.008298802814695066
3531,-1.0455171584492762,-0.008298802814695066
3532,-1.0458742968166792,-0.008298802814695066
3533,-1.045885238010431,-0.008298802814695066
3534,-1.0460333111960618,-0.008298802814695066
3535,-1.0460553973842714,-0.008298802814695066
3536,-1.0465622079011294,-0.008298802814695066
3537,-1.0466312091317174,-0.008298802814695066
3538,-1.0467540474478492,-0.008298802814695066
3539,-1.0470293614737185,-0.008298802814695066
3540,-1.0470505032038475,-0.008298802814695066
3541,-1.0474497406943066,-0.008298802814695066
3542,-1.0479324098234335,-0.008298802814695066
3543,-1.0479670937881558,-0.008298802814695066
3544,-1.048034829436939,-0.008298802814695066
3545,-1.0482337695352197,-0.008298802814695066
3546,-1.04875477954167,-0.008298802814695066
3547,-1.0490969524006273,-0.008298802814695066
3548,-1.0492220477704368,-0.008298802814695066
3549,-1.0494131099196433,-0.008298802814695066
3550,-1.049974564361248,-0.008298802814695066
3551,-1.0503811752134897,-0.008298802814695066
3552,-1.0505685408681866,-0.008298802814695066
3553,-1.0506583000338146,-0.008298802814695066
3554,-1.0508098775890233,-0.008298802814695066
3555,-1.0508572822995346,-0.008298802814695066
3556,-1.0511599157343796,-0.008298802814695066
3557,-1.0511953207138898,-0.008298802814695066
3558,-1.0512455985653826,-0.008298802814695066
3559,-1.0512754093933396,-0.008298802814695066
3560,-1.0517068889006511,-0.008298802814695066
3561,-1.051746021568674,-0.008298802814695066
3562,-1.0519557835630782,-0.008298802814695066
3563,-1.0523173935691028,-0.008298802814695066
3564,-1.0523446374150274,-0.008298802814695066
3565,-1.0524545281324549,-0.008298802814695066
3566,-1.0526870447780705,-0.008298802814695066
3567,-1.0528878516563176,-0.008298802814695066
3568,-1.052922948984854,-0.008298802814695066
3569,-1.0534985471484868,-0.008298802814695066
3570,-1.0535311363895583,-0.008298802814695066
3571,-1.0536790893441306,-0.008298802814695066
3572,-1.0538669007228436,-0.008298802814695066
3573,-1.053961596355094,-0.008298802814695066
3574,-1.0541068687166268,-0.008298802814695066
3575,-1.0541869050430805,-0.008298802814695066
3576,-1.0542425461615714,-0.008298802814695066
3577,-1.0542906410791921,-0.008298802814695066
3578,-1.0547503729866996,-0.008298802814695066
3579,-1.0549208469987146,-0.008298802814695066
3580,-1.0549246893147828,-0.008298802814695066
3581,-1.0549492834893825,-0.008298802814695066
3582,-1.0549607149622067,-0.008298802814695066
3583,-1.0551954326058395,-0.008298802814695066
3584,-1.0562090770945995,-0.008298802814695066
3585,-1.056289619778484,-0.008298802814695066
3586,-1.0562949308205543,-0.008298802814695066
3587,-1.056342385680454,-0.008298802814695066
3588,-1.0565799275254035,-0.008298802814695066
3589,-1.0567846368583655,-0.008298802814695066
3590,-1.0568003698402109,-0.008298802814695066
3591,-1.056943547788614,-0.008298802814695066
3592,-1.0571727432560705,-0.008298802814695066
3593,-1.0572528923242026,-0.008298802814695066
3594,-1.0573450070478976,-0.008298802814695066
3595,-1.057400170670808,-0.008298802814695066
3596,-1.0578271653646483,-0.008298802814695066
3597,-1.0582928816211863,-0.008298802814695066
3598,-1.0588451331259512,-0.008298802814695066
3599,-1.0589017941921037,-0.008298802814695066
3600,-1.0589474544162432,-0.008298802814695066
3601,-1.0590709390043311,-0.008298802814695066
3602,-1.0590737312327885,-0.008298802814695066
3603,-1.0595861584519848,-0.008298802814695066
3604,-1.0595880186166127,-0.008298802814695066
3605,-1.0596134198773124,-0.008298802814695066
3606,-1.0596518646780733,-0.008298802814695066
3607,-1.0599011745212925,-0.008298802814695066
3608,-1.059926133008669,-0.008298802814695066
3609,-1.0600792406923865,-0.008298802814695066
3610,-1.0605265530456334,-0.008298802814695066
3611,-1.060773329806335,-0.008298802814695066
3612,-1.0607927801796986,-0.008298802814695066
3613,-1.060939888345794,-0.008298802814695066
3614,-1.0610772254641483,-0.008298802814695066
3615,-1.0612901539245292,-0.008298802814695066
3616,-1.0613669711351088,-0.008298802814695066
3617,-1.0619735980308325,-0.008298802814695066
3618,-1.0620013087267495,-0.008298802814695066
3619,-1.0627263745336144,-0.008298802814695066
3620,-1.0627332364212623,-0.008298802814695066
3621,-1.0627401141854995,-0.008298802814695066
3622,-1.0628349912993977,-0.008298802814695066
3623,-1.063267335982359,-0.008298802814695066
3624,-1.0633138807511189,-0.008298802814695066
3625,-1.0636570182006115,-0.008298802814695066
3626,-1.0637865475062656,-0.008298802814695066
3627,-1.064088310284713,-0.008298802814695066
3628,-1.064346815154983,-0.008298802814695066
3629,-1.0644163935062678,-0.008298802814695066
3630,-1.0644617310281645,-0.008298802814695066
3631,-1.0646073671959237,-0.008298802814695066
3632,-1.064799231312342,-0.008298802814695066
3633,-1.0648039962217615,-0.008298802814695066
3634,-1.0650514303259546,-0.008298802814695066
3635,-1.0650705336461868,-0.008298802814695066
3636,-1.0658122546385682,-0.008298802814695066
3637,-1.0660962078359684,-0.008298802814695066
3638,-1.0662990318236145,-0.008298802814695066
3639,-1.0664168331072292,-0.008298802814695066
3640,-1.0665005034483497,-0.008298802814695066
3641,-1.0667670424501183,-0.008298802814695066
3642,-1.0668783675959557,-0.008298802814695066
3643,-1.066887538899226,-0.008298802814695066
3644,-1.0670827450979257,-0.008298802814695066
3645,-1.0673497991059022,-0.008298802814695066
3646,-1.0676521808322046,-0.008298802814695066
3647,-1.0677595649485423,-0.008298802814695066
3648,-1.067772396591535,-0.008298802814695066
3649,-1.0682614696571187,-0.008298802814695066
3650,-1.0683569508446995,-0.008298802814695066
3651,-1.0685421865167117,-0.008298802814695066
3652,-1.0687607887262618,-0.008298802814695066
3653,-1.0687709056311103,-0.008298802814695066
3654,-1.068859388910698,-0.008298802814695066
3655,-1.0691905951855396,-0.008298802814695066
3656,-1.0692352890078318,-0.008298802814695066
3657,-1.069329985179678,-0.008298802814695066
3658,-1.0693772642487187,-0.008298802814695066
3659,-1.0695476827036416,-0.008298802814695066
3660,-1.069551562086567,-0.008298802814695066
3661,-1.0696551620396977,-0.008298802814695066
3662,-1.0698919479767766,-0.008298802814695066
3663,-1.0701373393682247,-0.008298802814695066
3664,-1.0702145990721845,-0.008298802814695066
3665,-1.0705250695792523,-0.008298802814695066
3666,-1.0711182674438748,-0.008298802814695066
3667,-1.0711582004282578,-0.008298802814695066
3668,-1.072517772113502,-0.008298802814695066
3669,-1.072634515066686,-0.008298802814695066
3670,-1.0729780057615668,-0.008298802814695066
3671,-1.0731291925172015,-0.008298802814695066
3672,-1.0733248491136866,-0.008298802814695066
3673,-1.0742434654666049,-0.008298802814695066
3674,-1.074255705043258,-0.008298802814695066
3675,-1.0742778208451058,-0.008298802814695066
3676,-1.0743863390545105,-0.008298802814695066
3677,-1.074419987866678,-0.008298802814695066
3678,-1.0748866642137223,-0.008298802814695066
3679,-1.0750008103656752,-0.008298802814695066
3680,-1.0751297167564418,-0.008298802814695066
3681,-1.075176372806081,-0.008298802814695066
3682,-1.0751916099885672,-0.008298802814695066
3683,-1.075561607049043,-0.008298802814695066
3684,-1.075562809588476,-0.008298802814695066
3685,-1.075580913508696,-0.008298802814695066
3686,-1.0757670359854767,-0.008298802814695066
3687,-1.07576954935609,-0.008298802814695066
3688,-1.0760432167873948,-0.008298802814695066
3689,-1.0766570632365917,-0.008298802814695066
3690,-1.0769383941479114,-0.008298802814695066
3691,-1.0769410030787814,-0.008298802814695066
3692,-1.077406597615599,-0.008298802814695066
3693,-1.0775924254778941,-0.008298802814695066
3694,-1.0779752750942115,-0.008298802814695066
3695,-1.0780622920415963,-0.008298802814695066
3696,-1.0782116467964127,-0.008298802814695066
3697,-1.0783783095016846,-0.008298802814695066
3698,-1.0784479931480349,-0.008298802814695066
3699,-1.0785303322653679,-0.008298802814695066
3700,-1.0786926000245594,-0.008298802814695066
3701,-1.078786158735866,-0.008298802814695066
3702,-1.0788041450907206,-0.008298802814695066
3703,-1.0788505358701403,-0.008298802814695066
3704,-1.079043451300635,-0.008298802814695066
3705,-1.0793380783284112,-0.008298802814695066
3706,-1.0796514608895595,-0.008298802814695066
3707,-1.0797972897873511,-0.008298802814695066
3708,-1.0798685602864768,-0.008298802814695066
3709,-1.0798855901462678,-0.008298802814695066
3710,-1.079905868847895,-0.008298802814695066
3711,-1.0799883384842408,-0.008298802814695066
3712,-1.080009005959636,-0.008298802814695066
3713,-1.080155291154075,-0.008298802814695066
3714,-1.0802287314981942,-0.008298802814695066
3715,-1.0802445802194411,-0.008298802814695066
3716,-1.0807420240673804,-0.008298802814695066
3717,-1.0811804892009977,-0.008298802814695066
3718,-1.081372572875917,-0.008298802814695066
3719,-1.0813762052254068,-0.008298802814695066
3720,-1.0816452329210073,-0.008298802814695066
3721,-1.0816938793097088,-0.008298802814695066
3722,-1.0818162420129442,-0.008298802814695066
3723,-1.0821748534054088,-0.008298802814695066
3724,-1.082278245604399,-0.008298802814695066
3725,-1.082338812311505,-0.008298802814695066
3726,-1.0823583550495022,-0.008298802814695066
3727,-1.0824885973248326,-0.008298802814695066
3728,-1.08253006514653,-0.008298802814695066
3729,-1.0825314089140765,-0.008298802814695066
3730,-1.0826946761735348,-0.008298802814695066
3731,-1.082848669841289,-0.008298802814695066
3732,-1.0828716252671486,-0.008298802814695066
3733,-1.083025162732898,-0.008298802814695066
3734,-1.0832389285317996,-0.008298802814695066
3735,-1.0835272850950262,-0.008298802814695066
3736,-1.0837230219553677,-0.008298802814695066
3737,-1.0837734941134032,-0.008298802814695066
3738,-1.0839064407960388,-0.008298802814695066
3739,-1.0840620806689907,-0.008298802814695066
3740,-1.08422077850419,-0.008298802814695066
3741,-1.0843722329933836,-0.008298802814695066
3742,-1.0845458450727015,-0.008298802814695066
3743,-1.0846828740188503,-0.008298802814695066
3744,-1.0847886449646995,-0.008298802814695066
3745,-1.084888008434306,-0.008298802814695066
3746,-1.0849532297845546,-0.008298802814695066
3747,-1.0850985462705869,-0.008298802814695066
3748,-1.0853689018009534,-0.008298802814695066
3749,-1.085685652875462,-0.008298802814695066
3750,-1.0857343021157368,-0.008298802814695066
3751,-1.0859449305801119,-0.008298802814695066
3752,-1.0861467396017486,-0.008298802814695066
3753,-1.0862885696945281,-0.008298802814695066
3754,-1.0863292585733877,-0.008298802814695066
3755,-1.0866059341249663,-0.008298802814695066
3756,-1.086665396398896,-0.008298802814695066
3757,-1.0867217864648773,-0.008298802814695066
3758,-1.0867248007363248,-0.008298802814695066
3759,-1.0869633813302306,-0.008298802814695066
3760,-1.0872201467179967,-0.008298802814695066
3761,-1.0872650445698113,-0.008298802814695066
3762,-1.0873189753499675,-0.008298802814695066
3763,-1.0875799027736797,-0.008298802814695066
3764,-1.0877593288672893,-0.008298802814695066
3765,-1.0877849749620871,-0.008298802814695066
3766,-1.0878663471603613,-0.008298802814695066
3767,-1.0879157277732157,-0.008298802814695066
3768,-1.0879592443195163,-0.008298802814695066
3769,-1.0880732247382616,-0.008298802814695066
3770,-1.0881828340724482,-0.008298802814695066
3771,-1.0881947580191949,-0.008298802814695066
3772,-1.0882524277732513,-0.008298802814695066
3773,-1.088648404052721,-0.008298802814695066
3774,-1.0887837224004284,-0.008298802814695066
3775,-1.0887840624998577,-0.008298802814695066
3776,-1.0890301559773659,-0.008298802814695066
3777,-1.0890909845368484,-0.008298802814695066
3778,-1.0891474477792815,-0.008298802814695066
3779,-1.089488749825585,-0.008298802814695066
3780,-1.0897504824192477,-0.008298802814695066
3781,-1.0898841778979795,-0.008298802814695066
3782,-1.0901396750670662,-0.008298802814695066
3783,-1.090516807901761,-0.008298802814695066
3784,-1.090549844623656,-0.008298802814695066
3785,-1.0905880640160721,-0.008298802814695066
3786,-1.0906817789237309,-0.008298802814695066
3787,-1.0906825471909034,-0.008298802814695066
3788,-1.0910075456839023,-0.008298802814695066
3789,-1.0911035450109765,-0.008298802814695066
3790,-1.0911646595024311,-0.008298802814695066
3791,-1.0911682655720745,-0.008298802814695066
3792,-1.0912536857843436,-0.008298802814695066
3793,-1.0913230394862439,-0.008298802814695066
3794,-1.0914114130496497,-0.008298802814695066
3795,-1.0914163053373531,-0.008298802814695066
3796,-1.0914198293453727,-0.008298802814695066
3797,-1.091425589943162,-0.008298802814695066
3798,-1.0914652434875913,-0.008298802814695066
3799,-1.0915703729667725,-0.008298802814695066
3800,-1.0917777077671929,-0.008298802814695066
3801,-1.091967629841071,-0.008298802814695066
3802,-1.0920600418259725,-0.008298802814695066
3803,-1.0921459456916542,-0.008298802814695066
3804,-1.0924190534925842,-0.008298802814695066
3805,-1.0924282109494228,-0.008298802814695066
3806,-1.0925616420546356,-0.008298802814695066
3807,-1.092870281990923,-0.008298802814695066
3808,-1.0932843561404375,-0.008298802814695066
3809,-1.0933828978822562,-0.008298802814695066
3810,-1.0938246757416783,-0.008298802814695066
3811,-1.0939766576585763,-0.008298802814695066
3812,-1.0940705768401804,-0.008298802814695066
3813,-1.0943842630142253,-0.008298802814695066
3814,-1.0943877411460277,-0.008298802814695066
3815,-1.0944786589373527,-0.008298802814695066
3816,-1.0946638933632529,-0.008298802814695066
3817,-1.094715991875829,-0.008298802814695066
3818,-1.0949023950110504,-0.008298802814695066
3819,-1.0949182781173703,-0.008298802814695066
3820,-1.0950165554928488,-0.008298802814695066
3821,-1.0950465723935765,-0.008298802814695066
3822,-1.0951031706691903,-0.008298802814695066
3823,-1.0952873478812788,-0.008298802814695066
3824,-1.0952945754104915,-0.008298802814695066
3825,-1.0953912506736665,-0.008298802814695066
3826,-1.096006810982547,-0.008298802814695066
3827,-1.0960149319138288,-0.008298802814695066
3828,-1.096144434382004,-0.008298802814695066
3829,-1.0961844244063719,-0.008298802814695066
3830,-1.0963490086429943,-0.008298802814695066
3831,-1.0963905385831276,-0.008298802814695066
3832,-1.0965121982510035,-0.008298802814695066
3833,-1.0967115517084558,-0.008298802814695066
3834,-1.0967322635348802,-0.008298802814695066
3835,-1.0968892938518957,-0.008298802814695066
3836,-1.097063643952843,-0.008298802814695066
3837,-1.0971068120392449,-0.008298802814695066
3838,-1.0971611268720178,-0.008298802814695066
3839,-1.097452727683028,-0.008298802814695066
3840,-1.0974607332987618,-0.008298802814695066
3841,-1.0975854312748132,-0.008298802814695066
3842,-1.0976475112821993,-0.008298802814695066
3843,-1.0976789608499116,-0.008298802814695066
3844,-1.0977051438738075,-0.008298802814695066
3845,-1.0978067400967795,-0.008298802814695066
3846,-1.097842117973151,-0.008298802814695066
3847,-1.0978652486027678,-0.008298802814695066
3848,-1.097884923327815,-0.008298802814695066
3849,-1.0980278705206388,-0.008298802814695066
3850,-1.098403530143464,-0.008298802814695066
3851,-1.0985471510729228,-0.008298802814695066
3852,-1.0985781203136404,-0.008298802814695066
3853,-1.0986355663413356,-0.008298802814695066
3854,-1.0986736093119867,-0.008298802814695066
3855,-1.0987017027147488,-0.008298802814695066
3856,-1.0987659998741748,-0.008298802814695066
3857,-1.098770504367066,-0.008298802814695066
3858,-1.0989932612536046,-0.008298802814695066
3859,-1.0990224648314548,-0.008298802814695066
3860,-1.0991603591291432,-0.008298802814695066
3861,-1.0994081340203379,-0.008298802814695066
3862,-1.0995309499188552,-0.008298802814695066
3863,-1.099549493366822,-0.008298802814695066
3864,-1.0995707983549408,-0.008298802814695066
3865,-1.099617132579961,-0.008298802814695066
3866,-1.0999411431798614,-0.008298802814695066
3867,-1.1000675505709863,-0.008298802814695066
3868,-1.100142452387955,-0.008298802814695066
3869,-1.1001727791898952,-0.008298802814695066
3870,-1.1003642333078196,-0.008298802814695066
3871,-1.1004423971663742,-0.008298802814695066
3872,-1.1006304672910736,-0.008298802814695066
3873,-1.100727469210344,-0.008298802814695066
3874,-1.1010199063213633,-0.008298802814695066
3875,-1.1010570437681388,-0.008298802814695066
3876,-1.101193642130838,-0.008298802814695066
3877,-1.1012505181727898,-0.008298802814695066
3878,-1.1017025211642735,-0.008298802814695066
3879,-1.1017135263450013,-0.008298802814695066
3880,-1.10176814120814,-0.008298802814695066
3881,-1.1017799010565223,-0.008298802814695066
3882,-1.1018653403357817,-0.008298802814695066
3883,-1.1019787017516431,-0.008298802814695066
3884,-1.1021058456235044,-0.008298802814695066
3885,-1.102136108390908,-0.008298802814695066
3886,-1.1022551373237386,-0.008298802814695066
3887,-1.1022937914709732,-0.008298802814695066
3888,-1.102330381702613,-0.008298802814695066
3889,-1.1023862172861074,-0.008298802814695066
3890,-1.1024219990239987,-0.008298802814695066
3891,-1.1025703363905632,-0.008298802814695066
3892,-1.1026567868312798,-0.008298802814695066
3893,-1.1028021652538023,-0.008298802814695066
3894,-1.1028558437839389,-0.008298802814695066
3895,-1.1029251066930166,-0.008298802814695066
3896,-1.1030927741604997,-0.008298802814695066
3897,-1.1031154721464507,-0.008298802814695066
3898,-1.1033706640842615,-0.008298802814695066
3899,-1.103496987602942,-0.008298802814695066
3900,-1.1035077250674052,-0.008298802814695066
3901,-1.1035207224393153,-0.008298802814695066
3902,-1.103559136495992,-0.008298802814695066
3903,-1.10374496748351,-0.008298802814695066
3904,-1.1040778752491078,-0.008298802814695066
3905,-1.1041861525534482,-0.008298802814695066
3906,-1.1042977808852816,-0.008298802814695066
3907,-1.1043814093479414,-0.008298802814695066
3908,-1.1047087631443884,-0.008298802814695066
3909,-1.1052857218463346,-0.008298802814695066
3910,-1.105529267777642,-0.008298802814695066
3911,-1.1055926449324909,-0.008298802814695066
3912,-1.1056927468467923,-0.008298802814695066
3913,-1.1056968400839595,-0.008298802814695066
3914,-1.1058551507485426,-0.008298802814695066
3915,-1.1058648093025254,-0.008298802814695066
3916,-1.1062320787672117,-0.008298802814695066
3917,-1.1062635266283125,-0.008298802814695066
3918,-1.106526246453789,-0.008298802814695066
3919,-1.106583895344416,-0.008298802814695066
3920,-1.1067253280784608,-0.008298802814695066
3921,-1.107026005721027,-0.008298802814695066
3922,-1.107281360307307,-0.008298802814695066
3923,-1.1073539978532918,-0.008298802814695066
3924,-1.107433952778001,-0.008298802814695066
3925,-1.10750229643319,-0.008298802814695066
3926,-1.1075047924923926,-0.008298802814695066
3927,-1.1076229344413062,-0.008298802814695066
3928,-1.1077685387469418,-0.008298802814695066
3929,-1.1080250272544567,-0.008298802814695066
3930,-1.108098892350724,-0.008298802814695066
3931,-1.1082436857456015,-0.008298802814695066
3932,-1.1083020118990115,-0.008298802814695066
3933,-1.1083073413941844,-0.008298802814695066
3934,-1.109093478077007,-0.008298802814695066
3935,-1.109620320338585,-0.008298802814695066
3936,-1.1097391097438112,-0.008298802814695066
3937,-1.1098124893547359,-0.008298802814695066
3938,-1.1098481351993772,-0.008298802814695066
3939,-1.110001858259424,-0.008298802814695066
3940,-1.1100375424966984,-0.008298802814695066
3941,-1.1100986254840601,-0.008298802814695066
3942,-1.1101121935356235,-0.008298802814695066
3943,-1.1101453527127256,-0.008298802814695066
3944,-1.110173049087512,-0.008298802814695066
3945,-1.1102087434444263,-0.008298802814695066
3946,-1.1104423149225795,-0.008298802814695066
3947,-1.1104557396250518,-0.008298802814695066
3948,-1.1104729558417388,-0.008298802814695066
3949,-1.1106000000349612,-0.008298802814695066
3950,-1.1112213186143467,-0.008298802814695066
3951,-1.1114135218675636,-0.008298802814695066
3952,-1.1116824007533552,-0.008298802814695066
3953,-1.111713930589705,-0.008298802814695066
3954,-1.1117328686250172,-0.008298802814695066
3955,-1.112095380744023,-0.008298802814695066
3956,-1.1122828695153277,-0.008298802814695066
3957,-1.1122923506767397,-0.008298802814695066
3958,-1.1123599450763346,-0.008298802814695066
3959,-1.1124593772284168,-0.008298802814695066
3960,-1.1125854075646968,-0.008298802814695066
3961,-1.112962071956499,-0.008298802814695066
3962,-1.113040028534015,-0.008298802814695066
3963,-1.1133110378437936,-0.008298802814695066
3964,-1.1133628861765446,-0.008298802814695066
3965,-1.1134489614987966,-0.008298802814695066
3966,-1.113617652507129,-0.008298802814695066
3967,-1.113640724838646,-0.008298802814695066
3968,-1.1136573943981292,-0.008298802814695066
3969,-1.1137024013877168,-0.008298802814695066
3970,-1.1138390007224508,-0.008298802814695066
3971,-1.113888223403048,-0.008298802814695066
3972,-1.11391356938163,-0.008298802814695066
3973,-1.1139422778126225,-0.008298802814695066
3974,-1.1140429864527595,-0.008298802814695066
3975,-1.1140804873096557,-0.008298802814695066
3976,-1.114238700000284,-0.008298802814695066
3977,-1.1142852765887927,-0.008298802814695066
3978,-1.114315963278939,-0.008298802814695066
3979,-1.114338812264807,-0.008298802814695066
3980,-1.1144112488709408,-0.008298802814695066
3981,-1.1146287374265018,-0.008298802814695066
3982,-1.1151018797773722,-0.008298802814695066
3983,-1.1151910326435375,-0.008298802814695066
3984,-1.1152053811832745,-0.008298802814695066
3985,-1.1153027711706782,-0.008298802814695066
3986,-1.1155053033206301,-0.008298802814695066
3987,-1.1155089334735324,-0.008298802814695066
3988,-1.1155537122279444,-0.008298802814695066
3989,-1.1156422697269641,-0.008298802814695066
3990,-1.115802136439706,-0.008298802814695066
3991,-1.1158867188756385,-0.008298802814695066
3992,-1.1159376549723563,-0.008298802814695066
3993,-1.116104376734179,-0.008298802814695066
3994,-1.1161139559007534,-0.008298802814695066
3995,-1.1161573407524914,-0.008298802814695066
3996,-1.1163577549269217,-0.008298802814695066
3997,-1.116435039375253,-0.008298802814695066
3998,-1.1164381988831358,-0.008298802814695066
3999,-1.1165263859240153,-0.008298802814695066
4000,-1.1166053616626634,-0.008298802814695066
4001,-1.1166625028255046,-0.008298802814695066
4002,-1.1166755413386469,-0.008298802814695066
4003,-1.1167290087102701,-0.008298802814695066
4004,-1.1168922680715658,-0.008298802814695066
4005,-1.1169154773580412,-0.008298802814695066
4006,-1.1170582991649232,-0.008298802814695066
4007,-1.1170594371064446,-0.008298802814695066
4008,-1.1170611383631042,-0.008298802814695066
4009,-1.1170800532079121,-0.008298802814695066
4010,-1.1170836397074793,-0.008298802814695066
4011,-1.117155109694771,-0.008298802814695066
4012,-1.1172365855820394,-0.008298802814695066
4013,-1.117787241574851,-0.008298802814695066
4014,-1.1180777338821424,-0.008298802814695066
4015,-1.1183283091223726,-0.008298802814695066
4016,-1.1184993971078327,-0.008298802814695066
4017,-1.118500307112007,-0.008298802814695066
4018,-1.1185896899181453,-0.008298802814695066
4019,-1.1192264988036276,-0.008298802814695066
4020,-1.1194561118882678,-0.008298802814695066
4021,-1.1194698387806206,-0.008298802814695066
4022,-1.1194724289446072,-0.008298802814695066
4023,-1.1196896652542352,-0.008298802814695066
4024,-1.1199928537854567,-0.008298802814695066
4025,-1.1199995470408344,-0.008298802814695066
4026,-1.120034928829898,-0.008298802814695066
4027,-1.1200552826365637,-0.008298802814695066
4028,-1.1200941612301483,-0.008298802814695066
4029,-1.1202793841428869,-0.008298802814695066
4030,-1.1203323988029494,-0.008298802814695066
4031,-1.120389269240306,-0.008298802814695066
4032,-1.1204256260011836,-0.008298802814695066
4033,-1.1204288797041875,-0.008298802814695066
4034,-1.1208688395876059,-0.008298802814695066
4035,-1.120964704618222,-0.008298802814695066
4036,-1.1209735970221213,-0.008298802814695066
4037,-1.1210819701900423,-0.008298802814695066
4038,-1.121233493263712,-0.008298802814695066
4039,-1.1213019771027304,-0.008298802814695066
4040,-1.1214283062730117,-0.008298802814695066
4041,-1.1214687060488628,-0.008298802814695066
4042,-1.121627057466731,-0.008298802814695066
4043,-1.1219137536111938,-0.008298802814695066
4044,-1.1219841579162375,-0.008298802814695066
4045,-1.1219978618201891,-0.008298802814695066
4046,-1.1223005561500292,-0.008298802814695066
4047,-1.1223585255292006,-0.008298802814695066
4048,-1.1223630487548284,-0.008298802814695066
4049,-1.1229094793797683,-0.008298802814695066
4050,-1.1229658130696771,-0.008298802814695066
4051,-1.122991545767982,-0.008298802814695066
4052,-1.1230694629571996,-0.008298802814695066
4053,-1.1231050576854662,-0.008298802814695066
4054,-1.1232651814153263,-0.008298802814695066
4055,-1.123346035103439,-0.008298802814695066
4056,-1.1233599950043685,-0.008298802814695066
4057,-1.1234833920420935,-0.008298802814695066
4058,-1.1238695813589665,-0.008298802814695066
4059,-1.1241262966431405,-0.008298802814695066
4060,-1.1241362753667556,-0.008298802814695066
4061,-1.124346799799354,-0.008298802814695066
4062,-1.1245929026241583,-0.008298802814695066
4063,-1.1245991404322266,-0.008298802814695066
4064,-1.1246047043461986,-0.008298802814695066
4065,-1.1246226236191061,-0.008298802814695066
4066,-1.1248199024472378,-0.008298802814695066
4067,-1.1248200815780007,-0.008298802814695066
4068,-1.1248437811960277,-0.008298802814695066
4069,-1.1249000650793108,-0.008298802814695066
4070,-1.1249573308362713,-0.008298802814695066
4071,-1.1250150756062536,-0.008298802814695066
4072,-1.125114370410184,-0.008298802814695066
4073,-1.1251440767462575,-0.008298802814695066
4074,-1.1252328012060302,-0.008298802814695066
4075,-1.125449956422109,-0.008298802814695066
4076,-1.125684516476494,-0.008298802814695066
4077,-1.1257582110329234,-0.008298802814695066
4078,-1.1261064997000139,-0.008298802814695066
4079,-1.1261532778887937,-0.008298802814695066
4080,-1.1265391642052769,-0.008298802814695066
4081,-1.1265438451850098,-0.008298802814695066
4082,-1.12658952976869,-0.008298802814695066
4083,-1.126627069731051,-0.008298802814695066
4084,-1.126712038196784,-0.008298802814695066
4085,-1.1268407238428035,-0.008298802814695066
4086,-1.1272554223101217,-0.008298802814695066
4087,-1.1272787405188636,-0.008298802814695066
4088,-1.1273613723238556,-0.008298802814695066
4089,-1.1274160641686208,-0.008298802814695066
4090,-1.1274615665948855,-0.008298802814695066
4091,-1.1275131698471828,-0.008298802814695066
4092,-1.127854487486204,-0.008298802814695066
4093,-1.1281619808049819,-0.008298802814695066
4094,-1.1281641704631817,-0.008298802814695066
4095,-1.1282699705437127,-0.008298802814695066
4096,-1.12873530769978,-0.008298802814695066
4097,-1.128800666217407,-0.008298802814695066
4098,-1.1288786197037233,-0.008298802814695066
4099,-1.129147614098836,-0.008298802814695066
4100,-1.1291841523565451,-0.008298802814695066
4101,-1.1292635381163252,-0.008298802814695066
4102,-1.1294811924641397,-0.008298802814695066
4103,-1.129543942448273,-0.008298802814695066
4104,-1.129552744737889,-0.008298802814695066
4105,-1.1295903437887833,-0.008298802814695066
4106,-1.1297023230624625,-0.008298802814695066
4107,-1.1297248470800096,-0.008298802814695066
4108,-1.129749509636816,-0.008298802814695066
4109,-1.129836479605517,-0.008298802814695066
4110,-1.1299307836046895,-0.008298802814695066
4111,-1.1299746829052844,-0.008298802814695066
4112,-1.129992476142541,-0.008298802814695066
4113,-1.130039394067526,-0.008298802814695066
4114,-1.1300985057823347,-0.008298802814695066
4115,-1.1301397548400502,-0.008298802814695066
4116,-1.1302671731919645,-0.008298802814695066
4117,-1.1305433769906004,-0.008298802814695066
4118,-1.1307537498069904,-0.008298802814695066
4119,-1.1307572079406842,-0.008298802814695066
4120,-1.130773743734402,-0.008298802814695066
4121,-1.1308271206431852,-0.008298802814695066
4122,-1.1308561102138448,-0.008298802814695066
4123,-1.1308873385822846,-0.008298802814695066
4124,-1.1309114278927015,-0.008298802814695066
4125,-1.1309239855645492,-0.008298802814695066
4126,-1.13092668123707,-0.008298802814695066
4127,-1.1310043167845467,-0.008298802814695066
4128,-1.1311375748852992,-0.008298802814695066
4129,-1.1316748184012098,-0.008298802814695066
4130,-1.1319582013540523,-0.008298802814695066
4131,-1.1319989269899664,-0.008298802814695066
4132,-1.132074099370796,-0.008298802814695066
4133,-1.1320975330513008,-0.008298802814695066
4134,-1.1321591412690077,-0.008298802814695066
4135,-1.1321762185366653,-0.008298802814695066
4136,-1.1323123137737325,-0.008298802814695066
4137,-1.1323280531395812,-0.008298802814695066
4138,-1.1327614079799018,-0.008298802814695066
4139,-1.1327756676079184,-0.008298802814695066
4140,-1.1328283582113288,-0.008298802814695066
4141,-1.1329353606226549,-0.008298802814695066
4142,-1.1329489176956404,-0.008298802814695066
4143,-1.1331021830418233,-0.008298802814695066
4144,-1.133149437295039,-0.008298802814695066
4145,-1.1332844969395963,-0.008298802814695066
4146,-1.1332895044302451,-0.008298802814695066
4147,-1.133507572719715,-0.008298802814695066
4148,-1.1337391302601834,-0.008298802814695066
4149,-1.134210748173757,-0.008298802814695066
4150,-1.1342890880725784,-0.008298802814695066
4151,-1.1345045698556933,-0.008298802814695066
4152,-1.1345378076068116,-0.008298802814695066
4153,-1.1345384932878892,-0.008298802814695066
4154,-1.1346246531118838,-0.008298802814695066
4155,-1.1347887053034096,-0.008298802814695066
4156,-1.1352705958237046,-0.008298802814695066
4157,-1.1353084768375137,-0.008298802814695066
4158,-1.1353671123115827,-0.008298802814695066
4159,-1.1354844553444252,-0.008298802814695066
4160,-1.13587189775401,-0.008298802814695066
4161,-1.1359200306928317,-0.008298802814695066
4162,-1.1360855498983446,-0.008298802814695066
4163,-1.1361488788979808,-0.008298802814695066
4164,-1.136453898977154,-0.008298802814695066
4165,-1.136590775062584,-0.008298802814695066
4166,-1.1368336276454452,-0.008298802814695066
4167,-1.1369965243560993,-0.008298802814695066
4168,-1.137046808624457,-0.008298802814695066
4169,-1.1372490733810598,-0.008298802814695066
4170,-1.1375159849005898,-0.008298802814695066
4171,-1.1375615019038592,-0.008298802814695066
4172,-1.1375852958840305,-0.008298802814695066
4173,-1.1375947157168917,-0.008298802814695066
4174,-1.1376283950017214,-0.008298802814695066
4175,-1.1377775471333709,-0.008298802814695066
4176,-1.1381220796261504,-0.008298802814695066
4177,-1.138173270018425,-0.008298802814695066
4178,-1.1382435095829049,-0.008298802814695066
4179,-1.1384559261919283,-0.008298802814695066
4180,-1.1384974901982936,-0.008298802814695066
4181,-1.138551388551225,-0.008298802814695066
4182,-1.1385863882909697,-0.008298802814695066
4183,-1.138602926393109,-0.008298802814695066
4184,-1.138665150214497,-0.008298802814695066
4185,-1.1386850977488245,-0.008298802814695066
4186,-1.1387708947426316,-0.008298802814695066
4187,-1.138942406756012,-0.008298802814695066
4188,-1.1389897093523342,-0.008298802814695066
4189,-1.1390320005987211,-0.008298802814695066
4190,-1.1390968897272107,-0.008298802814695066
4191,-1.139168351509535,-0.008298802814695066
4192,-1.1394726406651905,-0.008298802814695066
4193,-1.1394785773944118,-0.008298802814695066
4194,-1.1396880157769955,-0.008298802814695066
4195,-1.1398665529272118,-0.008298802814695066
4196,-1.1399754916598552,-0.008298802814695066
4197,-1.1399880399547386,-0.008298802814695066
4198,-1.1403366712230387,-0.008298802814695066
4199,-1.1406132370449185,-0.008298802814695066
4200,-1.14106079957963,-0.008298802814695066
4201,-1.1411536242509386,-0.008298802814695066
4202,-1.1414941560199836,-0.008298802814695066
4203,-1.1416918621380936,-0.008298802814695066
4204,-1.1418072132890602,-0.008298802814695066
4205,-1.1418579793737844,-0.008298802814695066
4206,-1.1418871363139582,-0.008298802814695066
4207,-1.1422184310416146,-0.008298802814695066
4208,-1.142229339066627,-0.008298802814695066
4209,-1.1422409399872961,-0.008298802814695066
4210,-1.1423799330305242,-0.008298802814695066
4211,-1.1423970041929579,-0.008298802814695066
4212,-1.1426248448235654,-0.008298802814695066
4213,-1.1427551192111576,-0.008298802814695066
4214,-1.142838172981349,-0.008298802814695066
4215,-1.1431675091075528,-0.008298802814695066
4216,-1.143383205655415,-0.008298802814695066
4217,-1.1434241927637603,-0.008298802814695066
4218,-1.1435316483364266,-0.008298802814695066
4219,-1.1437441087375888,-0.008298802814695066
4220,-1.1437621514358285,-0.008298802814695066
4221,-1.1439528737003628,-0.008298802814695066
4222,-1.1439780046231505,-0.008298802814695066
4223,-1.144055627315709,-0.008298802814695066
4224,-1.1443140306338226,-0.008298802814695066
4225,-1.1443251823433915,-0.008298802814695066
4226,-1.144393548270941,-0.008298802814695066
4227,-1.1448088984712776,-0.008298802814695066
4228,-1.1448110378670477,-0.008298802814695066
4229,-1.1449498452728446,-0.008298802814695066
4230,-1.1450981896037251,-0.008298802814695066
4231,-1.1451147266304442,-0.008298802814695066
4232,-1.1452597839637413,-0.008298802814695066
4233,-1.1453105453087544,-0.008298802814695066
4234,-1.1453610207184566,-0.008298802814695066
4235,-1.1454418394916186,-0.008298802814695066
4236,-1.1455787494620322,-0.008298802814695066
4237,-1.1455942590504857,-0.008298802814695066
4238,-1.1458020823029833,-0.008298802814695066
4239,-1.145858244455753,-0.008298802814695066
4240,-1.146238985537345,-0.008298802814695066
4241,-1.1465387001375416,-0.008298802814695066
4242,-1.1467468401925531,-0.008298802814695066
4243,-1.1468122773788643,-0.008298802814695066
4244,-1.1468394480433346,-0.008298802814695066
4245,-1.1469305670767422,-0.008298802814695066
4246,-1.1469909304830992,-0.008298802814695066
4247,-1.1470071932910257,-0.008298802814695066
4248,-1.1472456566927534,-0.008298802814695066
4249,-1.1472541234817921,-0.008298802814695066
4250,-1.1472780604644337,-0.008298802814695066
4251,-1.1475410553422618,-0.008298802814695066
4252,-1.1475903148760935,-0.008298802814695066
4253,-1.1477588121299993,-0.008298802814695066
4254,-1.147965373262603,-0.008298802814695066
4255,-1.1480198086761026,-0.008298802814695066
4256,-1.148059026065381,-0.008298802814695066
4257,-1.1483680181629508,-0.008298802814695066
4258,-1.14843638133715,-0.008298802814695066
4259,-1.1485669137342014,-0.008298802814695066
4260,-1.1487598202694969,-0.008298802814695066
4261,-1.1487970551124806,-0.008298802814695066
4262,-1.1488138232809575,-0.008298802814695066
4263,-1.1489082530717294,-0.008298802814695066
4264,-1.1489738527730404,-0.008298802814695066
4265,-1.1490118549885766,-0.008298802814695066
4266,-1.1491414686096237,-0.008298802814695066
4267,-1.1492310983403977,-0.008298802814695066
4268,-1.1494561418655838,-0.008298802814695066
4269,-1.1494838410416655,-0.008298802814695066
4270,-1.14953918973353,-0.008298802814695066
4271,-1.1496877349759713,-0.008298802814695066
4272,-1.1496942627660944,-0.008298802814695066
4273,-1.1497088562140285,-0.008298802814695066
4274,-1.1499964501153255,-0.008298802814695066
4275,-1.1504505751014298,-0.008298802814695066
4276,-1.1505497032143965,-0.008298802814695066
4277,-1.1505711190797836,-0.008298802814695066
4278,-1.150692596295301,-0.008298802814695066
4279,-1.1506984014666595,-0.008298802814695066
4280,-1.1507036573686835,-0.008298802814695066
4281,-1.150763406603013,-0.008298802814695066
4282,-1.150811598208164,-0.008298802814695066
4283,-1.1508744910758881,-0.008298802814695066
4284,-1.1509074132906139,-0.008298802814695066
4285,-1.150998764153925,-0.008298802814695066
4286,-1.151256208312862,-0.008298802814695066
4287,-1.1513667939569356,-0.008298802814695066
4288,-1.1513698037183202,-0.008298802814695066
4289,-1.1515550168697883,-0.008298802814695066
4290,-1.151621371843075,-0.008298802814695066
4291,-1.151696239430696,-0.008298802814695066
4292,-1.1517325593448273,-0.008298802814695066
4293,-1.1519158243685204,-0.008298802814695066
4294,-1.1519266814018354,-0.008298802814695066
4295,-1.1521449988100985,-0.008298802814695066
4296,-1.1521754315337445,-0.008298802814695066
4297,-1.1523780259775767,-0.008298802814695066
4298,-1.1523991909588198,-0.008298802814695066
4299,-1.1525142910407578,-0.008298802814695066
4300,-1.1527015380031989,-0.008298802814695066
4301,-1.1527353619597538,-0.008298802814695066
4302,-1.1528254552967396,-0.008298802814695066
4303,-1.152863280960437,-0.008298802814695066
4304,-1.152873404769772,-0.008298802814695066
4305,-1.1528811716795946,-0.008298802814695066
4306,-1.1528885887014217,-0.008298802814695066
4307,-1.153029444302987,-0.008298802814695066
4308,-1.1532746746203815,-0.008298802814695066
4309,-1.153600888872837,-0.008298802814695066
4310,-1.1539615269423211,-0.008298802814695066
4311,-1.1539700515215952,-0.008298802814695066
4312,-1.1540143808064958,-0.008298802814695066
4313,-1.1540508997996064,-0.008298802814695066
4314,-1.1541952045393098,-0.008298802814695066
4315,-1.1542557769565711,-0.008298802814695066
4316,-1.1543490158310634,-0.008298802814695066
4317,-1.1543603178342736,-0.008298802814695066
4318,-1.1544333047998687,-0.008298802814695066
4319,-1.1544887444530678,-0.008298802814695066
4320,-1.1545243147159716,-0.008298802814695066
4321,-1.1545297621491852,-0.008298802814695066
4322,-1.1546582187595282,-0.008298802814695066
4323,-1.1546985752289132,-0.008298802814695066
4324,-1.1547542397301582,-0.008298802814695066
4325,-1.1547651939477759,-0.008298802814695066
4326,-1.1551444929878012,-0.008298802814695066
4327,-1.1553794657030778,-0.008298802814695066
4328,-1.1554852326544776,-0.008298802814695066
4329,-1.1555319647231828,-0.008298802814695066
4330,-1.1557103928314745,-0.008298802814695066
4331,-1.1558076988622532,-0.008298802814695066
4332,-1.155824282209645,-0.008298802814695066
4333,-1.1558681049424366,-0.008298802814695066
4334,-1.1558730382481444,-0.008298802814695066
4335,-1.1560347190270097,-0.008298802814695066
4336,-1.1561650987867926,-0.008298802814695066
4337,-1.1562732857249811,-0.008298802814695066
4338,-1.1563957865800736,-0.008298802814695066
4339,-1.1565192184291964,-0.008298802814695066
4340,-1.1567043197986036,-0.008298802814695066
4341,-1.156786547868983,-0.008298802814695066
4342,-1.1569455422721422,-0.008298802814695066
4343,-1.1570123486072375,-0.008298802814695066
4344,-1.1570506862686687,-0.008298802814695066
4345,-1.1570643728309742,-0.008298802814695066
4346,-1.1571292209199164,-0.008298802814695066
4347,-1.1573778833794748,-0.008298802814695066
4348,-1.1574727393694637,-0.008298802814695066
4349,-1.1575444856793433,-0.008298802814695066
4350,-1.1576699900939993,-0.008298802814695066
4351,-1.1577092280068304,-0.008298802814695066
4352,-1.157935429104582,-0.008298802814695066
4353,-1.1579672145451945,-0.008298802814695066
4354,-1.1580071625482957,-0.008298802814695066
4355,-1.15808947296544,-0.008298802814695066
4356,-1.158269055047301,-0.008298802814695066
4357,-1.1584722916049155,-0.008298802814695066
4358,-1.1586059609116284,-0.008298802814695066
4359,-1.1586575562556336,-0.008298802814695066
4360,-1.1586697456495552,-0.008298802814695066
4361,-1.1587963953187481,-0.008298802814695066
4362,-1.1588409078238642,-0.008298802814695066
4363,-1.158861879407552,-0.008298802814695066
4364,-1.1589610817324363,-0.008298802814695066
4365,-1.1589759168237097,-0.008298802814695066
4366,-1.1590093123548386,-0.008298802814695066
4367,-1.1591132219856362,-0.008298802814695066
4368,-1.1591836204755785,-0.008298802814695066
4369,-1.1593294099332292,-0.008298802814695066
4370,-1.159480110675242,-0.008298802814695066
4371,-1.1595197414674636,-0.008298802814695066
4372,-1.1595814532366648,-0.008298802814695066
4373,-1.1596427816083008,-0.008298802814695066
4374,-1.1598317031737768,-0.008298802814695066
4375,-1.1598508189886687,-0.008298802814695066
4376,-1.1598732520298598,-0.008298802814695066
4377,-1.1599307521172664,-0.008298802814695066
4378,-1.159971491480246,-0.008298802814695066
4379,-1.1600135734225507,-0.008298802814695066
4380,-1.160173674441846,-0.008298802814695066
4381,-1.1602339036530145,-0.008298802814695066
4382,-1.1602360297283356,-0.008298802814695066
4383,-1.1602713200737078,-0.008298802814695066
4384,-1.1604633438861156,-0.008298802814695066
4385,-1.1604703010186843,-0.008298802814695066
4386,-1.1607321369066157,-0.008298802814695066
4387,-1.1608203739647647,-0.008298802814695066
4388,-1.161029587647751,-0.008298802814695066
4389,-1.1613991999812274,-0.008298802814695066
4390,-1.161411775550387,-0.008298802814695066
4391,-1.1615189110401025,-0.008298802814695066
4392,-1.1616570031685045,-0.008298802814695066
4393,-1.161741597182274,-0.008298802814695066
4394,-1.1617863049058155,-0.008298802814695066
4395,-1.1618339261427182,-0.008298802814695066
4396,-1.1620296191283708,-0.008298802814695066
4397,-1.1621666036007248,-0.008298802814695066
4398,-1.1622643807595376,-0.008298802814695066
4399,-1.162310805979004,-0.008298802814695066
4400,-1.1623909127562275,-0.008298802814695066
4401,-1.1626767799413986,-0.008298802814695066
4402,-1.1631937327462836,-0.008298802814695066
4403,-1.1631994650088162,-0.008298802814695066
4404,-1.1632306485127084,-0.008298802814695066
4405,-1.1632652803682801,-0.008298802814695066
4406,-1.1634572622276738,-0.008298802814695066
4407,-1.1635077925819286,-0.008298802814695066
4408,-1.1635850827697092,-0.008298802814695066
4409,-1.1636845739159893,-0.008298802814695066
4410,-1.163701496667099,-0.008298802814695066
4411,-1.1638828901793044,-0.008298802814695066
4412,-1.1638998130865825,-0.008298802814695066
4413,-1.1639623827847572,-0.008298802814695066
4414,-1.1641012708753051,-0.008298802814695066
4415,-1.1641804533876918,-0.008298802814695066
4416,-1.1642163038508058,-0.008298802814695066
4417,-1.1642873253000812,-0.008298802814695066
4418,-1.1645483209191885,-0.008298802814695066
4419,-1.1645602923424567,-0.008298802814695066
4420,-1.1647059080251538,-0.008298802814695066
4421,-1.1647358878405796,-0.008298802814695066
4422,-1.1648023404352108,-0.008298802814695066
4423,-1.1648281669296217,-0.008298802814695066
4424,-1.164899546701803,-0.008298802814695066
4425,-1.1649197347276876,-0.008298802814695066
4426,-1.1651555213010083,-0.008298802814695066
4427,-1.1651737595802154,-0.008298802814695066
4428,-1.1652741844543795,-0.008298802814695066
4429,-1.165771457434799,-0.008298802814695066
4430,-1.1657873691669305,-0.008298802814695066
4431,-1.1659464445474605,-0.008298802814695066
4432,-1.16594945766893,-0.008298802814695066
4433,-1.166133718587679,-0.008298802814695066
4434,-1.1661724771937876,-0.008298802814695066
4435,-1.1661794315299447,-0.008298802814695066
4436,-1.1662565459872352,-0.008298802814695066
4437,-1.1662899442313857,-0.008298802814695066
4438,-1.1663695454624377,-0.008298802814695066
4439,-1.1664014848178688,-0.008298802814695066
4440,-1.1667220657177326,-0.008298802814695066
4441,-1.166756216511121,-0.008298802814695066
4442,-1.1668662963098382,-0.008298802814695066
4443,-1.166873847865903,-0.008298802814695066
4444,-1.166938987160706,-0.008298802814695066
4445,-1.1670015733180072,-0.008298802814695066
4446,-1.1671664073146737,-0.008298802814695066
4447,-1.167169596908389,-0.008298802814695066
4448,-1.1673627487292568,-0.008298802814695066
4449,-1.1674765252850772,-0.008298802814695066
4450,-1.1676178291400394,-0.008298802814695066
4451,-1.1676442103472353,-0.008298802814695066
4452,-1.1677110805548572,-0.008298802814695066
4453,-1.1677772049448665,-0.008298802814695066
4454,-1.1678173217494479,-0.008298802814695066
4455,-1.1678199276585548,-0.008298802814695066
4456,-1.1679772075049866,-0.008298802814695066
4457,-1.168023437800473,-0.008298802814695066
4458,-1.1682419834129074,-0.008298802814695066
4459,-1.1683842983649602,-0.008298802814695066
4460,-1.1684252270563995,-0.008298802814695066
4461,-1.1685110310435987,-0.008298802814695066
4462,-1.168546872151943,-0.008298802814695066
4463,-1.1685931058316164,-0.008298802814695066
4464,-1.1686784858145274,-0.008298802814695066
4465,-1.1687852629017828,-0.008298802814695066
4466,-1.1688296623595902,-0.008298802814695066
4467,-1.1692023897236166,-0.008298802814695066
4468,-1.169314467920437,-0.008298802814695066
4469,-1.1693845537258094,-0.008298802814695066
4470,-1.1694651345285827,-0.008298802814695066
4471,-1.169532670498963,-0.008298802814695066
4472,-1.1695936809485714,-0.008298802814695066
4473,-1.1697775219692228,-0.008298802814695066
4474,-1.1698747531073799,-0.008298802814695066
4475,-1.1699557594938907,-0.008298802814695066
4476,-1.1699904051242545,-0.008298802814695066
4477,-1.170026993249578,-0.008298802814695066
4478,-1.1700497568256485,-0.008298802814695066
4479,-1.1702502537558142,-0.008298802814695066
4480,-1.1702659411035259,-0.008298802814695066
4481,-1.1703218312899695,-0.008298802814695066
4482,-1.1703319704811235,-0.008298802814695066
4483,-1.1703512783278878,-0.008298802814695066
4484,-1.1704427684856076,-0.008298802814695066
4485,-1.1705334670253036,-0.008298802814695066
4486,-1.1705645174349673,-0.008298802814695066
4487,-1.1706365507595178,-0.008298802814695066
4488,-1.1707950036666488,-0.008298802814695066
4489,-1.1708884682973033,-0.008298802814695066
4490,-1.1708983768088568,-0.008298802814695066
4491,-1.170933689417251,-0.008298802814695066
4492,-1.1709489024602777,-0.008298802814695066
4493,-1.1710281643305112,-0.008298802814695066
4494,-1.1711192534552455,-0.008298802814695066
4495,-1.1712497192309292,-0.008298802814695066
4496,-1.171288518589341,-0.008298802814695066
4497,-1.1714196442483424,-0.008298802814695066
4498,-1.1715184983567835,-0.008298802814695066
4499,-1.1715860153793767,-0.008298802814695066
4500,-1.1716874397999963,-0.008298802814695066
4501,-1.1718223508585117,-0.008298802814695066
4502,-1.1718426885528879,-0.008298802814695066
4503,-1.17212724441619,-0.008298802814695066
4504,-1.1722615516681774,-0.008298802814695066
4505,-1.1724539836900452,-0.008298802814695066
4506,-1.172572529827114,-0.008298802814695066
4507,-1.1727115122016365,-0.008298802814695066
4508,-1.1727210790080687,-0.008298802814695066
4509,-1.1727429059701786,-0.008298802814695066
4510,-1.1727807107782744,-0.008298802814695066
4511,-1.1727978794663443,-0.008298802814695066
4512,-1.1728455158245363,-0.008298802814695066
4513,-1.1729160852290395,-0.008298802814695066
4514,-1.1730078507552855,-0.008298802814695066
4515,-1.1730499231616491,-0.008298802814695066
4516,-1.173089469739717,-0.008298802814695066
4517,-1.1731474093294034,-0.008298802814695066
4518,-1.1732126575649686,-0.008298802814695066
4519,-1.1734676468606908,-0.008298802814695066
4520,-1.173588486913368,-0.008298802814695066
4521,-1.1736328433236276,-0.008298802814695066
4522,-1.1737297983944508,-0.008298802814695066
4523,-1.1737772363923178,-0.008298802814695066
4524,-1.1737932609083908,-0.008298802814695066
4525,-1.1739125783420483,-0.008298802814695066
4526,-1.1739596352448025,-0.008298802814695066
4527,-1.1740195368435902,-0.008298802814695066
4528,-1.174087484236923,-0.008298802814695066
4529,-1.174182177332509,-0.008298802814695066
4530,-1.1741949066835993,-0.008298802814695066
4531,-1.1743150717848851,-0.008298802814695066
4532,-1.174339391227813,-0.008298802814695066
4533,-1.1744987506705615,-0.008298802814695066
4534,-1.174539353354716,-0.008298802814695066
4535,-1.1746740910349898,-0.008298802814695066
4536,-1.1746954465783266,-0.008298802814695066
4537,-1.1747462038683578,-0.008298802814695066
4538,-1.1747955766547222,-0.008298802814695066
4539,-1.1747999836585925,-0.008298802814695066
4540,-1.1748356340167703,-0.008298802814695066
4541,-1.1748941718728112,-0.008298802814695066
4542,-1.1749428050940172,-0.008298802814695066
4543,-1.1751659822223068,-0.008298802814695066
4544,-1.1753430625526198,-0.008298802814695066
4545,-1.175359461873371,-0.008298802814695066
4546,-1.1753947659817487,-0.008298802814695066
4547,-1.1754033881508934,-0.008298802814695066
4548,-1.1756425949104345,-0.008298802814695066
4549,-1.1759373614667559,-0.008298802814695066
4550,-1.175977961500334,-0.008298802814695066
4551,-1.175996777623448,-0.008298802814695066
4552,-1.1760454032815564,-0.008298802814695066
4553,-1.176112559340109,-0.008298802814695066
4554,-1.1761834843501386,-0.008298802814695066
4555,-1.1762582820184129,-0.008298802814695066
4556,-1.1763849026322886,-0.008298802814695066
4557,-1.17649736480427,-0.008298802814695066
4558,-1.1765395810706738,-0.008298802814695066
4559,-1.176616732220296,-0.008298802814695066
4560,-1.1766659229351797,-0.008298802814695066
4561,-1.1767962479403642,-0.008298802814695066
4562,-1.1768530209793238,-0.008298802814695066
4563,-1.176856448198334,-0.008298802814695066
4564,-1.1768985189143517,-0.008298802814695066
4565,-1.177223920743494,-0.008298802814695066
4566,-1.1772824512089666,-0.008298802814695066
4567,-1.1773196517105489,-0.008298802814695066
4568,-1.1773625680850806,-0.008298802814695066
4569,-1.1775132708928067,-0.008298802814695066
4570,-1.1776676075962937,-0.008298802814695066
4571,-1.1777509740712138,-0.008298802814695066
4572,-1.1778237406761374,-0.008298802814695066
4573,-1.1779488742962103,-0.008298802814695066
4574,-1.1780512535740004,-0.008298802814695066
4575,-1.1781591451313511,-0.008298802814695066
4576,-1.178290421058052,-0.008298802814695066
4577,-1.1782957525281854,-0.008298802814695066
4578,-1.178330219051811,-0.008298802814695066
4579,-1.1783559156342154,-0.008298802814695066
4580,-1.1783753836800366,-0.008298802814695066
4581,-1.178437614985573,-0.008298802814695066
4582,-1.1785844771526135,-0.008298802814695066
4583,-1.1786162616307854,-0.008298802814695066
4584,-1.1786358204429326,-0.008298802814695066
4585,-1.1787533118731806,-0.008298802814695066
4586,-1.1788280650995675,-0.008298802814695066
4587,-1.1788369362549376,-0.008298802814695066
4588,-1.1789114696834713,-0.008298802814695066
4589,-1.179157239411102,-0.008298802814695066
4590,-1.1793384269747722,-0.008298802814695066
4591,-1.1793526469275735,-0.008298802814695066
4592,-1.1794265342010188,-0.008298802814695066
4593,-1.1794843780097664,-0.008298802814695066
4594,-1.1798653380124464,-0.008298802814695066
4595,-1.1798957159344483,-0.008298802814695066
4596,-1.1800677588096664,-0.008298802814695066
4597,-1.180091334726732,-0.008298802814695066
4598,-1.1801332033870642,-0.008298802814695066
4599,-1.1801351392918542,-0.008298802814695066
4600,-1.1801857555620932,-0.008298802814695066
4601,-1.1803624891939868,-0.008298802814695066
4602,-1.180381040457227,-0.008298802814695066
4603,-1.180407275316593,-0.008298802814695066
4604,-1.1805009585084356,-0.008298802814695066
4605,-1.1805074956709505,-0.008298802814695066
4606,-1.1806023870021072,-0.008298802814695066
4607,-1.1807342695788006,-0.008298802814695066
4608,-1.180819545494337,-0.008298802814695066
4609,-1.1809250516747118,-0.008298802814695066
4610,-1.1810675428936421,-0.008298802814695066
4611,-1.181135958316347,-0.008298802814695066
4612,-1.1811605242658891,-0.008298802814695066
4613,-1.1812931197777263,-0.008298802814695066
4614,-1.1814206011511943,-0.008298802814695066
4615,-1.1814784934157656,-0.008298802814695066
4616,-1.1815536202264247,-0.008298802814695066
4617,-1.1816012979033506,-0.008298802814695066
4618,-1.1818106591349586,-0.008298802814695066
4619,-1.181878036294787,-0.008298802814695066
4620,-1.1819258078579231,-0.008298802814695066
4621,-1.182077312390137,-0.008298802814695066
4622,-1.182209153215795,-0.008298802814695066
4623,-1.182230847867024,-0.008298802814695066
4624,-1.1822996713493246,-0.008298802814695066
4625,-1.1823676542918355,-0.008298802814695066
4626,-1.1823792341566473,-0.008298802814695066
4627,-1.1824964175759491,-0.008298802814695066
4628,-1.1825749755231632,-0.008298802814695066
4629,-1.1826264636610002,-0.008298802814695066
4630,-1.1827466759616896,-0.008298802814695066
4631,-1.1828246957799968,-0.008298802814695066
4632,-1.1829460346305507,-0.008298802814695066
4633,-1.182988601899614,-0.008298802814695066
4634,-1.1832503677216109,-0.008298802814695066
4635,-1.1834631752856537,-0.008298802814695066
4636,-1.1836056154687842,-0.008298802814695066
4637,-1.183906359240324,-0.008298802814695066
4638,-1.1839283851022793,-0.008298802814695066
4639,-1.184047088333491,-0.008298802814695066
4640,-1.1841227651011632,-0.008298802814695066
4641,-1.1841503348403934,-0.008298802814695066
4642,-1.1841538203971274,-0.008298802814695066
4643,-1.1841619379786101,-0.008298802814695066
4644,-1.184166344392561,-0.008298802814695066
4645,-1.1841805276217454,-0.008298802814695066
4646,-1.1844494029047352,-0.008298802814695066
4647,-1.184502290828743,-0.008298802814695066
4648,-1.1845326391282038,-0.008298802814695066
4649,-1.1846374735902394,-0.008298802814695066
4650,-1.1847245758667648,-0.008298802814695066
4651,-1.1848300851420224,-0.008298802814695066
4652,-1.1848786789089507,-0.008298802814695066
4653,-1.1849048358492342,-0.008298802814695066
4654,-1.1849752363812023,-0.008298802814695066
4655,-1.1850747782713216,-0.008298802814695066
4656,-1.1851766011983356,-0.008298802814695066
4657,-1.1852600739448635,-0.008298802814695066
4658,-1.185271126948975,-0.008298802814695066
4659,-1.1853048670996265,-0.008298802814695066
4660,-1.185441338143734,-0.008298802814695066
4661,-1.1855065781361744,-0.008298802814695066
4662,-1.1857394873282106,-0.008298802814695066
4663,-1.1857898162254128,-0.008298802814695066
4664,-1.1858424071757518,-0.008298802814695066
4665,-1.1858704711320973,-0.008298802814695066
4666,-1.1858783128419506,-0.008298802814695066
4667,-1.185963695586953,-0.008298802814695066
4668,-1.1859674410349443,-0.008298802814695066
4669,-1.1860832195586986,-0.008298802814695066
4670,-1.18608918995437,-0.008298802814695066
4671,-1.1861176723497402,-0.008298802814695066
4672,-1.1861607922344675,-0.008298802814695066
4673,-1.1861634049413126,-0.008298802814695066
4674,-1.1861793234181937,-0.008298802814695066
4675,-1.1862497451230447,-0.008298802814695066
4676,-1.1864386665414355,-0.008298802814695066
4677,-1.1866041957120206,-0.008298802814695066
4678,-1.1866429992452694,-0.008298802814695066
4679,-1.1868008065160278,-0.008298802814695066
4680,-1.1868525236291483,-0.008298802814695066
4681,-1.1870079701516074,-0.008298802814695066
4682,-1.1870434292008045,-0.008298802814695066
4683,-1.1871255034285249,-0.008298802814695066
4684,-1.187213652060319,-0.008298802814695066
4685,-1.1872678959404124,-0.008298802814695066
4686,-1.1872933849102516,-0.008298802814695066
4687,-1.187321285000598,-0.008298802814695066
4688,-1.1873299849090726,-0.008298802814695066
4689,-1.1873638167775438,-0.008298802814695066
4690,-1.1874042178484627,-0.008298802814695066
4691,-1.187404394781253,-0.008298802814695066
4692,-1.1875599251590108,-0.008298802814695066
4693,-1.1877064492768012,-0.008298802814695066
4694,-1.1877257407725672,-0.008298802814695066
4695,-1.1879226325040162,-0.008298802814695066
4696,-1.1879556878585509,-0.008298802814695066
4697,-1.1879939749283612,-0.008298802814695066
4698,-1.1880887573043335,-0.008298802814695066
4699,-1.188111013880129,-0.008298802814695066
4700,-1.1881495811136742,-0.008298802814695066
4701,-1.1881752803740668,-0.008298802814695066
4702,-1.1881790648872452,-0.008298802814695066
4703,-1.1882723665454138,-0.008298802814695066
4704,-1.1883225781542006,-0.008298802814695066
4705,-1.1884535600628978,-0.008298802814695066
4706,-1.188506363707779,-0.008298802814695066
4707,-1.188690075863952,-0.008298802814695066
4708,-1.1887321397911437,-0.008298802814695066
4709,-1.1887407514998876,-0.008298802814695066
4710,-1.1889314769101238,-0.008298802814695066
4711,-1.1890047668720523,-0.008298802814695066
4712,-1.1890877510262872,-0.008298802814695066
4713,-1.1891059692609023,-0.008298802814695066
4714,-1.1891404766232876,-0.008298802814695066
4715,-1.1891644408435278,-0.008298802814695066
4716,-1.189202705232451,-0.008298802814695066
4717,-1.1892306071997476,-0.008298802814695066
4718,-1.1893521582415716,-0.008298802814695066
4719,-1.189423820811682,-0.008298802814695066
4720,-1.1894653402028832,-0.008298802814695066
4721,-1.189522529517024,-0.008298802814695066
4722,-1.1895414199260843,-0.008298802814695066
4723,-1.1895442036166783,-0.008298802814695066
4724,-1.1895804536885912,-0.008298802814695066
4725,-1.1895857246051826,-0.008298802814695066
4726,-1.1896002267302759,-0.008298802814695066
4727,-1.1898794819573646,-0.008298802814695066
4728,-1.1899935844905583,-0.008298802814695066
4729,-1.1900013078224463,-0.008298802814695066
4730,-1.190024957334668,-0.008298802814695066
4731,-1.1900868740005657,-0.008298802814695066
4732,-1.1901836424268735,-0.008298802814695066
4733,-1.1902526014194332,-0.008298802814695066
4734,-1.1904748386181498,-0.008298802814695066
4735,-1.1904876986789175,-0.008298802814695066
4736,-1.1905849056912423,-0.008298802814695066
4737,-1.1906573065177273,-0.008298802814695066
4738,-1.1906818222281306,-0.008298802814695066
4739,-1.190747467925376,-0.008298802814695066
4740,-1.1907687550629533,-0.008298802814695066
4741,-1.1908680566676562,-0.008298802814695066
4742,-1.190882003285618,-0.008298802814695066
4743,-1.1910197288664992,-0.008298802814695066
4744,-1.191095010063595,-0.008298802814695066
4745,-1.191153077449504,-0.008298802814695066
4746,-1.1913578902270703,-0.008298802814695066
4747,-1.191362542087322,-0.008298802814695066
4748,-1.1915413411397815,-0.008298802814695066
4749,-1.19155305542687,-0.008298802814695066
4750,-1.191625067317682,-0.008298802814695066
4751,-1.1918564039597526,-0.008298802814695066
4752,-1.1918678095210453,-0.008298802814695066
4753,-1.1919265938275543,-0.008298802814695066
4754,-1.19201485906005,-0.008298802814695066
4755,-1.1920633453700953,-0.008298802814695066
4756,-1.192092984185786,-0.008298802814695066
4757,-1.192160187113466,-0.008298802814695066
4758,-1.192408951519434,-0.008298802814695066
4759,-1.192494310824306,-0.008298802814695066
4760,-1.1925215565727698,-0.008298802814695066
4761,-1.192597997608289,-0.008298802814695066
4762,-1.192636539181243,-0.008298802814695066
4763,-1.1926660443409094,-0.008298802814695066
4764,-1.192672606602501,-0.008298802814695066
4765,-1.1927504628065748,-0.008298802814695066
4766,-1.1929403746164946,-0.008298802814695066
4767,-1.1930596770348032,-0.008298802814695066
4768,-1.193100448846614,-0.008298802814695066
4769,-1.1931374182875507,-0.008298802814695066
4770,-1.1933446151797376,-0.008298802814695066
4771,-1.1934163993958955,-0.008298802814695066
4772,-1.1934560142106454,-0.008298802814695066
4773,-1.1935451245280246,-0.008298802814695066
4774,-1.193723280290052,-0.008298802814695066
4775,-1.1938659223767698,-0.008298802814695066
4776,-1.1938774472584064,-0.008298802814695066
4777,-1.1940400334949721,-0.008298802814695066
4778,-1.1941133585373356,-0.008298802814695066
4779,-1.19413185392878,-0.008298802814695066
4780,-1.1941765645143634,-0.008298802814695066
4781,-1.194223350539016,-0.008298802814695066
4782,-1.19423708404758,-0.008298802814695066
4783,-1.194238994842921,-0.008298802814695066
4784,-1.194284535341406,-0.008298802814695066
4785,-1.1943413962336793,-0.008298802814695066
4786,-1.1943559272249962,-0.008298802814695066
4787,-1.1943584952097868,-0.008298802814695066
4788,-1.1946004697914117,-0.008298802814695066
4789,-1.1946730054800354,-0.008298802814695066
4790,-1.1949063236674637,-0.008298802814695066
4791,-1.1949111530108252,-0.008298802814695066
4792,-1.1952902966853922,-0.008298802814695066
4793,-1.1953381483926062,-0.008298802814695066
4794,-1.1954011229517645,-0.008298802814695066
4795,-1.1955054535688818,-0.008298802814695066
4796,-1.1955176153293576,-0.008298802814695066
4797,-1.1955977950279542,-0.008298802814695066
4798,-1.195603469476715,-0.008298802814695066
4799,-1.1956477638898382,-0.008298802814695066
4800,-1.1958614303182615,-0.008298802814695066
4801,-1.195867615875964,-0.008298802814695066
4802,-1.1959039222619139,-0.008298802814695066
4803,-1.1960276922064799,-0.008298802814695066
4804,-1.1961078025979655,-0.008298802814695066
4805,-1.19617745824382,-0.008298802814695066
4806,-1.1961884692286857,-0.008298802814695066
4807,-1.1961914489176304,-0.008298802814695066
4808,-1.196212402573565,-0.008298802814695066
4809,-1.1962611462317332,-0.008298802814695066
4810,-1.1962818487703966,-0.008298802814695066
4811,-1.1962985873952916,-0.008298802814695066
4812,-1.196401062661724,-0.008298802814695066
4813,-1.1968614209477932,-0.008298802814695066
4814,-1.1969357548334068,-0.008298802814695066
4815,-1.1970779743720439,-0.008298802814695066
4816,-1.1971368560508475,-0.008298802814695066
4817,-1.1971537362001328,-0.008298802814695066
4818,-1.1972041843099068,-0.008298802814695066
4819,-1.1972719817218236,-0.008298802814695066
4820,-1.197465832857369,-0.008298802814695066
4821,-1.1974684135205673,-0.008298802814695066
4822,-1.1974717626658016,-0.008298802814695066
4823,-1.1974813508115232,-0.008298802814695066
4824,-1.1974852142288348,-0.008298802814695066
4825,-1.1978328366992903,-0.008298802814695066
4826,-1.197837743305024,-0.008298802814695066
4827,-1.197914195815021,-0.008298802814695066
4828,-1.1979552017357062,-0.008298802814695066
4829,-1.1979844292428148,-0.008298802814695066
4830,-1.198136299419279,-0.008298802814695066
4831,-1.198222888699481,-0.008298802814695066
4832,-1.1982335623426714,-0.008298802814695066
4833,-1.1984768190800348,-0.008298802814695066
4834,-1.1985190865980606,-0.008298802814695066
4835,-1.1985247763869926,-0.008298802814695066
4836,-1.1985900022754983,-0.008298802814695066
4837,-1.1987331804576435,-0.008298802814695066
4838,-1.1987469864919942,-0.008298802814695066
4839,-1.1987505688351163,-0.008298802814695066
4840,-1.1988152015663276,-0.008298802814695066
4841,-1.1988241853839663,-0.008298802814695066
4842,-1.1988772120367965,-0.008298802814695066
4843,-1.1990212879566884,-0.008298802814695066
4844,-1.199157165937699,-0.008298802814695066
4845,-1.1991738079340069,-0.008298802814695066
4846,-1.1991902974090118,-0.008298802814695066
4847,-1.1992224007274987,-0.008298802814695066
4848,-1.1993056614339523,-0.008298802814695066
4849,-1.1993700186712803,-0.008298802814695066
4850,-1.1994077436109438,-0.008298802814695066
4851,-1.199450198873213,-0.008298802814695066
4852,-1.1994573828811845,-0.008298802814695066
4853,-1.1994780756869443,-0.008298802814695066
4854,-1.1995056041683179,-0.008298802814695066
4855,-1.199523725855861,-0.008298802814695066
4856,-1.1996188234896978,-0.008298802814695066
4857,-1.1996601523864423,-0.008298802814695066
4858,-1.1997389751325103,-0.008298802814695066
4859,-1.199821690438218,-0.008298802814695066
4860,-1.199824319147516,-0.008298802814695066
4861,-1.2000554551547435,-0.008298802814695066
4862,-1.2003269532115015,-0.008298802814695066
4863,-1.200383298070844,-0.008298802814695066
4864,-1.200392636516447,-0.008298802814695066
4865,-1.2007651844884684,-0.008298802814695066
4866,-1.2007903380516995,-0.008298802814695066
4867,-1.2009735541728144,-0.008298802814695066
4868,-1.2013328212193237,-0.008298802814695066
4869,-1.2013723178080573,-0.008298802814695066
4870,-1.2014745733893246,-0.008298802814695066
4871,-1.2016117186085546,-0.008298802814695066
4872,-1.20197103426209,-0.008298802814695066
4873,-1.2020966831988638,-0.008298802814695066
4874,-1.2021224104025758,-0.008298802814695066
4875,-1.2022150239415506,-0.008298802814695066
4876,-1.202228675857497,-0.008298802814695066
4877,-1.2023363781510221,-0.008298802814695066
4878,-1.2024197170627726,-0.008298802814695066
4879,-1.2024502556395873,-0.008298802814695066
4880,-1.2024767500396094,-0.008298802814695066
4881,-1.2024868101221973,-0.008298802814695066
4882,-1.202493700935575,-0.008298802814695066
4883,-1.2025067122648048,-0.008298802814695066
4884,-1.202509494526131,-0.008298802814695066
4885,-1.202538133411645,-0.008298802814695066
4886,-1.2025586526062368,-0.008298802814695066
4887,-1.2025610841686254,-0.008298802814695066
4888,-1.2029952232213768,-0.008298802814695066
4889,-1.2030435392173524,-0.008298802814695066
4890,-1.2030612082685295,-0.008298802814695066
4891,-1.203078828161663,-0.008298802814695066
4892,-1.203148689956365,-0.008298802814695066
4893,-1.2031554595450111,-0.008298802814695066
4894,-1.2031695981744024,-0.008298802814695066
4895,-1.2031979321857253,-0.008298802814695066
4896,-1.2033425339136627,-0.008298802814695066
4897,-1.2033712651846475,-0.008298802814695066
4898,-1.2034361039231882,-0.008298802814695066
4899,-1.203504810586475,-0.008298802814695066
4900,-1.2035607716407402,-0.008298802814695066
4901,-1.2035678307796005,-0.008298802814695066
4902,-1.2036413284237213,-0.008298802814695066
4903,-1.2036608178279546,-0.008298802814695066
4904,-1.2038184885500278,-0.008298802814695066
4905,-1.2039571238569797,-0.008298802814695066
4906,-1.2040150687711761,-0.008298802814695066
4907,-1.20412794763035,-0.008298802814695066
4908,-1.2041440695949845,-0.008298802814695066
4909,-1.2041836597329831,-0.008298802814695066
4910,-1.2041888157002754,-0.008298802814695066
4911,-1.2042545349680962,-0.008298802814695066
4912,-1.2042698002154204,-0.008298802814695066
4913,-1.2044313231266732,-0.008298802814695066
4914,-1.2045367532803861,-0.008298802814695066
4915,-1.2045408171444874,-0.008298802814695066
4916,-1.2045565754288416,-0.008298802814695066
4917,-1.2046609998393263,-0.008298802814695066
4918,-1.2047319867136788,-0.008298802814695066
4919,-1.2047523923970376,-0.008298802814695066
4920,-1.2048592565787775,-0.008298802814695066
4921,-1.2048731829768609,-0.008298802814695066
4922,-1.2049712273084436,-0.008298802814695066
4923,-1.2050593878715081,-0.008298802814695066
4924,-1.2051776594008707,-0.008298802814695066
4925,-1.2051806973786043,-0.008298802814695066
4926,-1.20521274273257,-0.008298802814695066
4927,-1.205567195311501,-0.008298802814695066
4928,-1.2055935335698817,-0.008298802814695066
4929,-1.2056099398598512,-0.008298802814695066
4930,-1.205786730085728,-0.008298802814695066
4931,-1.2058454827984944,-0.008298802814695066
4932,-1.2058883489344772,-0.008298802814695066
4933,-1.2058956531339384,-0.008298802814695066
4934,-1.2059144659310475,-0.008298802814695066
4935,-1.2059638337632563,-0.008298802814695066
4936,-1.2060737748079766,-0.008298802814695066
4937,-1.2061367663622395,-0.008298802814695066
4938,-1.2061575164593061,-0.008298802814695066
4939,-1.2062704247330696,-0.008298802814695066
4940,-1.2063617342391284,-0.008298802814695066
4941,-1.206388888283033,-0.008298802814695066
4942,-1.2064413382762476,-0.008298802814695066
4943,-1.2064667011396528,-0.008298802814695066
4944,-1.2065424421778315,-0.008298802814695066
4945,-1.206635847928275,-0.008298802814695066
4946,-1.2066503790866374,-0.008298802814695066
4947,-1.206780502356588,-0.008298802814695066
4948,-1.2068480296087833,-0.008298802814695066
4949,-1.2069527821472006,-0.008298802814695066
4950,-1.2070003587672167,-0.008298802814695066
4951,-1.207136245849835,-0.008298802814695066
4952,-1.207275346088382,-0.008298802814695066
4953,-1.207293676349932,-0.008298802814695066
4954,-1.2073083321718738,-0.008298802814695066
4955,-1.2074065094999815,-0.008298802814695066
4956,-1.207443188804821,-0.008298802814695066
4957,-1.207528521705691,-0.008298802814695066
4958,-1.2076153112171293,-0.008298802814695066
4959,-1.207649224084911,-0.008298802814695066
4960,-1.2077500782767845,-0.008298802814695066
4961,-1.2077812971321091,-0.008298802814695066
4962,-1.2078070579992328,-0.008298802814695066
4963,-1.2079851597576754,-0.008298802814695066
4964,-1.208236512077149,-0.008298802814695066
4965,-1.208248979445349,-0.008298802814695066
4966,-1.2083051350824663,-0.008298802814695066
4967,-1.2083480569241714,-0.008298802814695066
4968,-1.2083803733489749,-0.008298802814695066
4969,-1.2084058736502505,-0.008298802814695066
4970,-1.2084402982657108,-0.008298802814695066
4971,-1.2085114134339234,-0.008298802814695066
4972,-1.2085221247409907,-0.008298802814695066
4973,-1.2086520771823417,-0.008298802814695066
4974,-1.2086698619950373,-0.008298802814695066
4975,-1.2086856161241368,-0.008298802814695066
4976,-1.209016479590646,-0.008298802814695066
4977,-1.2090421959637752,-0.008298802814695066
4978,-1.209146723738188,-0.008298802814695066
4979,-1.2092168160629093,-0.008298802814695066
4980,-1.2092927768443678,-0.008298802814695066
4981,-1.2093250954401407,-0.008298802814695066
4982,-1.2094040681231715,-0.008298802814695066
4983,-1.2095081612410303,-0.008298802814695066
4984,-1.2096336466444644,-0.008298802814695066
4985,-1.2097644409519617,-0.008298802814695066
4986,-1.2097740092435376,-0.008298802814695066
4987,-1.2098600833230413,-0.008298802814695066
4988,-1.2099151238332784,-0.008298802814695066
4989,-1.2100431568358578,-0.008298802814695066
4990,-1.2100713463149573,-0.008298802814695066
4991,-1.21009513769652,-0.008298802814695066
4992,-1.2101672704101152,-0.008298802814695066
4993,-1.2102816147762252,-0.008298802814695066
4994,-1.2103885996185835,-0.008298802814695066
4995,-1.2104137487154012,-0.008298802814695066
4996,-1.2104604838471449,-0.008298802814695066
4997,-1.2104718049408807,-0.008298802814695066
4998,-1.2105151739548226,-0.008298802814695066
4999,-1.2106426003632054,-0.008298802814695066
5000,-1.2107168998533813,-0.008298802814695066
5001,-1.210731657524633,-0.008298802814695066
5002,-1.2108562878035385,-0.008298802814695066
5003,-1.210948202437272,-0.008298802814695066
5004,-1.2109730311725104,-0.008298802814695066
5005,-1.2109980459632321,-0.008298802814695066
5006,-1.211281495475611,-0.008298802814695066
5007,-1.2113639974129655,-0.008298802814695066
5008,-1.211425385306565,-0.008298802814695066
5009,-1.2114857209450145,-0.008298802814695066
5010,-1.211628427763045,-0.008298802814695066
5011,-1.2117708137161562,-0.008298802814695066
5012,-1.2119589700855857,-0.008298802814695066
5013,-1.212051733571935,-0.008298802814695066
5014,-1.2121361041664678,-0.008298802814695066
5015,-1.2122149970161713,-0.008298802814695066
5016,-1.212219907817736,-0.008298802814695066
5017,-1.212231389032994,-0.008298802814695066
5018,-1.2122572217035792,-0.008298802814695066
5019,-1.2122616557641925,-0.008298802814695066
5020,-1.21232843005188,-0.008298802814695066
5021,-1.2123943265597144,-0.008298802814695066
5022,-1.2124038152052456,-0.008298802814695066
5023,-1.212510642888521,-0.008298802814695066
5024,-1.2125307299558667,-0.008298802814695066
5025,-1.2125719448655319,-0.008298802814695066
5026,-1.2126070845690142,-0.008298802814695066
5027,-1.2126727412649325,-0.008298802814695066
5028,-1.2127608391985343,-0.008298802814695066
5029,-1.2128082781585983,-0.008298802814695066
5030,-1.2128760241643324,-0.008298802814695066
5031,-1.2129999435609424,-0.008298802814695066
5032,-1.2131649030226843,-0.008298802814695066
5033,-1.2131649071373884,-0.008298802814695066
5034,-1.2132563254992634,-0.008298802814695066
5035,-1.2134554264854456,-0.008298802814695066
5036,-1.213497002993316,-0.008298802814695066
5037,-1.2135230074437167,-0.008298802814695066
5038,-1.2135615342084018,-0.008298802814695066
5039,-1.2135667559215468,-0.008298802814695066
5040,-1.2137352571437505,-0.008298802814695066
5041,-1.2137490433193032,-0.008298802814695066
5042,-1.2138240609832194,-0.008298802814695066
5043,-1.213987529709244,-0.008298802814695066
5044,-1.2140374510047751,-0.008298802814695066
5045,-1.2140488358168282,-0.008298802814695066
5046,-1.2141431102802331,-0.008298802814695066
5047,-1.2142041798341012,-0.008298802814695066
5048,-1.214263185001343,-0.008298802814695066
5049,-1.2145684980806801,-0.008298802814695066
5050,-1.2147596740936635,-0.008298802814695066
5051,-1.2148038458099095,-0.008298802814695066
5052,-1.2148362683746292,-0.008298802814695066
5053,-1.2150033744286899,-0.008298802814695066
5054,-1.2150254348504084,-0.008298802814695066
5055,-1.215286123499469,-0.008298802814695066
5056,-1.2153382949869775,-0.008298802814695066
5057,-1.2154164844395345,-0.008298802814695066
5058,-1.2154394862060784,-0.008298802814695066
5059,-1.2156349312046024,-0.008298802814695066
5060,-1.2156353394841382,-0.008298802814695066
5061,-1.2156532043123869,-0.008298802814695066
5062,-1.2157678606605364,-0.008298802814695066
5063,-1.2158419262137243,-0.008298802814695066
5064,-1.215982701714611,-0.008298802814695066
5065,-1.2159929413234334,-0.008298802814695066
5066,-1.216051963804964,-0.008298802814695066
5067,-1.2160967253766042,-0.008298802814695066
5068,-1.216109906855278,-0.008298802814695066
5069,-1.2161532738949274,-0.008298802814695066
5070,-1.2161828767016967,-0.008298802814695066
5071,-1.2161905808711664,-0.008298802814695066
5072,-1.216254189326326,-0.008298802814695066
5073,-1.216322138442349,-0.008298802814695066
5074,-1.2163773110648914,-0.008298802814695066
5075,-1.2164106812485018,-0.008298802814695066
5076,-1.2165385513689229,-0.008298802814695066
5077,-1.2165617531443467,-0.008298802814695066
5078,-1.216613372086588,-0.008298802814695066
5079,-1.2166152421848473,-0.008298802814695066
5080,-1.2166323254634306,-0.008298802814695066
5081,-1.2166504595383323,-0.008298802814695066
5082,-1.2166794066272832,-0.008298802814695066
5083,-1.216700729941671,-0.008298802814695066
5084,-1.2169661637746891,-0.008298802814695066
5085,-1.2170252861992756,-0.008298802814695066
5086,-1.217039146935236,-0.008298802814695066
5087,-1.2170415658070912,-0.008298802814695066
5088,-1.2171839871054746,-0.008298802814695066
5089,-1.2173811789622433,-0.008298802814695066
5090,-1.217419038926839,-0.008298802814695066
5091,-1.217517270347361,-0.008298802814695066
5092,-1.217576337781709,-0.008298802814695066
5093,-1.2177339929668414,-0.008298802814695066
5094,-1.217817154324855,-0.008298802814695066
5095,-1.2179266991413016,-0.008298802814695066
5096,-1.2181106133159787,-0.008298802814695066
5097,-1.218113771711435,-0.008298802814695066
5098,-1.218237724697807,-0.008298802814695066
5099,-1.218277277315881,-0.008298802814695066
5100,-1.2184203015877892,-0.008298802814695066
5101,-1.2186380322159138,-0.008298802814695066
5102,-1.2186855000526586,-0.008298802814695066
5103,-1.2187341661215165,-0.008298802814695066
5104,-1.2187495819076557,-0.008298802814695066
5105,-1.218876506392453,-0.008298802814695066
5106,-1.218968857188247,-0.008298802814695066
5107,-1.2190191373342973,-0.008298802814695066
5108,-1.2190267331895852,-0.008298802814695066
5109,-1.219118256048862,-0.008298802814695066
5110,-1.219215451547956,-0.008298802814695066
5111,-1.2192533622395667,-0.008298802814695066
5112,-1.2192755355902885,-0.008298802814695066
5113,-1.219353874799638,-0.008298802814695066
5114,-1.2194647873741127,-0.008298802814695066
5115,-1.2195371161671604,-0.008298802814695066
5116,-1.2195917823166247,-0.008298802814695066
5117,-1.219604090814375,-0.008298802814695066
5118,-1.2196849002240973,-0.008298802814695066
5119,-1.2197469862064416,-0.008298802814695066
5120,-1.2198872776045673,-0.008298802814695066
5121,-1.2198909490967933,-0.008298802814695066
5122,-1.2199875898849468,-0.008298802814695066
5123,-1.22001609857061,-0.008298802814695066
5124,-1.220026578872481,-0.008298802814695066
5125,-1.2200968237375045,-0.008298802814695066
5126,-1.2201847885846542,-0.008298802814695066
5127,-1.2202490036647096,-0.008298802814695066
5128,-1.2202996636824264,-0.008298802814695066
5129,-1.2203800910849083,-0.008298802814695066
5130,-1.220509027396822,-0.008298802814695066
5131,-1.2205155752174115,-0.008298802814695066
5132,-1.22055402236625,-0.008298802814695066
5133,-1.2206499189195577,-0.008298802814695066
5134,-1.2207295536827536,-0.008298802814695066
5135,-1.2207879439799934,-0.008298802814695066
5136,-1.2208064525250342,-0.008298802814695066
5137,-1.2208182435157813,-0.008298802814695066
5138,-1.2209360713150712,-0.008298802814695066
5139,-1.2209457803609656,-0.008298802814695066
5140,-1.2211052276671979,-0.008298802814695066
5141,-1.221138447018808,-0.008298802814695066
5142,-1.221154702373362,-0.008298802814695066
5143,-1.2211571229035163,-0.008298802814695066
5144,-1.2211679599925387,-0.008298802814695066
5145,-1.2211747459557416,-0.008298802814695066
5146,-1.2212021765556105,-0.008298802814695066
5147,-1.2212302525349763,-0.008298802814695066
5148,-1.22128197146021,-0.008298802814695066
5149,-1.2213748143513108,-0.008298802814695066
5150,-1.2214059737054417,-0.008298802814695066
5151,-1.221542173655336,-0.008298802814695066
5152,-1.2216150420462046,-0.008298802814695066
5153,-1.2216511739659826,-0.008298802814695066
5154,-1.221733476295973,-0.008298802814695066
5155,-1.221738987152844,-0.008298802814695066
5156,-1.221786489927688,-0.008298802814695066
5157,-1.2218909639088469,-0.008298802814695066
5158,-1.2220161229891022,-0.008298802814695066
5159,-1.2220500242448704,-0.008298802814695066
5160,-1.2220587682741177,-0.008298802814695066
5161,-1.2220657107956443,-0.008298802814695066
5162,-1.2221974564120832,-0.008298802814695066
5163,-1.222211626938319,-0.008298802814695066
5164,-1.222263630117847,-0.008298802814695066
5165,-1.2224407551905807,-0.008298802814695066
5166,-1.222538712080701,-0.008298802814695066
5167,-1.2225590280959437,-0.008298802814695066
5168,-1.2225747877141844,-0.008298802814695066
5169,-1.2226257289786564,-0.008298802814695066
5170,-1.2227238361251682,-0.008298802814695066
5171,-1.2227357319463579,-0.008298802814695066
5172,-1.2227469673031606,-0.008298802814695066
5173,-1.222751190334078,-0.008298802814695066
5174,-1.2228640806261872,-0.008298802814695066
5175,-1.2229569332574175,-0.008298802814695066
5176,-1.2229597399472074,-0.008298802814695066
5177,-1.2230968590683464,-0.008298802814695066
5178,-1.2231371904504895,-0.008298802814695066
5179,-1.2231846001229725,-0.008298802814695066
5180,-1.2232879784504143,-0.008298802814695066
5181,-1.2233439322569835,-0.008298802814695066
5182,-1.223374263580295,-0.008298802814695066
5183,-1.22343717001766,-0.008298802814695066
5184,-1.2234410533120175,-0.008298802814695066
5185,-1.223591460315886,-0.008298802814695066
5186,-1.2236956950950497,-0.008298802814695066
5187,-1.223715109646375,-0.008298802814695066
5188,-1.2237495737871664,-0.008298802814695066
5189,-1.2238651815038446,-0.008298802814695066
5190,-1.2238840762001195,-0.008298802814695066
5191,-1.2238931672184286,-0.008298802814695066
5192,-1.2239159773454715,-0.008298802814695066
5193,-1.223982172596607,-0.008298802814695066
5194,-1.224074247619531,-0.008298802814695066
5195,-1.22431937804427,-0.008298802814695066
5196,-1.224408373188532,-0.008298802814695066
5197,-1.2244343486463596,-0.008298802814695066
5198,-1.2244727558973652,-0.008298802814695066
5199,-1.2246663943818126,-0.008298802814695066
5200,-1.2246765831620499,-0.008298802814695066
5201,-1.2247121036036057,-0.008298802814695066
5202,-1.2247233567391034,-0.008298802814695066
5203,-1.2248201481356413,-0.008298802814695066
5204,-1.2248519349756397,-0.008298802814695066
5205,-1.224909736579256,-0.008298802814695066
5206,-1.2249413438504113,-0.008298802814695066
5207,-1.2249783842941924,-0.008298802814695066
5208,-1.2249951594823343,-0.008298802814695066
5209,-1.2250319554961924,-0.008298802814695066
5210,-1.2250888182042408,-0.008298802814695066
5211,-1.2251581340332773,-0.008298802814695066
5212,-1.2251783138653116,-0.008298802814695066
5213,-1.2252480873247673,-0.008298802814695066
5214,-1.2252626032255969,-0.008298802814695066
5215,-1.225728989638265,-0.008298802814695066
5216,-1.2257625830871695,-0.008298802814695066
5217,-1.225917427591499,-0.008298802814695066
5218,-1.2260770274378174,-0.008298802814695066
5219,-1.2261063185171384,-0.008298802814695066
5220,-1.2261706748900791,-0.008298802814695066
5221,-1.2262188497689945,-0.008298802814695066
5222,-1.226269122641412,-0.008298802814695066
5223,-1.2263476584506665,-0.008298802814695066
5224,-1.226426310556581,-0.008298802814695066
5225,-1.2264949753662968,-0.008298802814695066
5226,-1.2265580129753766,-0.008298802814695066
5227,-1.2266473959833815,-0.008298802814695066
5228,-1.2266622963046123,-0.008298802814695066
5229,-1.226688709464629,-0.008298802814695066
5230,-1.2267690933740583,-0.008298802814695066
5231,-1.2269204285561013,-0.008298802814695066
5232,-1.2269470609055593,-0.008298802814695066
5233,-1.2270355003601714,-0.008298802814695066
5234,-1.2270476867208648,-0.008298802814695066
5235,-1.2271125631493927,-0.008298802814695066
5236,-1.227149546400969,-0.008298802814695066
5237,-1.2271593395240414,-0.008298802814695066
5238,-1.2271594373776364,-0.008298802814695066
5239,-1.2272591110055828,-0.008298802814695066
5240,-1.2272645472375632,-0.008298802814695066
5241,-1.2272795633085707,-0.008298802814695066
5242,-1.2273854482910282,-0.008298802814695066
5243,-1.2274001470923657,-0.008298802814695066
5244,-1.2274670696342744,-0.008298802814695066
5245,-1.2275582411830555,-0.008298802814695066
5246,-1.2276239334263945,-0.008298802814695066
5247,-1.2276512635806616,-0.008298802814695066
5248,-1.2277061343159041,-0.008298802814695066
5249,-1.2277528916374527,-0.008298802814695066
5250,-1.2277807752998133,-0.008298802814695066
5251,-1.2278375768450873,-0.008298802814695066
5252,-1.2278768071160409,-0.008298802814695066
5253,-1.227948371422882,-0.008298802814695066
5254,-1.2279654362414663,-0.008298802814695066
5255,-1.228067322590946,-0.008298802814695066
5256,-1.2280885970427948,-0.008298802814695066
5257,-1.2281677843615182,-0.008298802814695066
5258,-1.2282076823674983,-0.008298802814695066
5259,-1.228396834958052,-0.008298802814695066
5260,-1.228414262256154,-0.008298802814695066
5261,-1.228419805061458,-0.008298802814695066
5262,-1.228553809762434,-0.008298802814695066
5263,-1.2286204758886492,-0.008298802814695066
5264,-1.228629386740114,-0.008298802814695066
5265,-1.228654141834829,-0.008298802814695066
5266,-1.228674459810842,-0.008298802814695066
5267,-1.2287615951330961,-0.008298802814695066
5268,-1.228940599416679,-0.008298802814695066
5269,-1.228979333624954,-0.008298802814695066
5270,-1.2290040517991276,-0.008298802814695066
5271,-1.2290576028945641,-0.008298802814695066
5272,-1.2291123368482597,-0.008298802814695066
5273,-1.229150195953971,-0.008298802814695066
5274,-1.229165881477015,-0.008298802814695066
5275,-1.2291824625668437,-0.008298802814695066
5276,-1.2292019943251944,-0.008298802814695066
5277,-1.2292456816899362,-0.008298802814695066
5278,-1.229278731963958,-0.008298802814695066
5279,-1.2293469732898892,-0.008298802814695066
5280,-1.2295184647172235,-0.008298802814695066
5281,-1.2295199316592078,-0.008298802814695066
5282,-1.2295547490507812,-0.008298802814695066
5283,-1.2296255785499417,-0.008298802814695066
5284,-1.2296423639074425,-0.008298802814695066
5285,-1.2296892648890978,-0.008298802814695066
5286,-1.2296958425580184,-0.008298802814695066
5287,-1.2297255655808204,-0.008298802814695066
5288,-1.229744418132114,-0.008298802814695066
5289,-1.229775080338636,-0.008298802814695066
5290,-1.2298571441166102,-0.008298802814695066
5291,-1.2299605199500152,-0.008298802814695066
5292,-1.229969258272019,-0.008298802814695066
5293,-1.2300663338416251,-0.008298802814695066
5294,-1.2301130798667184,-0.008298802814695066
5295,-1.2301311899170715,-0.008298802814695066
5296,-1.2301934177296876,-0.008298802814695066
5297,-1.2302442893116683,-0.008298802814695066
5298,-1.2303059857612924,-0.008298802814695066
5299,-1.2303688467934875,-0.008298802814695066
5300,-1.2303990946642278,-0.008298802814695066
5301,-1.2304146413705892,-0.008298802814695066
5302,-1.2304902596587108,-0.008298802814695066
5303,-1.230508751281384,-0.008298802814695066
5304,-1.2305232566027149,-0.008298802814695066
5305,-1.230571322407827,-0.008298802814695066
5306,-1.2306011310369838,-0.008298802814695066
5307,-1.2306081829323579,-0.008298802814695066
5308,-1.2306864102570287,-0.008298802814695066
5309,-1.2306920507032513,-0.008298802814695066
5310,-1.2307703145176563,-0.008298802814695066
5311,-1.2308146651877503,-0.008298802814695066
5312,-1.2308192378056635,-0.008298802814695066
5313,-1.2308210984047636,-0.008298802814695066
5314,-1.2310532840989716,-0.008298802814695066
5315,-1.231160238351683,-0.008298802814695066
5316,-1.2311657990257336,-0.008298802814695066
5317,-1.231188385413517,-0.008298802814695066
5318,-1.2312239964295035,-0.008298802814695066
5319,-1.2312531628308623,-0.008298802814695066
5320,-1.2312550561004203,-0.008298802814695066
5321,-1.2312950765683393,-0.008298802814695066
5322,-1.2313727526411269,-0.008298802814695066
5323,-1.231416411820814,-0.008298802814695066
5324,-1.23145723110775,-0.008298802814695066
5325,-1.2314649087224299,-0.008298802814695066
5326,-1.2314975784375521,-0.008298802814695066
5327,-1.23151280177493,-0.008298802814695066
5328,-1.2316412642931212,-0.008298802814695066
5329,-1.2316438686896731,-0.008298802814695066
5330,-1.2317307253212608,-0.008298802814695066
5331,-1.23179692226696,-0.008298802814695066
5332,-1.2319954120851262,-0.008298802814695066
5333,-1.2320269698502824,-0.008298802814695066
5334,-1.232081926905979,-0.008298802814695066
5335,-1.2321119564667264,-0.008298802814695066
5336,-1.2322309608061255,-0.008298802814695066
5337,-1.2323073477070627,-0.008298802814695066
5338,-1.2326241294453133,-0.008298802814695066
5339,-1.2327065376917645,-0.008298802814695066
5340,-1.232715471476367,-0.008298802814695066
5341,-1.232720084873399,-0.008298802814695066
5342,-1.2327691259868212,-0.008298802814695066
5343,-1.2328000472648335,-0.008298802814695066
5344,-1.2329715749904775,-0.008298802814695066
5345,-1.2332029373417672,-0.008298802814695066
5346,-1.2332108131302013,-0.008298802814695066
5347,-1.2332599636391355,-0.008298802814695066
5348,-1.2332996744477747,-0.008298802814695066
5349,-1.2333011279282065,-0.008298802814695066
5350,-1.2333300411929229,-0.008298802814695066
5351,-1.2333397615677468,-0.008298802814695066
5352,-1.2334349478436997,-0.008298802814695066
5353,-1.2334438483409826,-0.008298802814695066
5354,-1.2334614056392632,-0.008298802814695066
5355,-1.2335162424018684,-0.008298802814695066
5356,-1.2336392244203118,-0.008298802814695066
5357,-1.2336393598458755,-0.008298802814695066
5358,-1.2336999094184373,-0.008298802814695066
5359,-1.2337092008415445,-0.008298802814695066
5360,-1.233743101131008,-0.008298802814695066
5361,-1.2337907049310255,-0.008298802814695066
5362,-1.2337993791543886,-0.008298802814695066
5363,-1.2338550641374026,-0.008298802814695066
5364,-1.2338631005243017,-0.008298802814695066
5365,-1.2339289216175375,-0.008298802814695066
5366,-1.2340003133880442,-0.008298802814695066
5367,-1.2340098295897615,-0.008298802814695066
5368,-1.234023888221079,-0.008298802814695066
5369,-1.2341051771059885,-0.008298802814695066
5370,-1.2341090129165104,-0.008298802814695066
5371,-1.234138704398187,-0.008298802814695066
5372,-1.2342278921346277,-0.008298802814695066
5373,-1.2342493739214537,-0.008298802814695066
5374,-1.2343125564583373,-0.008298802814695066
5375,-1.2343214120255088,-0.008298802814695066
5376,-1.2343949151199585,-0.008298802814695066
5377,-1.2344530621876544,-0.008298802814695066
5378,-1.234513688629614,-0.008298802814695066
5379,-1.2345846831492904,-0.008298802814695066
5380,-1.2346646940184591,-0.008298802814695066
5381,-1.234734063457253,-0.008298802814695066
5382,-1.2347616430281525,-0.008298802814695066
5383,-1.2348128116006978,-0.008298802814695066
5384,-1.2348476834730986,-0.008298802814695066
5385,-1.2348667624638294,-0.008298802814695066
5386,-1.234869017882415,-0.008298802814695066
5387,-1.2348909368651166,-0.008298802814695066
5388,-1.2349546862174825,-0.008298802814695066
5389,-1.2349735264676882,-0.008298802814695066
5390,-1.235007736001154,-0.008298802814695066
5391,-1.235010293604531,-0.008298802814695066
5392,-1.2350823523408698,-0.008298802814695066
5393,-1.235131409065984,-0.008298802814695066
5394,-1.2351414311815891,-0.008298802814695066
5395,-1.2351556050723391,-0.008298802814695066
5396,-1.2351621339876782,-0.008298802814695066
5397,-1.2351715504849636,-0.008298802814695066
5398,-1.2351720705626947,-0.008298802814695066
5399,-1.235224091223784,-0.008298802814695066
5400,-1.235291120636973,-0.008298802814695066
5401,-1.2353074859299378,-0.008298802814695066
5402,-1.2353680710909636,-0.008298802814695066
5403,-1.2353703490843593,-0.008298802814695066
5404,-1.2354046145123534,-0.008298802814695066
5405,-1.235482220477215,-0.008298802814695066
5406,-1.2354864161535755,-0.008298802814695066
5407,-1.2354905223474781,-0.008298802814695066
5408,-1.2354954131509157,-0.008298802814695066
5409,-1.2355584861176414,-0.008298802814695066
5410,-1.2355735676485313,-0.008298802814695066
5411,-1.2356415089803412,-0.008298802814695066
5412,-1.2357409908528083,-0.008298802814695066
5413,-1.2357579202331848,-0.008298802814695066
5414,-1.235768976276507,-0.008298802814695066
5415,-1.2357925518720747,-0.008298802814695066
5416,-1.235799275806695,-0.008298802814695066
5417,-1.2358132130840953,-0.008298802814695066
5418,-1.2358249796155127,-0.008298802814695066
5419,-1.2359060475522965,-0.008298802814695066
5420,-1.2359628932800062,-0.008298802814695066
5421,-1.2359846966825545,-0.008298802814695066
5422,-1.2360152515616432,-0.008298802814695066
5423,-1.2360169835867465,-0.008298802814695066
5424,-1.2360824207688723,-0.008298802814695066
5425,-1.236139169620058,-0.008298802814695066
5426,-1.236153759444288,-0.008298802814695066
5427,-1.2362316052097426,-0.008298802814695066
5428,-1.2362486647844377,-0.008298802814695066
5429,-1.236251314620435,-0.008298802814695066
5430,-1.2363199746830944,-0.008298802814695066
5431,-1.2363522290839923,-0.008298802814695066
5432,-1.2363791757640437,-0.008298802814695066
5433,-1.23641009256455,-0.008298802814695066
5434,-1.2364288651189685,-0.008298802814695066
5435,-1.2364521120586947,-0.008298802814695066
5436,-1.2364583471514843,-0.008298802814695066
5437,-1.236495256944734,-0.008298802814695066
5438,-1.2365345446852758,-0.008298802814695066
5439,-1.2365543467053426,-0.008298802814695066
5440,-1.2366811889382348,-0.008298802814695066
5441,-1.236694814931658,-0.008298802814695066
5442,-1.2367024027505926,-0.008298802814695066
5443,-1.2367271022202866,-0.008298802814695066
5444,-1.236727125308603,-0.008298802814695066
5445,-1.2368761028104058,-0.008298802814695066
5446,-1.2369275538832851,-0.008298802814695066
5447,-1.2369596228080963,-0.008298802814695066
5448,-1.236997668904543,-0.008298802814695066
5449,-1.2370156452064776,-0.008298802814695066
5450,-1.2370653237268652,-0.008298802814695066
5451,-1.2370816591177713,-0.008298802814695066
5452,-1.2370984884168554,-0.008298802814695066
5453,-1.2371857207604742,-0.008298802814695066
5454,-1.2372758780157764,-0.008298802814695066
5455,-1.237299214429481,-0.008298802814695066
5456,-1.2373081717318815,-0.008298802814695066
5457,-1.237350398051356,-0.008298802814695066
5458,-1.2373692167361885,-0.008298802814695066
5459,-1.237394357882219,-0.008298802814695066
5460,-1.2373996430925307,-0.008298802814695066
5461,-1.2374230759916964,-0.008298802814695066
5462,-1.237493816410247,-0.008298802814695066
5463,-1.2375211163528648,-0.008298802814695066
5464,-1.2376803397707699,-0.008298802814695066
5465,-1.2376910702760884,-0.008298802814695066
5466,-1.2377009125207248,-0.008298802814695066
5467,-1.2377091463767418,-0.008298802814695066
5468,-1.2377758011409719,-0.008298802814695066
5469,-1.2378103088835202,-0.008298802814695066
5470,-1.2378227989853952,-0.008298802814695066
5471,-1.237853276039134,-0.008298802814695066
5472,-1.2380005030110364,-0.008298802814695066
5473,-1.2380007605689887,-0.008298802814695066
5474,-1.23804640164317,-0.008298802814695066
5475,-1.2381111491057923,-0.008298802814695066
5476,-1.238221626358958,-0.008298802814695066
5477,-1.238270705357624,-0.008298802814695066
5478,-1.2382924406512565,-0.008298802814695066
5479,-1.2383527566021981,-0.008298802814695066
5480,-1.2384443601149075,-0.008298802814695066
5481,-1.2384568542629926,-0.008298802814695066
5482,-1.2384964378264773,-0.008298802814695066
5483,-1.2385113300055774,-0.008298802814695066
5484,-1.238555460122583,-0.008298802814695066
5485,-1.2385927128055598,-0.008298802814695066
5486,-1.2386308407167002,-0.008298802814695066
5487,-1.2386458593130933,-0.008298802814695066
5488,-1.2388655450370285,-0.008298802814695066
5489,-1.2388673394440735,-0.008298802814695066
5490,-1.2389623530223055,-0.008298802814695066
5491,-1.2390123589068396,-0.008298802814695066
5492,-1.2390127455730264,-0.008298802814695066
5493,-1.239020040368494,-0.008298802814695066
5494,-1.2390313844976293,-0.008298802814695066
5495,-1.2390334297829686,-0.008298802814695066
5496,-1.2390389077258335,-0.008298802814695066
5497,-1.2390439813604708,-0.008298802814695066
5498,-1.2390655305156721,-0.008298802814695066
5499,-1.239245218749192,-0.008298802814695066
5500,-1.2392885315656192,-0.008298802814695066
5501,-1.2393717136003284,-0.008298802814695066
5502,-1.2393719282305653,-0.008298802814695066
5503,-1.2393915538141158,-0.008298802814695066
5504,-1.2394281404913219,-0.008298802814695066
5505,-1.2394461208461278,-0.008298802814695066
5506,-1.2395414842953516,-0.008298802814695066
5507,-1.2395742684907458,-0.008298802814695066
5508,-1.2396128430699174,-0.008298802814695066
5509,-1.2396999537531554,-0.008298802814695066
5510,-1.2397070025591272,-0.008298802814695066
5511,-1.2397071954438477,-0.008298802814695066
5512,-1.2397084848601458,-0.008298802814695066
5513,-1.2397242913041462,-0.008298802814695066
5514,-1.2397344208482102,-0.008298802814695066
5515,-1.2397775778396285,-0.008298802814695066
5516,-1.23979094330139,-0.008298802814695066
5517,-1.2398268685091676,-0.008298802814695066
5518,-1.2398776025182356,-0.008298802814695066
5519,-1.239903924057822,-0.008298802814695066
5520,-1.23997659337693,-0.008298802814695066
5521,-1.2399799677199426,-0.008298802814695066
5522,-1.2400063850755172,-0.008298802814695066
5523,-1.2400421519538822,-0.008298802814695066
5524,-1.240159358461594,-0.008298802814695066
5525,-1.240228957029941,-0.008298802814695066
5526,-1.2402307255256246,-0.008298802814695066
5527,-1.240263205560601,-0.008298802814695066
5528,-1.2402873340737348,-0.008298802814695066
5529,-1.2403260184408713,-0.008298802814695066
5530,-1.2403335095574881,-0.008298802814695066
5531,-1.2403422792583925,-0.008298802814695066
5532,-1.2403924156397192,-0.008298802814695066
5533,-1.2404909853654225,-0.008298802814695066
5534,-1.2405190178304952,-0.008298802814695066
5535,-1.2405497719911858,-0.008298802814695066
5536,-1.2405791037033302,-0.008298802814695066
5537,-1.2406040380904115,-0.008298802814695066
5538,-1.2406169304717751,-0.008298802814695066
5539,-1.24071465135154,-0.008298802814695066
5540,-1.2407535654293678,-0.008298802814695066
5541,-1.2407865101651108,-0.008298802814695066
5542,-1.2408107578822276,-0.008298802814695066
5543,-1.2408356517287875,-0.008298802814695066
5544,-1.2408528724562888,-0.008298802814695066
5545,-1.240878235099232,-0.008298802814695066
5546,-1.2408829542099697,-0.008298802814695066
5547,-1.2408998848681265,-0.008298802814695066
5548,-1.240975250729577,-0.008298802814695066
5549,-1.2409838608498187,-0.008298802814695066
5550,-1.2410019086617707,-0.008298802814695066
5551,-1.2410927779175496,-0.008298802814695066
5552,-1.2411143383272358,-0.008298802814695066
5553,-1.2411859835923642,-0.008298802814695066
5554,-1.2411893843463124,-0.008298802814695066
5555,-1.2411923161629237,-0.008298802814695066
5556,-1.2411925332154314,-0.008298802814695066
5557,-1.2412574298169914,-0.008298802814695066
5558,-1.2412795795383094,-0.008298802814695066
5559,-1.241285662142039,-0.008298802814695066
5560,-1.241404069764176,-0.008298802814695066
5561,-1.2414669383281693,-0.008298802814695066
5562,-1.2414712802761199,-0.008298802814695066
5563,-1.2414904417895534,-0.008298802814695066
5564,-1.2414951489965385,-0.008298802814695066
5565,-1.2415122193591615,-0.008298802814695066
5566,-1.2415143397758874,-0.008298802814695066
5567,-1.241580351619977,-0.008298802814695066
5568,-1.2417193748065236,-0.008298802814695066
5569,-1.2417326869923389,-0.008298802814695066
5570,-1.2418426820582305,-0.008298802814695066
5571,-1.241851259564623,-0.008298802814695066
5572,-1.2418786043555097,-0.008298802814695066
5573,-1.241923034850013,-0.008298802814695066
5574,-1.241938506222239,-0.008298802814695066
5575,-1.2419445085689245,-0.008298802814695066
5576,-1.2420096122760471,-0.008298802814695066
5577,-1.2420274572852639,-0.008298802814695066
5578,-1.2420283999687267,-0.008298802814695066
5579,-1.2421486939748383,-0.008298802814695066
5580,-1.2421506021138238,-0.008298802814695066
5581,-1.2421557338556721,-0.008298802814695066
5582,-1.242179094820926,-0.008298802814695066
5583,-1.2421898567278356,-0.008298802814695066
5584,-1.242255181545208,-0.008298802814695066
5585,-1.2422608188973188,-0.008298802814695066
5586,-1.242279842014706,-0.008298802814695066
5587,-1.242293705049049,-0.008298802814695066
5588,-1.2423050590465736,-0.008298802814695066
5589,-1.2423342120486334,-0.008298802814695066
5590,-1.242410156508578,-0.008298802814695066
5591,-1.2424186667050134,-0.008298802814695066
5592,-1.2424396650812957,-0.008298802814695066
5593,-1.2424838126990034,-0.008298802814695066
5594,-1.2424902695222828,-0.008298802814695066
5595,-1.2425810765417324,-0.008298802814695066
5596,-1.2426200945201404,-0.008298802814695066
5597,-1.2426562179311404,-0.008298802814695066
5598,-1.24266703518652,-0.008298802814695066
5599,-1.2427393199019843,-0.008298802814695066
5600,-1.2427547033661206,-0.008298802814695066
5601,-1.2427719552940288,-0.008298802814695066
5602,-1.2427949345128015,-0.008298802814695066
5603,-1.2428004428532633,-0.008298802814695066
5604,-1.2428046310397847,-0.008298802814695066
5605,-1.2428050234295809,-0.008298802814695066
5606,-1.2428085641637965,-0.008298802814695066
5607,-1.2428381493210259,-0.008298802814695066
5608,-1.2428769066306438,-0.008298802814695066
5609,-1.2429083795095979,-0.008298802814695066
5610,-1.2429432953508937,-0.008298802814695066
5611,-1.2429435712832881,-0.008298802814695066
5612,-1.2429612210853862,-0.008298802814695066
5613,-1.242985944554858,-0.008298802814695066
5614,-1.2429919773166294,-0.008298802814695066
5615,-1.2430054623095823,-0.008298802814695066
5616,-1.2430142384163778,-0.008298802814695066
5617,-1.243014289033639,-0.008298802814695066
5618,-1.2430189613925728,-0.008298802814695066
5619,-1.243097068257575,-0.008298802814695066
5620,-1.2431279264749873,-0.008298802814695066
5621,-1.2431417304638015,-0.008298802814695066
5622,-1.2431573053955867,-0.008298802814695066
5623,-1.2432706899058337,-0.008298802814695066
5624,-1.2433267835038513,-0.008298802814695066
5625,-1.2433424090729281,-0.008298802814695066
5626,-1.2433495225141131,-0.008298802814695066
5627,-1.2433678876240337,-0.008298802814695066
5628,-1.2434539333316144,-0.008298802814695066
5629,-1.2434782421732136,-0.008298802814695066
5630,-1.2435088359779622,-0.008298802814695066
5631,-1.2435521487596743,-0.008298802814695066
5632,-1.243566884035874,-0.008298802814695066
5633,-1.2436392731600812,-0.008298802814695066
5634,-1.2436646263691167,-0.008298802814695066
5635,-1.2437050243082264,-0.008298802814695066
5636,-1.2437674460834724,-0.008298802814695066
5637,-1.2437937714158642,-0.008298802814695066
5638,-1.2439185483079094,-0.008298802814695066
5639,-1.2439224953042247,-0.008298802814695066
5640,-1.243952721534594,-0.008298802814695066
5641,-1.243969486704766,-0.008298802814695066
5642,-1.2439712690986813,-0.008298802814695066
5643,-1.2439833642764004,-0.008298802814695066
5644,-1.2439930346282582,-0.008298802814695066
5645,-1.244116848544381,-0.008298802814695066
5646,-1.2441456925327798,-0.008298802814695066
5647,-1.2442389393455466,-0.008298802814695066
5648,-1.244245907107735,-0.008298802814695066
5649,-1.2443675588070302,-0.008298802814695066
5650,-1.2443757306378311,-0.008298802814695066
5651,-1.2443808564592058,-0.008298802814695066
5652,-1.2444442902424995,-0.008298802814695066
5653,-1.2444716568488117,-0.008298802814695066
5654,-1.244493182752381,-0.008298802814695066
5655,-1.2445070369902895,-0.008298802814695066
5656,-1.2445246579750018,-0.008298802814695066
5657,-1.2445297329206477,-0.008298802814695066
5658,-1.244615840634858,-0.008298802814695066
5659,-1.2446308910698256,-0.008298802814695066
5660,-1.244677235783485,-0.008298802814695066
5661,-1.2446886505715968,-0.008298802814695066
5662,-1.2446959187113245,-0.008298802814695066
5663,-1.2447654481262502,-0.008298802814695066
5664,-1.244795284486584,-0.008298802814695066
5665,-1.2448007137229322,-0.008298802814695066
5666,-1.2448166090761088,-0.008298802814695066
5667,-1.2448763442292081,-0.008298802814695066
5668,-1.2449097339715018,-0.008298802814695066
5669,-1.2449519340291846,-0.008298802814695066
5670,-1.2449520987731941,-0.008298802814695066
5671,-1.2450000987256562,-0.008298802814695066
5672,-1.2450967960109085,-0.008298802814695066
5673,-1.2451028273990992,-0.008298802814695066
5674,-1.2451919082621152,-0.008298802814695066
5675,-1.2453206188720252,-0.008298802814695066
5676,-1.2453272594354858,-0.008298802814695066
5677,-1.2453334414604569,-0.008298802814695066
5678,-1.2453388680113884,-0.008298802814695066
5679,-1.2453760312884452,-0.008298802814695066
5680,-1.2454257899591676,-0.008298802814695066
5681,-1.245428702404144,-0.008298802814695066
5682,-1.2454667971446638,-0.008298802814695066
5683,-1.2455153847228693,-0.008298802814695066
5684,-1.2455440459813802,-0.008298802814695066
5685,-1.2455605506947762,-0.008298802814695066
5686,-1.2455860404619594,-0.008298802814695066
5687,-1.2455954410895385,-0.008298802814695066
5688,-1.245756380881838,-0.008298802814695066
5689,-1.2457930486604227,-0.008298802814695066
5690,-1.2457955973481154,-0.008298802814695066
5691,-1.2458205710200991,-0.008298802814695066
5692,-1.2458638946973468,-0.008298802814695066
5693,-1.2459193104681323,-0.008298802814695066
5694,-1.24591954222111,-0.008298802814695066
5695,-1.2459474873574794,-0.008298802814695066
5696,-1.245962182878649,-0.008298802814695066
5697,-1.2460101634317828,-0.008298802814695066
5698,-1.2460351448312728,-0.008298802814695066
5699,-1.2461403436171403,-0.008298802814695066
5700,-1.2461609329031416,-0.008298802814695066
5701,-1.246177912681027,-0.008298802814695066
5702,-1.2462353868152138,-0.008298802814695066
5703,-1.2462498902031474,-0.008298802814695066
5704,-1.246332840776038,-0.008298802814695066
5705,-1.2463361158624744,-0.008298802814695066
5706,-1.246389760191187,-0.008298802814695066
5707,-1.2464012727768266,-0.008298802814695066
5708,-1.2464044358097373,-0.008298802814695066
5709,-1.246432866492301,-0.008298802814695066
5710,-1.2464622193732682,-0.008298802814695066
5711,-1.2464805208175018,-0.008298802814695066
5712,-1.246563158440754,-0.008298802814695066
5713,-1.2465662606916155,-0.008298802814695066
5714,-1.246578507149517,-0.008298802814695066
5715,-1.2466257046392761,-0.008298802814695066
5716,-1.2466731917291078,-0.008298802814695066
5717,-1.2467537122420282,-0.008298802814695066
5718,-1.2467656336819233,-0.008298802814695066
5719,-1.2468698699635983,-0.008298802814695066
5720,-1.2469755059262693,-0.008298802814695066
5721,-1.246981034515181,-0.008298802814695066
5722,-1.246986381608854,-0.008298802814695066
5723,-1.2470258940421655,-0.008298802814695066
5724,-1.247105080676901,-0.008298802814695066
5725,-1.2471282244969497,-0.008298802814695066
5726,-1.2471344671636442,-0.008298802814695066
5727,-1.2471408203471293,-0.008298802814695066
5728,-1.2471778174141614,-0.008298802814695066
5729,-1.2472092297153112,-0.008298802814695066
5730,-1.2472112887929319,-0.008298802814695066
5731,-1.247244512139023,-0.008298802814695066
5732,-1.24731309150247,-0.008298802814695066
5733,-1.247366400994818,-0.008298802814695066
5734,-1.2474023780492136,-0.008298802814695066
5735,-1.2474365086813801,-0.008298802814695066
5736,-1.2474714695752733,-0.008298802814695066
5737,-1.2475227428281963,-0.008298802814695066
5738,-1.2475628862606691,-0.008298802814695066
5739,-1.2475662262572982,-0.008298802814695066
5740,-1.247568994548816,-0.008298802814695066
5741,-1.2475862554579138,-0.008298802814695066
5742,-1.2476218561274635,-0.008298802814695066
5743,-1.2476415133173515,-0.008298802814695066
5744,-1.2476900964402333,-0.008298802814695066
5745,-1.2477051153989829,-0.008298802814695066
5746,-1.2477230418731038,-0.008298802814695066
5747,-1.2477345609735195,-0.008298802814695066
5748,-1.2477624763504562,-0.008298802814695066
5749,-1.2477762327640747,-0.008298802814695066
5750,-1.2477974843486765,-0.008298802814695066
5751,-1.2478036641343633,-0.008298802814695066
5752,-1.2478189548017031,-0.008298802814695066
5753,-1.247836243248281,-0.008298802814695066
5754,-1.2478391454044722,-0.008298802814695066
5755,-1.2479076788039773,-0.008298802814695066
5756,-1.2479213288614335,-0.008298802814695066
5757,-1.2479468693595093,-0.008298802814695066
5758,-1.2479982899588713,-0.008298802814695066
5759,-1.2480491803185836,-0.008298802814695066
5760,-1.2481290796742297,-0.008298802814695066
5761,-1.2481408266783258,-0.008298802814695066
5762,-1.2481465551937805,-0.008298802814695066
5763,-1.2481561130236472,-0.008298802814695066
5764,-1.248162340806964,-0.008298802814695066
5765,-1.2481673683933594,-0.008298802814695066
5766,-1.248179647461181,-0.008298802814695066
5767,-1.2482138353707266,-0.008298802814695066
5768,-1.2482160674980831,-0.008298802814695066
5769,-1.2482176841812738,-0.008298802814695066
5770,-1.2482279644897343,-0.008298802814695066
5771,-1.2482315439816238,-0.008298802814695066
5772,-1.2482519675481272,-0.008298802814695066
5773,-1.2482700265315554,-0.008298802814695066
5774,-1.2482757386935852,-0.008298802814695066
5775,-1.2483642092289389,-0.008298802814695066
5776,-1.2483689058492837,-0.008298802814695066
5777,-1.2485010709173672,-0.008298802814695066
5778,-1.2485687710240612,-0.008298802814695066
5779,-1.2485784633317296,-0.008298802814695066
5780,-1.2485825761487794,-0.008298802814695066
5781,-1.248596653135395,-0.008298802814695066
5782,-1.2486057076890638,-0.008298802814695066
5783,-1.2486173951627801,-0.008298802814695066
5784,-1.248637873214026,-0.008298802814695066
5785,-1.2487461272227627,-0.008298802814695066
5786,-1.2487690189745349,-0.008298802814695066
5787,-1.2487929509140636,-0.008298802814695066
5788,-1.2488032127116326,-0.008298802814695066
5789,-1.2488053832441497,-0.008298802814695066
5790,-1.2488110575420728,-0.008298802814695066
5791,-1.248821702283193,-0.008298802814695066
5792,-1.248833368391438,-0.008298802814695066
5793,-1.248846249822074,-0.008298802814695066
5794,-1.248895876485215,-0.008298802814695066
5795,-1.2489209502545144,-0.008298802814695066
5796,-1.2489310795651518,-0.008298802814695066
5797,-1.2489605566670516,-0.008298802814695066
5798,-1.2489818788750524,-0.008298802814695066
5799,-1.2490010764803392,-0.008298802814695066
5800,-1.2490037416628308,-0.008298802814695066
5801,-1.2490216861337293,-0.008298802814695066
5802,-1.2490374492179113,-0.008298802814695066
5803,-1.2490399173935762,-0.008298802814695066
5804,-1.2490401356235759,-0.008298802814695066
5805,-1.2490705989741535,-0.008298802814695066
5806,-1.2490805093853623,-0.008298802814695066
5807,-1.2490879046750132,-0.008298802814695066
5808,-1.2490905337533227,-0.008298802814695066
5809,-1.2490938120411452,-0.008298802814695066
5810,-1.2491501073399167,-0.008298802814695066
5811,-1.2491725696778349,-0.008298802814695066
5812,-1.2492368775411717,-0.008298802814695066
5813,-1.2492599592695885,-0.008298802814695066
5814,-1.2492853373891597,-0.008298802814695066
5815,-1.2493044036709722,-0.008298802814695066
5816,-1.2493119396116636,-0.008298802814695066
5817,-1.2493129251218895,-0.008298802814695066
5818,-1.249313124086226,-0.008298802814695066
5819,-1.2493388371506864,-0.008298802814695066
5820,-1.249353191963543,-0.008298802814695066
5821,-1.2493535359437817,-0.008298802814695066
5822,-1.2493611975655061,-0.008298802814695066
5823,-1.2493808450329942,-0.008298802814695066
5824,-1.249423708496383,-0.008298802814695066
5825,-1.2494391027936727,-0.008298802814695066
5826,-1.2494732123862753,-0.008298802814695066
5827,-1.2495044216965179,-0.008298802814695066
5828,-1.2495681594428447,-0.008298802814695066
5829,-1.2495691567845233,-0.008298802814695066
5830,-1.2496286289099934,-0.008298802814695066
5831,-1.2496347239020476,-0.008298802814695066
5832,-1.2496492253135112,-0.008298802814695066
5833,-1.2496683692918409,-0.008298802814695066
5834,-1.2497304705425636,-0.008298802814695066
5835,-1.2497481495986698,-0.008298802814695066
5836,-1.249785071751949,-0.008298802814695066
5837,-1.2498098526974568,-0.008298802814695066
5838,-1.2498404196101542,-0.008298802814695066
5839,-1.2498523435416011,-0.008298802814695066
5840,-1.2498653338485797,-0.008298802814695066
5841,-1.2498730063285723,-0.008298802814695066
5842,-1.2499002226319607,-0.008298802814695066
5843,-1.249915562745709,-0.008298802814695066
5844,-1.2499456382098717,-0.008298802814695066
5845,-1.2499881604784768,-0.008298802814695066
5846,-1.2500043992529528,-0.008298802814695066
5847,-1.2500338468350698,-0.008298802814695066
5848,-1.2501146327595039,-0.008298802814695066
5849,-1.250116233649219,-0.008298802814695066
5850,-1.2501343593238428,-0.008298802814695066
5851,-1.2501952372983909,-0.008298802814695066
5852,-1.2502047341142983,-0.008298802814695066
5853,-1.2502197341911372,-0.008298802814695066
5854,-1.2502272821572369,-0.008298802814695066
5855,-1.250228283321381,-0.008298802814695066
5856,-1.2502406013522234,-0.008298802814695066
5857,-1.2503130940269316,-0.008298802814695066
5858,-1.2503230332404978,-0.008298802814695066
5859,-1.250331558814803,-0.008298802814695066
5860,-1.2503316668093172,-0.008298802814695066
5861,-1.2503357593127884,-0.008298802814695066
5862,-1.2503584356236535,-0.008298802814695066
5863,-1.250360868083302,-0.008298802814695066
5864,-1.2503900110494268,-0.008298802814695066
5865,-1.2503904043797485,-0.008298802814695066
5866,-1.2503922358001855,-0.008298802814695066
5867,-1.2504041102636985,-0.008298802814695066
5868,-1.2504340782729704,-0.008298802814695066
5869,-1.2504343696143616,-0.008298802814695066
5870,-1.25045851170761,-0.008298802814695066
5871,-1.2505067406240205,-0.008298802814695066
5872,-1.2505345918311612,-0.008298802814695066
5873,-1.2505595505430893,-0.008298802814695066
5874,-1.2505719315046366,-0.008298802814695066
5875,-1.2505987720499987,-0.008298802814695066
5876,-1.2506390422218558,-0.008298802814695066
5877,-1.2506469154559239,-0.008298802814695066
5878,-1.2506516650226414,-0.008298802814695066
5879,-1.250710261875918,-0.008298802814695066
5880,-1.2507843967638332,-0.008298802814695066
5881,-1.250792878961973,-0.008298802814695066
5882,-1.2508170149412583,-0.008298802814695066
5883,-1.2508495755365856,-0.008298802814695066
5884,-1.2508641163739953,-0.008298802814695066
5885,-1.2508660707735093,-0.008298802814695066
5886,-1.2508689654765157,-0.008298802814695066
5887,-1.250870304443136,-0.008298802814695066
5888,-1.250903449278304,-0.008298802814695066
5889,-1.2509496094651094,-0.008298802814695066
5890,-1.2509543331263027,-0.008298802814695066
5891,-1.2509833646234005,-0.008298802814695066
5892,-1.2510066534100048,-0.008298802814695066
5893,-1.2510179810438675,-0.008298802814695066
5894,-1.25104173732894,-0.008298802814695066
5895,-1.2510495938826633,-0.008298802814695066
5896,-1.2510633618778044,-0.008298802814695066
5897,-1.2510835081813834,-0.008298802814695066
5898,-1.2511112444651786,-0.008298802814695066
5899,-1.2511114746029035,-0.008298802814695066
5900,-1.2511496152989907,-0.008298802814695066
5901,-1.2511586271972996,-0.008298802814695066
5902,-1.2512080772178704,-0.008298802814695066
5903,-1.2512156110766506,-0.008298802814695066
5904,-1.2512605275249218,-0.008298802814695066
5905,-1.2512669876582063,-0.008298802814695066
5906,-1.2512998950973082,-0.008298802814695066
5907,-1.2513068558950735,-0.008298802814695066
5908,-1.2513195620494324,-0.008298802814695066
5909,-1.2513485470173134,-0.008298802814695066
5910,-1.2513935945645533,-0.008298802814695066
5911,-1.2514253513635625,-0.008298802814695066
5912,-1.251448077462077,-0.008298802814695066
5913,-1.251468851248817,-0.008298802814695066
5914,-1.2514880423020045,-0.008298802814695066
5915,-1.2514982925078235,-0.008298802814695066
5916,-1.2515183072008527,-0.008298802814695066
5917,-1.2515448412260448,-0.008298802814695066
5918,-1.251545394398867,-0.008298802814695066
5919,-1.2515502787494497,-0.008298802814695066
5920,-1.2515524398926083,-0.008298802814695066
5921,-1.2515549582860483,-0.008298802814695066
5922,-1.251590910555345,-0.008298802814695066
5923,-1.2516326755439713,-0.008298802814695066
5924,-1.2516401913833444,-0.008298802814695066
5925,-1.2516484693779293,-0.008298802814695066
5926,-1.2516655127187988,-0.008298802814695066
5927,-1.251669441778424,-0.008298802814695066
5928,-1.2517200243406257,-0.008298802814695066
5929,-1.251733643552864,-0.008298802814695066
5930,-1.2517416178678893,-0.008298802814695066
5931,-1.2517520995280795,-0.008298802814695066
5932,-1.251785246183462,-0.008298802814695066
5933,-1.2518167296041876,-0.008298802814695066
5934,-1.2519605380697219,-0.008298802814695066
5935,-1.2519722774326405,-0.008298802814695066
5936,-1.2520016381415302,-0.008298802814695066
5937,-1.2520573461104523,-0.008298802814695066
5938,-1.2520648356284596,-0.008298802814695066
5939,-1.2520656927012812,-0.008298802814695066
5940,-1.252126901434412,-0.008298802814695066
5941,-1.2521274915828535,-0.008298802814695066
5942,-1.2521563418755655,-0.008298802814695066
5943,-1.2521624884616256,-0.008298802814695066
5944,-1.252228904292754,-0.008298802814695066
5945,-1.2522323759856815,-0.008298802814695066
5946,-1.2522922649799644,-0.008298802814695066
5947,-1.2523127022129192,-0.008298802814695066
5948,-1.2523571547783097,-0.008298802814695066
5949,-1.2523780321558438,-0.008298802814695066
5950,-1.252382120729972,-0.008298802814695066
5951,-1.2523926312248184,-0.008298802814695066
5952,-1.2524188687601192,-0.008298802814695066
5953,-1.2524501250397795,-0.008298802814695066
5954,-1.252453907952956,-0.008298802814695066
5955,-1.252459431914317,-0.008298802814695066
5956,-1.2524805138342094,-0.008298802814695066
5957,-1.2525045116998226,-0.008298802814695066
5958,-1.2525085733491557,-0.008298802814695066
5959,-1.2525475331776346,-0.008298802814695066
5960,-1.2526135063574646,-0.008298802814695066
5961,-1.2526159406579453,-0.008298802814695066
5962,-1.2526374290821654,-0.008298802814695066
5963,-1.2526494415505747,-0.008298802814695066
5964,-1.2526665690830643,-0.008298802814695066
5965,-1.2526666968330145,-0.008298802814695066
5966,-1.2526906222520489,-0.008298802814695066
5967,-1.252698505869741,-0.008298802814695066
5968,-1.2527165695971152,-0.008298802814695066
5969,-1.2527446060153715,-0.008298802814695066
5970,-1.2527697582824266,-0.008298802814695066
5971,-1.2528000666402987,-0.008298802814695066
5972,-1.2528522069978463,-0.008298802814695066
5973,-1.2528598926078964,-0.008298802814695066
5974,-1.252905337760325,-0.008298802814695066
5975,-1.2529315907971554,-0.008298802814695066
5976,-1.2529399815399052,-0.008298802814695066
5977,-1.252987200879034,-0.008298802814695066
5978,-1.2529878540083428,-0.008298802814695066
5979,-1.2530250255938957,-0.008298802814695066
5980,-1.2530796161326927,-0.008298802814695066
5981,-1.253083100628287,-0.008298802814695066
5982,-1.2530884147004855,-0.008298802814695066
5983,-1.2530970949455884,-0.008298802814695066
5984,-1.2530974332339437,-0.008298802814695066
5985,-1.2531205566274066,-0.008298802814695066
5986,-1.253127367722564,-0.008298802814695066
5987,-1.2531437260577336,-0.008298802814695066
5988,-1.2531580116130803,-0.008298802814695066
5989,-1.2531686252191787,-0.008298802814695066
5990,-1.253198087794951,-0.008298802814695066
5991,-1.2532214728212454,-0.008298802814695066
5992,-1.2532221794134986,-0.008298802814695066
5993,-1.253224361958177,-0.008298802814695066
5994,-1.2532715600706386,-0.008298802814695066
5995,-1.2532933845507963,-0.008298802814695066
5996,-1.253293387741859,-0.008298802814695066
5997,-1.2532949064727363,-0.008298802814695066
5998,-1.2533103131887715,-0.008298802814695066
5999,-1.253356744871771,-0.008298802814695066
6000,-1.253358531675135,-0.008298802814695066
6001,-1.253368234209169,-0.008298802814695066
6002,-1.253388071113598,-0.008298802814695066
6003,-1.2533980702986944,-0.008298802814695066
6004,-1.253409080118941,-0.008298802814695066
6005,-1.2534391095129,-0.008298802814695066
6006,-1.2534444335943655,-0.008298802814695066
6007,-1.2534901488890613,-0.008298802814695066
6008,-1.2534964113612763,-0.008298802814695066
6009,-1.2535212316265951,-0.008298802814695066
6010,-1.2535248029593407,-0.008298802814695066
6011,-1.253550203591637,-0.008298802814695066
6012,-1.2535527158833573,-0.008298802814695066
6013,-1.2535653399280746,-0.008298802814695066
6014,-1.2535955070079565,-0.008298802814695066
6015,-1.2536037681234444,-0.008298802814695066
6016,-1.2536037730164216,-0.008298802814695066
6017,-1.2536164216280699,-0.008298802814695066
6018,-1.253649189771086,-0.008298802814695066
6019,-1.2536904790076087,-0.008298802814695066
6020,-1.2537219499501768,-0.008298802814695066
6021,-1.2537681901127682,-0.008298802814695066
6022,-1.2537812266874708,-0.008298802814695066
6023,-1.2537976687418515,-0.008298802814695066
6024,-1.2537996267252558,-0.008298802814695066
6025,-1.2538088298565506,-0.008298802814695066
6026,-1.253820284880985,-0.008298802814695066
6027,-1.2538408092885212,-0.008298802814695066
6028,-1.253851046204951,-0.008298802814695066
6029,-1.2538705802388628,-0.008298802814695066
6030,-1.2538945898123481,-0.008298802814695066
6031,-1.2539221490308727,-0.008298802814695066
6032,-1.2539243740093353,-0.008298802814695066
6033,-1.2539805105371622,-0.008298802814695066
6034,-1.2539829029499312,-0.008298802814695066
6035,-1.2540780633927866,-0.008298802814695066
6036,-1.2540804571205926,-0.008298802814695066
6037,-1.254094896279453,-0.008298802814695066
6038,-1.2541356267558417,-0.008298802814695066
6039,-1.2541417674976525,-0.008298802814695066
6040,-1.2541487610100184,-0.008298802814695066
6041,-1.2541685921842252,-0.008298802814695066
6042,-1.2541967145111779,-0.008298802814695066
6043,-1.2542299903394527,-0.008298802814695066
6044,-1.2542313229441453,-0.008298802814695066
6045,-1.254255735520598,-0.008298802814695066
6046,-1.2542660844242537,-0.008298802814695066
6047,-1.2543020189412626,-0.008298802814695066
6048,-1.2543082038287083,-0.008298802814695066
6049,-1.2543291786264206,-0.008298802814695066
6050,-1.2543316734077394,-0.008298802814695066
6051,-1.2543340381942698,-0.008298802814695066
6052,-1.2543356988702614,-0.008298802814695066
6053,-1.254338808963059,-0.008298802814695066
6054,-1.2543396865818712,-0.008298802814695066
6055,-1.2543455612810424,-0.008298802814695066
6056,-1.2543505987434758,-0.008298802814695066
6057,-1.254375171742273,-0.008298802814695066
6058,-1.254404232874734,-0.008298802814695066
6059,-1.2544165446917257,-0.008298802814695066
6060,-1.2544569577653732,-0.008298802814695066
6061,-1.254461934078807,-0.008298802814695066
6062,-1.254480054314739,-0.008298802814695066
6063,-1.254514817583472,-0.008298802814695066
6064,-1.254517785293284,-0.008298802814695066
6065,-1.2545254365295277,-0.008298802814695066
6066,-1.2545445879789054,-0.008298802814695066
6067,-1.2545451258282538,-0.008298802814695066
6068,-1.2545836829709893,-0.008298802814695066
6069,-1.2545911601740722,-0.008298802814695066
6070,-1.2546048743587193,-0.008298802814695066
6071,-1.254632767824793,-0.008298802814695066
6072,-1.2546578152528873,-0.008298802814695066
6073,-1.254683905863752,-0.008298802814695066
6074,-1.2547093780476957,-0.008298802814695066
6075,-1.254711664218238,-0.008298802814695066
6076,-1.2547349009445936,-0.008298802814695066
6077,-1.2547533302846188,-0.008298802814695066
6078,-1.2548008332704526,-0.008298802814695066
6079,-1.2548025557730438,-0.008298802814695066
6080,-1.254827930346784,-0.008298802814695066
6081,-1.2548319320325052,-0.008298802814695066
6082,-1.2548432702159078,-0.008298802814695066
6083,-1.2548441898916827,-0.008298802814695066
6084,-1.2548557172734087,-0.008298802814695066
6085,-1.254874505225308,-0.008298802814695066
6086,-1.2549017731188168,-0.008298802814695066
6087,-1.254911159531479,-0.008298802814695066
6088,-1.254958342119924,-0.008298802814695066
6089,-1.2549611666583322,-0.008298802814695066
6090,-1.2550047644616673,-0.008298802814695066
6091,-1.2550144637741765,-0.008298802814695066
6092,-1.2550228154123557,-0.008298802814695066
6093,-1.255047947432921,-0.008298802814695066
6094,-1.2550544761923605,-0.008298802814695066
6095,-1.2551191264355697,-0.008298802814695066
6096,-1.2552713257777794,-0.008298802814695066
6097,-1.255274071519811,-0.008298802814695066
6098,-1.2553169613877273,-0.008298802814695066
6099,-1.2553618087845233,-0.008298802814695066
6100,-1.2554198465294342,-0.008298802814695066
6101,-1.2554320246013428,-0.008298802814695066
6102,-1.255443817871936,-0.008298802814695066
6103,-1.2554477231696515,-0.008298802814695066
6104,-1.2554617639864427,-0.008298802814695066
6105,-1.2554742219272077,-0.008298802814695066
6106,-1.2554839221235956,-0.008298802814695066
6107,-1.255526084912701,-0.008298802814695066
6108,-1.2555302135885302,-0.008298802814695066
6109,-1.2555457967293797,-0.008298802814695066
6110,-1.2555501175128032,-0.008298802814695066
6111,-1.2555513270367862,-0.008298802814695066
6112,-1.255567761296625,-0.008298802814695066
6113,-1.2555728843714362,-0.008298802814695066
6114,-1.255598978760744,-0.008298802814695066
6115,-1.2556428294242077,-0.008298802814695066
6116,-1.2556566640483997,-0.008298802814695066
6117,-1.2557105892590052,-0.008298802814695066
6118,-1.2557118845470976,-0.008298802814695066
6119,-1.255764381515331,-0.008298802814695066
6120,-1.2558109496864658,-0.008298802814695066
6121,-1.2558165350511121,-0.008298802814695066
6122,-1.255825773110157,-0.008298802814695066
6123,-1.2558676885611222,-0.008298802814695066
6124,-1.2558972340740064,-0.008298802814695066
6125,-1.2559164686069888,-0.008298802814695066
6126,-1.2559614226526838,-0.008298802814695066
6127,-1.2559642798515946,-0.008298802814695066
6128,-1.2559888144100677,-0.008298802814695066
6129,-1.25600764262989,-0.008298802814695066
6130,-1.2560138309076672,-0.008298802814695066
6131,-1.2560873023152175,-0.008298802814695066
6132,-1.2560902625575108,-0.008298802814695066
6133,-1.2561232146405203,-0.008298802814695066
6134,-1.2561538918562154,-0.008298802814695066
6135,-1.256163387143012,-0.008298802814695066
6136,-1.2561810405704812,-0.008298802814695066
6137,-1.2561886580385364,-0.008298802814695066
6138,-1.2562024101514644,-0.008298802814695066
6139,-1.2562536753818565,-0.008298802814695066
6140,-1.2562687125787342,-0.008298802814695066
6141,-1.2562722667180057,-0.008298802814695066
6142,-1.2562764638218278,-0.008298802814695066
6143,-1.2562938665270815,-0.008298802814695066
6144,-1.256296323151965,-0.008298802814695066
6145,-1.256358401215603,-0.008298802814695066
6146,-1.2564138037721537,-0.008298802814695066
6147,-1.256424336136838,-0.008298802814695066
6148,-1.2564258209632224,-0.008298802814695066
6149,-1.2564362295324374,-0.008298802814695066
6150,-1.2564996503229797,-0.008298802814695066
6151,-1.2565004272537486,-0.008298802814695066
6152,-1.2565013212777423,-0.008298802814695066
6153,-1.2565254399769912,-0.008298802814695066
6154,-1.2565308400955069,-0.008298802814695066
6155,-1.2565983843199144,-0.008298802814695066
6156,-1.2566167023863235,-0.008298802814695066
6157,-1.256639490390185,-0.008298802814695066
6158,-1.2566522773893083,-0.008298802814695066
6159,-1.2566775065461422,-0.008298802814695066
6160,-1.2566782823246578,-0.008298802814695066
6161,-1.2567038572228117,-0.008298802814695066
6162,-1.256710179841869,-0.008298802814695066
6163,-1.2567434511549496,-0.008298802814695066
6164,-1.2567452251043398,-0.008298802814695066
6165,-1.2567454055678162,-0.008298802814695066
6166,-1.2567468414042855,-0.008298802814695066
6167,-1.2568152756619912,-0.008298802814695066
6168,-1.256831742939101,-0.008298802814695066
6169,-1.2568523435944947,-0.008298802814695066
6170,-1.2568627550713203,-0.008298802814695066
6171,-1.2569031232774002,-0.008298802814695066
6172,-1.2569230304969556,-0.008298802814695066
6173,-1.2569569652417099,-0.008298802814695066
6174,-1.256995722976173,-0.008298802814695066
6175,-1.2570103026293444,-0.008298802814695066
6176,-1.2570379748088853,-0.008298802814695066
6177,-1.2570693933716963,-0.008298802814695066
6178,-1.257072615938333,-0.008298802814695066
6179,-1.2570765009633362,-0.008298802814695066
6180,-1.2570871213057067,-0.008298802814695066
6181,-1.2570883161350384,-0.008298802814695066
6182,-1.2571320810851958,-0.008298802814695066
6183,-1.2571522302675,-0.008298802814695066
6184,-1.2571712643887507,-0.008298802814695066
6185,-1.257193043747172,-0.008298802814695066
6186,-1.2571946666769729,-0.008298802814695066
6187,-1.257214257460837,-0.008298802814695066
6188,-1.2572170869526724,-0.008298802814695066
6189,-1.2572476753450554,-0.008298802814695066
6190,-1.2573178121544433,-0.008298802814695066
6191,-1.2573352956033779,-0.008298802814695066
6192,-1.2573373761726292,-0.008298802814695066
6193,-1.2573434855730063,-0.008298802814695066
6194,-1.2573441522025903,-0.008298802814695066
6195,-1.2573492416053047,-0.008298802814695066
6196,-1.2573543639829468,-0.008298802814695066
6197,-1.2573658812134185,-0.008298802814695066
6198,-1.2573906830068065,-0.008298802814695066
6199,-1.2573910808721374,-0.008298802814695066
6200,-1.2573972674678147,-0.008298802814695066
6201,-1.257413616622094,-0.008298802814695066
6202,-1.2574155229233797,-0.008298802814695066
6203,-1.2574543981971498,-0.008298802814695066
6204,-1.2574578087830992,-0.008298802814695066
6205,-1.2574757726844328,-0.008298802814695066
6206,-1.2574769535703858,-0.008298802814695066
6207,-1.2574856402799781,-0.008298802814695066
6208,-1.2574871070965448,-0.008298802814695066
6209,-1.2575069880899719,-0.008298802814695066
6210,-1.2575109447435922,-0.008298802814695066
6211,-1.2575134664992287,-0.008298802814695066
6212,-1.2575269299696967,-0.008298802814695066
6213,-1.2575655267249166,-0.008298802814695066
6214,-1.257566131140546,-0.008298802814695066
6215,-1.257597731049859,-0.008298802814695066
6216,-1.2576026441635118,-0.008298802814695066
6217,-1.2576447129402444,-0.008298802814695066
6218,-1.2576828298186467,-0.008298802814695066
6219,-1.2577062680613056,-0.008298802814695066
6220,-1.2577118335112196,-0.008298802814695066
6221,-1.257723384209961,-0.008298802814695066
6222,-1.2577504438829896,-0.008298802814695066
6223,-1.2577795552778896,-0.008298802814695066
6224,-1.2577823236509185,-0.008298802814695066
6225,-1.2578093737326665,-0.008298802814695066
6226,-1.2578316411383343,-0.008298802814695066
6227,-1.2578667666433452,-0.008298802814695066
6228,-1.2578728118490332,-0.008298802814695066
6229,-1.2578873172971705,-0.008298802814695066
6230,-1.257925474535873,-0.008298802814695066
6231,-1.2579443250620983,-0.008298802814695066
6232,-1.2580163907747726,-0.008298802814695066
6233,-1.2580528301893579,-0.008298802814695066
6234,-1.258055307356428,-0.008298802814695066
6235,-1.2580608957901764,-0.008298802814695066
6236,-1.258110867063758,-0.008298802814695066
6237,-1.2581144379947091,-0.008298802814695066
6238,-1.2581203146002145,-0.008298802814695066
6239,-1.2581207430824235,-0.008298802814695066
6240,-1.2581299153547834,-0.008298802814695066
6241,-1.2581928153285131,-0.008298802814695066
6242,-1.2582292698082391,-0.008298802814695066
6243,-1.2582432693524734,-0.008298802814695066
6244,-1.2582878916932922,-0.008298802814695066
6245,-1.2583115782198844,-0.008298802814695066
6246,-1.2583325023142815,-0.008298802814695066
6247,-1.2583335772136475,-0.008298802814695066
6248,-1.2583412304227146,-0.008298802814695066
6249,-1.2583578232249224,-0.008298802814695066
6250,-1.2583738269291862,-0.008298802814695066
6251,-1.2583754755891903,-0.008298802814695066
6252,-1.2583786955940874,-0.008298802814695066
6253,-1.2583804233699134,-0.008298802814695066
6254,-1.2584062875473139,-0.008298802814695066
6255,-1.2584303610099983,-0.008298802814695066
6256,-1.2584889440533418,-0.008298802814695066
6257,-1.2585165480674916,-0.008298802814695066
6258,-1.2585187652540297,-0.008298802814695066
6259,-1.2585188873698903,-0.008298802814695066
6260,-1.2585542895994448,-0.008298802814695066
6261,-1.258560063245339,-0.008298802814695066
6262,-1.2585725170968955,-0.008298802814695066
6263,-1.2585881245040107,-0.008298802814695066
6264,-1.258593734963938,-0.008298802814695066
6265,-1.2585973170328453,-0.008298802814695066
6266,-1.2586018970740191,-0.008298802814695066
6267,-1.2586246619208925,-0.008298802814695066
6268,-1.2586409011151645,-0.008298802814695066
6269,-1.258644857276248,-0.008298802814695066
6270,-1.2586779592559556,-0.008298802814695066
6271,-1.2586878135799637,-0.008298802814695066
6272,-1.2587059148476183,-0.008298802814695066
6273,-1.2587104845623955,-0.008298802814695066
6274,-1.2587534656429356,-0.008298802814695066
6275,-1.2587717130741123,-0.008298802814695066
6276,-1.2587836495755085,-0.008298802814695066
6277,-1.2587869599740265,-0.008298802814695066
6278,-1.258810651409546,-0.008298802814695066
6279,-1.2588238717540752,-0.008298802814695066
6280,-1.2588398417055786,-0.008298802814695066
6281,-1.258843582935473,-0.008298802814695066
6282,-1.2588590817816518,-0.008298802814695066
6283,-1.2588597403918271,-0.008298802814695066
6284,-1.2588600296925943,-0.008298802814695066
6285,-1.2588777870804722,-0.008298802814695066
6286,-1.2588821509322676,-0.008298802814695066
6287,-1.2589020435062352,-0.008298802814695066
6288,-1.2589214437798304,-0.008298802814695066
6289,-1.2589551336730624,-0.008298802814695066
6290,-1.2589672920245705,-0.008298802814695066
6291,-1.258980864940032,-0.008298802814695066
6292,-1.2589824626592696,-0.008298802814695066
6293,-1.259004059679685,-0.008298802814695066
6294,-1.2590089170909011,-0.008298802814695066
6295,-1.2590257549443946,-0.008298802814695066
6296,-1.2590451431574667,-0.008298802814695066
6297,-1.2590658695245356,-0.008298802814695066
6298,-1.2590866992601302,-0.008298802814695066
6299,-1.2590908174573059,-0.008298802814695066
6300,-1.259101363635745,-0.008298802814695066
6301,-1.2591149444738032,-0.008298802814695066
6302,-1.2591377738466147,-0.008298802814695066
6303,-1.2591516102578348,-0.008298802814695066
6304,-1.2591684244555346,-0.008298802814695066
6305,-1.2591917258815515,-0.008298802814695066
6306,-1.2591952445988852,-0.008298802814695066
6307,-1.2591981138342738,-0.008298802814695066
6308,-1.2592150888743583,-0.008298802814695066
6309,-1.2592159470532216,-0.008298802814695066
6310,-1.2592186109412538,-0.008298802814695066
6311,-1.2592523029955778,-0.008298802814695066
6312,-1.25926863273563,-0.008298802814695066
6313,-1.2592793777566922,-0.008298802814695066
6314,-1.259314575767612,-0.008298802814695066
6315,-1.259342000379321,-0.008298802814695066
6316,-1.2593724665917112,-0.008298802814695066
6317,-1.259407981449752,-0.008298802814695066
6318,-1.2594280114326195,-0.008298802814695066
6319,-1.259437502357056,-0.008298802814695066
6320,-1.2594621367260785,-0.008298802814695066
6321,-1.259465458639975,-0.008298802814695066
6322,-1.2594748977221737,-0.008298802814695066
6323,-1.2594916758875554,-0.008298802814695066
6324,-1.2594982381287114,-0.008298802814695066
6325,-1.259505004461619,-0.008298802814695066
6326,-1.2595080440085187,-0.008298802814695066
6327,-1.2595163410358103,-0.008298802814695066
6328,-1.259531106621997,-0.008298802814695066
6329,-1.2595676860666414,-0.008298802814695066
6330,-1.25958698990836,-0.008298802814695066
6331,-1.2595996687710698,-0.008298802814695066
6332,-1.2596178276279746,-0.008298802814695066
6333,-1.259620309777965,-0.008298802814695066
6334,-1.2596427724844137,-0.008298802814695066
6335,-1.2597187623066546,-0.008298802814695066
6336,-1.2597610822971708,-0.008298802814695066
6337,-1.2597664245445381,-0.008298802814695066
6338,-1.2597703977070827,-0.008298802814695066
6339,-1.259789171119232,-0.008298802814695066
6340,-1.2598274542069192,-0.008298802814695066
6341,-1.25983079524983,-0.008298802814695066
6342,-1.2598706803963169,-0.008298802814695066
6343,-1.25987220927632,-0.008298802814695066
6344,-1.2598792202872087,-0.008298802814695066
6345,-1.2598834622552821,-0.008298802814695066
6346,-1.2598855069093338,-0.008298802814695066
6347,-1.259888172419592,-0.008298802814695066
6348,-1.2598982577994746,-0.008298802814695066
6349,-1.2599203696814598,-0.008298802814695066
6350,-1.2599294246259987,-0.008298802814695066
6351,-1.259930041166864,-0.008298802814695066
6352,-1.2599331704905903,-0.008298802814695066
6353,-1.2599427470914,-0.008298802814695066
6354,-1.2599466352251554,-0.008298802814695066
6355,-1.2599538546833795,-0.008298802814695066
6356,-1.2599603868924973,-0.008298802814695066
6357,-1.2599622163870061,-0.008298802814695066
6358,-1.2599694276470963,-0.008298802814695066
6359,-1.259985897955874,-0.008298802814695066
6360,-1.2599990806745929,-0.008298802814695066
6361,-1.2600005071427216,-0.008298802814695066
6362,-1.2600031432581125,-0.008298802814695066
6363,-1.2600174356874752,-0.008298802814695066
6364,-1.2600397354863218,-0.008298802814695066
6365,-1.260055824910089,-0.008298802814695066
6366,-1.2600684145457537,-0.008298802814695066
6367,-1.260068846386443,-0.008298802814695066
6368,-1.2600813456237479,-0.008298802814695066
6369,-1.2600871162324894,-0.008298802814695066
6370,-1.2600880360394842,-0.008298802814695066
6371,-1.2601314096252731,-0.008298802814695066
6372,-1.2601315523753074,-0.008298802814695066
6373,-1.2601347124426978,-0.008298802814695066
6374,-1.2601395678519023,-0.008298802814695066
6375,-1.2601454241721046,-0.008298802814695066
6376,-1.2601559162129816,-0.008298802814695066
6377,-1.2601680831619062,-0.008298802814695066
6378,-1.260177552639524,-0.008298802814695066
6379,-1.2601925200757034,-0.008298802814695066
6380,-1.2601937131275591,-0.008298802814695066
6381,-1.260195994798135,-0.008298802814695066
6382,-1.2602183959806683,-0.008298802814695066
6383,-1.2602226647093988,-0.008298802814695066
6384,-1.2602247812909564,-0.008298802814695066
6385,-1.2602267998755132,-0.008298802814695066
6386,-1.2602346514421117,-0.008298802814695066
6387,-1.2602506249721595,-0.008298802814695066
6388,-1.260261866878993,-0.008298802814695066
6389,-1.2602714860946376,-0.008298802814695066
6390,-1.260289952689727,-0.008298802814695066
6391,-1.2602988605039376,-0.008298802814695066
6392,-1.26030764860756,-0.008298802814695066
6393,-1.2603265521741802,-0.008298802814695066
6394,-1.2603422727328117,-0.008298802814695066
6395,-1.260344954198052,-0.008298802814695066
6396,-1.2603500857961776,-0.008298802814695066
6397,-1.2603777683447301,-0.008298802814695066
6398,-1.260388534376773,-0.008298802814695066
6399,-1.2604092959120636,-0.008298802814695066
6400,-1.2604413911346273,-0.008298802814695066
6401,-1.2604458035320916,-0.008298802814695066
6402,-1.2604517722437762,-0.008298802814695066
6403,-1.2604678570264958,-0.008298802814695066
6404,-1.2604835072366205,-0.008298802814695066
6405,-1.26048636435055,-0.008298802814695066
6406,-1.2604903516847465,-0.008298802814695066
6407,-1.2604922359364514,-0.008298802814695066
6408,-1.260493289744501,-0.008298802814695066
6409,-1.2605042315998516,-0.008298802814695066
6410,-1.2605151163174781,-0.008298802814695066
6411,-1.2605269275128566,-0.008298802814695066
6412,-1.2605344984851894,-0.008298802814695066
6413,-1.2605519254338073,-0.008298802814695066
6414,-1.2605596588582233,-0.008298802814695066
6415,-1.2605608615997876,-0.008298802814695066
6416,-1.2605631426038164,-0.008298802814695066
6417,-1.2605782719412764,-0.008298802814695066
6418,-1.2605886592278706,-0.008298802814695066
6419,-1.2606014414636468,-0.008298802814695066
6420,-1.260615187330496,-0.008298802814695066
6421,-1.2606383799258727,-0.008298802814695066
6422,-1.2606558890490902,-0.008298802814695066
6423,-1.260662084461327,-0.008298802814695066
6424,-1.2606709153034457,-0.008298802814695066
6425,-1.2606777487719438,-0.008298802814695066
6426,-1.260687331368228,-0.008298802814695066
6427,-1.2606913032046378,-0.008298802814695066
6428,-1.260704589285504,-0.008298802814695066
6429,-1.2607478434970831,-0.008298802814695066
6430,-1.26075214850471,-0.008298802814695066
6431,-1.2607628660453545,-0.008298802814695066
6432,-1.2607687210921832,-0.008298802814695066
6433,-1.260769621506877,-0.008298802814695066
6434,-1.2607792054210871,-0.008298802814695066
6435,-1.2607837491302372,-0.008298802814695066
6436,-1.260801867428638,-0.008298802814695066
6437,-1.260806117740858,-0.008298802814695066
6438,-1.260820931157438,-0.008298802814695066
6439,-1.2608277543522632,-0.008298802814695066
6440,-1.2608295917457666,-0.008298802814695066
6441,-1.2608346687542287,-0.008298802814695066
6442,-1.2608397095332604,-0.008298802814695066
6443,-1.260840006602688,-0.008298802814695066
6444,-1.260850356980836,-0.008298802814695066
6445,-1.2608681187475526,-0.008298802814695066
6446,-1.2608764922041282,-0.008298802814695066
6447,-1.2608961889975965,-0.008298802814695066
6448,-1.2609005535636528,-0.008298802814695066
6449,-1.2609171430081965,-0.008298802814695066
6450,-1.2609378552641823,-0.008298802814695066
6451,-1.2609410299767336,-0.008298802814695066
6452,-1.260949227883683,-0.008298802814695066
6453,-1.2609493112698305,-0.008298802814695066
6454,-1.2609599237452214,-0.008298802814695066
6455,-1.2609618302187446,-0.008298802814695066
6456,-1.2609752135469936,-0.008298802814695066
6457,-1.2609754392448456,-0.008298802814695066
6458,-1.2609755922620527,-0.008298802814695066
6459,-1.2609761519649416,-0.008298802814695066
6460,-1.2609954373603762,-0.008298802814695066
6461,-1.2610015135146644,-0.008298802814695066
6462,-1.2610096408122293,-0.008298802814695066
6463,-1.2610161656971068,-0.008298802814695066
6464,-1.2610337424651665,-0.008298802814695066
6465,-1.2610352862470524,-0.008298802814695066
6466,-1.2610361550691462,-0.008298802814695066
6467,-1.2610395528753742,-0.008298802814695066
6468,-1.2610445589008463,-0.008298802814695066
6469,-1.2610567538684103,-0.008298802814695066
6470,-1.2610919626266082,-0.008298802814695066
6471,-1.261101211870467,-0.008298802814695066
6472,-1.2611014601543376,-0.008298802814695066
6473,-1.2611211227685135,-0.008298802814695066
6474,-1.261122228323254,-0.008298802814695066
6475,-1.2611225451385952,-0.008298802814695066
6476,-1.2611531505620637,-0.008298802814695066
6477,-1.2611648632628316,-0.008298802814695066
6478,-1.2611769205077843,-0.008298802814695066
6479,-1.2611952457630802,-0.008298802814695066
6480,-1.2612017758811689,-0.008298802814695066
6481,-1.2612033652969223,-0.008298802814695066
6482,-1.2612135553832187,-0.008298802814695066
6483,-1.2612139041847614,-0.008298802814695066
6484,-1.2612237843461112,-0.008298802814695066
6485,-1.261232616787408,-0.008298802814695066
6486,-1.2612376428307328,-0.008298802814695066
6487,-1.2612829265654297,-0.008298802814695066
6488,-1.2612853670327986,-0.008298802814695066
6489,-1.261290273369116,-0.008298802814695066
6490,-1.2612964915544194,-0.008298802814695066
6491,-1.2613025846333739,-0.008298802814695066
6492,-1.26130537572114,-0.008298802814695066
6493,-1.261310694418584,-0.008298802814695066
6494,-1.261330684082836,-0.008298802814695066
6495,-1.2613598518567226,-0.008298802814695066
6496,-1.2613632549816367,-0.008298802814695066
6497,-1.2613655426700316,-0.008298802814695066
6498,-1.2613687973212813,-0.008298802814695066
6499,-1.261374418064808,-0.008298802814695066
6500,-1.2613763847401434,-0.008298802814695066
6501,-1.2613827371578352,-0.008298802814695066
6502,-1.2613903681543288,-0.008298802814695066
6503,-1.2613926213618514,-0.008298802814695066
6504,-1.2614042653559325,-0.008298802814695066
6505,-1.261429122202145,-0.008298802814695066
6506,-1.2614403114820403,-0.008298802814695066
6507,-1.2614484980863652,-0.008298802814695066
6508,-1.2614597431636636,-0.008298802814695066
6509,-1.2614671664460606,-0.008298802814695066
6510,-1.2614726448226792,-0.008298802814695066
6511,-1.2614745463814612,-0.008298802814695066
6512,-1.2614843191463407,-0.008298802814695066
6513,-1.2615001307885225,-0.008298802814695066
6514,-1.2615006333837626,-0.008298802814695066
6515,-1.261502760293996,-0.008298802814695066
6516,-1.2615191573723081,-0.008298802814695066
6517,-1.261540473200529,-0.008298802814695066
6518,-1.2615557091842096,-0.008298802814695066
6519,-1.261559114590693,-0.008298802814695066
6520,-1.261559542527415,-0.008298802814695066
6521,-1.261568771019772,-0.008298802814695066
6522,-1.2615731737559206,-0.008298802814695066
6523,-1.2615736233851162,-0.008298802814695066
6524,-1.2615860140802577,-0.008298802814695066
6525,-1.2616044766722003,-0.008298802814695066
6526,-1.2616539542916905,-0.008298802814695066
6527,-1.2616722589279847,-0.008298802814695066
6528,-1.26169741077193,-0.008298802814695066
6529,-1.2617029673707854,-0.008298802814695066
6530,-1.2617762035331002,-0.008298802814695066
6531,-1.2617832988871474,-0.008298802814695066
6532,-1.2618237919332151,-0.008298802814695066
6533,-1.2618573673991609,-0.008298802814695066
6534,-1.2618604494018797,-0.008298802814695066
6535,-1.261862400976129,-0.008298802814695066
6536,-1.2618799023897636,-0.008298802814695066
6537,-1.261893196923726,-0.008298802814695066
6538,-1.2618998621725732,-0.008298802814695066
6539,-1.2619134989699348,-0.008298802814695066
6540,-1.2619301905087053,-0.008298802814695066
6541,-1.2619426915053693,-0.008298802814695066
6542,-1.2619507872568732,-0.008298802814695066
6543,-1.2619514856884364,-0.008298802814695066
6544,-1.2619527373611363,-0.008298802814695066
6545,-1.2619596569583067,-0.008298802814695066
6546,-1.2619628234752207,-0.008298802814695066
6547,-1.2619658827101068,-0.008298802814695066
6548,-1.26199219524094,-0.008298802814695066
6549,-1.2620000936903355,-0.008298802814695066
6550,-1.2620114220539467,-0.008298802814695066
6551,-1.2620164708442325,-0.008298802814695066
6552,-1.2620183972876393,-0.008298802814695066
6553,-1.262021515043533,-0.008298802814695066
6554,-1.262022764868704,-0.008298802814695066
6555,-1.262039312021682,-0.008298802814695066
6556,-1.2620441262792408,-0.008298802814695066
6557,-1.262104408370611,-0.008298802814695066
6558,-1.262105554980147,-0.008298802814695066
6559,-1.262112676836447,-0.008298802814695066
6560,-1.2621156846854944,-0.008298802814695066
6561,-1.2621226937251762,-0.008298802814695066
6562,-1.2621237827068166,-0.008298802814695066
6563,-1.2621326174749177,-0.008298802814695066
6564,-1.2621405719440029,-0.008298802814695066
6565,-1.2621413173744753,-0.008298802814695066
6566,-1.2621532823593857,-0.008298802814695066
6567,-1.2621551999857754,-0.008298802814695066
6568,-1.2621836268932887,-0.008298802814695066
6569,-1.2622068741346215,-0.008298802814695066
6570,-1.2622141684019061,-0.008298802814695066
6571,-1.2622378383969415,-0.008298802814695066
6572,-1.2622725876392271,-0.008298802814695066
6573,-1.2622849389311086,-0.008298802814695066
6574,-1.2623241477583125,-0.008298802814695066
6575,-1.2623278581941109,-0.008298802814695066
6576,-1.2623289583671031,-0.008298802814695066
6577,-1.2623552139619867,-0.008298802814695066
6578,-1.2623670971366197,-0.008298802814695066
6579,-1.262375260423219,-0.008298802814695066
6580,-1.2623903231013935,-0.008298802814695066
6581,-1.262391743817699,-0.008298802814695066
6582,-1.2624229801087425,-0.008298802814695066
6583,-1.2624372621653157,-0.008298802814695066
6584,-1.2624391720652306,-0.008298802814695066
6585,-1.2624408294907186,-0.008298802814695066
6586,-1.2624416711010595,-0.008298802814695066
6587,-1.2624426654889331,-0.008298802814695066
6588,-1.262453378656005,-0.008298802814695066
6589,-1.2624545513875407,-0.008298802814695066
6590,-1.2624595733606463,-0.008298802814695066
6591,-1.2624674606591144,-0.008298802814695066
6592,-1.2624881639162846,-0.008298802814695066
6593,-1.2625129495360257,-0.008298802814695066
6594,-1.2625166283445663,-0.008298802814695066
6595,-1.2625187461314997,-0.008298802814695066
6596,-1.2625313186221319,-0.008298802814695066
6597,-1.2625505238116688,-0.008298802814695066
6598,-1.26256861019978,-0.008298802814695066
6599,-1.2625786924847493,-0.008298802814695066
6600,-1.262579893015475,-0.008298802814695066
6601,-1.2626005773750186,-0.008298802814695066
6602,-1.2626030359116696,-0.008298802814695066
6603,-1.2626033254461704,-0.008298802814695066
6604,-1.262622131675891,-0.008298802814695066
6605,-1.262627376876388,-0.008298802814695066
6606,-1.2626320855243016,-0.008298802814695066
6607,-1.2626570183994892,-0.008298802814695066
6608,-1.2626778432254915,-0.008298802814695066
6609,-1.2626850757822579,-0.008298802814695066
6610,-1.2626955463256078,-0.008298802814695066
6611,-1.262699241630652,-0.008298802814695066
6612,-1.2627164751423459,-0.008298802814695066
6613,-1.2627212744623195,-0.008298802814695066
6614,-1.2627228262335968,-0.008298802814695066
6615,-1.2627305830796978,-0.008298802814695066
6616,-1.262730884766061,-0.008298802814695066
6617,-1.2627550767488287,-0.008298802814695066
6618,-1.2627575874051882,-0.008298802814695066
6619,-1.2627656945933623,-0.008298802814695066
6620,-1.2627774549985205,-0.008298802814695066
6621,-1.2627845913738935,-0.008298802814695066
6622,-1.2628093074687308,-0.008298802814695066
6623,-1.2628126249373888,-0.008298802814695066
6624,-1.2628319758121558,-0.008298802814695066
6625,-1.262847473000837,-0.008298802814695066
6626,-1.262859246837043,-0.008298802814695066
6627,-1.26287124083147,-0.008298802814695066
6628,-1.2628764542104332,-0.008298802814695066
6629,-1.2628811746867266,-0.008298802814695066
6630,-1.2629143081836374,-0.008298802814695066
6631,-1.2629161620853186,-0.008298802814695066
6632,-1.2629163029782482,-0.008298802814695066
6633,-1.2629236751736252,-0.008298802814695066
6634,-1.2629419504583066,-0.008298802814695066
6635,-1.2629426739251848,-0.008298802814695066
6636,-1.2629446657259895,-0.008298802814695066
6637,-1.2629599477536257,-0.008298802814695066
6638,-1.2629668238080594,-0.008298802814695066
6639,-1.2629711626452276,-0.008298802814695066
6640,-1.2629950194094413,-0.008298802814695066
6641,-1.263001093529637,-0.008298802814695066
6642,-1.263003252721338,-0.008298802814695066
6643,-1.2630068693608765,-0.008298802814695066
6644,-1.2630070228222732,-0.008298802814695066
6645,-1.2630097586461206,-0.008298802814695066
6646,-1.263012952558297,-0.008298802814695066
6647,-1.263025875994171,-0.008298802814695066
6648,-1.2630441456286587,-0.008298802814695066
6649,-1.263055916436897,-0.008298802814695066
6650,-1.2630665236138974,-0.008298802814695066
6651,-1.2630670400264612,-0.008298802814695066
6652,-1.2630680102859717,-0.008298802814695066
6653,-1.2630691664676281,-0.008298802814695066
6654,-1.2630716716847694,-0.008298802814695066
6655,-1.2630768613151848,-0.008298802814695066
6656,-1.2630927109660688,-0.008298802814695066
6657,-1.2630983148827553,-0.008298802814695066
6658,-1.2631020239978468,-0.008298802814695066
6659,-1.2631039195133589,-0.008298802814695066
6660,-1.2631048747942604,-0.008298802814695066
6661,-1.26313998934824,-0.008298802814695066
6662,-1.2631411234847234,-0.008298802814695066
6663,-1.2631455266178575,-0.008298802814695066
6664,-1.263157884212992,-0.008298802814695066
6665,-1.263166026459332,-0.008298802814695066
6666,-1.2631700811804256,-0.008298802814695066
6667,-1.263182730882341,-0.008298802814695066
6668,-1.2631858548049704,-0.008298802814695066
6669,-1.263189450069605,-0.008298802814695066
6670,-1.2631928888861739,-0.008298802814695066
6671,-1.2632096888214321,-0.008298802814695066
6672,-1.2632098914504137,-0.008298802814695066
6673,-1.2632345431710679,-0.008298802814695066
6674,-1.2632367819953207,-0.008298802814695066
6675,-1.26323695846748,-0.008298802814695066
6676,-1.2632388548919307,-0.008298802814695066
6677,-1.26324026872889,-0.008298802814695066
6678,-1.263264980038891,-0.008298802814695066
6679,-1.2632692974833546,-0.008298802814695066
6680,-1.2632892780943572,-0.008298802814695066
6681,-1.2632944234962178,-0.008298802814695066
6682,-1.2633063719012423,-0.008298802814695066
6683,-1.263312268324978,-0.008298802814695066
6684,-1.26331325677263,-0.008298802814695066
6685,-1.2633209576117528,-0.008298802814695066
6686,-1.2633226302575922,-0.008298802814695066
6687,-1.2633261004639205,-0.008298802814695066
6688,-1.2633445291655367,-0.008298802814695066
6689,-1.2633521753623744,-0.008298802814695066
6690,-1.2633632123176795,-0.008298802814695066
6691,-1.2633660761184866,-0.008298802814695066
6692,-1.2633785888910327,-0.008298802814695066
6693,-1.2633839362697468,-0.008298802814695066
6694,-1.2633990748361825,-0.008298802814695066
6695,-1.2634053626627582,-0.008298802814695066
6696,-1.2634167485687018,-0.008298802814695066
6697,-1.2634332620361293,-0.008298802814695066
6698,-1.2634334159623999,-0.008298802814695066
6699,-1.2634363489240557,-0.008298802814695066
6700,-1.2634955613702847,-0.008298802814695066
6701,-1.2635091369751579,-0.008298802814695066
6702,-1.263549551518385,-0.008298802814695066
6703,-1.263555788535237,-0.008298802814695066
6704,-1.2635744823087953,-0.008298802814695066
6705,-1.2635762607494372,-0.008298802814695066
6706,-1.2635833540553072,-0.008298802814695066
6707,-1.2636017056333206,-0.008298802814695066
6708,-1.2636039891049284,-0.008298802814695066
6709,-1.2636051621297753,-0.008298802814695066
6710,-1.2636115266328478,-0.008298802814695066
6711,-1.2636248955593405,-0.008298802814695066
6712,-1.263646529412864,-0.008298802814695066
6713,-1.263648085649723,-0.008298802814695066
6714,-1.2636546590971565,-0.008298802814695066
6715,-1.263662032418975,-0.008298802814695066
6716,-1.263682329009859,-0.008298802814695066
6717,-1.263697873150971,-0.008298802814695066
6718,-1.2637041548334256,-0.008298802814695066
6719,-1.2637273294855988,-0.008298802814695066
6720,-1.2637654870340298,-0.008298802814695066
6721,-1.2637688886418452,-0.008298802814695066
6722,-1.2637718672223586,-0.008298802814695066
6723,-1.2637744990433573,-0.008298802814695066
6724,-1.2637770685357386,-0.008298802814695066
6725,-1.2637789364959928,-0.008298802814695066
6726,-1.2637827611718275,-0.008298802814695066
6727,-1.2638047788239772,-0.008298802814695066
6728,-1.2638079052908986,-0.008298802814695066
6729,-1.2638131036599625,-0.008298802814695066
6730,-1.2638380460142287,-0.008298802814695066
6731,-1.263842338784814,-0.008298802814695066
6732,-1.2638503460476507,-0.008298802814695066
6733,-1.2638504326340374,-0.008298802814695066
6734,-1.263853284824242,-0.008298802814695066
6735,-1.2638543788798289,-0.008298802814695066
6736,-1.2638617641151177,-0.008298802814695066
6737,-1.2638680314722919,-0.008298802814695066
6738,-1.2638686739228695,-0.008298802814695066
6739,-1.2638832397642934,-0.008298802814695066
6740,-1.2638902915050638,-0.008298802814695066
6741,-1.263897365824692,-0.008298802814695066
6742,-1.2639089724933945,-0.008298802814695066
6743,-1.263921375891036,-0.008298802814695066
6744,-1.2639325613352639,-0.008298802814695066
6745,-1.2639339916848007,-0.008298802814695066
6746,-1.2639361604134018,-0.008298802814695066
6747,-1.2639388418409636,-0.008298802814695066
6748,-1.2639390503862724,-0.008298802814695066
6749,-1.2639411089567498,-0.008298802814695066
6750,-1.2639470150712095,-0.008298802814695066
6751,-1.2639799164016357,-0.008298802814695066
6752,-1.263990765199052,-0.008298802814695066
6753,-1.263991077764892,-0.008298802814695066
6754,-1.2639942181816015,-0.008298802814695066
6755,-1.264001229243948,-0.008298802814695066
6756,-1.2640078002539563,-0.008298802814695066
6757,-1.2640085370302883,-0.008298802814695066
6758,-1.2640094486231304,-0.008298802814695066
6759,-1.2640337917478643,-0.008298802814695066
6760,-1.2640341617661333,-0.008298802814695066
6761,-1.2640363632316887,-0.008298802814695066
6762,-1.2640377215793692,-0.008298802814695066
6763,-1.2640504461435893,-0.008298802814695066
6764,-1.264050804384735,-0.008298802814695066
6765,-1.2640513666359543,-0.008298802814695066
6766,-1.2640754220219927,-0.008298802814695066
6767,-1.2640758893029829,-0.008298802814695066
6768,-1.2640760914456655,-0.008298802814695066
6769,-1.264077118109104,-0.008298802814695066
6770,-1.264077134743622,-0.008298802814695066
6771,-1.2640803517092443,-0.008298802814695066
6772,-1.264086203063506,-0.008298802814695066
6773,-1.2641153232802647,-0.008298802814695066
6774,-1.264124899497266,-0.008298802814695066
6775,-1.2641252602002768,-0.008298802814695066
6776,-1.2641364443683838,-0.008298802814695066
6777,-1.2641475330024134,-0.008298802814695066
6778,-1.2641478071480798,-0.008298802814695066
6779,-1.2641559668562208,-0.008298802814695066
6780,-1.2641585473065375,-0.008298802814695066
6781,-1.264159211224287,-0.008298802814695066
6782,-1.2641630369692696,-0.008298802814695066
6783,-1.2641678200117796,-0.008298802814695066
6784,-1.2641697412233888,-0.008298802814695066
6785,-1.2641713004403057,-0.008298802814695066
6786,-1.2641789269151396,-0.008298802814695066
6787,-1.2641876943185044,-0.008298802814695066
6788,-1.2642080815589274,-0.008298802814695066
6789,-1.2642199633631699,-0.008298802814695066
6790,-1.2642203528584846,-0.008298802814695066
6791,-1.2642313576210567,-0.008298802814695066
6792,-1.264239499381996,-0.008298802814695066
6793,-1.26424165520211,-0.008298802814695066
6794,-1.2642554608904235,-0.008298802814695066
6795,-1.2642565071179355,-0.008298802814695066
6796,-1.2642583989535385,-0.008298802814695066
6797,-1.2642609566984813,-0.008298802814695066
6798,-1.2642612245936662,-0.008298802814695066
6799,-1.264262497359049,-0.008298802814695066
6800,-1.2642675309761375,-0.008298802814695066
6801,-1.264272558063536,-0.008298802814695066
6802,-1.2642804079908874,-0.008298802814695066
6803,-1.2642830710209063,-0.008298802814695066
6804,-1.2642875959792195,-0.008298802814695066
6805,-1.264294728964539,-0.008298802814695066
6806,-1.2643019611989368,-0.008298802814695066
6807,-1.2643074764658062,-0.008298802814695066
6808,-1.2643087884278332,-0.008298802814695066
6809,-1.2643176694333995,-0.008298802814695066
6810,-1.2643243832871114,-0.008298802814695066
6811,-1.2643272005058712,-0.008298802814695066
6812,-1.264335135003647,-0.008298802814695066
6813,-1.2643397734308928,-0.008298802814695066
6814,-1.2643503835521914,-0.008298802814695066
6815,-1.2643528809326927,-0.008298802814695066
6816,-1.2643534015852773,-0.008298802814695066
6817,-1.2643538733443824,-0.008298802814695066
6818,-1.2643549313812872,-0.008298802814695066
6819,-1.264358572021263,-0.008298802814695066
6820,-1.2643691183636778,-0.008298802814695066
6821,-1.2643732412545818,-0.008298802814695066
6822,-1.2643781670627172,-0.008298802814695066
6823,-1.2643854679496962,-0.008298802814695066
6824,-1.264392373757034,-0.008298802814695066
6825,-1.2643986752560596,-0.008298802814695066
6826,-1.2644113079716919,-0.008298802814695066
6827,-1.2644116903666147,-0.008298802814695066
6828,-1.2644192021414922,-0.008298802814695066
6829,-1.264444875488126,-0.008298802814695066
6830,-1.2644626914084522,-0.008298802814695066
6831,-1.2644671872609057,-0.008298802814695066
6832,-1.2644710212971229,-0.008298802814695066
6833,-1.2644759099902583,-0.008298802814695066
6834,-1.2644831117480049,-0.008298802814695066
6835,-1.2644978865660366,-0.008298802814695066
6836,-1.264498770615452,-0.008298802814695066
6837,-1.2645020317244975,-0.008298802814695066
6838,-1.2645023120144834,-0.008298802814695066
6839,-1.2645042076326876,-0.008298802814695066
6840,-1.2645287237501095,-0.008298802814695066
6841,-1.26453287013206,-0.008298802814695066
6842,-1.2645340718509914,-0.008298802814695066
6843,-1.2645405799004235,-0.008298802814695066
6844,-1.2645591730457895,-0.008298802814695066
6845,-1.2645643000807079,-0.008298802814695066
6846,-1.264565077178885,-0.008298802814695066
6847,-1.2645844116824116,-0.008298802814695066
6848,-1.264591568358354,-0.008298802814695066
6849,-1.2645930637514673,-0.008298802814695066
6850,-1.2645945912973309,-0.008298802814695066
6851,-1.264595007803809,-0.008298802814695066
6852,-1.2645958291888912,-0.008298802814695066
6853,-1.264599291024561,-0.008298802814695066
6854,-1.2646001401854265,-0.008298802814695066
6855,-1.2646025548287867,-0.008298802814695066
6856,-1.2646132913495425,-0.008298802814695066
6857,-1.2646168209596342,-0.008298802814695066
6858,-1.2646247984029668,-0.008298802814695066
6859,-1.2646452973294622,-0.008298802814695066
6860,-1.2646571780195055,-0.008298802814695066
6861,-1.264665949616781,-0.008298802814695066
6862,-1.2646671213245793,-0.008298802814695066
6863,-1.26467111170352,-0.008298802814695066
6864,-1.2646873776219025,-0.008298802814695066
6865,-1.2646896294973633,-0.008298802814695066
6866,-1.2647159640159182,-0.008298802814695066
6867,-1.2647213237621038,-0.008298802814695066
6868,-1.2647249992218927,-0.008298802814695066
6869,-1.2647257957895952,-0.008298802814695066
6870,-1.264733084621437,-0.008298802814695066
6871,-1.264735892229223,-0.008298802814695066
6872,-1.2647400488611678,-0.008298802814695066
6873,-1.2647421972098822,-0.008298802814695066
6874,-1.264744440776096,-0.008298802814695066
6875,-1.2647477120981063,-0.008298802814695066
6876,-1.2647656444501065,-0.008298802814695066
6877,-1.2647705690950544,-0.008298802814695066
6878,-1.2647752205485339,-0.008298802814695066
6879,-1.2647811398876676,-0.008298802814695066
6880,-1.264782917836423,-0.008298802814695066
6881,-1.2647965035556135,-0.008298802814695066
6882,-1.2647991910314027,-0.008298802814695066
6883,-1.2647996608391623,-0.008298802814695066
6884,-1.2648025009053763,-0.008298802814695066
6885,-1.2648037772782401,-0.008298802814695066
6886,-1.2648047833865879,-0.008298802814695066
6887,-1.264807969636083,-0.008298802814695066
6888,-1.2648085328955958,-0.008298802814695066
6889,-1.264810462390282,-0.008298802814695066
6890,-1.264836382720018,-0.008298802814695066
6891,-1.2648380909691428,-0.008298802814695066
6892,-1.2648397418194741,-0.008298802814695066
6893,-1.264843751292854,-0.008298802814695066
6894,-1.2648511922512535,-0.008298802814695066
6895,-1.264856311031843,-0.008298802814695066
6896,-1.2648592014362847,-0.008298802814695066
6897,-1.264863217402079,-0.008298802814695066
6898,-1.2648690659104318,-0.008298802814695066
6899,-1.2648732438299344,-0.008298802814695066
6900,-1.2648845093056593,-0.008298802814695066
6901,-1.2648877754924361,-0.008298802814695066
6902,-1.2648897534985242,-0.008298802814695066
6903,-1.2648986604498935,-0.008298802814695066
6904,-1.264927137043958,-0.008298802814695066
6905,-1.2649318356850516,-0.008298802814695066
6906,-1.2649325097269228,-0.008298802814695066
6907,-1.2649338004056183,-0.008298802814695066
6908,-1.2649380108489057,-0.008298802814695066
6909,-1.264939353563638,-0.008298802814695066
6910,-1.264939426516863,-0.008298802814695066
6911,-1.26495717618834,-0.008298802814695066
6912,-1.2649608356154198,-0.008298802814695066
6913,-1.2649666901464236,-0.008298802814695066
6914,-1.2649744102833709,-0.008298802814695066
6915,-1.2649762722542284,-0.008298802814695066
6916,-1.264978032354033,-0.008298802814695066
6917,-1.2649848785610507,-0.008298802814695066
6918,-1.2649888072114894,-0.008298802814695066
6919,-1.2649916885454655,-0.008298802814695066
6920,-1.264999218727972,-0.008298802814695066
6921,-1.2649999627342174,-0.008298802814695066
6922,-1.265003422909581,-0.008298802814695066
6923,-1.265005821026328,-0.008298802814695066
6924,-1.2650119409330998,-0.008298802814695066
6925,-1.2650164962485502,-0.008298802814695066
6926,-1.2650170135293712,-0.008298802814695066
6927,-1.2650259448569148,-0.008298802814695066
6928,-1.265051220532356,-0.008298802814695066
6929,-1.2650555342479195,-0.008298802814695066
6930,-1.2650564193229539,-0.008298802814695066
6931,-1.2650645508970302,-0.008298802814695066
6932,-1.2650653828405725,-0.008298802814695066
6933,-1.2650736264391267,-0.008298802814695066
6934,-1.265076694777254,-0.008298802814695066
6935,-1.265087438076977,-0.008298802814695066
6936,-1.2650897166259172,-0.008298802814695066
6937,-1.2650964932234126,-0.008298802814695066
6938,-1.2651162366903113,-0.008298802814695066
6939,-1.2651307514350607,-0.008298802814695066
6940,-1.2651355770953057,-0.008298802814695066
6941,-1.2651516019778422,-0.008298802814695066
6942,-1.2651692198659323,-0.008298802814695066
6943,-1.2651817249870758,-0.008298802814695066
6944,-1.2651849203792394,-0.008298802814695066
6945,-1.2651909552244858,-0.008298802814695066
6946,-1.2651923288610274,-0.008298802814695066
6947,-1.2651998871410124,-0.008298802814695066
6948,-1.2652012416912721,-0.008298802814695066
6949,-1.26521696049055,-0.008298802814695066
6950,-1.2652272593732783,-0.008298802814695066
6951,-1.2652340973756853,-0.008298802814695066
6952,-1.2652357647309416,-0.008298802814695066
6953,-1.2652460003716062,-0.008298802814695066
6954,-1.2652463399982474,-0.008298802814695066
6955,-1.2652501011944002,-0.008298802814695066
6956,-1.2652524066358604,-0.008298802814695066
6957,-1.2652542574719523,-0.008298802814695066
6958,-1.2652578490200763,-0.008298802814695066
6959,-1.2652631415676776,-0.008298802814695066
6960,-1.2652725422904996,-0.008298802814695066
6961,-1.2652726157119307,-0.008298802814695066
6962,-1.2652738397148908,-0.008298802814695066
6963,-1.265277360823645,-0.008298802814695066
6964,-1.265283491932613,-0.008298802814695066
6965,-1.2652886461747435,-0.008298802814695066
6966,-1.2652920749774872,-0.008298802814695066
6967,-1.2652933491012746,-0.008298802814695066
6968,-1.2653021718248008,-0.008298802814695066
6969,-1.2653073984571543,-0.008298802814695066
6970,-1.2653211838504577,-0.008298802814695066
6971,-1.2653228540925388,-0.008298802814695066
6972,-1.2653235993733014,-0.008298802814695066
6973,-1.265349376516276,-0.008298802814695066
6974,-1.2653549702503375,-0.008298802814695066
6975,-1.2653565708673589,-0.008298802814695066
6976,-1.265357234310928,-0.008298802814695066
6977,-1.2653686137342486,-0.008298802814695066
6978,-1.2653694757832037,-0.008298802814695066
6979,-1.2653699137839165,-0.008298802814695066
6980,-1.2653863566974186,-0.008298802814695066
6981,-1.2653892047236577,-0.008298802814695066
6982,-1.265389827779578,-0.008298802814695066
6983,-1.2654127218725355,-0.008298802814695066
6984,-1.2654127807135742,-0.008298802814695066
6985,-1.265417036476781,-0.008298802814695066
6986,-1.2654403671720875,-0.008298802814695066
6987,-1.2654495135831842,-0.008298802814695066
6988,-1.2654584499768742,-0.008298802814695066
6989,-1.2654641858999893,-0.008298802814695066
6990,-1.2654663738027359,-0.008298802814695066
6991,-1.2654684362923043,-0.008298802814695066
6992,-1.2654705413994232,-0.008298802814695066
6993,-1.2654910055917608,-0.008298802814695066
6994,-1.2654924178621716,-0.008298802814695066
6995,-1.265493796665973,-0.008298802814695066
6996,-1.2654983951479322,-0.008298802814695066
6997,-1.2655046938648984,-0.008298802814695066
6998,-1.2655170393044888,-0.008298802814695066
6999,-1.2655188438315705,-0.008298802814695066
7000,-1.2655282734176678,-0.008298802814695066
7001,-1.2655379359147823,-0.008298802814695066
7002,-1.265540346251817,-0.008298802814695066
7003,-1.2655420647549056,-0.008298802814695066
7004,-1.2655449719738276,-0.008298802814695066
7005,-1.2655543887776404,-0.008298802814695066
7006,-1.265555139492804,-0.008298802814695066
7007,-1.2655582575342132,-0.008298802814695066
7008,-1.2655582670931522,-0.008298802814695066
7009,-1.2655588390310202,-0.008298802814695066
7010,-1.2655621818633516,-0.008298802814695066
7011,-1.265564629063625,-0.008298802814695066
7012,-1.2655706232170494,-0.008298802814695066
7013,-1.2655726722129383,-0.008298802814695066
7014,-1.2655794100896889,-0.008298802814695066
7015,-1.265581376182006,-0.008298802814695066
7016,-1.2655921968329669,-0.008298802814695066
7017,-1.2656072425258427,-0.008298802814695066
7018,-1.2656239520267512,-0.008298802814695066
7019,-1.265627225334506,-0.008298802814695066
7020,-1.2656312938243506,-0.008298802814695066
7021,-1.2656378481591566,-0.008298802814695066
7022,-1.2656408517491702,-0.008298802814695066
7023,-1.2656443236127821,-0.008298802814695066
7024,-1.265651396837125,-0.008298802814695066
7025,-1.265656654125053,-0.008298802814695066
7026,-1.2656601085019532,-0.008298802814695066
7027,-1.2656706111468508,-0.008298802814695066
7028,-1.2656821681522856,-0.008298802814695066
7029,-1.2656905762346269,-0.008298802814695066
7030,-1.265694055706121,-0.008298802814695066
7031,-1.265697429746793,-0.008298802814695066
7032,-1.2656976272743101,-0.008298802814695066
7033,-1.2657041197541445,-0.008298802814695066
7034,-1.2657103301344153,-0.008298802814695066
7035,-1.2657187748392023,-0.008298802814695066
7036,-1.2657348999109028,-0.008298802814695066
7037,-1.2657454181480101,-0.008298802814695066
7038,-1.2657465137368074,-0.008298802814695066
7039,-1.2657481609923809,-0.008298802814695066
7040,-1.265751970176479,-0.008298802814695066
7041,-1.2657554438138512,-0.008298802814695066
7042,-1.2657573000127642,-0.008298802814695066
7043,-1.265762845767385,-0.008298802814695066
7044,-1.2657682417452207,-0.008298802814695066
7045,-1.2657685955376692,-0.008298802814695066
7046,-1.265772344608378,-0.008298802814695066
7047,-1.2657763029229805,-0.008298802814695066
7048,-1.2657818657509172,-0.008298802814695066
7049,-1.265784750588585,-0.008298802814695066
7050,-1.2657864335438005,-0.008298802814695066
7051,-1.2658037051134312,-0.008298802814695066
7052,-1.265807987253967,-0.008298802814695066
7053,-1.2658108022784345,-0.008298802814695066
7054,-1.2658197926509607,-0.008298802814695066
7055,-1.265821188061624,-0.008298802814695066
7056,-1.2658217552745772,-0.008298802814695066
7057,-1.2658291761532439,-0.008298802814695066
7058,-1.2658292021138315,-0.008298802814695066
7059,-1.2658375073348425,-0.008298802814695066
7060,-1.2658384945669168,-0.008298802814695066
7061,-1.2658411174499293,-0.008298802814695066
7062,-1.2658415894477966,-0.008298802814695066
7063,-1.265843232220198,-0.008298802814695066
7064,-1.2658511217433532,-0.008298802814695066
7065,-1.2658520329953067,-0.008298802814695066
7066,-1.2658637729273523,-0.008298802814695066
7067,-1.265872393515098,-0.008298802814695066
7068,-1.265877568430605,-0.008298802814695066
7069,-1.2658801556325292,-0.008298802814695066
7070,-1.2658825437612644,-0.008298802814695066
7071,-1.265886589650949,-0.008298802814695066
7072,-1.2658866516996612,-0.008298802814695066
7073,-1.2659017120700866,-0.008298802814695066
7074,-1.2659038202653976,-0.008298802814695066
7075,-1.26590522613623,-0.008298802814695066
7076,-1.265908672092688,-0.008298802814695066
7077,-1.2659111039360276,-0.008298802814695066
7078,-1.2659114158928713,-0.008298802814695066
7079,-1.2659201103350823,-0.008298802814695066
7080,-1.2659261217002133,-0.008298802814695066
7081,-1.265926177887385,-0.008298802814695066
7082,-1.2659308793698136,-0.008298802814695066
7083,-1.2659361562201394,-0.008298802814695066
7084,-1.265943008133453,-0.008298802814695066
7085,-1.2659509406806526,-0.008298802814695066
7086,-1.2659653148254517,-0.008298802814695066
7087,-1.265972023361279,-0.008298802814695066
7088,-1.265982182990107,-0.008298802814695066
7089,-1.2659880246353916,-0.008298802814695066
7090,-1.2659900993712068,-0.008298802814695066
7091,-1.2659965069201442,-0.008298802814695066
7092,-1.2660029669962962,-0.008298802814695066
7093,-1.2660068458917482,-0.008298802814695066
7094,-1.2660141998207748,-0.008298802814695066
7095,-1.2660211836175388,-0.008298802814695066
7096,-1.26602331428294,-0.008298802814695066
7097,-1.2660303621926405,-0.008298802814695066
7098,-1.2660333657207878,-0.008298802814695066
7099,-1.2660339523656226,-0.008298802814695066
7100,-1.266068250393283,-0.008298802814695066
7101,-1.266073496848678,-0.008298802814695066
7102,-1.2660803727382486,-0.008298802814695066
7103,-1.2660857315280363,-0.008298802814695066
7104,-1.2660872324605128,-0.008298802814695066
7105,-1.2660949838371662,-0.008298802814695066
7106,-1.2661121082779907,-0.008298802814695066
7107,-1.2661128084030917,-0.008298802814695066
7108,-1.2661146109449244,-0.008298802814695066
7109,-1.2661266926854229,-0.008298802814695066
7110,-1.2661351560612681,-0.008298802814695066
7111,-1.266135701954434,-0.008298802814695066
7112,-1.2661428268094232,-0.008298802814695066
7113,-1.2661466577185723,-0.008298802814695066
7114,-1.2661577521031666,-0.008298802814695066
7115,-1.266164794865883,-0.008298802814695066
7116,-1.2661654487054528,-0.008298802814695066
7117,-1.266166416133041,-0.008298802814695066
7118,-1.2661665470314847,-0.008298802814695066
7119,-1.2661735081256849,-0.008298802814695066
7120,-1.2661795154015525,-0.008298802814695066
7121,-1.2661808432537545,-0.008298802814695066
7122,-1.266212415715682,-0.008298802814695066
7123,-1.2662139850341252,-0.008298802814695066
7124,-1.266224194918392,-0.008298802814695066
7125,-1.2662256375513357,-0.008298802814695066
7126,-1.2662266835287166,-0.008298802814695066
7127,-1.2662282719141402,-0.008298802814695066
7128,-1.266233601905224,-0.008298802814695066
7129,-1.2662376418061854,-0.008298802814695066
7130,-1.2662403857653324,-0.008298802814695066
7131,-1.2662404774099414,-0.008298802814695066
7132,-1.2662567824500635,-0.008298802814695066
7133,-1.2662577359763645,-0.008298802814695066
7134,-1.2662597417929071,-0.008298802814695066
7135,-1.2662636969474623,-0.008298802814695066
7136,-1.2662659871349584,-0.008298802814695066
7137,-1.2662757167055043,-0.008298802814695066
7138,-1.2662783700627798,-0.008298802814695066
7139,-1.2662835928582103,-0.008298802814695066
7140,-1.2662907604856986,-0.008298802814695066
7141,-1.2663070948263588,-0.008298802814695066
7142,-1.2663169463475366,-0.008298802814695066
7143,-1.2663329874726257,-0.008298802814695066
7144,-1.2663353848308965,-0.008298802814695066
7145,-1.2663356111086261,-0.008298802814695066
7146,-1.266335727020273,-0.008298802814695066
7147,-1.2663374776218645,-0.008298802814695066
7148,-1.266339749960394,-0.008298802814695066
7149,-1.2663424221972572,-0.008298802814695066
7150,-1.2663513376613276,-0.008298802814695066
7151,-1.2663548694240192,-0.008298802814695066
7152,-1.2663625802567555,-0.008298802814695066
7153,-1.266372317825816,-0.008298802814695066
7154,-1.266373681592127,-0.008298802814695066
7155,-1.2663756106390456,-0.008298802814695066
7156,-1.2663771531209267,-0.008298802814695066
7157,-1.2663839710547713,-0.008298802814695066
7158,-1.2663887838464989,-0.008298802814695066
7159,-1.2663899862035086,-0.008298802814695066
7160,-1.2663920072876276,-0.008298802814695066
7161,-1.2663995282156266,-0.008298802814695066
7162,-1.2664003509444275,-0.008298802814695066
7163,-1.2664031866219596,-0.008298802814695066
7164,-1.2664044004846542,-0.008298802814695066
7165,-1.2664145269952112,-0.008298802814695066
7166,-1.266419691359538,-0.008298802814695066
7167,-1.2664233770377147,-0.008298802814695066
7168,-1.2664235152915548,-0.008298802814695066
7169,-1.2664297104399727,-0.008298802814695066
7170,-1.2664308096083707,-0.008298802814695066
7171,-1.2664381044589152,-0.008298802814695066
7172,-1.2664414970544553,-0.008298802814695066
7173,-1.2664537607594466,-0.008298802814695066
7174,-1.266458489608583,-0.008298802814695066
7175,-1.266463528163896,-0.008298802814695066
7176,-1.2664648808302044,-0.008298802814695066
7177,-1.2664868207705386,-0.008298802814695066
7178,-1.266494586199812,-0.008298802814695066
7179,-1.2665019250100316,-0.008298802814695066
7180,-1.2665021481376106,-0.008298802814695066
7181,-1.2665133076728414,-0.008298802814695066
7182,-1.2665268607473656,-0.008298802814695066
7183,-1.2665349479437495,-0.008298802814695066
7184,-1.2665492315493911,-0.008298802814695066
7185,-1.2665504805815861,-0.008298802814695066
7186,-1.266556722476184,-0.008298802814695066
7187,-1.2665574126777106,-0.008298802814695066
7188,-1.2665647789501282,-0.008298802814695066
7189,-1.266574932902147,-0.008298802814695066
7190,-1.266582119400649,-0.008298802814695066
7191,-1.266582717082942,-0.008298802814695066
7192,-1.2665937363936588,-0.008298802814695066
7193,-1.266594464581797,-0.008298802814695066
7194,-1.2666028162206617,-0.008298802814695066
7195,-1.2666038157799606,-0.008298802814695066
7196,-1.2666153254533783,-0.008298802814695066
7197,-1.2666160103327169,-0.008298802814695066
7198,-1.2666190428889506,-0.008298802814695066
7199,-1.2666205689702492,-0.008298802814695066
7200,-1.2666271590037386,-0.008298802814695066
7201,-1.2666339980374997,-0.008298802814695066
7202,-1.266644503384932,-0.008298802814695066
7203,-1.2666482941031132,-0.008298802814695066
7204,-1.266648323686044,-0.008298802814695066
7205,-1.2666517825876593,-0.008298802814695066
7206,-1.2666612254865006,-0.008298802814695066
7207,-1.2666699458638981,-0.008298802814695066
7208,-1.2666784888347657,-0.008298802814695066
7209,-1.266684170641766,-0.008298802814695066
7210,-1.2666902217689233,-0.008298802814695066
7211,-1.2666910022709625,-0.008298802814695066
7212,-1.266692011905497,-0.008298802814695066
7213,-1.266696193470828,-0.008298802814695066
7214,-1.266697953088903,-0.008298802814695066
7215,-1.2666984081694888,-0.008298802814695066
7216,-1.2666996465671556,-0.008298802814695066
7217,-1.2667113487881483,-0.008298802814695066
7218,-1.2667173917492514,-0.008298802814695066
7219,-1.2667196658937823,-0.008298802814695066
7220,-1.2667359404487475,-0.008298802814695066
7221,-1.2667445100711066,-0.008298802814695066
7222,-1.2667467260451188,-0.008298802814695066
7223,-1.2667878793216754,-0.008298802814695066
7224,-1.2667997133811688,-0.008298802814695066
7225,-1.2668034634855234,-0.008298802814695066
7226,-1.2668055986693512,-0.008298802814695066
7227,-1.266807855168015,-0.008298802814695066
7228,-1.2668118426522343,-0.008298802814695066
7229,-1.2668139717082132,-0.008298802814695066
7230,-1.2668155133795447,-0.008298802814695066
7231,-1.266828427690529,-0.008298802814695066
7232,-1.2668317272795486,-0.008298802814695066
7233,-1.2668328465927812,-0.008298802814695066
7234,-1.266833212954273,-0.008298802814695066
7235,-1.266834801924476,-0.008298802814695066
7236,-1.266842396224634,-0.008298802814695066
7237,-1.2668454428602327,-0.008298802814695066
7238,-1.2668473971626506,-0.008298802814695066
7239,-1.26685407709485,-0.008298802814695066
7240,-1.2668604707843767,-0.008298802814695066
7241,-1.2668609521123348,-0.008298802814695066
7242,-1.2668618274775256,-0.008298802814695066
7243,-1.2668638755931871,-0.008298802814695066
7244,-1.2668672553492681,-0.008298802814695066
7245,-1.2668676014699745,-0.008298802814695066
7246,-1.2668701264582793,-0.008298802814695066
7247,-1.2668726649379956,-0.008298802814695066
7248,-1.2668793814612151,-0.008298802814695066
7249,-1.2668794797417922,-0.008298802814695066
7250,-1.2668797844320707,-0.008298802814695066
7251,-1.2668851326641954,-0.008298802814695066
7252,-1.2668867366802234,-0.008298802814695066
7253,-1.2668887909113424,-0.008298802814695066
7254,-1.2668925544841803,-0.008298802814695066
7255,-1.2668962594262285,-0.008298802814695066
7256,-1.2668976317457168,-0.008298802814695066
7257,-1.266897860580565,-0.008298802814695066
7258,-1.2668991061935582,-0.008298802814695066
7259,-1.266901431861246,-0.008298802814695066
7260,-1.2669031734836531,-0.008298802814695066
7261,-1.2669048673019287,-0.008298802814695066
7262,-1.2669056283293736,-0.008298802814695066
7263,-1.2669102372639012,-0.008298802814695066
7264,-1.2669118691884766,-0.008298802814695066
7265,-1.266912608465412,-0.008298802814695066
7266,-1.266914036678833,-0.008298802814695066
7267,-1.2669186540440778,-0.008298802814695066
7268,-1.2669211506273483,-0.008298802814695066
7269,-1.266921189285989,-0.008298802814695066
7270,-1.2669221855787312,-0.008298802814695066
7271,-1.2669331765991785,-0.008298802814695066
7272,-1.266935505382355,-0.008298802814695066
7273,-1.2669363574078916,-0.008298802814695066
7274,-1.2669399108760742,-0.008298802814695066
7275,-1.2669401107652931,-0.008298802814695066
7276,-1.2669632742009829,-0.008298802814695066
7277,-1.2669638970731374,-0.008298802814695066
7278,-1.2669723859007078,-0.008298802814695066
7279,-1.2669737882799232,-0.008298802814695066
7280,-1.2669762490516963,-0.008298802814695066
7281,-1.2669799218958673,-0.008298802814695066
7282,-1.2669853615526305,-0.008298802814695066
7283,-1.266987813835268,-0.008298802814695066
7284,-1.266989884491591,-0.008298802814695066
7285,-1.2669939682458087,-0.008298802814695066
7286,-1.2669963327754445,-0.008298802814695066
7287,-1.2669971095175188,-0.008298802814695066
7288,-1.2670007180292029,-0.008298802814695066
7289,-1.2670018863208865,-0.008298802814695066
7290,-1.2670051949898962,-0.008298802814695066
7291,-1.2670068282089897,-0.008298802814695066
7292,-1.2670073340402384,-0.008298802814695066
7293,-1.2670101812673553,-0.008298802814695066
7294,-1.2670126734826708,-0.008298802814695066
7295,-1.2670199518310779,-0.008298802814695066
7296,-1.2670220673082737,-0.008298802814695066
7297,-1.2670230774093578,-0.008298802814695066
7298,-1.2670294967201345,-0.008298802814695066
7299,-1.2670333787088353,-0.008298802814695066
7300,-1.2670343809621385,-0.008298802814695066
7301,-1.2670375098820719,-0.008298802814695066
7302,-1.2670391257161422,-0.008298802814695066
7303,-1.2670436456625822,-0.008298802814695066
7304,-1.2670451956066535,-0.008298802814695066
7305,-1.2670455612912097,-0.008298802814695066
7306,-1.267046383074684,-0.008298802814695066
7307,-1.2670538952591273,-0.008298802814695066
7308,-1.2670546857601297,-0.008298802814695066
7309,-1.2670623539770365,-0.008298802814695066
7310,-1.2670663834330522,-0.008298802814695066
7311,-1.2670776307001987,-0.008298802814695066
7312,-1.2670819981919625,-0.008298802814695066
7313,-1.2670885918851695,-0.008298802814695066
7314,-1.267092652316812,-0.008298802814695066
7315,-1.2670929360419692,-0.008298802814695066
7316,-1.2670945315944042,-0.008298802814695066
7317,-1.2670976440858428,-0.008298802814695066
7318,-1.2670996520491686,-0.008298802814695066
7319,-1.2671008117994265,-0.008298802814695066
7320,-1.2671020842798875,-0.008298802814695066
7321,-1.2671040383258891,-0.008298802814695066
7322,-1.2671110245603567,-0.008298802814695066
7323,-1.2671147913987477,-0.008298802814695066
7324,-1.2671181851549327,-0.008298802814695066
7325,-1.267119149992559,-0.008298802814695066
7326,-1.267120053589112,-0.008298802814695066
7327,-1.2671247021866219,-0.008298802814695066
7328,-1.267124951936306,-0.008298802814695066
7329,-1.2671300473291336,-0.008298802814695066
7330,-1.2671310998752898,-0.008298802814695066
7331,-1.267131490469089,-0.008298802814695066
7332,-1.267131528685582,-0.008298802814695066
7333,-1.2671375839919974,-0.008298802814695066
7334,-1.267140890236368,-0.008298802814695066
7335,-1.2671441181106755,-0.008298802814695066
7336,-1.2671457632250367,-0.008298802814695066
7337,-1.267155868900523,-0.008298802814695066
7338,-1.2671570846749567,-0.008298802814695066
7339,-1.267159012780328,-0.008298802814695066
7340,-1.267162816139292,-0.008298802814695066
7341,-1.2671638891196377,-0.008298802814695066
7342,-1.2671655162443605,-0.008298802814695066
7343,-1.2671696505542456,-0.008298802814695066
7344,-1.2671701055693867,-0.008298802814695066
7345,-1.267171309323842,-0.008298802814695066
7346,-1.2671766123307577,-0.008298802814695066
7347,-1.2671766309505315,-0.008298802814695066
7348,-1.2671811166797151,-0.008298802814695066
7349,-1.2671834684526617,-0.008298802814695066
7350,-1.2671967934184347,-0.008298802814695066
7351,-1.2671994877739887,-0.008298802814695066
7352,-1.2672029422764217,-0.008298802814695066
7353,-1.2672033243273468,-0.008298802814695066
7354,-1.2672034951205715,-0.008298802814695066
7355,-1.2672083540760366,-0.008298802814695066
7356,-1.26721425705017,-0.008298802814695066
7357,-1.2672164650216242,-0.008298802814695066
7358,-1.2672167197872652,-0.008298802814695066
7359,-1.2672183908983583,-0.008298802814695066
7360,-1.26722397984919,-0.008298802814695066
7361,-1.267229339019601,-0.008298802814695066
7362,-1.2672296466542394,-0.008298802814695066
7363,-1.267232428335002,-0.008298802814695066
7364,-1.2672334500545628,-0.008298802814695066
7365,-1.267240305553848,-0.008298802814695066
7366,-1.267240806811261,-0.008298802814695066
7367,-1.2672455031229553,-0.008298802814695066
7368,-1.2672497342205968,-0.008298802814695066
7369,-1.2672506360445215,-0.008298802814695066
7370,-1.2672512846063795,-0.008298802814695066
7371,-1.2672515848477246,-0.008298802814695066
7372,-1.2672562622973595,-0.008298802814695066
7373,-1.2672658587287562,-0.008298802814695066
7374,-1.2672775790997706,-0.008298802814695066
7375,-1.2672826197185951,-0.008298802814695066
7376,-1.267285725954011,-0.008298802814695066
7377,-1.267285767512641,-0.008298802814695066
7378,-1.2672865963724407,-0.008298802814695066
7379,-1.2672982627372067,-0.008298802814695066
7380,-1.2672991377940301,-0.008298802814695066
7381,-1.2673016680024318,-0.008298802814695066
7382,-1.2673025650810954,-0.008298802814695066
7383,-1.267306323744054,-0.008298802814695066
7384,-1.2673065015873435,-0.008298802814695066
7385,-1.267307485566675,-0.008298802814695066
7386,-1.2673139817864731,-0.008298802814695066
7387,-1.2673155370844045,-0.008298802814695066
7388,-1.2673159166912542,-0.008298802814695066
7389,-1.2673171066162034,-0.008298802814695066
7390,-1.267317320736789,-0.008298802814695066
7391,-1.2673185807431917,-0.008298802814695066
7392,-1.267321576118674,-0.008298802814695066
7393,-1.2673254712040527,-0.008298802814695066
7394,-1.26732612215573,-0.008298802814695066
7395,-1.267329266952357,-0.008298802814695066
7396,-1.2673330111778036,-0.008298802814695066
7397,-1.2673338308046198,-0.008298802814695066
7398,-1.2673423092217813,-0.008298802814695066
7399,-1.2673427741156136,-0.008298802814695066
7400,-1.2673428537566227,-0.008298802814695066
7401,-1.2673435880175332,-0.008298802814695066
7402,-1.2673512990754192,-0.008298802814695066
7403,-1.2673539384507506,-0.008298802814695066
7404,-1.267359565218042,-0.008298802814695066
7405,-1.2673609680577478,-0.008298802814695066
7406,-1.2673612131588938,-0.008298802814695066
7407,-1.2673622635063089,-0.008298802814695066
7408,-1.267368351106964,-0.008298802814695066
7409,-1.2673758237727795,-0.008298802814695066
7410,-1.2673783753296546,-0.008298802814695066
7411,-1.267388938471855,-0.008298802814695066
7412,-1.2673903611085133,-0.008298802814695066
7413,-1.2673950948483714,-0.008298802814695066
7414,-1.267395572793132,-0.008298802814695066
7415,-1.2673965270870844,-0.008298802814695066
7416,-1.267397913694316,-0.008298802814695066
7417,-1.2673985349755668,-0.008298802814695066
7418,-1.2674068831906382,-0.008298802814695066
7419,-1.267408571889319,-0.008298802814695066
7420,-1.267408927099787,-0.008298802814695066
7421,-1.2674107900076077,-0.008298802814695066
7422,-1.2674141217460253,-0.008298802814695066
7423,-1.2674143614276805,-0.008298802814695066
7424,-1.267426826395829,-0.008298802814695066
7425,-1.2674274702218615,-0.008298802814695066
7426,-1.2674294256278023,-0.008298802814695066
7427,-1.2674312355174346,-0.008298802814695066
7428,-1.267431306257727,-0.008298802814695066
7429,-1.2674315802546507,-0.008298802814695066
7430,-1.2674354202070532,-0.008298802814695066
7431,-1.2674356366525013,-0.008298802814695066
7432,-1.267436390716403,-0.008298802814695066
7433,-1.2674369847147782,-0.008298802814695066
7434,-1.2674375906391044,-0.008298802814695066
7435,-1.267440332598615,-0.008298802814695066
7436,-1.267444714766003,-0.008298802814695066
7437,-1.267446832639643,-0.008298802814695066
7438,-1.2674516140608372,-0.008298802814695066
7439,-1.2674534292501878,-0.008298802814695066
7440,-1.2674550138353777,-0.008298802814695066
7441,-1.267456632581688,-0.008298802814695066
7442,-1.2674566499492164,-0.008298802814695066
7443,-1.2674573618838574,-0.008298802814695066
7444,-1.2674610141944636,-0.008298802814695066
7445,-1.2674623127061277,-0.008298802814695066
7446,-1.2674655710135925,-0.008298802814695066
7447,-1.267479398551528,-0.008298802814695066
7448,-1.2674848659040343,-0.008298802814695066
7449,-1.2674877899985209,-0.008298802814695066
7450,-1.2674905589919652,-0.008298802814695066
7451,-1.26749287148975,-0.008298802814695066
7452,-1.26749979127903,-0.008298802814695066
7453,-1.267503458166656,-0.008298802814695066
7454,-1.267505392885952,-0.008298802814695066
7455,-1.2675095156894294,-0.008298802814695066
7456,-1.2675105293734192,-0.008298802814695066
7457,-1.2675189404456486,-0.008298802814695066
7458,-1.2675196411480547,-0.008298802814695066
7459,-1.2675252011051257,-0.008298802814695066
7460,-1.267525629521239,-0.008298802814695066
7461,-1.267525674015246,-0.008298802814695066
7462,-1.2675310990357298,-0.008298802814695066
7463,-1.2675347416291274,-0.008298802814695066
7464,-1.2675374978313356,-0.008298802814695066
7465,-1.2675393039525498,-0.008298802814695066
7466,-1.2675405671157751,-0.008298802814695066
7467,-1.2675434735827251,-0.008298802814695066
7468,-1.2675510215248205,-0.008298802814695066
7469,-1.267552063013699,-0.008298802814695066
7470,-1.267558288497656,-0.008298802814695066
7471,-1.2675603341511126,-0.008298802814695066
7472,-1.2675605372176673,-0.008298802814695066
7473,-1.2675607500589527,-0.008298802814695066
7474,-1.267561043683643,-0.008298802814695066
7475,-1.267567870234606,-0.008298802814695066
7476,-1.2675706182722446,-0.008298802814695066
7477,-1.2675720722556247,-0.008298802814695066
7478,-1.2675721816446655,-0.008298802814695066
7479,-1.2675728901162617,-0.008298802814695066
7480,-1.2675749829022107,-0.008298802814695066
7481,-1.2675794224461294,-0.008298802814695066
7482,-1.2675863812275145,-0.008298802814695066
7483,-1.267590340533034,-0.008298802814695066
7484,-1.2675909765409332,-0.008298802814695066
7485,-1.2675956393047365,-0.008298802814695066
7486,-1.267597019375862,-0.008298802814695066
7487,-1.26761025166892,-0.008298802814695066
7488,-1.2676148445467597,-0.008298802814695066
7489,-1.267615822755255,-0.008298802814695066
7490,-1.2676223693559945,-0.008298802814695066
7491,-1.2676303606887926,-0.008298802814695066
7492,-1.2676389252601512,-0.008298802814695066
7493,-1.2676397364674723,-0.008298802814695066
7494,-1.267640242468819,-0.008298802814695066
7495,-1.267644010806949,-0.008298802814695066
7496,-1.2676489241331652,-0.008298802814695066
7497,-1.2676567053134489,-0.008298802814695066
7498,-1.2676602086524897,-0.008298802814695066
7499,-1.267676323544114,-0.008298802814695066
7500,-1.2676770486557145,-0.008298802814695066
7501,-1.2676884202927152,-0.008298802814695066
7502,-1.2676888315948813,-0.008298802814695066
7503,-1.267693308530815,-0.008298802814695066
7504,-1.2676956151020358,-0.008298802814695066
7505,-1.2677015798638203,-0.008298802814695066
7506,-1.2677076635692874,-0.008298802814695066
7507,-1.2677080775855718,-0.008298802814695066
7508,-1.2677083767566255,-0.008298802814695066
7509,-1.2677087221499685,-0.008298802814695066
7510,-1.2677093416567442,-0.008298802814695066
7511,-1.2677109333980565,-0.008298802814695066
7512,-1.2677129174242707,-0.008298802814695066
7513,-1.2677173472091643,-0.008298802814695066
7514,-1.2677215745756556,-0.008298802814695066
7515,-1.2677275442137188,-0.008298802814695066
7516,-1.2677279111003825,-0.008298802814695066
7517,-1.2677309491771644,-0.008298802814695066
7518,-1.2677318881723338,-0.008298802814695066
7519,-1.2677328059969828,-0.008298802814695066
7520,-1.2677341701288491,-0.008298802814695066
7521,-1.2677351922973592,-0.008298802814695066
7522,-1.2677369321019483,-0.008298802814695066
7523,-1.2677379015061785,-0.008298802814695066
7524,-1.2677433206768172,-0.008298802814695066
7525,-1.267744980934435,-0.008298802814695066
7526,-1.2677486080671534,-0.008298802814695066
7527,-1.2677526760268276,-0.008298802814695066
7528,-1.2677594983919027,-0.008298802814695066
7529,-1.267760277253247,-0.008298802814695066
7530,-1.2677604226587358,-0.008298802814695066
7531,-1.267760809646769,-0.008298802814695066
7532,-1.2677623862292475,-0.008298802814695066
7533,-1.267762512539487,-0.008298802814695066
7534,-1.2677692614225884,-0.008298802814695066
7535,-1.267776570934869,-0.008298802814695066
7536,-1.2677798199350105,-0.008298802814695066
7537,-1.2677810401699925,-0.008298802814695066
7538,-1.267784493044418,-0.008298802814695066
7539,-1.2677846728755966,-0.008298802814695066
7540,-1.2677851466005856,-0.008298802814695066
7541,-1.2677859034283525,-0.008298802814695066
7542,-1.2677895731467335,-0.008298802814695066
7543,-1.267791002785095,-0.008298802814695066
7544,-1.267792627097601,-0.008298802814695066
7545,-1.2677937908604302,-0.008298802814695066
7546,-1.2677952684799556,-0.008298802814695066
7547,-1.2677976744859927,-0.008298802814695066
7548,-1.267799093168219,-0.008298802814695066
7549,-1.2677994150675909,-0.008298802814695066
7550,-1.2678004368766251,-0.008298802814695066
7551,-1.2678053454955003,-0.008298802814695066
7552,-1.2678053502219024,-0.008298802814695066
7553,-1.267807690333087,-0.008298802814695066
7554,-1.2678103824213447,-0.008298802814695066
7555,-1.2678110548733887,-0.008298802814695066
7556,-1.2678133030968268,-0.008298802814695066
7557,-1.2678147177528027,-0.008298802814695066
7558,-1.267815053477038,-0.008298802814695066
7559,-1.2678162301619065,-0.008298802814695066
7560,-1.2678163523995751,-0.008298802814695066
7561,-1.2678287961529746,-0.008298802814695066
7562,-1.2678292751918323,-0.008298802814695066
7563,-1.267829643784885,-0.008298802814695066
7564,-1.2678321889644721,-0.008298802814695066
7565,-1.2678363751439243,-0.008298802814695066
7566,-1.2678402922490593,-0.008298802814695066
7567,-1.2678411137446441,-0.008298802814695066
7568,-1.2678440731359593,-0.008298802814695066
7569,-1.267845931677744,-0.008298802814695066
7570,-1.2678464164791357,-0.008298802814695066
7571,-1.267849494957357,-0.008298802814695066
7572,-1.2678512839285718,-0.008298802814695066
7573,-1.2678520190931901,-0.008298802814695066
7574,-1.267856426767381,-0.008298802814695066
7575,-1.2678606871713594,-0.008298802814695066
7576,-1.267861470137706,-0.008298802814695066
7577,-1.2678628778033956,-0.008298802814695066
7578,-1.2678658049807812,-0.008298802814695066
7579,-1.2678697088936346,-0.008298802814695066
7580,-1.2678707749984914,-0.008298802814695066
7581,-1.2678752685401367,-0.008298802814695066
7582,-1.2678846729747244,-0.008298802814695066
7583,-1.267885155037231,-0.008298802814695066
7584,-1.267903678352066,-0.008298802814695066
7585,-1.267907171664888,-0.008298802814695066
7586,-1.2679098039977066,-0.008298802814695066
7587,-1.267911801946166,-0.008298802814695066
7588,-1.2679160524493793,-0.008298802814695066
7589,-1.2679163816890855,-0.008298802814695066
7590,-1.2679207886955495,-0.008298802814695066
7591,-1.267921178924503,-0.008298802814695066
7592,-1.267928455137001,-0.008298802814695066
7593,-1.2679299108900706,-0.008298802814695066
7594,-1.2679317540749162,-0.008298802814695066
7595,-1.2679324800014697,-0.008298802814695066
7596,-1.2679386638032195,-0.008298802814695066
7597,-1.2679396703343957,-0.008298802814695066
7598,-1.2679396809618018,-0.008298802814695066
7599,-1.267942000301241,-0.008298802814695066
7600,-1.2679432397081234,-0.008298802814695066
7601,-1.2679477507458392,-0.008298802814695066
7602,-1.2679497404191715,-0.008298802814695066
7603,-1.2679501879041433,-0.008298802814695066
7604,-1.2679504789655835,-0.008298802814695066
7605,-1.2679550770950758,-0.008298802814695066
7606,-1.267956482929994,-0.008298802814695066
7607,-1.2679593837235228,-0.008298802814695066
7608,-1.2679596563060966,-0.008298802814695066
7609,-1.2679614867497009,-0.008298802814695066
7610,-1.2679625942499948,-0.008298802814695066
7611,-1.2679626629887149,-0.008298802814695066
7612,-1.2679667170070927,-0.008298802814695066
7613,-1.2679685033773964,-0.008298802814695066
7614,-1.2679688777948341,-0.008298802814695066
7615,-1.2679723332823758,-0.008298802814695066
7616,-1.2679729397921127,-0.008298802814695066
7617,-1.2679752878850867,-0.008298802814695066
7618,-1.2679842574695352,-0.008298802814695066
7619,-1.2679863716618804,-0.008298802814695066
7620,-1.267986599912566,-0.008298802814695066
7621,-1.2679869021171364,-0.008298802814695066
7622,-1.2679886643343086,-0.008298802814695066
7623,-1.267991276313901,-0.008298802814695066
7624,-1.2679928116773358,-0.008298802814695066
7625,-1.2679940774434106,-0.008298802814695066
7626,-1.267994369120628,-0.008298802814695066
7627,-1.2679948780728978,-0.008298802814695066
7628,-1.2679958123651565,-0.008298802814695066
7629,-1.2679975028996537,-0.008298802814695066
7630,-1.2679988656969312,-0.008298802814695066
7631,-1.2679989309765474,-0.008298802814695066
7632,-1.2679997910902472,-0.008298802814695066
7633,-1.268003041535796,-0.008298802814695066
7634,-1.268011601046763,-0.008298802814695066
7635,-1.2680117598330316,-0.008298802814695066
7636,-1.2680163297685794,-0.008298802814695066
7637,-1.2680195707484656,-0.008298802814695066
7638,-1.2680215419102248,-0.008298802814695066
7639,-1.2680226092252473,-0.008298802814695066
7640,-1.2680227906758683,-0.008298802814695066
7641,-1.2680243971631016,-0.008298802814695066
7642,-1.2680248388120725,-0.008298802814695066
7643,-1.2680255292024518,-0.008298802814695066
7644,-1.268026779825472,-0.008298802814695066
7645,-1.2680285986670508,-0.008298802814695066
7646,-1.268038121477381,-0.008298802814695066
7647,-1.2680393733534623,-0.008298802814695066
7648,-1.268043108151247,-0.008298802814695066
7649,-1.2680456839774918,-0.008298802814695066
7650,-1.2680467300681872,-0.008298802814695066
7651,-1.2680513700460476,-0.008298802814695066
7652,-1.2680530108630448,-0.008298802814695066
7653,-1.2680538349343362,-0.008298802814695066
7654,-1.268056229449838,-0.008298802814695066
7655,-1.2680597105941271,-0.008298802814695066
7656,-1.2680617873306552,-0.008298802814695066
7657,-1.2680667610346366,-0.008298802814695066
7658,-1.268074770016117,-0.008298802814695066
7659,-1.2680758139765034,-0.008298802814695066
7660,-1.2680767420410493,-0.008298802814695066
7661,-1.2680779248918501,-0.008298802814695066
7662,-1.2680860067644468,-0.008298802814695066
7663,-1.268093099941972,-0.008298802814695066
7664,-1.2680945152071748,-0.008298802814695066
7665,-1.268097034179429,-0.008298802814695066
7666,-1.2680980291666217,-0.008298802814695066
7667,-1.2680995194394753,-0.008298802814695066
7668,-1.2681034965592612,-0.008298802814695066
7669,-1.2681061931634767,-0.008298802814695066
7670,-1.268107597323358,-0.008298802814695066
7671,-1.2681113502838137,-0.008298802814695066
7672,-1.2681129320463433,-0.008298802814695066
7673,-1.2681159569966451,-0.008298802814695066
7674,-1.2681236473451418,-0.008298802814695066
7675,-1.2681265081639546,-0.008298802814695066
7676,-1.2681311141446516,-0.008298802814695066
7677,-1.2681319919932559,-0.008298802814695066
7678,-1.2681345450555304,-0.008298802814695066
7679,-1.2681378675665176,-0.008298802814695066
7680,-1.268138923631118,-0.008298802814695066
7681,-1.268141118578142,-0.008298802814695066
7682,-1.2681476488676569,-0.008298802814695066
7683,-1.2681513335475993,-0.008298802814695066
7684,-1.268154465045355,-0.008298802814695066
7685,-1.268155891686947,-0.008298802814695066
7686,-1.268164275995249,-0.008298802814695066
7687,-1.2681664778483341,-0.008298802814695066
7688,-1.2681697216406842,-0.008298802814695066
7689,-1.2681713604074485,-0.008298802814695066
7690,-1.2681779771078283,-0.008298802814695066
7691,-1.268179117402224,-0.008298802814695066
7692,-1.2681792983234903,-0.008298802814695066
7693,-1.2681804378949035,-0.008298802814695066
7694,-1.268181942784418,-0.008298802814695066
7695,-1.2681836565258657,-0.008298802814695066
7696,-1.2681852588602256,-0.008298802814695066
7697,-1.2681866819617649,-0.008298802814695066
7698,-1.2681872163899741,-0.008298802814695066
7699,-1.2681899585447316,-0.008298802814695066
7700,-1.2681922606739409,-0.008298802814695066
7701,-1.268192775416998,-0.008298802814695066
7702,-1.268193659870945,-0.008298802814695066
7703,-1.268195685931885,-0.008298802814695066
7704,-1.268196467256297,-0.008298802814695066
7705,-1.2681964980033085,-0.008298802814695066
7706,-1.2681973496714307,-0.008298802814695066
7707,-1.2681986065245174,-0.008298802814695066
7708,-1.2681998001664523,-0.008298802814695066
7709,-1.2682031289890556,-0.008298802814695066
7710,-1.268206979768123,-0.008298802814695066
7711,-1.268207171310307,-0.008298802814695066
7712,-1.2682106317674688,-0.008298802814695066
7713,-1.2682112019625698,-0.008298802814695066
7714,-1.2682154650290376,-0.008298802814695066
7715,-1.26822173297947,-0.008298802814695066
7716,-1.268223119573038,-0.008298802814695066
7717,-1.2682256252285131,-0.008298802814695066
7718,-1.2682258137887392,-0.008298802814695066
7719,-1.268227108051789,-0.008298802814695066
7720,-1.268228242932522,-0.008298802814695066
7721,-1.2682301199957344,-0.008298802814695066
7722,-1.2682309957284583,-0.008298802814695066
7723,-1.2682314917561068,-0.008298802814695066
7724,-1.2682323259550126,-0.008298802814695066
7725,-1.2682328814339754,-0.008298802814695066
7726,-1.268234617698047,-0.008298802814695066
7727,-1.2682351708319008,-0.008298802814695066
7728,-1.2682355312561149,-0.008298802814695066
7729,-1.268236390563715,-0.008298802814695066
7730,-1.2682370991935896,-0.008298802814695066
7731,-1.2682383639579373,-0.008298802814695066
7732,-1.2682393066683488,-0.008298802814695066
7733,-1.2682397769448843,-0.008298802814695066
7734,-1.2682406255705794,-0.008298802814695066
7735,-1.2682425804530735,-0.008298802814695066
7736,-1.2682439240239578,-0.008298802814695066
7737,-1.2682444699663562,-0.008298802814695066
7738,-1.2682445241141571,-0.008298802814695066
7739,-1.2682494832865814,-0.008298802814695066
7740,-1.2682528716901351,-0.008298802814695066
7741,-1.2682542580129077,-0.008298802814695066
7742,-1.2682544504599773,-0.008298802814695066
7743,-1.2682554626453235,-0.008298802814695066
7744,-1.2682557540933745,-0.008298802814695066
7745,-1.2682570072865404,-0.008298802814695066
7746,-1.26826183579115,-0.008298802814695066
7747,-1.2682624236940063,-0.008298802814695066
7748,-1.2682629927717275,-0.008298802814695066
7749,-1.2682630648671156,-0.008298802814695066
7750,-1.268264663551244,-0.008298802814695066
7751,-1.2682664925110514,-0.008298802814695066
7752,-1.2682691818017198,-0.008298802814695066
7753,-1.2682693654970991,-0.008298802814695066
7754,-1.2682714124355694,-0.008298802814695066
7755,-1.268272520642836,-0.008298802814695066
7756,-1.2682768021505246,-0.008298802814695066
7757,-1.2682791590216147,-0.008298802814695066
7758,-1.2682802134021678,-0.008298802814695066
7759,-1.268281715098708,-0.008298802814695066
7760,-1.2682838379904529,-0.008298802814695066
7761,-1.268285526086929,-0.008298802814695066
7762,-1.2682867296912135,-0.008298802814695066
7763,-1.2682893609093424,-0.008298802814695066
7764,-1.2682909478240072,-0.008298802814695066
7765,-1.2682913831058393,-0.008298802814695066
7766,-1.2682926601892546,-0.008298802814695066
7767,-1.2682935811116514,-0.008298802814695066
7768,-1.2682947582806205,-0.008298802814695066
7769,-1.268299749474851,-0.008298802814695066
7770,-1.2683032352956591,-0.008298802814695066
7771,-1.2683041615476682,-0.008298802814695066
7772,-1.2683051438359163,-0.008298802814695066
7773,-1.2683081649043055,-0.008298802814695066
7774,-1.268310065168974,-0.008298802814695066
7775,-1.268310204537879,-0.008298802814695066
7776,-1.2683137797784432,-0.008298802814695066
7777,-1.2683148118464627,-0.008298802814695066
7778,-1.2683192696244217,-0.008298802814695066
7779,-1.26831930596598,-0.008298802814695066
7780,-1.2683214383322414,-0.008298802814695066
7781,-1.2683224147902605,-0.008298802814695066
7782,-1.2683229971051284,-0.008298802814695066
7783,-1.268323360809004,-0.008298802814695066
7784,-1.2683241145255917,-0.008298802814695066
7785,-1.2683246519875,-0.008298802814695066
7786,-1.2683248109973424,-0.008298802814695066
7787,-1.268325161248606,-0.008298802814695066
7788,-1.2683296189808186,-0.008298802814695066
7789,-1.2683302825166758,-0.008298802814695066
7790,-1.2683326450821284,-0.008298802814695066
7791,-1.268332742035609,-0.008298802814695066
7792,-1.2683339022275264,-0.008298802814695066
7793,-1.2683346068498538,-0.008298802814695066
7794,-1.2683367437026187,-0.008298802814695066
7795,-1.268336895994311,-0.008298802814695066
7796,-1.2683373382981908,-0.008298802814695066
7797,-1.268339887987168,-0.008298802814695066
7798,-1.2683435628724034,-0.008298802814695066
7799,-1.2683435842056223,-0.008298802814695066
7800,-1.268343698352668,-0.008298802814695066
7801,-1.2683443929038127,-0.008298802814695066
7802,-1.2683455810388942,-0.008298802814695066
7803,-1.2683459389264424,-0.008298802814695066
7804,-1.268346267372916,-0.008298802814695066
7805,-1.2683480896998784,-0.008298802814695066
7806,-1.2683492606788322,-0.008298802814695066
7807,-1.2683517414455514,-0.008298802814695066
7808,-1.2683638353341993,-0.008298802814695066
7809,-1.2683655266197404,-0.008298802814695066
7810,-1.2683662554496138,-0.008298802814695066
7811,-1.2683680659973677,-0.008298802814695066
7812,-1.2683715074297357,-0.008298802814695066
7813,-1.2683721281435374,-0.008298802814695066
7814,-1.268380482988908,-0.008298802814695066
7815,-1.2683847903216234,-0.008298802814695066
7816,-1.2683865780065817,-0.008298802814695066
7817,-1.2683891595310242,-0.008298802814695066
7818,-1.2683925369307552,-0.008298802814695066
7819,-1.268393581816422,-0.008298802814695066
7820,-1.2683939022170974,-0.008298802814695066
7821,-1.2683939952770946,-0.008298802814695066
7822,-1.2683948743618056,-0.008298802814695066
7823,-1.2683951548323391,-0.008298802814695066
7824,-1.2683962842812462,-0.008298802814695066
7825,-1.2683963510156133,-0.008298802814695066
7826,-1.268396885895525,-0.008298802814695066
7827,-1.2683974231433965,-0.008298802814695066
7828,-1.2683975455703964,-0.008298802814695066
7829,-1.2683976758014341,-0.008298802814695066
7830,-1.2683990335044144,-0.008298802814695066
7831,-1.2684004796217643,-0.008298802814695066
7832,-1.2684014955121505,-0.008298802814695066
7833,-1.2684015871556933,-0.008298802814695066
7834,-1.2684059212259176,-0.008298802814695066
7835,-1.2684067207819105,-0.008298802814695066
7836,-1.268408698003275,-0.008298802814695066
7837,-1.2684103002602054,-0.008298802814695066
7838,-1.2684105092474014,-0.008298802814695066
7839,-1.2684114658959247,-0.008298802814695066
7840,-1.2684117123392293,-0.008298802814695066
7841,-1.2684118195674254,-0.008298802814695066
7842,-1.2684118219083342,-0.008298802814695066
7843,-1.2684124236679775,-0.008298802814695066
7844,-1.26841281053787,-0.008298802814695066
7845,-1.268415202776755,-0.008298802814695066
7846,-1.2684152716583248,-0.008298802814695066
7847,-1.2684158172918096,-0.008298802814695066
7848,-1.268416364085007,-0.008298802814695066
7849,-1.2684240078607918,-0.008298802814695066
7850,-1.2684271671034955,-0.008298802814695066
7851,-1.2684277049900663,-0.008298802814695066
7852,-1.2684372791497918,-0.008298802814695066
7853,-1.2684376168174254,-0.008298802814695066
7854,-1.268437748586083,-0.008298802814695066
7855,-1.268438814453205,-0.008298802814695066
7856,-1.2684395387601066,-0.008298802814695066
7857,-1.2684399924151577,-0.008298802814695066
7858,-1.2684406028762276,-0.008298802814695066
7859,-1.2684432583688556,-0.008298802814695066
7860,-1.2684452843466434,-0.008298802814695066
7861,-1.2684455627515685,-0.008298802814695066
7862,-1.2684462897737703,-0.008298802814695066
7863,-1.2684537546950663,-0.008298802814695066
7864,-1.268456736745678,-0.008298802814695066
7865,-1.2684570088524252,-0.008298802814695066
7866,-1.2684616847669568,-0.008298802814695066
7867,-1.2684621579222304,-0.008298802814695066
7868,-1.2684630322770816,-0.008298802814695066
7869,-1.2684638673037432,-0.008298802814695066
7870,-1.2684652386144244,-0.008298802814695066
7871,-1.2684706431491124,-0.008298802814695066
7872,-1.2684719930005812,-0.008298802814695066
7873,-1.2684742996326406,-0.008298802814695066
7874,-1.2684761149739943,-0.008298802814695066
7875,-1.2684761264372386,-0.008298802814695066
7876,-1.2684761699026639,-0.008298802814695066
7877,-1.2684771752302535,-0.008298802814695066
7878,-1.2684793119784707,-0.008298802814695066
7879,-1.2684844849200267,-0.008298802814695066
7880,-1.2684848880069866,-0.008298802814695066
7881,-1.2684849899783206,-0.008298802814695066
7882,-1.2684854570296786,-0.008298802814695066
7883,-1.2684891942977379,-0.008298802814695066
7884,-1.268490265329627,-0.008298802814695066
7885,-1.2684906685695694,-0.008298802814695066
7886,-1.268491536954697,-0.008298802814695066
7887,-1.2684916431189313,-0.008298802814695066
7888,-1.2684932353044334,-0.008298802814695066
7889,-1.2684959672950407,-0.008298802814695066
7890,-1.2684960904922036,-0.008298802814695066
7891,-1.268497016322605,-0.008298802814695066
7892,-1.2684989711942118,-0.008298802814695066
7893,-1.2685002611887068,-0.008298802814695066
7894,-1.2685008843737833,-0.008298802814695066
7895,-1.2685031964650513,-0.008298802814695066
7896,-1.2685033465911486,-0.008298802814695066
7897,-1.2685052379745474,-0.008298802814695066
7898,-1.268506195395209,-0.008298802814695066
7899,-1.268506216581569,-0.008298802814695066
7900,-1.2685072760011018,-0.008298802814695066
7901,-1.268514335608268,-0.008298802814695066
7902,-1.2685159030423403,-0.008298802814695066
7903,-1.2685192215756844,-0.008298802814695066
7904,-1.2685217224844185,-0.008298802814695066
7905,-1.2685219023666656,-0.008298802814695066
7906,-1.2685254912639867,-0.008298802814695066
7907,-1.26852700052054,-0.008298802814695066
7908,-1.2685305793454857,-0.008298802814695066
7909,-1.2685321367711657,-0.008298802814695066
7910,-1.268532823300079,-0.008298802814695066
7911,-1.2685344347772407,-0.008298802814695066
7912,-1.2685346816491767,-0.008298802814695066
7913,-1.2685368171993332,-0.008298802814695066
7914,-1.2685373992048767,-0.008298802814695066
7915,-1.2685379790056932,-0.008298802814695066
7916,-1.26853805968178,-0.008298802814695066
7917,-1.2685387863235311,-0.008298802814695066
7918,-1.2685396285760888,-0.008298802814695066
7919,-1.2685406591021113,-0.008298802814695066
7920,-1.2685424461128598,-0.008298802814695066
7921,-1.2685426939829578,-0.008298802814695066
7922,-1.2685448701516333,-0.008298802814695066
7923,-1.2685487091683385,-0.008298802814695066
7924,-1.2685487710150816,-0.008298802814695066
7925,-1.2685497236809251,-0.008298802814695066
7926,-1.268549965929603,-0.008298802814695066
7927,-1.2685504245573385,-0.008298802814695066
7928,-1.268552168263255,-0.008298802814695066
7929,-1.2685524886547606,-0.008298802814695066
7930,-1.2685538462638406,-0.008298802814695066
7931,-1.2685539722655956,-0.008298802814695066
7932,-1.2685558736351403,-0.008298802814695066
7933,-1.2685559614616237,-0.008298802814695066
7934,-1.2685597842703236,-0.008298802814695066
7935,-1.268560944695483,-0.008298802814695066
7936,-1.2685621597678143,-0.008298802814695066
7937,-1.2685632690975548,-0.008298802814695066
7938,-1.2685633102691505,-0.008298802814695066
7939,-1.2685633220249148,-0.008298802814695066
7940,-1.2685683483774937,-0.008298802814695066
7941,-1.268571803907857,-0.008298802814695066
7942,-1.2685720348519287,-0.008298802814695066
7943,-1.268575489136834,-0.008298802814695066
7944,-1.2685758264320524,-0.008298802814695066
7945,-1.268576562456631,-0.008298802814695066
7946,-1.2685780266283213,-0.008298802814695066
7947,-1.2685809212700763,-0.008298802814695066
7948,-1.2685813855592767,-0.008298802814695066
7949,-1.2685878433104467,-0.008298802814695066
7950,-1.2685882032115514,-0.008298802814695066
7951,-1.2685907673206374,-0.008298802814695066
7952,-1.2685912058760698,-0.008298802814695066
7953,-1.2685915658887505,-0.008298802814695066
7954,-1.268592645494972,-0.008298802814695066
7955,-1.2685944196526049,-0.008298802814695066
7956,-1.268594641614151,-0.008298802814695066
7957,-1.2685952161515863,-0.008298802814695066
7958,-1.268597560858715,-0.008298802814695066
7959,-1.2685998749500462,-0.008298802814695066
7960,-1.2686003328424804,-0.008298802814695066
7961,-1.2686004351755802,-0.008298802814695066
7962,-1.2686009164598548,-0.008298802814695066
7963,-1.2686025301455273,-0.008298802814695066
7964,-1.2686036870490405,-0.008298802814695066
7965,-1.2686039603778188,-0.008298802814695066
7966,-1.2686041053726846,-0.008298802814695066
7967,-1.2686041462117337,-0.008298802814695066
7968,-1.2686061294933422,-0.008298802814695066
7969,-1.2686062910404627,-0.008298802814695066
7970,-1.2686075837598618,-0.008298802814695066
7971,-1.2686089360159674,-0.008298802814695066
7972,-1.2686092383498004,-0.008298802814695066
7973,-1.268610952517891,-0.008298802814695066
7974,-1.2686109836321044,-0.008298802814695066
7975,-1.2686118075197037,-0.008298802814695066
7976,-1.2686133988699928,-0.008298802814695066
7977,-1.2686145961446003,-0.008298802814695066
7978,-1.268615080861812,-0.008298802814695066
7979,-1.2686152157366855,-0.008298802814695066
7980,-1.2686157871650063,-0.008298802814695066
7981,-1.2686177911369372,-0.008298802814695066
7982,-1.2686190663133123,-0.008298802814695066
7983,-1.2686223257300204,-0.008298802814695066
7984,-1.2686244825183943,-0.008298802814695066
7985,-1.2686302699331087,-0.008298802814695066
7986,-1.268631498069861,-0.008298802814695066
7987,-1.2686318774666039,-0.008298802814695066
7988,-1.2686346911132507,-0.008298802814695066
7989,-1.268634994966073,-0.008298802814695066
7990,-1.268637022092135,-0.008298802814695066
7991,-1.2686373347763382,-0.008298802814695066
7992,-1.2686373516557652,-0.008298802814695066
7993,-1.2686374522648396,-0.008298802814695066
7994,-1.2686379838711899,-0.008298802814695066
7995,-1.2686387165980682,-0.008298802814695066
7996,-1.268641483378973,-0.008298802814695066
7997,-1.2686473812338497,-0.008298802814695066
7998,-1.2686478738316564,-0.008298802814695066
7999,-1.2686488388629384,-0.008298802814695066
8000,-1.2686497111013728,-0.008298802814695066
8001,-1.2686502269950843,-0.008298802814695066
8002,-1.2686515307791857,-0.008298802814695066
8003,-1.2686534316416267,-0.008298802814695066
8004,-1.2686534572300796,-0.008298802814695066
8005,-1.268653491420614,-0.008298802814695066
8006,-1.2686537875621051,-0.008298802814695066
8007,-1.2686542214515186,-0.008298802814695066
8008,-1.2686547876655816,-0.008298802814695066
8009,-1.268654794548385,-0.008298802814695066
8010,-1.2686567138971805,-0.008298802814695066
8011,-1.2686569445381537,-0.008298802814695066
8012,-1.2686588201948328,-0.008298802814695066
8013,-1.2686599828962968,-0.008298802814695066
8014,-1.2686630947162136,-0.008298802814695066
8015,-1.2686665584662966,-0.008298802814695066
8016,-1.2686685886651348,-0.008298802814695066
8017,-1.268675308773788,-0.008298802814695066
8018,-1.268676055832071,-0.008298802814695066
8019,-1.268676390423815,-0.008298802814695066
8020,-1.2686775974127584,-0.008298802814695066
8021,-1.2686802371168364,-0.008298802814695066
8022,-1.2686818963878534,-0.008298802814695066
8023,-1.2686821020589205,-0.008298802814695066
8024,-1.2686824541427983,-0.008298802814695066
8025,-1.2686864227156813,-0.008298802814695066
8026,-1.2686874962718306,-0.008298802814695066
8027,-1.2686911588787761,-0.008298802814695066
8028,-1.2686916824678538,-0.008298802814695066
8029,-1.2686918176252475,-0.008298802814695066
8030,-1.268692483362325,-0.008298802814695066
8031,-1.2686949074689289,-0.008298802814695066
8032,-1.268697036470444,-0.008298802814695066
8033,-1.26869792446652,-0.008298802814695066
8034,-1.2686982772833342,-0.008298802814695066
8035,-1.268700880518134,-0.008298802814695066
8036,-1.268707752402677,-0.008298802814695066
8037,-1.2687087900649552,-0.008298802814695066
8038,-1.2687089544675707,-0.008298802814695066
8039,-1.2687092312361359,-0.008298802814695066
8040,-1.2687094904467289,-0.008298802814695066
8041,-1.268710662836153,-0.008298802814695066
8042,-1.2687108496919108,-0.008298802814695066
8043,-1.2687110327656332,-0.008298802814695066
8044,-1.2687110747710784,-0.008298802814695066
8045,-1.2687112119981785,-0.008298802814695066
8046,-1.2687116502292006,-0.008298802814695066
8047,-1.2687149905357689,-0.008298802814695066
8048,-1.2687173428772183,-0.008298802814695066
8049,-1.2687191304883474,-0.008298802814695066
8050,-1.2687196804639485,-0.008298802814695066
8051,-1.2687215299026817,-0.008298802814695066
8052,-1.268722219242768,-0.008298802814695066
8053,-1.268724642989725,-0.008298802814695066
8054,-1.2687247534684225,-0.008298802814695066
8055,-1.2687274322007678,-0.008298802814695066
8056,-1.26872796553898,-0.008298802814695066
8057,-1.2687289393830816,-0.008298802814695066
8058,-1.2687311013565328,-0.008298802814695066
8059,-1.268731318854283,-0.008298802814695066
8060,-1.2687314230623166,-0.008298802814695066
8061,-1.2687333013605566,-0.008298802814695066
8062,-1.2687375074810203,-0.008298802814695066
8063,-1.2687386017079527,-0.008298802814695066
8064,-1.2687397747023514,-0.008298802814695066
8065,-1.2687404908586657,-0.008298802814695066
8066,-1.2687407879764871,-0.008298802814695066
8067,-1.2687413484299102,-0.008298802814695066
8068,-1.2687428682352253,-0.008298802814695066
8069,-1.2687431063073493,-0.008298802814695066
8070,-1.2687452326777648,-0.008298802814695066
8071,-1.2687454091901187,-0.008298802814695066
8072,-1.2687467240178878,-0.008298802814695066
8073,-1.2687493908147003,-0.008298802814695066
8074,-1.2687496306312704,-0.008298802814695066
8075,-1.2687522928370336,-0.008298802814695066
8076,-1.2687556180901192,-0.008298802814695066
8077,-1.2687625654016927,-0.008298802814695066
8078,-1.2687627004201176,-0.008298802814695066
8079,-1.2687631099583199,-0.008298802814695066
8080,-1.2687631477379864,-0.008298802814695066
8081,-1.2687646507347066,-0.008298802814695066
8082,-1.2687687955386078,-0.008298802814695066
8083,-1.2687706600133877,-0.008298802814695066
8084,-1.2687751819922095,-0.008298802814695066
8085,-1.2687759433059416,-0.008298802814695066
8086,-1.2687770047576534,-0.008298802814695066
8087,-1.268778648501242,-0.008298802814695066
8088,-1.2687797091792965,-0.008298802814695066
8089,-1.2687809274284756,-0.008298802814695066
8090,-1.2687834094139478,-0.008298802814695066
8091,-1.2687846652575685,-0.008298802814695066
8092,-1.2687853596574312,-0.008298802814695066
8093,-1.2687863906384917,-0.008298802814695066
8094,-1.2687874447787668,-0.008298802814695066
8095,-1.2687875277187715,-0.008298802814695066
8096,-1.268789132916043,-0.008298802814695066
8097,-1.2687897120993696,-0.008298802814695066
8098,-1.2687912843007165,-0.008298802814695066
8099,-1.2687920573793736,-0.008298802814695066
8100,-1.2687923744608363,-0.008298802814695066
8101,-1.26879250939823,-0.008298802814695066
8102,-1.2687935640492438,-0.008298802814695066
8103,-1.268793655135291,-0.008298802814695066
8104,-1.268793784338946,-0.008298802814695066
8105,-1.268794448576959,-0.008298802814695066
8106,-1.268794783819574,-0.008298802814695066
8107,-1.2687952068598642,-0.008298802814695066
8108,-1.26879542665897,-0.008298802814695066
8109,-1.2687957838171526,-0.008298802814695066
8110,-1.2687968352356989,-0.008298802814695066
8111,-1.2687971916173217,-0.008298802814695066
8112,-1.2687979244118002,-0.008298802814695066
8113,-1.2687989362850596,-0.008298802814695066
8114,-1.2687996581421261,-0.008298802814695066
8115,-1.2688000317481525,-0.008298802814695066
8116,-1.2688018133625147,-0.008298802814695066
8117,-1.2688032401285814,-0.008298802814695066
8118,-1.2688033969982944,-0.008298802814695066
8119,-1.268807104181808,-0.008298802814695066
8120,-1.268808561696633,-0.008298802814695066
8121,-1.2688132714964797,-0.008298802814695066
8122,-1.2688140647642645,-0.008298802814695066
8123,-1.2688144695170323,-0.008298802814695066
8124,-1.2688150989870328,-0.008298802814695066
8125,-1.2688158572769674,-0.008298802814695066
8126,-1.2688165141403829,-0.008298802814695066
8127,-1.2688190796214682,-0.008298802814695066
8128,-1.2688209015129903,-0.008298802814695066
8129,-1.268821475947033,-0.008298802814695066
8130,-1.2688217941705908,-0.008298802814695066
8131,-1.2688238985272788,-0.008298802814695066
8132,-1.268824004419098,-0.008298802814695066
8133,-1.268824065547943,-0.008298802814695066
8134,-1.268824153406065,-0.008298802814695066
8135,-1.2688253705407655,-0.008298802814695066
8136,-1.2688271191581428,-0.008298802814695066
8137,-1.2688308510325739,-0.008298802814695066
8138,-1.2688313327860763,-0.008298802814695066
8139,-1.2688332439657035,-0.008298802814695066
8140,-1.2688335647136237,-0.008298802814695066
8141,-1.26883413647005,-0.008298802814695066
8142,-1.2688352296318914,-0.008298802814695066
8143,-1.2688355870413193,-0.008298802814695066
8144,-1.268838864226018,-0.008298802814695066
8145,-1.2688409063989545,-0.008298802814695066
8146,-1.2688418386089269,-0.008298802814695066
8147,-1.268842956540549,-0.008298802814695066
8148,-1.268843081057656,-0.008298802814695066
8149,-1.2688444864490689,-0.008298802814695066
8150,-1.2688450041071964,-0.008298802814695066
8151,-1.2688456517362956,-0.008298802814695066
8152,-1.2688505680447355,-0.008298802814695066
8153,-1.2688508900275073,-0.008298802814695066
8154,-1.2688521996891644,-0.008298802814695066
8155,-1.268853167409857,-0.008298802814695066
8156,-1.2688548942268971,-0.008298802814695066
8157,-1.2688556938169464,-0.008298802814695066
8158,-1.2688566515163675,-0.008298802814695066
8159,-1.268857609526708,-0.008298802814695066
8160,-1.2688581155602079,-0.008298802814695066
8161,-1.268862261709748,-0.008298802814695066
8162,-1.2688643925194976,-0.008298802814695066
8163,-1.2688656137242658,-0.008298802814695066
8164,-1.2688679444198352,-0.008298802814695066
8165,-1.268868774593315,-0.008298802814695066
8166,-1.2688691590867147,-0.008298802814695066
8167,-1.2688700111605433,-0.008298802814695066
8168,-1.2688707653753477,-0.008298802814695066
8169,-1.2688733602797844,-0.008298802814695066
8170,-1.2688743004621454,-0.008298802814695066
8171,-1.268875203566433,-0.008298802814695066
8172,-1.2688755475877114,-0.008298802814695066
8173,-1.2688772091758476,-0.008298802814695066
8174,-1.268877632207876,-0.008298802814695066
8175,-1.2688798132655141,-0.008298802814695066
8176,-1.2688815438960763,-0.008298802814695066
8177,-1.2688826226276229,-0.008298802814695066
8178,-1.2688849097600658,-0.008298802814695066
8179,-1.2688849747950222,-0.008298802814695066
8180,-1.2688872358977155,-0.008298802814695066
8181,-1.2688890392743675,-0.008298802814695066
8182,-1.2688899336806403,-0.008298802814695066
8183,-1.268890609552462,-0.008298802814695066
8184,-1.2688911282603041,-0.008298802814695066
8185,-1.2688921968598788,-0.008298802814695066
8186,-1.2688944893779892,-0.008298802814695066
8187,-1.2688965253820772,-0.008298802814695066
8188,-1.2688996559337884,-0.008298802814695066
8189,-1.2689008310160212,-0.008298802814695066
8190,-1.2689019322490191,-0.008298802814695066
8191,-1.2689026736403792,-0.008298802814695066
8192,-1.2689032948209868,-0.008298802814695066
8193,-1.2689046062666247,-0.008298802814695066
8194,-1.268904832411643,-0.008298802814695066
8195,-1.268908968467724,-0.008298802814695066
8196,-1.2689101863503174,-0.008298802814695066
8197,-1.2689105996564702,-0.008298802814695066
8198,-1.2689144902933769,-0.008298802814695066
8199,-1.2689145516575198,-0.008298802814695066
8200,-1.26891887400769,-0.008298802814695066
8201,-1.2689206597745082,-0.008298802814695066
8202,-1.2689214551355932,-0.008298802814695066
8203,-1.2689218379536393,-0.008298802814695066
8204,-1.2689235718646694,-0.008298802814695066
8205,-1.2689245118320676,-0.008298802814695066
8206,-1.2689265994070378,-0.008298802814695066
8207,-1.2689301869009784,-0.008298802814695066
8208,-1.2689309065648955,-0.008298802814695066
8209,-1.2689343793341312,-0.008298802814695066
8210,-1.268934806765631,-0.008298802814695066
8211,-1.2689350329618971,-0.008298802814695066
8212,-1.26893550908463,-0.008298802814695066
8213,-1.2689369010351943,-0.008298802814695066
8214,-1.2689374047220496,-0.008298802814695066
8215,-1.2689386134524698,-0.008298802814695066
8216,-1.2689400472676353,-0.008298802814695066
8217,-1.2689402926792905,-0.008298802814695066
8218,-1.2689415374581539,-0.008298802814695066
8219,-1.2689433825077074,-0.008298802814695066
8220,-1.2689475466896496,-0.008298802814695066
8221,-1.2689485292505716,-0.008298802814695066
8222,-1.268949908675755,-0.008298802814695066
8223,-1.2689507800704547,-0.008298802814695066
8224,-1.2689541695298816,-0.008298802814695066
8225,-1.2689560509793925,-0.008298802814695066
8226,-1.268956189702379,-0.008298802814695066
8227,-1.2689580765143198,-0.008298802814695066
8228,-1.2689581463445905,-0.008298802814695066
8229,-1.2689608748784287,-0.008298802814695066
8230,-1.268961135893752,-0.008298802814695066
8231,-1.2689646472157916,-0.008298802814695066
8232,-1.2689648448171424,-0.008298802814695066
8233,-1.2689654355400992,-0.008298802814695066
8234,-1.2689662755798063,-0.008298802814695066
8235,-1.2689666858120938,-0.008298802814695066
8236,-1.2689685864141025,-0.008298802814695066
8237,-1.2689690565776766,-0.008298802814695066
8238,-1.2689714416660967,-0.008298802814695066
8239,-1.2689751807217882,-0.008298802814695066
8240,-1.268975545680549,-0.008298802814695066
8241,-1.2689774307502906,-0.008298802814695066
8242,-1.2689824977735844,-0.008298802814695066
8243,-1.2689831760547847,-0.008298802814695066
8244,-1.2689843227002857,-0.008298802814695066
8245,-1.2689859482946724,-0.008298802814695066
8246,-1.2689879144508214,-0.008298802814695066
8247,-1.2689889873419042,-0.008298802814695066
8248,-1.2689892988235831,-0.008298802814695066
8249,-1.2689894950576133,-0.008298802814695066
8250,-1.2689920608616703,-0.008298802814695066
8251,-1.2689946365852316,-0.008298802814695066
8252,-1.268995540557769,-0.008298802814695066
8253,-1.2689973532080232,-0.008298802814695066
8254,-1.268999236444601,-0.008298802814695066
8255,-1.2690012296412028,-0.008298802814695066
8256,-1.2690025384722259,-0.008298802814695066
8257,-1.2690043772950086,-0.008298802814695066
8258,-1.2690065104938983,-0.008298802814695066
8259,-1.2690072700074062,-0.008298802814695066
8260,-1.2690077901507246,-0.008298802814695066
8261,-1.2690105067170663,-0.008298802814695066
8262,-1.2690108027992844,-0.008298802814695066
8263,-1.2690116208128959,-0.008298802814695066
8264,-1.2690141792771275,-0.008298802814695066
8265,-1.2690170872564537,-0.008298802814695066
8266,-1.269017640582862,-0.008298802814695066
8267,-1.269017676004601,-0.008298802814695066
8268,-1.2690182486894785,-0.008298802814695066
8269,-1.2690194732592412,-0.008298802814695066
8270,-1.2690200727970056,-0.008298802814695066
8271,-1.269021600642024,-0.008298802814695066
8272,-1.2690217451038661,-0.008298802814695066
8273,-1.2690223742958104,-0.008298802814695066
8274,-1.2690227851753666,-0.008298802814695066
8275,-1.269023248529427,-0.008298802814695066
8276,-1.2690235944410029,-0.008298802814695066
8277,-1.269024410580423,-0.008298802814695066
8278,-1.2690244228251584,-0.008298802814695066
8279,-1.2690245129404047,-0.008298802814695066
8280,-1.2690271679341487,-0.008298802814695066
8281,-1.2690295975454833,-0.008298802814695066
8282,-1.2690298301529004,-0.008298802814695066
8283,-1.2690318258316742,-0.008298802814695066
8284,-1.2690318717645748,-0.008298802814695066
8285,-1.2690325383987413,-0.008298802814695066
8286,-1.2690335059030748,-0.008298802814695066
8287,-1.2690340548653838,-0.008298802814695066
8288,-1.2690345423324267,-0.008298802814695066
8289,-1.2690376934472867,-0.008298802814695066
8290,-1.2690380929199157,-0.008298802814695066
8291,-1.2690383398439915,-0.008298802814695066
8292,-1.269040293894905,-0.008298802814695066
8293,-1.269043496765029,-0.008298802814695066
8294,-1.2690445143915547,-0.008298802814695066
8295,-1.269045071445412,-0.008298802814695066
8296,-1.2690451345857487,-0.008298802814695066
8297,-1.269045159028205,-0.008298802814695066
8298,-1.2690468541212776,-0.008298802814695066
8299,-1.2690472203864467,-0.008298802814695066
8300,-1.2690476448532917,-0.008298802814695066
8301,-1.2690481802877784,-0.008298802814695066
8302,-1.2690491186948947,-0.008298802814695066
8303,-1.26905067438835,-0.008298802814695066
8304,-1.2690533219416975,-0.008298802814695066
8305,-1.2690539916695525,-0.008298802814695066
8306,-1.2690543131924965,-0.008298802814695066
8307,-1.2690553739017516,-0.008298802814695066
8308,-1.26905552785835,-0.008298802814695066
8309,-1.2690573863129262,-0.008298802814695066
8310,-1.2690579887959883,-0.008298802814695066
8311,-1.269059258270717,-0.008298802814695066
8312,-1.2690613104937138,-0.008298802814695066
8313,-1.2690613833234854,-0.008298802814695066
8314,-1.2690617123588022,-0.008298802814695066
8315,-1.2690625198018683,-0.008298802814695066
8316,-1.269062635089714,-0.008298802814695066
8317,-1.2690626731492942,-0.008298802814695066
8318,-1.26906446105788,-0.008298802814695066
8319,-1.2690662406985196,-0.008298802814695066
8320,-1.2690669547776732,-0.008298802814695066
8321,-1.2690677572232323,-0.008298802814695066
8322,-1.2690686809476877,-0.008298802814695066
8323,-1.2690690653174832,-0.008298802814695066
8324,-1.269069691186491,-0.008298802814695066
8325,-1.2690705048413882,-0.008298802814695066
8326,-1.2690724349481908,-0.008298802814695066
8327,-1.2690729260947642,-0.008298802814695066
8328,-1.2690738515815505,-0.008298802814695066
8329,-1.2690749759757294,-0.008298802814695066
8330,-1.2690757801719994,-0.008298802814695066
8331,-1.2690761099783339,-0.008298802814695066
8332,-1.2690761157047303,-0.008298802814695066
8333,-1.2690775898286226,-0.008298802814695066
8334,-1.2690776296963424,-0.008298802814695066
8335,-1.2690778894299406,-0.008298802814695066
8336,-1.2690781561827746,-0.008298802814695066
8337,-1.269080319469392,-0.008298802814695066
8338,-1.2690828607891884,-0.008298802814695066
8339,-1.2690833476641032,-0.008298802814695066
8340,-1.2690835050426519,-0.008298802814695066
8341,-1.2690854736934252,-0.008298802814695066
8342,-1.2690858067922317,-0.008298802814695066
8343,-1.2690862672042595,-0.008298802814695066
8344,-1.2690868614827095,-0.008298802814695066
8345,-1.2690904232694888,-0.008298802814695066
8346,-1.2690909945124318,-0.008298802814695066
8347,-1.269091472907819,-0.008298802814695066
8348,-1.2690926889720617,-0.008298802814695066
8349,-1.269093329478876,-0.008298802814695066
8350,-1.2690935195730149,-0.008298802814695066
8351,-1.269094193728626,-0.008298802814695066
8352,-1.2690957458334338,-0.008298802814695066
8353,-1.2690958637928813,-0.008298802814695066
8354,-1.269096437439177,-0.008298802814695066
8355,-1.2690966955019634,-0.008298802814695066
8356,-1.2690969273149253,-0.008298802814695066
8357,-1.2690973448590357,-0.008298802814695066
8358,-1.2690990622474831,-0.008298802814695066
8359,-1.2690993327369837,-0.008298802814695066
8360,-1.2691001547894771,-0.008298802814695066
8361,-1.2691012747077184,-0.008298802814695066
8362,-1.2691015601709807,-0.008298802814695066
8363,-1.2691018712937154,-0.008298802814695066
8364,-1.2691030822363476,-0.008298802814695066
8365,-1.269103381549608,-0.008298802814695066
8366,-1.2691037636519202,-0.008298802814695066
8367,-1.269104150851202,-0.008298802814695066
8368,-1.2691055715513555,-0.008298802814695066
8369,-1.2691062451879016,-0.008298802814695066
8370,-1.2691064946421329,-0.008298802814695066
8371,-1.2691067822592288,-0.008298802814695066
8372,-1.2691073506413353,-0.008298802814695066
8373,-1.2691077361702943,-0.008298802814695066
8374,-1.2691078820473125,-0.008298802814695066
8375,-1.269108921944403,-0.008298802814695066
8376,-1.2691090141561105,-0.008298802814695066
8377,-1.2691101468262094,-0.008298802814695066
8378,-1.2691106821150235,-0.008298802814695066
8379,-1.2691115101275114,-0.008298802814695066
8380,-1.2691116986438966,-0.008298802814695066
8381,-1.2691118867283089,-0.008298802814695066
8382,-1.2691120613784541,-0.008298802814695066
8383,-1.269112773639472,-0.008298802814695066
8384,-1.269112998776535,-0.008298802814695066
8385,-1.269113156999245,-0.008298802814695066
8386,-1.2691133006157829,-0.008298802814695066
8387,-1.2691137287611824,-0.008298802814695066
8388,-1.2691141137202708,-0.008298802814695066
8389,-1.2691161233241948,-0.008298802814695066
8390,-1.269116519169898,-0.008298802814695066
8391,-1.2691171091401587,-0.008298802814695066
8392,-1.2691186116415794,-0.008298802814695066
8393,-1.2691206902029466,-0.008298802814695066
8394,-1.2691207590222775,-0.008298802814695066
8395,-1.2691221096504917,-0.008298802814695066
8396,-1.2691229761277116,-0.008298802814695066
8397,-1.2691230337775314,-0.008298802814695066
8398,-1.2691235487635042,-0.008298802814695066
8399,-1.2691243861331571,-0.008298802814695066
8400,-1.2691260504699178,-0.008298802814695066
8401,-1.269127104312492,-0.008298802814695066
8402,-1.2691283818489603,-0.008298802814695066
8403,-1.269128427447248,-0.008298802814695066
8404,-1.2691290250004967,-0.008298802814695066
8405,-1.269129118562459,-0.008298802814695066
8406,-1.2691304781244903,-0.008298802814695066
8407,-1.2691323522214881,-0.008298802814695066
8408,-1.269132383980506,-0.008298802814695066
8409,-1.2691325508932576,-0.008298802814695066
8410,-1.2691340897559973,-0.008298802814695066
8411,-1.2691341711732669,-0.008298802814695066
8412,-1.2691348063498162,-0.008298802814695066
8413,-1.2691364710342823,-0.008298802814695066
8414,-1.2691375230475361,-0.008298802814695066
8415,-1.2691381897622631,-0.008298802814695066
8416,-1.2691395075009855,-0.008298802814695066
8417,-1.2691408178543897,-0.008298802814695066
8418,-1.2691412931326254,-0.008298802814695066
8419,-1.2691417242797005,-0.008298802814695066
8420,-1.2691419722686563,-0.008298802814695066
8421,-1.2691424484475395,-0.008298802814695066
8422,-1.2691484190857598,-0.008298802814695066
8423,-1.2691490399412078,-0.008298802814695066
8424,-1.2691504273086203,-0.008298802814695066
8425,-1.2691532699388126,-0.008298802814695066
8426,-1.2691533591006938,-0.008298802814695066
8427,-1.2691539835775325,-0.008298802814695066
8428,-1.2691540554247382,-0.008298802814695066
8429,-1.269154327597802,-0.008298802814695066
8430,-1.269154569910751,-0.008298802814695066
8431,-1.2691557153455377,-0.008298802814695066
8432,-1.2691558751606449,-0.008298802814695066
8433,-1.2691570744041365,-0.008298802814695066
8434,-1.2691602236886181,-0.008298802814695066
8435,-1.2691607200850807,-0.008298802814695066
8436,-1.2691609654310902,-0.008298802814695066
8437,-1.2691612773771266,-0.008298802814695066
8438,-1.2691614745269146,-0.008298802814695066
8439,-1.2691616764824707,-0.008298802814695066
8440,-1.2691625578859376,-0.008298802814695066
8441,-1.2691628985326302,-0.008298802814695066
8442,-1.2691633594693736,-0.008298802814695066
8443,-1.2691636761474707,-0.008298802814695066
8444,-1.2691637681377799,-0.008298802814695066
8445,-1.2691654173472027,-0.008298802814695066
8446,-1.269165581817144,-0.008298802814695066
8447,-1.2691658474155765,-0.008298802814695066
8448,-1.269165899925997,-0.008298802814695066
8449,-1.269166275328864,-0.008298802814695066
8450,-1.2691665347158045,-0.008298802814695066
8451,-1.2691673872957465,-0.008298802814695066
8452,-1.269167953192343,-0.008298802814695066
8453,-1.2691684645635184,-0.008298802814695066
8454,-1.2691699482579921,-0.008298802814695066
8455,-1.269170365353164,-0.008298802814695066
8456,-1.26917039465943,-0.008298802814695066
8457,-1.2691705341831552,-0.008298802814695066
8458,-1.2691705681153531,-0.008298802814695066
8459,-1.2691727004726174,-0.008298802814695066
8460,-1.2691727856771942,-0.008298802814695066
8461,-1.2691731155014456,-0.008298802814695066
8462,-1.2691742878621781,-0.008298802814695066
8463,-1.2691767440061825,-0.008298802814695066
8464,-1.269177399924617,-0.008298802814695066
8465,-1.2691777135084155,-0.008298802814695066
8466,-1.2691784128890733,-0.008298802814695066
8467,-1.2691789281636898,-0.008298802814695066
8468,-1.2691791606251435,-0.008298802814695066
8469,-1.2691792579565389,-0.008298802814695066
8470,-1.2691794422366083,-0.008298802814695066
8471,-1.2691795230897318,-0.008298802814695066
8472,-1.2691827073434996,-0.008298802814695066
8473,-1.269182716487622,-0.008298802814695066
8474,-1.2691830884656812,-0.008298802814695066
8475,-1.2691831990585398,-0.008298802814695066
8476,-1.2691834862090308,-0.008298802814695066
8477,-1.269183805215298,-0.008298802814695066
8478,-1.2691840379009505,-0.008298802814695066
8479,-1.2691843335233441,-0.008298802814695066
8480,-1.2691845068552325,-0.008298802814695066
8481,-1.2691849085856113,-0.008298802814695066
8482,-1.26918543897309,-0.008298802814695066
8483,-1.2691856878372159,-0.008298802814695066
8484,-1.2691857674611124,-0.008298802814695066
8485,-1.2691857681801806,-0.008298802814695066
8486,-1.2691857995671285,-0.008298802814695066
8487,-1.2691862560093394,-0.008298802814695066
8488,-1.2691877522011028,-0.008298802814695066
8489,-1.2691889921637152,-0.008298802814695066
8490,-1.2691920763993425,-0.008298802814695066
8491,-1.2691951208330186,-0.008298802814695066
8492,-1.2691955532238048,-0.008298802814695066
8493,-1.269197334127897,-0.008298802814695066
8494,-1.269197406589658,-0.008298802814695066
8495,-1.2691987830831626,-0.008298802814695066
8496,-1.2691990535093314,-0.008298802814695066
8497,-1.2691994326575076,-0.008298802814695066
8498,-1.2691998623993606,-0.008298802814695066
8499,-1.2692006785294163,-0.008298802814695066
8500,-1.2692011720324494,-0.008298802814695066
8501,-1.269201336794246,-0.008298802814695066
8502,-1.269201909412983,-0.008298802814695066
8503,-1.2692024910258188,-0.008298802814695066
8504,-1.269203067213203,-0.008298802814695066
8505,-1.2692037397354996,-0.008298802814695066
8506,-1.2692041462985961,-0.008298802814695066
8507,-1.26920548066161,-0.008298802814695066
8508,-1.2692055582251198,-0.008298802814695066
8509,-1.2692060414184372,-0.008298802814695066
8510,-1.269207273541764,-0.008298802814695066
8511,-1.269207328816752,-0.008298802814695066
8512,-1.26920832599068,-0.008298802814695066
8513,-1.2692085980413834,-0.008298802814695066
8514,-1.269208693413657,-0.008298802814695066
8515,-1.2692090502997568,-0.008298802814695066
8516,-1.2692108068254582,-0.008298802814695066
8517,-1.2692108601947043,-0.008298802814695066
8518,-1.2692109429906455,-0.008298802814695066
8519,-1.269211634708347,-0.008298802814695066
8520,-1.2692123849776458,-0.008298802814695066
8521,-1.2692124598677295,-0.008298802814695066
8522,-1.2692125878424199,-0.008298802814695066
8523,-1.2692128571462824,-0.008298802814695066
8524,-1.269213161534783,-0.008298802814695066
8525,-1.2692138377017597,-0.008298802814695066
8526,-1.2692149423266712,-0.008298802814695066
8527,-1.269216404394176,-0.008298802814695066
8528,-1.2692166761042674,-0.008298802814695066
8529,-1.2692175774594618,-0.008298802814695066
8530,-1.2692177263672046,-0.008298802814695066
8531,-1.269218087562982,-0.008298802814695066
8532,-1.269218678823238,-0.008298802814695066
8533,-1.2692192165440055,-0.008298802814695066
8534,-1.2692203716862458,-0.008298802814695066
8535,-1.2692204867378827,-0.008298802814695066
8536,-1.2692215813766077,-0.008298802814695066
8537,-1.2692228498776876,-0.008298802814695066
8538,-1.2692238077165572,-0.008298802814695066
8539,-1.2692241044600485,-0.008298802814695066
8540,-1.2692243108346084,-0.008298802814695066
8541,-1.2692250020962068,-0.008298802814695066
8542,-1.269225428041116,-0.008298802814695066
8543,-1.269226546772832,-0.008298802814695066
8544,-1.2692280287815434,-0.008298802814695066
8545,-1.2692288159996536,-0.008298802814695066
8546,-1.2692301930280805,-0.008298802814695066
8547,-1.2692310388910386,-0.008298802814695066
8548,-1.2692315549557878,-0.008298802814695066
8549,-1.2692318154729663,-0.008298802814695066
8550,-1.269234595393125,-0.008298802814695066
8551,-1.2692348001701852,-0.008298802814695066
8552,-1.269235373639078,-0.008298802814695066
8553,-1.2692368748821008,-0.008298802814695066
8554,-1.2692381427505244,-0.008298802814695066
8555,-1.2692384208727074,-0.008298802814695066
8556,-1.269238528716293,-0.008298802814695066
8557,-1.269238905946571,-0.008298802814695066
8558,-1.2692397644563262,-0.008298802814695066
8559,-1.2692406736747304,-0.008298802814695066
8560,-1.2692425180801687,-0.008298802814695066
8561,-1.269243193743255,-0.008298802814695066
8562,-1.2692453632657812,-0.008298802814695066
8563,-1.2692453838905875,-0.008298802814695066
8564,-1.2692461962650397,-0.008298802814695066
8565,-1.2692469095498533,-0.008298802814695066
8566,-1.269247082549847,-0.008298802814695066
8567,-1.2692471811922854,-0.008298802814695066
8568,-1.2692479072430611,-0.008298802814695066
8569,-1.2692495866584925,-0.008298802814695066
8570,-1.2692498145877034,-0.008298802814695066
8571,-1.2692503086261775,-0.008298802814695066
8572,-1.269250329634649,-0.008298802814695066
8573,-1.2692506546562525,-0.008298802814695066
8574,-1.269250779844459,-0.008298802814695066
8575,-1.269250965804069,-0.008298802814695066
8576,-1.2692519121431423,-0.008298802814695066
8577,-1.2692519749017266,-0.008298802814695066
8578,-1.2692524380136758,-0.008298802814695066
8579,-1.2692537944477773,-0.008298802814695066
8580,-1.2692553740792203,-0.008298802814695066
8581,-1.2692569667210198,-0.008298802814695066
8582,-1.269257176905084,-0.008298802814695066
8583,-1.2692576102063784,-0.008298802814695066
8584,-1.2692576325438314,-0.008298802814695066
8585,-1.2692601022643806,-0.008298802814695066
8586,-1.26926072233322,-0.008298802814695066
8587,-1.2692613131454995,-0.008298802814695066
8588,-1.2692621869265965,-0.008298802814695066
8589,-1.2692627775804546,-0.008298802814695066
8590,-1.2692628079037864,-0.008298802814695066
8591,-1.2692628875584027,-0.008298802814695066
8592,-1.2692629299114322,-0.008298802814695066
8593,-1.2692631308804607,-0.008298802814695066
8594,-1.2692641095892823,-0.008298802814695066
8595,-1.2692660533168578,-0.008298802814695066
8596,-1.2692661660952909,-0.008298802814695066
8597,-1.2692685316093382,-0.008298802814695066
8598,-1.2692690658886865,-0.008298802814695066
8599,-1.2692699852060163,-0.008298802814695066
8600,-1.2692700734753108,-0.008298802814695066
8601,-1.2692713842460404,-0.008298802814695066
8602,-1.2692717847745116,-0.008298802814695066
8603,-1.2692719617865666,-0.008298802814695066
8604,-1.2692719640059242,-0.008298802814695066
8605,-1.269272510429678,-0.008298802814695066
8606,-1.2692735384670917,-0.008298802814695066
8607,-1.2692749183736514,-0.008298802814695066
8608,-1.2692753906908911,-0.008298802814695066
8609,-1.269275464103059,-0.008298802814695066
8610,-1.2692755454913018,-0.008298802814695066
8611,-1.2692758738494763,-0.008298802814695066
8612,-1.2692759851040862,-0.008298802814695066
8613,-1.2692781737471668,-0.008298802814695066
8614,-1.2692782090554404,-0.008298802814695066
8615,-1.2692782240421314,-0.008298802814695066
8616,-1.269278337622205,-0.008298802814695066
8617,-1.269279002162793,-0.008298802814695066
8618,-1.2692808909905389,-0.008298802814695066
8619,-1.2692816052716283,-0.008298802814695066
8620,-1.2692821225192261,-0.008298802814695066
8621,-1.2692826701726383,-0.008298802814695066
8622,-1.2692827351602252,-0.008298802814695066
8623,-1.269283164523242,-0.008298802814695066
8624,-1.2692832697081524,-0.008298802814695066
8625,-1.2692835204010293,-0.008298802814695066
8626,-1.2692843311506175,-0.008298802814695066
8627,-1.269287391822088,-0.008298802814695066
8628,-1.2692877427686728,-0.008298802814695066
8629,-1.269287804205293,-0.008298802814695066
8630,-1.269288444907494,-0.008298802814695066
8631,-1.2692898680816893,-0.008298802814695066
8632,-1.2692901827607204,-0.008298802814695066
8633,-1.2692911222616121,-0.008298802814695066
8634,-1.2692911743632274,-0.008298802814695066
8635,-1.2692914490619458,-0.008298802814695066
8636,-1.2692918517562917,-0.008298802814695066
8637,-1.2692920355041373,-0.008298802814695066
8638,-1.2692922885483462,-0.008298802814695066
8639,-1.26929232851421,-0.008298802814695066
8640,-1.2692932775689603,-0.008298802814695066
8641,-1.2692936651108933,-0.008298802814695066
8642,-1.269294167714913,-0.008298802814695066
8643,-1.2692949837289358,-0.008298802814695066
8644,-1.2692954268472518,-0.008298802814695066
8645,-1.269296445184885,-0.008298802814695066
8646,-1.269296797025432,-0.008298802814695066
8647,-1.2692977394641347,-0.008298802814695066
8648,-1.269298168858316,-0.008298802814695066
8649,-1.2692985332236109,-0.008298802814695066
8650,-1.269300091375047,-0.008298802814695066
8651,-1.2693009663661858,-0.008298802814695066
8652,-1.2693010708548198,-0.008298802814695066
8653,-1.2693023232747846,-0.008298802814695066
8654,-1.269302354403158,-0.008298802814695066
8655,-1.2693031586452568,-0.008298802814695066
8656,-1.2693032808836495,-0.008298802814695066
8657,-1.2693039770990815,-0.008298802814695066
8658,-1.2693047374420434,-0.008298802814695066
8659,-1.2693048762542474,-0.008298802814695066
8660,-1.2693053167986528,-0.008298802814695066
8661,-1.2693055172899617,-0.008298802814695066
8662,-1.2693066742785974,-0.008298802814695066
8663,-1.2693071014770827,-0.008298802814695066
8664,-1.269307119359232,-0.008298802814695066
8665,-1.2693083975057413,-0.008298802814695066
8666,-1.269308724983952,-0.008298802814695066
8667,-1.2693087360505433,-0.008298802814695066
8668,-1.269309186028114,-0.008298802814695066
8669,-1.269309424182397,-0.008298802814695066
8670,-1.2693094547403787,-0.008298802814695066
8671,-1.2693099256045106,-0.008298802814695066
8672,-1.2693105093748078,-0.008298802814695066
8673,-1.269311572293915,-0.008298802814695066
8674,-1.2693126309676765,-0.008298802814695066
8675,-1.2693132438103003,-0.008298802814695066
8676,-1.2693133339195017,-0.008298802814695066
8677,-1.269313664202928,-0.008298802814695066
8678,-1.2693148710312838,-0.008298802814695066
8679,-1.2693192256804229,-0.008298802814695066
8680,-1.2693202668739096,-0.008298802814695066
8681,-1.2693204952952368,-0.008298802814695066
8682,-1.2693208172364518,-0.008298802814695066
8683,-1.2693231918744705,-0.008298802814695066
8684,-1.2693232202432136,-0.008298802814695066
8685,-1.2693236838324051,-0.008298802814695066
8686,-1.2693242586772147,-0.008298802814695066
8687,-1.2693244456436494,-0.008298802814695066
8688,-1.2693245019286095,-0.008298802814695066
8689,-1.2693249869540688,-0.008298802814695066
8690,-1.269325125444545,-0.008298802814695066
8691,-1.269325329640595,-0.008298802814695066
8692,-1.2693255448161276,-0.008298802814695066
8693,-1.2693261055485892,-0.008298802814695066
8694,-1.2693275888196731,-0.008298802814695066
8695,-1.2693283709492578,-0.008298802814695066
8696,-1.2693286802425643,-0.008298802814695066
8697,-1.2693292188657677,-0.008298802814695066
8698,-1.2693292400965746,-0.008298802814695066
8699,-1.2693292447268154,-0.008298802814695066
8700,-1.269329664533168,-0.008298802814695066
8701,-1.2693310701848908,-0.008298802814695066
8702,-1.2693317731389246,-0.008298802814695066
8703,-1.2693318143912178,-0.008298802814695066
8704,-1.2693330025092586,-0.008298802814695066
8705,-1.269333590104427,-0.008298802814695066
8706,-1.269334423117582,-0.008298802814695066
8707,-1.2693354726712371,-0.008298802814695066
8708,-1.2693370580606125,-0.008298802814695066
8709,-1.269337372550845,-0.008298802814695066
8710,-1.269337506858137,-0.008298802814695066
8711,-1.2693390059742118,-0.008298802814695066
8712,-1.2693395144972206,-0.008298802814695066
8713,-1.2693424538852964,-0.008298802814695066
8714,-1.2693427894868146,-0.008298802814695066
8715,-1.2693432919665861,-0.008298802814695066
8716,-1.2693438542192135,-0.008298802814695066
8717,-1.26934399254958,-0.008298802814695066
8718,-1.269344288945719,-0.008298802814695066
8719,-1.2693447669021998,-0.008298802814695066
8720,-1.2693448779595815,-0.008298802814695066
8721,-1.2693451554649244,-0.008298802814695066
8722,-1.2693453887903794,-0.008298802814695066
8723,-1.2693457963439434,-0.008298802814695066
8724,-1.2693464279729367,-0.008298802814695066
8725,-1.2693468801883716,-0.008298802814695066
8726,-1.269347356530858,-0.008298802814695066
8727,-1.269347849829307,-0.008298802814695066
8728,-1.2693497508647948,-0.008298802814695066
8729,-1.2693502637528786,-0.008298802814695066
8730,-1.2693511293434168,-0.008298802814695066
8731,-1.2693511699503055,-0.008298802814695066
8732,-1.269351229844593,-0.008298802814695066
8733,-1.2693514218622823,-0.008298802814695066
8734,-1.2693514788594484,-0.008298802814695066
8735,-1.269351730154951,-0.008298802814695066
8736,-1.2693528636308342,-0.008298802814695066
8737,-1.2693529427943009,-0.008298802814695066
8738,-1.2693529578114349,-0.008298802814695066
8739,-1.2693535542028762,-0.008298802814695066
8740,-1.2693539412756873,-0.008298802814695066
8741,-1.2693557724139448,-0.008298802814695066
8742,-1.2693557940036762,-0.008298802814695066
8743,-1.2693558116480848,-0.008298802814695066
8744,-1.2693572541004312,-0.008298802814695066
8745,-1.2693572748570663,-0.008298802814695066
8746,-1.2693572935872086,-0.008298802814695066
8747,-1.2693582535484418,-0.008298802814695066
8748,-1.2693594338558982,-0.008298802814695066
8749,-1.2693602594995026,-0.008298802814695066
8750,-1.2693602860042361,-0.008298802814695066
8751,-1.269360856377154,-0.008298802814695066
8752,-1.2693613523069152,-0.008298802814695066
8753,-1.2693615867668804,-0.008298802814695066
8754,-1.2693618698648739,-0.008298802814695066
8755,-1.269362066475718,-0.008298802814695066
8756,-1.269362348813146,-0.008298802814695066
8757,-1.2693624878414629,-0.008298802814695066
8758,-1.2693629377389468,-0.008298802814695066
8759,-1.2693637235625301,-0.008298802814695066
8760,-1.2693638840996995,-0.008298802814695066
8761,-1.269364027026647,-0.008298802814695066
8762,-1.269364074191517,-0.008298802814695066
8763,-1.269364887977066,-0.008298802814695066
8764,-1.269366739960044,-0.008298802814695066
8765,-1.2693667545717022,-0.008298802814695066
8766,-1.2693674511598596,-0.008298802814695066
8767,-1.2693676004090988,-0.008298802814695066
8768,-1.2693680087307313,-0.008298802814695066
8769,-1.2693681475801737,-0.008298802814695066
8770,-1.2693685425289516,-0.008298802814695066
8771,-1.2693685620018007,-0.008298802814695066
8772,-1.2693690150170858,-0.008298802814695066
8773,-1.2693692780987194,-0.008298802814695066
8774,-1.2693694507580604,-0.008298802814695066
8775,-1.26936994184287,-0.008298802814695066
8776,-1.2693703064574913,-0.008298802814695066
8777,-1.269370354526262,-0.008298802814695066
8778,-1.2693710539276555,-0.008298802814695066
8779,-1.2693712140103657,-0.008298802814695066
8780,-1.26937238095755,-0.008298802814695066
8781,-1.26937254683151,-0.008298802814695066
8782,-1.269373876718522,-0.008298802814695066
8783,-1.2693751661662995,-0.008298802814695066
8784,-1.2693754192208027,-0.008298802814695066
8785,-1.2693755462606577,-0.008298802814695066
8786,-1.269375894772778,-0.008298802814695066
8787,-1.269376971724956,-0.008298802814695066
8788,-1.269377138251582,-0.008298802814695066
8789,-1.2693774762544152,-0.008298802814695066
8790,-1.2693785877457537,-0.008298802814695066
8791,-1.2693791993470793,-0.008298802814695066
8792,-1.2693800371635016,-0.008298802814695066
8793,-1.2693804498669854,-0.008298802814695066
8794,-1.2693804531981145,-0.008298802814695066
8795,-1.2693818368212906,-0.008298802814695066
8796,-1.26938184654577,-0.008298802814695066
8797,-1.269381887594021,-0.008298802814695066
8798,-1.2693820560517677,-0.008298802814695066
8799,-1.2693823687416774,-0.008298802814695066
8800,-1.2693840164244026,-0.008298802814695066
8801,-1.2693841046299457,-0.008298802814695066
8802,-1.2693850664426694,-0.008298802814695066
8803,-1.2693865572852796,-0.008298802814695066
8804,-1.2693868950787217,-0.008298802814695066
8805,-1.2693879754671187,-0.008298802814695066
8806,-1.2693879847759237,-0.008298802814695066
8807,-1.2693882162132297,-0.008298802814695066
8808,-1.2693888162430738,-0.008298802814695066
8809,-1.2693908482839167,-0.008298802814695066
8810,-1.2693914117091267,-0.008298802814695066
8811,-1.2693914395812955,-0.008298802814695066
8812,-1.2693915099824018,-0.008298802814695066
8813,-1.2693925924138818,-0.008298802814695066
8814,-1.2693958169440602,-0.008298802814695066
8815,-1.2693976216519056,-0.008298802814695066
8816,-1.269397810943763,-0.008298802814695066
8817,-1.269397866985193,-0.008298802814695066
8818,-1.2693988111819003,-0.008298802814695066
8819,-1.2693990747256167,-0.008298802814695066
8820,-1.269399702205638,-0.008298802814695066
8821,-1.2693998484137008,-0.008298802814695066
8822,-1.269400334786455,-0.008298802814695066
8823,-1.2694004008370277,-0.008298802814695066
8824,-1.269400645352344,-0.008298802814695066
8825,-1.2694015012001798,-0.008298802814695066
8826,-1.269402556805682,-0.008298802814695066
8827,-1.2694034235922516,-0.008298802814695066
8828,-1.2694035731808508,-0.008298802814695066
8829,-1.2694036054528086,-0.008298802814695066
8830,-1.2694047378764293,-0.008298802814695066
8831,-1.26940532046112,-0.008298802814695066
8832,-1.269405640356837,-0.008298802814695066
8833,-1.2694056444505981,-0.008298802814695066
8834,-1.2694057963803438,-0.008298802814695066
8835,-1.2694061242738612,-0.008298802814695066
8836,-1.2694061370824423,-0.008298802814695066
8837,-1.2694061997397874,-0.008298802814695066
8838,-1.2694062237708272,-0.008298802814695066
8839,-1.2694067313477264,-0.008298802814695066
8840,-1.2694067584721869,-0.008298802814695066
8841,-1.2694083077126355,-0.008298802814695066
8842,-1.2694094811805101,-0.008298802814695066
8843,-1.2694096365076089,-0.008298802814695066
8844,-1.2694096654835032,-0.008298802814695066
8845,-1.2694096758219309,-0.008298802814695066
8846,-1.2694102944930281,-0.008298802814695066
8847,-1.2694104252783953,-0.008298802814695066
8848,-1.2694108921041554,-0.008298802814695066
8849,-1.2694109449790867,-0.008298802814695066
8850,-1.269411142706569,-0.008298802814695066
8851,-1.2694120433640959,-0.008298802814695066
8852,-1.26941241587267,-0.008298802814695066
8853,-1.269414306168926,-0.008298802814695066
8854,-1.2694148170166786,-0.008298802814695066
8855,-1.2694155607335404,-0.008298802814695066
8856,-1.2694156429966839,-0.008298802814695066
8857,-1.2694157825839896,-0.008298802814695066
8858,-1.2694170719805977,-0.008298802814695066
8859,-1.2694171274831412,-0.008298802814695066
8860,-1.2694191583061318,-0.008298802814695066
8861,-1.2694202314886571,-0.008298802814695066
8862,-1.269420510079899,-0.008298802814695066
8863,-1.2694205372375946,-0.008298802814695066
8864,-1.2694206574435978,-0.008298802814695066
8865,-1.2694207854527209,-0.008298802814695066
8866,-1.269421922191209,-0.008298802814695066
8867,-1.2694221194422086,-0.008298802814695066
8868,-1.2694223084099394,-0.008298802814695066
8869,-1.2694226685392642,-0.008298802814695066
8870,-1.2694227968553329,-0.008298802814695066
8871,-1.2694228732111332,-0.008298802814695066
8872,-1.2694229482488828,-0.008298802814695066
8873,-1.2694229793491836,-0.008298802814695066
8874,-1.2694232360606041,-0.008298802814695066
8875,-1.269423396768087,-0.008298802814695066
8876,-1.2694235156304714,-0.008298802814695066
8877,-1.269423969595349,-0.008298802814695066
8878,-1.2694244309224474,-0.008298802814695066
8879,-1.2694260306623322,-0.008298802814695066
8880,-1.2694260631038663,-0.008298802814695066
8881,-1.2694262241687206,-0.008298802814695066
8882,-1.269426285272015,-0.008298802814695066
8883,-1.269426307287738,-0.008298802814695066
8884,-1.2694265630745887,-0.008298802814695066
8885,-1.2694266808930232,-0.008298802814695066
8886,-1.269427101778883,-0.008298802814695066
8887,-1.269427541529434,-0.008298802814695066
8888,-1.2694277194213697,-0.008298802814695066
8889,-1.2694279665034849,-0.008298802814695066
8890,-1.2694285628288295,-0.008298802814695066
8891,-1.2694298349099957,-0.008298802814695066
8892,-1.269430059565865,-0.008298802814695066
8893,-1.2694302728164542,-0.008298802814695066
8894,-1.269430362333386,-0.008298802814695066
8895,-1.2694307523421164,-0.008298802814695066
8896,-1.269431975808383,-0.008298802814695066
8897,-1.269432465600642,-0.008298802814695066
8898,-1.2694325104548265,-0.008298802814695066
8899,-1.2694329024022641,-0.008298802814695066
8900,-1.269434056338838,-0.008298802814695066
8901,-1.2694344818527346,-0.008298802814695066
8902,-1.2694349457971479,-0.008298802814695066
8903,-1.2694352892270213,-0.008298802814695066
8904,-1.2694358670542578,-0.008298802814695066
8905,-1.2694369390471745,-0.008298802814695066
8906,-1.2694369510528225,-0.008298802814695066
8907,-1.2694374087409748,-0.008298802814695066
8908,-1.2694375817368928,-0.008298802814695066
8909,-1.2694381832204273,-0.008298802814695066
8910,-1.2694382797472243,-0.008298802814695066
8911,-1.2694385848585616,-0.008298802814695066
8912,-1.2694388583047571,-0.008298802814695066
8913,-1.2694391843751318,-0.008298802814695066
8914,-1.2694397264648436,-0.008298802814695066
8915,-1.2694406380545447,-0.008298802814695066
8916,-1.2694408369555397,-0.008298802814695066
8917,-1.2694410696592844,-0.008298802814695066
8918,-1.269441702519946,-0.008298802814695066
8919,-1.2694418881325988,-0.008298802814695066
8920,-1.2694425261235363,-0.008298802814695066
8921,-1.269442635956701,-0.008298802814695066
8922,-1.2694427593676652,-0.008298802814695066
8923,-1.269443111031295,-0.008298802814695066
8924,-1.2694434340313345,-0.008298802814695066
8925,-1.2694449307796922,-0.008298802814695066
8926,-1.2694449392387563,-0.008298802814695066
8927,-1.2694450226927754,-0.008298802814695066
8928,-1.269445434244988,-0.008298802814695066
8929,-1.269445727397632,-0.008298802814695066
8930,-1.2694463443690125,-0.008298802814695066
8931,-1.269447133072406,-0.008298802814695066
8932,-1.26944768029158,-0.008298802814695066
8933,-1.2694479497190807,-0.008298802814695066
8934,-1.2694481561402187,-0.008298802814695066
8935,-1.2694494779488636,-0.008298802814695066
8936,-1.2694494938432561,-0.008298802814695066
8937,-1.2694495357543507,-0.008298802814695066
8938,-1.2694497028793574,-0.008298802814695066
8939,-1.2694500843658696,-0.008298802814695066
8940,-1.269450469847554,-0.008298802814695066
8941,-1.2694505555848652,-0.008298802814695066
8942,-1.2694509569181256,-0.008298802814695066
8943,-1.2694510378984007,-0.008298802814695066
8944,-1.2694516962669322,-0.008298802814695066
8945,-1.2694520406034049,-0.008298802814695066
8946,-1.2694521672322108,-0.008298802814695066
8947,-1.2694535474686655,-0.008298802814695066
8948,-1.2694537421553178,-0.008298802814695066
8949,-1.2694542476447364,-0.008298802814695066
8950,-1.2694542898154184,-0.008298802814695066
8951,-1.2694556684162963,-0.008298802814695066
8952,-1.2694557013322845,-0.008298802814695066
8953,-1.2694558821905026,-0.008298802814695066
8954,-1.2694560540222248,-0.008298802814695066
8955,-1.2694567179498875,-0.008298802814695066
8956,-1.2694574819548587,-0.008298802814695066
8957,-1.2694576806882671,-0.008298802814695066
8958,-1.2694585354829582,-0.008298802814695066
8959,-1.2694592771253173,-0.008298802814695066
8960,-1.2694610064300513,-0.008298802814695066
8961,-1.2694616199531072,-0.008298802814695066
8962,-1.2694628487464104,-0.008298802814695066
8963,-1.2694628852805196,-0.008298802814695066
8964,-1.2694630193206062,-0.008298802814695066
8965,-1.2694633703299745,-0.008298802814695066
8966,-1.2694639287278442,-0.008298802814695066
8967,-1.269464164135399,-0.008298802814695066
8968,-1.2694642034617194,-0.008298802814695066
8969,-1.2694652194510017,-0.008298802814695066
8970,-1.2694654668201257,-0.008298802814695066
8971,-1.2694655347485684,-0.008298802814695066
8972,-1.269465605477267,-0.008298802814695066
8973,-1.2694656818192838,-0.008298802814695066
8974,-1.2694658857699834,-0.008298802814695066
8975,-1.2694658928762057,-0.008298802814695066
8976,-1.2694663893909603,-0.008298802814695066
8977,-1.2694664337204298,-0.008298802814695066
8978,-1.269467130656244,-0.008298802814695066
8979,-1.2694674700404192,-0.008298802814695066
8980,-1.2694675393105448,-0.008298802814695066
8981,-1.2694676012679575,-0.008298802814695066
8982,-1.2694682064755072,-0.008298802814695066
8983,-1.2694689250730422,-0.008298802814695066
8984,-1.2694691544025416,-0.008298802814695066
8985,-1.2694699417426027,-0.008298802814695066
8986,-1.269470116106825,-0.008298802814695066
8987,-1.269470452137349,-0.008298802814695066
8988,-1.2694707869217698,-0.008298802814695066
8989,-1.269471048488723,-0.008298802814695066
8990,-1.269471283463166,-0.008298802814695066
8991,-1.269471426470219,-0.008298802814695066
8992,-1.2694718581688598,-0.008298802814695066
8993,-1.2694718916006966,-0.008298802814695066
8994,-1.2694729220236047,-0.008298802814695066
8995,-1.2694733301462917,-0.008298802814695066
8996,-1.2694734503615357,-0.008298802814695066
8997,-1.2694739141150402,-0.008298802814695066
8998,-1.2694741836015433,-0.008298802814695066
8999,-1.269474212702959,-0.008298802814695066
9000,-1.269474424303008,-0.008298802814695066
9001,-1.2694745166728965,-0.008298802814695066
9002,-1.269474828293355,-0.008298802814695066
9003,-1.269475126639601,-0.008298802814695066
9004,-1.2694756258234505,-0.008298802814695066
9005,-1.2694758322337525,-0.008298802814695066
9006,-1.2694765576438045,-0.008298802814695066
9007,-1.2694767035818695,-0.008298802814695066
9008,-1.2694770039748282,-0.008298802814695066
9009,-1.2694772436084771,-0.008298802814695066
9010,-1.269477414505867,-0.008298802814695066
9011,-1.2694774651212901,-0.008298802814695066
9012,-1.2694779462844201,-0.008298802814695066
9013,-1.2694780481325654,-0.008298802814695066
9014,-1.2694780572151796,-0.008298802814695066
9015,-1.2694781785078968,-0.008298802814695066
9016,-1.2694790035325936,-0.008298802814695066
9017,-1.2694790484012108,-0.008298802814695066
9018,-1.2694791402855456,-0.008298802814695066
9019,-1.2694792011885965,-0.008298802814695066
9020,-1.2694796142651283,-0.008298802814695066
9021,-1.2694798480286964,-0.008298802814695066
9022,-1.2694802284389115,-0.008298802814695066
9023,-1.2694803930501144,-0.008298802814695066
9024,-1.2694809223328667,-0.008298802814695066
9025,-1.2694810403762888,-0.008298802814695066
9026,-1.2694812293701707,-0.008298802814695066
9027,-1.2694821901113649,-0.008298802814695066
9028,-1.2694825339456957,-0.008298802814695066
9029,-1.2694827082018842,-0.008298802814695066
9030,-1.2694832925119426,-0.008298802814695066
9031,-1.2694836245475933,-0.008298802814695066
9032,-1.2694838530589152,-0.008298802814695066
9033,-1.2694842645064037,-0.008298802814695066
9034,-1.2694848079156884,-0.008298802814695066
9035,-1.269484993121882,-0.008298802814695066
9036,-1.2694852589181607,-0.008298802814695066
9037,-1.2694859423319471,-0.008298802814695066
9038,-1.2694867871627697,-0.008298802814695066
9039,-1.2694868491634044,-0.008298802814695066
9040,-1.2694870115423615,-0.008298802814695066
9041,-1.269487072061568,-0.008298802814695066
9042,-1.2694875090681044,-0.008298802814695066
9043,-1.2694884671709086,-0.008298802814695066
9044,-1.2694886721675296,-0.008298802814695066
9045,-1.2694895959089199,-0.008298802814695066
9046,-1.2694897470277493,-0.008298802814695066
9047,-1.2694898296957013,-0.008298802814695066
9048,-1.2694912845445376,-0.008298802814695066
9049,-1.2694915201520756,-0.008298802814695066
9050,-1.2694919508407683,-0.008298802814695066
9051,-1.269492347277767,-0.008298802814695066
9052,-1.2694933255505891,-0.008298802814695066
9053,-1.2694934476424355,-0.008298802814695066
9054,-1.269493952067543,-0.008298802814695066
9055,-1.2694940146871578,-0.008298802814695066
9056,-1.2694948126821615,-0.008298802814695066
9057,-1.269494890815591,-0.008298802814695066
9058,-1.2694949611086284,-0.008298802814695066
9059,-1.2694951062673694,-0.008298802814695066
9060,-1.2694960130817774,-0.008298802814695066
9061,-1.2694960252258065,-0.008298802814695066
9062,-1.269496389095272,-0.008298802814695066
9063,-1.2694964342094996,-0.008298802814695066
9064,-1.2694969931302178,-0.008298802814695066
9065,-1.2694972894857606,-0.008298802814695066
9066,-1.2694973938522418,-0.008298802814695066
9067,-1.269497537814952,-0.008298802814695066
9068,-1.2694977789165685,-0.008298802814695066
9069,-1.2694985697319963,-0.008298802814695066
9070,-1.2694990169942781,-0.008298802814695066
9071,-1.2694996084780101,-0.008298802814695066
9072,-1.2695000711025746,-0.008298802814695066
9073,-1.2695001152649938,-0.008298802814695066
9074,-1.2695006343194306,-0.008298802814695066
9075,-1.269500796063385,-0.008298802814695066
9076,-1.269500955276458,-0.008298802814695066
9077,-1.2695013853335193,-0.008298802814695066
9078,-1.2695024063802955,-0.008298802814695066
9079,-1.2695024654577023,-0.008298802814695066
9080,-1.2695025293850275,-0.008298802814695066
9081,-1.2695028790077658,-0.008298802814695066
9082,-1.2695034172580275,-0.008298802814695066
9083,-1.2695035057064379,-0.008298802814695066
9084,-1.2695035962376409,-0.008298802814695066
9085,-1.2695036575493863,-0.008298802814695066
9086,-1.269503760804573,-0.008298802814695066
9087,-1.2695038391010722,-0.008298802814695066
9088,-1.2695040260123978,-0.008298802814695066
9089,-1.2695060680307377,-0.008298802814695066
9090,-1.2695068418816036,-0.008298802814695066
9091,-1.269507289350425,-0.008298802814695066
9092,-1.2695075107360148,-0.008298802814695066
9093,-1.2695077877543999,-0.008298802814695066
9094,-1.2695083883027398,-0.008298802814695066
9095,-1.2695083925379929,-0.008298802814695066
9096,-1.26950847147112,-0.008298802814695066
9097,-1.2695084850465599,-0.008298802814695066
9098,-1.2695087641326952,-0.008298802814695066
9099,-1.2695088247400963,-0.008298802814695066
9100,-1.2695099964355259,-0.008298802814695066
9101,-1.2695105165095917,-0.008298802814695066
9102,-1.2695107914771837,-0.008298802814695066
9103,-1.2695114279079351,-0.008298802814695066
9104,-1.2695115805997599,-0.008298802814695066
9105,-1.2695120646641458,-0.008298802814695066
9106,-1.2695125706477632,-0.008298802814695066
9107,-1.269512705346441,-0.008298802814695066
9108,-1.2695132914952656,-0.008298802814695066
9109,-1.269514094292698,-0.008298802814695066
9110,-1.2695146338054681,-0.008298802814695066
9111,-1.2695146635730117,-0.008298802814695066
9112,-1.269514771898601,-0.008298802814695066
9113,-1.2695148145857504,-0.008298802814695066
9114,-1.2695154294135493,-0.008298802814695066
9115,-1.2695155988878226,-0.008298802814695066
9116,-1.269515633650719,-0.008298802814695066
9117,-1.2695161898404002,-0.008298802814695066
9118,-1.269516474360572,-0.008298802814695066
9119,-1.2695167415841477,-0.008298802814695066
9120,-1.2695171868689332,-0.008298802814695066
9121,-1.2695178089303825,-0.008298802814695066
9122,-1.2695178170493027,-0.008298802814695066
9123,-1.269517884176274,-0.008298802814695066
9124,-1.2695180148590766,-0.008298802814695066
9125,-1.2695181467154695,-0.008298802814695066
9126,-1.269518514796337,-0.008298802814695066
9127,-1.269518837324512,-0.008298802814695066
9128,-1.26951908324803,-0.008298802814695066
9129,-1.2695192796544128,-0.008298802814695066
9130,-1.2695196920553287,-0.008298802814695066
9131,-1.2695201607585642,-0.008298802814695066
9132,-1.2695202250199005,-0.008298802814695066
9133,-1.2695209426921248,-0.008298802814695066
9134,-1.2695216686875277,-0.008298802814695066
9135,-1.2695219579898458,-0.008298802814695066
9136,-1.2695219626691532,-0.008298802814695066
9137,-1.269522620037127,-0.008298802814695066
9138,-1.2695227026638647,-0.008298802814695066
9139,-1.2695228478506246,-0.008298802814695066
9140,-1.2695230653923766,-0.008298802814695066
9141,-1.2695230679951488,-0.008298802814695066
9142,-1.2695234346168702,-0.008298802814695066
9143,-1.2695237905700865,-0.008298802814695066
9144,-1.2695241698754076,-0.008298802814695066
9145,-1.2695248569670996,-0.008298802814695066
9146,-1.269525467943892,-0.008298802814695066
9147,-1.2695259334679077,-0.008298802814695066
9148,-1.2695259378123338,-0.008298802814695066
9149,-1.2695260035799996,-0.008298802814695066
9150,-1.2695261619590434,-0.008298802814695066
9151,-1.2695264331018554,-0.008298802814695066
9152,-1.2695267704197852,-0.008298802814695066
9153,-1.2695277671506116,-0.008298802814695066
9154,-1.2695281045794535,-0.008298802814695066
9155,-1.2695285143282555,-0.008298802814695066
9156,-1.2695285628118071,-0.008298802814695066
9157,-1.2695293446039648,-0.008298802814695066
9158,-1.2695297841319382,-0.008298802814695066
9159,-1.2695302769194585,-0.008298802814695066
9160,-1.2695302929974286,-0.008298802814695066
9161,-1.26953070630513,-0.008298802814695066
9162,-1.2695307750401086,-0.008298802814695066
9163,-1.269530969121223,-0.008298802814695066
9164,-1.269531334077576,-0.008298802814695066
9165,-1.269531684129551,-0.008298802814695066
9166,-1.2695318978583603,-0.008298802814695066
9167,-1.2695321986500256,-0.008298802814695066
9168,-1.2695322296265026,-0.008298802814695066
9169,-1.2695322462546281,-0.008298802814695066
9170,-1.269533181264236,-0.008298802814695066
9171,-1.2695333873200698,-0.008298802814695066
9172,-1.2695336648656925,-0.008298802814695066
9173,-1.269534067609079,-0.008298802814695066
9174,-1.2695342405558931,-0.008298802814695066
9175,-1.2695343802551586,-0.008298802814695066
9176,-1.2695345180953357,-0.008298802814695066
9177,-1.269534778919768,-0.008298802814695066
9178,-1.269535183208461,-0.008298802814695066
9179,-1.2695353500325615,-0.008298802814695066
9180,-1.2695354346832632,-0.008298802814695066
9181,-1.2695354487542454,-0.008298802814695066
9182,-1.2695358304221611,-0.008298802814695066
9183,-1.2695359362344052,-0.008298802814695066
9184,-1.2695360685620454,-0.008298802814695066
9185,-1.2695360837625094,-0.008298802814695066
9186,-1.2695362201384153,-0.008298802814695066
9187,-1.2695379031818308,-0.008298802814695066
9188,-1.2695384430136372,-0.008298802814695066
9189,-1.2695393463996074,-0.008298802814695066
9190,-1.2695396183191703,-0.008298802814695066
9191,-1.2695397568459434,-0.008298802814695066
9192,-1.2695398966157132,-0.008298802814695066
9193,-1.2695402860943132,-0.008298802814695066
9194,-1.269540574700628,-0.008298802814695066
9195,-1.2695406022355797,-0.008298802814695066
9196,-1.2695411238201926,-0.008298802814695066
9197,-1.269541339726735,-0.008298802814695066
9198,-1.2695415578890654,-0.008298802814695066
9199,-1.2695415947185775,-0.008298802814695066
9200,-1.269541729575468,-0.008298802814695066
9201,-1.2695418113467176,-0.008298802814695066
9202,-1.2695419422176093,-0.008298802814695066
9203,-1.2695427797227086,-0.008298802814695066
9204,-1.2695431832538353,-0.008298802814695066
9205,-1.2695442809285342,-0.008298802814695066
9206,-1.2695446028219766,-0.008298802814695066
9207,-1.2695446627265223,-0.008298802814695066
9208,-1.2695447567381768,-0.008298802814695066
9209,-1.2695453903487064,-0.008298802814695066
9210,-1.2695454701606042,-0.008298802814695066
9211,-1.2695454873452416,-0.008298802814695066
9212,-1.269545927538391,-0.008298802814695066
9213,-1.26954596020472,-0.008298802814695066
9214,-1.2695460071429787,-0.008298802814695066
9215,-1.2695460976290873,-0.008298802814695066
9216,-1.2695464191035597,-0.008298802814695066
9217,-1.269546461974182,-0.008298802814695066
9218,-1.269547253887799,-0.008298802814695066
9219,-1.2695476707695403,-0.008298802814695066
9220,-1.2695478965935463,-0.008298802814695066
9221,-1.2695482170127188,-0.008298802814695066
9222,-1.2695483458168664,-0.008298802814695066
9223,-1.2695487270547687,-0.008298802814695066
9224,-1.269548766488844,-0.008298802814695066
9225,-1.2695488186309256,-0.008298802814695066
9226,-1.2695488567177655,-0.008298802814695066
9227,-1.2695491932313165,-0.008298802814695066
9228,-1.2695493908108721,-0.008298802814695066
9229,-1.2695494567787053,-0.008298802814695066
9230,-1.2695499339646565,-0.008298802814695066
9231,-1.2695499445128524,-0.008298802814695066
9232,-1.2695500273248683,-0.008298802814695066
9233,-1.2695501287721631,-0.008298802814695066
9234,-1.269550209866468,-0.008298802814695066
9235,-1.2695506209899161,-0.008298802814695066
9236,-1.2695511606887393,-0.008298802814695066
9237,-1.2695515707312635,-0.008298802814695066
9238,-1.2695516588585216,-0.008298802814695066
9239,-1.2695521812079247,-0.008298802814695066
9240,-1.2695526582652028,-0.008298802814695066
9241,-1.2695529340901337,-0.008298802814695066
9242,-1.2695531411872967,-0.008298802814695066
9243,-1.2695539152062802,-0.008298802814695066
9244,-1.2695544295670476,-0.008298802814695066
9245,-1.2695548244387722,-0.008298802814695066
9246,-1.2695548483456085,-0.008298802814695066
9247,-1.2695548646795571,-0.008298802814695066
9248,-1.2695551801286202,-0.008298802814695066
9249,-1.2695556516360127,-0.008298802814695066
9250,-1.2695558812652674,-0.008298802814695066
9251,-1.2695559331938995,-0.008298802814695066
9252,-1.2695562316587659,-0.008298802814695066
9253,-1.269556435552602,-0.008298802814695066
9254,-1.2695570551252207,-0.008298802814695066
9255,-1.2695579185233734,-0.008298802814695066
9256,-1.2695580710560235,-0.008298802814695066
9257,-1.2695580906703074,-0.008298802814695066
9258,-1.2695586281624789,-0.008298802814695066
9259,-1.2695594782541804,-0.008298802814695066
9260,-1.2695596966521772,-0.008298802814695066
9261,-1.2695606676205626,-0.008298802814695066
9262,-1.2695607501598911,-0.008298802814695066
9263,-1.2695608410967003,-0.008298802814695066
9264,-1.2695609265488361,-0.008298802814695066
9265,-1.2695609566383332,-0.008298802814695066
9266,-1.2695611478479767,-0.008298802814695066
9267,-1.2695616958092764,-0.008298802814695066
9268,-1.2695618737160124,-0.008298802814695066
9269,-1.2695628048413288,-0.008298802814695066
9270,-1.2695630108027944,-0.008298802814695066
9271,-1.2695633200319763,-0.008298802814695066
9272,-1.2695634808793064,-0.008298802814695066
9273,-1.2695638121189499,-0.008298802814695066
9274,-1.2695639884960468,-0.008298802814695066
9275,-1.2695640111120547,-0.008298802814695066
9276,-1.2695640559108863,-0.008298802814695066
9277,-1.2695642190960148,-0.008298802814695066
9278,-1.2695643370003655,-0.008298802814695066
9279,-1.269564361925453,-0.008298802814695066
9280,-1.2695645475837298,-0.008298802814695066
9281,-1.269564792937305,-0.008298802814695066
9282,-1.2695648749224784,-0.008298802814695066
9283,-1.269564930003778,-0.008298802814695066
9284,-1.269566392005785,-0.008298802814695066
9285,-1.269566492401157,-0.008298802814695066
9286,-1.269566855361225,-0.008298802814695066
9287,-1.2695671622202744,-0.008298802814695066
9288,-1.2695672924363368,-0.008298802814695066
9289,-1.2695678881611296,-0.008298802814695066
9290,-1.2695680316532203,-0.008298802814695066
9291,-1.2695681487419272,-0.008298802814695066
9292,-1.2695685305903517,-0.008298802814695066
9293,-1.2695686783077964,-0.008298802814695066
9294,-1.2695688862812449,-0.008298802814695066
9295,-1.2695691284169275,-0.008298802814695066
9296,-1.2695694058320819,-0.008298802814695066
9297,-1.2695695546472936,-0.008298802814695066
9298,-1.269570255284085,-0.008298802814695066
9299,-1.2695703760902026,-0.008298802814695066
9300,-1.269570462663157,-0.008298802814695066
9301,-1.2695705244948978,-0.008298802814695066
9302,-1.2695706154822497,-0.008298802814695066
9303,-1.269570715832314,-0.008298802814695066
9304,-1.2695714776564648,-0.008298802814695066
9305,-1.2695717094831052,-0.008298802814695066
9306,-1.269571946078081,-0.008298802814695066
9307,-1.2695719687334406,-0.008298802814695066
9308,-1.269572349525355,-0.008298802814695066
9309,-1.2695724774937858,-0.008298802814695066
9310,-1.269572508383558,-0.008298802814695066
9311,-1.2695727451889751,-0.008298802814695066
9312,-1.2695729433516203,-0.008298802814695066
9313,-1.2695731928970282,-0.008298802814695066
9314,-1.269573299967364,-0.008298802814695066
9315,-1.2695733777626186,-0.008298802814695066
9316,-1.2695734287051579,-0.008298802814695066
9317,-1.269573584198054,-0.008298802814695066
9318,-1.2695738667300835,-0.008298802814695066
9319,-1.2695741326888674,-0.008298802814695066
9320,-1.2695747613056534,-0.008298802814695066
9321,-1.2695748803666522,-0.008298802814695066
9322,-1.2695749737630477,-0.008298802814695066
9323,-1.2695751119168406,-0.008298802814695066
9324,-1.2695752715559054,-0.008298802814695066
9325,-1.269575437830595,-0.008298802814695066
9326,-1.2695756336436983,-0.008298802814695066
9327,-1.2695762909093213,-0.008298802814695066
9328,-1.269576329375771,-0.008298802814695066
9329,-1.2695767024875229,-0.008298802814695066
9330,-1.269577047668746,-0.008298802814695066
9331,-1.2695777876479646,-0.008298802814695066
9332,-1.2695781290921277,-0.008298802814695066
9333,-1.2695781697525645,-0.008298802814695066
9334,-1.2695782551045516,-0.008298802814695066
9335,-1.2695787083178962,-0.008298802814695066
9336,-1.2695789817947638,-0.008298802814695066
9337,-1.269579132095842,-0.008298802814695066
9338,-1.269579598704012,-0.008298802814695066
9339,-1.2695799015462996,-0.008298802814695066
9340,-1.269580052415734,-0.008298802814695066
9341,-1.2695804148938408,-0.008298802814695066
9342,-1.269580671040012,-0.008298802814695066
9343,-1.2695807059709703,-0.008298802814695066
9344,-1.269580724343332,-0.008298802814695066
9345,-1.2695807604023799,-0.008298802814695066
9346,-1.2695807906798837,-0.008298802814695066
9347,-1.2695808052820534,-0.008298802814695066
9348,-1.2695808389945882,-0.008298802814695066
9349,-1.269581200809118,-0.008298802814695066
9350,-1.2695818309985005,-0.008298802814695066
9351,-1.269581840193724,-0.008298802814695066
9352,-1.2695818614946244,-0.008298802814695066
9353,-1.2695819617792563,-0.008298802814695066
9354,-1.2695821050858815,-0.008298802814695066
9355,-1.2695825014325384,-0.008298802814695066
9356,-1.2695832681790873,-0.008298802814695066
9357,-1.2695833532485166,-0.008298802814695066
9358,-1.2695838150196839,-0.008298802814695066
9359,-1.2695838690854893,-0.008298802814695066
9360,-1.2695838896261227,-0.008298802814695066
9361,-1.2695839628143473,-0.008298802814695066
9362,-1.2695847688341093,-0.008298802814695066
9363,-1.2695852331345874,-0.008298802814695066
9364,-1.2695853046260868,-0.008298802814695066
9365,-1.2695858310804948,-0.008298802814695066
9366,-1.2695863809977763,-0.008298802814695066
9367,-1.269586770557827,-0.008298802814695066
9368,-1.269586896801236,-0.008298802814695066
9369,-1.2695870602979358,-0.008298802814695066
9370,-1.2695872065797589,-0.008298802814695066
9371,-1.2695877122348518,-0.008298802814695066
9372,-1.2695878069398634,-0.008298802814695066
9373,-1.2695878344683624,-0.008298802814695066
9374,-1.269588120090555,-0.008298802814695066
9375,-1.2695885728763812,-0.008298802814695066
9376,-1.2695887255524445,-0.008298802814695066
9377,-1.2695888738715806,-0.008298802814695066
9378,-1.2695892249951917,-0.008298802814695066
9379,-1.2695892407678637,-0.008298802814695066
9380,-1.2695892447649668,-0.008298802814695066
9381,-1.2695895232178405,-0.008298802814695066
9382,-1.2695896611374915,-0.008298802814695066
9383,-1.2695898265724597,-0.008298802814695066
9384,-1.2695903706502185,-0.008298802814695066
9385,-1.2695905286057292,-0.008298802814695066
9386,-1.2695908022522528,-0.008298802814695066
9387,-1.269590877373372,-0.008298802814695066
9388,-1.2695911300029912,-0.008298802814695066
9389,-1.2695912446733182,-0.008298802814695066
9390,-1.269591411002618,-0.008298802814695066
9391,-1.269591425758876,-0.008298802814695066
9392,-1.2695917360498727,-0.008298802814695066
9393,-1.2695918162889501,-0.008298802814695066
9394,-1.2695918873974998,-0.008298802814695066
9395,-1.2695919259698831,-0.008298802814695066
9396,-1.2695922751056494,-0.008298802814695066
9397,-1.2695922969614177,-0.008298802814695066
9398,-1.2695929358032276,-0.008298802814695066
9399,-1.2695931614748375,-0.008298802814695066
9400,-1.2695932833867194,-0.008298802814695066
9401,-1.2695933507843062,-0.008298802814695066
9402,-1.26959346047584,-0.008298802814695066
9403,-1.2695934924127878,-0.008298802814695066
9404,-1.269593575182892,-0.008298802814695066
9405,-1.269593815605337,-0.008298802814695066
9406,-1.269593878682851,-0.008298802814695066
9407,-1.269593935648656,-0.008298802814695066
9408,-1.2695940116692188,-0.008298802814695066
9409,-1.269594294128993,-0.008298802814695066
9410,-1.2695945328090399,-0.008298802814695066
9411,-1.269594599843207,-0.008298802814695066
9412,-1.2695950732473293,-0.008298802814695066
9413,-1.2695954551486137,-0.008298802814695066
9414,-1.269595568366935,-0.008298802814695066
9415,-1.2695957225556045,-0.008298802814695066
9416,-1.269595851706388,-0.008298802814695066
9417,-1.2695965900598827,-0.008298802814695066
9418,-1.2695965982768223,-0.008298802814695066
9419,-1.269596852858907,-0.008298802814695066
9420,-1.2695968666199615,-0.008298802814695066
9421,-1.2695968858654174,-0.008298802814695066
9422,-1.269597016806292,-0.008298802814695066
9423,-1.2695972378630924,-0.008298802814695066
9424,-1.2695972587352928,-0.008298802814695066
9425,-1.2695973003810015,-0.008298802814695066
9426,-1.2695973668254095,-0.008298802814695066
9427,-1.2695974116175834,-0.008298802814695066
9428,-1.2695978014373694,-0.008298802814695066
9429,-1.26959790592287,-0.008298802814695066
9430,-1.2695983354210298,-0.008298802814695066
9431,-1.269598428671132,-0.008298802814695066
9432,-1.2695988488401548,-0.008298802814695066
9433,-1.2695989015304487,-0.008298802814695066
9434,-1.2695992071232993,-0.008298802814695066
9435,-1.2695992867384063,-0.008298802814695066
9436,-1.269599477317696,-0.008298802814695066
9437,-1.2695996805015004,-0.008298802814695066
9438,-1.2695999870950363,-0.008298802814695066
9439,-1.2696001209170245,-0.008298802814695066
9440,-1.2696001662215406,-0.008298802814695066
9441,-1.2696002565308033,-0.008298802814695066
9442,-1.2696002782083609,-0.008298802814695066
9443,-1.2696005624737636,-0.008298802814695066
9444,-1.2696005659220204,-0.008298802814695066
9445,-1.2696008390345235,-0.008298802814695066
9446,-1.269601004665733,-0.008298802814695066
9447,-1.2696013208367258,-0.008298802814695066
9448,-1.2696016399795234,-0.008298802814695066
9449,-1.269602688386456,-0.008298802814695066
9450,-1.2696030906399645,-0.008298802814695066
9451,-1.2696036100087058,-0.008298802814695066
9452,-1.26960373161174,-0.008298802814695066
9453,-1.2696044952505932,-0.008298802814695066
9454,-1.2696047842298523,-0.008298802814695066
9455,-1.269604815644622,-0.008298802814695066
9456,-1.2696052377660696,-0.008298802814695066
9457,-1.269605585697948,-0.008298802814695066
9458,-1.2696059615814677,-0.008298802814695066
9459,-1.2696063066176986,-0.008298802814695066
9460,-1.2696064472778548,-0.008298802814695066
9461,-1.2696067408469776,-0.008298802814695066
9462,-1.2696069085831292,-0.008298802814695066
9463,-1.2696070905402732,-0.008298802814695066
9464,-1.2696071537368678,-0.008298802814695066
9465,-1.269607216852361,-0.008298802814695066
9466,-1.2696072540559942,-0.008298802814695066
9467,-1.2696074622392077,-0.008298802814695066
9468,-1.2696075426690907,-0.008298802814695066
9469,-1.2696077604109988,-0.008298802814695066
9470,-1.269607878013718,-0.008298802814695066
9471,-1.2696079551213988,-0.008298802814695066
9472,-1.269607966686626,-0.008298802814695066
9473,-1.2696081819905327,-0.008298802814695066
9474,-1.2696083520922161,-0.008298802814695066
9475,-1.2696084123330709,-0.008298802814695066
9476,-1.2696089036664029,-0.008298802814695066
9477,-1.2696089877707766,-0.008298802814695066
9478,-1.2696090586315774,-0.008298802814695066
9479,-1.2696091207579654,-0.008298802814695066
9480,-1.2696091842267827,-0.008298802814695066
9481,-1.2696092083656345,-0.008298802814695066
9482,-1.2696092988122258,-0.008298802814695066
9483,-1.2696094896076455,-0.008298802814695066
9484,-1.2696098353266405,-0.008298802814695066
9485,-1.2696101135189362,-0.008298802814695066
9486,-1.2696101424138175,-0.008298802814695066
9487,-1.2696101524858094,-0.008298802814695066
9488,-1.269610290531897,-0.008298802814695066
9489,-1.2696107111045833,-0.008298802814695066
9490,-1.269610773044246,-0.008298802814695066
9491,-1.269610994798963,-0.008298802814695066
9492,-1.2696110649185322,-0.008298802814695066
9493,-1.269611198757376,-0.008298802814695066
9494,-1.2696112345725719,-0.008298802814695066
9495,-1.2696113385124885,-0.008298802814695066
9496,-1.2696114270523182,-0.008298802814695066
9497,-1.2696116167280835,-0.008298802814695066
9498,-1.2696116510551434,-0.008298802814695066
9499,-1.269611808265696,-0.008298802814695066
9500,-1.2696119544407474,-0.008298802814695066
9501,-1.2696120329354272,-0.008298802814695066
9502,-1.2696121652772285,-0.008298802814695066
9503,-1.269612174765406,-0.008298802814695066
9504,-1.2696124128199915,-0.008298802814695066
9505,-1.2696125523361406,-0.008298802814695066
9506,-1.2696126164663015,-0.008298802814695066
9507,-1.2696130542020128,-0.008298802814695066
9508,-1.269613104138641,-0.008298802814695066
9509,-1.2696132005452834,-0.008298802814695066
9510,-1.2696136464070533,-0.008298802814695066
9511,-1.2696136908599616,-0.008298802814695066
9512,-1.2696137643096088,-0.008298802814695066
9513,-1.2696138742999037,-0.008298802814695066
9514,-1.2696139719508377,-0.008298802814695066
9515,-1.2696139828864381,-0.008298802814695066
9516,-1.2696142094144383,-0.008298802814695066
9517,-1.269614321847632,-0.008298802814695066
9518,-1.2696147791829002,-0.008298802814695066
9519,-1.2696149614814125,-0.008298802814695066
9520,-1.2696151698044684,-0.008298802814695066
9521,-1.269615336360034,-0.008298802814695066
9522,-1.269615460514725,-0.008298802814695066
9523,-1.2696158037979883,-0.008298802814695066
9524,-1.2696159829020552,-0.008298802814695066
9525,-1.26961599622378,-0.008298802814695066
9526,-1.2696161917588529,-0.008298802814695066
9527,-1.2696163657127046,-0.008298802814695066
9528,-1.2696164423605834,-0.008298802814695066
9529,-1.269616739819102,-0.008298802814695066
9530,-1.269616851938949,-0.008298802814695066
9531,-1.2696169012895848,-0.008298802814695066
9532,-1.2696169706404685,-0.008298802814695066
9533,-1.2696170801152862,-0.008298802814695066
9534,-1.2696171225228061,-0.008298802814695066
9535,-1.2696173523172027,-0.008298802814695066
9536,-1.269617423948262,-0.008298802814695066
9537,-1.2696180262874837,-0.008298802814695066
9538,-1.2696180524846947,-0.008298802814695066
9539,-1.2696182907957692,-0.008298802814695066
9540,-1.2696183879531837,-0.008298802814695066
9541,-1.2696184895400342,-0.008298802814695066
9542,-1.2696185161672362,-0.008298802814695066
9543,-1.269618599888139,-0.008298802814695066
9544,-1.2696187659133464,-0.008298802814695066
9545,-1.2696189256844592,-0.008298802814695066
9546,-1.269619003555333,-0.008298802814695066
9547,-1.269619240751938,-0.008298802814695066
9548,-1.2696193168247318,-0.008298802814695066
9549,-1.2696195601640663,-0.008298802814695066
9550,-1.2696198724677763,-0.008298802814695066
9551,-1.2696201754177696,-0.008298802814695066
9552,-1.2696201938934202,-0.008298802814695066
9553,-1.2696202603318167,-0.008298802814695066
9554,-1.2696202910878862,-0.008298802814695066
9555,-1.2696205427694796,-0.008298802814695066
9556,-1.2696205490260346,-0.008298802814695066
9557,-1.2696206625226236,-0.008298802814695066
9558,-1.2696207406712943,-0.008298802814695066
9559,-1.2696209628900914,-0.008298802814695066
9560,-1.2696209832863063,-0.008298802814695066
9561,-1.2696211884305633,-0.008298802814695066
9562,-1.2696212332560113,-0.008298802814695066
9563,-1.2696214494250082,-0.008298802814695066
9564,-1.2696215812311646,-0.008298802814695066
9565,-1.2696217569228057,-0.008298802814695066
9566,-1.2696218742172602,-0.008298802814695066
9567,-1.2696218924642442,-0.008298802814695066
9568,-1.2696220881718627,-0.008298802814695066
9569,-1.2696222491006741,-0.008298802814695066
9570,-1.2696223396218997,-0.008298802814695066
9571,-1.2696223923023386,-0.008298802814695066
9572,-1.2696225165311448,-0.008298802814695066
9573,-1.2696225179745888,-0.008298802814695066
9574,-1.2696229269376127,-0.008298802814695066
9575,-1.2696230015059007,-0.008298802814695066
9576,-1.2696233926452838,-0.008298802814695066
9577,-1.2696236346458907,-0.008298802814695066
9578,-1.2696237337860872,-0.008298802814695066
9579,-1.2696237930410827,-0.008298802814695066
9580,-1.26962382662451,-0.008298802814695066
9581,-1.2696243777176623,-0.008298802814695066
9582,-1.269624657455045,-0.008298802814695066
9583,-1.2696247492645225,-0.008298802814695066
9584,-1.2696250072726762,-0.008298802814695066
9585,-1.269625153410426,-0.008298802814695066
9586,-1.2696252521087097,-0.008298802814695066
9587,-1.2696252913258534,-0.008298802814695066
9588,-1.2696255317030203,-0.008298802814695066
9589,-1.2696255864258859,-0.008298802814695066
9590,-1.2696256609132583,-0.008298802814695066
9591,-1.2696260765507403,-0.008298802814695066
9592,-1.2696261073065778,-0.008298802814695066
9593,-1.269626195881932,-0.008298802814695066
9594,-1.2696262226268231,-0.008298802814695066
9595,-1.2696263011875264,-0.008298802814695066
9596,-1.2696263984665577,-0.008298802814695066
9597,-1.269626445089415,-0.008298802814695066
9598,-1.2696265047702378,-0.008298802814695066
9599,-1.269626629882248,-0.008298802814695066
9600,-1.2696268166229838,-0.008298802814695066
9601,-1.269627070897826,-0.008298802814695066
9602,-1.2696274623044423,-0.008298802814695066
9603,-1.2696276523126837,-0.008298802814695066
9604,-1.2696279284526546,-0.008298802814695066
9605,-1.269628480340735,-0.008298802814695066
9606,-1.2696285305719561,-0.008298802814695066
9607,-1.2696286051535988,-0.008298802814695066
9608,-1.2696288626027308,-0.008298802814695066
9609,-1.2696288929791022,-0.008298802814695066
9610,-1.2696288943739742,-0.008298802814695066
9611,-1.2696290114204447,-0.008298802814695066
9612,-1.2696291759834166,-0.008298802814695066
9613,-1.2696295218510696,-0.008298802814695066
9614,-1.2696296087683139,-0.008298802814695066
9615,-1.2696299074826969,-0.008298802814695066
9616,-1.269630098418501,-0.008298802814695066
9617,-1.269630174750664,-0.008298802814695066
9618,-1.2696302971863616,-0.008298802814695066
9619,-1.2696306089264864,-0.008298802814695066
9620,-1.2696307073888482,-0.008298802814695066
9621,-1.2696310151934722,-0.008298802814695066
9622,-1.2696315991405211,-0.008298802814695066
9623,-1.269631627323966,-0.008298802814695066
9624,-1.2696317098417087,-0.008298802814695066
9625,-1.2696319118729589,-0.008298802814695066
9626,-1.2696319554630278,-0.008298802814695066
9627,-1.2696320794870337,-0.008298802814695066
9628,-1.2696321157441388,-0.008298802814695066
9629,-1.269632128792459,-0.008298802814695066
9630,-1.2696323529162603,-0.008298802814695066
9631,-1.2696323702049273,-0.008298802814695066
9632,-1.2696324982751035,-0.008298802814695066
9633,-1.2696328957372272,-0.008298802814695066
9634,-1.2696334201655552,-0.008298802814695066
9635,-1.269633453047194,-0.008298802814695066
9636,-1.2696334911202998,-0.008298802814695066
9637,-1.2696334916237633,-0.008298802814695066
9638,-1.269633519268799,-0.008298802814695066
9639,-1.2696335718944516,-0.008298802814695066
9640,-1.2696335818162416,-0.008298802814695066
9641,-1.2696336587074977,-0.008298802814695066
9642,-1.2696337875648211,-0.008298802814695066
9643,-1.2696342114819041,-0.008298802814695066
9644,-1.269634257748824,-0.008298802814695066
9645,-1.2696343676301183,-0.008298802814695066
9646,-1.2696343952172624,-0.008298802814695066
9647,-1.269634754572643,-0.008298802814695066
9648,-1.2696350497286983,-0.008298802814695066
9649,-1.2696350937051375,-0.008298802814695066
9650,-1.269635094107898,-0.008298802814695066
9651,-1.2696353705491081,-0.008298802814695066
9652,-1.269635373140873,-0.008298802814695066
9653,-1.269635628199138,-0.008298802814695066
9654,-1.269635646222397,-0.008298802814695066
9655,-1.2696357226305084,-0.008298802814695066
9656,-1.2696358015432323,-0.008298802814695066
9657,-1.26963597396942,-0.008298802814695066
9658,-1.2696361114347317,-0.008298802814695066
9659,-1.269636261326259,-0.008298802814695066
9660,-1.2696364781237939,-0.008298802814695066
9661,-1.2696367082403872,-0.008298802814695066
9662,-1.2696368233500086,-0.008298802814695066
9663,-1.26963688523223,-0.008298802814695066
9664,-1.2696369398433087,-0.008298802814695066
9665,-1.2696369704891592,-0.008298802814695066
9666,-1.269636975295836,-0.008298802814695066
9667,-1.269637041990741,-0.008298802814695066
9668,-1.269637179101958,-0.008298802814695066
9669,-1.269638192800889,-0.008298802814695066
9670,-1.269638215854596,-0.008298802814695066
9671,-1.2696382832946949,-0.008298802814695066
9672,-1.2696383353093292,-0.008298802814695066
9673,-1.2696386797157218,-0.008298802814695066
9674,-1.2696391743166953,-0.008298802814695066
9675,-1.269639301501614,-0.008298802814695066
9676,-1.2696393096891823,-0.008298802814695066
9677,-1.2696395868062202,-0.008298802814695066
9678,-1.2696396610657794,-0.008298802814695066
9679,-1.269639687172002,-0.008298802814695066
9680,-1.269639808022017,-0.008298802814695066
9681,-1.2696398624166316,-0.008298802814695066
9682,-1.2696398630586547,-0.008298802814695066
9683,-1.269640247949856,-0.008298802814695066
9684,-1.2696403553189721,-0.008298802814695066
9685,-1.2696404385375297,-0.008298802814695066
9686,-1.2696405013244318,-0.008298802814695066
9687,-1.2696405032593847,-0.008298802814695066
9688,-1.2696405669761608,-0.008298802814695066
9689,-1.2696406197213874,-0.008298802814695066
9690,-1.2696406832485976,-0.008298802814695066
9691,-1.269640857205487,-0.008298802814695066
9692,-1.269640921722866,-0.008298802814695066
9693,-1.2696409610030865,-0.008298802814695066
9694,-1.2696411913257122,-0.008298802814695066
9695,-1.2696414066655355,-0.008298802814695066
9696,-1.2696414338375146,-0.008298802814695066
9697,-1.2696416208197616,-0.008298802814695066
9698,-1.2696416754167266,-0.008298802814695066
9699,-1.2696418059745662,-0.008298802814695066
9700,-1.269641965495354,-0.008298802814695066
9701,-1.2696420160674764,-0.008298802814695066
9702,-1.2696420758675835,-0.008298802814695066
9703,-1.2696423877516458,-0.008298802814695066
9704,-1.269642539619357,-0.008298802814695066
9705,-1.2696425603949972,-0.008298802814695066
9706,-1.269643103120048,-0.008298802814695066
9707,-1.2696431496186673,-0.008298802814695066
9708,-1.2696433467216037,-0.008298802814695066
9709,-1.2696433517074015,-0.008298802814695066
9710,-1.2696434262696563,-0.008298802814695066
9711,-1.2696434707996114,-0.008298802814695066
9712,-1.2696435388989766,-0.008298802814695066
9713,-1.2696436335972519,-0.008298802814695066
9714,-1.2696437278134605,-0.008298802814695066
9715,-1.2696439105775092,-0.008298802814695066
9716,-1.2696442363132274,-0.008298802814695066
9717,-1.2696444419375104,-0.008298802814695066
9718,-1.2696446458313502,-0.008298802814695066
9719,-1.2696447829987152,-0.008298802814695066
9720,-1.269644798535632,-0.008298802814695066
9721,-1.269644811927364,-0.008298802814695066
9722,-1.2696449207137943,-0.008298802814695066
9723,-1.2696452441741042,-0.008298802814695066
9724,-1.2696453673788395,-0.008298802814695066
9725,-1.2696454600505758,-0.008298802814695066
9726,-1.2696455626166654,-0.008298802814695066
9727,-1.269645572008236,-0.008298802814695066
9728,-1.2696457006536477,-0.008298802814695066
9729,-1.2696458989160184,-0.008298802814695066
9730,-1.2696459482741633,-0.008298802814695066
9731,-1.2696460122259368,-0.008298802814695066
9732,-1.2696461306368054,-0.008298802814695066
9733,-1.2696463943338563,-0.008298802814695066
9734,-1.2696464239136078,-0.008298802814695066
9735,-1.269646657461822,-0.008298802814695066
9736,-1.2696467282860557,-0.008298802814695066
9737,-1.2696471413347692,-0.008298802814695066
9738,-1.2696472710894917,-0.008298802814695066
9739,-1.2696477638564725,-0.008298802814695066
9740,-1.269647807143501,-0.008298802814695066
9741,-1.2696478750744755,-0.008298802814695066
9742,-1.2696481038899925,-0.008298802814695066
9743,-1.2696481122581975,-0.008298802814695066
9744,-1.2696484047151029,-0.008298802814695066
9745,-1.2696485197068859,-0.008298802814695066
9746,-1.2696485251655283,-0.008298802814695066
9747,-1.2696487275170343,-0.008298802814695066
9748,-1.2696488983446046,-0.008298802814695066
9749,-1.269649161977594,-0.008298802814695066
9750,-1.2696493465557537,-0.008298802814695066
9751,-1.2696493966645415,-0.008298802814695066
9752,-1.2696494920401589,-0.008298802814695066
9753,-1.2696496361176066,-0.008298802814695066
9754,-1.2696496724790467,-0.008298802814695066
9755,-1.2696497090462413,-0.008298802814695066
9756,-1.2696498329194226,-0.008298802814695066
9757,-1.2696498518702526,-0.008298802814695066
9758,-1.269649863182325,-0.008298802814695066
9759,-1.2696501090513557,-0.008298802814695066
9760,-1.2696503270814183,-0.008298802814695066
9761,-1.269650535928482,-0.008298802814695066
9762,-1.2696506036044028,-0.008298802814695066
9763,-1.269650612187021,-0.008298802814695066
9764,-1.2696506944277486,-0.008298802814695066
9765,-1.2696507039772869,-0.008298802814695066
9766,-1.2696507281289644,-0.008298802814695066
9767,-1.269650741419425,-0.008298802814695066
9768,-1.2696508158227129,-0.008298802814695066
9769,-1.2696508416285193,-0.008298802814695066
9770,-1.2696509524796877,-0.008298802814695066
9771,-1.2696511498146357,-0.008298802814695066
9772,-1.2696511920695532,-0.008298802814695066
9773,-1.2696512184313349,-0.008298802814695066
9774,-1.2696514324295185,-0.008298802814695066
9775,-1.2696515611630586,-0.008298802814695066
9776,-1.2696515766843224,-0.008298802814695066
9777,-1.2696516574556345,-0.008298802814695066
9778,-1.26965172213422,-0.008298802814695066
9779,-1.269651796752494,-0.008298802814695066
9780,-1.2696520462570822,-0.008298802814695066
9781,-1.2696520594283163,-0.008298802814695066
9782,-1.2696521204986586,-0.008298802814695066
9783,-1.2696521615063223,-0.008298802814695066
9784,-1.269652237209365,-0.008298802814695066
9785,-1.2696522718526633,-0.008298802814695066
9786,-1.2696524006032295,-0.008298802814695066
9787,-1.2696524740692516,-0.008298802814695066
9788,-1.269652501438522,-0.008298802814695066
9789,-1.269652561478928,-0.008298802814695066
9790,-1.2696526750910127,-0.008298802814695066
9791,-1.269652805092973,-0.008298802814695066
9792,-1.2696528806456766,-0.008298802814695066
9793,-1.2696533351204753,-0.008298802814695066
9794,-1.2696534805274469,-0.008298802814695066
9795,-1.2696534915043374,-0.008298802814695066
9796,-1.2696535075033277,-0.008298802814695066
9797,-1.2696535316221043,-0.008298802814695066
9798,-1.2696537371178915,-0.008298802814695066
9799,-1.2696538100927692,-0.008298802814695066
9800,-1.2696540011968278,-0.008298802814695066
9801,-1.2696542566203977,-0.008298802814695066
9802,-1.2696542953782606,-0.008298802814695066
9803,-1.2696545138624458,-0.008298802814695066
9804,-1.269654513904522,-0.008298802814695066
9805,-1.2696545627414069,-0.008298802814695066
9806,-1.269654655121942,-0.008298802814695066
9807,-1.2696547508635863,-0.008298802814695066
9808,-1.2696547660759179,-0.008298802814695066
9809,-1.269654799908642,-0.008298802814695066
9810,-1.2696549044912477,-0.008298802814695066
9811,-1.2696550702446663,-0.008298802814695066
9812,-1.2696550913474924,-0.008298802814695066
9813,-1.2696551085097185,-0.008298802814695066
9814,-1.2696552482183359,-0.008298802814695066
9815,-1.2696559010948543,-0.008298802814695066
9816,-1.2696559269476126,-0.008298802814695066
9817,-1.2696560916233666,-0.008298802814695066
9818,-1.2696562830578664,-0.008298802814695066
9819,-1.2696563871227442,-0.008298802814695066
9820,-1.2696563942065875,-0.008298802814695066
9821,-1.2696567040326294,-0.008298802814695066
9822,-1.269656869672829,-0.008298802814695066
9823,-1.269656950911452,-0.008298802814695066
9824,-1.2696570111580687,-0.008298802814695066
9825,-1.2696570436921446,-0.008298802814695066
9826,-1.269657150586287,-0.008298802814695066
9827,-1.2696573649587983,-0.008298802814695066
9828,-1.2696574664818079,-0.008298802814695066
9829,-1.2696574972459351,-0.008298802814695066
9830,-1.2696575857283918,-0.008298802814695066
9831,-1.2696576930736356,-0.008298802814695066
9832,-1.2696578837197927,-0.008298802814695066
9833,-1.269657935412544,-0.008298802814695066
9834,-1.2696580496457794,-0.008298802814695066
9835,-1.2696581843536852,-0.008298802814695066
9836,-1.2696582627434057,-0.008298802814695066
9837,-1.2696583688726313,-0.008298802814695066
9838,-1.2696584291885127,-0.008298802814695066
9839,-1.2696585065226276,-0.008298802814695066
9840,-1.2696588698392695,-0.008298802814695066
9841,-1.2696590238188787,-0.008298802814695066
9842,-1.269659061715292,-0.008298802814695066
9843,-1.269659076227976,-0.008298802814695066
9844,-1.2696591186145556,-0.008298802814695066
9845,-1.2696591799035486,-0.008298802814695066
9846,-1.269659238519061,-0.008298802814695066
9847,-1.2696592654654741,-0.008298802814695066
9848,-1.2696592688127777,-0.008298802814695066
9849,-1.2696593640094815,-0.008298802814695066
9850,-1.269659505997653,-0.008298802814695066
9851,-1.269659516363859,-0.008298802814695066
9852,-1.2696596422031619,-0.008298802814695066
9853,-1.2696598371954138,-0.008298802814695066
9854,-1.2696600731517658,-0.008298802814695066
9855,-1.2696601296997514,-0.008298802814695066
9856,-1.269660268381239,-0.008298802814695066
9857,-1.2696603760429706,-0.008298802814695066
9858,-1.2696606268036483,-0.008298802814695066
9859,-1.2696607527869812,-0.008298802814695066
9860,-1.269660772660147,-0.008298802814695066
9861,-1.269660991831049,-0.008298802814695066
9862,-1.2696610787001779,-0.008298802814695066
9863,-1.269661303261326,-0.008298802814695066
9864,-1.2696613969363395,-0.008298802814695066
9865,-1.26966162641643,-0.008298802814695066
9866,-1.2696618092475647,-0.008298802814695066
9867,-1.2696618348995878,-0.008298802814695066
9868,-1.2696618373020032,-0.008298802814695066
9869,-1.2696619249660333,-0.008298802814695066
9870,-1.2696620571629764,-0.008298802814695066
9871,-1.2696621394321157,-0.008298802814695066
9872,-1.2696622598950047,-0.008298802814695066
9873,-1.269662557738418,-0.008298802814695066
9874,-1.269662575188636,-0.008298802814695066
9875,-1.2696629198754823,-0.008298802814695066
9876,-1.2696629793062733,-0.008298802814695066
9877,-1.2696630449185116,-0.008298802814695066
9878,-1.2696630755065668,-0.008298802814695066
9879,-1.269663112273327,-0.008298802814695066
9880,-1.269663162153631,-0.008298802814695066
9881,-1.2696632303017985,-0.008298802814695066
9882,-1.2696632864409145,-0.008298802814695066
9883,-1.2696633845090575,-0.008298802814695066
9884,-1.2696635891066836,-0.008298802814695066
9885,-1.269663595445771,-0.008298802814695066
9886,-1.269663937319569,-0.008298802814695066
9887,-1.2696641852493682,-0.008298802814695066
9888,-1.2696643199734359,-0.008298802814695066
9889,-1.2696643336318205,-0.008298802814695066
9890,-1.2696643868239939,-0.008298802814695066
9891,-1.2696644012171918,-0.008298802814695066
9892,-1.2696646011050563,-0.008298802814695066
9893,-1.2696646071089113,-0.008298802814695066
9894,-1.2696647075316225,-0.008298802814695066
9895,-1.269664776379041,-0.008298802814695066
9896,-1.2696648681091858,-0.008298802814695066
9897,-1.2696649580501629,-0.008298802814695066
9898,-1.269665014570124,-0.008298802814695066
9899,-1.2696652142281326,-0.008298802814695066
9900,-1.2696652932958787,-0.008298802814695066
9901,-1.2696654502372333,-0.008298802814695066
9902,-1.26966545660439,-0.008298802814695066
9903,-1.2696654584586016,-0.008298802814695066
9904,-1.2696657019567528,-0.008298802814695066
9905,-1.269665722605652,-0.008298802814695066
9906,-1.269665739082329,-0.008298802814695066
9907,-1.2696658660426996,-0.008298802814695066
9908,-1.269665872265241,-0.008298802814695066
9909,-1.2696658920024506,-0.008298802814695066
9910,-1.2696660017699122,-0.008298802814695066
9911,-1.2696661346588654,-0.008298802814695066
9912,-1.2696662193862904,-0.008298802814695066
9913,-1.269666419331997,-0.008298802814695066
9914,-1.2696665085654477,-0.008298802814695066
9915,-1.2696665550450201,-0.008298802814695066
9916,-1.2696667774505959,-0.008298802814695066
9917,-1.2696668495970924,-0.008298802814695066
9918,-1.2696669386194663,-0.008298802814695066
9919,-1.2696669451812164,-0.008298802814695066
9920,-1.2696670065228868,-0.008298802814695066
9921,-1.2696671911667243,-0.008298802814695066
9922,-1.2696671929905459,-0.008298802814695066
9923,-1.269667282978863,-0.008298802814695066
9924,-1.2696677405429613,-0.008298802814695066
9925,-1.269667770073724,-0.008298802814695066
9926,-1.2696678857621952,-0.008298802814695066
9927,-1.2696679089855676,-0.008298802814695066
9928,-1.2696679858158877,-0.008298802814695066
9929,-1.2696680049505058,-0.008298802814695066
9930,-1.2696681490442538,-0.008298802814695066
9931,-1.269668174499396,-0.008298802814695066
9932,-1.2696684699893859,-0.008298802814695066
9933,-1.2696685895588389,-0.008298802814695066
9934,-1.2696686505105417,-0.008298802814695066
9935,-1.2696688980497273,-0.008298802814695066
9936,-1.2696689213532077,-0.008298802814695066
9937,-1.2696689494107716,-0.008298802814695066
9938,-1.2696689525545461,-0.008298802814695066
9939,-1.2696691446422852,-0.008298802814695066
9940,-1.2696691481415412,-0.008298802814695066
9941,-1.269669241825552,-0.008298802814695066
9942,-1.269669244174097,-0.008298802814695066
9943,-1.269669351486365,-0.008298802814695066
9944,-1.2696694518216611,-0.008298802814695066
9945,-1.2696694823194434,-0.008298802814695066
9946,-1.2696695554586428,-0.008298802814695066
9947,-1.269669557860796,-0.008298802814695066
9948,-1.2696696130133966,-0.008298802814695066
9949,-1.2696698940377007,-0.008298802814695066
9950,-1.2696699662749462,-0.008298802814695066
9951,-1.2696701001204882,-0.008298802814695066
9952,-1.2696703862056014,-0.008298802814695066
9953,-1.2696703912397482,-0.008298802814695066
9954,-1.2696704087507622,-0.008298802814695066
9955,-1.2696707470989792,-0.008298802814695066
9956,-1.2696708156484866,-0.008298802814695066
9957,-1.269670953695825,-0.008298802814695066
9958,-1.2696709916569415,-0.008298802814695066
9959,-1.2696711205756324,-0.008298802814695066
9960,-1.2696712555014238,-0.008298802814695066
9961,-1.2696713734231135,-0.008298802814695066
9962,-1.26967139633452,-0.008298802814695066
9963,-1.2696714121977026,-0.008298802814695066
9964,-1.2696714795947293,-0.008298802814695066
9965,-1.2696715343212341,-0.008298802814695066
9966,-1.2696716691650718,-0.008298802814695066
9967,-1.2696717169405753,-0.008298802814695066
9968,-1.269671724352058,-0.008298802814695066
9969,-1.26967179017041,-0.008298802814695066
9970,-1.2696718022576368,-0.008298802814695066
9971,-1.2696718589695533,-0.008298802814695066
9972,-1.2696719835662784,-0.008298802814695066
9973,-1.2696720268096455,-0.008298802814695066
9974,-1.269672046788357,-0.008298802814695066
9975,-1.2696721550612071,-0.008298802814695066
9976,-1.2696722624846664,-0.008298802814695066
9977,-1.2696726681414878,-0.008298802814695066
9978,-1.2696728337922163,-0.008298802814695066
9979,-1.269672969290585,-0.008298802814695066
9980,-1.2696729833098825,-0.008298802814695066
9981,-1.2696730629501782,-0.008298802814695066
9982,-1.2696733194698533,-0.008298802814695066
9983,-1.2696734671033274,-0.008298802814695066
9984,-1.2696737304987937,-0.008298802814695066
9985,-1.2696737530980586,-0.008298802814695066
9986,-1.2696737697015832,-0.008298802814695066
9987,-1.2696738547011934,-0.008298802814695066
9988,-1.2696738716743818,-0.008298802814695066
9989,-1.2696740185228208,-0.008298802814695066
9990,-1.2696740396873394,-0.008298802814695066
9991,-1.2696740991114464,-0.008298802814695066
9992,-1.269674111310871,-0.008298802814695066
9993,-1.2696741684674286,-0.008298802814695066
9994,-1.2696743202758953,-0.008298802814695066
9995,-1.2696743563772404,-0.008298802814695066
9996,-1.2696744216221914,-0.008298802814695066
9997,-1.2696744564427784,-0.008298802814695066
9998,-1.2696745026349805,-0.008298802814695066
9999,-1.2696745450815532,-0.008298802814695066
10000,-1.2696746285819707,-0.008298802814695066
10001,-1.2696747309097394,-0.008298802814695066
10002,-1.2696747800619055,-0.008298802814695066
10003,-1.2696748672746805,-0.008298802814695066
10004,-1.2696749898332946,-0.008298802814695066
10005,-1.2696750201922695,-0.008298802814695066
10006,-1.2696751193758253,-0.008298802814695066
10007,-1.2696751384019918,-0.008298802814695066
10008,-1.2696752751767784,-0.008298802814695066
10009,-1.2696753211613192,-0.008298802814695066
10010,-1.2696753354643868,-0.008298802814695066
10011,-1.2696756928182846,-0.008298802814695066
10012,-1.269675699031598,-0.008298802814695066
10013,-1.2696757330113675,-0.008298802814695066
10014,-1.2696758544525304,-0.008298802814695066
10015,-1.2696759718569692,-0.008298802814695066
10016,-1.2696760073030346,-0.008298802814695066
10017,-1.2696761750128591,-0.008298802814695066
10018,-1.2696764419000823,-0.008298802814695066
10019,-1.2696765193873585,-0.008298802814695066
10020,-1.2696765588550254,-0.008298802814695066
10021,-1.2696765600977398,-0.008298802814695066
10022,-1.269676574885342,-0.008298802814695066
10023,-1.2696766847271272,-0.008298802814695066
10024,-1.2696766872454806,-0.008298802814695066
10025,-1.2696767438356404,-0.008298802814695066
10026,-1.2696768113133303,-0.008298802814695066
10027,-1.2696769125756657,-0.008298802814695066
10028,-1.2696770428703643,-0.008298802814695066
10029,-1.2696771269674572,-0.008298802814695066
10030,-1.2696771525109065,-0.008298802814695066
10031,-1.2696771677498593,-0.008298802814695066
10032,-1.2696774833051157,-0.008298802814695066
10033,-1.2696778860686813,-0.008298802814695066
10034,-1.2696779505468234,-0.008298802814695066
10035,-1.2696780374426146,-0.008298802814695066
10036,-1.2696780789653477,-0.008298802814695066
10037,-1.2696781064849287,-0.008298802814695066
10038,-1.2696781577700318,-0.008298802814695066
10039,-1.2696781846601672,-0.008298802814695066
10040,-1.2696782591468807,-0.008298802814695066
10041,-1.269678334866497,-0.008298802814695066
10042,-1.2696784296318158,-0.008298802814695066
10043,-1.2696785818979293,-0.008298802814695066
10044,-1.2696786229705517,-0.008298802814695066
10045,-1.2696786650416674,-0.008298802814695066
10046,-1.2696786969430063,-0.008298802814695066
10047,-1.269678804800935,-0.008298802814695066
10048,-1.2696788182069978,-0.008298802814695066
10049,-1.2696789116113973,-0.008298802814695066
10050,-1.269678929257599,-0.008298802814695066
10051,-1.2696791279533128,-0.008298802814695066
10052,-1.2696793516492626,-0.008298802814695066
10053,-1.2696793684996548,-0.008298802814695066
10054,-1.2696794935468096,-0.008298802814695066
10055,-1.2696795539536605,-0.008298802814695066
10056,-1.2696796211921129,-0.008298802814695066
10057,-1.2696796828851826,-0.008298802814695066
10058,-1.2696797161554318,-0.008298802814695066
10059,-1.2696797443926804,-0.008298802814695066
10060,-1.2696799414656048,-0.008298802814695066
10061,-1.269680152507132,-0.008298802814695066
10062,-1.2696801569834297,-0.008298802814695066
10063,-1.269680182855535,-0.008298802814695066
10064,-1.2696801882326951,-0.008298802814695066
10065,-1.269680300185545,-0.008298802814695066
10066,-1.2696805455553815,-0.008298802814695066
10067,-1.269680650913321,-0.008298802814695066
10068,-1.269680653901745,-0.008298802814695066
10069,-1.2696806637552085,-0.008298802814695066
10070,-1.2696807548149542,-0.008298802814695066
10071,-1.2696808578334242,-0.008298802814695066
10072,-1.2696808612582784,-0.008298802814695066
10073,-1.269680865356262,-0.008298802814695066
10074,-1.2696809021134055,-0.008298802814695066
10075,-1.269680966650526,-0.008298802814695066
10076,-1.2696810121214666,-0.008298802814695066
10077,-1.2696810515758004,-0.008298802814695066
10078,-1.2696811399482932,-0.008298802814695066
10079,-1.2696811566554795,-0.008298802814695066
10080,-1.2696811907201067,-0.008298802814695066
10081,-1.2696811932526084,-0.008298802814695066
10082,-1.2696812078758886,-0.008298802814695066
10083,-1.2696812338958892,-0.008298802814695066
10084,-1.2696812970136053,-0.008298802814695066
10085,-1.2696813992694937,-0.008298802814695066
10086,-1.2696816418110128,-0.008298802814695066
10087,-1.269681644996144,-0.008298802814695066
10088,-1.2696816706084413,-0.008298802814695066
10089,-1.269681899990343,-0.008298802814695066
10090,-1.2696819158230217,-0.008298802814695066
10091,-1.2696819363454541,-0.008298802814695066
10092,-1.2696819504652606,-0.008298802814695066
10093,-1.2696820236876845,-0.008298802814695066
10094,-1.2696820428828943,-0.008298802814695066
10095,-1.269682072539483,-0.008298802814695066
10096,-1.2696821617069742,-0.008298802814695066
10097,-1.269682175482361,-0.008298802814695066
10098,-1.2696823336637997,-0.008298802814695066
10099,-1.269682412728363,-0.008298802814695066
10100,-1.2696824818528738,-0.008298802814695066
10101,-1.2696825492664456,-0.008298802814695066
10102,-1.26968263569397,-0.008298802814695066
10103,-1.2696826667300405,-0.008298802814695066
10104,-1.2696828774086155,-0.008298802814695066
10105,-1.2696829806805379,-0.008298802814695066
10106,-1.2696830080777346,-0.008298802814695066
10107,-1.2696831028846072,-0.008298802814695066
10108,-1.2696831553433825,-0.008298802814695066
10109,-1.2696833203045137,-0.008298802814695066
10110,-1.2696833275362072,-0.008298802814695066
10111,-1.269683355451257,-0.008298802814695066
10112,-1.269683403062582,-0.008298802814695066
10113,-1.2696834478141774,-0.008298802814695066
10114,-1.2696835414316405,-0.008298802814695066
10115,-1.2696836034538819,-0.008298802814695066
10116,-1.2696836183958715,-0.008298802814695066
10117,-1.2696836279766242,-0.008298802814695066
10118,-1.2696836733013077,-0.008298802814695066
10119,-1.2696837593586485,-0.008298802814695066
10120,-1.2696839987336863,-0.008298802814695066
10121,-1.2696840407432146,-0.008298802814695066
10122,-1.26968418616074,-0.008298802814695066
10123,-1.2696842025319486,-0.008298802814695066
10124,-1.2696843028475284,-0.008298802814695066
10125,-1.2696843068296935,-0.008298802814695066
10126,-1.2696843632847046,-0.008298802814695066
10127,-1.2696844214494583,-0.008298802814695066
10128,-1.2696844394640683,-0.008298802814695066
10129,-1.2696847135821838,-0.008298802814695066
10130,-1.2696847324936589,-0.008298802814695066
10131,-1.2696847393011668,-0.008298802814695066
10132,-1.2696847435533642,-0.008298802814695066
10133,-1.2696848008578905,-0.008298802814695066
10134,-1.2696848261720062,-0.008298802814695066
10135,-1.2696849696365917,-0.008298802814695066
10136,-1.2696850766560834,-0.008298802814695066
10137,-1.2696851360215144,-0.008298802814695066
10138,-1.2696851392243422,-0.008298802814695066
10139,-1.2696853252835258,-0.008298802814695066
10140,-1.2696854029056033,-0.008298802814695066
10141,-1.2696855031899457,-0.008298802814695066
10142,-1.2696855228515356,-0.008298802814695066
10143,-1.2696856622699455,-0.008298802814695066
10144,-1.2696856668241665,-0.008298802814695066
10145,-1.2696857448447523,-0.008298802814695066
10146,-1.2696862386960905,-0.008298802814695066
10147,-1.2696862777384292,-0.008298802814695066
10148,-1.2696864256415337,-0.008298802814695066
10149,-1.2696865886512838,-0.008298802814695066
10150,-1.2696866923587944,-0.008298802814695066
10151,-1.2696867466467396,-0.008298802814695066
10152,-1.2696868424216445,-0.008298802814695066
10153,-1.269687553846547,-0.008298802814695066
10154,-1.2696875721093521,-0.008298802814695066
10155,-1.2696876385349862,-0.008298802814695066
10156,-1.2696876935396983,-0.008298802814695066
10157,-1.2696879091577964,-0.008298802814695066
10158,-1.2696879229548856,-0.008298802814695066
10159,-1.2696879930431564,-0.008298802814695066
10160,-1.2696880188736657,-0.008298802814695066
10161,-1.26968804059889,-0.008298802814695066
10162,-1.269688048896581,-0.008298802814695066
10163,-1.2696881795413635,-0.008298802814695066
10164,-1.2696882055079326,-0.008298802814695066
10165,-1.2696885666220163,-0.008298802814695066
10166,-1.269688649790868,-0.008298802814695066
10167,-1.269688653523957,-0.008298802814695066
10168,-1.269688716830885,-0.008298802814695066
10169,-1.269688727514159,-0.008298802814695066
10170,-1.2696887410574198,-0.008298802814695066
10171,-1.2696888802298423,-0.008298802814695066
10172,-1.2696889784016303,-0.008298802814695066
10173,-1.2696890008374826,-0.008298802814695066
10174,-1.269689118573993,-0.008298802814695066
10175,-1.269689156018373,-0.008298802814695066
10176,-1.2696892966883913,-0.008298802814695066
10177,-1.2696893204600037,-0.008298802814695066
10178,-1.269689343480889,-0.008298802814695066
10179,-1.269689348171788,-0.008298802814695066
10180,-1.2696895473203114,-0.008298802814695066
10181,-1.2696896778721292,-0.008298802814695066
10182,-1.2696897558774105,-0.008298802814695066
10183,-1.2696897617328007,-0.008298802814695066
10184,-1.2696897812462842,-0.008298802814695066
10185,-1.2696898084008446,-0.008298802814695066
10186,-1.2696898102765686,-0.008298802814695066
10187,-1.2696898166725594,-0.008298802814695066
10188,-1.269689816691604,-0.008298802814695066
10189,-1.2696898240101446,-0.008298802814695066
10190,-1.2696898372742544,-0.008298802814695066
10191,-1.2696898984396472,-0.008298802814695066
10192,-1.269689949703252,-0.008298802814695066
10193,-1.269690013787605,-0.008298802814695066
10194,-1.2696900485886988,-0.008298802814695066
10195,-1.2696900809997278,-0.008298802814695066
10196,-1.269690106648389,-0.008298802814695066
10197,-1.2696901575074535,-0.008298802814695066
10198,-1.2696901985621378,-0.008298802814695066
10199,-1.2696903526543062,-0.008298802814695066
10200,-1.269690356811454,-0.008298802814695066
10201,-1.2696904117508474,-0.008298802814695066
10202,-1.2696904472107504,-0.008298802814695066
10203,-1.2696905275965462,-0.008298802814695066
10204,-1.269690614353902,-0.008298802814695066
10205,-1.269690642862309,-0.008298802814695066
10206,-1.2696907680277347,-0.008298802814695066
10207,-1.2696908040998438,-0.008298802814695066
10208,-1.2696910062870201,-0.008298802814695066
10209,-1.2696910190944297,-0.008298802814695066
10210,-1.2696910322762962,-0.008298802814695066
10211,-1.269691062151029,-0.008298802814695066
10212,-1.2696911295902953,-0.008298802814695066
10213,-1.269691136373579,-0.008298802814695066
10214,-1.2696913646810013,-0.008298802814695066
10215,-1.2696913876255507,-0.008298802814695066
10216,-1.2696914430856474,-0.008298802814695066
10217,-1.2696914690284116,-0.008298802814695066
10218,-1.2696916088186208,-0.008298802814695066
10219,-1.2696917480379746,-0.008298802814695066
10220,-1.2696918645401765,-0.008298802814695066
10221,-1.2696918856183839,-0.008298802814695066
10222,-1.2696919242286784,-0.008298802814695066
10223,-1.2696919476084758,-0.008298802814695066
10224,-1.269692010666946,-0.008298802814695066
10225,-1.2696920262675842,-0.008298802814695066
10226,-1.2696921381380732,-0.008298802814695066
10227,-1.2696922105862747,-0.008298802814695066
10228,-1.2696922317409387,-0.008298802814695066
10229,-1.2696923829778957,-0.008298802814695066
10230,-1.2696924917232395,-0.008298802814695066
10231,-1.2696926889209157,-0.008298802814695066
10232,-1.2696927210419418,-0.008298802814695066
10233,-1.2696927324378537,-0.008298802814695066
10234,-1.2696927447390745,-0.008298802814695066
10235,-1.2696927981220436,-0.008298802814695066
10236,-1.269692854201167,-0.008298802814695066
10237,-1.269692862715288,-0.008298802814695066
10238,-1.2696928642647498,-0.008298802814695066
10239,-1.2696928940197654,-0.008298802814695066
10240,-1.2696929620691817,-0.008298802814695066
10241,-1.2696929797381609,-0.008298802814695066
10242,-1.269692994779741,-0.008298802814695066
10243,-1.2696931738502153,-0.008298802814695066
10244,-1.26969319433247,-0.008298802814695066
10245,-1.2696932702532528,-0.008298802814695066
10246,-1.2696933114832536,-0.008298802814695066
10247,-1.2696933166308122,-0.008298802814695066
10248,-1.2696933218183697,-0.008298802814695066
10249,-1.2696934375538247,-0.008298802814695066
10250,-1.2696936957000569,-0.008298802814695066
10251,-1.2696940327525903,-0.008298802814695066
10252,-1.269694093869925,-0.008298802814695066
10253,-1.2696942126555362,-0.008298802814695066
10254,-1.269694282633455,-0.008298802814695066
10255,-1.2696943539867558,-0.008298802814695066
10256,-1.2696945100430508,-0.008298802814695066
10257,-1.269694516353406,-0.008298802814695066
10258,-1.269694531807918,-0.008298802814695066
10259,-1.2696945333690783,-0.008298802814695066
10260,-1.2696945367825965,-0.008298802814695066
10261,-1.2696945746131787,-0.008298802814695066
10262,-1.2696945857326642,-0.008298802814695066
10263,-1.2696947293140974,-0.008298802814695066
10264,-1.2696947430587018,-0.008298802814695066
10265,-1.2696947860948975,-0.008298802814695066
10266,-1.2696947950041124,-0.008298802814695066
10267,-1.2696948020683858,-0.008298802814695066
10268,-1.2696948808372703,-0.008298802814695066
10269,-1.2696949585843407,-0.008298802814695066
10270,-1.269694980049379,-0.008298802814695066
10271,-1.2696950132359133,-0.008298802814695066
10272,-1.269695084167623,-0.008298802814695066
10273,-1.269695099579159,-0.008298802814695066
10274,-1.26969516787826,-0.008298802814695066
10275,-1.269695196621479,-0.008298802814695066
10276,-1.269695212778383,-0.008298802814695066
10277,-1.2696952372484105,-0.008298802814695066
10278,-1.269695270951505,-0.008298802814695066
10279,-1.2696952850615055,-0.008298802814695066
10280,-1.2696953357419418,-0.008298802814695066
10281,-1.269695409168037,-0.008298802814695066
10282,-1.2696954537350034,-0.008298802814695066
10283,-1.2696954779970555,-0.008298802814695066
10284,-1.2696954938193556,-0.008298802814695066
10285,-1.2696955643431125,-0.008298802814695066
10286,-1.2696955997047377,-0.008298802814695066
10287,-1.2696956460997626,-0.008298802814695066
10288,-1.2696958349024023,-0.008298802814695066
10289,-1.2696959001893409,-0.008298802814695066
10290,-1.2696960081247848,-0.008298802814695066
10291,-1.2696960319465056,-0.008298802814695066
10292,-1.26969610068511,-0.008298802814695066
10293,-1.2696962682326953,-0.008298802814695066
10294,-1.2696963277458195,-0.008298802814695066
10295,-1.269696338245607,-0.008298802814695066
10296,-1.2696963715983418,-0.008298802814695066
10297,-1.2696964380242972,-0.008298802814695066
10298,-1.2696964451741846,-0.008298802814695066
10299,-1.2696964482799324,-0.008298802814695066
10300,-1.2696964890573348,-0.008298802814695066
10301,-1.2696965059436316,-0.008298802814695066
10302,-1.2696965174672306,-0.008298802814695066
10303,-1.2696965668750162,-0.008298802814695066
10304,-1.2696966343308025,-0.008298802814695066
10305,-1.269696674436661,-0.008298802814695066
10306,-1.2696966898279003,-0.008298802814695066
10307,-1.2696967232143526,-0.008298802814695066
10308,-1.2696967542913282,-0.008298802814695066
10309,-1.2696967773101107,-0.008298802814695066
10310,-1.2696968313097645,-0.008298802814695066
10311,-1.269696837115023,-0.008298802814695066
10312,-1.269696881654903,-0.008298802814695066
10313,-1.2696968997188525,-0.008298802814695066
10314,-1.26969694051568,-0.008298802814695066
10315,-1.2696969596341565,-0.008298802814695066
10316,-1.269696987055072,-0.008298802814695066
10317,-1.2696970237113554,-0.008298802814695066
10318,-1.2696970893901813,-0.008298802814695066
10319,-1.269697110748127,-0.008298802814695066
10320,-1.2696971279362832,-0.008298802814695066
10321,-1.2696971422095051,-0.008298802814695066
10322,-1.2696972446871606,-0.008298802814695066
10323,-1.2696972981956143,-0.008298802814695066
10324,-1.2696973358517383,-0.008298802814695066
10325,-1.269697360273644,-0.008298802814695066
10326,-1.269697418763883,-0.008298802814695066
10327,-1.2696974766988836,-0.008298802814695066
10328,-1.2696976179790702,-0.008298802814695066
10329,-1.2696977278168564,-0.008298802814695066
10330,-1.2696977319734049,-0.008298802814695066
10331,-1.269697775045485,-0.008298802814695066
10332,-1.2696978015798583,-0.008298802814695066
10333,-1.2696978026755321,-0.008298802814695066
10334,-1.269697912830128,-0.008298802814695066
10335,-1.2696979476159604,-0.008298802814695066
10336,-1.2696979800790094,-0.008298802814695066
10337,-1.2696980430869242,-0.008298802814695066
10338,-1.2696980504002997,-0.008298802814695066
10339,-1.269698132896068,-0.008298802814695066
10340,-1.26969821865198,-0.008298802814695066
10341,-1.269698255676711,-0.008298802814695066
10342,-1.2696983164457756,-0.008298802814695066
10343,-1.2696985633394062,-0.008298802814695066
10344,-1.2696985865001784,-0.008298802814695066
10345,-1.269698603434127,-0.008298802814695066
10346,-1.2696987159656188,-0.008298802814695066
10347,-1.269698722994527,-0.008298802814695066
10348,-1.269698752849946,-0.008298802814695066
10349,-1.269698830157457,-0.008298802814695066
10350,-1.2696989611035483,-0.008298802814695066
10351,-1.269698984180249,-0.008298802814695066
10352,-1.2696990409703282,-0.008298802814695066
10353,-1.2696990412464946,-0.008298802814695066
10354,-1.2696990796768814,-0.008298802814695066
10355,-1.2696991285405055,-0.008298802814695066
10356,-1.2696991464187768,-0.008298802814695066
10357,-1.269699270031377,-0.008298802814695066
10358,-1.2696992825464797,-0.008298802814695066
10359,-1.2696992893802728,-0.008298802814695066
10360,-1.269699320710795,-0.008298802814695066
10361,-1.2696993455105008,-0.008298802814695066
10362,-1.2696993505044754,-0.008298802814695066
10363,-1.269699417950034,-0.008298802814695066
10364,-1.2696994439056026,-0.008298802814695066
10365,-1.2696995079415623,-0.008298802814695066
10366,-1.2696995834037648,-0.008298802814695066
10367,-1.269699612138882,-0.008298802814695066
10368,-1.2696996763229187,-0.008298802814695066
10369,-1.269699700005656,-0.008298802814695066
10370,-1.2696997361805162,-0.008298802814695066
10371,-1.269699803696626,-0.008298802814695066
10372,-1.2697000043108553,-0.008298802814695066
10373,-1.2697000228300208,-0.008298802814695066
10374,-1.2697000253493722,-0.008298802814695066
10375,-1.2697000524879523,-0.008298802814695066
10376,-1.2697000844450188,-0.008298802814695066
10377,-1.269700088880581,-0.008298802814695066
10378,-1.2697002474158992,-0.008298802814695066
10379,-1.2697003547713872,-0.008298802814695066
10380,-1.2697005279982596,-0.008298802814695066
10381,-1.2697006393559616,-0.008298802814695066
10382,-1.2697006512860227,-0.008298802814695066
10383,-1.2697007014382804,-0.008298802814695066
10384,-1.2697007290357072,-0.008298802814695066
10385,-1.2697007555108564,-0.008298802814695066
10386,-1.2697007792229549,-0.008298802814695066
10387,-1.269700812751793,-0.008298802814695066
10388,-1.269700860317099,-0.008298802814695066
10389,-1.2697009913536585,-0.008298802814695066
10390,-1.2697010668191495,-0.008298802814695066
10391,-1.2697010871443497,-0.008298802814695066
10392,-1.2697011084010423,-0.008298802814695066
10393,-1.2697011774568558,-0.008298802814695066
10394,-1.2697011859858476,-0.008298802814695066
10395,-1.2697012234151661,-0.008298802814695066
10396,-1.2697013680841893,-0.008298802814695066
10397,-1.2697013826936554,-0.008298802814695066
10398,-1.2697013846826293,-0.008298802814695066
10399,-1.2697014402757176,-0.008298802814695066
10400,-1.269701455084276,-0.008298802814695066
10401,-1.2697014758287157,-0.008298802814695066
10402,-1.2697015597859331,-0.008298802814695066
10403,-1.269701596057756,-0.008298802814695066
10404,-1.2697016292133991,-0.008298802814695066
10405,-1.2697016379246309,-0.008298802814695066
10406,-1.2697016524874503,-0.008298802814695066
10407,-1.2697017504054517,-0.008298802814695066
10408,-1.269701861832782,-0.008298802814695066
10409,-1.269701934620315,-0.008298802814695066
10410,-1.2697020222882243,-0.008298802814695066
10411,-1.2697020344886858,-0.008298802814695066
10412,-1.2697020683745286,-0.008298802814695066
10413,-1.2697020902597136,-0.008298802814695066
10414,-1.2697020936014431,-0.008298802814695066
10415,-1.2697021024496205,-0.008298802814695066
10416,-1.269702221388624,-0.008298802814695066
10417,-1.2697022241987994,-0.008298802814695066
10418,-1.2697022752546179,-0.008298802814695066
10419,-1.269702356418354,-0.008298802814695066
10420,-1.269702368215452,-0.008298802814695066
10421,-1.2697023900009365,-0.008298802814695066
10422,-1.269702450383634,-0.008298802814695066
10423,-1.269702480873407,-0.008298802814695066
10424,-1.2697025064674712,-0.008298802814695066
10425,-1.2697026899946922,-0.008298802814695066
10426,-1.269702750585454,-0.008298802814695066
10427,-1.2697028106829094,-0.008298802814695066
10428,-1.2697028909666723,-0.008298802814695066
10429,-1.2697029046462416,-0.008298802814695066
10430,-1.2697029775914483,-0.008298802814695066
10431,-1.2697030195623369,-0.008298802814695066
10432,-1.26970302576499,-0.008298802814695066
10433,-1.269703135224754,-0.008298802814695066
10434,-1.2697031659357467,-0.008298802814695066
10435,-1.2697031674249901,-0.008298802814695066
10436,-1.2697032488316429,-0.008298802814695066
10437,-1.2697032707275262,-0.008298802814695066
10438,-1.2697033642073217,-0.008298802814695066
10439,-1.2697034344876565,-0.008298802814695066
10440,-1.2697034702978944,-0.008298802814695066
10441,-1.2697034717106166,-0.008298802814695066
10442,-1.2697034777026084,-0.008298802814695066
10443,-1.269703486507549,-0.008298802814695066
10444,-1.2697035525089215,-0.008298802814695066
10445,-1.2697035871306774,-0.008298802814695066
10446,-1.2697036388694243,-0.008298802814695066
10447,-1.2697037255992267,-0.008298802814695066
10448,-1.269703741060876,-0.008298802814695066
10449,-1.269703877377813,-0.008298802814695066
10450,-1.2697038848579933,-0.008298802814695066
10451,-1.2697038900410704,-0.008298802814695066
10452,-1.2697039032675346,-0.008298802814695066
10453,-1.2697039851982368,-0.008298802814695066
10454,-1.269704018236462,-0.008298802814695066
10455,-1.2697040572943181,-0.008298802814695066
10456,-1.269704070256029,-0.008298802814695066
10457,-1.269704078562442,-0.008298802814695066
10458,-1.2697040953452967,-0.008298802814695066
10459,-1.2697041023276323,-0.008298802814695066
10460,-1.2697041694881537,-0.008298802814695066
10461,-1.2697042382332648,-0.008298802814695066
10462,-1.2697044682597878,-0.008298802814695066
10463,-1.2697045690644528,-0.008298802814695066
10464,-1.2697047392299865,-0.008298802814695066
10465,-1.2697047509381338,-0.008298802814695066
10466,-1.2697047745055992,-0.008298802814695066
10467,-1.269704844325123,-0.008298802814695066
10468,-1.269704876256573,-0.008298802814695066
10469,-1.269705003589916,-0.008298802814695066
10470,-1.2697050782882842,-0.008298802814695066
10471,-1.269705085092617,-0.008298802814695066
10472,-1.2697051167786164,-0.008298802814695066
10473,-1.2697051421922279,-0.008298802814695066
10474,-1.2697051789390343,-0.008298802814695066
10475,-1.2697052101097903,-0.008298802814695066
10476,-1.2697052343553683,-0.008298802814695066
10477,-1.269705241760839,-0.008298802814695066
10478,-1.2697052651009089,-0.008298802814695066
10479,-1.2697052731400087,-0.008298802814695066
10480,-1.2697053375974932,-0.008298802814695066
10481,-1.2697053971980956,-0.008298802814695066
10482,-1.2697054188177077,-0.008298802814695066
10483,-1.2697054210307779,-0.008298802814695066
10484,-1.2697054488078323,-0.008298802814695066
10485,-1.2697054808138697,-0.008298802814695066
10486,-1.269705635270327,-0.008298802814695066
10487,-1.2697056898264185,-0.008298802814695066
10488,-1.2697057048078821,-0.008298802814695066
10489,-1.269705719396138,-0.008298802814695066
10490,-1.2697057429944336,-0.008298802814695066
10491,-1.2697057726559078,-0.008298802814695066
10492,-1.2697058125082248,-0.008298802814695066
10493,-1.2697058288007899,-0.008298802814695066
10494,-1.2697058544812962,-0.008298802814695066
10495,-1.2697059306187501,-0.008298802814695066
10496,-1.2697059608272414,-0.008298802814695066
10497,-1.2697059891903875,-0.008298802814695066
10498,-1.2697059989889785,-0.008298802814695066
10499,-1.2697060326323926,-0.008298802814695066
10500,-1.2697060675321357,-0.008298802814695066
10501,-1.2697061993637218,-0.008298802814695066
10502,-1.2697062362001863,-0.008298802814695066
10503,-1.269706257840522,-0.008298802814695066
10504,-1.2697062632316285,-0.008298802814695066
10505,-1.2697063511470696,-0.008298802814695066
10506,-1.269706436417433,-0.008298802814695066
10507,-1.2697064389727182,-0.008298802814695066
10508,-1.2697064588914548,-0.008298802814695066
10509,-1.2697064647394636,-0.008298802814695066
10510,-1.269706540192062,-0.008298802814695066
10511,-1.2697065985369074,-0.008298802814695066
10512,-1.269706653718313,-0.008298802814695066
10513,-1.2697066919837825,-0.008298802814695066
10514,-1.2697066992688053,-0.008298802814695066
10515,-1.2697067278190293,-0.008298802814695066
10516,-1.2697068151359754,-0.008298802814695066
10517,-1.2697068594932535,-0.008298802814695066
10518,-1.2697068629249628,-0.008298802814695066
10519,-1.2697069090940203,-0.008298802814695066
10520,-1.2697069193120754,-0.008298802814695066
10521,-1.2697069700438544,-0.008298802814695066
10522,-1.2697070393992638,-0.008298802814695066
10523,-1.2697070918017492,-0.008298802814695066
10524,-1.269707094812594,-0.008298802814695066
10525,-1.269707140787434,-0.008298802814695066
10526,-1.269707152130887,-0.008298802814695066
10527,-1.2697071999872334,-0.008298802814695066
10528,-1.2697072160504952,-0.008298802814695066
10529,-1.2697072431159957,-0.008298802814695066
10530,-1.2697073689247447,-0.008298802814695066
10531,-1.2697074001152817,-0.008298802814695066
10532,-1.2697075253404808,-0.008298802814695066
10533,-1.269707527283365,-0.008298802814695066
10534,-1.2697075822555466,-0.008298802814695066
10535,-1.2697077829082506,-0.008298802814695066
10536,-1.2697078183214867,-0.008298802814695066
10537,-1.2697078274821667,-0.008298802814695066
10538,-1.2697079062222485,-0.008298802814695066
10539,-1.2697079101878903,-0.008298802814695066
10540,-1.2697079394341322,-0.008298802814695066
10541,-1.2697079933467392,-0.008298802814695066
10542,-1.2697080042020807,-0.008298802814695066
10543,-1.269708144232418,-0.008298802814695066
10544,-1.2697082322735134,-0.008298802814695066
10545,-1.269708235693685,-0.008298802814695066
10546,-1.2697083032339016,-0.008298802814695066
10547,-1.2697083777635454,-0.008298802814695066
10548,-1.269708421106987,-0.008298802814695066
10549,-1.2697084817059558,-0.008298802814695066
10550,-1.2697084917410966,-0.008298802814695066
10551,-1.2697085433996957,-0.008298802814695066
10552,-1.2697086218862106,-0.008298802814695066
10553,-1.2697086390065626,-0.008298802814695066
10554,-1.2697088179553795,-0.008298802814695066
10555,-1.2697090197080576,-0.008298802814695066
10556,-1.2697090299292222,-0.008298802814695066
10557,-1.2697091431407925,-0.008298802814695066
10558,-1.2697091610650093,-0.008298802814695066
10559,-1.2697092271885502,-0.008298802814695066
10560,-1.2697092381566435,-0.008298802814695066
10561,-1.2697093530927916,-0.008298802814695066
10562,-1.2697095168583596,-0.008298802814695066
10563,-1.269709593549433,-0.008298802814695066
10564,-1.2697096071823144,-0.008298802814695066
10565,-1.2697097208336852,-0.008298802814695066
10566,-1.2697097346594586,-0.008298802814695066
10567,-1.2697097541604323,-0.008298802814695066
10568,-1.2697097851155044,-0.008298802814695066
10569,-1.269709793583747,-0.008298802814695066
10570,-1.2697100608304508,-0.008298802814695066
10571,-1.2697100763061602,-0.008298802814695066
10572,-1.2697101119250704,-0.008298802814695066
10573,-1.269710114992736,-0.008298802814695066
10574,-1.269710138950027,-0.008298802814695066
10575,-1.2697101749130277,-0.008298802814695066
10576,-1.269710195847619,-0.008298802814695066
10577,-1.2697102333907362,-0.008298802814695066
10578,-1.26971023769662,-0.008298802814695066
10579,-1.269710252475773,-0.008298802814695066
10580,-1.2697103366354068,-0.008298802814695066
10581,-1.2697103371051983,-0.008298802814695066
10582,-1.2697104428174688,-0.008298802814695066
10583,-1.2697105101231618,-0.008298802814695066
10584,-1.2697105142857272,-0.008298802814695066
10585,-1.2697105150486316,-0.008298802814695066
10586,-1.269710573458826,-0.008298802814695066
10587,-1.269710583609468,-0.008298802814695066
10588,-1.2697107441380153,-0.008298802814695066
10589,-1.2697108133016046,-0.008298802814695066
10590,-1.269710867802908,-0.008298802814695066
10591,-1.269711031762778,-0.008298802814695066
10592,-1.2697110370861933,-0.008298802814695066
10593,-1.2697110384088226,-0.008298802814695066
10594,-1.2697110949248764,-0.008298802814695066
10595,-1.2697111145351268,-0.008298802814695066
10596,-1.2697111299523853,-0.008298802814695066
10597,-1.2697112032892255,-0.008298802814695066
10598,-1.2697112698323296,-0.008298802814695066
10599,-1.2697113113963436,-0.008298802814695066
10600,-1.2697113692480118,-0.008298802814695066
10601,-1.269711385854955,-0.008298802814695066
10602,-1.2697113908916915,-0.008298802814695066
10603,-1.2697113968015752,-0.008298802814695066
10604,-1.2697114407849046,-0.008298802814695066
10605,-1.269711484621863,-0.008298802814695066
10606,-1.2697114957645548,-0.008298802814695066
10607,-1.269711578343013,-0.008298802814695066
10608,-1.2697115857436305,-0.008298802814695066
10609,-1.269711607659156,-0.008298802814695066
10610,-1.2697116134872755,-0.008298802814695066
10611,-1.2697116297338251,-0.008298802814695066
10612,-1.2697117226634422,-0.008298802814695066
10613,-1.2697117802695082,-0.008298802814695066
10614,-1.2697118219647272,-0.008298802814695066
10615,-1.2697118863469217,-0.008298802814695066
10616,-1.2697118939842902,-0.008298802814695066
10617,-1.2697119833377293,-0.008298802814695066
10618,-1.2697122172915534,-0.008298802814695066
10619,-1.2697122521000668,-0.008298802814695066
10620,-1.2697123266659702,-0.008298802814695066
10621,-1.2697123542968423,-0.008298802814695066
10622,-1.2697123611880798,-0.008298802814695066
10623,-1.2697123784561684,-0.008298802814695066
10624,-1.2697123849362182,-0.008298802814695066
10625,-1.2697124018040917,-0.008298802814695066
10626,-1.2697124296053877,-0.008298802814695066
10627,-1.2697124443402852,-0.008298802814695066
10628,-1.2697124648501448,-0.008298802814695066
10629,-1.2697125524430948,-0.008298802814695066
10630,-1.269712685544442,-0.008298802814695066
10631,-1.2697126930273788,-0.008298802814695066
10632,-1.2697127448127077,-0.008298802814695066
10633,-1.269712748813782,-0.008298802814695066
10634,-1.2697127740975636,-0.008298802814695066
10635,-1.2697128334788617,-0.008298802814695066
10636,-1.2697128653981993,-0.008298802814695066
10637,-1.2697128919528713,-0.008298802814695066
10638,-1.2697129172079107,-0.008298802814695066
10639,-1.2697130932645324,-0.008298802814695066
10640,-1.2697131841352505,-0.008298802814695066
10641,-1.2697131996569273,-0.008298802814695066
10642,-1.2697132306385097,-0.008298802814695066
10643,-1.2697134490939046,-0.008298802814695066
10644,-1.2697134629273377,-0.008298802814695066
10645,-1.2697134798005383,-0.008298802814695066
10646,-1.2697135310784464,-0.008298802814695066
10647,-1.2697135424333132,-0.008298802814695066
10648,-1.269713682799305,-0.008298802814695066
10649,-1.2697137404324765,-0.008298802814695066
10650,-1.2697137873832114,-0.008298802814695066
10651,-1.2697138258913154,-0.008298802814695066
10652,-1.2697138455944423,-0.008298802814695066
10653,-1.2697138786999647,-0.008298802814695066
10654,-1.2697138794145941,-0.008298802814695066
10655,-1.2697138817233573,-0.008298802814695066
10656,-1.269713888428312,-0.008298802814695066
10657,-1.2697139526605365,-0.008298802814695066
10658,-1.2697139804463522,-0.008298802814695066
10659,-1.2697139859488358,-0.008298802814695066
10660,-1.269714068119769,-0.008298802814695066
10661,-1.2697140739696837,-0.008298802814695066
10662,-1.2697141011843458,-0.008298802814695066
10663,-1.269714131855218,-0.008298802814695066
10664,-1.2697141396009004,-0.008298802814695066
10665,-1.2697141601068593,-0.008298802814695066
10666,-1.2697141720191656,-0.008298802814695066
10667,-1.2697141833858663,-0.008298802814695066
10668,-1.2697142829576902,-0.008298802814695066
10669,-1.2697142874578287,-0.008298802814695066
10670,-1.2697142875986058,-0.008298802814695066
10671,-1.2697143921067278,-0.008298802814695066
10672,-1.2697145088494355,-0.008298802814695066
10673,-1.269714531852809,-0.008298802814695066
10674,-1.2697145407138541,-0.008298802814695066
10675,-1.269714579030404,-0.008298802814695066
10676,-1.2697146091812879,-0.008298802814695066
10677,-1.2697146173910785,-0.008298802814695066
10678,-1.269714697763583,-0.008298802814695066
10679,-1.2697147029491094,-0.008298802814695066
10680,-1.2697147683074528,-0.008298802814695066
10681,-1.2697148036288086,-0.008298802814695066
10682,-1.26971487839939,-0.008298802814695066
10683,-1.2697149388498443,-0.008298802814695066
10684,-1.2697149416440092,-0.008298802814695066
10685,-1.2697150930282548,-0.008298802814695066
10686,-1.2697151237290798,-0.008298802814695066
10687,-1.269715139600142,-0.008298802814695066
10688,-1.269715167770737,-0.008298802814695066
10689,-1.2697151755346088,-0.008298802814695066
10690,-1.2697152246085133,-0.008298802814695066
10691,-1.2697152637747309,-0.008298802814695066
10692,-1.2697153143263327,-0.008298802814695066
10693,-1.2697153414160627,-0.008298802814695066
10694,-1.2697153432478654,-0.008298802814695066
10695,-1.2697153916136181,-0.008298802814695066
10696,-1.26971539407926,-0.008298802814695066
10697,-1.2697154172907499,-0.008298802814695066
10698,-1.269715489293737,-0.008298802814695066
10699,-1.2697154919767573,-0.008298802814695066
10700,-1.2697154928348584,-0.008298802814695066
10701,-1.2697155101805964,-0.008298802814695066
10702,-1.2697155399960238,-0.008298802814695066
10703,-1.2697155775365918,-0.008298802814695066
10704,-1.2697156040145297,-0.008298802814695066
10705,-1.2697156207113414,-0.008298802814695066
10706,-1.2697156259533013,-0.008298802814695066
10707,-1.2697156969518169,-0.008298802814695066
10708,-1.2697157755655115,-0.008298802814695066
10709,-1.269715791747313,-0.008298802814695066
10710,-1.2697158653335303,-0.008298802814695066
10711,-1.2697158730396023,-0.008298802814695066
10712,-1.269715916648307,-0.008298802814695066
10713,-1.2697159175136525,-0.008298802814695066
10714,-1.2697159338096768,-0.008298802814695066
10715,-1.2697159568769905,-0.008298802814695066
10716,-1.2697159823962882,-0.008298802814695066
10717,-1.2697160011816397,-0.008298802814695066
10718,-1.2697160100660563,-0.008298802814695066
10719,-1.2697160109833778,-0.008298802814695066
10720,-1.2697160305466944,-0.008298802814695066
10721,-1.2697161043405847,-0.008298802814695066
10722,-1.2697161460784918,-0.008298802814695066
10723,-1.269716202479594,-0.008298802814695066
10724,-1.26971622174911,-0.008298802814695066
10725,-1.2697163648898946,-0.008298802814695066
10726,-1.2697163891155643,-0.008298802814695066
10727,-1.2697164772521408,-0.008298802814695066
10728,-1.269716568116708,-0.008298802814695066
10729,-1.2697165710642357,-0.008298802814695066
10730,-1.2697165915615933,-0.008298802814695066
10731,-1.2697166000128641,-0.008298802814695066
10732,-1.2697166052607443,-0.008298802814695066
10733,-1.2697167370445963,-0.008298802814695066
10734,-1.2697167387209602,-0.008298802814695066
10735,-1.2697167659576958,-0.008298802814695066
10736,-1.2697167671313734,-0.008298802814695066
10737,-1.2697167951419805,-0.008298802814695066
10738,-1.2697168450564984,-0.008298802814695066
10739,-1.2697169014639036,-0.008298802814695066
10740,-1.2697169022624741,-0.008298802814695066
10741,-1.2697169049082142,-0.008298802814695066
10742,-1.2697169460436744,-0.008298802814695066
10743,-1.2697169875646805,-0.008298802814695066
10744,-1.2697170025817286,-0.008298802814695066
10745,-1.2697170405385179,-0.008298802814695066
10746,-1.2697170409033696,-0.008298802814695066
10747,-1.2697170660794843,-0.008298802814695066
10748,-1.2697170833759501,-0.008298802814695066
10749,-1.2697172089834996,-0.008298802814695066
10750,-1.26971721594694,-0.008298802814695066
10751,-1.269717245558117,-0.008298802814695066
10752,-1.2697172752907424,-0.008298802814695066
10753,-1.2697172815728615,-0.008298802814695066
10754,-1.269717302115837,-0.008298802814695066
10755,-1.2697173333362055,-0.008298802814695066
10756,-1.2697173736960718,-0.008298802814695066
10757,-1.2697174487781204,-0.008298802814695066
10758,-1.269717450854537,-0.008298802814695066
10759,-1.269717583234858,-0.008298802814695066
10760,-1.2697175884395355,-0.008298802814695066
10761,-1.2697176886458998,-0.008298802814695066
10762,-1.2697177120060754,-0.008298802814695066
10763,-1.2697177210427908,-0.008298802814695066
10764,-1.2697177536146667,-0.008298802814695066
10765,-1.26971780083322,-0.008298802814695066
10766,-1.2697178424772346,-0.008298802814695066
10767,-1.269717867223774,-0.008298802814695066
10768,-1.2697178691484459,-0.008298802814695066
10769,-1.269717924240578,-0.008298802814695066
10770,-1.269717991263898,-0.008298802814695066
10771,-1.2697180177701421,-0.008298802814695066
10772,-1.2697180691556813,-0.008298802814695066
10773,-1.2697180922654843,-0.008298802814695066
10774,-1.2697181023616295,-0.008298802814695066
10775,-1.2697181676945837,-0.008298802814695066
10776,-1.2697181928991723,-0.008298802814695066
10777,-1.2697182407308762,-0.008298802814695066
10778,-1.269718259543271,-0.008298802814695066
10779,-1.2697182701895051,-0.008298802814695066
10780,-1.2697182996414416,-0.008298802814695066
10781,-1.2697183067578388,-0.008298802814695066
10782,-1.2697183186613048,-0.008298802814695066
10783,-1.2697183420240115,-0.008298802814695066
10784,-1.2697183797273377,-0.008298802814695066
10785,-1.269718393667815,-0.008298802814695066
10786,-1.269718495675189,-0.008298802814695066
10787,-1.2697185298800178,-0.008298802814695066
10788,-1.2697185808497207,-0.008298802814695066
10789,-1.2697185929293229,-0.008298802814695066
10790,-1.269718654921482,-0.008298802814695066
10791,-1.2697187686489473,-0.008298802814695066
10792,-1.2697187750909982,-0.008298802814695066
10793,-1.269718833716297,-0.008298802814695066
10794,-1.2697188626674758,-0.008298802814695066
10795,-1.269718869754701,-0.008298802814695066
10796,-1.269718969879934,-0.008298802814695066
10797,-1.2697190121597117,-0.008298802814695066
10798,-1.2697190197052137,-0.008298802814695066
10799,-1.2697190617796954,-0.008298802814695066
10800,-1.269719069679969,-0.008298802814695066
10801,-1.2697191665792793,-0.008298802814695066
10802,-1.269719167692271,-0.008298802814695066
10803,-1.2697191725963464,-0.008298802814695066
10804,-1.2697191732177444,-0.008298802814695066
10805,-1.2697191776908128,-0.008298802814695066
10806,-1.2697191836401658,-0.008298802814695066
10807,-1.2697192027113142,-0.008298802814695066
10808,-1.269719345060094,-0.008298802814695066
10809,-1.2697194070247453,-0.008298802814695066
10810,-1.2697194187802787,-0.008298802814695066
10811,-1.2697194262367368,-0.008298802814695066
10812,-1.269719523825072,-0.008298802814695066
10813,-1.2697195610928378,-0.008298802814695066
10814,-1.2697196332696188,-0.008298802814695066
10815,-1.2697196448583883,-0.008298802814695066
10816,-1.2697196512688749,-0.008298802814695066
10817,-1.2697196642947892,-0.008298802814695066
10818,-1.2697196701861575,-0.008298802814695066
10819,-1.2697196876310635,-0.008298802814695066
10820,-1.2697196910817206,-0.008298802814695066
10821,-1.2697197043210928,-0.008298802814695066
10822,-1.269719733953918,-0.008298802814695066
10823,-1.2697197497502384,-0.008298802814695066
10824,-1.269719754207274,-0.008298802814695066
10825,-1.2697198073566816,-0.008298802814695066
10826,-1.2697198803258518,-0.008298802814695066
10827,-1.269719907353219,-0.008298802814695066
10828,-1.2697199254617357,-0.008298802814695066
10829,-1.2697199504305685,-0.008298802814695066
10830,-1.2697200062476472,-0.008298802814695066
10831,-1.2697200604924568,-0.008298802814695066
10832,-1.2697200614418724,-0.008298802814695066
10833,-1.2697201647596932,-0.008298802814695066
10834,-1.269720168770099,-0.008298802814695066
10835,-1.2697202459447225,-0.008298802814695066
10836,-1.269720267676633,-0.008298802814695066
10837,-1.269720271412058,-0.008298802814695066
10838,-1.269720312795384,-0.008298802814695066
10839,-1.269720315515474,-0.008298802814695066
10840,-1.2697203456264488,-0.008298802814695066
10841,-1.2697203552755534,-0.008298802814695066
10842,-1.2697203676902489,-0.008298802814695066
10843,-1.2697203678230058,-0.008298802814695066
10844,-1.2697203971146347,-0.008298802814695066
10845,-1.2697203991517083,-0.008298802814695066
10846,-1.269720414022705,-0.008298802814695066
10847,-1.2697204246528775,-0.008298802814695066
10848,-1.269720498514701,-0.008298802814695066
10849,-1.26972049923108,-0.008298802814695066
10850,-1.2697205352306518,-0.008298802814695066
10851,-1.269720548902165,-0.008298802814695066
10852,-1.2697205583143576,-0.008298802814695066
10853,-1.269720567405011,-0.008298802814695066
10854,-1.2697205822299324,-0.008298802814695066
10855,-1.2697206004712491,-0.008298802814695066
10856,-1.2697206258093243,-0.008298802814695066
10857,-1.2697206405709256,-0.008298802814695066
10858,-1.2697206496012627,-0.008298802814695066
10859,-1.2697206536936132,-0.008298802814695066
10860,-1.2697206998362216,-0.008298802814695066
10861,-1.2697207076961796,-0.008298802814695066
10862,-1.2697207311666263,-0.008298802814695066
10863,-1.2697207673232662,-0.008298802814695066
10864,-1.2697207880076344,-0.008298802814695066
10865,-1.2697208305495657,-0.008298802814695066
10866,-1.269720832523839,-0.008298802814695066
10867,-1.2697208524679908,-0.008298802814695066
10868,-1.2697208742720436,-0.008298802814695066
10869,-1.269720905774925,-0.008298802814695066
10870,-1.2697209084478245,-0.008298802814695066
10871,-1.2697209509276544,-0.008298802814695066
10872,-1.2697209758671881,-0.008298802814695066
10873,-1.2697209845950241,-0.008298802814695066
10874,-1.2697209965431024,-0.008298802814695066
10875,-1.2697210024878387,-0.008298802814695066
10876,-1.2697210035290583,-0.008298802814695066
10877,-1.269721042459255,-0.008298802814695066
10878,-1.2697210609142928,-0.008298802814695066
10879,-1.2697210634322467,-0.008298802814695066
10880,-1.2697210899846374,-0.008298802814695066
10881,-1.2697210935515013,-0.008298802814695066
10882,-1.2697211160617041,-0.008298802814695066
10883,-1.2697211187846267,-0.008298802814695066
10884,-1.2697211207596562,-0.008298802814695066
10885,-1.2697211682580745,-0.008298802814695066
10886,-1.2697211756488906,-0.008298802814695066
10887,-1.2697212130332904,-0.008298802814695066
10888,-1.2697212421044788,-0.008298802814695066
10889,-1.269721311623749,-0.008298802814695066
10890,-1.2697213442845507,-0.008298802814695066
10891,-1.269721394336049,-0.008298802814695066
10892,-1.2697214298100226,-0.008298802814695066
10893,-1.2697214361166982,-0.008298802814695066
10894,-1.2697214660959613,-0.008298802814695066
10895,-1.2697215069185614,-0.008298802814695066
10896,-1.2697215101887527,-0.008298802814695066
10897,-1.2697215439573033,-0.008298802814695066
10898,-1.2697215448208246,-0.008298802814695066
10899,-1.2697215485028805,-0.008298802814695066
10900,-1.2697215922970932,-0.008298802814695066
10901,-1.2697216184611868,-0.008298802814695066
10902,-1.2697216338353203,-0.008298802814695066
10903,-1.2697216514122946,-0.008298802814695066
10904,-1.2697217460764845,-0.008298802814695066
10905,-1.269721761487444,-0.008298802814695066
10906,-1.2697217783667485,-0.008298802814695066
10907,-1.2697217798448615,-0.008298802814695066
10908,-1.2697218188873418,-0.008298802814695066
10909,-1.2697218192763209,-0.008298802814695066
10910,-1.2697218416928016,-0.008298802814695066
10911,-1.2697218514044408,-0.008298802814695066
10912,-1.2697218821626919,-0.008298802814695066
10913,-1.2697218910532466,-0.008298802814695066
10914,-1.2697218969748159,-0.008298802814695066
10915,-1.2697218989331418,-0.008298802814695066
10916,-1.2697219015055505,-0.008298802814695066
10917,-1.2697219022835202,-0.008298802814695066
10918,-1.269721933259211,-0.008298802814695066
10919,-1.2697219969320814,-0.008298802814695066
10920,-1.2697220304010126,-0.008298802814695066
10921,-1.269722035540491,-0.008298802814695066
10922,-1.2697220847201796,-0.008298802814695066
10923,-1.269722101549927,-0.008298802814695066
10924,-1.2697221044697016,-0.008298802814695066
10925,-1.2697221088079704,-0.008298802814695066
10926,-1.269722121658647,-0.008298802814695066
10927,-1.269722156121921,-0.008298802814695066
10928,-1.2697221669823433,-0.008298802814695066
10929,-1.2697222203960168,-0.008298802814695066
10930,-1.2697222261526269,-0.008298802814695066
10931,-1.2697222731096767,-0.008298802814695066
10932,-1.2697223099953217,-0.008298802814695066
10933,-1.2697223173340313,-0.008298802814695066
10934,-1.2697223402911697,-0.008298802814695066
10935,-1.2697223659073305,-0.008298802814695066
10936,-1.2697223748215676,-0.008298802814695066
10937,-1.2697224129455398,-0.008298802814695066
10938,-1.2697224302713628,-0.008298802814695066
10939,-1.2697224373368317,-0.008298802814695066
10940,-1.2697224392741076,-0.008298802814695066
10941,-1.2697224562568523,-0.008298802814695066
10942,-1.269722467347541,-0.008298802814695066
10943,-1.269722468892965,-0.008298802814695066
10944,-1.2697224700651624,-0.008298802814695066
10945,-1.2697225106854968,-0.008298802814695066
10946,-1.2697225165168935,-0.008298802814695066
10947,-1.269722527214675,-0.008298802814695066
10948,-1.2697225340159928,-0.008298802814695066
10949,-1.2697225779405699,-0.008298802814695066
10950,-1.2697225874911104,-0.008298802814695066
10951,-1.2697225886548358,-0.008298802814695066
10952,-1.2697226155235215,-0.008298802814695066
10953,-1.2697226380979978,-0.008298802814695066
10954,-1.2697226995227677,-0.008298802814695066
10955,-1.269722732487046,-0.008298802814695066
10956,-1.2697227337453199,-0.008298802814695066
10957,-1.2697227397301407,-0.008298802814695066
10958,-1.2697227428897315,-0.008298802814695066
10959,-1.2697227792360213,-0.008298802814695066
10960,-1.269722781846972,-0.008298802814695066
10961,-1.2697228350190666,-0.008298802814695066
10962,-1.2697228510746803,-0.008298802814695066
10963,-1.2697228562300755,-0.008298802814695066
10964,-1.2697228597111783,-0.008298802814695066
10965,-1.2697229289842622,-0.008298802814695066
10966,-1.269722974864548,-0.008298802814695066
10967,-1.2697229938554975,-0.008298802814695066
10968,-1.26972300508686,-0.008298802814695066
10969,-1.2697230051474877,-0.008298802814695066
10970,-1.2697230151339727,-0.008298802814695066
10971,-1.2697230327471014,-0.008298802814695066
10972,-1.2697230419394112,-0.008298802814695066
10973,-1.2697230466830447,-0.008298802814695066
10974,-1.2697230523423468,-0.008298802814695066
10975,-1.2697230542249638,-0.008298802814695066
10976,-1.2697231734186087,-0.008298802814695066
10977,-1.2697231835024028,-0.008298802814695066
10978,-1.2697232702574226,-0.008298802814695066
10979,-1.2697233043644252,-0.008298802814695066
10980,-1.2697233258188505,-0.008298802814695066
10981,-1.2697233356024495,-0.008298802814695066
10982,-1.269723344823802,-0.008298802814695066
10983,-1.2697233601039892,-0.008298802814695066
10984,-1.2697234105426523,-0.008298802814695066
10985,-1.2697234834672764,-0.008298802814695066
10986,-1.2697235248914527,-0.008298802814695066
10987,-1.2697235296233291,-0.008298802814695066
10988,-1.2697235508786726,-0.008298802814695066
10989,-1.2697235931726487,-0.008298802814695066
10990,-1.2697236074227563,-0.008298802814695066
10991,-1.2697236322297372,-0.008298802814695066
10992,-1.2697236875413023,-0.008298802814695066
10993,-1.2697237172054934,-0.008298802814695066
10994,-1.269723803661942,-0.008298802814695066
10995,-1.2697238097241148,-0.008298802814695066
10996,-1.2697238777415814,-0.008298802814695066
10997,-1.2697238936945825,-0.008298802814695066
10998,-1.26972400443098,-0.008298802814695066
10999,-1.2697240244939958,-0.008298802814695066
11000,-1.2697240416199347,-0.008298802814695066
11001,-1.2697241289661123,-0.008298802814695066
11002,-1.2697241345815033,-0.008298802814695066
11003,-1.2697241373444403,-0.008298802814695066
11004,-1.269724142906911,-0.008298802814695066
11005,-1.2697241810640758,-0.008298802814695066
11006,-1.2697241920223334,-0.008298802814695066
11007,-1.2697242064379184,-0.008298802814695066
11008,-1.2697242146626608,-0.008298802814695066
11009,-1.2697243193303154,-0.008298802814695066
11010,-1.2697243221997299,-0.008298802814695066
11011,-1.2697243239726417,-0.008298802814695066
11012,-1.2697243724386758,-0.008298802814695066
11013,-1.2697244162406685,-0.008298802814695066
11014,-1.2697244193827697,-0.008298802814695066
11015,-1.2697244194202617,-0.008298802814695066
11016,-1.2697244497531208,-0.008298802814695066
11017,-1.2697244564236492,-0.008298802814695066
11018,-1.2697245068826972,-0.008298802814695066
11019,-1.2697245094593907,-0.008298802814695066
11020,-1.2697245115945515,-0.008298802814695066
11021,-1.2697245494324063,-0.008298802814695066
11022,-1.26972460351166,-0.008298802814695066
11023,-1.2697246157268984,-0.008298802814695066
11024,-1.2697246568926888,-0.008298802814695066
11025,-1.2697246585387296,-0.008298802814695066
11026,-1.269724678273287,-0.008298802814695066
11027,-1.26972470251566,-0.008298802814695066
11028,-1.2697247080740068,-0.008298802814695066
11029,-1.2697247263834341,-0.008298802814695066
11030,-1.2697248237386591,-0.008298802814695066
11031,-1.269724839167104,-0.008298802814695066
11032,-1.2697249075982768,-0.008298802814695066
11033,-1.269724988588936,-0.008298802814695066
11034,-1.2697249935777053,-0.008298802814695066
11035,-1.2697250419168613,-0.008298802814695066
11036,-1.2697250628018693,-0.008298802814695066
11037,-1.2697250892076404,-0.008298802814695066
11038,-1.2697250937329143,-0.008298802814695066
11039,-1.2697251564475494,-0.008298802814695066
11040,-1.2697251597866896,-0.008298802814695066
11041,-1.269725181164225,-0.008298802814695066
11042,-1.2697251826095652,-0.008298802814695066
11043,-1.2697251843705588,-0.008298802814695066
11044,-1.2697252038339144,-0.008298802814695066
11045,-1.2697252421665053,-0.008298802814695066
11046,-1.2697252520353262,-0.008298802814695066
11047,-1.2697252590444126,-0.008298802814695066
11048,-1.2697252977687454,-0.008298802814695066
11049,-1.2697253044683252,-0.008298802814695066
11050,-1.2697253581044519,-0.008298802814695066
11051,-1.2697254001663039,-0.008298802814695066
11052,-1.2697254166730172,-0.008298802814695066
11053,-1.269725421456582,-0.008298802814695066
11054,-1.2697254543737335,-0.008298802814695066
11055,-1.2697254797087507,-0.008298802814695066
11056,-1.2697255093952906,-0.008298802814695066
11057,-1.2697255179145783,-0.008298802814695066
11058,-1.2697255462691182,-0.008298802814695066
11059,-1.2697255658011102,-0.008298802814695066
11060,-1.2697255828986056,-0.008298802814695066
11061,-1.2697255885071415,-0.008298802814695066
11062,-1.2697255928176747,-0.008298802814695066
11063,-1.26972563015814,-0.008298802814695066
11064,-1.2697256306188347,-0.008298802814695066
11065,-1.2697256342023937,-0.008298802814695066
11066,-1.2697256411129119,-0.008298802814695066
11067,-1.2697256538021409,-0.008298802814695066
11068,-1.2697256650426796,-0.008298802814695066
11069,-1.2697256655849347,-0.008298802814695066
11070,-1.2697256767671727,-0.008298802814695066
11071,-1.2697257060888063,-0.008298802814695066
11072,-1.2697257091626066,-0.008298802814695066
11073,-1.2697257113057216,-0.008298802814695066
11074,-1.2697257524130139,-0.008298802814695066
11075,-1.2697258082883902,-0.008298802814695066
11076,-1.2697258218199736,-0.008298802814695066
11077,-1.2697258273363266,-0.008298802814695066
11078,-1.2697258309276611,-0.008298802814695066
11079,-1.2697258526461985,-0.008298802814695066
11080,-1.269725863044728,-0.008298802814695066
11081,-1.269725889026687,-0.008298802814695066
11082,-1.2697259525911089,-0.008298802814695066
11083,-1.2697259635649862,-0.008298802814695066
11084,-1.2697259644985017,-0.008298802814695066
11085,-1.2697260302175333,-0.008298802814695066
11086,-1.2697260386693352,-0.008298802814695066
11087,-1.2697260436671787,-0.008298802814695066
11088,-1.2697261109637914,-0.008298802814695066
11089,-1.2697261142488134,-0.008298802814695066
11090,-1.2697261151676713,-0.008298802814695066
11091,-1.2697262029131222,-0.008298802814695066
11092,-1.2697262931783848,-0.008298802814695066
11093,-1.2697263472965432,-0.008298802814695066
11094,-1.269726407468106,-0.008298802814695066
11095,-1.269726429186233,-0.008298802814695066
11096,-1.2697264353303268,-0.008298802814695066
11097,-1.2697264367212036,-0.008298802814695066
11098,-1.269726448117795,-0.008298802814695066
11099,-1.269726450438396,-0.008298802814695066
11100,-1.2697264588437935,-0.008298802814695066
11101,-1.269726489045018,-0.008298802814695066
11102,-1.2697264897167364,-0.008298802814695066
11103,-1.2697265011067727,-0.008298802814695066
11104,-1.269726561290192,-0.008298802814695066
11105,-1.2697265704283676,-0.008298802814695066
11106,-1.2697265709052719,-0.008298802814695066
11107,-1.2697265885516016,-0.008298802814695066
11108,-1.269726640319774,-0.008298802814695066
11109,-1.2697266555837383,-0.008298802814695066
11110,-1.2697266571021761,-0.008298802814695066
11111,-1.2697267239071217,-0.008298802814695066
11112,-1.269726739512875,-0.008298802814695066
11113,-1.2697267525545644,-0.008298802814695066
11114,-1.2697267758738624,-0.008298802814695066
11115,-1.2697267940870596,-0.008298802814695066
11116,-1.2697268065383651,-0.008298802814695066
11117,-1.2697268478930148,-0.008298802814695066
11118,-1.2697268736448386,-0.008298802814695066
11119,-1.269726895627766,-0.008298802814695066
11120,-1.2697269042287762,-0.008298802814695066
11121,-1.269726921213795,-0.008298802814695066
11122,-1.2697269406265126,-0.008298802814695066
11123,-1.2697269460675251,-0.008298802814695066
11124,-1.2697269524030745,-0.008298802814695066
11125,-1.2697269786080305,-0.008298802814695066
11126,-1.2697269935777196,-0.008298802814695066
11127,-1.2697270476174014,-0.008298802814695066
11128,-1.269727048214695,-0.008298802814695066
11129,-1.2697270691586608,-0.008298802814695066
11130,-1.2697271067357,-0.008298802814695066
11131,-1.2697271147008755,-0.008298802814695066
11132,-1.269727175160889,-0.008298802814695066
11133,-1.269727175737637,-0.008298802814695066
11134,-1.2697271786140936,-0.008298802814695066
11135,-1.2697272018875723,-0.008298802814695066
11136,-1.2697272397354389,-0.008298802814695066
11137,-1.2697272539121802,-0.008298802814695066
11138,-1.2697272558115549,-0.008298802814695066
11139,-1.269727259981678,-0.008298802814695066
11140,-1.2697272639346358,-0.008298802814695066
11141,-1.2697273123922903,-0.008298802814695066
11142,-1.26972731619222,-0.008298802814695066
11143,-1.2697273650478018,-0.008298802814695066
11144,-1.2697273687452704,-0.008298802814695066
11145,-1.2697273699610583,-0.008298802814695066
11146,-1.2697273804283973,-0.008298802814695066
11147,-1.2697274386795512,-0.008298802814695066
11148,-1.2697275046409353,-0.008298802814695066
11149,-1.2697275162552324,-0.008298802814695066
11150,-1.2697275512182324,-0.008298802814695066
11151,-1.2697275724934998,-0.008298802814695066
11152,-1.2697275913520922,-0.008298802814695066
11153,-1.2697276038517729,-0.008298802814695066
11154,-1.2697276148747993,-0.008298802814695066
11155,-1.2697277061828287,-0.008298802814695066
11156,-1.2697277071314603,-0.008298802814695066
11157,-1.2697277167126004,-0.008298802814695066
11158,-1.2697277382665206,-0.008298802814695066
11159,-1.2697277659388277,-0.008298802814695066
11160,-1.269727799777535,-0.008298802814695066
11161,-1.269727851064197,-0.008298802814695066
11162,-1.269727897758256,-0.008298802814695066
11163,-1.2697279018274852,-0.008298802814695066
11164,-1.2697279159052177,-0.008298802814695066
11165,-1.2697279801322785,-0.008298802814695066
11166,-1.2697280003042009,-0.008298802814695066
11167,-1.269728006508037,-0.008298802814695066
11168,-1.2697280103105828,-0.008298802814695066
11169,-1.2697280118350631,-0.008298802814695066
11170,-1.2697280209043933,-0.008298802814695066
11171,-1.269728049988518,-0.008298802814695066
11172,-1.2697280724610642,-0.008298802814695066
11173,-1.2697280768321666,-0.008298802814695066
11174,-1.2697281097852802,-0.008298802814695066
11175,-1.2697281098055733,-0.008298802814695066
11176,-1.2697281142956545,-0.008298802814695066
11177,-1.2697281156359996,-0.008298802814695066
11178,-1.2697281258212352,-0.008298802814695066
11179,-1.2697281478304467,-0.008298802814695066
11180,-1.2697281765475248,-0.008298802814695066
11181,-1.2697281892062233,-0.008298802814695066
11182,-1.2697282386098876,-0.008298802814695066
11183,-1.2697282420657219,-0.008298802814695066
11184,-1.2697282543594093,-0.008298802814695066
11185,-1.2697282610252212,-0.008298802814695066
11186,-1.2697282769447338,-0.008298802814695066
11187,-1.2697282936000556,-0.008298802814695066
11188,-1.2697283186232111,-0.008298802814695066
11189,-1.2697283546991278,-0.008298802814695066
11190,-1.269728445947611,-0.008298802814695066
11191,-1.2697284460742295,-0.008298802814695066
11192,-1.2697284675280658,-0.008298802814695066
11193,-1.269728495057052,-0.008298802814695066
11194,-1.2697285034601238,-0.008298802814695066
11195,-1.2697285084988574,-0.008298802814695066
11196,-1.2697285755103551,-0.008298802814695066
11197,-1.2697285833991991,-0.008298802814695066
11198,-1.269728594396495,-0.008298802814695066
11199,-1.2697286211216803,-0.008298802814695066
11200,-1.2697286279695568,-0.008298802814695066
11201,-1.2697286441589617,-0.008298802814695066
11202,-1.2697286450909264,-0.008298802814695066
11203,-1.269728663299394,-0.008298802814695066
11204,-1.2697286748642949,-0.008298802814695066
11205,-1.2697286873698486,-0.008298802814695066
11206,-1.2697287001112008,-0.008298802814695066
11207,-1.2697287452068968,-0.008298802814695066
11208,-1.2697287496417606,-0.008298802814695066
11209,-1.2697287532804629,-0.008298802814695066
11210,-1.2697287627020297,-0.008298802814695066
11211,-1.2697287717489503,-0.008298802814695066
11212,-1.2697287800579826,-0.008298802814695066
11213,-1.2697288310014683,-0.008298802814695066
11214,-1.2697288603097505,-0.008298802814695066
11215,-1.269728876937546,-0.008298802814695066
11216,-1.2697288855434279,-0.008298802814695066
11217,-1.2697288940895701,-0.008298802814695066
11218,-1.2697289580695506,-0.008298802814695066
11219,-1.269728967048394,-0.008298802814695066
11220,-1.2697289906037905,-0.008298802814695066
11221,-1.269728994475489,-0.008298802814695066
11222,-1.2697290121281124,-0.008298802814695066
11223,-1.2697290276138609,-0.008298802814695066
11224,-1.2697290305390865,-0.008298802814695066
11225,-1.269729031991559,-0.008298802814695066
11226,-1.269729034727771,-0.008298802814695066
11227,-1.2697290560764007,-0.008298802814695066
11228,-1.2697290715284326,-0.008298802814695066
11229,-1.2697290843555522,-0.008298802814695066
11230,-1.269729085811726,-0.008298802814695066
11231,-1.2697291271894187,-0.008298802814695066
11232,-1.2697291358454579,-0.008298802814695066
11233,-1.269729183180748,-0.008298802814695066
11234,-1.2697292284585688,-0.008298802814695066
11235,-1.2697292309770316,-0.008298802814695066
11236,-1.2697292450546696,-0.008298802814695066
11237,-1.2697293095295699,-0.008298802814695066
11238,-1.2697293180176603,-0.008298802814695066
11239,-1.2697293343305,-0.008298802814695066
11240,-1.2697293353957024,-0.008298802814695066
11241,-1.2697293567180254,-0.008298802814695066
11242,-1.2697293825348708,-0.008298802814695066
11243,-1.2697294238966161,-0.008298802814695066
11244,-1.2697294504075995,-0.008298802814695066
11245,-1.2697294578601093,-0.008298802814695066
11246,-1.2697294640944214,-0.008298802814695066
11247,-1.2697294692051293,-0.008298802814695066
11248,-1.2697294817780302,-0.008298802814695066
11249,-1.2697294859965462,-0.008298802814695066
11250,-1.2697295248553928,-0.008298802814695066
11251,-1.26972952657895,-0.008298802814695066
11252,-1.2697295483264948,-0.008298802814695066
11253,-1.2697295632156027,-0.008298802814695066
11254,-1.2697295888760456,-0.008298802814695066
11255,-1.26972960272335,-0.008298802814695066
11256,-1.2697296395512294,-0.008298802814695066
11257,-1.2697296474111885,-0.008298802814695066
11258,-1.2697296594909009,-0.008298802814695066
11259,-1.269729661144574,-0.008298802814695066
11260,-1.2697296706186567,-0.008298802814695066
11261,-1.269729729950502,-0.008298802814695066
11262,-1.2697297442460709,-0.008298802814695066
11263,-1.2697297468987434,-0.008298802814695066
11264,-1.269729776380226,-0.008298802814695066
11265,-1.2697297874874283,-0.008298802814695066
11266,-1.2697297886500067,-0.008298802814695066
11267,-1.2697297951831665,-0.008298802814695066
11268,-1.2697298029139872,-0.008298802814695066
11269,-1.2697298097786063,-0.008298802814695066
11270,-1.26972984142525,-0.008298802814695066
11271,-1.2697298536245878,-0.008298802814695066
11272,-1.269729863001893,-0.008298802814695066
11273,-1.2697298941155262,-0.008298802814695066
11274,-1.2697299025125264,-0.008298802814695066
11275,-1.2697299129898747,-0.008298802814695066
11276,-1.2697299199747512,-0.008298802814695066
11277,-1.2697299238021809,-0.008298802814695066
11278,-1.2697299435465939,-0.008298802814695066
11279,-1.2697299513564562,-0.008298802814695066
11280,-1.2697299829470075,-0.008298802814695066
11281,-1.2697300042690849,-0.008298802814695066
11282,-1.2697300142778807,-0.008298802814695066
11283,-1.2697300147422332,-0.008298802814695066
11284,-1.2697300331504238,-0.008298802814695066
11285,-1.2697300346764033,-0.008298802814695066
11286,-1.2697300420904025,-0.008298802814695066
11287,-1.2697300428039837,-0.008298802814695066
11288,-1.2697300458838514,-0.008298802814695066
11289,-1.2697300562116929,-0.008298802814695066
11290,-1.269730079977157,-0.008298802814695066
11291,-1.269730081267645,-0.008298802814695066
11292,-1.269730082998044,-0.008298802814695066
11293,-1.2697300870674941,-0.008298802814695066
11294,-1.2697301053782946,-0.008298802814695066
11295,-1.2697301177474403,-0.008298802814695066
11296,-1.2697301358233624,-0.008298802814695066
11297,-1.2697301372802947,-0.008298802814695066
11298,-1.2697301607322782,-0.008298802814695066
11299,-1.269730168440686,-0.008298802814695066
11300,-1.269730180885895,-0.008298802814695066
11301,-1.2697301951675448,-0.008298802814695066
11302,-1.26973020871457,-0.008298802814695066
11303,-1.2697302348664403,-0.008298802814695066
11304,-1.2697302358691893,-0.008298802814695066
11305,-1.2697302359039062,-0.008298802814695066
11306,-1.2697302392277638,-0.008298802814695066
11307,-1.269730265586826,-0.008298802814695066
11308,-1.2697302888490596,-0.008298802814695066
11309,-1.2697302990230537,-0.008298802814695066
11310,-1.2697303208460236,-0.008298802814695066
11311,-1.2697303297870144,-0.008298802814695066
11312,-1.2697303471067605,-0.008298802814695066
11313,-1.2697303827981543,-0.008298802814695066
11314,-1.2697304019341575,-0.008298802814695066
11315,-1.2697304317969933,-0.008298802814695066
11316,-1.269730460511411,-0.008298802814695066
11317,-1.269730467584732,-0.008298802814695066
11318,-1.2697304972232188,-0.008298802814695066
11319,-1.2697305109292047,-0.008298802814695066
11320,-1.2697305622119264,-0.008298802814695066
11321,-1.269730571951247,-0.008298802814695066
11322,-1.2697305970404678,-0.008298802814695066
11323,-1.2697306101869406,-0.008298802814695066
11324,-1.2697306408552138,-0.008298802814695066
11325,-1.2697306439757707,-0.008298802814695066
11326,-1.2697306573901994,-0.008298802814695066
11327,-1.2697306633006655,-0.008298802814695066
11328,-1.2697306859019555,-0.008298802814695066
11329,-1.269730716443336,-0.008298802814695066
11330,-1.2697307377756573,-0.008298802814695066
11331,-1.2697307495107677,-0.008298802814695066
11332,-1.2697308186799279,-0.008298802814695066
11333,-1.2697308425088205,-0.008298802814695066
11334,-1.269730871821508,-0.008298802814695066
11335,-1.2697308919742576,-0.008298802814695066
11336,-1.2697309049352583,-0.008298802814695066
11337,-1.2697309136207888,-0.008298802814695066
11338,-1.2697309250977038,-0.008298802814695066
11339,-1.2697309523989868,-0.008298802814695066
11340,-1.2697309527159972,-0.008298802814695066
11341,-1.269730952893445,-0.008298802814695066
11342,-1.2697309816134321,-0.008298802814695066
11343,-1.2697309937645231,-0.008298802814695066
11344,-1.2697309969545363,-0.008298802814695066
11345,-1.2697310230377137,-0.008298802814695066
11346,-1.269731069426472,-0.008298802814695066
11347,-1.2697310839747182,-0.008298802814695066
11348,-1.2697310989574957,-0.008298802814695066
11349,-1.2697311171549626,-0.008298802814695066
11350,-1.2697311178330124,-0.008298802814695066
11351,-1.2697311293676399,-0.008298802814695066
11352,-1.269731134957369,-0.008298802814695066
11353,-1.2697311845494799,-0.008298802814695066
11354,-1.2697311873066122,-0.008298802814695066
11355,-1.2697311925875379,-0.008298802814695066
11356,-1.2697312365282922,-0.008298802814695066
11357,-1.2697312572031823,-0.008298802814695066
11358,-1.2697312878618223,-0.008298802814695066
11359,-1.269731295248029,-0.008298802814695066
11360,-1.2697313032673125,-0.008298802814695066
11361,-1.2697313064270208,-0.008298802814695066
11362,-1.2697313159349528,-0.008298802814695066
11363,-1.2697313184422785,-0.008298802814695066
11364,-1.2697313580291232,-0.008298802814695066
11365,-1.2697313733547866,-0.008298802814695066
11366,-1.26973137468249,-0.008298802814695066
11367,-1.2697313750661068,-0.008298802814695066
11368,-1.269731395450063,-0.008298802814695066
11369,-1.2697314063857292,-0.008298802814695066
11370,-1.2697314087730422,-0.008298802814695066
11371,-1.2697314114767027,-0.008298802814695066
11372,-1.2697314256398688,-0.008298802814695066
11373,-1.2697314305441203,-0.008298802814695066
11374,-1.2697314489764193,-0.008298802814695066
11375,-1.2697314494979035,-0.008298802814695066
11376,-1.2697314732466134,-0.008298802814695066
11377,-1.2697314760950567,-0.008298802814695066
11378,-1.269731492438783,-0.008298802814695066
11379,-1.2697314960759325,-0.008298802814695066
11380,-1.2697314972058038,-0.008298802814695066
11381,-1.2697315002550147,-0.008298802814695066
11382,-1.2697315022691456,-0.008298802814695066
11383,-1.2697315204434356,-0.008298802814695066
11384,-1.2697315227661696,-0.008298802814695066
11385,-1.269731547877297,-0.008298802814695066
11386,-1.2697315642456894,-0.008298802814695066
11387,-1.2697315851373372,-0.008298802814695066
11388,-1.2697315910974223,-0.008298802814695066
11389,-1.2697316184262994,-0.008298802814695066
11390,-1.2697316660785596,-0.008298802814695066
11391,-1.2697316796007936,-0.008298802814695066
11392,-1.2697316879261096,-0.008298802814695066
11393,-1.2697316990797778,-0.008298802814695066
11394,-1.269731699575307,-0.008298802814695066
11395,-1.26973170861053,-0.008298802814695066
11396,-1.2697317556441319,-0.008298802814695066
11397,-1.2697317612608032,-0.008298802814695066
11398,-1.2697317834867805,-0.008298802814695066
11399,-1.2697317894894935,-0.008298802814695066
11400,-1.2697317919267213,-0.008298802814695066
11401,-1.2697318131250688,-0.008298802814695066
11402,-1.2697318211700117,-0.008298802814695066
11403,-1.2697318350694369,-0.008298802814695066
11404,-1.2697318425264057,-0.008298802814695066
11405,-1.2697318522827596,-0.008298802814695066
11406,-1.2697318629849157,-0.008298802814695066
11407,-1.2697319082629708,-0.008298802814695066
11408,-1.2697319352730463,-0.008298802814695066
11409,-1.2697319625772514,-0.008298802814695066
11410,-1.2697319627152175,-0.008298802814695066
11411,-1.2697319634975999,-0.008298802814695066
11412,-1.2697320074214176,-0.008298802814695066
11413,-1.2697320221959139,-0.008298802814695066
11414,-1.2697320263244005,-0.008298802814695066
11415,-1.269732051276738,-0.008298802814695066
11416,-1.2697320558098069,-0.008298802814695066
11417,-1.2697320711914584,-0.008298802814695066
11418,-1.269732078887259,-0.008298802814695066
11419,-1.2697320957958234,-0.008298802814695066
11420,-1.2697321066053353,-0.008298802814695066
11421,-1.2697321075816248,-0.008298802814695066
11422,-1.2697321177738365,-0.008298802814695066
11423,-1.2697321204039556,-0.008298802814695066
11424,-1.2697321325714745,-0.008298802814695066
11425,-1.2697321538080946,-0.008298802814695066
11426,-1.2697321585716341,-0.008298802814695066
11427,-1.2697321633430363,-0.008298802814695066
11428,-1.269732167690202,-0.008298802814695066
11429,-1.2697321849371455,-0.008298802814695066
11430,-1.2697321870468778,-0.008298802814695066
11431,-1.2697321930745464,-0.008298802814695066
11432,-1.2697321977751832,-0.008298802814695066
11433,-1.2697321997201425,-0.008298802814695066
11434,-1.2697322024458266,-0.008298802814695066
11435,-1.2697322146606345,-0.008298802814695066
11436,-1.2697322148485652,-0.008298802814695066
11437,-1.2697322241088889,-0.008298802814695066
11438,-1.269732224384039,-0.008298802814695066
11439,-1.269732243338273,-0.008298802814695066
11440,-1.2697322495656447,-0.008298802814695066
11441,-1.2697322524339771,-0.008298802814695066
11442,-1.2697322602689534,-0.008298802814695066
11443,-1.2697322709706471,-0.008298802814695066
11444,-1.2697322873726486,-0.008298802814695066
11445,-1.269732294188875,-0.008298802814695066
11446,-1.269732306296445,-0.008298802814695066
11447,-1.2697323063492756,-0.008298802814695066
11448,-1.2697323274031067,-0.008298802814695066
11449,-1.2697323314436653,-0.008298802814695066
11450,-1.2697323436091694,-0.008298802814695066
11451,-1.2697323467630026,-0.008298802814695066
11452,-1.2697323529797997,-0.008298802814695066
11453,-1.2697323697397065,-0.008298802814695066
11454,-1.2697324035215465,-0.008298802814695066
11455,-1.269732404083638,-0.008298802814695066
11456,-1.2697324068985234,-0.008298802814695066
11457,-1.2697324145138509,-0.008298802814695066
11458,-1.2697324317081224,-0.008298802814695066
11459,-1.2697324409992734,-0.008298802814695066
11460,-1.2697324540245158,-0.008298802814695066
11461,-1.2697324600654822,-0.008298802814695066
11462,-1.2697324803610641,-0.008298802814695066
11463,-1.2697324850518377,-0.008298802814695066
11464,-1.2697324983378042,-0.008298802814695066
11465,-1.2697325242597075,-0.008298802814695066
11466,-1.2697325331841243,-0.008298802814695066
11467,-1.2697325365550232,-0.008298802814695066
11468,-1.2697325417767626,-0.008298802814695066
11469,-1.2697325518990088,-0.008298802814695066
11470,-1.2697325960912154,-0.008298802814695066
11471,-1.2697326129671964,-0.008298802814695066
11472,-1.2697326188164035,-0.008298802814695066
11473,-1.2697326287410227,-0.008298802814695066
11474,-1.2697326403985545,-0.008298802814695066
11475,-1.2697326424129871,-0.008298802814695066
11476,-1.2697326490420142,-0.008298802814695066
11477,-1.2697326503305781,-0.008298802814695066
11478,-1.2697326656861707,-0.008298802814695066
11479,-1.2697326669174407,-0.008298802814695066
11480,-1.2697326762543006,-0.008298802814695066
11481,-1.269732688819916,-0.008298802814695066
11482,-1.2697326977375456,-0.008298802814695066
11483,-1.2697327220555827,-0.008298802814695066
11484,-1.269732742642074,-0.008298802814695066
11485,-1.2697327447066271,-0.008298802814695066
11486,-1.2697327653488775,-0.008298802814695066
11487,-1.2697328011363485,-0.008298802814695066
11488,-1.2697328062866697,-0.008298802814695066
11489,-1.2697328372840642,-0.008298802814695066
11490,-1.2697328380804498,-0.008298802814695066
11491,-1.269732848215176,-0.008298802814695066
11492,-1.2697328779236419,-0.008298802814695066
11493,-1.269732889231018,-0.008298802814695066
11494,-1.2697328936950467,-0.008298802814695066
11495,-1.2697329157458461,-0.008298802814695066
11496,-1.2697329232208783,-0.008298802814695066
11497,-1.2697329320585178,-0.008298802814695066
11498,-1.2697329519802347,-0.008298802814695066
11499,-1.269732954237888,-0.008298802814695066
11500,-1.269732960790027,-0.008298802814695066
11501,-1.269732973576555,-0.008298802814695066
11502,-1.2697329740727723,-0.008298802814695066
11503,-1.2697329773787889,-0.008298802814695066
11504,-1.269732978961781,-0.008298802814695066
11505,-1.269732988248555,-0.008298802814695066
11506,-1.2697330030860274,-0.008298802814695066
11507,-1.2697330325772151,-0.008298802814695066
11508,-1.2697330366139736,-0.008298802814695066
11509,-1.2697330457271983,-0.008298802814695066
11510,-1.2697330461718586,-0.008298802814695066
11511,-1.2697330546180576,-0.008298802814695066
11512,-1.2697330703403122,-0.008298802814695066
11513,-1.2697330953624808,-0.008298802814695066
11514,-1.2697331134189582,-0.008298802814695066
11515,-1.2697331157633938,-0.008298802814695066
11516,-1.2697331174564388,-0.008298802814695066
11517,-1.2697331207960643,-0.008298802814695066
11518,-1.2697331415858715,-0.008298802814695066
11519,-1.2697331475340334,-0.008298802814695066
11520,-1.2697331736009398,-0.008298802814695066
11521,-1.2697331763941926,-0.008298802814695066
11522,-1.2697331798541807,-0.008298802814695066
11523,-1.2697331880832985,-0.008298802814695066
11524,-1.2697332038783529,-0.008298802814695066
11525,-1.2697332072607446,-0.008298802814695066
11526,-1.2697332302042605,-0.008298802814695066
11527,-1.2697332608686722,-0.008298802814695066
11528,-1.269733270423691,-0.008298802814695066
11529,-1.2697332822337912,-0.008298802814695066
11530,-1.2697333149574317,-0.008298802814695066
11531,-1.2697333249796847,-0.008298802814695066
11532,-1.2697333271615543,-0.008298802814695066
11533,-1.2697333601094427,-0.008298802814695066
11534,-1.2697333850782335,-0.008298802814695066
11535,-1.2697334009713592,-0.008298802814695066
11536,-1.2697334419385733,-0.008298802814695066
11537,-1.269733484481411,-0.008298802814695066
11538,-1.2697335041377702,-0.008298802814695066
11539,-1.2697335091764472,-0.008298802814695066
11540,-1.2697335124748803,-0.008298802814695066
11541,-1.269733542218831,-0.008298802814695066
11542,-1.2697335559805254,-0.008298802814695066
11543,-1.269733577849712,-0.008298802814695066
11544,-1.2697335874183273,-0.008298802814695066
11545,-1.2697336291374384,-0.008298802814695066
11546,-1.2697336457621728,-0.008298802814695066
11547,-1.2697336655854627,-0.008298802814695066
11548,-1.269733699327873,-0.008298802814695066
11549,-1.269733710908347,-0.008298802814695066
11550,-1.2697337282142938,-0.008298802814695066
11551,-1.2697337283818821,-0.008298802814695066
11552,-1.2697337347858795,-0.008298802814695066
11553,-1.269733746391773,-0.008298802814695066
11554,-1.269733770101557,-0.008298802814695066
11555,-1.2697337729122986,-0.008298802814695066
11556,-1.2697338015275121,-0.008298802814695066
11557,-1.2697338061023915,-0.008298802814695066
11558,-1.269733806216732,-0.008298802814695066
11559,-1.2697338572614938,-0.008298802814695066
11560,-1.269733865716002,-0.008298802814695066
11561,-1.2697338672422833,-0.008298802814695066
11562,-1.2697338819779809,-0.008298802814695066
11563,-1.2697338871341066,-0.008298802814695066
11564,-1.2697339097096845,-0.008298802814695066
11565,-1.2697339113030497,-0.008298802814695066
11566,-1.269733916060046,-0.008298802814695066
11567,-1.2697339354013284,-0.008298802814695066
11568,-1.2697339370465148,-0.008298802814695066
11569,-1.2697339541371786,-0.008298802814695066
11570,-1.2697339626130193,-0.008298802814695066
11571,-1.2697339672762273,-0.008298802814695066
11572,-1.269733984150646,-0.008298802814695066
11573,-1.2697339924252604,-0.008298802814695066
11574,-1.2697339951699762,-0.008298802814695066
11575,-1.2697339976381388,-0.008298802814695066
11576,-1.2697340173631924,-0.008298802814695066
11577,-1.2697340254165703,-0.008298802814695066
11578,-1.2697340289599834,-0.008298802814695066
11579,-1.2697340404976871,-0.008298802814695066
11580,-1.2697340468853702,-0.008298802814695066
11581,-1.2697340645508097,-0.008298802814695066
11582,-1.2697340761893536,-0.008298802814695066
11583,-1.2697340816754723,-0.008298802814695066
11584,-1.2697340829026533,-0.008298802814695066
11585,-1.2697340841953249,-0.008298802814695066
11586,-1.269734085417715,-0.008298802814695066
11587,-1.2697340869404932,-0.008298802814695066
11588,-1.269734114036803,-0.008298802814695066
11589,-1.2697341266261695,-0.008298802814695066
11590,-1.269734137523079,-0.008298802814695066
11591,-1.269734138188428,-0.008298802814695066
11592,-1.2697341415553904,-0.008298802814695066
11593,-1.2697341462378804,-0.008298802814695066
11594,-1.2697341468705754,-0.008298802814695066
11595,-1.2697341661768213,-0.008298802814695066
11596,-1.2697341679545864,-0.008298802814695066
11597,-1.2697341711629961,-0.008298802814695066
11598,-1.2697341768600217,-0.008298802814695066
11599,-1.269734184493004,-0.008298802814695066
11600,-1.2697341908711859,-0.008298802814695066
11601,-1.269734204651577,-0.008298802814695066
11602,-1.2697342100850082,-0.008298802814695066
11603,-1.2697342347740284,-0.008298802814695066
11604,-1.2697342354262657,-0.008298802814695066
11605,-1.2697342628717312,-0.008298802814695066
11606,-1.269734274277203,-0.008298802814695066
11607,-1.2697342926278357,-0.008298802814695066
11608,-1.2697342947737675,-0.008298802814695066
11609,-1.269734315458262,-0.008298802814695066
11610,-1.2697343197335427,-0.008298802814695066
11611,-1.2697343285542932,-0.008298802814695066
11612,-1.2697343310180873,-0.008298802814695066
11613,-1.2697343408981518,-0.008298802814695066
11614,-1.2697343853899392,-0.008298802814695066
11615,-1.2697343868275504,-0.008298802814695066
11616,-1.269734388848522,-0.008298802814695066
11617,-1.2697343971185648,-0.008298802814695066
11618,-1.2697344048138275,-0.008298802814695066
11619,-1.2697344173370144,-0.008298802814695066
11620,-1.2697344321232782,-0.008298802814695066
11621,-1.2697344516496263,-0.008298802814695066
11622,-1.26973446361526,-0.008298802814695066
11623,-1.2697344761801468,-0.008298802814695066
11624,-1.269734480438423,-0.008298802814695066
11625,-1.2697344892790274,-0.008298802814695066
11626,-1.269734489438565,-0.008298802814695066
11627,-1.2697344989043033,-0.008298802814695066
11628,-1.2697345000805558,-0.008298802814695066
11629,-1.2697345178732689,-0.008298802814695066
11630,-1.269734523172414,-0.008298802814695066
11631,-1.269734523710022,-0.008298802814695066
11632,-1.2697345502927606,-0.008298802814695066
11633,-1.269734551735184,-0.008298802814695066
11634,-1.2697345548332912,-0.008298802814695066
11635,-1.269734564001862,-0.008298802814695066
11636,-1.269734599379892,-0.008298802814695066
11637,-1.2697346271707022,-0.008298802814695066
11638,-1.2697346345114733,-0.008298802814695066
11639,-1.269734639156944,-0.008298802814695066
11640,-1.2697346393205793,-0.008298802814695066
11641,-1.269734645819888,-0.008298802814695066
11642,-1.269734655877591,-0.008298802814695066
11643,-1.269734657409937,-0.008298802814695066
11644,-1.269734662370544,-0.008298802814695066
11645,-1.2697346854115663,-0.008298802814695066
11646,-1.2697346985599915,-0.008298802814695066
11647,-1.269734706573233,-0.008298802814695066
11648,-1.2697347371341483,-0.008298802814695066
11649,-1.2697347510245325,-0.008298802814695066
11650,-1.2697347781545696,-0.008298802814695066
11651,-1.2697347926023943,-0.008298802814695066
11652,-1.2697348041828938,-0.008298802814695066
11653,-1.2697348093185408,-0.008298802814695066
11654,-1.2697348119492,-0.008298802814695066
11655,-1.2697348452864776,-0.008298802814695066
11656,-1.2697348498109875,-0.008298802814695066
11657,-1.269734869079159,-0.008298802814695066
11658,-1.2697348725418791,-0.008298802814695066
11659,-1.2697348811627966,-0.008298802814695066
11660,-1.2697348828965673,-0.008298802814695066
11661,-1.2697349121607178,-0.008298802814695066
11662,-1.2697349211588729,-0.008298802814695066
11663,-1.2697349263119908,-0.008298802814695066
11664,-1.269734953309991,-0.008298802814695066
11665,-1.269734956976546,-0.008298802814695066
11666,-1.2697349581385213,-0.008298802814695066
11667,-1.2697349794300072,-0.008298802814695066
11668,-1.2697349873007353,-0.008298802814695066
11669,-1.2697350176083924,-0.008298802814695066
11670,-1.2697350423995624,-0.008298802814695066
11671,-1.2697350494063855,-0.008298802814695066
11672,-1.2697350563497,-0.008298802814695066
11673,-1.2697350634068585,-0.008298802814695066
11674,-1.2697350747525689,-0.008298802814695066
11675,-1.2697350798786986,-0.008298802814695066
11676,-1.269735087756928,-0.008298802814695066
11677,-1.269735088630926,-0.008298802814695066
11678,-1.2697350983395443,-0.008298802814695066
11679,-1.2697351166777038,-0.008298802814695066
11680,-1.2697351251685647,-0.008298802814695066
11681,-1.2697351293206778,-0.008298802814695066
11682,-1.2697351453966677,-0.008298802814695066
11683,-1.2697351466185947,-0.008298802814695066
11684,-1.2697351495668685,-0.008298802814695066
11685,-1.2697351683239422,-0.008298802814695066
11686,-1.269735200896948,-0.008298802814695066
11687,-1.2697352139870175,-0.008298802814695066
11688,-1.2697352213304347,-0.008298802814695066
11689,-1.269735222528345,-0.008298802814695066
11690,-1.2697352335384007,-0.008298802814695066
11691,-1.2697352340926615,-0.008298802814695066
11692,-1.269735236112267,-0.008298802814695066
11693,-1.2697352504732966,-0.008298802814695066
11694,-1.2697352661380332,-0.008298802814695066
11695,-1.2697352814184144,-0.008298802814695066
11696,-1.2697352863318274,-0.008298802814695066
11697,-1.2697352878880361,-0.008298802814695066
11698,-1.269735311029302,-0.008298802814695066
11699,-1.2697353216047609,-0.008298802814695066
11700,-1.2697353294952598,-0.008298802814695066
11701,-1.2697353460890939,-0.008298802814695066
11702,-1.2697353478609767,-0.008298802814695066
11703,-1.269735369310092,-0.008298802814695066
11704,-1.2697353965463933,-0.008298802814695066
11705,-1.2697354091683735,-0.008298802814695066
11706,-1.2697354154078693,-0.008298802814695066
11707,-1.2697354191369863,-0.008298802814695066
11708,-1.2697354242158618,-0.008298802814695066
11709,-1.2697354408602355,-0.008298802814695066
11710,-1.2697354522589253,-0.008298802814695066
11711,-1.2697354572540192,-0.008298802814695066
11712,-1.2697354781947359,-0.008298802814695066
11713,-1.2697354976692488,-0.008298802814695066
11714,-1.269735518270652,-0.008298802814695066
11715,-1.2697355189183772,-0.008298802814695066
11716,-1.2697355236851888,-0.008298802814695066
11717,-1.2697355319294612,-0.008298802814695066
11718,-1.269735552347875,-0.008298802814695066
11719,-1.2697355549110494,-0.008298802814695066
11720,-1.269735559434544,-0.008298802814695066
11721,-1.2697355743060217,-0.008298802814695066
11722,-1.269735578331618,-0.008298802814695066
11723,-1.2697355835108124,-0.008298802814695066
11724,-1.2697355934241936,-0.008298802814695066
11725,-1.2697355966423942,-0.008298802814695066
11726,-1.2697356133843147,-0.008298802814695066
11727,-1.269735618070374,-0.008298802814695066
11728,-1.2697356275722946,-0.008298802814695066
11729,-1.2697356284660037,-0.008298802814695066
11730,-1.2697356455001727,-0.008298802814695066
11731,-1.2697356467660157,-0.008298802814695066
11732,-1.2697356652802398,-0.008298802814695066
11733,-1.269735670506998,-0.008298802814695066
11734,-1.2697356977558805,-0.008298802814695066
11735,-1.2697357061412604,-0.008298802814695066
11736,-1.269735707423935,-0.008298802814695066
11737,-1.2697357122228767,-0.008298802814695066
11738,-1.2697357177436839,-0.008298802814695066
11739,-1.2697357221675591,-0.008298802814695066
11740,-1.2697357404390142,-0.008298802814695066
11741,-1.2697357413275079,-0.008298802814695066
11742,-1.2697357578098218,-0.008298802814695066
11743,-1.2697357693386073,-0.008298802814695066
11744,-1.2697357718619182,-0.008298802814695066
11745,-1.2697357741931676,-0.008298802814695066
11746,-1.2697357779310496,-0.008298802814695066
11747,-1.269735790578416,-0.008298802814695066
11748,-1.2697357912043525,-0.008298802814695066
11749,-1.2697358046524228,-0.008298802814695066
11750,-1.269735806897723,-0.008298802814695066
11751,-1.2697358127001923,-0.008298802814695066
11752,-1.2697358154251606,-0.008298802814695066
11753,-1.2697358395859808,-0.008298802814695066
11754,-1.269735852660947,-0.008298802814695066
11755,-1.26973585324766,-0.008298802814695066
11756,-1.2697358539717816,-0.008298802814695066
11757,-1.2697358541925472,-0.008298802814695066
11758,-1.2697358610646639,-0.008298802814695066
11759,-1.2697358842931799,-0.008298802814695066
11760,-1.269735896756689,-0.008298802814695066
11761,-1.2697359023370094,-0.008298802814695066
11762,-1.2697359042036191,-0.008298802814695066
11763,-1.2697359054498458,-0.008298802814695066
11764,-1.2697359106550725,-0.008298802814695066
11765,-1.2697359112297335,-0.008298802814695066
11766,-1.2697359209019004,-0.008298802814695066
11767,-1.2697359407493956,-0.008298802814695066
11768,-1.26973594852374,-0.008298802814695066
11769,-1.2697359517421434,-0.008298802814695066
11770,-1.2697359543993407,-0.008298802814695066
11771,-1.269735961773071,-0.008298802814695066
11772,-1.2697359636862386,-0.008298802814695066
11773,-1.2697359661270977,-0.008298802814695066
11774,-1.2697359711419107,-0.008298802814695066
11775,-1.269735971278414,-0.008298802814695066
11776,-1.269735973819221,-0.008298802814695066
11777,-1.2697359774666759,-0.008298802814695066
11778,-1.2697359908575998,-0.008298802814695066
11779,-1.2697359967201285,-0.008298802814695066
11780,-1.269736013881853,-0.008298802814695066
11781,-1.269736037867451,-0.008298802814695066
11782,-1.2697360433518226,-0.008298802814695066
11783,-1.2697360443403876,-0.008298802814695066
11784,-1.2697360452992097,-0.008298802814695066
11785,-1.2697360547107497,-0.008298802814695066
11786,-1.269736058161889,-0.008298802814695066
11787,-1.2697360742717578,-0.008298802814695066
11788,-1.2697360749799276,-0.008298802814695066
11789,-1.2697360752115296,-0.008298802814695066
11790,-1.2697360758488894,-0.008298802814695066
11791,-1.2697360771469555,-0.008298802814695066
11792,-1.2697360772078696,-0.008298802814695066
11793,-1.2697360867279732,-0.008298802814695066
11794,-1.26973608800407,-0.008298802814695066
11795,-1.269736095592569,-0.008298802814695066
11796,-1.2697361047079967,-0.008298802814695066
11797,-1.2697361105003178,-0.008298802814695066
11798,-1.269736117896314,-0.008298802814695066
11799,-1.2697361180130187,-0.008298802814695066
11800,-1.2697361197105295,-0.008298802814695066
11801,-1.2697361503058873,-0.008298802814695066
11802,-1.2697361547467567,-0.008298802814695066
11803,-1.2697361594766248,-0.008298802814695066
11804,-1.269736160881844,-0.008298802814695066
11805,-1.2697361690582762,-0.008298802814695066
11806,-1.2697361734771369,-0.008298802814695066
11807,-1.2697361990332232,-0.008298802814695066
11808,-1.2697362023978822,-0.008298802814695066
11809,-1.269736206747937,-0.008298802814695066
11810,-1.2697362126265777,-0.008298802814695066
11811,-1.2697362169824729,-0.008298802814695066
11812,-1.2697362260055978,-0.008298802814695066
11813,-1.2697362646989994,-0.008298802814695066
11814,-1.2697362727343662,-0.008298802814695066
11815,-1.269736272803177,-0.008298802814695066
11816,-1.2697362739059603,-0.008298802814695066
11817,-1.2697362758238435,-0.008298802814695066
11818,-1.2697362761820448,-0.008298802814695066
11819,-1.2697362799828755,-0.008298802814695066
11820,-1.2697362816503646,-0.008298802814695066
11821,-1.2697362842273487,-0.008298802814695066
11822,-1.2697362893113378,-0.008298802814695066
11823,-1.2697362972840527,-0.008298802814695066
11824,-1.2697363122269871,-0.008298802814695066
11825,-1.2697363163684565,-0.008298802814695066
11826,-1.2697363199720453,-0.008298802814695066
11827,-1.2697363243706687,-0.008298802814695066
11828,-1.2697363258612344,-0.008298802814695066
11829,-1.2697363280742662,-0.008298802814695066
11830,-1.269736328546212,-0.008298802814695066
11831,-1.2697363317192178,-0.008298802814695066
11832,-1.2697363338872918,-0.008298802814695066
11833,-1.2697363435900078,-0.008298802814695066
11834,-1.2697363503704355,-0.008298802814695066
11835,-1.2697363881348493,-0.008298802814695066
11836,-1.2697363985053856,-0.008298802814695066
11837,-1.26973641101559,-0.008298802814695066
11838,-1.2697364169962575,-0.008298802814695066
11839,-1.2697364262320225,-0.008298802814695066
11840,-1.2697364333172074,-0.008298802814695066
11841,-1.2697364347004778,-0.008298802814695066
11842,-1.2697364377692413,-0.008298802814695066
11843,-1.2697364655817527,-0.008298802814695066
11844,-1.269736471528523,-0.008298802814695066
11845,-1.2697364785690508,-0.008298802814695066
11846,-1.2697364794250994,-0.008298802814695066
11847,-1.2697365000124847,-0.008298802814695066
11848,-1.269736525608327,-0.008298802814695066
11849,-1.269736527349561,-0.008298802814695066
11850,-1.2697365304163517,-0.008298802814695066
11851,-1.2697365344149811,-0.008298802814695066
11852,-1.269736538556726,-0.008298802814695066
11853,-1.2697365400770666,-0.008298802814695066
11854,-1.2697365489767403,-0.008298802814695066
11855,-1.2697365525269317,-0.008298802814695066
11856,-1.2697365581409779,-0.008298802814695066
11857,-1.2697365837414838,-0.008298802814695066
11858,-1.2697366112898316,-0.008298802814695066
11859,-1.269736619367245,-0.008298802814695066
11860,-1.2697366269162405,-0.008298802814695066
11861,-1.2697366298743173,-0.008298802814695066
11862,-1.2697366306988325,-0.008298802814695066
11863,-1.269736638155192,-0.008298802814695066
11864,-1.2697366427173415,-0.008298802814695066
11865,-1.2697366502046514,-0.008298802814695066
11866,-1.269736654902061,-0.008298802814695066
11867,-1.2697366654493052,-0.008298802814695066
11868,-1.2697366906565042,-0.008298802814695066
11869,-1.269736694649814,-0.008298802814695066
11870,-1.2697366973531476,-0.008298802814695066
11871,-1.2697366986668785,-0.008298802814695066
11872,-1.269736708386865,-0.008298802814695066
11873,-1.269736712772476,-0.008298802814695066
11874,-1.2697367245995304,-0.008298802814695066
11875,-1.2697367360994674,-0.008298802814695066
11876,-1.2697367450115533,-0.008298802814695066
11877,-1.2697367545949836,-0.008298802814695066
11878,-1.2697367590102875,-0.008298802814695066
11879,-1.2697367629556502,-0.008298802814695066
11880,-1.2697367640285604,-0.008298802814695066
11881,-1.2697367695508899,-0.008298802814695066
11882,-1.2697367763551506,-0.008298802814695066
11883,-1.2697367814336367,-0.008298802814695066
11884,-1.2697367831599455,-0.008298802814695066
11885,-1.2697367843159002,-0.008298802814695066
11886,-1.2697368013169634,-0.008298802814695066
11887,-1.2697368019925337,-0.008298802814695066
11888,-1.2697368038519665,-0.008298802814695066
11889,-1.269736827711126,-0.008298802814695066
11890,-1.269736836500682,-0.008298802814695066
11891,-1.2697368476166904,-0.008298802814695066
11892,-1.2697368610816404,-0.008298802814695066
11893,-1.2697368657543335,-0.008298802814695066
11894,-1.2697368671167386,-0.008298802814695066
11895,-1.2697368762888637,-0.008298802814695066
11896,-1.269736888454939,-0.008298802814695066
11897,-1.269736895936896,-0.008298802814695066
11898,-1.269736900535079,-0.008298802814695066
11899,-1.2697369092147157,-0.008298802814695066
11900,-1.2697369101992133,-0.008298802814695066
11901,-1.269736918705036,-0.008298802814695066
11902,-1.2697369236853995,-0.008298802814695066
11903,-1.2697369281265247,-0.008298802814695066
11904,-1.2697369357395887,-0.008298802814695066
11905,-1.2697369418971336,-0.008298802814695066
11906,-1.2697369427269138,-0.008298802814695066
11907,-1.269736960348449,-0.008298802814695066
11908,-1.2697369662099438,-0.008298802814695066
11909,-1.2697369742124966,-0.008298802814695066
11910,-1.269736977097912,-0.008298802814695066
11911,-1.2697369811077581,-0.008298802814695066
11912,-1.269736989740963,-0.008298802814695066
11913,-1.2697369952088065,-0.008298802814695066
11914,-1.2697369955617095,-0.008298802814695066
11915,-1.2697369975131902,-0.008298802814695066
11916,-1.2697369980846205,-0.008298802814695066
11917,-1.2697369984737708,-0.008298802814695066
11918,-1.2697370163129067,-0.008298802814695066
11919,-1.2697370178745326,-0.008298802814695066
11920,-1.2697370220369004,-0.008298802814695066
11921,-1.2697370257741911,-0.008298802814695066
11922,-1.2697370315818561,-0.008298802814695066
11923,-1.2697370340145027,-0.008298802814695066
11924,-1.2697370443354175,-0.008298802814695066
11925,-1.2697370468106215,-0.008298802814695066
11926,-1.2697370545528086,-0.008298802814695066
11927,-1.2697370554400371,-0.008298802814695066
11928,-1.2697370665597718,-0.008298802814695066
11929,-1.2697370702281936,-0.008298802814695066
11930,-1.2697370730048776,-0.008298802814695066
11931,-1.2697370735654485,-0.008298802814695066
11932,-1.2697370933322294,-0.008298802814695066
11933,-1.269737099174009,-0.008298802814695066
11934,-1.2697371009295464,-0.008298802814695066
11935,-1.2697371010761875,-0.008298802814695066
11936,-1.2697371013536571,-0.008298802814695066
11937,-1.2697371018184023,-0.008298802814695066
11938,-1.2697371067770198,-0.008298802814695066
11939,-1.2697371108757487,-0.008298802814695066
11940,-1.2697371164805389,-0.008298802814695066
11941,-1.269737125736757,-0.008298802814695066
11942,-1.269737128219284,-0.008298802814695066
11943,-1.2697371285806829,-0.008298802814695066
11944,-1.269737129810204,-0.008298802814695066
11945,-1.269737131314819,-0.008298802814695066
11946,-1.2697371337021743,-0.008298802814695066
11947,-1.2697371609267205,-0.008298802814695066
11948,-1.2697371618375923,-0.008298802814695066
11949,-1.2697371664233947,-0.008298802814695066
11950,-1.269737180218948,-0.008298802814695066
11951,-1.2697371855987067,-0.008298802814695066
11952,-1.269737188223104,-0.008298802814695066
11953,-1.2697372040117982,-0.008298802814695066
11954,-1.2697372049321967,-0.008298802814695066
11955,-1.2697372135110736,-0.008298802814695066
11956,-1.269737214024522,-0.008298802814695066
11957,-1.2697372158077407,-0.008298802814695066
11958,-1.2697372172849701,-0.008298802814695066
11959,-1.2697372234130113,-0.008298802814695066
11960,-1.2697372281750896,-0.008298802814695066
11961,-1.2697372343584163,-0.008298802814695066
11962,-1.2697372392077413,-0.008298802814695066
11963,-1.2697372541084238,-0.008298802814695066
11964,-1.2697372699135538,-0.008298802814695066
11965,-1.2697372727193539,-0.008298802814695066
11966,-1.2697372777335452,-0.008298802814695066
11967,-1.269737278691403,-0.008298802814695066
11968,-1.2697372815865613,-0.008298802814695066
11969,-1.269737288916005,-0.008298802814695066
11970,-1.2697372920376262,-0.008298802814695066
11971,-1.2697372925756252,-0.008298802814695066
11972,-1.2697373053059087,-0.008298802814695066
11973,-1.2697373196046802,-0.008298802814695066
11974,-1.2697373298815235,-0.008298802814695066
11975,-1.2697373370815768,-0.008298802814695066
11976,-1.2697373518764057,-0.008298802814695066
11977,-1.2697373584525735,-0.008298802814695066
11978,-1.2697373729686525,-0.008298802814695066
11979,-1.269737380643189,-0.008298802814695066
11980,-1.2697373892650783,-0.008298802814695066
11981,-1.2697373957149796,-0.008298802814695066
11982,-1.2697373969642856,-0.008298802814695066
11983,-1.2697374016561955,-0.008298802814695066
11984,-1.2697374036122295,-0.008298802814695066
11985,-1.2697374080979025,-0.008298802814695066
11986,-1.2697374088969509,-0.008298802814695066
11987,-1.2697374105027492,-0.008298802814695066
11988,-1.269737411663236,-0.008298802814695066
11989,-1.2697374135046298,-0.008298802814695066
11990,-1.2697374154378955,-0.008298802814695066
11991,-1.2697374194430242,-0.008298802814695066
11992,-1.2697374594688045,-0.008298802814695066
11993,-1.2697374596224544,-0.008298802814695066
11994,-1.2697374650416642,-0.008298802814695066
11995,-1.2697374739287808,-0.008298802814695066
11996,-1.2697374828952308,-0.008298802814695066
11997,-1.26973750001479,-0.008298802814695066
11998,-1.2697375159795432,-0.008298802814695066
11999,-1.2697375176501084,-0.008298802814695066
12000,-1.2697375202073038,-0.008298802814695066
12001,-1.2697375221769167,-0.008298802814695066
12002,-1.2697375291773647,-0.008298802814695066
12003,-1.2697375291851771,-0.008298802814695066
12004,-1.2697375419564365,-0.008298802814695066
12005,-1.269737555598823,-0.008298802814695066
12006,-1.2697375934287307,-0.008298802814695066
12007,-1.2697375966018973,-0.008298802814695066
12008,-1.2697375969429208,-0.008298802814695066
12009,-1.2697376019010993,-0.008298802814695066
12010,-1.269737602549631,-0.008298802814695066
12011,-1.26973760550563,-0.008298802814695066
12012,-1.269737611940211,-0.008298802814695066
12013,-1.269737615431779,-0.008298802814695066
12014,-1.269737632000826,-0.008298802814695066
12015,-1.269737632385227,-0.008298802814695066
12016,-1.2697376513788823,-0.008298802814695066
12017,-1.2697376594586645,-0.008298802814695066
12018,-1.2697376631468156,-0.008298802814695066
12019,-1.2697376637010591,-0.008298802814695066
12020,-1.269737665819023,-0.008298802814695066
12021,-1.2697376687370339,-0.008298802814695066
12022,-1.2697376715500475,-0.008298802814695066
12023,-1.2697376744400675,-0.008298802814695066
12024,-1.2697376863836154,-0.008298802814695066
12025,-1.2697376898818442,-0.008298802814695066
12026,-1.2697376926405588,-0.008298802814695066
12027,-1.269737694088266,-0.008298802814695066
12028,-1.2697377029634092,-0.008298802814695066
12029,-1.2697377106533956,-0.008298802814695066
12030,-1.2697377110841939,-0.008298802814695066
12031,-1.269737714824625,-0.008298802814695066
12032,-1.2697377166730623,-0.008298802814695066
12033,-1.2697377170092985,-0.008298802814695066
12034,-1.2697377222805504,-0.008298802814695066
12035,-1.2697377300050368,-0.008298802814695066
12036,-1.2697377316485146,-0.008298802814695066
12037,-1.2697377360885622,-0.008298802814695066
12038,-1.2697377377032875,-0.008298802814695066
12039,-1.2697377480282226,-0.008298802814695066
12040,-1.2697377523547975,-0.008298802814695066
12041,-1.2697377567455104,-0.008298802814695066
12042,-1.2697377581291844,-0.008298802814695066
12043,-1.2697377797088363,-0.008298802814695066
12044,-1.269737779778867,-0.008298802814695066
12045,-1.2697377807993933,-0.008298802814695066
12046,-1.2697377845412758,-0.008298802814695066
12047,-1.2697377866749344,-0.008298802814695066
12048,-1.2697378109905264,-0.008298802814695066
12049,-1.2697378118470346,-0.008298802814695066
12050,-1.2697378184234438,-0.008298802814695066
12051,-1.2697378189675042,-0.008298802814695066
12052,-1.269737825705217,-0.008298802814695066
12053,-1.2697378269079644,-0.008298802814695066
12054,-1.269737827274628,-0.008298802814695066
12055,-1.269737828000781,-0.008298802814695066
12056,-1.2697378282823255,-0.008298802814695066
12057,-1.2697378311016005,-0.008298802814695066
12058,-1.269737846813731,-0.008298802814695066
12059,-1.2697378481499695,-0.008298802814695066
12060,-1.2697378488507645,-0.008298802814695066
12061,-1.2697378653305855,-0.008298802814695066
12062,-1.2697378789960025,-0.008298802814695066
12063,-1.2697378805161736,-0.008298802814695066
12064,-1.2697378849178118,-0.008298802814695066
12065,-1.2697378852563062,-0.008298802814695066
12066,-1.2697378885534514,-0.008298802814695066
12067,-1.2697378906383254,-0.008298802814695066
12068,-1.2697379135085485,-0.008298802814695066
12069,-1.2697379227124306,-0.008298802814695066
12070,-1.2697379260184118,-0.008298802814695066
12071,-1.2697379273763754,-0.008298802814695066
12072,-1.2697379368564068,-0.008298802814695066
12073,-1.2697379406017628,-0.008298802814695066
12074,-1.269737941233816,-0.008298802814695066
12075,-1.2697379452537876,-0.008298802814695066
12076,-1.2697379511006124,-0.008298802814695066
12077,-1.269737958136048,-0.008298802814695066
12078,-1.269737961583961,-0.008298802814695066
12079,-1.2697379669099824,-0.008298802814695066
12080,-1.2697379674879472,-0.008298802814695066
12081,-1.2697379708754473,-0.008298802814695066
12082,-1.2697379743135473,-0.008298802814695066
12083,-1.2697379769967099,-0.008298802814695066
12084,-1.269737979013706,-0.008298802814695066
12085,-1.2697379794155477,-0.008298802814695066
12086,-1.2697379842584984,-0.008298802814695066
12087,-1.2697379880209114,-0.008298802814695066
12088,-1.2697379882138145,-0.008298802814695066
12089,-1.2697379884017916,-0.008298802814695066
12090,-1.2697379893996432,-0.008298802814695066
12091,-1.2697379938327031,-0.008298802814695066
12092,-1.2697380120707462,-0.008298802814695066
12093,-1.269738014549349,-0.008298802814695066
12094,-1.269738014558476,-0.008298802814695066
12095,-1.2697380262751157,-0.008298802814695066
12096,-1.2697380287090176,-0.008298802814695066
12097,-1.2697380441999804,-0.008298802814695066
12098,-1.2697380484498944,-0.008298802814695066
12099,-1.2697380552606703,-0.008298802814695066
12100,-1.2697380572189045,-0.008298802814695066
12101,-1.2697380580628577,-0.008298802814695066
12102,-1.2697380661871,-0.008298802814695066
12103,-1.2697380671554037,-0.008298802814695066
12104,-1.2697380683748147,-0.008298802814695066
12105,-1.2697380695546407,-0.008298802814695066
12106,-1.2697380750971194,-0.008298802814695066
12107,-1.269738079024221,-0.008298802814695066
12108,-1.2697380798559263,-0.008298802814695066
12109,-1.269738086919025,-0.008298802814695066
12110,-1.2697380958924298,-0.008298802814695066
12111,-1.2697380988030602,-0.008298802814695066
12112,-1.269738115978133,-0.008298802814695066
12113,-1.269738122943808,-0.008298802814695066
12114,-1.2697381272357788,-0.008298802814695066
12115,-1.269738127596273,-0.008298802814695066
12116,-1.2697381319954704,-0.008298802814695066
12117,-1.2697381356672515,-0.008298802814695066
12118,-1.2697381394747338,-0.008298802814695066
12119,-1.2697381403313328,-0.008298802814695066
12120,-1.2697381532885677,-0.008298802814695066
12121,-1.2697381540257833,-0.008298802814695066
12122,-1.2697381547007678,-0.008298802814695066
12123,-1.2697381567078716,-0.008298802814695066
12124,-1.26973816118374,-0.008298802814695066
12125,-1.269738164914997,-0.008298802814695066
12126,-1.2697381651614184,-0.008298802814695066
12127,-1.2697381680273625,-0.008298802814695066
12128,-1.2697381731346178,-0.008298802814695066
12129,-1.269738182214482,-0.008298802814695066
12130,-1.2697381824447103,-0.008298802814695066
12131,-1.2697381878391594,-0.008298802814695066
12132,-1.2697381879072343,-0.008298802814695066
12133,-1.2697381911180452,-0.008298802814695066
12134,-1.2697381935564185,-0.008298802814695066
12135,-1.269738203866781,-0.008298802814695066
12136,-1.269738207741011,-0.008298802814695066
12137,-1.269738211605456,-0.008298802814695066
12138,-1.269738214151281,-0.008298802814695066
12139,-1.2697382142462952,-0.008298802814695066
12140,-1.2697382223912026,-0.008298802814695066
12141,-1.2697382269518518,-0.008298802814695066
12142,-1.2697382282076646,-0.008298802814695066
12143,-1.2697382283588454,-0.008298802814695066
12144,-1.2697382310357717,-0.008298802814695066
12145,-1.2697382348661288,-0.008298802814695066
12146,-1.2697382401282928,-0.008298802814695066
12147,-1.2697382461789843,-0.008298802814695066
12148,-1.2697382469313159,-0.008298802814695066
12149,-1.269738254649073,-0.008298802814695066
12150,-1.2697382554397278,-0.008298802814695066
12151,-1.2697382655288736,-0.008298802814695066
12152,-1.2697382668134587,-0.008298802814695066
12153,-1.2697382727020852,-0.008298802814695066
12154,-1.2697382822674141,-0.008298802814695066
12155,-1.2697382864459057,-0.008298802814695066
12156,-1.2697382901268934,-0.008298802814695066
12157,-1.2697382942877644,-0.008298802814695066
12158,-1.2697383006649512,-0.008298802814695066
12159,-1.2697383029247584,-0.008298802814695066
12160,-1.2697383031310927,-0.008298802814695066
12161,-1.2697383273871796,-0.008298802814695066
12162,-1.2697383349864497,-0.008298802814695066
12163,-1.269738342579908,-0.008298802814695066
12164,-1.2697383534814173,-0.008298802814695066
12165,-1.2697383676062501,-0.008298802814695066
12166,-1.269738369274207,-0.008298802814695066
12167,-1.2697383869592334,-0.008298802814695066
12168,-1.2697383924001575,-0.008298802814695066
12169,-1.2697383929437331,-0.008298802814695066
12170,-1.2697384001557723,-0.008298802814695066
12171,-1.2697384006419696,-0.008298802814695066
12172,-1.2697384022972849,-0.008298802814695066
12173,-1.269738417569053,-0.008298802814695066
12174,-1.269738418856561,-0.008298802814695066
12175,-1.2697384272951562,-0.008298802814695066
12176,-1.269738427867292,-0.008298802814695066
12177,-1.2697384360113575,-0.008298802814695066
12178,-1.2697384361230322,-0.008298802814695066
12179,-1.2697384375111205,-0.008298802814695066
12180,-1.2697384430753664,-0.008298802814695066
12181,-1.2697384438321677,-0.008298802814695066
12182,-1.2697384472726951,-0.008298802814695066
12183,-1.2697384548887571,-0.008298802814695066
12184,-1.2697384700335872,-0.008298802814695066
12185,-1.2697384788923922,-0.008298802814695066
12186,-1.2697384807084298,-0.008298802814695066
12187,-1.2697384863275234,-0.008298802814695066
12188,-1.2697384989694362,-0.008298802814695066
12189,-1.2697384999525454,-0.008298802814695066
12190,-1.2697385094691125,-0.008298802814695066
12191,-1.2697385126740375,-0.008298802814695066
12192,-1.2697385164065536,-0.008298802814695066
12193,-1.269738518371263,-0.008298802814695066
12194,-1.2697385214474082,-0.008298802814695066
12195,-1.2697385260350345,-0.008298802814695066
12196,-1.269738526150752,-0.008298802814695066
12197,-1.2697385346314543,-0.008298802814695066
12198,-1.2697385360090634,-0.008298802814695066
12199,-1.2697385383258604,-0.008298802814695066
12200,-1.2697385394600635,-0.008298802814695066
12201,-1.2697385405153083,-0.008298802814695066
12202,-1.2697385435534083,-0.008298802814695066
12203,-1.2697385474257694,-0.008298802814695066
12204,-1.269738548680947,-0.008298802814695066
12205,-1.2697385559944017,-0.008298802814695066
12206,-1.2697385598245712,-0.008298802814695066
12207,-1.2697385658501015,-0.008298802814695066
12208,-1.269738568381894,-0.008298802814695066
12209,-1.2697385707661688,-0.008298802814695066
12210,-1.269738576034028,-0.008298802814695066
12211,-1.2697385794510887,-0.008298802814695066
12212,-1.269738584542733,-0.008298802814695066
12213,-1.269738587593785,-0.008298802814695066
12214,-1.269738590385634,-0.008298802814695066
12215,-1.2697385914022021,-0.008298802814695066
12216,-1.269738591420475,-0.008298802814695066
12217,-1.2697386005412337,-0.008298802814695066
12218,-1.269738602293796,-0.008298802814695066
12219,-1.2697386112528048,-0.008298802814695066
12220,-1.2697386158903043,-0.008298802814695066
12221,-1.2697386164285287,-0.008298802814695066
12222,-1.269738622843006,-0.008298802814695066
12223,-1.2697386297126103,-0.008298802814695066
12224,-1.2697386391752974,-0.008298802814695066
12225,-1.2697386408660902,-0.008298802814695066
12226,-1.2697386444946965,-0.008298802814695066
12227,-1.269738652505907,-0.008298802814695066
12228,-1.2697386580305303,-0.008298802814695066
12229,-1.2697386775342365,-0.008298802814695066
12230,-1.2697386799512786,-0.008298802814695066
12231,-1.2697386807701483,-0.008298802814695066
12232,-1.2697386843779643,-0.008298802814695066
12233,-1.269738686598076,-0.008298802814695066
12234,-1.2697386901140986,-0.008298802814695066
12235,-1.269738691707036,-0.008298802814695066
12236,-1.269738695481332,-0.008298802814695066
12237,-1.2697387013381949,-0.008298802814695066
12238,-1.2697387024786457,-0.008298802814695066
12239,-1.2697387170686554,-0.008298802814695066
12240,-1.269738720097132,-0.008298802814695066
12241,-1.2697387236268234,-0.008298802814695066
12242,-1.2697387303480685,-0.008298802814695066
12243,-1.269738733848429,-0.008298802814695066
12244,-1.2697387430091274,-0.008298802814695066
12245,-1.2697387520996406,-0.008298802814695066
12246,-1.269738752585114,-0.008298802814695066
12247,-1.2697387543845526,-0.008298802814695066
12248,-1.2697387547628116,-0.008298802814695066
12249,-1.269738759720009,-0.008298802814695066
12250,-1.2697387617492115,-0.008298802814695066
12251,-1.269738763337674,-0.008298802814695066
12252,-1.2697387661604043,-0.008298802814695066
12253,-1.2697387682619716,-0.008298802814695066
12254,-1.2697387721619877,-0.008298802814695066
12255,-1.2697387779442197,-0.008298802814695066
12256,-1.2697387787877632,-0.008298802814695066
12257,-1.269738795169191,-0.008298802814695066
12258,-1.2697388009737214,-0.008298802814695066
12259,-1.2697388134220668,-0.008298802814695066
12260,-1.2697388171585289,-0.008298802814695066
12261,-1.2697388227583888,-0.008298802814695066
12262,-1.2697388283471829,-0.008298802814695066
12263,-1.2697388327841033,-0.008298802814695066
12264,-1.2697388349436565,-0.008298802814695066
12265,-1.2697388367463056,-0.008298802814695066
12266,-1.2697388441120094,-0.008298802814695066
12267,-1.2697388453721878,-0.008298802814695066
12268,-1.269738854393978,-0.008298802814695066
12269,-1.2697388556149223,-0.008298802814695066
12270,-1.269738863737102,-0.008298802814695066
12271,-1.269738865088271,-0.008298802814695066
12272,-1.2697388667968532,-0.008298802814695066
12273,-1.2697388738067055,-0.008298802814695066
12274,-1.2697388780559578,-0.008298802814695066
12275,-1.2697388782712653,-0.008298802814695066
12276,-1.2697388813841006,-0.008298802814695066
12277,-1.2697388818174864,-0.008298802814695066
12278,-1.2697388898345123,-0.008298802814695066
12279,-1.2697388900104047,-0.008298802814695066
12280,-1.2697388967478151,-0.008298802814695066
12281,-1.2697389007705793,-0.008298802814695066
12282,-1.2697389012812805,-0.008298802814695066
12283,-1.2697389068288216,-0.008298802814695066
12284,-1.2697389115695106,-0.008298802814695066
12285,-1.2697389270502766,-0.008298802814695066
12286,-1.2697389336672311,-0.008298802814695066
12287,-1.2697389440779152,-0.008298802814695066
12288,-1.2697389479252914,-0.008298802814695066
12289,-1.2697389644704171,-0.008298802814695066
12290,-1.269738973334864,-0.008298802814695066
12291,-1.2697389736353797,-0.008298802814695066
12292,-1.2697389749117058,-0.008298802814695066
12293,-1.2697389797331624,-0.008298802814695066
12294,-1.269738979823049,-0.008298802814695066
12295,-1.2697389821850542,-0.008298802814695066
12296,-1.269738985814823,-0.008298802814695066
12297,-1.2697389866261561,-0.008298802814695066
12298,-1.2697389867691737,-0.008298802814695066
12299,-1.2697389905185832,-0.008298802814695066
12300,-1.2697389982997387,-0.008298802814695066
12301,-1.2697390003766937,-0.008298802814695066
12302,-1.2697390067478662,-0.008298802814695066
12303,-1.2697390071660015,-0.008298802814695066
12304,-1.2697390150308598,-0.008298802814695066
12305,-1.2697390190409026,-0.008298802814695066
12306,-1.2697390192348808,-0.008298802814695066
12307,-1.2697390217219913,-0.008298802814695066
12308,-1.269739024547506,-0.008298802814695066
12309,-1.269739028388712,-0.008298802814695066
12310,-1.2697390301818166,-0.008298802814695066
12311,-1.2697390318436055,-0.008298802814695066
12312,-1.269739032332869,-0.008298802814695066
12313,-1.2697390342771957,-0.008298802814695066
12314,-1.2697390405330098,-0.008298802814695066
12315,-1.2697390452254422,-0.008298802814695066
12316,-1.2697390477708337,-0.008298802814695066
12317,-1.2697390488140305,-0.008298802814695066
12318,-1.269739054967174,-0.008298802814695066
12319,-1.2697390568388158,-0.008298802814695066
12320,-1.269739060002196,-0.008298802814695066
12321,-1.2697390654341931,-0.008298802814695066
12322,-1.269739069671183,-0.008298802814695066
12323,-1.2697390756481228,-0.008298802814695066
12324,-1.2697390780425772,-0.008298802814695066
12325,-1.2697390788421,-0.008298802814695066
12326,-1.269739084432354,-0.008298802814695066
12327,-1.269739093528072,-0.008298802814695066
12328,-1.2697390981688395,-0.008298802814695066
12329,-1.2697391006130743,-0.008298802814695066
12330,-1.2697391017007664,-0.008298802814695066
12331,-1.2697391049096403,-0.008298802814695066
12332,-1.2697391191349583,-0.008298802814695066
12333,-1.2697391301969385,-0.008298802814695066
12334,-1.2697391357397758,-0.008298802814695066
12335,-1.269739140674101,-0.008298802814695066
12336,-1.2697391468164607,-0.008298802814695066
12337,-1.2697391473297657,-0.008298802814695066
12338,-1.2697391517739254,-0.008298802814695066
12339,-1.269739155003676,-0.008298802814695066
12340,-1.2697391550321828,-0.008298802814695066
12341,-1.2697391615671916,-0.008298802814695066
12342,-1.269739162563162,-0.008298802814695066
12343,-1.2697391639271212,-0.008298802814695066
12344,-1.269739170533605,-0.008298802814695066
12345,-1.2697391705503915,-0.008298802814695066
12346,-1.2697391712779824,-0.008298802814695066
12347,-1.2697391766619663,-0.008298802814695066
12348,-1.2697391767246862,-0.008298802814695066
12349,-1.2697391772780418,-0.008298802814695066
12350,-1.2697391838612717,-0.008298802814695066
12351,-1.2697391839277945,-0.008298802814695066
12352,-1.2697391859023877,-0.008298802814695066
12353,-1.2697391861303107,-0.008298802814695066
12354,-1.2697391891029879,-0.008298802814695066
12355,-1.2697391922690353,-0.008298802814695066
12356,-1.2697391959950535,-0.008298802814695066
12357,-1.2697392030243306,-0.008298802814695066
12358,-1.2697392119719835,-0.008298802814695066
12359,-1.2697392143349777,-0.008298802814695066
12360,-1.2697392160805114,-0.008298802814695066
12361,-1.269739216925886,-0.008298802814695066
12362,-1.2697392195534225,-0.008298802814695066
12363,-1.2697392313547253,-0.008298802814695066
12364,-1.2697392316401908,-0.008298802814695066
12365,-1.2697392321452363,-0.008298802814695066
12366,-1.2697392415992095,-0.008298802814695066
12367,-1.269739242006224,-0.008298802814695066
12368,-1.2697392431549686,-0.008298802814695066
12369,-1.2697392443304691,-0.008298802814695066
12370,-1.2697392623949093,-0.008298802814695066
12371,-1.2697392657673783,-0.008298802814695066
12372,-1.269739268703279,-0.008298802814695066
12373,-1.2697392701833348,-0.008298802814695066
12374,-1.2697392716098286,-0.008298802814695066
12375,-1.2697392740514584,-0.008298802814695066
12376,-1.2697392749580354,-0.008298802814695066
12377,-1.2697392751099632,-0.008298802814695066
12378,-1.2697392781668035,-0.008298802814695066
12379,-1.2697392784677501,-0.008298802814695066
12380,-1.2697392878475702,-0.008298802814695066
12381,-1.269739288230583,-0.008298802814695066
12382,-1.2697392886355932,-0.008298802814695066
12383,-1.2697392909220508,-0.008298802814695066
12384,-1.269739294584637,-0.008298802814695066
12385,-1.269739296256019,-0.008298802814695066
12386,-1.269739296293706,-0.008298802814695066
12387,-1.2697393001945203,-0.008298802814695066
12388,-1.2697393031588358,-0.008298802814695066
12389,-1.2697393114009834,-0.008298802814695066
12390,-1.2697393138915252,-0.008298802814695066
12391,-1.2697393181606607,-0.008298802814695066
12392,-1.2697393191679183,-0.008298802814695066
12393,-1.2697393230217782,-0.008298802814695066
12394,-1.2697393237699468,-0.008298802814695066
12395,-1.2697393263078487,-0.008298802814695066
12396,-1.2697393319821346,-0.008298802814695066
12397,-1.2697393321056567,-0.008298802814695066
12398,-1.2697393360821012,-0.008298802814695066
12399,-1.2697393376461692,-0.008298802814695066
12400,-1.2697393396581518,-0.008298802814695066
12401,-1.2697393406417032,-0.008298802814695066
12402,-1.2697393414077556,-0.008298802814695066
12403,-1.2697393436685467,-0.008298802814695066
12404,-1.269739344481507,-0.008298802814695066
12405,-1.2697393456156967,-0.008298802814695066
12406,-1.2697393541839386,-0.008298802814695066
12407,-1.269739358428179,-0.008298802814695066
12408,-1.2697393592771549,-0.008298802814695066
12409,-1.2697393635508205,-0.008298802814695066
12410,-1.2697393658268137,-0.008298802814695066
12411,-1.2697393678103643,-0.008298802814695066
12412,-1.2697393742646175,-0.008298802814695066
12413,-1.2697393808712798,-0.008298802814695066
12414,-1.2697393820198546,-0.008298802814695066
12415,-1.269739382391843,-0.008298802814695066
12416,-1.2697393847103966,-0.008298802814695066
12417,-1.2697393857880428,-0.008298802814695066
12418,-1.2697393861903754,-0.008298802814695066
12419,-1.2697393919096036,-0.008298802814695066
12420,-1.2697393960460048,-0.008298802814695066
12421,-1.2697393983033722,-0.008298802814695066
12422,-1.2697394033081908,-0.008298802814695066
12423,-1.2697394047957398,-0.008298802814695066
12424,-1.269739410266165,-0.008298802814695066
12425,-1.269739417005683,-0.008298802814695066
12426,-1.2697394185886952,-0.008298802814695066
12427,-1.2697394197033152,-0.008298802814695066
12428,-1.2697394219218618,-0.008298802814695066
12429,-1.2697394223461396,-0.008298802814695066
12430,-1.2697394259706671,-0.008298802814695066
12431,-1.2697394308854089,-0.008298802814695066
12432,-1.2697394340996628,-0.008298802814695066
12433,-1.2697394353040623,-0.008298802814695066
12434,-1.2697394358600476,-0.008298802814695066
12435,-1.2697394359327923,-0.008298802814695066
12436,-1.269739436409942,-0.008298802814695066
12437,-1.2697394385284748,-0.008298802814695066
12438,-1.2697394404063727,-0.008298802814695066
12439,-1.2697394414580598,-0.008298802814695066
12440,-1.2697394439185334,-0.008298802814695066
12441,-1.269739445379405,-0.008298802814695066
12442,-1.2697394520980687,-0.008298802814695066
12443,-1.2697394524640453,-0.008298802814695066
12444,-1.269739454625358,-0.008298802814695066
12445,-1.2697394550682568,-0.008298802814695066
12446,-1.2697394575893695,-0.008298802814695066
12447,-1.2697394582720958,-0.008298802814695066
12448,-1.269739458646788,-0.008298802814695066
12449,-1.26973946047331,-0.008298802814695066
12450,-1.269739469814609,-0.008298802814695066
12451,-1.269739475224076,-0.008298802814695066
12452,-1.2697394770325927,-0.008298802814695066
12453,-1.2697394772158463,-0.008298802814695066
12454,-1.2697394774969815,-0.008298802814695066
12455,-1.269739480000484,-0.008298802814695066
12456,-1.269739487041937,-0.008298802814695066
12457,-1.2697394873842316,-0.008298802814695066
12458,-1.2697394912074367,-0.008298802814695066
12459,-1.2697394942762923,-0.008298802814695066
12460,-1.2697394966969635,-0.008298802814695066
12461,-1.2697394973736227,-0.008298802814695066
12462,-1.2697394990519308,-0.008298802814695066
12463,-1.26973950456755,-0.008298802814695066
12464,-1.2697395097711888,-0.008298802814695066
12465,-1.2697395113050978,-0.008298802814695066
12466,-1.2697395113728742,-0.008298802814695066
12467,-1.2697395135079816,-0.008298802814695066
12468,-1.2697395138246836,-0.008298802814695066
12469,-1.2697395140774206,-0.008298802814695066
12470,-1.2697395181939481,-0.008298802814695066
12471,-1.2697395201653583,-0.008298802814695066
12472,-1.2697395208881646,-0.008298802814695066
12473,-1.2697395209093256,-0.008298802814695066
12474,-1.2697395226513681,-0.008298802814695066
12475,-1.2697395228458739,-0.008298802814695066
12476,-1.2697395234810556,-0.008298802814695066
12477,-1.2697395261641136,-0.008298802814695066
12478,-1.2697395271556409,-0.008298802814695066
12479,-1.2697395371033453,-0.008298802814695066
12480,-1.2697395408250025,-0.008298802814695066
12481,-1.2697395441569392,-0.008298802814695066
12482,-1.2697395479937448,-0.008298802814695066
12483,-1.269739551567146,-0.008298802814695066
12484,-1.2697395533843228,-0.008298802814695066
12485,-1.2697395542008285,-0.008298802814695066
12486,-1.269739554822342,-0.008298802814695066
12487,-1.2697395602785508,-0.008298802814695066
12488,-1.2697395668208222,-0.008298802814695066
12489,-1.2697395698650698,-0.008298802814695066
12490,-1.2697395724434088,-0.008298802814695066
12491,-1.2697395806020673,-0.008298802814695066
12492,-1.2697395811520544,-0.008298802814695066
12493,-1.2697395937593148,-0.008298802814695066
12494,-1.2697395938345912,-0.008298802814695066
12495,-1.2697395990738831,-0.008298802814695066
12496,-1.269739600690035,-0.008298802814695066
12497,-1.2697396096472784,-0.008298802814695066
12498,-1.2697396107045797,-0.008298802814695066
12499,-1.2697396195597184,-0.008298802814695066
12500,-1.2697396199382514,-0.008298802814695066
12501,-1.2697396300801504,-0.008298802814695066
12502,-1.2697396344751373,-0.008298802814695066
12503,-1.2697396395470382,-0.008298802814695066
12504,-1.2697396441442146,-0.008298802814695066
12505,-1.2697396461738277,-0.008298802814695066
12506,-1.2697396562775771,-0.008298802814695066
12507,-1.2697396565163275,-0.008298802814695066
12508,-1.2697396570656916,-0.008298802814695066
12509,-1.2697396570791764,-0.008298802814695066
12510,-1.2697396599585304,-0.008298802814695066
12511,-1.2697396687206752,-0.008298802814695066
12512,-1.2697396688811597,-0.008298802814695066
12513,-1.2697396710365507,-0.008298802814695066
12514,-1.2697396714139844,-0.008298802814695066
12515,-1.2697396871159754,-0.008298802814695066
12516,-1.269739688685972,-0.008298802814695066
12517,-1.2697396902743758,-0.008298802814695066
12518,-1.2697396930630185,-0.008298802814695066
12519,-1.2697396943224604,-0.008298802814695066
12520,-1.2697396985352427,-0.008298802814695066
12521,-1.2697397001192647,-0.008298802814695066
12522,-1.269739704582548,-0.008298802814695066
12523,-1.26973970565503,-0.008298802814695066
12524,-1.2697397059260735,-0.008298802814695066
12525,-1.2697397081414992,-0.008298802814695066
12526,-1.2697397102603452,-0.008298802814695066
12527,-1.2697397128200052,-0.008298802814695066
12528,-1.2697397128656913,-0.008298802814695066
12529,-1.26973971746091,-0.008298802814695066
12530,-1.2697397195463767,-0.008298802814695066
12531,-1.2697397217425692,-0.008298802814695066
12532,-1.2697397223561324,-0.008298802814695066
12533,-1.2697397243143185,-0.008298802814695066
12534,-1.269739727662531,-0.008298802814695066
12535,-1.2697397285724745,-0.008298802814695066
12536,-1.2697397291087946,-0.008298802814695066
12537,-1.2697397313576468,-0.008298802814695066
12538,-1.2697397359036735,-0.008298802814695066
12539,-1.2697397381246271,-0.008298802814695066
12540,-1.2697397402045272,-0.008298802814695066
12541,-1.2697397412248925,-0.008298802814695066
12542,-1.2697397433015212,-0.008298802814695066
12543,-1.2697397446262415,-0.008298802814695066
12544,-1.2697397593504984,-0.008298802814695066
12545,-1.2697397638407086,-0.008298802814695066
12546,-1.2697397640578996,-0.008298802814695066
12547,-1.269739768291652,-0.008298802814695066
12548,-1.2697397699846609,-0.008298802814695066
12549,-1.2697397769847845,-0.008298802814695066
12550,-1.2697397853816816,-0.008298802814695066
12551,-1.2697397867340119,-0.008298802814695066
12552,-1.2697397875187206,-0.008298802814695066
12553,-1.2697397984570378,-0.008298802814695066
12554,-1.2697398006089449,-0.008298802814695066
12555,-1.2697398039402046,-0.008298802814695066
12556,-1.2697398066994308,-0.008298802814695066
12557,-1.2697398117230472,-0.008298802814695066
12558,-1.269739813826953,-0.008298802814695066
12559,-1.2697398149427728,-0.008298802814695066
12560,-1.2697398221785188,-0.008298802814695066
12561,-1.269739824327802,-0.008298802814695066
12562,-1.2697398270670432,-0.008298802814695066
12563,-1.2697398281724193,-0.008298802814695066
12564,-1.2697398289611481,-0.008298802814695066
12565,-1.2697398314284725,-0.008298802814695066
12566,-1.2697398395809814,-0.008298802814695066
12567,-1.2697398403659468,-0.008298802814695066
12568,-1.2697398445280264,-0.008298802814695066
12569,-1.2697398447634527,-0.008298802814695066
12570,-1.2697398490297869,-0.008298802814695066
12571,-1.2697398592543674,-0.008298802814695066
12572,-1.2697398641444542,-0.008298802814695066
12573,-1.269739867221098,-0.008298802814695066
12574,-1.269739868927814,-0.008298802814695066
12575,-1.2697398709510739,-0.008298802814695066
12576,-1.2697398747934412,-0.008298802814695066
12577,-1.2697398765353645,-0.008298802814695066
12578,-1.269739880307047,-0.008298802814695066
12579,-1.269739893475215,-0.008298802814695066
12580,-1.2697398934760655,-0.008298802814695066
12581,-1.269739894833114,-0.008298802814695066
12582,-1.2697398971816398,-0.008298802814695066
12583,-1.26973989727146,-0.008298802814695066
12584,-1.2697399044786621,-0.008298802814695066
12585,-1.2697399048257338,-0.008298802814695066
12586,-1.2697399055109126,-0.008298802814695066
12587,-1.2697399086888355,-0.008298802814695066
12588,-1.2697399101434008,-0.008298802814695066
12589,-1.269739912184578,-0.008298802814695066
12590,-1.2697399129447022,-0.008298802814695066
12591,-1.2697399155028157,-0.008298802814695066
12592,-1.2697399156812839,-0.008298802814695066
12593,-1.269739915690024,-0.008298802814695066
12594,-1.269739917170555,-0.008298802814695066
12595,-1.269739917277319,-0.008298802814695066
12596,-1.2697399185852114,-0.008298802814695066
12597,-1.2697399191146694,-0.008298802814695066
12598,-1.2697399212705243,-0.008298802814695066
12599,-1.269739921954873,-0.008298802814695066
12600,-1.2697399244879064,-0.008298802814695066
12601,-1.269739928184632,-0.008298802814695066
12602,-1.2697399282582915,-0.008298802814695066
12603,-1.26973993106694,-0.008298802814695066
12604,-1.2697399338746256,-0.008298802814695066
12605,-1.269739934775818,-0.008298802814695066
12606,-1.2697399352140044,-0.008298802814695066
12607,-1.2697399356965413,-0.008298802814695066
12608,-1.2697399367153777,-0.008298802814695066
12609,-1.2697399387209092,-0.008298802814695066
12610,-1.2697399394356528,-0.008298802814695066
12611,-1.2697399400394471,-0.008298802814695066
12612,-1.2697399449169784,-0.008298802814695066
12613,-1.2697399464003576,-0.008298802814695066
12614,-1.2697399469857296,-0.008298802814695066
12615,-1.2697399481433393,-0.008298802814695066
12616,-1.2697399499018103,-0.008298802814695066
12617,-1.2697399505401017,-0.008298802814695066
12618,-1.2697399520819448,-0.008298802814695066
12619,-1.2697399524929012,-0.008298802814695066
12620,-1.2697399531943736,-0.008298802814695066
12621,-1.2697399534759828,-0.008298802814695066
12622,-1.2697399542054655,-0.008298802814695066
12623,-1.2697399545449186,-0.008298802814695066
12624,-1.2697399545506216,-0.008298802814695066
12625,-1.269739955589953,-0.008298802814695066
12626,-1.2697399559798748,-0.008298802814695066
12627,-1.2697399560204643,-0.008298802814695066
12628,-1.2697399578062234,-0.008298802814695066
12629,-1.269739959703761,-0.008298802814695066
12630,-1.2697399661663222,-0.008298802814695066
12631,-1.2697399662687503,-0.008298802814695066
12632,-1.269739967365428,-0.008298802814695066
12633,-1.2697399710093162,-0.008298802814695066
12634,-1.2697399791281951,-0.008298802814695066
12635,-1.2697399827401903,-0.008298802814695066
12636,-1.2697399832550225,-0.008298802814695066
12637,-1.2697399833804555,-0.008298802814695066
12638,-1.2697399849978954,-0.008298802814695066
12639,-1.269739985935726,-0.008298802814695066
12640,-1.2697399880710922,-0.008298802814695066
12641,-1.2697399881057172,-0.008298802814695066
12642,-1.269739990042141,-0.008298802814695066
12643,-1.269739992025165,-0.008298802814695066
12644,-1.269739994602629,-0.008298802814695066
12645,-1.2697399991522949,-0.008298802814695066
12646,-1.2697400075800265,-0.008298802814695066
12647,-1.269740011110033,-0.008298802814695066
12648,-1.269740012467136,-0.008298802814695066
12649,-1.2697400147539786,-0.008298802814695066
12650,-1.2697400172832516,-0.008298802814695066
12651,-1.269740017426893,-0.008298802814695066
12652,-1.2697400181141756,-0.008298802814695066
12653,-1.2697400199916216,-0.008298802814695066
12654,-1.269740024234955,-0.008298802814695066
12655,-1.2697400278493276,-0.008298802814695066
12656,-1.269740031175346,-0.008298802814695066
12657,-1.2697400320357697,-0.008298802814695066
12658,-1.2697400336059579,-0.008298802814695066
12659,-1.26974003743126,-0.008298802814695066
12660,-1.26974004006761,-0.008298802814695066
12661,-1.2697400444103013,-0.008298802814695066
12662,-1.2697400471539608,-0.008298802814695066
12663,-1.269740047749513,-0.008298802814695066
12664,-1.269740049304895,-0.008298802814695066
12665,-1.2697400514456714,-0.008298802814695066
12666,-1.2697400589873067,-0.008298802814695066
12667,-1.26974006057026,-0.008298802814695066
12668,-1.2697400661287372,-0.008298802814695066
12669,-1.2697400671391748,-0.008298802814695066
12670,-1.269740071732497,-0.008298802814695066
12671,-1.2697400744310858,-0.008298802814695066
12672,-1.2697400761154967,-0.008298802814695066
12673,-1.269740076890515,-0.008298802814695066
12674,-1.2697400846647207,-0.008298802814695066
12675,-1.2697400856351377,-0.008298802814695066
12676,-1.2697400858118362,-0.008298802814695066
12677,-1.2697400874710552,-0.008298802814695066
12678,-1.2697400892011215,-0.008298802814695066
12679,-1.269740090761858,-0.008298802814695066
12680,-1.269740092479085,-0.008298802814695066
12681,-1.2697400953875217,-0.008298802814695066
12682,-1.2697400966822854,-0.008298802814695066
12683,-1.269740096904195,-0.008298802814695066
12684,-1.269740100335017,-0.008298802814695066
12685,-1.2697401014291607,-0.008298802814695066
12686,-1.2697401030240205,-0.008298802814695066
12687,-1.2697401114204037,-0.008298802814695066
12688,-1.2697401133159283,-0.008298802814695066
12689,-1.2697401149837462,-0.008298802814695066
12690,-1.269740116319344,-0.008298802814695066
12691,-1.269740116893844,-0.008298802814695066
12692,-1.2697401176687027,-0.008298802814695066
12693,-1.2697401230636802,-0.008298802814695066
12694,-1.2697401245830184,-0.008298802814695066
12695,-1.2697401251376421,-0.008298802814695066
12696,-1.2697401290753625,-0.008298802814695066
12697,-1.2697401377605955,-0.008298802814695066
12698,-1.2697401439427198,-0.008298802814695066
12699,-1.2697401439643496,-0.008298802814695066
12700,-1.269740146258126,-0.008298802814695066
12701,-1.2697401474377088,-0.008298802814695066
12702,-1.2697401511805397,-0.008298802814695066
12703,-1.2697401548535254,-0.008298802814695066
12704,-1.2697401569597377,-0.008298802814695066
12705,-1.2697401573624671,-0.008298802814695066
12706,-1.2697401673597568,-0.008298802814695066
12707,-1.2697401693050632,-0.008298802814695066
12708,-1.2697401751399675,-0.008298802814695066
12709,-1.2697401755813715,-0.008298802814695066
12710,-1.2697401823965655,-0.008298802814695066
12711,-1.2697401857640227,-0.008298802814695066
12712,-1.26974018710048,-0.008298802814695066
12713,-1.2697401883991657,-0.008298802814695066
12714,-1.2697401888286388,-0.008298802814695066
12715,-1.2697401909817447,-0.008298802814695066
12716,-1.269740193696961,-0.008298802814695066
12717,-1.269740194730362,-0.008298802814695066
12718,-1.2697401950938234,-0.008298802814695066
12719,-1.2697401964559676,-0.008298802814695066
12720,-1.2697401991168222,-0.008298802814695066
12721,-1.2697402049535123,-0.008298802814695066
12722,-1.2697402052551672,-0.008298802814695066
12723,-1.269740212006584,-0.008298802814695066
12724,-1.2697402125730683,-0.008298802814695066
12725,-1.2697402135461244,-0.008298802814695066
12726,-1.2697402187873985,-0.008298802814695066
12727,-1.269740220680328,-0.008298802814695066
12728,-1.2697402247710858,-0.008298802814695066
12729,-1.269740237094271,-0.008298802814695066
12730,-1.2697402375104396,-0.008298802814695066
12731,-1.2697402421517143,-0.008298802814695066
12732,-1.2697402436174061,-0.008298802814695066
12733,-1.269740244908921,-0.008298802814695066
12734,-1.2697402459125722,-0.008298802814695066
12735,-1.2697402470582126,-0.008298802814695066
12736,-1.269740249099221,-0.008298802814695066
12737,-1.2697402512383218,-0.008298802814695066
12738,-1.2697402519640726,-0.008298802814695066
12739,-1.2697402524555819,-0.008298802814695066
12740,-1.2697402539301124,-0.008298802814695066
12741,-1.2697402560795856,-0.008298802814695066
12742,-1.269740259814636,-0.008298802814695066
12743,-1.2697402604065493,-0.008298802814695066
12744,-1.2697402630923902,-0.008298802814695066
12745,-1.2697402657925414,-0.008298802814695066
12746,-1.2697402665091357,-0.008298802814695066
12747,-1.2697402666868096,-0.008298802814695066
12748,-1.2697402670848625,-0.008298802814695066
12749,-1.2697402674930758,-0.008298802814695066
12750,-1.2697402707339491,-0.008298802814695066
12751,-1.269740270751611,-0.008298802814695066
12752,-1.2697402736498957,-0.008298802814695066
12753,-1.2697402742864656,-0.008298802814695066
12754,-1.2697402764849874,-0.008298802814695066
12755,-1.2697402796593176,-0.008298802814695066
12756,-1.2697402796720145,-0.008298802814695066
12757,-1.2697402797414026,-0.008298802814695066
12758,-1.2697402810544691,-0.008298802814695066
12759,-1.269740283218166,-0.008298802814695066
12760,-1.2697402837337144,-0.008298802814695066
12761,-1.269740285967765,-0.008298802814695066
12762,-1.269740288549763,-0.008298802814695066
12763,-1.26974029067581,-0.008298802814695066
12764,-1.2697402909348001,-0.008298802814695066
12765,-1.2697402934334692,-0.008298802814695066
12766,-1.2697402959273139,-0.008298802814695066
12767,-1.269740296513813,-0.008298802814695066
12768,-1.2697402966293585,-0.008298802814695066
12769,-1.2697402972038645,-0.008298802814695066
12770,-1.2697402981503416,-0.008298802814695066
12771,-1.2697402989892965,-0.008298802814695066
12772,-1.2697402995170806,-0.008298802814695066
12773,-1.2697403001712309,-0.008298802814695066
12774,-1.2697403008427501,-0.008298802814695066
12775,-1.2697403015277557,-0.008298802814695066
12776,-1.2697403057639214,-0.008298802814695066
12777,-1.2697403057660877,-0.008298802814695066
12778,-1.2697403069401716,-0.008298802814695066
12779,-1.2697403089893764,-0.008298802814695066
12780,-1.2697403091078896,-0.008298802814695066
12781,-1.2697403129057974,-0.008298802814695066
12782,-1.2697403132655773,-0.008298802814695066
12783,-1.2697403139225103,-0.008298802814695066
12784,-1.2697403143423183,-0.008298802814695066
12785,-1.269740315528731,-0.008298802814695066
12786,-1.269740316093217,-0.008298802814695066
12787,-1.2697403162432925,-0.008298802814695066
12788,-1.2697403162667453,-0.008298802814695066
12789,-1.2697403163466168,-0.008298802814695066
12790,-1.2697403167294685,-0.008298802814695066
12791,-1.2697403171784716,-0.008298802814695066
12792,-1.2697403198474717,-0.008298802814695066
12793,-1.2697403201463382,-0.008298802814695066
12794,-1.2697403217070804,-0.008298802814695066
12795,-1.269740322882027,-0.008298802814695066
12796,-1.2697403241881702,-0.008298802814695066
12797,-1.269740325332878,-0.008298802814695066
12798,-1.2697403257407545,-0.008298802814695066
12799,-1.2697403258585036,-0.008298802814695066
12800,-1.2697403262997962,-0.008298802814695066
12801,-1.26974032648521,-0.008298802814695066
12802,-1.269740326890754,-0.008298802814695066
12803,-1.269740330946506,-0.008298802814695066
12804,-1.2697403321984204,-0.008298802814695066
12805,-1.2697403335671074,-0.008298802814695066
12806,-1.269740336647322,-0.008298802814695066
12807,-1.2697403373083644,-0.008298802814695066
12808,-1.2697403380375498,-0.008298802814695066
12809,-1.2697403383794872,-0.008298802814695066
12810,-1.269740339320909,-0.008298802814695066
12811,-1.269740343559254,-0.008298802814695066
12812,-1.2697403467266408,-0.008298802814695066
12813,-1.2697403495276012,-0.008298802814695066
12814,-1.2697403500077944,-0.008298802814695066
12815,-1.2697403537328937,-0.008298802814695066
12816,-1.2697403568374726,-0.008298802814695066
12817,-1.2697403616005654,-0.008298802814695066
12818,-1.2697403624858101,-0.008298802814695066
12819,-1.2697403668521192,-0.008298802814695066
12820,-1.2697403712327846,-0.008298802814695066
12821,-1.269740371564415,-0.008298802814695066
12822,-1.2697403727844794,-0.008298802814695066
12823,-1.2697403748062341,-0.008298802814695066
12824,-1.2697403809924626,-0.008298802814695066
12825,-1.269740382118809,-0.008298802814695066
12826,-1.2697403833162157,-0.008298802814695066
12827,-1.2697403833454532,-0.008298802814695066
12828,-1.2697403854796065,-0.008298802814695066
12829,-1.26974038840183,-0.008298802814695066
12830,-1.2697403884188252,-0.008298802814695066
12831,-1.269740390832364,-0.008298802814695066
12832,-1.2697403922651225,-0.008298802814695066
12833,-1.2697403965637566,-0.008298802814695066
12834,-1.269740398354091,-0.008298802814695066
12835,-1.2697403983786706,-0.008298802814695066
12836,-1.2697403993195853,-0.008298802814695066
12837,-1.2697404002206842,-0.008298802814695066
12838,-1.2697404008248259,-0.008298802814695066
12839,-1.2697404010405269,-0.008298802814695066
12840,-1.26974040227235,-0.008298802814695066
12841,-1.2697404022929344,-0.008298802814695066
12842,-1.2697404051761987,-0.008298802814695066
12843,-1.2697404052988115,-0.008298802814695066
12844,-1.2697404053076011,-0.008298802814695066
12845,-1.2697404053103805,-0.008298802814695066
12846,-1.2697404071493021,-0.008298802814695066
12847,-1.2697404111755866,-0.008298802814695066
12848,-1.2697404118503832,-0.008298802814695066
12849,-1.2697404127793572,-0.008298802814695066
12850,-1.2697404202162796,-0.008298802814695066
12851,-1.2697404241640298,-0.008298802814695066
12852,-1.2697404242477552,-0.008298802814695066
12853,-1.269740424357898,-0.008298802814695066
12854,-1.269740427944621,-0.008298802814695066
12855,-1.2697404286431628,-0.008298802814695066
12856,-1.2697404302767858,-0.008298802814695066
12857,-1.2697404312930227,-0.008298802814695066
12858,-1.2697404344647303,-0.008298802814695066
12859,-1.2697404356298165,-0.008298802814695066
12860,-1.2697404430354393,-0.008298802814695066
12861,-1.2697404455117733,-0.008298802814695066
12862,-1.2697404468677869,-0.008298802814695066
12863,-1.269740448098041,-0.008298802814695066
12864,-1.2697404498528295,-0.008298802814695066
12865,-1.2697404526016922,-0.008298802814695066
12866,-1.269740453959847,-0.008298802814695066
12867,-1.2697404542966078,-0.008298802814695066
12868,-1.2697404557052485,-0.008298802814695066
12869,-1.2697404558938046,-0.008298802814695066
12870,-1.269740460536295,-0.008298802814695066
12871,-1.2697404606453584,-0.008298802814695066
12872,-1.2697404620379753,-0.008298802814695066
12873,-1.2697404623245474,-0.008298802814695066
12874,-1.269740464839712,-0.008298802814695066
12875,-1.2697404659511988,-0.008298802814695066
12876,-1.2697404665703185,-0.008298802814695066
12877,-1.269740468025263,-0.008298802814695066
12878,-1.2697404708249402,-0.008298802814695066
12879,-1.2697404742387328,-0.008298802814695066
12880,-1.2697404758772906,-0.008298802814695066
12881,-1.2697404763582363,-0.008298802814695066
12882,-1.269740476477533,-0.008298802814695066
12883,-1.2697404789814843,-0.008298802814695066
12884,-1.2697404808654063,-0.008298802814695066
12885,-1.2697404811422794,-0.008298802814695066
12886,-1.2697404819963891,-0.008298802814695066
12887,-1.2697404826519516,-0.008298802814695066
12888,-1.2697404862111852,-0.008298802814695066
12889,-1.2697404878222363,-0.008298802814695066
12890,-1.2697404885383154,-0.008298802814695066
12891,-1.26974048957043,-0.008298802814695066
12892,-1.2697404920883613,-0.008298802814695066
12893,-1.2697404952983355,-0.008298802814695066
12894,-1.2697404977526312,-0.008298802814695066
12895,-1.2697405047641221,-0.008298802814695066
12896,-1.2697405063617138,-0.008298802814695066
12897,-1.2697405100664836,-0.008298802814695066
12898,-1.2697405128757855,-0.008298802814695066
12899,-1.2697405147047236,-0.008298802814695066
12900,-1.2697405168359386,-0.008298802814695066
12901,-1.2697405169245919,-0.008298802814695066
12902,-1.2697405174439806,-0.008298802814695066
12903,-1.269740518091647,-0.008298802814695066
12904,-1.2697405186978346,-0.008298802814695066
12905,-1.269740519495853,-0.008298802814695066
12906,-1.2697405208852215,-0.008298802814695066
12907,-1.269740522960234,-0.008298802814695066
12908,-1.2697405276659104,-0.008298802814695066
12909,-1.2697405288275156,-0.008298802814695066
12910,-1.2697405306640703,-0.008298802814695066
12911,-1.2697405311765504,-0.008298802814695066
12912,-1.2697405317350303,-0.008298802814695066
12913,-1.269740532252463,-0.008298802814695066
12914,-1.2697405326188962,-0.008298802814695066
12915,-1.2697405340960768,-0.008298802814695066
12916,-1.269740538202504,-0.008298802814695066
12917,-1.2697405390197023,-0.008298802814695066
12918,-1.2697405398556478,-0.008298802814695066
12919,-1.2697405437965883,-0.008298802814695066
12920,-1.2697405438795877,-0.008298802814695066
12921,-1.2697405445150158,-0.008298802814695066
12922,-1.2697405455871416,-0.008298802814695066
12923,-1.2697405489077207,-0.008298802814695066
12924,-1.2697405495806555,-0.008298802814695066
12925,-1.2697405520032208,-0.008298802814695066
12926,-1.269740552619275,-0.008298802814695066
12927,-1.2697405534875752,-0.008298802814695066
12928,-1.2697405539941788,-0.008298802814695066
12929,-1.2697405543881513,-0.008298802814695066
12930,-1.2697405570312046,-0.008298802814695066
12931,-1.2697405583308197,-0.008298802814695066
12932,-1.269740558920692,-0.008298802814695066
12933,-1.2697405597540248,-0.008298802814695066
12934,-1.2697405599440252,-0.008298802814695066
12935,-1.2697405646761848,-0.008298802814695066
12936,-1.26974056594387,-0.008298802814695066
12937,-1.2697405685061622,-0.008298802814695066
12938,-1.269740571260702,-0.008298802814695066
12939,-1.2697405731099591,-0.008298802814695066
12940,-1.2697405755126288,-0.008298802814695066
12941,-1.2697405770503756,-0.008298802814695066
12942,-1.2697405791712777,-0.008298802814695066
12943,-1.2697405793096532,-0.008298802814695066
12944,-1.269740579636954,-0.008298802814695066
12945,-1.2697405803046153,-0.008298802814695066
12946,-1.26974058057707,-0.008298802814695066
12947,-1.2697405815558571,-0.008298802814695066
12948,-1.2697405817470462,-0.008298802814695066
12949,-1.2697405817689058,-0.008298802814695066
12950,-1.269740582923133,-0.008298802814695066
12951,-1.269740583982128,-0.008298802814695066
12952,-1.2697405874787384,-0.008298802814695066
12953,-1.2697405879628363,-0.008298802814695066
12954,-1.2697405881519441,-0.008298802814695066
12955,-1.269740589880219,-0.008298802814695066
12956,-1.2697405910897854,-0.008298802814695066
12957,-1.2697405920531688,-0.008298802814695066
12958,-1.2697405935191624,-0.008298802814695066
12959,-1.2697405949788267,-0.008298802814695066
12960,-1.269740597658659,-0.008298802814695066
12961,-1.269740599792218,-0.008298802814695066
12962,-1.2697406018682824,-0.008298802814695066
12963,-1.2697406019747444,-0.008298802814695066
12964,-1.2697406068724963,-0.008298802814695066
12965,-1.2697406073779076,-0.008298802814695066
12966,-1.2697406085309215,-0.008298802814695066
12967,-1.2697406106713398,-0.008298802814695066
12968,-1.269740611497739,-0.008298802814695066
12969,-1.2697406115211758,-0.008298802814695066
12970,-1.2697406118248364,-0.008298802814695066
12971,-1.2697406135107152,-0.008298802814695066
12972,-1.2697406138436105,-0.008298802814695066
12973,-1.2697406141586982,-0.008298802814695066
12974,-1.2697406144686478,-0.008298802814695066
12975,-1.2697406171660885,-0.008298802814695066
12976,-1.2697406203562025,-0.008298802814695066
12977,-1.269740621217857,-0.008298802814695066
12978,-1.2697406237680382,-0.008298802814695066
12979,-1.2697406238323639,-0.008298802814695066
12980,-1.2697406268430758,-0.008298802814695066
12981,-1.2697406275427943,-0.008298802814695066
12982,-1.2697406292331568,-0.008298802814695066
12983,-1.2697406315870285,-0.008298802814695066
12984,-1.2697406322063904,-0.008298802814695066
12985,-1.2697406322384848,-0.008298802814695066
12986,-1.2697406348962503,-0.008298802814695066
12987,-1.2697406362155008,-0.008298802814695066
12988,-1.2697406367221968,-0.008298802814695066
12989,-1.269740638040261,-0.008298802814695066
12990,-1.2697406383240957,-0.008298802814695066
12991,-1.2697406384713497,-0.008298802814695066
12992,-1.2697406395690978,-0.008298802814695066
12993,-1.2697406400671039,-0.008298802814695066
12994,-1.269740641166181,-0.008298802814695066
12995,-1.2697406423835467,-0.008298802814695066
12996,-1.2697406424895172,-0.008298802814695066
12997,-1.2697406450277484,-0.008298802814695066
12998,-1.2697406454502516,-0.008298802814695066
12999,-1.269740645562803,-0.008298802814695066
13000,-1.2697406456010931,-0.008298802814695066
13001,-1.2697406465234917,-0.008298802814695066
13002,-1.2697406471411272,-0.008298802814695066
13003,-1.2697406508440472,-0.008298802814695066
13004,-1.2697406529452633,-0.008298802814695066
13005,-1.2697406538459068,-0.008298802814695066
13006,-1.269740654560377,-0.008298802814695066
13007,-1.2697406549963166,-0.008298802814695066
13008,-1.269740657508503,-0.008298802814695066
13009,-1.2697406601841617,-0.008298802814695066
13010,-1.269740660725898,-0.008298802814695066
13011,-1.2697406623907672,-0.008298802814695066
13012,-1.2697406640309405,-0.008298802814695066
13013,-1.2697406676590808,-0.008298802814695066
13014,-1.2697406693387063,-0.008298802814695066
13015,-1.269740671600886,-0.008298802814695066
13016,-1.269740672471107,-0.008298802814695066
13017,-1.269740673032035,-0.008298802814695066
13018,-1.2697406751103912,-0.008298802814695066
13019,-1.2697406793885917,-0.008298802814695066
13020,-1.269740681186111,-0.008298802814695066
13021,-1.2697406814536714,-0.008298802814695066
13022,-1.2697406818723334,-0.008298802814695066
13023,-1.2697406901872863,-0.008298802814695066
13024,-1.2697406904548982,-0.008298802814695066
13025,-1.2697406920969392,-0.008298802814695066
13026,-1.2697406923371346,-0.008298802814695066
13027,-1.2697406941705545,-0.008298802814695066
13028,-1.269740695260503,-0.008298802814695066
13029,-1.269740695556076,-0.008298802814695066
13030,-1.2697406992333253,-0.008298802814695066
13031,-1.2697407003236967,-0.008298802814695066
13032,-1.2697407007627048,-0.008298802814695066
13033,-1.2697407015817106,-0.008298802814695066
13034,-1.269740705580047,-0.008298802814695066
13035,-1.2697407079181366,-0.008298802814695066
13036,-1.2697407107459295,-0.008298802814695066
13037,-1.2697407125581157,-0.008298802814695066
13038,-1.2697407152346494,-0.008298802814695066
13039,-1.269740715892152,-0.008298802814695066
13040,-1.2697407160624439,-0.008298802814695066
13041,-1.269740717505225,-0.008298802814695066
13042,-1.269740718222176,-0.008298802814695066
13043,-1.2697407185967173,-0.008298802814695066
13044,-1.269740721336742,-0.008298802814695066
13045,-1.2697407263734029,-0.008298802814695066
13046,-1.269740727585237,-0.008298802814695066
13047,-1.2697407276715083,-0.008298802814695066
13048,-1.2697407290825513,-0.008298802814695066
13049,-1.2697407291361855,-0.008298802814695066
13050,-1.2697407298891077,-0.008298802814695066
13051,-1.2697407308656388,-0.008298802814695066
13052,-1.2697407316990394,-0.008298802814695066
13053,-1.2697407327108425,-0.008298802814695066
13054,-1.269740732945524,-0.008298802814695066
13055,-1.2697407330536692,-0.008298802814695066
13056,-1.2697407335153013,-0.008298802814695066
13057,-1.2697407361874464,-0.008298802814695066
13058,-1.2697407371462701,-0.008298802814695066
13059,-1.2697407372925154,-0.008298802814695066
13060,-1.2697407396343274,-0.008298802814695066
13061,-1.269740742886631,-0.008298802814695066
13062,-1.269740746310569,-0.008298802814695066
13063,-1.2697407465250148,-0.008298802814695066
13064,-1.269740748589732,-0.008298802814695066
13065,-1.2697407502383424,-0.008298802814695066
13066,-1.269740753728169,-0.008298802814695066
13067,-1.269740756823508,-0.008298802814695066
13068,-1.2697407576242106,-0.008298802814695066
13069,-1.2697407582406808,-0.008298802814695066
13070,-1.2697407598992796,-0.008298802814695066
13071,-1.2697407603569233,-0.008298802814695066
13072,-1.269740760715981,-0.008298802814695066
13073,-1.2697407616068341,-0.008298802814695066
13074,-1.2697407625468373,-0.008298802814695066
13075,-1.2697407627318211,-0.008298802814695066
13076,-1.2697407637814546,-0.008298802814695066
13077,-1.2697407651521735,-0.008298802814695066
13078,-1.2697407651570898,-0.008298802814695066
13079,-1.2697407658614697,-0.008298802814695066
13080,-1.2697407660892248,-0.008298802814695066
13081,-1.2697407673385452,-0.008298802814695066
13082,-1.2697407696901195,-0.008298802814695066
13083,-1.2697407704731427,-0.008298802814695066
13084,-1.2697407720822123,-0.008298802814695066
13085,-1.269740772092553,-0.008298802814695066
13086,-1.2697407722804173,-0.008298802814695066
13087,-1.269740772862766,-0.008298802814695066
13088,-1.2697407745798144,-0.008298802814695066
13089,-1.2697407749730134,-0.008298802814695066
13090,-1.2697407750698533,-0.008298802814695066
13091,-1.2697407757493806,-0.008298802814695066
13092,-1.269740776291349,-0.008298802814695066
13093,-1.2697407772807505,-0.008298802814695066
13094,-1.2697407780334238,-0.008298802814695066
13095,-1.2697407780742456,-0.008298802814695066
13096,-1.269740778570833,-0.008298802814695066
13097,-1.2697407800653442,-0.008298802814695066
13098,-1.2697407805078298,-0.008298802814695066
13099,-1.2697407814749033,-0.008298802814695066
13100,-1.2697407834787113,-0.008298802814695066
13101,-1.2697407855263338,-0.008298802814695066
13102,-1.269740787713027,-0.008298802814695066
13103,-1.2697407890467254,-0.008298802814695066
13104,-1.2697407891093158,-0.008298802814695066
13105,-1.269740790203142,-0.008298802814695066
13106,-1.2697407917857486,-0.008298802814695066
13107,-1.2697407920068144,-0.008298802814695066
13108,-1.2697407923308797,-0.008298802814695066
13109,-1.269740793320188,-0.008298802814695066
13110,-1.2697407947848753,-0.008298802814695066
13111,-1.2697407965245318,-0.008298802814695066
13112,-1.2697407975619572,-0.008298802814695066
13113,-1.269740801851617,-0.008298802814695066
13114,-1.2697408031757242,-0.008298802814695066
13115,-1.2697408061224074,-0.008298802814695066
13116,-1.2697408064598192,-0.008298802814695066
13117,-1.2697408064754172,-0.008298802814695066
13118,-1.2697408066812672,-0.008298802814695066
13119,-1.2697408094020886,-0.008298802814695066
13120,-1.26974080990923,-0.008298802814695066
13121,-1.2697408107424981,-0.008298802814695066
13122,-1.2697408110988915,-0.008298802814695066
13123,-1.26974081391463,-0.008298802814695066
13124,-1.2697408153467247,-0.008298802814695066
13125,-1.2697408159384242,-0.008298802814695066
13126,-1.2697408175164582,-0.008298802814695066
13127,-1.2697408188895085,-0.008298802814695066
13128,-1.2697408192780053,-0.008298802814695066
13129,-1.2697408193521655,-0.008298802814695066
13130,-1.2697408205338694,-0.008298802814695066
13131,-1.2697408228376064,-0.008298802814695066
13132,-1.2697408237885712,-0.008298802814695066
13133,-1.2697408243161414,-0.008298802814695066
13134,-1.2697408261485537,-0.008298802814695066
13135,-1.269740826478292,-0.008298802814695066
13136,-1.2697408266948935,-0.008298802814695066
13137,-1.2697408291206516,-0.008298802814695066
13138,-1.269740829638009,-0.008298802814695066
13139,-1.2697408305219016,-0.008298802814695066
13140,-1.269740835366909,-0.008298802814695066
13141,-1.2697408359135922,-0.008298802814695066
13142,-1.269740836607269,-0.008298802814695066
13143,-1.2697408367328133,-0.008298802814695066
13144,-1.269740837678376,-0.008298802814695066
13145,-1.269740838009255,-0.008298802814695066
13146,-1.269740838239204,-0.008298802814695066
13147,-1.2697408382727136,-0.008298802814695066
13148,-1.2697408390143687,-0.008298802814695066
13149,-1.26974083927352,-0.008298802814695066
13150,-1.2697408394896892,-0.008298802814695066
13151,-1.2697408397590029,-0.008298802814695066
13152,-1.2697408405999133,-0.008298802814695066
13153,-1.2697408407153998,-0.008298802814695066
13154,-1.2697408431795005,-0.008298802814695066
13155,-1.269740843908848,-0.008298802814695066
13156,-1.2697408486299526,-0.008298802814695066
13157,-1.2697408488550954,-0.008298802814695066
13158,-1.2697408491234303,-0.008298802814695066
13159,-1.2697408498195917,-0.008298802814695066
13160,-1.2697408500916665,-0.008298802814695066
13161,-1.269740851178136,-0.008298802814695066
13162,-1.2697408523731717,-0.008298802814695066
13163,-1.2697408552352714,-0.008298802814695066
13164,-1.269740855340913,-0.008298802814695066
13165,-1.269740856782978,-0.008298802814695066
13166,-1.2697408575266471,-0.008298802814695066
13167,-1.2697408584657868,-0.008298802814695066
13168,-1.2697408587409171,-0.008298802814695066
13169,-1.2697408591817432,-0.008298802814695066
13170,-1.269740860408298,-0.008298802814695066
13171,-1.269740860947091,-0.008298802814695066
13172,-1.2697408616366939,-0.008298802814695066
13173,-1.2697408622845587,-0.008298802814695066
13174,-1.2697408638023764,-0.008298802814695066
13175,-1.269740864516873,-0.008298802814695066
13176,-1.2697408645342083,-0.008298802814695066
13177,-1.269740865151979,-0.008298802814695066
13178,-1.2697408653142612,-0.008298802814695066
13179,-1.2697408664692376,-0.008298802814695066
13180,-1.269740866745574,-0.008298802814695066
13181,-1.2697408668748895,-0.008298802814695066
13182,-1.269740867595337,-0.008298802814695066
13183,-1.2697408695269465,-0.008298802814695066
13184,-1.2697408706191444,-0.008298802814695066
13185,-1.2697408708987172,-0.008298802814695066
13186,-1.2697408738843947,-0.008298802814695066
13187,-1.2697408754076955,-0.008298802814695066
13188,-1.2697408756106316,-0.008298802814695066
13189,-1.2697408764257756,-0.008298802814695066
13190,-1.2697408776809713,-0.008298802814695066
13191,-1.269740878194349,-0.008298802814695066
13192,-1.2697408786066597,-0.008298802814695066
13193,-1.2697408797825103,-0.008298802814695066
13194,-1.269740880687022,-0.008298802814695066
13195,-1.2697408820653602,-0.008298802814695066
13196,-1.2697408826048222,-0.008298802814695066
13197,-1.2697408829762813,-0.008298802814695066
13198,-1.2697408872128393,-0.008298802814695066
13199,-1.2697408872345282,-0.008298802814695066
13200,-1.2697408884570818,-0.008298802814695066
13201,-1.2697408886865458,-0.008298802814695066
13202,-1.2697408903736898,-0.008298802814695066
13203,-1.2697408905880256,-0.008298802814695066
13204,-1.2697408912319414,-0.008298802814695066
13205,-1.2697408913117052,-0.008298802814695066
13206,-1.2697408914391044,-0.008298802814695066
13207,-1.269740891688665,-0.008298802814695066
13208,-1.269740892171719,-0.008298802814695066
13209,-1.2697408926446956,-0.008298802814695066
13210,-1.2697408935221524,-0.008298802814695066
13211,-1.2697408942003747,-0.008298802814695066
13212,-1.2697408964932144,-0.008298802814695066
13213,-1.2697408981706628,-0.008298802814695066
13214,-1.2697408994407173,-0.008298802814695066
13215,-1.2697409000828366,-0.008298802814695066
13216,-1.2697409013345247,-0.008298802814695066
13217,-1.2697409039497143,-0.008298802814695066
13218,-1.2697409065440248,-0.008298802814695066
13219,-1.2697409067727827,-0.008298802814695066
13220,-1.2697409081103959,-0.008298802814695066
13221,-1.2697409086008413,-0.008298802814695066
13222,-1.2697409092406036,-0.008298802814695066
13223,-1.26974090933252,-0.008298802814695066
13224,-1.269740911520151,-0.008298802814695066
13225,-1.2697409135937476,-0.008298802814695066
13226,-1.2697409149604615,-0.008298802814695066
13227,-1.269740915973305,-0.008298802814695066
13228,-1.2697409178783694,-0.008298802814695066
13229,-1.2697409179233423,-0.008298802814695066
13230,-1.2697409191427453,-0.008298802814695066
13231,-1.2697409199518055,-0.008298802814695066
13232,-1.2697409205707568,-0.008298802814695066
13233,-1.2697409209124704,-0.008298802814695066
13234,-1.2697409209390738,-0.008298802814695066
13235,-1.269740923426629,-0.008298802814695066
13236,-1.269740923541752,-0.008298802814695066
13237,-1.269740925660897,-0.008298802814695066
13238,-1.2697409263741728,-0.008298802814695066
13239,-1.2697409266578896,-0.008298802814695066
13240,-1.269740926665528,-0.008298802814695066
13241,-1.2697409268313882,-0.008298802814695066
13242,-1.2697409290185604,-0.008298802814695066
13243,-1.2697409290795363,-0.008298802814695066
13244,-1.2697409290848192,-0.008298802814695066
13245,-1.2697409293063362,-0.008298802814695066
13246,-1.2697409327618578,-0.008298802814695066
13247,-1.2697409344053567,-0.008298802814695066
13248,-1.2697409349773798,-0.008298802814695066
13249,-1.2697409351278939,-0.008298802814695066
13250,-1.2697409386616199,-0.008298802814695066
13251,-1.2697409392817867,-0.008298802814695066
13252,-1.2697409402166047,-0.008298802814695066
13253,-1.2697409405531452,-0.008298802814695066
13254,-1.2697409417533227,-0.008298802814695066
13255,-1.2697409421361272,-0.008298802814695066
13256,-1.2697409423261647,-0.008298802814695066
13257,-1.2697409435656097,-0.008298802814695066
13258,-1.2697409473602788,-0.008298802814695066
13259,-1.2697409503241257,-0.008298802814695066
13260,-1.269740950626045,-0.008298802814695066
13261,-1.2697409514353197,-0.008298802814695066
13262,-1.2697409526442889,-0.008298802814695066
13263,-1.2697409547691962,-0.008298802814695066
13264,-1.269740956739488,-0.008298802814695066
13265,-1.269740957976338,-0.008298802814695066
13266,-1.269740958299458,-0.008298802814695066
13267,-1.2697409584044808,-0.008298802814695066
13268,-1.2697409609106902,-0.008298802814695066
13269,-1.2697409624511875,-0.008298802814695066
13270,-1.2697409640194055,-0.008298802814695066
13271,-1.2697409646445759,-0.008298802814695066
13272,-1.2697409651296165,-0.008298802814695066
13273,-1.2697409658906964,-0.008298802814695066
13274,-1.2697409663452475,-0.008298802814695066
13275,-1.269740966685517,-0.008298802814695066
13276,-1.2697409674351292,-0.008298802814695066
13277,-1.269740967637182,-0.008298802814695066
13278,-1.2697409676559863,-0.008298802814695066
13279,-1.2697409679378122,-0.008298802814695066
13280,-1.269740968759573,-0.008298802814695066
13281,-1.2697409690198995,-0.008298802814695066
13282,-1.269740969963938,-0.008298802814695066
13283,-1.2697409701275604,-0.008298802814695066
13284,-1.2697409706592104,-0.008298802814695066
13285,-1.269740971991055,-0.008298802814695066
13286,-1.26974097268141,-0.008298802814695066
13287,-1.2697409747557344,-0.008298802814695066
13288,-1.2697409749352204,-0.008298802814695066
13289,-1.269740975467632,-0.008298802814695066
13290,-1.2697409755112998,-0.008298802814695066
13291,-1.2697409758396276,-0.008298802814695066
13292,-1.26974097760879,-0.008298802814695066
13293,-1.2697409788336131,-0.008298802814695066
13294,-1.2697409788737413,-0.008298802814695066
13295,-1.2697409792940892,-0.008298802814695066
13296,-1.2697409798920662,-0.008298802814695066
13297,-1.2697409810862441,-0.008298802814695066
13298,-1.2697409821695453,-0.008298802814695066
13299,-1.2697409824298291,-0.008298802814695066
13300,-1.2697409826602506,-0.008298802814695066
13301,-1.269740983448262,-0.008298802814695066
13302,-1.2697409843988914,-0.008298802814695066
13303,-1.2697409850793093,-0.008298802814695066
13304,-1.2697409880277695,-0.008298802814695066
13305,-1.2697409886407738,-0.008298802814695066
13306,-1.2697409891453724,-0.008298802814695066
13307,-1.269740990663538,-0.008298802814695066
13308,-1.2697409922317253,-0.008298802814695066
13309,-1.269740993698497,-0.008298802814695066
13310,-1.2697409943209004,-0.008298802814695066
13311,-1.2697409945099947,-0.008298802814695066
13312,-1.2697409985226096,-0.008298802814695066
13313,-1.2697409988692054,-0.008298802814695066
13314,-1.269740998962621,-0.008298802814695066
13315,-1.2697410001270828,-0.008298802814695066
13316,-1.2697410018261104,-0.008298802814695066
13317,-1.2697410019508195,-0.008298802814695066
13318,-1.2697410030070753,-0.008298802814695066
13319,-1.2697410048688709,-0.008298802814695066
13320,-1.2697410065693537,-0.008298802814695066
13321,-1.269741009413646,-0.008298802814695066
13322,-1.2697410111940757,-0.008298802814695066
13323,-1.269741013973415,-0.008298802814695066
13324,-1.269741014245899,-0.008298802814695066
13325,-1.2697410171417736,-0.008298802814695066
13326,-1.2697410201968125,-0.008298802814695066
13327,-1.2697410205931043,-0.008298802814695066
13328,-1.2697410211962659,-0.008298802814695066
13329,-1.2697410218117486,-0.008298802814695066
13330,-1.2697410220858445,-0.008298802814695066
13331,-1.269741022147434,-0.008298802814695066
13332,-1.2697410227953503,-0.008298802814695066
13333,-1.2697410235349138,-0.008298802814695066
13334,-1.2697410237474145,-0.008298802814695066
13335,-1.2697410246095653,-0.008298802814695066
13336,-1.26974102633553,-0.008298802814695066
13337,-1.2697410281405312,-0.008298802814695066
13338,-1.269741029359735,-0.008298802814695066
13339,-1.2697410297517677,-0.008298802814695066
13340,-1.2697410300509664,-0.008298802814695066
13341,-1.2697410303249903,-0.008298802814695066
13342,-1.2697410320972906,-0.008298802814695066
13343,-1.2697410326240428,-0.008298802814695066
13344,-1.2697410333730104,-0.008298802814695066
13345,-1.2697410345286073,-0.008298802814695066
13346,-1.2697410349447849,-0.008298802814695066
13347,-1.2697410351604943,-0.008298802814695066
13348,-1.2697410364259125,-0.008298802814695066
13349,-1.2697410367497666,-0.008298802814695066
13350,-1.2697410376225404,-0.008298802814695066
13351,-1.2697410376681257,-0.008298802814695066
13352,-1.2697410390076287,-0.008298802814695066
13353,-1.2697410402426894,-0.008298802814695066
13354,-1.2697410412588672,-0.008298802814695066
13355,-1.2697410417899508,-0.008298802814695066
13356,-1.269741042522803,-0.008298802814695066
13357,-1.2697410430119738,-0.008298802814695066
13358,-1.2697410434635095,-0.008298802814695066
13359,-1.2697410449444846,-0.008298802814695066
13360,-1.2697410459388814,-0.008298802814695066
13361,-1.2697410464349876,-0.008298802814695066
13362,-1.2697410485629745,-0.008298802814695066
13363,-1.2697410500569508,-0.008298802814695066
13364,-1.2697410508431122,-0.008298802814695066
13365,-1.2697410513137093,-0.008298802814695066
13366,-1.269741052014558,-0.008298802814695066
13367,-1.2697410550705082,-0.008298802814695066
13368,-1.269741055875326,-0.008298802814695066
13369,-1.2697410560623117,-0.008298802814695066
13370,-1.26974105607333,-0.008298802814695066
13371,-1.269741056306001,-0.008298802814695066
13372,-1.2697410569405831,-0.008298802814695066
13373,-1.2697410577801305,-0.008298802814695066
13374,-1.2697410585886257,-0.008298802814695066
13375,-1.2697410599962948,-0.008298802814695066
13376,-1.269741060222001,-0.008298802814695066
13377,-1.269741062452829,-0.008298802814695066
13378,-1.269741063043793,-0.008298802814695066
13379,-1.269741063626871,-0.008298802814695066
13380,-1.2697410648286331,-0.008298802814695066
13381,-1.2697410660080057,-0.008298802814695066
13382,-1.2697410661163195,-0.008298802814695066
13383,-1.2697410664370743,-0.008298802814695066
13384,-1.2697410677969572,-0.008298802814695066
13385,-1.269741067891034,-0.008298802814695066
13386,-1.2697410690200814,-0.008298802814695066
13387,-1.2697410696619331,-0.008298802814695066
13388,-1.2697410700919884,-0.008298802814695066
13389,-1.2697410703672785,-0.008298802814695066
13390,-1.269741071198816,-0.008298802814695066
13391,-1.2697410713698851,-0.008298802814695066
13392,-1.269741071793144,-0.008298802814695066
13393,-1.2697410732700098,-0.008298802814695066
13394,-1.2697410735809633,-0.008298802814695066
13395,-1.2697410742802338,-0.008298802814695066
13396,-1.2697410752745313,-0.008298802814695066
13397,-1.2697410752811242,-0.008298802814695066
13398,-1.2697410757625442,-0.008298802814695066
13399,-1.2697410765790729,-0.008298802814695066
13400,-1.2697410766640067,-0.008298802814695066
13401,-1.269741077640173,-0.008298802814695066
13402,-1.269741078021379,-0.008298802814695066
13403,-1.2697410805654603,-0.008298802814695066
13404,-1.2697410811210252,-0.008298802814695066
13405,-1.2697410816425108,-0.008298802814695066
13406,-1.2697410821135124,-0.008298802814695066
13407,-1.2697410845911978,-0.008298802814695066
13408,-1.2697410849312853,-0.008298802814695066
13409,-1.2697410853169246,-0.008298802814695066
13410,-1.2697410854444138,-0.008298802814695066
13411,-1.2697410856690996,-0.008298802814695066
13412,-1.2697410877517692,-0.008298802814695066
13413,-1.269741087938569,-0.008298802814695066
13414,-1.2697410891358814,-0.008298802814695066
13415,-1.269741090307068,-0.008298802814695066
13416,-1.2697410908319515,-0.008298802814695066
13417,-1.2697410917987064,-0.008298802814695066
13418,-1.2697410952487198,-0.008298802814695066
13419,-1.2697410956733113,-0.008298802814695066
13420,-1.2697410961603288,-0.008298802814695066
13421,-1.2697410981479893,-0.008298802814695066
13422,-1.269741099275107,-0.008298802814695066
13423,-1.2697411007709976,-0.008298802814695066
13424,-1.2697411011043052,-0.008298802814695066
13425,-1.2697411014709388,-0.008298802814695066
13426,-1.2697411027846235,-0.008298802814695066
13427,-1.2697411042098001,-0.008298802814695066
13428,-1.2697411042195685,-0.008298802814695066
13429,-1.2697411049018552,-0.008298802814695066
13430,-1.2697411051913243,-0.008298802814695066
13431,-1.2697411065816668,-0.008298802814695066
13432,-1.26974110898704,-0.008298802814695066
13433,-1.2697411090505417,-0.008298802814695066
13434,-1.269741110405135,-0.008298802814695066
13435,-1.2697411119846167,-0.008298802814695066
13436,-1.269741112453542,-0.008298802814695066
13437,-1.2697411143792954,-0.008298802814695066
13438,-1.2697411161759582,-0.008298802814695066
13439,-1.2697411162705179,-0.008298802814695066
13440,-1.2697411168820592,-0.008298802814695066
13441,-1.2697411195498762,-0.008298802814695066
13442,-1.269741121249715,-0.008298802814695066
13443,-1.2697411212590783,-0.008298802814695066
13444,-1.2697411220665151,-0.008298802814695066
13445,-1.2697411224774742,-0.008298802814695066
13446,-1.2697411230182998,-0.008298802814695066
13447,-1.269741123396043,-0.008298802814695066
13448,-1.269741124386073,-0.008298802814695066
13449,-1.269741124511123,-0.008298802814695066
13450,-1.2697411246871337,-0.008298802814695066
13451,-1.2697411250293107,-0.008298802814695066
13452,-1.2697411253940145,-0.008298802814695066
13453,-1.269741125684551,-0.008298802814695066
13454,-1.26974112631208,-0.008298802814695066
13455,-1.2697411270833363,-0.008298802814695066
13456,-1.2697411271443717,-0.008298802814695066
13457,-1.2697411278390178,-0.008298802814695066
13458,-1.2697411284616416,-0.008298802814695066
13459,-1.269741128916177,-0.008298802814695066
13460,-1.2697411291452139,-0.008298802814695066
13461,-1.2697411293104617,-0.008298802814695066
13462,-1.2697411296938235,-0.008298802814695066
13463,-1.2697411299861765,-0.008298802814695066
13464,-1.26974113045058,-0.008298802814695066
13465,-1.269741132455895,-0.008298802814695066
13466,-1.2697411334096884,-0.008298802814695066
13467,-1.2697411337812485,-0.008298802814695066
13468,-1.2697411339788003,-0.008298802814695066
13469,-1.2697411352311585,-0.008298802814695066
13470,-1.2697411356273827,-0.008298802814695066
13471,-1.2697411365439355,-0.008298802814695066
13472,-1.2697411366693474,-0.008298802814695066
13473,-1.2697411368874596,-0.008298802814695066
13474,-1.2697411379504149,-0.008298802814695066
13475,-1.2697411381695356,-0.008298802814695066
13476,-1.2697411381810364,-0.008298802814695066
13477,-1.2697411390055113,-0.008298802814695066
13478,-1.2697411416306263,-0.008298802814695066
13479,-1.2697411432435373,-0.008298802814695066
13480,-1.2697411434286583,-0.008298802814695066
13481,-1.2697411435115922,-0.008298802814695066
13482,-1.2697411441506483,-0.008298802814695066
13483,-1.2697411443154658,-0.008298802814695066
13484,-1.2697411445584943,-0.008298802814695066
13485,-1.2697411456992198,-0.008298802814695066
13486,-1.2697411462707127,-0.008298802814695066
13487,-1.2697411468053104,-0.008298802814695066
13488,-1.2697411486292483,-0.008298802814695066
13489,-1.2697411493490884,-0.008298802814695066
13490,-1.2697411499153652,-0.008298802814695066
13491,-1.2697411502917753,-0.008298802814695066
13492,-1.2697411505227505,-0.008298802814695066
13493,-1.2697411508974144,-0.008298802814695066
13494,-1.2697411522275535,-0.008298802814695066
13495,-1.2697411538007524,-0.008298802814695066
13496,-1.2697411543093426,-0.008298802814695066
13497,-1.2697411554282272,-0.008298802814695066
13498,-1.2697411557424725,-0.008298802814695066
13499,-1.2697411558647553,-0.008298802814695066
13500,-1.2697411566431804,-0.008298802814695066
13501,-1.2697411568255481,-0.008298802814695066
13502,-1.269741157180299,-0.008298802814695066
13503,-1.2697411574007516,-0.008298802814695066
13504,-1.269741157887565,-0.008298802814695066
13505,-1.269741157968151,-0.008298802814695066
13506,-1.2697411583371054,-0.008298802814695066
13507,-1.269741159779233,-0.008298802814695066
13508,-1.2697411602109692,-0.008298802814695066
13509,-1.2697411610378262,-0.008298802814695066
13510,-1.2697411611264542,-0.008298802814695066
13511,-1.269741162019338,-0.008298802814695066
13512,-1.2697411627619388,-0.008298802814695066
13513,-1.2697411630374427,-0.008298802814695066
13514,-1.2697411633485989,-0.008298802814695066
13515,-1.2697411634148121,-0.008298802814695066
13516,-1.2697411657673134,-0.008298802814695066
13517,-1.2697411666948322,-0.008298802814695066
13518,-1.2697411667899718,-0.008298802814695066
13519,-1.2697411686728624,-0.008298802814695066
13520,-1.2697411690551723,-0.008298802814695066
13521,-1.2697411706166175,-0.008298802814695066
13522,-1.269741170796046,-0.008298802814695066
13523,-1.2697411713328361,-0.008298802814695066
13524,-1.269741171496603,-0.008298802814695066
13525,-1.2697411718299065,-0.008298802814695066
13526,-1.2697411744171163,-0.008298802814695066
13527,-1.269741174443832,-0.008298802814695066
13528,-1.2697411746818505,-0.008298802814695066
13529,-1.269741175404807,-0.008298802814695066
13530,-1.26974117639937,-0.008298802814695066
13531,-1.269741178823091,-0.008298802814695066
13532,-1.2697411791497077,-0.008298802814695066
13533,-1.269741179996038,-0.008298802814695066
13534,-1.2697411800564424,-0.008298802814695066
13535,-1.2697411808041994,-0.008298802814695066
13536,-1.2697411810648915,-0.008298802814695066
13537,-1.2697411817249324,-0.008298802814695066
13538,-1.26974118322242,-0.008298802814695066
13539,-1.269741185457863,-0.008298802814695066
13540,-1.2697411857754577,-0.008298802814695066
13541,-1.2697411862985315,-0.008298802814695066
13542,-1.2697411867322974,-0.008298802814695066
13543,-1.269741186969156,-0.008298802814695066
13544,-1.269741186999275,-0.008298802814695066
13545,-1.2697411874223095,-0.008298802814695066
13546,-1.2697411881387652,-0.008298802814695066
13547,-1.2697411887940642,-0.008298802814695066
13548,-1.2697411892331465,-0.008298802814695066
13549,-1.2697411894743817,-0.008298802814695066
13550,-1.269741189538811,-0.008298802814695066
13551,-1.2697411895883475,-0.008298802814695066
13552,-1.2697411907393719,-0.008298802814695066
13553,-1.2697411920808783,-0.008298802814695066
13554,-1.26974119269172,-0.008298802814695066
13555,-1.2697411929818645,-0.008298802814695066
13556,-1.2697411934440674,-0.008298802814695066
13557,-1.2697411940538967,-0.008298802814695066
13558,-1.2697411942059698,-0.008298802814695066
13559,-1.269741194313453,-0.008298802814695066
13560,-1.2697411956934141,-0.008298802814695066
13561,-1.2697411965363061,-0.008298802814695066
13562,-1.2697411979198603,-0.008298802814695066
13563,-1.269741198835472,-0.008298802814695066
13564,-1.269741199187387,-0.008298802814695066
13565,-1.269741199273753,-0.008298802814695066
13566,-1.2697411993050178,-0.008298802814695066
13567,-1.269741199398903,-0.008298802814695066
13568,-1.269741199926815,-0.008298802814695066
13569,-1.269741200496453,-0.008298802814695066
13570,-1.269741200792345,-0.008298802814695066
13571,-1.2697412013673495,-0.008298802814695066
13572,-1.2697412016408027,-0.008298802814695066
13573,-1.2697412018708842,-0.008298802814695066
13574,-1.269741202036034,-0.008298802814695066
13575,-1.269741202229574,-0.008298802814695066
13576,-1.2697412033293363,-0.008298802814695066
13577,-1.2697412033298727,-0.008298802814695066
13578,-1.2697412039330152,-0.008298802814695066
13579,-1.2697412049200323,-0.008298802814695066
13580,-1.2697412059087572,-0.008298802814695066
13581,-1.2697412061981639,-0.008298802814695066
13582,-1.2697412064936253,-0.008298802814695066
13583,-1.2697412066573535,-0.008298802814695066
13584,-1.2697412067234617,-0.008298802814695066
13585,-1.2697412071113978,-0.008298802814695066
13586,-1.2697412090973617,-0.008298802814695066
13587,-1.2697412097307028,-0.008298802814695066
13588,-1.2697412100253926,-0.008298802814695066
13589,-1.2697412124460907,-0.008298802814695066
13590,-1.2697412145673137,-0.008298802814695066
13591,-1.2697412154015344,-0.008298802814695066
13592,-1.269741215603899,-0.008298802814695066
13593,-1.2697412163390926,-0.008298802814695066
13594,-1.2697412174607061,-0.008298802814695066
13595,-1.2697412175225355,-0.008298802814695066
13596,-1.2697412179665366,-0.008298802814695066
13597,-1.2697412200688043,-0.008298802814695066
13598,-1.2697412205508904,-0.008298802814695066
13599,-1.2697412205654959,-0.008298802814695066
13600,-1.2697412239237365,-0.008298802814695066
13601,-1.269741224480353,-0.008298802814695066
13602,-1.2697412246558168,-0.008298802814695066
13603,-1.269741225251035,-0.008298802814695066
13604,-1.2697412260615062,-0.008298802814695066
13605,-1.269741226094062,-0.008298802814695066
13606,-1.269741226444021,-0.008298802814695066
13607,-1.2697412265801167,-0.008298802814695066
13608,-1.2697412266154895,-0.008298802814695066
13609,-1.2697412266204886,-0.008298802814695066
13610,-1.2697412267484052,-0.008298802814695066
13611,-1.269741227181511,-0.008298802814695066
13612,-1.2697412276656959,-0.008298802814695066
13613,-1.2697412286741574,-0.008298802814695066
13614,-1.2697412289829284,-0.008298802814695066
13615,-1.2697412305779316,-0.008298802814695066
13616,-1.2697412333437612,-0.008298802814695066
13617,-1.2697412345560806,-0.008298802814695066
13618,-1.2697412376088142,-0.008298802814695066
13619,-1.2697412376743142,-0.008298802814695066
13620,-1.2697412377101722,-0.008298802814695066
13621,-1.2697412385448401,-0.008298802814695066
13622,-1.269741238573301,-0.008298802814695066
13623,-1.269741238600999,-0.008298802814695066
13624,-1.2697412393413101,-0.008298802814695066
13625,-1.2697412394798502,-0.008298802814695066
13626,-1.2697412396195575,-0.008298802814695066
13627,-1.2697412403324062,-0.008298802814695066
13628,-1.2697412412955704,-0.008298802814695066
13629,-1.2697412417051082,-0.008298802814695066
13630,-1.2697412420147134,-0.008298802814695066
13631,-1.269741242862372,-0.008298802814695066
13632,-1.2697412432459187,-0.008298802814695066
13633,-1.2697412440545905,-0.008298802814695066
13634,-1.2697412445753407,-0.008298802814695066
13635,-1.2697412446694578,-0.008298802814695066
13636,-1.2697412447216947,-0.008298802814695066
13637,-1.2697412447895582,-0.008298802814695066
13638,-1.2697412457157236,-0.008298802814695066
13639,-1.2697412461624666,-0.008298802814695066
13640,-1.2697412461781705,-0.008298802814695066
13641,-1.2697412474104997,-0.008298802814695066
13642,-1.269741247675442,-0.008298802814695066
13643,-1.2697412488446647,-0.008298802814695066
13644,-1.2697412488610134,-0.008298802814695066
13645,-1.269741249972946,-0.008298802814695066
13646,-1.2697412499949965,-0.008298802814695066
13647,-1.2697412503942591,-0.008298802814695066
13648,-1.269741250526336,-0.008298802814695066
13649,-1.2697412516548494,-0.008298802814695066
13650,-1.269741253432537,-0.008298802814695066
13651,-1.2697412536484214,-0.008298802814695066
13652,-1.269741254020178,-0.008298802814695066
13653,-1.2697412568332462,-0.008298802814695066
13654,-1.269741257134496,-0.008298802814695066
13655,-1.2697412576597198,-0.008298802814695066
13656,-1.2697412592505972,-0.008298802814695066
13657,-1.269741259555413,-0.008298802814695066
13658,-1.269741261155066,-0.008298802814695066
13659,-1.269741261233696,-0.008298802814695066
13660,-1.2697412615578687,-0.008298802814695066
13661,-1.2697412622034518,-0.008298802814695066
13662,-1.2697412630299207,-0.008298802814695066
13663,-1.2697412631129676,-0.008298802814695066
13664,-1.269741263273122,-0.008298802814695066
13665,-1.2697412633230503,-0.008298802814695066
13666,-1.2697412655277949,-0.008298802814695066
13667,-1.269741265700831,-0.008298802814695066
13668,-1.2697412658367973,-0.008298802814695066
13669,-1.2697412669378119,-0.008298802814695066
13670,-1.2697412669964963,-0.008298802814695066
13671,-1.269741267258481,-0.008298802814695066
13672,-1.2697412674493864,-0.008298802814695066
13673,-1.2697412674864892,-0.008298802814695066
13674,-1.2697412683190292,-0.008298802814695066
13675,-1.2697412684447007,-0.008298802814695066
13676,-1.2697412689309617,-0.008298802814695066
13677,-1.269741269493658,-0.008298802814695066
13678,-1.26974127112596,-0.008298802814695066
13679,-1.2697412721226349,-0.008298802814695066
13680,-1.2697412725694168,-0.008298802814695066
13681,-1.2697412732854376,-0.008298802814695066
13682,-1.2697412738838643,-0.008298802814695066
13683,-1.2697412738997773,-0.008298802814695066
13684,-1.2697412747680685,-0.008298802814695066
13685,-1.2697412760156854,-0.008298802814695066
13686,-1.2697412772899683,-0.008298802814695066
13687,-1.2697412779330306,-0.008298802814695066
13688,-1.2697412792591827,-0.008298802814695066
13689,-1.2697412801779668,-0.008298802814695066
13690,-1.2697412817483607,-0.008298802814695066
13691,-1.2697412825788592,-0.008298802814695066
13692,-1.2697412828863281,-0.008298802814695066
13693,-1.269741282890439,-0.008298802814695066
13694,-1.2697412834740032,-0.008298802814695066
13695,-1.2697412840199895,-0.008298802814695066
13696,-1.269741284217947,-0.008298802814695066
13697,-1.2697412844570397,-0.008298802814695066
13698,-1.2697412853311296,-0.008298802814695066
13699,-1.2697412863616355,-0.008298802814695066
13700,-1.269741286452768,-0.008298802814695066
13701,-1.2697412869972207,-0.008298802814695066
13702,-1.2697412871499385,-0.008298802814695066
13703,-1.269741287458949,-0.008298802814695066
13704,-1.2697412875119611,-0.008298802814695066
13705,-1.2697412882246804,-0.008298802814695066
13706,-1.2697412904297969,-0.008298802814695066
13707,-1.2697412904919738,-0.008298802814695066
13708,-1.2697412915074597,-0.008298802814695066
13709,-1.2697412917402668,-0.008298802814695066
13710,-1.269741291907078,-0.008298802814695066
13711,-1.2697412921259519,-0.008298802814695066
13712,-1.269741292632559,-0.008298802814695066
13713,-1.2697412941922015,-0.008298802814695066
13714,-1.2697412944565454,-0.008298802814695066
13715,-1.2697412949153546,-0.008298802814695066
13716,-1.2697412964453185,-0.008298802814695066
13717,-1.2697412984904015,-0.008298802814695066
13718,-1.26974129926411,-0.008298802814695066
13719,-1.2697412997049407,-0.008298802814695066
13720,-1.2697413003704225,-0.008298802814695066
13721,-1.2697413009965426,-0.008298802814695066
13722,-1.269741301239392,-0.008298802814695066
13723,-1.2697413013156782,-0.008298802814695066
13724,-1.2697413018172947,-0.008298802814695066
13725,-1.2697413025892963,-0.008298802814695066
13726,-1.269741303028705,-0.008298802814695066
13727,-1.2697413031965459,-0.008298802814695066
13728,-1.2697413033745018,-0.008298802814695066
13729,-1.2697413036757634,-0.008298802814695066
13730,-1.26974130465481,-0.008298802814695066
13731,-1.2697413046588801,-0.008298802814695066
13732,-1.269741304659899,-0.008298802814695066
13733,-1.2697413046614554,-0.008298802814695066
13734,-1.269741305488661,-0.008298802814695066
13735,-1.2697413059854206,-0.008298802814695066
13736,-1.2697413065703669,-0.008298802814695066
13737,-1.2697413068623975,-0.008298802814695066
13738,-1.2697413071874422,-0.008298802814695066
13739,-1.269741307453205,-0.008298802814695066
13740,-1.2697413086081841,-0.008298802814695066
13741,-1.2697413103948207,-0.008298802814695066
13742,-1.2697413121875187,-0.008298802814695066
13743,-1.2697413122045815,-0.008298802814695066
13744,-1.2697413135849365,-0.008298802814695066
13745,-1.2697413142696135,-0.008298802814695066
13746,-1.26974131427178,-0.008298802814695066
13747,-1.2697413181509232,-0.008298802814695066
13748,-1.2697413197504053,-0.008298802814695066
13749,-1.2697413200102179,-0.008298802814695066
13750,-1.2697413213733166,-0.008298802814695066
13751,-1.2697413215003608,-0.008298802814695066
13752,-1.2697413216492697,-0.008298802814695066
13753,-1.2697413220590783,-0.008298802814695066
13754,-1.269741323438657,-0.008298802814695066
13755,-1.2697413234675021,-0.008298802814695066
13756,-1.269741323851002,-0.008298802814695066
13757,-1.2697413239330226,-0.008298802814695066
13758,-1.2697413247893072,-0.008298802814695066
13759,-1.2697413261298411,-0.008298802814695066
13760,-1.2697413263668802,-0.008298802814695066
13761,-1.2697413272070317,-0.008298802814695066
13762,-1.2697413274971223,-0.008298802814695066
13763,-1.2697413284322652,-0.008298802814695066
13764,-1.2697413300262315,-0.008298802814695066
13765,-1.2697413300808043,-0.008298802814695066
13766,-1.2697413303459366,-0.008298802814695066
13767,-1.2697413304098635,-0.008298802814695066
13768,-1.2697413308743049,-0.008298802814695066
13769,-1.2697413313237618,-0.008298802814695066
13770,-1.2697413315854353,-0.008298802814695066
13771,-1.2697413320022175,-0.008298802814695066
13772,-1.2697413322871838,-0.008298802814695066
13773,-1.2697413322978224,-0.008298802814695066
13774,-1.2697413325326898,-0.008298802814695066
13775,-1.2697413332543555,-0.008298802814695066
13776,-1.2697413343813826,-0.008298802814695066
13777,-1.269741335074902,-0.008298802814695066
13778,-1.2697413358540155,-0.008298802814695066
13779,-1.2697413362996297,-0.008298802814695066
13780,-1.2697413364726078,-0.008298802814695066
13781,-1.2697413388928505,-0.008298802814695066
13782,-1.2697413395938422,-0.008298802814695066
13783,-1.2697413412267404,-0.008298802814695066
13784,-1.2697413419839325,-0.008298802814695066
13785,-1.269741342566362,-0.008298802814695066
13786,-1.2697413427318551,-0.008298802814695066
13787,-1.2697413439989678,-0.008298802814695066
13788,-1.269741344296597,-0.008298802814695066
13789,-1.2697413452883421,-0.008298802814695066
13790,-1.2697413454489692,-0.008298802814695066
13791,-1.2697413457373095,-0.008298802814695066
13792,-1.2697413465622616,-0.008298802814695066
13793,-1.269741346919438,-0.008298802814695066
13794,-1.2697413477890283,-0.008298802814695066
13795,-1.2697413479957316,-0.008298802814695066
13796,-1.2697413481588133,-0.008298802814695066
13797,-1.2697413487511229,-0.008298802814695066
13798,-1.269741348788294,-0.008298802814695066
13799,-1.2697413489383398,-0.008298802814695066
13800,-1.2697413489808422,-0.008298802814695066
13801,-1.2697413492851082,-0.008298802814695066
13802,-1.2697413494474952,-0.008298802814695066
13803,-1.2697413496530736,-0.008298802814695066
13804,-1.269741349795292,-0.008298802814695066
13805,-1.2697413504594752,-0.008298802814695066
13806,-1.2697413519961858,-0.008298802814695066
13807,-1.2697413522851766,-0.008298802814695066
13808,-1.2697413534901663,-0.008298802814695066
13809,-1.2697413535735949,-0.008298802814695066
13810,-1.269741353772353,-0.008298802814695066
13811,-1.2697413539177012,-0.008298802814695066
13812,-1.2697413542962102,-0.008298802814695066
13813,-1.269741355045083,-0.008298802814695066
13814,-1.2697413561124422,-0.008298802814695066
13815,-1.2697413568516773,-0.008298802814695066
13816,-1.2697413568823208,-0.008298802814695066
13817,-1.2697413572003158,-0.008298802814695066
13818,-1.2697413578448833,-0.008298802814695066
13819,-1.2697413583195671,-0.008298802814695066
13820,-1.269741359775906,-0.008298802814695066
13821,-1.2697413612041877,-0.008298802814695066
13822,-1.2697413622206957,-0.008298802814695066
13823,-1.2697413624262597,-0.008298802814695066
13824,-1.2697413636880324,-0.008298802814695066
13825,-1.2697413660414156,-0.008298802814695066
13826,-1.2697413660958234,-0.008298802814695066
13827,-1.2697413664350383,-0.008298802814695066
13828,-1.269741367317314,-0.008298802814695066
13829,-1.2697413673209745,-0.008298802814695066
13830,-1.269741368230921,-0.008298802814695066
13831,-1.269741369037105,-0.008298802814695066
13832,-1.269741370041896,-0.008298802814695066
13833,-1.2697413710885432,-0.008298802814695066
13834,-1.2697413717588484,-0.008298802814695066
13835,-1.2697413719948047,-0.008298802814695066
13836,-1.269741374252514,-0.008298802814695066
13837,-1.2697413743155779,-0.008298802814695066
13838,-1.2697413743332462,-0.008298802814695066
13839,-1.269741374395444,-0.008298802814695066
13840,-1.2697413757136966,-0.008298802814695066
13841,-1.2697413758531657,-0.008298802814695066
13842,-1.2697413759584224,-0.008298802814695066
13843,-1.269741376238451,-0.008298802814695066
13844,-1.2697413764757766,-0.008298802814695066
13845,-1.2697413765939098,-0.008298802814695066
13846,-1.2697413766130126,-0.008298802814695066
13847,-1.2697413767685692,-0.008298802814695066
13848,-1.2697413787901317,-0.008298802814695066
13849,-1.2697413789240855,-0.008298802814695066
13850,-1.269741379182796,-0.008298802814695066
13851,-1.2697413794503618,-0.008298802814695066
13852,-1.2697413796624981,-0.008298802814695066
13853,-1.2697413799649284,-0.008298802814695066
13854,-1.2697413807940214,-0.008298802814695066
13855,-1.2697413813661245,-0.008298802814695066
13856,-1.269741383482888,-0.008298802814695066
13857,-1.2697413836578695,-0.008298802814695066
13858,-1.2697413839192426,-0.008298802814695066
13859,-1.2697413840945098,-0.008298802814695066
13860,-1.2697413849021864,-0.008298802814695066
13861,-1.269741385031726,-0.008298802814695066
13862,-1.2697413862453737,-0.008298802814695066
13863,-1.2697413866494631,-0.008298802814695066
13864,-1.2697413868068503,-0.008298802814695066
13865,-1.2697413869284995,-0.008298802814695066
13866,-1.2697413870285348,-0.008298802814695066
13867,-1.269741387211777,-0.008298802814695066
13868,-1.269741387939149,-0.008298802814695066
13869,-1.2697413880542123,-0.008298802814695066
13870,-1.2697413881483843,-0.008298802814695066
13871,-1.2697413884881188,-0.008298802814695066
13872,-1.2697413885897955,-0.008298802814695066
13873,-1.2697413892199312,-0.008298802814695066
13874,-1.2697413898640968,-0.008298802814695066
13875,-1.2697413900824701,-0.008298802814695066
13876,-1.2697413903804173,-0.008298802814695066
13877,-1.2697413907752868,-0.008298802814695066
13878,-1.2697413914336526,-0.008298802814695066
13879,-1.2697413918885356,-0.008298802814695066
13880,-1.2697413919854734,-0.008298802814695066
13881,-1.269741392119805,-0.008298802814695066
13882,-1.2697413932675155,-0.008298802814695066
13883,-1.2697413933299182,-0.008298802814695066
13884,-1.2697413933360084,-0.008298802814695066
13885,-1.2697413934254995,-0.008298802814695066
13886,-1.2697413935211213,-0.008298802814695066
13887,-1.2697413939214384,-0.008298802814695066
13888,-1.2697413940204196,-0.008298802814695066
13889,-1.2697413943500062,-0.008298802814695066
13890,-1.2697413951681897,-0.008298802814695066
13891,-1.2697413957033261,-0.008298802814695066
13892,-1.2697413959695694,-0.008298802814695066
13893,-1.2697413960312822,-0.008298802814695066
13894,-1.2697413968841809,-0.008298802814695066
13895,-1.2697413969921727,-0.008298802814695066
13896,-1.269741397033687,-0.008298802814695066
13897,-1.2697413976625898,-0.008298802814695066
13898,-1.2697413978658814,-0.008298802814695066
13899,-1.2697413983094987,-0.008298802814695066
13900,-1.2697413992560942,-0.008298802814695066
13901,-1.2697413996923432,-0.008298802814695066
13902,-1.269741399886936,-0.008298802814695066
13903,-1.2697413999185256,-0.008298802814695066
13904,-1.2697414002465464,-0.008298802814695066
13905,-1.269741400558654,-0.008298802814695066
13906,-1.269741401133823,-0.008298802814695066
13907,-1.2697414016009518,-0.008298802814695066
13908,-1.2697414022124,-0.008298802814695066
13909,-1.2697414022657394,-0.008298802814695066
13910,-1.2697414026706544,-0.008298802814695066
13911,-1.2697414031286163,-0.008298802814695066
13912,-1.269741403717385,-0.008298802814695066
13913,-1.2697414041006492,-0.008298802814695066
13914,-1.2697414041312556,-0.008298802814695066
13915,-1.2697414043540878,-0.008298802814695066
13916,-1.2697414043714916,-0.008298802814695066
13917,-1.269741404942257,-0.008298802814695066
13918,-1.2697414055429825,-0.008298802814695066
13919,-1.2697414055671263,-0.008298802814695066
13920,-1.2697414057835292,-0.008298802814695066
13921,-1.2697414064493233,-0.008298802814695066
13922,-1.2697414064978638,-0.008298802814695066
13923,-1.269741406560494,-0.008298802814695066
13924,-1.2697414067370318,-0.008298802814695066
13925,-1.2697414071451456,-0.008298802814695066
13926,-1.2697414075495255,-0.008298802814695066
13927,-1.269741407555155,-0.008298802814695066
13928,-1.2697414076798803,-0.008298802814695066
13929,-1.2697414079168845,-0.008298802814695066
13930,-1.2697414080082274,-0.008298802814695066
13931,-1.2697414081338352,-0.008298802814695066
13932,-1.2697414081406992,-0.008298802814695066
13933,-1.2697414084211174,-0.008298802814695066
13934,-1.2697414085356893,-0.008298802814695066
13935,-1.2697414086556313,-0.008298802814695066
13936,-1.269741408984483,-0.008298802814695066
13937,-1.269741409025103,-0.008298802814695066
13938,-1.2697414094537722,-0.008298802814695066
13939,-1.2697414095925275,-0.008298802814695066
13940,-1.269741409863988,-0.008298802814695066
13941,-1.2697414115534276,-0.008298802814695066
13942,-1.2697414117457133,-0.008298802814695066
13943,-1.2697414117661556,-0.008298802814695066
13944,-1.269741412887744,-0.008298802814695066
13945,-1.269741412914581,-0.008298802814695066
13946,-1.2697414133870755,-0.008298802814695066
13947,-1.2697414136914391,-0.008298802814695066
13948,-1.2697414140030538,-0.008298802814695066
13949,-1.2697414143133448,-0.008298802814695066
13950,-1.269741414384581,-0.008298802814695066
13951,-1.2697414145280557,-0.008298802814695066
13952,-1.269741414913263,-0.008298802814695066
13953,-1.2697414154489925,-0.008298802814695066
13954,-1.269741415616812,-0.008298802814695066
13955,-1.2697414163379532,-0.008298802814695066
13956,-1.2697414165976695,-0.008298802814695066
13957,-1.2697414172795416,-0.008298802814695066
13958,-1.2697414180504418,-0.008298802814695066
13959,-1.2697414183000921,-0.008298802814695066
13960,-1.2697414186294376,-0.008298802814695066
13961,-1.2697414188253988,-0.008298802814695066
13962,-1.2697414191608156,-0.008298802814695066
13963,-1.2697414207429651,-0.008298802814695066
13964,-1.2697414209633977,-0.008298802814695066
13965,-1.2697414211104878,-0.008298802814695066
13966,-1.269741421521963,-0.008298802814695066
13967,-1.2697414221055103,-0.008298802814695066
13968,-1.2697414221387264,-0.008298802814695066
13969,-1.2697414226463843,-0.008298802814695066
13970,-1.2697414227188624,-0.008298802814695066
13971,-1.2697414231441395,-0.008298802814695066
13972,-1.2697414231684085,-0.008298802814695066
13973,-1.269741423245015,-0.008298802814695066
13974,-1.2697414233014896,-0.008298802814695066
13975,-1.2697414233413378,-0.008298802814695066
13976,-1.2697414235523992,-0.008298802814695066
13977,-1.269741423666208,-0.008298802814695066
13978,-1.2697414239880176,-0.008298802814695066
13979,-1.2697414251576062,-0.008298802814695066
13980,-1.2697414252478483,-0.008298802814695066
13981,-1.2697414253497166,-0.008298802814695066
13982,-1.2697414261366677,-0.008298802814695066
13983,-1.2697414262432234,-0.008298802814695066
13984,-1.269741426248005,-0.008298802814695066
13985,-1.2697414266041886,-0.008298802814695066
13986,-1.2697414274003587,-0.008298802814695066
13987,-1.2697414275262673,-0.008298802814695066
13988,-1.26974142871577,-0.008298802814695066
13989,-1.2697414305935766,-0.008298802814695066
13990,-1.2697414308657102,-0.008298802814695066
13991,-1.269741431228521,-0.008298802814695066
13992,-1.2697414331223658,-0.008298802814695066
13993,-1.269741433290241,-0.008298802814695066
13994,-1.269741433638257,-0.008298802814695066
13995,-1.2697414339030717,-0.008298802814695066
13996,-1.2697414345294782,-0.008298802814695066
13997,-1.269741434546845,-0.008298802814695066
13998,-1.2697414348858644,-0.008298802814695066
13999,-1.269741435647761,-0.008298802814695066
14000,-1.269741436359333,-0.008298802814695066
14001,-1.269741436906799,-0.008298802814695066
14002,-1.2697414373388913,-0.008298802814695066
14003,-1.2697414379096796,-0.008298802814695066
14004,-1.269741438074794,-0.008298802814695066
14005,-1.2697414387786272,-0.008298802814695066
14006,-1.269741438935952,-0.008298802814695066
14007,-1.2697414399520868,-0.008298802814695066
14008,-1.2697414401595708,-0.008298802814695066
14009,-1.2697414410691144,-0.008298802814695066
14010,-1.2697414411037578,-0.008298802814695066
14011,-1.2697414413319363,-0.008298802814695066
14012,-1.2697414413501993,-0.008298802814695066
14013,-1.2697414417811033,-0.008298802814695066
14014,-1.269741442289375,-0.008298802814695066
14015,-1.2697414434756988,-0.008298802814695066
14016,-1.2697414438534498,-0.008298802814695066
14017,-1.2697414441074293,-0.008298802814695066
14018,-1.269741444193186,-0.008298802814695066
14019,-1.2697414446782969,-0.008298802814695066
14020,-1.2697414448476114,-0.008298802814695066
14021,-1.2697414448626363,-0.008298802814695066
14022,-1.2697414453932876,-0.008298802814695066
14023,-1.2697414456680594,-0.008298802814695066
14024,-1.2697414462893373,-0.008298802814695066
14025,-1.2697414465674512,-0.008298802814695066
14026,-1.2697414471135469,-0.008298802814695066
14027,-1.2697414471255122,-0.008298802814695066
14028,-1.2697414483096103,-0.008298802814695066
14029,-1.2697414492005374,-0.008298802814695066
14030,-1.2697414497681638,-0.008298802814695066
14031,-1.2697414509544223,-0.008298802814695066
14032,-1.2697414511416916,-0.008298802814695066
14033,-1.269741451268175,-0.008298802814695066
14034,-1.2697414515735472,-0.008298802814695066
14035,-1.2697414519873946,-0.008298802814695066
14036,-1.269741452206687,-0.008298802814695066
14037,-1.2697414522783403,-0.008298802814695066
14038,-1.2697414529307647,-0.008298802814695066
14039,-1.2697414529876276,-0.008298802814695066
14040,-1.2697414534594507,-0.008298802814695066
14041,-1.2697414542461225,-0.008298802814695066
14042,-1.269741454359445,-0.008298802814695066
14043,-1.269741455362128,-0.008298802814695066
14044,-1.2697414563590823,-0.008298802814695066
14045,-1.269741456495352,-0.008298802814695066
14046,-1.2697414569550682,-0.008298802814695066
14047,-1.2697414570373107,-0.008298802814695066
14048,-1.2697414574439545,-0.008298802814695066
14049,-1.2697414575945283,-0.008298802814695066
14050,-1.2697414576241466,-0.008298802814695066
14051,-1.269741457672723,-0.008298802814695066
14052,-1.2697414579668396,-0.008298802814695066
14053,-1.2697414583710438,-0.008298802814695066
14054,-1.2697414588924474,-0.008298802814695066
14055,-1.2697414591328067,-0.008298802814695066
14056,-1.2697414596610663,-0.008298802814695066
14057,-1.2697414600155237,-0.008298802814695066
14058,-1.2697414600703636,-0.008298802814695066
14059,-1.2697414601006143,-0.008298802814695066
14060,-1.2697414602829817,-0.008298802814695066
14061,-1.2697414604817672,-0.008298802814695066
14062,-1.2697414605449988,-0.008298802814695066
14063,-1.2697414606788011,-0.008298802814695066
14064,-1.2697414608363686,-0.008298802814695066
14065,-1.2697414614366105,-0.008298802814695066
14066,-1.2697414614571447,-0.008298802814695066
14067,-1.2697414618234442,-0.008298802814695066
14068,-1.2697414619362166,-0.008298802814695066
14069,-1.2697414634862252,-0.008298802814695066
14070,-1.2697414640822986,-0.008298802814695066
14071,-1.2697414642954916,-0.008298802814695066
14072,-1.2697414644606668,-0.008298802814695066
14073,-1.26974146449341,-0.008298802814695066
14074,-1.269741465487166,-0.008298802814695066
14075,-1.2697414658404016,-0.008298802814695066
14076,-1.269741466253315,-0.008298802814695066
14077,-1.2697414667469051,-0.008298802814695066
14078,-1.26974146708935,-0.008298802814695066
14079,-1.2697414672463176,-0.008298802814695066
14080,-1.2697414675741612,-0.008298802814695066
14081,-1.269741467661243,-0.008298802814695066
14082,-1.2697414680875794,-0.008298802814695066
14083,-1.2697414685779123,-0.008298802814695066
14084,-1.2697414691963296,-0.008298802814695066
14085,-1.2697414696313083,-0.008298802814695066
14086,-1.2697414696966798,-0.008298802814695066
14087,-1.2697414702701546,-0.008298802814695066
14088,-1.2697414702851146,-0.008298802814695066
14089,-1.2697414710729014,-0.008298802814695066
14090,-1.269741471190907,-0.008298802814695066
14091,-1.2697414713941286,-0.008298802814695066
14092,-1.269741471395389,-0.008298802814695066
14093,-1.269741471912501,-0.008298802814695066
14094,-1.2697414728030743,-0.008298802814695066
14095,-1.2697414728263132,-0.008298802814695066
14096,-1.2697414740006072,-0.008298802814695066
14097,-1.2697414743030757,-0.008298802814695066
14098,-1.2697414748600568,-0.008298802814695066
14099,-1.269741475288935,-0.008298802814695066
14100,-1.2697414755345173,-0.008298802814695066
14101,-1.2697414756111338,-0.008298802814695066
14102,-1.2697414757827934,-0.008298802814695066
14103,-1.269741475882499,-0.008298802814695066
14104,-1.2697414759329295,-0.008298802814695066
14105,-1.269741476969577,-0.008298802814695066
14106,-1.2697414770153561,-0.008298802814695066
14107,-1.2697414775343576,-0.008298802814695066
14108,-1.2697414776498712,-0.008298802814695066
14109,-1.269741477937369,-0.008298802814695066
14110,-1.2697414797533328,-0.008298802814695066
14111,-1.2697414800064863,-0.008298802814695066
14112,-1.2697414804611722,-0.008298802814695066
14113,-1.2697414805417073,-0.008298802814695066
14114,-1.2697414808063532,-0.008298802814695066
14115,-1.2697414808992495,-0.008298802814695066
14116,-1.2697414810229852,-0.008298802814695066
14117,-1.2697414811053664,-0.008298802814695066
14118,-1.2697414819332309,-0.008298802814695066
14119,-1.2697414820784003,-0.008298802814695066
14120,-1.2697414827285993,-0.008298802814695066
14121,-1.269741482829899,-0.008298802814695066
14122,-1.2697414829018263,-0.008298802814695066
14123,-1.2697414833680676,-0.008298802814695066
14124,-1.2697414836021577,-0.008298802814695066
14125,-1.2697414837077436,-0.008298802814695066
14126,-1.269741484208844,-0.008298802814695066
14127,-1.2697414854319795,-0.008298802814695066
14128,-1.2697414855447513,-0.008298802814695066
14129,-1.2697414857449356,-0.008298802814695066
14130,-1.2697414857882867,-0.008298802814695066
14131,-1.2697414860192813,-0.008298802814695066
14132,-1.2697414860646246,-0.008298802814695066
14133,-1.269741487029791,-0.008298802814695066
14134,-1.2697414875234956,-0.008298802814695066
14135,-1.2697414876741506,-0.008298802814695066
14136,-1.2697414876838615,-0.008298802814695066
14137,-1.269741488085334,-0.008298802814695066
14138,-1.2697414886391805,-0.008298802814695066
14139,-1.2697414889080032,-0.008298802814695066
14140,-1.2697414890183234,-0.008298802814695066
14141,-1.269741489662716,-0.008298802814695066
14142,-1.2697414896884378,-0.008298802814695066
14143,-1.2697414914444842,-0.008298802814695066
14144,-1.269741491478124,-0.008298802814695066
14145,-1.2697414915759662,-0.008298802814695066
14146,-1.2697414921120944,-0.008298802814695066
14147,-1.2697414921358419,-0.008298802814695066
14148,-1.269741492398735,-0.008298802814695066
14149,-1.269741492707464,-0.008298802814695066
14150,-1.2697414929317605,-0.008298802814695066
14151,-1.2697414929376094,-0.008298802814695066
14152,-1.2697414932729512,-0.008298802814695066
14153,-1.2697414933467783,-0.008298802814695066
14154,-1.2697414936291382,-0.008298802814695066
14155,-1.2697414941454737,-0.008298802814695066
14156,-1.2697414941604093,-0.008298802814695066
14157,-1.2697414945077548,-0.008298802814695066
14158,-1.2697414948001293,-0.008298802814695066
14159,-1.2697414951673858,-0.008298802814695066
14160,-1.2697414954840203,-0.008298802814695066
14161,-1.2697414956676691,-0.008298802814695066
14162,-1.26974149574757,-0.008298802814695066
14163,-1.269741496216907,-0.008298802814695066
14164,-1.269741496261172,-0.008298802814695066
14165,-1.2697414963120932,-0.008298802814695066
14166,-1.269741496733864,-0.008298802814695066
14167,-1.2697414971320033,-0.008298802814695066
14168,-1.269741497844977,-0.008298802814695066
14169,-1.269741497984445,-0.008298802814695066
14170,-1.2697414982118702,-0.008298802814695066
14171,-1.2697414985127569,-0.008298802814695066
14172,-1.2697414991706095,-0.008298802814695066
14173,-1.2697414993187128,-0.008298802814695066
14174,-1.269741499480314,-0.008298802814695066
14175,-1.2697415007360313,-0.008298802814695066
14176,-1.2697415009208397,-0.008298802814695066
14177,-1.2697415010678341,-0.008298802814695066
14178,-1.2697415012206026,-0.008298802814695066
14179,-1.269741501689399,-0.008298802814695066
14180,-1.2697415022997727,-0.008298802814695066
14181,-1.2697415024057384,-0.008298802814695066
14182,-1.2697415027383927,-0.008298802814695066
14183,-1.2697415029790582,-0.008298802814695066
14184,-1.2697415030247095,-0.008298802814695066
14185,-1.2697415033190578,-0.008298802814695066
14186,-1.2697415035718596,-0.008298802814695066
14187,-1.2697415040084392,-0.008298802814695066
14188,-1.269741504444362,-0.008298802814695066
14189,-1.2697415045875284,-0.008298802814695066
14190,-1.2697415048420133,-0.008298802814695066
14191,-1.269741505407635,-0.008298802814695066
14192,-1.2697415056072872,-0.008298802814695066
14193,-1.2697415064160023,-0.008298802814695066
14194,-1.2697415065295723,-0.008298802814695066
14195,-1.269741506887801,-0.008298802814695066
14196,-1.269741507121678,-0.008298802814695066
14197,-1.269741507421306,-0.008298802814695066
14198,-1.2697415074559468,-0.008298802814695066
14199,-1.2697415080434569,-0.008298802814695066
14200,-1.2697415080586412,-0.008298802814695066
14201,-1.2697415080969972,-0.008298802814695066
14202,-1.2697415081038566,-0.008298802814695066
14203,-1.269741509118683,-0.008298802814695066
14204,-1.2697415092420041,-0.008298802814695066
14205,-1.2697415094800288,-0.008298802814695066
14206,-1.269741509518678,-0.008298802814695066
14207,-1.269741509730953,-0.008298802814695066
14208,-1.269741509820277,-0.008298802814695066
14209,-1.2697415099540752,-0.008298802814695066
14210,-1.2697415105229484,-0.008298802814695066
14211,-1.2697415112328818,-0.008298802814695066
14212,-1.2697415115250437,-0.008298802814695066
14213,-1.269741511533593,-0.008298802814695066
14214,-1.2697415116183375,-0.008298802814695066
14215,-1.2697415116509752,-0.008298802814695066
14216,-1.2697415118558002,-0.008298802814695066
14217,-1.2697415119448618,-0.008298802814695066
14218,-1.2697415124459575,-0.008298802814695066
14219,-1.2697415124791984,-0.008298802814695066
14220,-1.269741513053641,-0.008298802814695066
14221,-1.2697415131271967,-0.008298802814695066
14222,-1.2697415131440595,-0.008298802814695066
14223,-1.2697415133629497,-0.008298802814695066
14224,-1.2697415136401242,-0.008298802814695066
14225,-1.269741513674231,-0.008298802814695066
14226,-1.2697415137427945,-0.008298802814695066
14227,-1.2697415137871717,-0.008298802814695066
14228,-1.269741513803738,-0.008298802814695066
14229,-1.2697415148801376,-0.008298802814695066
14230,-1.2697415150833933,-0.008298802814695066
14231,-1.269741515118954,-0.008298802814695066
14232,-1.2697415157361498,-0.008298802814695066
14233,-1.2697415158051963,-0.008298802814695066
14234,-1.2697415158079397,-0.008298802814695066
14235,-1.2697415163356953,-0.008298802814695066
14236,-1.269741516557132,-0.008298802814695066
14237,-1.2697415174292588,-0.008298802814695066
14238,-1.2697415176199331,-0.008298802814695066
14239,-1.2697415192815287,-0.008298802814695066
14240,-1.269741519569677,-0.008298802814695066
14241,-1.2697415206165494,-0.008298802814695066
14242,-1.2697415209990908,-0.008298802814695066
14243,-1.2697415211250425,-0.008298802814695066
14244,-1.269741521184638,-0.008298802814695066
14245,-1.2697415214625063,-0.008298802814695066
14246,-1.2697415214771675,-0.008298802814695066
14247,-1.2697415215757806,-0.008298802814695066
14248,-1.2697415216387866,-0.008298802814695066
14249,-1.2697415218029486,-0.008298802814695066
14250,-1.2697415220302481,-0.008298802814695066
14251,-1.2697415222747657,-0.008298802814695066
14252,-1.2697415226503814,-0.008298802814695066
14253,-1.2697415226936941,-0.008298802814695066
14254,-1.2697415230947804,-0.008298802814695066
14255,-1.2697415235541798,-0.008298802814695066
14256,-1.2697415236038656,-0.008298802814695066
14257,-1.2697415238085563,-0.008298802814695066
14258,-1.2697415240104526,-0.008298802814695066
14259,-1.2697415245211212,-0.008298802814695066
14260,-1.2697415246976858,-0.008298802814695066
14261,-1.2697415249228334,-0.008298802814695066
14262,-1.2697415249661967,-0.008298802814695066
14263,-1.2697415250629873,-0.008298802814695066
14264,-1.2697415252396613,-0.008298802814695066
14265,-1.269741525274454,-0.008298802814695066
14266,-1.2697415252850441,-0.008298802814695066
14267,-1.269741526177314,-0.008298802814695066
14268,-1.2697415265632257,-0.008298802814695066
14269,-1.2697415274957478,-0.008298802814695066
14270,-1.269741527682822,-0.008298802814695066
14271,-1.2697415279222193,-0.008298802814695066
14272,-1.2697415282008837,-0.008298802814695066
14273,-1.2697415289733212,-0.008298802814695066
14274,-1.269741529175061,-0.008298802814695066
14275,-1.2697415296689878,-0.008298802814695066
14276,-1.2697415298158905,-0.008298802814695066
14277,-1.2697415299690258,-0.008298802814695066
14278,-1.2697415301880008,-0.008298802814695066
14279,-1.2697415303085446,-0.008298802814695066
14280,-1.2697415303133224,-0.008298802814695066
14281,-1.2697415304951896,-0.008298802814695066
14282,-1.2697415308820585,-0.008298802814695066
14283,-1.2697415309038211,-0.008298802814695066
14284,-1.2697415311488927,-0.008298802814695066
14285,-1.2697415312945681,-0.008298802814695066
14286,-1.2697415314150786,-0.008298802814695066
14287,-1.2697415317706877,-0.008298802814695066
14288,-1.2697415325099257,-0.008298802814695066
14289,-1.2697415325932329,-0.008298802814695066
14290,-1.2697415327268649,-0.008298802814695066
14291,-1.2697415327617958,-0.008298802814695066
14292,-1.269741533086123,-0.008298802814695066
14293,-1.2697415332443058,-0.008298802814695066
14294,-1.269741533316308,-0.008298802814695066
14295,-1.2697415336027627,-0.008298802814695066
14296,-1.2697415338691218,-0.008298802814695066
14297,-1.2697415339743243,-0.008298802814695066
14298,-1.2697415341284137,-0.008298802814695066
14299,-1.2697415342651377,-0.008298802814695066
14300,-1.2697415345617131,-0.008298802814695066
14301,-1.2697415347125074,-0.008298802814695066
14302,-1.2697415352299217,-0.008298802814695066
14303,-1.2697415352953771,-0.008298802814695066
14304,-1.269741535317082,-0.008298802814695066
14305,-1.2697415356617017,-0.008298802814695066
14306,-1.2697415356751645,-0.008298802814695066
14307,-1.2697415361217796,-0.008298802814695066
14308,-1.2697415361984947,-0.008298802814695066
14309,-1.2697415366474258,-0.008298802814695066
14310,-1.2697415367546245,-0.008298802814695066
14311,-1.269741536788266,-0.008298802814695066
14312,-1.2697415368646645,-0.008298802814695066
14313,-1.269741536941151,-0.008298802814695066
14314,-1.2697415373752547,-0.008298802814695066
14315,-1.2697415377193892,-0.008298802814695066
14316,-1.2697415379182928,-0.008298802814695066
14317,-1.2697415386092985,-0.008298802814695066
14318,-1.2697415388796698,-0.008298802814695066
14319,-1.2697415388920374,-0.008298802814695066
14320,-1.269741539345137,-0.008298802814695066
14321,-1.269741540017166,-0.008298802814695066
14322,-1.2697415400269199,-0.008298802814695066
14323,-1.269741540102875,-0.008298802814695066
14324,-1.2697415401756669,-0.008298802814695066
14325,-1.269741540731107,-0.008298802814695066
14326,-1.269741540810042,-0.008298802814695066
14327,-1.26974154096664,-0.008298802814695066
14328,-1.2697415415337678,-0.008298802814695066
14329,-1.2697415423578897,-0.008298802814695066
14330,-1.2697415424647391,-0.008298802814695066
14331,-1.2697415424897087,-0.008298802814695066
14332,-1.2697415430684869,-0.008298802814695066
14333,-1.269741543117237,-0.008298802814695066
14334,-1.2697415432030679,-0.008298802814695066
14335,-1.269741543263238,-0.008298802814695066
14336,-1.2697415432770718,-0.008298802814695066
14337,-1.2697415433438033,-0.008298802814695066
14338,-1.2697415434898967,-0.008298802814695066
14339,-1.2697415440251525,-0.008298802814695066
14340,-1.2697415441626967,-0.008298802814695066
14341,-1.2697415442700484,-0.008298802814695066
14342,-1.269741544536478,-0.008298802814695066
14343,-1.2697415446193967,-0.008298802814695066
14344,-1.2697415450688054,-0.008298802814695066
14345,-1.2697415451073806,-0.008298802814695066
14346,-1.2697415452840612,-0.008298802814695066
14347,-1.2697415455534355,-0.008298802814695066
14348,-1.2697415467436248,-0.008298802814695066
14349,-1.2697415468635067,-0.008298802814695066
14350,-1.2697415469783548,-0.008298802814695066
14351,-1.2697415469944673,-0.008298802814695066
14352,-1.269741547050832,-0.008298802814695066
14353,-1.2697415470687567,-0.008298802814695066
14354,-1.269741547862985,-0.008298802814695066
14355,-1.2697415483292263,-0.008298802814695066
14356,-1.2697415483347907,-0.008298802814695066
14357,-1.2697415487458787,-0.008298802814695066
14358,-1.2697415490621589,-0.008298802814695066
14359,-1.26974154908577,-0.008298802814695066
14360,-1.2697415495221276,-0.008298802814695066
14361,-1.2697415502705487,-0.008298802814695066
14362,-1.2697415503899334,-0.008298802814695066
14363,-1.2697415503962453,-0.008298802814695066
14364,-1.2697415506245675,-0.008298802814695066
14365,-1.2697415506690821,-0.008298802814695066
14366,-1.269741550863304,-0.008298802814695066
14367,-1.2697415509318293,-0.008298802814695066
14368,-1.269741551011381,-0.008298802814695066
14369,-1.2697415510492123,-0.008298802814695066
14370,-1.269741552033712,-0.008298802814695066
14371,-1.2697415524323317,-0.008298802814695066
14372,-1.2697415525423272,-0.008298802814695066
14373,-1.2697415527987976,-0.008298802814695066
14374,-1.2697415529348741,-0.008298802814695066
14375,-1.2697415529560008,-0.008298802814695066
14376,-1.2697415531072072,-0.008298802814695066
14377,-1.269741553448802,-0.008298802814695066
14378,-1.2697415541114423,-0.008298802814695066
14379,-1.2697415550010547,-0.008298802814695066
14380,-1.2697415552213402,-0.008298802814695066
14381,-1.2697415559087164,-0.008298802814695066
14382,-1.269741556218134,-0.008298802814695066
14383,-1.2697415562870253,-0.008298802814695066
14384,-1.269741556331227,-0.008298802814695066
14385,-1.2697415569230583,-0.008298802814695066
14386,-1.2697415569594004,-0.008298802814695066
14387,-1.2697415573131852,-0.008298802814695066
14388,-1.2697415577791373,-0.008298802814695066
14389,-1.2697415583284926,-0.008298802814695066
14390,-1.2697415583300868,-0.008298802814695066
14391,-1.2697415589430525,-0.008298802814695066
14392,-1.269741559262008,-0.008298802814695066
14393,-1.2697415593381312,-0.008298802814695066
14394,-1.2697415607932545,-0.008298802814695066
14395,-1.2697415612543872,-0.008298802814695066
14396,-1.2697415613040626,-0.008298802814695066
14397,-1.2697415624257458,-0.008298802814695066
14398,-1.2697415626788142,-0.008298802814695066
14399,-1.2697415627734263,-0.008298802814695066
14400,-1.2697415627915756,-0.008298802814695066
14401,-1.2697415629620692,-0.008298802814695066
14402,-1.2697415632537923,-0.008298802814695066
14403,-1.2697415638959901,-0.008298802814695066
14404,-1.2697415642285708,-0.008298802814695066
14405,-1.2697415642293732,-0.008298802814695066
14406,-1.2697415642399201,-0.008298802814695066
14407,-1.2697415648896224,-0.008298802814695066
14408,-1.269741564962279,-0.008298802814695066
14409,-1.2697415649967354,-0.008298802814695066
14410,-1.2697415657342492,-0.008298802814695066
14411,-1.2697415660762879,-0.008298802814695066
14412,-1.2697415663823004,-0.008298802814695066
14413,-1.2697415664904563,-0.008298802814695066
14414,-1.2697415667500647,-0.008298802814695066
14415,-1.2697415669813295,-0.008298802814695066
14416,-1.2697415671298309,-0.008298802814695066
14417,-1.269741567684131,-0.008298802814695066
14418,-1.2697415680025796,-0.008298802814695066
14419,-1.2697415683463558,-0.008298802814695066
14420,-1.2697415686000255,-0.008298802814695066
14421,-1.269741568606399,-0.008298802814695066
14422,-1.2697415686494269,-0.008298802814695066
14423,-1.2697415689880882,-0.008298802814695066
14424,-1.2697415694812597,-0.008298802814695066
14425,-1.2697415696841616,-0.008298802814695066
14426,-1.2697415699553956,-0.008298802814695066
14427,-1.2697415700649841,-0.008298802814695066
14428,-1.2697415700718395,-0.008298802814695066
14429,-1.269741570142331,-0.008298802814695066
14430,-1.2697415701956345,-0.008298802814695066
14431,-1.269741570430424,-0.008298802814695066
14432,-1.269741570520283,-0.008298802814695066
14433,-1.2697415709199453,-0.008298802814695066
14434,-1.2697415713852793,-0.008298802814695066
14435,-1.2697415714494729,-0.008298802814695066
14436,-1.2697415714505962,-0.008298802814695066
14437,-1.2697415717844625,-0.008298802814695066
14438,-1.2697415717859837,-0.008298802814695066
14439,-1.2697415718292162,-0.008298802814695066
14440,-1.2697415723419772,-0.008298802814695066
14441,-1.2697415723634846,-0.008298802814695066
14442,-1.26974157242057,-0.008298802814695066
14443,-1.2697415727292447,-0.008298802814695066
14444,-1.2697415734167363,-0.008298802814695066
14445,-1.2697415736638025,-0.008298802814695066
14446,-1.2697415737835551,-0.008298802814695066
14447,-1.269741573880076,-0.008298802814695066
14448,-1.2697415741564082,-0.008298802814695066
14449,-1.2697415742754794,-0.008298802814695066
14450,-1.2697415743151421,-0.008298802814695066
14451,-1.2697415746545595,-0.008298802814695066
14452,-1.2697415747785519,-0.008298802814695066
14453,-1.2697415748165524,-0.008298802814695066
14454,-1.2697415754120616,-0.008298802814695066
14455,-1.269741575487659,-0.008298802814695066
14456,-1.2697415756248476,-0.008298802814695066
14457,-1.2697415759081732,-0.008298802814695066
14458,-1.269741575989452,-0.008298802814695066
14459,-1.2697415763770503,-0.008298802814695066
14460,-1.269741576544444,-0.008298802814695066
14461,-1.2697415768636997,-0.008298802814695066
14462,-1.2697415770991607,-0.008298802814695066
14463,-1.2697415777012797,-0.008298802814695066
14464,-1.2697415783096329,-0.008298802814695066
14465,-1.26974157841021,-0.008298802814695066
14466,-1.269741578647084,-0.008298802814695066
14467,-1.2697415786692727,-0.008298802814695066
14468,-1.2697415788589417,-0.008298802814695066
14469,-1.269741578922044,-0.008298802814695066
14470,-1.2697415792052413,-0.008298802814695066
14471,-1.2697415792589677,-0.008298802814695066
14472,-1.269741579506586,-0.008298802814695066
14473,-1.269741579548797,-0.008298802814695066
14474,-1.2697415804454246,-0.008298802814695066
14475,-1.2697415816704978,-0.008298802814695066
14476,-1.269741581929346,-0.008298802814695066
14477,-1.2697415820167128,-0.008298802814695066
14478,-1.2697415821080262,-0.008298802814695066
14479,-1.2697415822436335,-0.008298802814695066
14480,-1.2697415825029774,-0.008298802814695066
14481,-1.2697415827684866,-0.008298802814695066
14482,-1.269741582847378,-0.008298802814695066
14483,-1.2697415829903562,-0.008298802814695066
14484,-1.2697415831375765,-0.008298802814695066
14485,-1.269741583487125,-0.008298802814695066
14486,-1.2697415835909331,-0.008298802814695066
14487,-1.2697415838302892,-0.008298802814695066
14488,-1.2697415839483233,-0.008298802814695066
14489,-1.2697415841397282,-0.008298802814695066
14490,-1.2697415845279945,-0.008298802814695066
14491,-1.26974158455478,-0.008298802814695066
14492,-1.2697415845737314,-0.008298802814695066
14493,-1.2697415846044962,-0.008298802814695066
14494,-1.2697415847726874,-0.008298802814695066
14495,-1.2697415849816942,-0.008298802814695066
14496,-1.2697415852444505,-0.008298802814695066
14497,-1.2697415858790373,-0.008298802814695066
14498,-1.2697415858919552,-0.008298802814695066
14499,-1.269741586047118,-0.008298802814695066
14500,-1.2697415860472174,-0.008298802814695066
14501,-1.269741586220349,-0.008298802814695066
14502,-1.2697415864756774,-0.008298802814695066
14503,-1.2697415865527562,-0.008298802814695066
14504,-1.2697415866986117,-0.008298802814695066
14505,-1.2697415867639532,-0.008298802814695066
14506,-1.2697415868996764,-0.008298802814695066
14507,-1.2697415869140767,-0.008298802814695066
14508,-1.2697415869656907,-0.008298802814695066
14509,-1.2697415874921023,-0.008298802814695066
14510,-1.2697415875571259,-0.008298802814695066
14511,-1.2697415875690878,-0.008298802814695066
14512,-1.2697415880356417,-0.008298802814695066
14513,-1.2697415881042406,-0.008298802814695066
14514,-1.2697415881978653,-0.008298802814695066
14515,-1.269741588881757,-0.008298802814695066
14516,-1.2697415890033448,-0.008298802814695066
14517,-1.2697415890439676,-0.008298802814695066
14518,-1.2697415892121076,-0.008298802814695066
14519,-1.2697415892274022,-0.008298802814695066
14520,-1.2697415897609539,-0.008298802814695066
14521,-1.2697415898811748,-0.008298802814695066
14522,-1.2697415898945248,-0.008298802814695066
14523,-1.2697415901499673,-0.008298802814695066
14524,-1.2697415908338416,-0.008298802814695066
14525,-1.2697415909062597,-0.008298802814695066
14526,-1.2697415909111847,-0.008298802814695066
14527,-1.2697415910234917,-0.008298802814695066
14528,-1.2697415910832042,-0.008298802814695066
14529,-1.269741591707779,-0.008298802814695066
14530,-1.2697415919242467,-0.008298802814695066
14531,-1.2697415921991566,-0.008298802814695066
14532,-1.269741592234488,-0.008298802814695066
14533,-1.2697415922353983,-0.008298802814695066
14534,-1.269741592426327,-0.008298802814695066
14535,-1.269741592674037,-0.008298802814695066
14536,-1.2697415936008647,-0.008298802814695066
14537,-1.2697415936077643,-0.008298802814695066
14538,-1.2697415937051677,-0.008298802814695066
14539,-1.2697415946151813,-0.008298802814695066
14540,-1.2697415947188677,-0.008298802814695066
14541,-1.2697415949279824,-0.008298802814695066
14542,-1.2697415954289426,-0.008298802814695066
14543,-1.2697415954462548,-0.008298802814695066
14544,-1.2697415956148812,-0.008298802814695066
14545,-1.2697415956167326,-0.008298802814695066
14546,-1.2697415956828086,-0.008298802814695066
14547,-1.2697415956854465,-0.008298802814695066
14548,-1.2697415956955365,-0.008298802814695066
14549,-1.269741595735378,-0.008298802814695066
14550,-1.269741595933805,-0.008298802814695066
14551,-1.2697415960296574,-0.008298802814695066
14552,-1.269741596252618,-0.008298802814695066
14553,-1.269741596279218,-0.008298802814695066
14554,-1.2697415963659489,-0.008298802814695066
14555,-1.2697415971026444,-0.008298802814695066
14556,-1.2697415971263437,-0.008298802814695066
14557,-1.2697415973916848,-0.008298802814695066
14558,-1.2697415977356175,-0.008298802814695066
14559,-1.269741597866285,-0.008298802814695066
14560,-1.2697415981051736,-0.008298802814695066
14561,-1.2697415982483906,-0.008298802814695066
14562,-1.2697415985523166,-0.008298802814695066
14563,-1.2697415986457736,-0.008298802814695066
14564,-1.2697415987148923,-0.008298802814695066
14565,-1.2697415992786423,-0.008298802814695066
14566,-1.2697415994152204,-0.008298802814695066
14567,-1.269741599449617,-0.008298802814695066
14568,-1.269741599516024,-0.008298802814695066
14569,-1.2697415999757742,-0.008298802814695066
14570,-1.2697416001466193,-0.008298802814695066
14571,-1.269741600572389,-0.008298802814695066
14572,-1.2697416006157414,-0.008298802814695066
14573,-1.2697416007834594,-0.008298802814695066
14574,-1.2697416012022265,-0.008298802814695066
14575,-1.26974160140712,-0.008298802814695066
14576,-1.269741601458137,-0.008298802814695066
14577,-1.2697416017143022,-0.008298802814695066
14578,-1.2697416022960317,-0.008298802814695066
14579,-1.269741602611668,-0.008298802814695066
14580,-1.269741602670023,-0.008298802814695066
14581,-1.26974160296406,-0.008298802814695066
14582,-1.269741602989003,-0.008298802814695066
14583,-1.2697416030136321,-0.008298802814695066
14584,-1.2697416031758004,-0.008298802814695066
14585,-1.269741603306037,-0.008298802814695066
14586,-1.2697416034186884,-0.008298802814695066
14587,-1.2697416035573126,-0.008298802814695066
14588,-1.2697416036586577,-0.008298802814695066
14589,-1.2697416039558236,-0.008298802814695066
14590,-1.2697416039573164,-0.008298802814695066
14591,-1.2697416041645877,-0.008298802814695066
14592,-1.2697416044189396,-0.008298802814695066
14593,-1.269741604620792,-0.008298802814695066
14594,-1.2697416046834895,-0.008298802814695066
14595,-1.2697416048667127,-0.008298802814695066
14596,-1.2697416051178083,-0.008298802814695066
14597,-1.2697416051455657,-0.008298802814695066
14598,-1.2697416053030772,-0.008298802814695066
14599,-1.2697416054246147,-0.008298802814695066
14600,-1.26974160565041,-0.008298802814695066
14601,-1.2697416056589086,-0.008298802814695066
14602,-1.2697416056615816,-0.008298802814695066
14603,-1.2697416056855326,-0.008298802814695066
14604,-1.2697416058818423,-0.008298802814695066
14605,-1.2697416060865008,-0.008298802814695066
14606,-1.2697416063219205,-0.008298802814695066
14607,-1.2697416063724623,-0.008298802814695066
14608,-1.2697416063823184,-0.008298802814695066
14609,-1.269741606569078,-0.008298802814695066
14610,-1.2697416069250744,-0.008298802814695066
14611,-1.2697416070911889,-0.008298802814695066
14612,-1.2697416072723235,-0.008298802814695066
14613,-1.26974160737024,-0.008298802814695066
14614,-1.269741607455427,-0.008298802814695066
14615,-1.2697416077105599,-0.008298802814695066
14616,-1.269741607879911,-0.008298802814695066
14617,-1.269741608492621,-0.008298802814695066
14618,-1.2697416085526512,-0.008298802814695066
14619,-1.2697416088002376,-0.008298802814695066
14620,-1.2697416088110252,-0.008298802814695066
14621,-1.2697416088570197,-0.008298802814695066
14622,-1.2697416089327143,-0.008298802814695066
14623,-1.2697416092019118,-0.008298802814695066
14624,-1.2697416092785592,-0.008298802814695066
14625,-1.2697416094171359,-0.008298802814695066
14626,-1.2697416097389553,-0.008298802814695066
14627,-1.2697416098867784,-0.008298802814695066
14628,-1.26974161022929,-0.008298802814695066
14629,-1.2697416105242847,-0.008298802814695066
14630,-1.2697416107068666,-0.008298802814695066
14631,-1.2697416108192652,-0.008298802814695066
14632,-1.2697416114798838,-0.008298802814695066
14633,-1.2697416119865415,-0.008298802814695066
14634,-1.2697416123866168,-0.008298802814695066
14635,-1.2697416124409808,-0.008298802814695066
14636,-1.269741612515152,-0.008298802814695066
14637,-1.2697416125393355,-0.008298802814695066
14638,-1.2697416126825969,-0.008298802814695066
14639,-1.2697416127403272,-0.008298802814695066
14640,-1.2697416127885544,-0.008298802814695066
14641,-1.2697416130349057,-0.008298802814695066
14642,-1.2697416133325372,-0.008298802814695066
14643,-1.2697416135517343,-0.008298802814695066
14644,-1.2697416139879005,-0.008298802814695066
14645,-1.2697416143567417,-0.008298802814695066
14646,-1.2697416143696885,-0.008298802814695066
14647,-1.2697416144348863,-0.008298802814695066
14648,-1.2697416145464204,-0.008298802814695066
14649,-1.2697416147494605,-0.008298802814695066
14650,-1.2697416148456036,-0.008298802814695066
14651,-1.2697416150223018,-0.008298802814695066
14652,-1.2697416152277519,-0.008298802814695066
14653,-1.2697416152639693,-0.008298802814695066
14654,-1.2697416154061105,-0.008298802814695066
14655,-1.2697416156287615,-0.008298802814695066
14656,-1.2697416157370607,-0.008298802814695066
14657,-1.2697416158077384,-0.008298802814695066
14658,-1.2697416162250903,-0.008298802814695066
14659,-1.2697416165967368,-0.008298802814695066
14660,-1.2697416169630353,-0.008298802814695066
14661,-1.269741617007739,-0.008298802814695066
14662,-1.269741617032866,-0.008298802814695066
14663,-1.2697416170341411,-0.008298802814695066
14664,-1.2697416171202547,-0.008298802814695066
14665,-1.269741617146366,-0.008298802814695066
14666,-1.2697416172189415,-0.008298802814695066
14667,-1.269741617989275,-0.008298802814695066
14668,-1.2697416181207597,-0.008298802814695066
14669,-1.2697416181644894,-0.008298802814695066
14670,-1.2697416182119103,-0.008298802814695066
14671,-1.2697416182312742,-0.008298802814695066
14672,-1.2697416183602261,-0.008298802814695066
14673,-1.2697416183669192,-0.008298802814695066
14674,-1.2697416185169872,-0.008298802814695066
14675,-1.2697416188310582,-0.008298802814695066
14676,-1.2697416190330957,-0.008298802814695066
14677,-1.269741619533809,-0.008298802814695066
14678,-1.2697416195950213,-0.008298802814695066
14679,-1.2697416200090377,-0.008298802814695066
14680,-1.2697416200198803,-0.008298802814695066
14681,-1.2697416200548708,-0.008298802814695066
14682,-1.2697416201506666,-0.008298802814695066
14683,-1.2697416202576874,-0.008298802814695066
14684,-1.2697416202746052,-0.008298802814695066
14685,-1.2697416203937828,-0.008298802814695066
14686,-1.2697416203984027,-0.008298802814695066
14687,-1.2697416206634229,-0.008298802814695066
14688,-1.2697416208768362,-0.008298802814695066
14689,-1.2697416209181174,-0.008298802814695066
14690,-1.2697416210344572,-0.008298802814695066
14691,-1.2697416211727415,-0.008298802814695066
14692,-1.2697416211940795,-0.008298802814695066
14693,-1.2697416212394694,-0.008298802814695066
14694,-1.2697416216493287,-0.008298802814695066
14695,-1.2697416217135857,-0.008298802814695066
14696,-1.2697416219464406,-0.008298802814695066
14697,-1.269741622223407,-0.008298802814695066
14698,-1.269741622317406,-0.008298802814695066
14699,-1.2697416223847595,-0.008298802814695066
14700,-1.2697416225431652,-0.008298802814695066
14701,-1.2697416227018428,-0.008298802814695066
14702,-1.26974162316219,-0.008298802814695066
14703,-1.2697416234014907,-0.008298802814695066
14704,-1.2697416237720374,-0.008298802814695066
14705,-1.2697416237935002,-0.008298802814695066
14706,-1.269741623865024,-0.008298802814695066
14707,-1.2697416239466386,-0.008298802814695066
14708,-1.2697416239582902,-0.008298802814695066
14709,-1.2697416248522293,-0.008298802814695066
14710,-1.2697416248829185,-0.008298802814695066
14711,-1.2697416253249483,-0.008298802814695066
14712,-1.2697416255157938,-0.008298802814695066
14713,-1.2697416263506365,-0.008298802814695066
14714,-1.2697416263899504,-0.008298802814695066
14715,-1.2697416265166577,-0.008298802814695066
14716,-1.2697416269581725,-0.008298802814695066
14717,-1.2697416273338737,-0.008298802814695066
14718,-1.2697416275464926,-0.008298802814695066
14719,-1.2697416275596982,-0.008298802814695066
14720,-1.2697416277252245,-0.008298802814695066
14721,-1.2697416278502527,-0.008298802814695066
14722,-1.2697416279367095,-0.008298802814695066
14723,-1.2697416280174956,-0.008298802814695066
14724,-1.2697416280445133,-0.008298802814695066
14725,-1.2697416282135507,-0.008298802814695066
14726,-1.2697416283472145,-0.008298802814695066
14727,-1.269741628488597,-0.008298802814695066
14728,-1.269741628536159,-0.008298802814695066
14729,-1.2697416286004568,-0.008298802814695066
14730,-1.2697416287228065,-0.008298802814695066
14731,-1.269741628802283,-0.008298802814695066
14732,-1.2697416289047188,-0.008298802814695066
14733,-1.2697416290068122,-0.008298802814695066
14734,-1.2697416291149772,-0.008298802814695066
14735,-1.2697416291643764,-0.008298802814695066
14736,-1.269741629424062,-0.008298802814695066
14737,-1.269741629515438,-0.008298802814695066
14738,-1.2697416297399369,-0.008298802814695066
14739,-1.2697416297447937,-0.008298802814695066
14740,-1.2697416304548859,-0.008298802814695066
14741,-1.269741630638741,-0.008298802814695066
14742,-1.2697416306733853,-0.008298802814695066
14743,-1.2697416311109284,-0.008298802814695066
14744,-1.269741631183769,-0.008298802814695066
14745,-1.269741631300419,-0.008298802814695066
14746,-1.269741631503736,-0.008298802814695066
14747,-1.269741631960235,-0.008298802814695066
14748,-1.269741632405652,-0.008298802814695066
14749,-1.2697416326891255,-0.008298802814695066
14750,-1.2697416329144329,-0.008298802814695066
14751,-1.2697416331749038,-0.008298802814695066
14752,-1.2697416332957456,-0.008298802814695066
14753,-1.269741633309853,-0.008298802814695066
14754,-1.2697416335118634,-0.008298802814695066
14755,-1.2697416335404714,-0.008298802814695066
14756,-1.2697416336197793,-0.008298802814695066
14757,-1.2697416340379297,-0.008298802814695066
14758,-1.2697416342176528,-0.008298802814695066
14759,-1.2697416342792587,-0.008298802814695066
14760,-1.2697416343575667,-0.008298802814695066
14761,-1.2697416346377726,-0.008298802814695066
14762,-1.2697416347498494,-0.008298802814695066
14763,-1.269741634914869,-0.008298802814695066
14764,-1.2697416349388457,-0.008298802814695066
14765,-1.2697416349450226,-0.008298802814695066
14766,-1.2697416351843025,-0.008298802814695066
14767,-1.269741635283256,-0.008298802814695066
14768,-1.2697416355751352,-0.008298802814695066
14769,-1.2697416355828648,-0.008298802814695066
14770,-1.2697416357078977,-0.008298802814695066
14771,-1.2697416357097895,-0.008298802814695066
14772,-1.2697416358731908,-0.008298802814695066
14773,-1.2697416359905638,-0.008298802814695066
14774,-1.2697416360060823,-0.008298802814695066
14775,-1.2697416361872782,-0.008298802814695066
14776,-1.269741636487867,-0.008298802814695066
14777,-1.2697416365280547,-0.008298802814695066
14778,-1.269741636563809,-0.008298802814695066
14779,-1.2697416366763763,-0.008298802814695066
14780,-1.2697416369573782,-0.008298802814695066
14781,-1.2697416371394266,-0.008298802814695066
14782,-1.2697416372703385,-0.008298802814695066
14783,-1.2697416374215895,-0.008298802814695066
14784,-1.2697416375233663,-0.008298802814695066
14785,-1.2697416376287398,-0.008298802814695066
14786,-1.269741637725208,-0.008298802814695066
14787,-1.2697416380580064,-0.008298802814695066
14788,-1.2697416380794024,-0.008298802814695066
14789,-1.269741638149661,-0.008298802814695066
14790,-1.2697416383078666,-0.008298802814695066
14791,-1.2697416383859248,-0.008298802814695066
14792,-1.2697416384748215,-0.008298802814695066
14793,-1.2697416387239993,-0.008298802814695066
14794,-1.269741638846177,-0.008298802814695066
14795,-1.269741639190421,-0.008298802814695066
14796,-1.2697416392405605,-0.008298802814695066
14797,-1.2697416397162438,-0.008298802814695066
14798,-1.2697416397463082,-0.008298802814695066
14799,-1.2697416399047465,-0.008298802814695066
14800,-1.2697416401561323,-0.008298802814695066
14801,-1.2697416403502244,-0.008298802814695066
14802,-1.2697416404756736,-0.008298802814695066
14803,-1.2697416405138262,-0.008298802814695066
14804,-1.2697416405901272,-0.008298802814695066
14805,-1.2697416409005364,-0.008298802814695066
14806,-1.2697416410187556,-0.008298802814695066
14807,-1.269741641152937,-0.008298802814695066
14808,-1.2697416414164344,-0.008298802814695066
14809,-1.2697416416795644,-0.008298802814695066
14810,-1.2697416419165406,-0.008298802814695066
14811,-1.2697416419269743,-0.008298802814695066
14812,-1.2697416419690513,-0.008298802814695066
14813,-1.2697416421972134,-0.008298802814695066
14814,-1.2697416422348684,-0.008298802814695066
14815,-1.2697416422459191,-0.008298802814695066
14816,-1.2697416423062595,-0.008298802814695066
14817,-1.2697416423666354,-0.008298802814695066
14818,-1.2697416423842012,-0.008298802814695066
14819,-1.2697416424565307,-0.008298802814695066
14820,-1.269741642560267,-0.008298802814695066
14821,-1.269741642614126,-0.008298802814695066
14822,-1.2697416434121394,-0.008298802814695066
14823,-1.2697416437612459,-0.008298802814695066
14824,-1.269741644140375,-0.008298802814695066
14825,-1.2697416441499527,-0.008298802814695066
14826,-1.2697416442488874,-0.008298802814695066
14827,-1.2697416442950376,-0.008298802814695066
14828,-1.269741644403979,-0.008298802814695066
14829,-1.2697416444692387,-0.008298802814695066
14830,-1.2697416444701173,-0.008298802814695066
14831,-1.2697416449613725,-0.008298802814695066
14832,-1.2697416454206487,-0.008298802814695066
14833,-1.26974164544996,-0.008298802814695066
14834,-1.2697416454584347,-0.008298802814695066
14835,-1.2697416463523965,-0.008298802814695066
14836,-1.269741646377751,-0.008298802814695066
14837,-1.269741646394199,-0.008298802814695066
14838,-1.2697416465600102,-0.008298802814695066
14839,-1.2697416465910927,-0.008298802814695066
14840,-1.2697416466190887,-0.008298802814695066
14841,-1.2697416471405951,-0.008298802814695066
14842,-1.2697416472116638,-0.008298802814695066
14843,-1.2697416473258167,-0.008298802814695066
14844,-1.2697416473326144,-0.008298802814695066
14845,-1.2697416473726484,-0.008298802814695066
14846,-1.2697416476413859,-0.008298802814695066
14847,-1.2697416476689471,-0.008298802814695066
14848,-1.2697416477503465,-0.008298802814695066
14849,-1.2697416478383543,-0.008298802814695066
14850,-1.2697416479767794,-0.008298802814695066
14851,-1.2697416484765383,-0.008298802814695066
14852,-1.269741648494603,-0.008298802814695066
14853,-1.2697416486098467,-0.008298802814695066
14854,-1.2697416486756123,-0.008298802814695066
14855,-1.269741648811272,-0.008298802814695066
14856,-1.2697416490078492,-0.008298802814695066
14857,-1.269741649017677,-0.008298802814695066
14858,-1.2697416490963036,-0.008298802814695066
14859,-1.2697416492313751,-0.008298802814695066
14860,-1.2697416494737728,-0.008298802814695066
14861,-1.2697416497844505,-0.008298802814695066
14862,-1.2697416497878096,-0.008298802814695066
14863,-1.2697416498486418,-0.008298802814695066
14864,-1.2697416499379477,-0.008298802814695066
14865,-1.2697416499738192,-0.008298802814695066
14866,-1.269741650783725,-0.008298802814695066
14867,-1.269741651046081,-0.008298802814695066
14868,-1.269741651234717,-0.008298802814695066
14869,-1.2697416514226092,-0.008298802814695066
14870,-1.2697416514640647,-0.008298802814695066
14871,-1.2697416515091218,-0.008298802814695066
14872,-1.269741651700867,-0.008298802814695066
14873,-1.2697416518881697,-0.008298802814695066
14874,-1.269741652112597,-0.008298802814695066
14875,-1.2697416522647553,-0.008298802814695066
14876,-1.269741652276449,-0.008298802814695066
14877,-1.269741652435491,-0.008298802814695066
14878,-1.269741652524107,-0.008298802814695066
14879,-1.2697416529741257,-0.008298802814695066
14880,-1.2697416531891341,-0.008298802814695066
14881,-1.2697416538648532,-0.008298802814695066
14882,-1.2697416540921287,-0.008298802814695066
14883,-1.2697416542498154,-0.008298802814695066
14884,-1.2697416547194336,-0.008298802814695066
14885,-1.269741654766134,-0.008298802814695066
14886,-1.2697416549497038,-0.008298802814695066
14887,-1.2697416550019727,-0.008298802814695066
14888,-1.269741655272715,-0.008298802814695066
14889,-1.2697416556304353,-0.008298802814695066
14890,-1.2697416556512717,-0.008298802814695066
14891,-1.2697416556771495,-0.008298802814695066
14892,-1.2697416557351375,-0.008298802814695066
14893,-1.269741655808557,-0.008298802814695066
14894,-1.2697416559241208,-0.008298802814695066
14895,-1.2697416562057424,-0.008298802814695066
14896,-1.2697416564843758,-0.008298802814695066
14897,-1.2697416565545698,-0.008298802814695066
14898,-1.2697416565921789,-0.008298802814695066
14899,-1.2697416565967719,-0.008298802814695066
14900,-1.2697416567927748,-0.008298802814695066
14901,-1.269741657005643,-0.008298802814695066
14902,-1.2697416570331619,-0.008298802814695066
14903,-1.2697416570372286,-0.008298802814695066
14904,-1.2697416571489484,-0.008298802814695066
14905,-1.2697416572563212,-0.008298802814695066
14906,-1.269741657455524,-0.008298802814695066
14907,-1.269741657560502,-0.008298802814695066
14908,-1.2697416579327876,-0.008298802814695066
14909,-1.2697416580829812,-0.008298802814695066
14910,-1.2697416584018457,-0.008298802814695066
14911,-1.2697416584801002,-0.008298802814695066
14912,-1.2697416585591326,-0.008298802814695066
14913,-1.2697416586702204,-0.008298802814695066
14914,-1.269741658671508,-0.008298802814695066
14915,-1.2697416586933505,-0.008298802814695066
14916,-1.2697416588533472,-0.008298802814695066
14917,-1.2697416589485764,-0.008298802814695066
14918,-1.2697416589955086,-0.008298802814695066
14919,-1.269741659057149,-0.008298802814695066
14920,-1.2697416591898365,-0.008298802814695066
14921,-1.269741659202681,-0.008298802814695066
14922,-1.2697416593692084,-0.008298802814695066
14923,-1.269741659529032,-0.008298802814695066
14924,-1.2697416596132631,-0.008298802814695066
14925,-1.2697416596140094,-0.008298802814695066
14926,-1.2697416601236995,-0.008298802814695066
14927,-1.2697416601476892,-0.008298802814695066
14928,-1.2697416602245062,-0.008298802814695066
14929,-1.2697416602958669,-0.008298802814695066
14930,-1.269741660389557,-0.008298802814695066
14931,-1.2697416604581035,-0.008298802814695066
14932,-1.269741660477406,-0.008298802814695066
14933,-1.2697416607131384,-0.008298802814695066
14934,-1.2697416607978143,-0.008298802814695066
14935,-1.2697416608504286,-0.008298802814695066
14936,-1.269741660927935,-0.008298802814695066
14937,-1.269741660973144,-0.008298802814695066
14938,-1.2697416609941112,-0.008298802814695066
14939,-1.269741661183647,-0.008298802814695066
14940,-1.2697416612215233,-0.008298802814695066
14941,-1.26974166160749,-0.008298802814695066
14942,-1.2697416621112363,-0.008298802814695066
14943,-1.2697416624118345,-0.008298802814695066
14944,-1.2697416624384668,-0.008298802814695066
14945,-1.2697416624506945,-0.008298802814695066
14946,-1.2697416624980367,-0.008298802814695066
14947,-1.269741662565878,-0.008298802814695066
14948,-1.2697416625882383,-0.008298802814695066
14949,-1.2697416626459512,-0.008298802814695066
14950,-1.269741662963431,-0.008298802814695066
14951,-1.2697416630855252,-0.008298802814695066
14952,-1.2697416631161778,-0.008298802814695066
14953,-1.26974166313931,-0.008298802814695066
14954,-1.2697416631454683,-0.008298802814695066
14955,-1.2697416633109981,-0.008298802814695066
14956,-1.2697416636540473,-0.008298802814695066
14957,-1.269741663696376,-0.008298802814695066
14958,-1.2697416637069625,-0.008298802814695066
14959,-1.2697416638202288,-0.008298802814695066
14960,-1.2697416638915129,-0.008298802814695066
14961,-1.2697416639357775,-0.008298802814695066
14962,-1.2697416639547732,-0.008298802814695066
14963,-1.2697416642100308,-0.008298802814695066
14964,-1.2697416642207457,-0.008298802814695066
14965,-1.2697416645186694,-0.008298802814695066
14966,-1.2697416645285367,-0.008298802814695066
14967,-1.2697416646532123,-0.008298802814695066
14968,-1.2697416647850885,-0.008298802814695066
14969,-1.2697416649287145,-0.008298802814695066
14970,-1.2697416649727893,-0.008298802814695066
14971,-1.269741665213869,-0.008298802814695066
14972,-1.269741665214463,-0.008298802814695066
14973,-1.2697416652685116,-0.008298802814695066
14974,-1.269741665644379,-0.008298802814695066
14975,-1.2697416657619554,-0.008298802814695066
14976,-1.2697416657851628,-0.008298802814695066
14977,-1.2697416658485705,-0.008298802814695066
14978,-1.269741666080779,-0.008298802814695066
14979,-1.2697416661728518,-0.008298802814695066
14980,-1.2697416662082759,-0.008298802814695066
14981,-1.2697416663333483,-0.008298802814695066
14982,-1.2697416665818768,-0.008298802814695066
14983,-1.2697416667541515,-0.008298802814695066
14984,-1.2697416667797001,-0.008298802814695066
14985,-1.2697416668138504,-0.008298802814695066
14986,-1.2697416668140442,-0.008298802814695066
14987,-1.269741666819624,-0.008298802814695066
14988,-1.2697416668442303,-0.008298802814695066
14989,-1.2697416668639605,-0.008298802814695066
14990,-1.2697416669016488,-0.008298802814695066
14991,-1.269741667087048,-0.008298802814695066
14992,-1.2697416674124942,-0.008298802814695066
14993,-1.2697416674965152,-0.008298802814695066
14994,-1.2697416675376423,-0.008298802814695066
14995,-1.2697416677162194,-0.008298802814695066
14996,-1.2697416677567084,-0.008298802814695066
14997,-1.2697416678087488,-0.008298802814695066
14998,-1.269741667841296,-0.008298802814695066
14999,-1.2697416680086098,-0.008298802814695066
15000,-1.2697416681418165,-0.008298802814695066
15001,-1.2697416681772182,-0.008298802814695066
15002,-1.2697416683537792,-0.008298802814695066
15003,-1.2697416683638532,-0.008298802814695066
15004,-1.2697416684438103,-0.008298802814695066
15005,-1.2697416685550298,-0.008298802814695066
15006,-1.269741668602922,-0.008298802814695066
15007,-1.2697416686193155,-0.008298802814695066
15008,-1.2697416686957226,-0.008298802814695066
15009,-1.2697416686960081,-0.008298802814695066
15010,-1.2697416688274112,-0.008298802814695066
15011,-1.2697416688549252,-0.008298802814695066
15012,-1.26974166892338,-0.008298802814695066
15013,-1.2697416689791177,-0.008298802814695066
15014,-1.2697416690806438,-0.008298802814695066
15015,-1.2697416691190664,-0.008298802814695066
15016,-1.2697416693225798,-0.008298802814695066
15017,-1.2697416693409078,-0.008298802814695066
15018,-1.2697416694916597,-0.008298802814695066
15019,-1.2697416694950356,-0.008298802814695066
15020,-1.2697416695420363,-0.008298802814695066
15021,-1.2697416696339092,-0.008298802814695066
15022,-1.2697416697761583,-0.008298802814695066
15023,-1.2697416698793735,-0.008298802814695066
15024,-1.2697416699924746,-0.008298802814695066
15025,-1.269741670008202,-0.008298802814695066
15026,-1.269741670134367,-0.008298802814695066
15027,-1.2697416702414286,-0.008298802814695066
15028,-1.2697416703881015,-0.008298802814695066
15029,-1.2697416705178814,-0.008298802814695066
15030,-1.2697416708005698,-0.008298802814695066
15031,-1.2697416708219755,-0.008298802814695066
15032,-1.2697416709152591,-0.008298802814695066
15033,-1.2697416710424043,-0.008298802814695066
15034,-1.2697416710469431,-0.008298802814695066
15035,-1.2697416710666953,-0.008298802814695066
15036,-1.2697416711697431,-0.008298802814695066
15037,-1.2697416711960563,-0.008298802814695066
15038,-1.269741671298743,-0.008298802814695066
15039,-1.269741671344733,-0.008298802814695066
15040,-1.269741671347073,-0.008298802814695066
15041,-1.2697416715037033,-0.008298802814695066
15042,-1.269741671509878,-0.008298802814695066
15043,-1.269741671519185,-0.008298802814695066
15044,-1.269741671624035,-0.008298802814695066
15045,-1.26974167165616,-0.008298802814695066
15046,-1.2697416717213406,-0.008298802814695066
15047,-1.2697416717291237,-0.008298802814695066
15048,-1.2697416717352428,-0.008298802814695066
15049,-1.2697416717903027,-0.008298802814695066
15050,-1.2697416719417849,-0.008298802814695066
15051,-1.2697416722735622,-0.008298802814695066
15052,-1.2697416726687454,-0.008298802814695066
15053,-1.26974167277401,-0.008298802814695066
15054,-1.2697416727859812,-0.008298802814695066
15055,-1.269741672794192,-0.008298802814695066
15056,-1.2697416730859625,-0.008298802814695066
15057,-1.2697416731466529,-0.008298802814695066
15058,-1.2697416731757905,-0.008298802814695066
15059,-1.2697416732899947,-0.008298802814695066
15060,-1.2697416733459188,-0.008298802814695066
15061,-1.2697416734143083,-0.008298802814695066
15062,-1.2697416734168958,-0.008298802814695066
15063,-1.2697416734597704,-0.008298802814695066
15064,-1.2697416735417966,-0.008298802814695066
15065,-1.2697416735801796,-0.008298802814695066
15066,-1.2697416736803833,-0.008298802814695066
15067,-1.2697416737413092,-0.008298802814695066
15068,-1.2697416738199545,-0.008298802814695066
15069,-1.269741673846401,-0.008298802814695066
15070,-1.2697416738540952,-0.008298802814695066
15071,-1.269741674100465,-0.008298802814695066
15072,-1.2697416741993237,-0.008298802814695066
15073,-1.269741674242199,-0.008298802814695066
15074,-1.269741674268353,-0.008298802814695066
15075,-1.269741674312212,-0.008298802814695066
15076,-1.2697416743318442,-0.008298802814695066
15077,-1.2697416743556158,-0.008298802814695066
15078,-1.269741674374719,-0.008298802814695066
15079,-1.269741674394004,-0.008298802814695066
15080,-1.269741674550479,-0.008298802814695066
15081,-1.2697416745984036,-0.008298802814695066
15082,-1.269741674710683,-0.008298802814695066
15083,-1.2697416747349728,-0.008298802814695066
15084,-1.2697416749080324,-0.008298802814695066
15085,-1.2697416749225874,-0.008298802814695066
15086,-1.2697416749272774,-0.008298802814695066
15087,-1.2697416749872192,-0.008298802814695066
15088,-1.269741675265682,-0.008298802814695066
15089,-1.269741675380322,-0.008298802814695066
15090,-1.2697416754101112,-0.008298802814695066
15091,-1.269741675495729,-0.008298802814695066
15092,-1.2697416755122386,-0.008298802814695066
15093,-1.2697416755175774,-0.008298802814695066
15094,-1.2697416755218116,-0.008298802814695066
15095,-1.2697416755370607,-0.008298802814695066
15096,-1.2697416755454225,-0.008298802814695066
15097,-1.2697416757118756,-0.008298802814695066
15098,-1.2697416757690752,-0.008298802814695066
15099,-1.2697416757852578,-0.008298802814695066
15100,-1.2697416758649895,-0.008298802814695066
15101,-1.2697416758917346,-0.008298802814695066
15102,-1.2697416758988054,-0.008298802814695066
15103,-1.2697416759158346,-0.008298802814695066
15104,-1.2697416759879434,-0.008298802814695066
15105,-1.2697416759984725,-0.008298802814695066
15106,-1.269741676055402,-0.008298802814695066
15107,-1.2697416764008773,-0.008298802814695066
15108,-1.2697416765017042,-0.008298802814695066
15109,-1.2697416766806267,-0.008298802814695066
15110,-1.2697416766941856,-0.008298802814695066
15111,-1.269741676709922,-0.008298802814695066
15112,-1.2697416768528396,-0.008298802814695066
15113,-1.2697416768625847,-0.008298802814695066
15114,-1.269741676907899,-0.008298802814695066
15115,-1.269741676967246,-0.008298802814695066
15116,-1.2697416770366314,-0.008298802814695066
15117,-1.2697416771657055,-0.008298802814695066
15118,-1.2697416771915226,-0.008298802814695066
15119,-1.2697416774753625,-0.008298802814695066
15120,-1.269741677602648,-0.008298802814695066
15121,-1.2697416776059733,-0.008298802814695066
15122,-1.269741677718034,-0.008298802814695066
15123,-1.269741678062669,-0.008298802814695066
15124,-1.2697416781363557,-0.008298802814695066
15125,-1.2697416781922795,-0.008298802814695066
15126,-1.2697416781925006,-0.008298802814695066
15127,-1.2697416782095579,-0.008298802814695066
15128,-1.2697416782169713,-0.008298802814695066
15129,-1.2697416782181197,-0.008298802814695066
15130,-1.269741678343093,-0.008298802814695066
15131,-1.2697416785016122,-0.008298802814695066
15132,-1.2697416785635611,-0.008298802814695066
15133,-1.2697416786827769,-0.008298802814695066
15134,-1.269741678710009,-0.008298802814695066
15135,-1.2697416787835785,-0.008298802814695066
15136,-1.2697416788269817,-0.008298802814695066
15137,-1.2697416790165885,-0.008298802814695066
15138,-1.2697416790305862,-0.008298802814695066
15139,-1.269741679152799,-0.008298802814695066
15140,-1.2697416792885676,-0.008298802814695066
15141,-1.2697416794415302,-0.008298802814695066
15142,-1.2697416797569474,-0.008298802814695066
15143,-1.2697416798204697,-0.008298802814695066
15144,-1.2697416798708916,-0.008298802814695066
15145,-1.2697416801015566,-0.008298802814695066
15146,-1.2697416801365429,-0.008298802814695066
15147,-1.2697416801876062,-0.008298802814695066
15148,-1.26974168019319,-0.008298802814695066
15149,-1.2697416803362909,-0.008298802814695066
15150,-1.2697416804373225,-0.008298802814695066
15151,-1.2697416804408685,-0.008298802814695066
15152,-1.2697416804991117,-0.008298802814695066
15153,-1.2697416805780566,-0.008298802814695066
15154,-1.2697416806546458,-0.008298802814695066
15155,-1.2697416806703066,-0.008298802814695066
15156,-1.2697416807817858,-0.008298802814695066
15157,-1.2697416808285382,-0.008298802814695066
15158,-1.2697416810207338,-0.008298802814695066
15159,-1.2697416810255489,-0.008298802814695066
15160,-1.2697416811055664,-0.008298802814695066
15161,-1.2697416811287785,-0.008298802814695066
15162,-1.2697416811298057,-0.008298802814695066
15163,-1.2697416812191442,-0.008298802814695066
15164,-1.2697416812234654,-0.008298802814695066
15165,-1.2697416813356939,-0.008298802814695066
15166,-1.2697416814792724,-0.008298802814695066
15167,-1.269741681546235,-0.008298802814695066
15168,-1.269741681554176,-0.008298802814695066
15169,-1.2697416816669143,-0.008298802814695066
15170,-1.269741682047247,-0.008298802814695066
15171,-1.2697416820967837,-0.008298802814695066
15172,-1.2697416824458634,-0.008298802814695066
15173,-1.2697416824592132,-0.008298802814695066
15174,-1.2697416824730043,-0.008298802814695066
15175,-1.2697416825592964,-0.008298802814695066
15176,-1.269741682857682,-0.008298802814695066
15177,-1.269741682912886,-0.008298802814695066
15178,-1.2697416829360217,-0.008298802814695066
15179,-1.2697416829864618,-0.008298802814695066
15180,-1.26974168299438,-0.008298802814695066
15181,-1.2697416832439705,-0.008298802814695066
15182,-1.269741683256596,-0.008298802814695066
15183,-1.2697416833207058,-0.008298802814695066
15184,-1.2697416833844866,-0.008298802814695066
15185,-1.2697416835163748,-0.008298802814695066
15186,-1.2697416837009177,-0.008298802814695066
15187,-1.269741683771747,-0.008298802814695066
15188,-1.2697416839017162,-0.008298802814695066
15189,-1.2697416839257096,-0.008298802814695066
15190,-1.2697416840198392,-0.008298802814695066
15191,-1.269741684036431,-0.008298802814695066
15192,-1.2697416840644893,-0.008298802814695066
15193,-1.269741684099407,-0.008298802814695066
15194,-1.269741684114507,-0.008298802814695066
15195,-1.2697416841770996,-0.008298802814695066
15196,-1.269741684213016,-0.008298802814695066
15197,-1.2697416842256215,-0.008298802814695066
15198,-1.2697416842261173,-0.008298802814695066
15199,-1.269741684344583,-0.008298802814695066
15200,-1.2697416846164664,-0.008298802814695066
15201,-1.2697416846993514,-0.008298802814695066
15202,-1.2697416850655487,-0.008298802814695066
15203,-1.2697416851058565,-0.008298802814695066
15204,-1.2697416851599859,-0.008298802814695066
15205,-1.2697416852053045,-0.008298802814695066
15206,-1.2697416852606587,-0.008298802814695066
15207,-1.269741685267113,-0.008298802814695066
15208,-1.2697416853315908,-0.008298802814695066
15209,-1.2697416854095387,-0.008298802814695066
15210,-1.2697416854824053,-0.008298802814695066
15211,-1.2697416855399544,-0.008298802814695066
15212,-1.2697416855941661,-0.008298802814695066
15213,-1.2697416857490873,-0.008298802814695066
15214,-1.2697416859922388,-0.008298802814695066
15215,-1.2697416860319692,-0.008298802814695066
15216,-1.26974168605364,-0.008298802814695066
15217,-1.2697416860593984,-0.008298802814695066
15218,-1.2697416861701758,-0.008298802814695066
15219,-1.269741686172996,-0.008298802814695066
15220,-1.2697416862020403,-0.008298802814695066
15221,-1.2697416863133397,-0.008298802814695066
15222,-1.269741686386193,-0.008298802814695066
15223,-1.269741686401682,-0.008298802814695066
15224,-1.269741686471787,-0.008298802814695066
15225,-1.2697416864963424,-0.008298802814695066
15226,-1.2697416865426614,-0.008298802814695066
15227,-1.2697416866500335,-0.008298802814695066
15228,-1.2697416866800104,-0.008298802814695066
15229,-1.2697416866895044,-0.008298802814695066
15230,-1.2697416867577664,-0.008298802814695066
15231,-1.2697416867960816,-0.008298802814695066
15232,-1.2697416869795148,-0.008298802814695066
15233,-1.2697416870275335,-0.008298802814695066
15234,-1.2697416870809304,-0.008298802814695066
15235,-1.269741687117774,-0.008298802814695066
15236,-1.2697416872328398,-0.008298802814695066
15237,-1.269741687270228,-0.008298802814695066
15238,-1.2697416872711276,-0.008298802814695066
15239,-1.2697416876382228,-0.008298802814695066
15240,-1.2697416876459522,-0.008298802814695066
15241,-1.269741687665834,-0.008298802814695066
15242,-1.269741687798176,-0.008298802814695066
15243,-1.2697416878445853,-0.008298802814695066
15244,-1.269741687927749,-0.008298802814695066
15245,-1.2697416880424959,-0.008298802814695066
15246,-1.2697416881357992,-0.008298802814695066
15247,-1.2697416882362975,-0.008298802814695066
15248,-1.2697416882595658,-0.008298802814695066
15249,-1.2697416882964783,-0.008298802814695066
15250,-1.269741688298586,-0.008298802814695066
15251,-1.2697416883216797,-0.008298802814695066
15252,-1.2697416883417583,-0.008298802814695066
15253,-1.2697416886755177,-0.008298802814695066
15254,-1.2697416888605835,-0.008298802814695066
15255,-1.2697416889755186,-0.008298802814695066
15256,-1.2697416890364144,-0.008298802814695066
15257,-1.2697416893403912,-0.008298802814695066
15258,-1.2697416893543445,-0.008298802814695066
15259,-1.2697416893812485,-0.008298802814695066
15260,-1.2697416896044784,-0.008298802814695066
15261,-1.2697416897563447,-0.008298802814695066
15262,-1.269741689765053,-0.008298802814695066
15263,-1.2697416898169884,-0.008298802814695066
15264,-1.2697416898768505,-0.008298802814695066
15265,-1.2697416898941896,-0.008298802814695066
15266,-1.2697416900124,-0.008298802814695066
15267,-1.2697416900747391,-0.008298802814695066
15268,-1.2697416900885017,-0.008298802814695066
15269,-1.269741690121637,-0.008298802814695066
15270,-1.2697416901777618,-0.008298802814695066
15271,-1.2697416902242795,-0.008298802814695066
15272,-1.2697416902768894,-0.008298802814695066
15273,-1.2697416903073142,-0.008298802814695066
15274,-1.2697416903136376,-0.008298802814695066
15275,-1.26974169055448,-0.008298802814695066
15276,-1.2697416906178114,-0.008298802814695066
15277,-1.2697416906560826,-0.008298802814695066
15278,-1.2697416906792336,-0.008298802814695066
15279,-1.2697416908769892,-0.008298802814695066
15280,-1.2697416909571235,-0.008298802814695066
15281,-1.2697416910584365,-0.008298802814695066
15282,-1.2697416910864237,-0.008298802814695066
15283,-1.2697416911018689,-0.008298802814695066
15284,-1.269741691139472,-0.008298802814695066
15285,-1.269741691229932,-0.008298802814695066
15286,-1.2697416912766906,-0.008298802814695066
15287,-1.269741691328294,-0.008298802814695066
15288,-1.2697416914271749,-0.008298802814695066
15289,-1.2697416914386264,-0.008298802814695066
15290,-1.2697416915216007,-0.008298802814695066
15291,-1.269741691617997,-0.008298802814695066
15292,-1.2697416916810198,-0.008298802814695066
15293,-1.2697416917701765,-0.008298802814695066
15294,-1.2697416917875581,-0.008298802814695066
15295,-1.2697416917929583,-0.008298802814695066
15296,-1.2697416918304376,-0.008298802814695066
15297,-1.269741691864826,-0.008298802814695066
15298,-1.269741691868705,-0.008298802814695066
15299,-1.2697416918929871,-0.008298802814695066
15300,-1.269741691952101,-0.008298802814695066
15301,-1.2697416919896982,-0.008298802814695066
15302,-1.269741692034299,-0.008298802814695066
15303,-1.2697416920436737,-0.008298802814695066
15304,-1.2697416920553473,-0.008298802814695066
15305,-1.2697416921421958,-0.008298802814695066
15306,-1.2697416922945508,-0.008298802814695066
15307,-1.2697416924113003,-0.008298802814695066
15308,-1.2697416925271772,-0.008298802814695066
15309,-1.2697416925691125,-0.008298802814695066
15310,-1.2697416925943794,-0.008298802814695066
15311,-1.2697416926638274,-0.008298802814695066
15312,-1.2697416927697711,-0.008298802814695066
15313,-1.2697416927974878,-0.008298802814695066
15314,-1.2697416928899554,-0.008298802814695066
15315,-1.2697416928925613,-0.008298802814695066
15316,-1.2697416929797347,-0.008298802814695066
15317,-1.2697416930111554,-0.008298802814695066
15318,-1.2697416930361802,-0.008298802814695066
15319,-1.2697416931071708,-0.008298802814695066
15320,-1.2697416931610204,-0.008298802814695066
15321,-1.269741693217446,-0.008298802814695066
15322,-1.2697416932652896,-0.008298802814695066
15323,-1.2697416933155106,-0.008298802814695066
15324,-1.269741693334299,-0.008298802814695066
15325,-1.2697416933506835,-0.008298802814695066
15326,-1.2697416933648806,-0.008298802814695066
15327,-1.269741693378125,-0.008298802814695066
15328,-1.2697416934519528,-0.008298802814695066
15329,-1.2697416934717136,-0.008298802814695066
15330,-1.2697416936426218,-0.008298802814695066
15331,-1.2697416937280759,-0.008298802814695066
15332,-1.2697416937720771,-0.008298802814695066
15333,-1.269741693796503,-0.008298802814695066
15334,-1.2697416937980612,-0.008298802814695066
15335,-1.2697416938294288,-0.008298802814695066
15336,-1.2697416939319945,-0.008298802814695066
15337,-1.269741693944963,-0.008298802814695066
15338,-1.2697416941282111,-0.008298802814695066
15339,-1.2697416942339996,-0.008298802814695066
15340,-1.2697416943026019,-0.008298802814695066
15341,-1.2697416943152653,-0.008298802814695066
15342,-1.2697416943383995,-0.008298802814695066
15343,-1.2697416943790627,-0.008298802814695066
15344,-1.2697416943883082,-0.008298802814695066
15345,-1.269741694429191,-0.008298802814695066
15346,-1.2697416944965765,-0.008298802814695066
15347,-1.2697416945620565,-0.008298802814695066
15348,-1.2697416945635598,-0.008298802814695066
15349,-1.2697416947431264,-0.008298802814695066
15350,-1.2697416948537796,-0.008298802814695066
15351,-1.2697416948733498,-0.008298802814695066
15352,-1.2697416948937716,-0.008298802814695066
15353,-1.269741694968931,-0.008298802814695066
15354,-1.2697416949762317,-0.008298802814695066
15355,-1.2697416949880007,-0.008298802814695066
15356,-1.2697416950499971,-0.008298802814695066
15357,-1.2697416950978542,-0.008298802814695066
15358,-1.2697416951056617,-0.008298802814695066
15359,-1.269741695138662,-0.008298802814695066
15360,-1.2697416951817422,-0.008298802814695066
15361,-1.269741695329985,-0.008298802814695066
15362,-1.2697416953957308,-0.008298802814695066
15363,-1.269741695923279,-0.008298802814695066
15364,-1.2697416959341123,-0.008298802814695066
15365,-1.2697416959726842,-0.008298802814695066
15366,-1.2697416959728252,-0.008298802814695066
15367,-1.2697416959951224,-0.008298802814695066
15368,-1.2697416960714802,-0.008298802814695066
15369,-1.2697416960846906,-0.008298802814695066
15370,-1.2697416961094867,-0.008298802814695066
15371,-1.2697416962164385,-0.008298802814695066
15372,-1.2697416963800867,-0.008298802814695066
15373,-1.2697416964267174,-0.008298802814695066
15374,-1.2697416964372472,-0.008298802814695066
15375,-1.2697416964795127,-0.008298802814695066
15376,-1.269741696606808,-0.008298802814695066
15377,-1.2697416966443493,-0.008298802814695066
15378,-1.269741696664573,-0.008298802814695066
15379,-1.2697416968872675,-0.008298802814695066
15380,-1.269741697002112,-0.008298802814695066
15381,-1.2697416972898077,-0.008298802814695066
15382,-1.2697416973257862,-0.008298802814695066
15383,-1.2697416973572038,-0.008298802814695066
15384,-1.2697416973879088,-0.008298802814695066
15385,-1.2697416974492202,-0.008298802814695066
15386,-1.2697416975860283,-0.008298802814695066
15387,-1.2697416976347193,-0.008298802814695066
15388,-1.269741697678329,-0.008298802814695066
15389,-1.269741697688902,-0.008298802814695066
15390,-1.2697416977062888,-0.008298802814695066
15391,-1.269741697709259,-0.008298802814695066
15392,-1.2697416977705798,-0.008298802814695066
15393,-1.2697416979691705,-0.008298802814695066
15394,-1.269741697996224,-0.008298802814695066
15395,-1.2697416980314074,-0.008298802814695066
15396,-1.269741698090732,-0.008298802814695066
15397,-1.26974169822022,-0.008298802814695066
15398,-1.2697416983158027,-0.008298802814695066
15399,-1.2697416983396108,-0.008298802814695066
15400,-1.2697416983792849,-0.008298802814695066
15401,-1.2697416984630712,-0.008298802814695066
15402,-1.2697416984957135,-0.008298802814695066
15403,-1.2697416985728878,-0.008298802814695066
15404,-1.2697416986045447,-0.008298802814695066
15405,-1.269741698610013,-0.008298802814695066
15406,-1.2697416987771866,-0.008298802814695066
15407,-1.269741698795087,-0.008298802814695066
15408,-1.2697416988440893,-0.008298802814695066
15409,-1.2697416989730463,-0.008298802814695066
15410,-1.269741699014944,-0.008298802814695066
15411,-1.269741699041202,-0.008298802814695066
15412,-1.2697416991200017,-0.008298802814695066
15413,-1.2697416991247976,-0.008298802814695066
15414,-1.2697416991434056,-0.008298802814695066
15415,-1.2697416991463712,-0.008298802814695066
15416,-1.2697416991550068,-0.008298802814695066
15417,-1.2697416992320099,-0.008298802814695066
15418,-1.2697416992455584,-0.008298802814695066
15419,-1.2697416992780635,-0.008298802814695066
15420,-1.2697416993108648,-0.008298802814695066
15421,-1.2697416993609687,-0.008298802814695066
15422,-1.2697416993788075,-0.008298802814695066
15423,-1.2697416994358808,-0.008298802814695066
15424,-1.2697416994384658,-0.008298802814695066
15425,-1.2697416995065618,-0.008298802814695066
15426,-1.269741699646453,-0.008298802814695066
15427,-1.269741699740822,-0.008298802814695066
15428,-1.2697416997651172,-0.008298802814695066
15429,-1.2697416997884412,-0.008298802814695066
15430,-1.2697416998479212,-0.008298802814695066
15431,-1.2697416998860727,-0.008298802814695066
15432,-1.2697416998896611,-0.008298802814695066
15433,-1.2697416999589857,-0.008298802814695066
15434,-1.269741700033641,-0.008298802814695066
15435,-1.2697417000590812,-0.008298802814695066
15436,-1.2697417001829387,-0.008298802814695066
15437,-1.269741700317145,-0.008298802814695066
15438,-1.26974170032,-0.008298802814695066
15439,-1.2697417003829061,-0.008298802814695066
15440,-1.2697417006108178,-0.008298802814695066
15441,-1.269741700636644,-0.008298802814695066
15442,-1.2697417006528149,-0.008298802814695066
15443,-1.2697417006575251,-0.008298802814695066
15444,-1.2697417006696703,-0.008298802814695066
15445,-1.2697417006877154,-0.008298802814695066
15446,-1.269741700716922,-0.008298802814695066
15447,-1.2697417007245255,-0.008298802814695066
15448,-1.2697417008223277,-0.008298802814695066
15449,-1.2697417008455836,-0.008298802814695066
15450,-1.2697417009896337,-0.008298802814695066
15451,-1.2697417010242535,-0.008298802814695066
15452,-1.2697417010658167,-0.008298802814695066
15453,-1.2697417011016707,-0.008298802814695066
15454,-1.2697417011825847,-0.008298802814695066
15455,-1.2697417012056547,-0.008298802814695066
15456,-1.269741701224042,-0.008298802814695066
15457,-1.2697417012264665,-0.008298802814695066
15458,-1.2697417012632266,-0.008298802814695066
15459,-1.2697417013091499,-0.008298802814695066
15460,-1.2697417013907537,-0.008298802814695066
15461,-1.269741701416772,-0.008298802814695066
15462,-1.2697417014591772,-0.008298802814695066
15463,-1.2697417015872627,-0.008298802814695066
15464,-1.2697417016618684,-0.008298802814695066
15465,-1.2697417016784787,-0.008298802814695066
15466,-1.2697417017856234,-0.008298802814695066
15467,-1.2697417017967814,-0.008298802814695066
15468,-1.2697417019324257,-0.008298802814695066
15469,-1.2697417019456785,-0.008298802814695066
15470,-1.269741702024938,-0.008298802814695066
15471,-1.2697417021075275,-0.008298802814695066
15472,-1.2697417021481199,-0.008298802814695066
15473,-1.2697417021563862,-0.008298802814695066
15474,-1.2697417021619761,-0.008298802814695066
15475,-1.2697417021889223,-0.008298802814695066
15476,-1.2697417021933564,-0.008298802814695066
15477,-1.269741702294849,-0.008298802814695066
15478,-1.2697417023230118,-0.008298802814695066
15479,-1.269741702341815,-0.008298802814695066
15480,-1.2697417023617652,-0.008298802814695066
15481,-1.2697417025696554,-0.008298802814695066
15482,-1.2697417026455584,-0.008298802814695066
15483,-1.26974170265659,-0.008298802814695066
15484,-1.2697417028014093,-0.008298802814695066
15485,-1.2697417028679179,-0.008298802814695066
15486,-1.2697417028876514,-0.008298802814695066
15487,-1.2697417029013103,-0.008298802814695066
15488,-1.269741702903915,-0.008298802814695066
15489,-1.2697417029077567,-0.008298802814695066
15490,-1.269741703093241,-0.008298802814695066
15491,-1.269741703095733,-0.008298802814695066
15492,-1.2697417032872176,-0.008298802814695066
15493,-1.2697417033208664,-0.008298802814695066
15494,-1.2697417034061274,-0.008298802814695066
15495,-1.2697417034334768,-0.008298802814695066
15496,-1.2697417034772966,-0.008298802814695066
15497,-1.269741703522487,-0.008298802814695066
15498,-1.2697417035435143,-0.008298802814695066
15499,-1.2697417035620782,-0.008298802814695066
15500,-1.2697417036012222,-0.008298802814695066
15501,-1.2697417036381438,-0.008298802814695066
15502,-1.269741703656154,-0.008298802814695066
15503,-1.2697417037156147,-0.008298802814695066
15504,-1.269741703717192,-0.008298802814695066
15505,-1.2697417037401868,-0.008298802814695066
15506,-1.2697417037505467,-0.008298802814695066
15507,-1.2697417037635534,-0.008298802814695066
15508,-1.26974170389985,-0.008298802814695066
15509,-1.2697417039385195,-0.008298802814695066
15510,-1.2697417039952592,-0.008298802814695066
15511,-1.269741704005338,-0.008298802814695066
15512,-1.2697417040500656,-0.008298802814695066
15513,-1.2697417040588705,-0.008298802814695066
15514,-1.269741704226383,-0.008298802814695066
15515,-1.26974170423114,-0.008298802814695066
15516,-1.269741704250547,-0.008298802814695066
15517,-1.2697417042516643,-0.008298802814695066
15518,-1.2697417042863337,-0.008298802814695066
15519,-1.2697417043377812,-0.008298802814695066
15520,-1.26974170434469,-0.008298802814695066
15521,-1.269741704411885,-0.008298802814695066
15522,-1.269741704520933,-0.008298802814695066
15523,-1.2697417046216581,-0.008298802814695066
15524,-1.269741704628326,-0.008298802814695066
15525,-1.2697417046837396,-0.008298802814695066
15526,-1.269741704694133,-0.008298802814695066
15527,-1.2697417047687387,-0.008298802814695066
15528,-1.269741704788347,-0.008298802814695066
15529,-1.269741704834428,-0.008298802814695066
15530,-1.2697417048489987,-0.008298802814695066
15531,-1.269741705062002,-0.008298802814695066
15532,-1.2697417051837547,-0.008298802814695066
15533,-1.2697417051927713,-0.008298802814695066
15534,-1.2697417052581432,-0.008298802814695066
15535,-1.2697417052910231,-0.008298802814695066
15536,-1.2697417053679836,-0.008298802814695066
15537,-1.269741705372784,-0.008298802814695066
15538,-1.2697417054117612,-0.008298802814695066
15539,-1.2697417054354587,-0.008298802814695066
15540,-1.2697417054973898,-0.008298802814695066
15541,-1.269741705717578,-0.008298802814695066
15542,-1.2697417057616405,-0.008298802814695066
15543,-1.2697417057719793,-0.008298802814695066
15544,-1.2697417059119036,-0.008298802814695066
15545,-1.269741705912664,-0.008298802814695066
15546,-1.2697417059172666,-0.008298802814695066
15547,-1.26974170593127,-0.008298802814695066
15548,-1.269741705935776,-0.008298802814695066
15549,-1.2697417059692326,-0.008298802814695066
15550,-1.269741705992671,-0.008298802814695066
15551,-1.2697417059987186,-0.008298802814695066
15552,-1.2697417060560314,-0.008298802814695066
15553,-1.2697417061345648,-0.008298802814695066
15554,-1.2697417061812657,-0.008298802814695066
15555,-1.2697417061815326,-0.008298802814695066
15556,-1.2697417062206684,-0.008298802814695066
15557,-1.269741706227056,-0.008298802814695066
15558,-1.2697417062673684,-0.008298802814695066
15559,-1.2697417062954806,-0.008298802814695066
15560,-1.2697417062964453,-0.008298802814695066
15561,-1.26974170630021,-0.008298802814695066
15562,-1.2697417064515228,-0.008298802814695066
15563,-1.269741706500298,-0.008298802814695066
15564,-1.2697417065238912,-0.008298802814695066
15565,-1.2697417066521275,-0.008298802814695066
15566,-1.269741706661006,-0.008298802814695066
15567,-1.2697417067159278,-0.008298802814695066
15568,-1.2697417067435863,-0.008298802814695066
15569,-1.2697417067536854,-0.008298802814695066
15570,-1.2697417067820158,-0.008298802814695066
15571,-1.2697417068672365,-0.008298802814695066
15572,-1.2697417070945867,-0.008298802814695066
15573,-1.2697417071301187,-0.008298802814695066
15574,-1.26974170718063,-0.008298802814695066
15575,-1.2697417071988082,-0.008298802814695066
15576,-1.2697417072746449,-0.008298802814695066
15577,-1.269741707342196,-0.008298802814695066
15578,-1.2697417073526607,-0.008298802814695066
15579,-1.2697417075776425,-0.008298802814695066
15580,-1.269741707587928,-0.008298802814695066
15581,-1.2697417075985,-0.008298802814695066
15582,-1.2697417076092583,-0.008298802814695066
15583,-1.269741707649111,-0.008298802814695066
15584,-1.2697417077021016,-0.008298802814695066
15585,-1.2697417078224902,-0.008298802814695066
15586,-1.2697417078256408,-0.008298802814695066
15587,-1.2697417078887916,-0.008298802814695066
15588,-1.2697417079300293,-0.008298802814695066
15589,-1.2697417080076063,-0.008298802814695066
15590,-1.269741708022349,-0.008298802814695066
15591,-1.2697417080734126,-0.008298802814695066
15592,-1.2697417080768905,-0.008298802814695066
15593,-1.269741708172499,-0.008298802814695066
15594,-1.2697417081963254,-0.008298802814695066
15595,-1.2697417081975337,-0.008298802814695066
15596,-1.2697417082582652,-0.008298802814695066
15597,-1.2697417083042333,-0.008298802814695066
15598,-1.2697417083671911,-0.008298802814695066
15599,-1.269741708379465,-0.008298802814695066
15600,-1.2697417084706082,-0.008298802814695066
15601,-1.2697417085208706,-0.008298802814695066
15602,-1.2697417087120904,-0.008298802814695066
15603,-1.2697417087257272,-0.008298802814695066
15604,-1.26974170873018,-0.008298802814695066
15605,-1.2697417087304788,-0.008298802814695066
15606,-1.26974170876387,-0.008298802814695066
15607,-1.2697417087868395,-0.008298802814695066
15608,-1.269741708791871,-0.008298802814695066
15609,-1.2697417089121046,-0.008298802814695066
15610,-1.269741708926753,-0.008298802814695066
15611,-1.269741708952324,-0.008298802814695066
15612,-1.2697417090060792,-0.008298802814695066
15613,-1.269741709013265,-0.008298802814695066
15614,-1.269741709022082,-0.008298802814695066
15615,-1.2697417090268224,-0.008298802814695066
15616,-1.2697417090276624,-0.008298802814695066
15617,-1.2697417090787315,-0.008298802814695066
15618,-1.2697417091244843,-0.008298802814695066
15619,-1.2697417091321375,-0.008298802814695066
15620,-1.269741709143507,-0.008298802814695066
15621,-1.2697417091721723,-0.008298802814695066
15622,-1.2697417091977357,-0.008298802814695066
15623,-1.2697417092567185,-0.008298802814695066
15624,-1.269741709295752,-0.008298802814695066
15625,-1.2697417093328742,-0.008298802814695066
15626,-1.269741709425985,-0.008298802814695066
15627,-1.269741709510515,-0.008298802814695066
15628,-1.269741709532304,-0.008298802814695066
15629,-1.2697417095919896,-0.008298802814695066
15630,-1.269741709598636,-0.008298802814695066
15631,-1.269741709599723,-0.008298802814695066
15632,-1.269741709606921,-0.008298802814695066
15633,-1.2697417097053614,-0.008298802814695066
15634,-1.2697417097821986,-0.008298802814695066
15635,-1.2697417098180899,-0.008298802814695066
15636,-1.2697417098315946,-0.008298802814695066
15637,-1.2697417098869261,-0.008298802814695066
15638,-1.269741709906183,-0.008298802814695066
15639,-1.2697417099764237,-0.008298802814695066
15640,-1.2697417099776178,-0.008298802814695066
15641,-1.2697417100308086,-0.008298802814695066
15642,-1.2697417100567034,-0.008298802814695066
15643,-1.2697417100570236,-0.008298802814695066
15644,-1.2697417100832649,-0.008298802814695066
15645,-1.269741710093956,-0.008298802814695066
15646,-1.2697417101024926,-0.008298802814695066
15647,-1.269741710113256,-0.008298802814695066
15648,-1.2697417101729194,-0.008298802814695066
15649,-1.2697417102610633,-0.008298802814695066
15650,-1.269741710268144,-0.008298802814695066
15651,-1.26974171032934,-0.008298802814695066
15652,-1.2697417103920166,-0.008298802814695066
15653,-1.2697417103948827,-0.008298802814695066
15654,-1.2697417104139381,-0.008298802814695066
15655,-1.2697417104920565,-0.008298802814695066
15656,-1.2697417105466804,-0.008298802814695066
15657,-1.2697417105786841,-0.008298802814695066
15658,-1.2697417106495479,-0.008298802814695066
15659,-1.2697417106883315,-0.008298802814695066
15660,-1.269741710706982,-0.008298802814695066
15661,-1.2697417107180384,-0.008298802814695066
15662,-1.2697417107230806,-0.008298802814695066
15663,-1.269741710789155,-0.008298802814695066
15664,-1.2697417108045492,-0.008298802814695066
15665,-1.2697417108233449,-0.008298802814695066
15666,-1.2697417108308233,-0.008298802814695066
15667,-1.2697417108418794,-0.008298802814695066
15668,-1.2697417108456848,-0.008298802814695066
15669,-1.2697417108492388,-0.008298802814695066
15670,-1.26974171088091,-0.008298802814695066
15671,-1.269741710993661,-0.008298802814695066
15672,-1.2697417110243188,-0.008298802814695066
15673,-1.2697417111556992,-0.008298802814695066
15674,-1.2697417112200233,-0.008298802814695066
15675,-1.2697417112474243,-0.008298802814695066
15676,-1.269741711294721,-0.008298802814695066
15677,-1.2697417114338356,-0.008298802814695066
15678,-1.2697417114380738,-0.008298802814695066
15679,-1.2697417114498384,-0.008298802814695066
15680,-1.2697417114615288,-0.008298802814695066
15681,-1.2697417114851364,-0.008298802814695066
15682,-1.2697417114881422,-0.008298802814695066
15683,-1.2697417115624992,-0.008298802814695066
15684,-1.2697417115815948,-0.008298802814695066
15685,-1.2697417115901444,-0.008298802814695066
15686,-1.269741711620426,-0.008298802814695066
15687,-1.269741711668118,-0.008298802814695066
15688,-1.2697417116762013,-0.008298802814695066
15689,-1.269741711754236,-0.008298802814695066
15690,-1.2697417118082892,-0.008298802814695066
15691,-1.269741711827699,-0.008298802814695066
15692,-1.2697417119251622,-0.008298802814695066
15693,-1.2697417119975667,-0.008298802814695066
15694,-1.269741712077969,-0.008298802814695066
15695,-1.2697417120862033,-0.008298802814695066
15696,-1.269741712150181,-0.008298802814695066
15697,-1.2697417121594148,-0.008298802814695066
15698,-1.26974171217691,-0.008298802814695066
15699,-1.2697417122027483,-0.008298802814695066
15700,-1.269741712214657,-0.008298802814695066
15701,-1.2697417122813968,-0.008298802814695066
15702,-1.2697417123069576,-0.008298802814695066
15703,-1.2697417123167307,-0.008298802814695066
15704,-1.2697417123256263,-0.008298802814695066
15705,-1.269741712334282,-0.008298802814695066
15706,-1.2697417123502512,-0.008298802814695066
15707,-1.269741712365862,-0.008298802814695066
15708,-1.2697417124078638,-0.008298802814695066
15709,-1.2697417124081833,-0.008298802814695066
15710,-1.269741712561061,-0.008298802814695066
15711,-1.2697417125620147,-0.008298802814695066
15712,-1.2697417125989294,-0.008298802814695066
15713,-1.2697417126012125,-0.008298802814695066
15714,-1.2697417126043933,-0.008298802814695066
15715,-1.2697417126078987,-0.008298802814695066
15716,-1.2697417126177608,-0.008298802814695066
15717,-1.2697417126388995,-0.008298802814695066
15718,-1.2697417126433581,-0.008298802814695066
15719,-1.2697417126781436,-0.008298802814695066
15720,-1.2697417127402282,-0.008298802814695066
15721,-1.269741712806732,-0.008298802814695066
15722,-1.2697417128772377,-0.008298802814695066
15723,-1.2697417129031536,-0.008298802814695066
15724,-1.269741712922016,-0.008298802814695066
15725,-1.2697417130139597,-0.008298802814695066
15726,-1.2697417130766333,-0.008298802814695066
15727,-1.2697417131079658,-0.008298802814695066
15728,-1.2697417131561917,-0.008298802814695066
15729,-1.269741713279219,-0.008298802814695066
15730,-1.2697417132993016,-0.008298802814695066
15731,-1.2697417134683038,-0.008298802814695066
15732,-1.2697417135459772,-0.008298802814695066
15733,-1.26974171362452,-0.008298802814695066
15734,-1.2697417137805982,-0.008298802814695066
15735,-1.2697417137951499,-0.008298802814695066
15736,-1.2697417138004528,-0.008298802814695066
15737,-1.2697417138203853,-0.008298802814695066
15738,-1.26974171383688,-0.008298802814695066
15739,-1.2697417138700424,-0.008298802814695066
15740,-1.2697417139282252,-0.008298802814695066
15741,-1.2697417139307283,-0.008298802814695066
15742,-1.269741714062513,-0.008298802814695066
15743,-1.2697417141173333,-0.008298802814695066
15744,-1.2697417141208156,-0.008298802814695066
15745,-1.269741714158204,-0.008298802814695066
15746,-1.2697417141695448,-0.008298802814695066
15747,-1.2697417142555094,-0.008298802814695066
15748,-1.2697417142587417,-0.008298802814695066
15749,-1.2697417142660616,-0.008298802814695066
15750,-1.269741714270704,-0.008298802814695066
15751,-1.2697417142811447,-0.008298802814695066
15752,-1.2697417142814067,-0.008298802814695066
15753,-1.2697417143250656,-0.008298802814695066
15754,-1.269741714359543,-0.008298802814695066
15755,-1.2697417143674259,-0.008298802814695066
15756,-1.2697417144524459,-0.008298802814695066
15757,-1.2697417144631336,-0.008298802814695066
15758,-1.2697417144757916,-0.008298802814695066
15759,-1.2697417144913887,-0.008298802814695066
15760,-1.2697417145427796,-0.008298802814695066
15761,-1.2697417145758332,-0.008298802814695066
15762,-1.2697417146537524,-0.008298802814695066
15763,-1.2697417146585501,-0.008298802814695066
15764,-1.2697417146709562,-0.008298802814695066
15765,-1.2697417147188825,-0.008298802814695066
15766,-1.269741714776328,-0.008298802814695066
15767,-1.269741714808951,-0.008298802814695066
15768,-1.2697417148433483,-0.008298802814695066
15769,-1.2697417148656565,-0.008298802814695066
15770,-1.2697417148993997,-0.008298802814695066
15771,-1.2697417149002255,-0.008298802814695066
15772,-1.26974171492174,-0.008298802814695066
15773,-1.2697417150341739,-0.008298802814695066
15774,-1.2697417150761225,-0.008298802814695066
15775,-1.2697417150779615,-0.008298802814695066
15776,-1.269741715134449,-0.008298802814695066
15777,-1.269741715196989,-0.008298802814695066
15778,-1.2697417152031867,-0.008298802814695066
15779,-1.2697417152080508,-0.008298802814695066
15780,-1.2697417153009836,-0.008298802814695066
15781,-1.269741715323795,-0.008298802814695066
15782,-1.2697417153427937,-0.008298802814695066
15783,-1.269741715372108,-0.008298802814695066
15784,-1.2697417154136228,-0.008298802814695066
15785,-1.2697417154942823,-0.008298802814695066
15786,-1.269741715566833,-0.008298802814695066
15787,-1.2697417155936872,-0.008298802814695066
15788,-1.269741715649719,-0.008298802814695066
15789,-1.2697417157197086,-0.008298802814695066
15790,-1.2697417157703383,-0.008298802814695066
15791,-1.2697417157795858,-0.008298802814695066
15792,-1.2697417158004558,-0.008298802814695066
15793,-1.269741715884277,-0.008298802814695066
15794,-1.2697417158958701,-0.008298802814695066
15795,-1.2697417159823217,-0.008298802814695066
15796,-1.2697417159960036,-0.008298802814695066
15797,-1.2697417160087394,-0.008298802814695066
15798,-1.2697417160430717,-0.008298802814695066
15799,-1.269741716087691,-0.008298802814695066
15800,-1.26974171610334,-0.008298802814695066
15801,-1.2697417161209223,-0.008298802814695066
15802,-1.2697417161755848,-0.008298802814695066
15803,-1.2697417161882232,-0.008298802814695066
15804,-1.2697417162402982,-0.008298802814695066
15805,-1.2697417162839006,-0.008298802814695066
15806,-1.2697417164760152,-0.008298802814695066
15807,-1.269741716488761,-0.008298802814695066
15808,-1.2697417164921248,-0.008298802814695066
15809,-1.2697417164958635,-0.008298802814695066
15810,-1.2697417164999691,-0.008298802814695066
15811,-1.2697417165433607,-0.008298802814695066
15812,-1.2697417165456866,-0.008298802814695066
15813,-1.269741716586103,-0.008298802814695066
15814,-1.2697417166342926,-0.008298802814695066
15815,-1.2697417166790415,-0.008298802814695066
15816,-1.269741716693844,-0.008298802814695066
15817,-1.2697417167789542,-0.008298802814695066
15818,-1.269741716782535,-0.008298802814695066
15819,-1.2697417168077036,-0.008298802814695066
15820,-1.2697417168254272,-0.008298802814695066
15821,-1.269741716862167,-0.008298802814695066
15822,-1.2697417168965184,-0.008298802814695066
15823,-1.2697417170051386,-0.008298802814695066
15824,-1.2697417170112923,-0.008298802814695066
15825,-1.2697417170332161,-0.008298802814695066
15826,-1.2697417170465397,-0.008298802814695066
15827,-1.2697417170598875,-0.008298802814695066
15828,-1.2697417170770908,-0.008298802814695066
15829,-1.2697417171110563,-0.008298802814695066
15830,-1.2697417171383474,-0.008298802814695066
15831,-1.2697417172277137,-0.008298802814695066
15832,-1.2697417172378311,-0.008298802814695066
15833,-1.2697417172869376,-0.008298802814695066
15834,-1.2697417172927765,-0.008298802814695066
15835,-1.2697417173102532,-0.008298802814695066
15836,-1.2697417173111205,-0.008298802814695066
15837,-1.2697417173208154,-0.008298802814695066
15838,-1.2697417173531613,-0.008298802814695066
15839,-1.2697417173942016,-0.008298802814695066
15840,-1.2697417174203445,-0.008298802814695066
15841,-1.2697417174257923,-0.008298802814695066
15842,-1.26974171743562,-0.008298802814695066
15843,-1.2697417174498655,-0.008298802814695066
15844,-1.269741717492035,-0.008298802814695066
15845,-1.2697417175067658,-0.008298802814695066
15846,-1.269741717534065,-0.008298802814695066
15847,-1.2697417175409587,-0.008298802814695066
15848,-1.2697417175848984,-0.008298802814695066
15849,-1.2697417176113999,-0.008298802814695066
15850,-1.2697417176798032,-0.008298802814695066
15851,-1.2697417176815429,-0.008298802814695066
15852,-1.2697417177044308,-0.008298802814695066
15853,-1.2697417177534855,-0.008298802814695066
15854,-1.2697417177663535,-0.008298802814695066
15855,-1.2697417177720582,-0.008298802814695066
15856,-1.2697417177776102,-0.008298802814695066
15857,-1.269741717793626,-0.008298802814695066
15858,-1.2697417178010229,-0.008298802814695066
15859,-1.269741717915601,-0.008298802814695066
15860,-1.2697417179799053,-0.008298802814695066
15861,-1.269741717992236,-0.008298802814695066
15862,-1.269741718034932,-0.008298802814695066
15863,-1.269741718063948,-0.008298802814695066
15864,-1.2697417180698662,-0.008298802814695066
15865,-1.2697417180707828,-0.008298802814695066
15866,-1.2697417181136141,-0.008298802814695066
15867,-1.2697417181835737,-0.008298802814695066
15868,-1.2697417181858133,-0.008298802814695066
15869,-1.2697417182052988,-0.008298802814695066
15870,-1.269741718212333,-0.008298802814695066
15871,-1.2697417182269908,-0.008298802814695066
15872,-1.2697417182270212,-0.008298802814695066
15873,-1.2697417182578938,-0.008298802814695066
15874,-1.2697417183175403,-0.008298802814695066
15875,-1.269741718331509,-0.008298802814695066
15876,-1.26974171842843,-0.008298802814695066
15877,-1.2697417184426427,-0.008298802814695066
15878,-1.2697417184582986,-0.008298802814695066
15879,-1.2697417184970048,-0.008298802814695066
15880,-1.2697417185008568,-0.008298802814695066
15881,-1.2697417185086692,-0.008298802814695066
15882,-1.2697417185103594,-0.008298802814695066
15883,-1.2697417185223905,-0.008298802814695066
15884,-1.2697417185560902,-0.008298802814695066
15885,-1.269741718560597,-0.008298802814695066
15886,-1.2697417185786306,-0.008298802814695066
15887,-1.2697417185787272,-0.008298802814695066
15888,-1.2697417185996647,-0.008298802814695066
15889,-1.26974171863383,-0.008298802814695066
15890,-1.269741718661333,-0.008298802814695066
15891,-1.269741718667849,-0.008298802814695066
15892,-1.26974171869459,-0.008298802814695066
15893,-1.2697417187115023,-0.008298802814695066
15894,-1.2697417187596851,-0.008298802814695066
15895,-1.2697417187646654,-0.008298802814695066
15896,-1.2697417187761972,-0.008298802814695066
15897,-1.269741718791337,-0.008298802814695066
15898,-1.2697417187922309,-0.008298802814695066
15899,-1.269741718814235,-0.008298802814695066
15900,-1.26974171881538,-0.008298802814695066
15901,-1.2697417188537596,-0.008298802814695066
15902,-1.2697417188668663,-0.008298802814695066
15903,-1.2697417188696996,-0.008298802814695066
15904,-1.2697417188850324,-0.008298802814695066
15905,-1.2697417188861508,-0.008298802814695066
15906,-1.2697417189026217,-0.008298802814695066
15907,-1.2697417189122575,-0.008298802814695066
15908,-1.2697417189301121,-0.008298802814695066
15909,-1.2697417189505305,-0.008298802814695066
15910,-1.2697417189635178,-0.008298802814695066
15911,-1.2697417190115685,-0.008298802814695066
15912,-1.269741719037946,-0.008298802814695066
15913,-1.2697417190862068,-0.008298802814695066
15914,-1.2697417191001117,-0.008298802814695066
15915,-1.2697417191002194,-0.008298802814695066
15916,-1.269741719100651,-0.008298802814695066
15917,-1.2697417191377687,-0.008298802814695066
15918,-1.269741719170523,-0.008298802814695066
15919,-1.2697417191820375,-0.008298802814695066
15920,-1.2697417191861058,-0.008298802814695066
15921,-1.2697417191916922,-0.008298802814695066
15922,-1.2697417192404759,-0.008298802814695066
15923,-1.269741719294628,-0.008298802814695066
15924,-1.2697417193244855,-0.008298802814695066
15925,-1.2697417193340894,-0.008298802814695066
15926,-1.2697417193385439,-0.008298802814695066
15927,-1.269741719351305,-0.008298802814695066
15928,-1.2697417194110747,-0.008298802814695066
15929,-1.2697417194198277,-0.008298802814695066
15930,-1.2697417194691585,-0.008298802814695066
15931,-1.2697417194861815,-0.008298802814695066
15932,-1.2697417195038267,-0.008298802814695066
15933,-1.2697417195282732,-0.008298802814695066
15934,-1.2697417196223113,-0.008298802814695066
15935,-1.269741719623871,-0.008298802814695066
15936,-1.2697417196421095,-0.008298802814695066
15937,-1.269741719727242,-0.008298802814695066
15938,-1.2697417197316128,-0.008298802814695066
15939,-1.2697417197402867,-0.008298802814695066
15940,-1.2697417197556238,-0.008298802814695066
15941,-1.2697417197698646,-0.008298802814695066
15942,-1.2697417197717464,-0.008298802814695066
15943,-1.269741719772046,-0.008298802814695066
15944,-1.2697417198218237,-0.008298802814695066
15945,-1.2697417198848264,-0.008298802814695066
15946,-1.269741719984388,-0.008298802814695066
15947,-1.2697417199994216,-0.008298802814695066
15948,-1.2697417200213275,-0.008298802814695066
15949,-1.2697417200215182,-0.008298802814695066
15950,-1.2697417200930015,-0.008298802814695066
15951,-1.2697417201463754,-0.008298802814695066
15952,-1.2697417202027346,-0.008298802814695066
15953,-1.2697417202442765,-0.008298802814695066
15954,-1.2697417202614611,-0.008298802814695066
15955,-1.2697417203671697,-0.008298802814695066
15956,-1.2697417203987207,-0.008298802814695066
15957,-1.2697417204174244,-0.008298802814695066
15958,-1.2697417204195942,-0.008298802814695066
15959,-1.2697417204216443,-0.008298802814695066
15960,-1.2697417204672123,-0.008298802814695066
15961,-1.269741720481989,-0.008298802814695066
15962,-1.269741720503204,-0.008298802814695066
15963,-1.2697417205130506,-0.008298802814695066
15964,-1.2697417205271682,-0.008298802814695066
15965,-1.2697417205594381,-0.008298802814695066
15966,-1.269741720571502,-0.008298802814695066
15967,-1.2697417205957349,-0.008298802814695066
15968,-1.2697417206159558,-0.008298802814695066
15969,-1.269741720630067,-0.008298802814695066
15970,-1.2697417206567783,-0.008298802814695066
15971,-1.2697417206776733,-0.008298802814695066
15972,-1.269741720694137,-0.008298802814695066
15973,-1.269741720738263,-0.008298802814695066
15974,-1.269741720739814,-0.008298802814695066
15975,-1.2697417207412398,-0.008298802814695066
15976,-1.2697417207419217,-0.008298802814695066
15977,-1.2697417208088233,-0.008298802814695066
15978,-1.2697417208127009,-0.008298802814695066
15979,-1.2697417208265322,-0.008298802814695066
15980,-1.2697417208350505,-0.008298802814695066
15981,-1.2697417208606987,-0.008298802814695066
15982,-1.2697417208802384,-0.008298802814695066
15983,-1.2697417208806496,-0.008298802814695066
15984,-1.2697417208812638,-0.008298802814695066
15985,-1.269741720888065,-0.008298802814695066
15986,-1.269741720922143,-0.008298802814695066
15987,-1.2697417210053201,-0.008298802814695066
15988,-1.2697417210133959,-0.008298802814695066
15989,-1.2697417210187116,-0.008298802814695066
15990,-1.2697417210981874,-0.008298802814695066
15991,-1.269741721104559,-0.008298802814695066
15992,-1.2697417211174808,-0.008298802814695066
15993,-1.2697417211308486,-0.008298802814695066
15994,-1.2697417211522772,-0.008298802814695066
15995,-1.2697417211543054,-0.008298802814695066
15996,-1.2697417212205933,-0.008298802814695066
15997,-1.2697417212221733,-0.008298802814695066
15998,-1.2697417212457784,-0.008298802814695066
15999,-1.2697417212690003,-0.008298802814695066
16000,-1.269741721270655,-0.008298802814695066
16001,-1.2697417212772502,-0.008298802814695066
16002,-1.2697417212867323,-0.008298802814695066
16003,-1.2697417213189182,-0.008298802814695066
16004,-1.2697417213499085,-0.008298802814695066
16005,-1.2697417213757523,-0.008298802814695066
16006,-1.2697417214131137,-0.008298802814695066
16007,-1.2697417214371889,-0.008298802814695066
16008,-1.2697417214649822,-0.008298802814695066
16009,-1.2697417215633555,-0.008298802814695066
16010,-1.2697417215786553,-0.008298802814695066
16011,-1.2697417216335667,-0.008298802814695066
16012,-1.2697417217179336,-0.008298802814695066
16013,-1.269741721727235,-0.008298802814695066
16014,-1.2697417217466205,-0.008298802814695066
16015,-1.2697417217616835,-0.008298802814695066
16016,-1.2697417217623599,-0.008298802814695066
16017,-1.2697417219200842,-0.008298802814695066
16018,-1.2697417219337617,-0.008298802814695066
16019,-1.2697417219833285,-0.008298802814695066
16020,-1.2697417220218834,-0.008298802814695066
16021,-1.2697417220316851,-0.008298802814695066
16022,-1.2697417220534615,-0.008298802814695066
16023,-1.2697417220989522,-0.008298802814695066
16024,-1.2697417221004728,-0.008298802814695066
16025,-1.2697417221033251,-0.008298802814695066
16026,-1.2697417221145164,-0.008298802814695066
16027,-1.2697417221570952,-0.008298802814695066
16028,-1.2697417221579546,-0.008298802814695066
16029,-1.2697417221602607,-0.008298802814695066
16030,-1.2697417221708804,-0.008298802814695066
16031,-1.2697417221830158,-0.008298802814695066
16032,-1.2697417221832168,-0.008298802814695066
16033,-1.2697417221932152,-0.008298802814695066
16034,-1.2697417222309095,-0.008298802814695066
16035,-1.2697417222361094,-0.008298802814695066
16036,-1.269741722254646,-0.008298802814695066
16037,-1.2697417222643888,-0.008298802814695066
16038,-1.2697417222885639,-0.008298802814695066
16039,-1.269741722289889,-0.008298802814695066
16040,-1.2697417223098046,-0.008298802814695066
16041,-1.2697417223113856,-0.008298802814695066
16042,-1.2697417223405716,-0.008298802814695066
16043,-1.2697417223450502,-0.008298802814695066
16044,-1.269741722358546,-0.008298802814695066
16045,-1.2697417223756744,-0.008298802814695066
16046,-1.2697417224285443,-0.008298802814695066
16047,-1.269741722429596,-0.008298802814695066
16048,-1.2697417224616356,-0.008298802814695066
16049,-1.2697417224784606,-0.008298802814695066
16050,-1.2697417224975514,-0.008298802814695066
16051,-1.2697417225619727,-0.008298802814695066
16052,-1.2697417226014056,-0.008298802814695066
16053,-1.26974172262334,-0.008298802814695066
16054,-1.2697417226508538,-0.008298802814695066
16055,-1.2697417226521384,-0.008298802814695066
16056,-1.2697417226763112,-0.008298802814695066
16057,-1.269741722682343,-0.008298802814695066
16058,-1.2697417226855752,-0.008298802814695066
16059,-1.2697417226892354,-0.008298802814695066
16060,-1.2697417227056456,-0.008298802814695066
16061,-1.2697417227320733,-0.008298802814695066
16062,-1.2697417227358547,-0.008298802814695066
16063,-1.269741722736276,-0.008298802814695066
16064,-1.2697417227627819,-0.008298802814695066
16065,-1.2697417227847154,-0.008298802814695066
16066,-1.2697417228009757,-0.008298802814695066
16067,-1.2697417228014045,-0.008298802814695066
16068,-1.2697417228041128,-0.008298802814695066
16069,-1.2697417229070513,-0.008298802814695066
16070,-1.2697417229333108,-0.008298802814695066
16071,-1.2697417229853047,-0.008298802814695066
16072,-1.2697417230044319,-0.008298802814695066
16073,-1.2697417230184418,-0.008298802814695066
16074,-1.2697417230327286,-0.008298802814695066
16075,-1.2697417230445052,-0.008298802814695066
16076,-1.2697417230526682,-0.008298802814695066
16077,-1.2697417230559305,-0.008298802814695066
16078,-1.2697417230985546,-0.008298802814695066
16079,-1.269741723110468,-0.008298802814695066
16080,-1.2697417231149635,-0.008298802814695066
16081,-1.2697417231385548,-0.008298802814695066
16082,-1.2697417231502233,-0.008298802814695066
16083,-1.2697417231750419,-0.008298802814695066
16084,-1.2697417231763848,-0.008298802814695066
16085,-1.269741723189281,-0.008298802814695066
16086,-1.269741723231385,-0.008298802814695066
16087,-1.2697417232459747,-0.008298802814695066
16088,-1.2697417233045658,-0.008298802814695066
16089,-1.2697417233050219,-0.008298802814695066
16090,-1.2697417233228303,-0.008298802814695066
16091,-1.269741723391032,-0.008298802814695066
16092,-1.269741723396429,-0.008298802814695066
16093,-1.2697417234247812,-0.008298802814695066
16094,-1.2697417234964554,-0.008298802814695066
16095,-1.2697417235416815,-0.008298802814695066
16096,-1.2697417235539046,-0.008298802814695066
16097,-1.2697417235552502,-0.008298802814695066
16098,-1.2697417235786521,-0.008298802814695066
16099,-1.269741723598847,-0.008298802814695066
16100,-1.2697417236061443,-0.008298802814695066
16101,-1.269741723606259,-0.008298802814695066
16102,-1.2697417236121737,-0.008298802814695066
16103,-1.2697417236159338,-0.008298802814695066
16104,-1.269741723624354,-0.008298802814695066
16105,-1.2697417236243729,-0.008298802814695066
16106,-1.2697417236676904,-0.008298802814695066
16107,-1.2697417236827517,-0.008298802814695066
16108,-1.2697417237001607,-0.008298802814695066
16109,-1.2697417237026256,-0.008298802814695066
16110,-1.2697417237060404,-0.008298802814695066
16111,-1.2697417237646347,-0.008298802814695066
16112,-1.269741723783,-0.008298802814695066
16113,-1.2697417237944495,-0.008298802814695066
16114,-1.2697417237995103,-0.008298802814695066
16115,-1.269741723807977,-0.008298802814695066
16116,-1.2697417238240745,-0.008298802814695066
16117,-1.2697417238377169,-0.008298802814695066
16118,-1.2697417238610065,-0.008298802814695066
16119,-1.2697417238629103,-0.008298802814695066
16120,-1.2697417238951223,-0.008298802814695066
16121,-1.2697417239152855,-0.008298802814695066
16122,-1.2697417239239042,-0.008298802814695066
16123,-1.2697417239507425,-0.008298802814695066
16124,-1.2697417239513606,-0.008298802814695066
16125,-1.2697417239597835,-0.008298802814695066
16126,-1.26974172397047,-0.008298802814695066
16127,-1.2697417239938427,-0.008298802814695066
16128,-1.2697417240035564,-0.008298802814695066
16129,-1.2697417240074045,-0.008298802814695066
16130,-1.2697417240193998,-0.008298802814695066
16131,-1.269741724032122,-0.008298802814695066
16132,-1.2697417240434392,-0.008298802814695066
16133,-1.2697417240528377,-0.008298802814695066
16134,-1.2697417240763194,-0.008298802814695066
16135,-1.2697417240887696,-0.008298802814695066
16136,-1.2697417241040219,-0.008298802814695066
16137,-1.269741724121626,-0.008298802814695066
16138,-1.2697417241225817,-0.008298802814695066
16139,-1.26974172414993,-0.008298802814695066
16140,-1.269741724200284,-0.008298802814695066
16141,-1.2697417242105433,-0.008298802814695066
16142,-1.2697417242402194,-0.008298802814695066
16143,-1.2697417242898377,-0.008298802814695066
16144,-1.269741724290001,-0.008298802814695066
16145,-1.2697417243529396,-0.008298802814695066
16146,-1.2697417243558922,-0.008298802814695066
16147,-1.2697417243788405,-0.008298802814695066
16148,-1.269741724392344,-0.008298802814695066
16149,-1.2697417244156572,-0.008298802814695066
16150,-1.269741724426596,-0.008298802814695066
16151,-1.2697417245207787,-0.008298802814695066
16152,-1.2697417245654015,-0.008298802814695066
16153,-1.269741724641705,-0.008298802814695066
16154,-1.269741724674245,-0.008298802814695066
16155,-1.2697417247238123,-0.008298802814695066
16156,-1.2697417247879073,-0.008298802814695066
16157,-1.269741724810044,-0.008298802814695066
16158,-1.2697417248350475,-0.008298802814695066
16159,-1.2697417248693768,-0.008298802814695066
16160,-1.2697417248801401,-0.008298802814695066
16161,-1.2697417249015304,-0.008298802814695066
16162,-1.269741724916266,-0.008298802814695066
16163,-1.2697417249580187,-0.008298802814695066
16164,-1.2697417249584757,-0.008298802814695066
16165,-1.2697417250200336,-0.008298802814695066
16166,-1.2697417250207592,-0.008298802814695066
16167,-1.2697417250328404,-0.008298802814695066
16168,-1.2697417250406766,-0.008298802814695066
16169,-1.2697417250884737,-0.008298802814695066
16170,-1.269741725103477,-0.008298802814695066
16171,-1.2697417251148317,-0.008298802814695066
16172,-1.2697417251203176,-0.008298802814695066
16173,-1.26974172512179,-0.008298802814695066
16174,-1.2697417251444256,-0.008298802814695066
16175,-1.2697417251899474,-0.008298802814695066
16176,-1.2697417252208343,-0.008298802814695066
16177,-1.269741725230265,-0.008298802814695066
16178,-1.2697417252346765,-0.008298802814695066
16179,-1.269741725247283,-0.008298802814695066
16180,-1.2697417252542254,-0.008298802814695066
16181,-1.2697417252572027,-0.008298802814695066
16182,-1.2697417252691483,-0.008298802814695066
16183,-1.2697417252714533,-0.008298802814695066
16184,-1.2697417252736498,-0.008298802814695066
16185,-1.2697417252780547,-0.008298802814695066
16186,-1.2697417253255656,-0.008298802814695066
16187,-1.2697417253339944,-0.008298802814695066
16188,-1.269741725343648,-0.008298802814695066
16189,-1.2697417253559564,-0.008298802814695066
16190,-1.2697417253830232,-0.008298802814695066
16191,-1.2697417254127137,-0.008298802814695066
16192,-1.2697417254162222,-0.008298802814695066
16193,-1.2697417254529682,-0.008298802814695066
16194,-1.2697417254618253,-0.008298802814695066
16195,-1.2697417254721446,-0.008298802814695066
16196,-1.2697417254778847,-0.008298802814695066
16197,-1.2697417255296024,-0.008298802814695066
16198,-1.2697417255525763,-0.008298802814695066
16199,-1.2697417256032748,-0.008298802814695066
16200,-1.269741725650363,-0.008298802814695066
16201,-1.2697417256654555,-0.008298802814695066
16202,-1.2697417256792383,-0.008298802814695066
16203,-1.2697417256873142,-0.008298802814695066
16204,-1.269741725721941,-0.008298802814695066
16205,-1.2697417257269303,-0.008298802814695066
16206,-1.2697417257353654,-0.008298802814695066
16207,-1.2697417257360915,-0.008298802814695066
16208,-1.2697417257922343,-0.008298802814695066
16209,-1.2697417257989956,-0.008298802814695066
16210,-1.2697417258056536,-0.008298802814695066
16211,-1.2697417258072978,-0.008298802814695066
16212,-1.269741725838819,-0.008298802814695066
16213,-1.269741725879809,-0.008298802814695066
16214,-1.2697417258815875,-0.008298802814695066
16215,-1.2697417258952015,-0.008298802814695066
16216,-1.269741725905428,-0.008298802814695066
16217,-1.2697417259298955,-0.008298802814695066
16218,-1.2697417259334,-0.008298802814695066
16219,-1.2697417259466546,-0.008298802814695066
16220,-1.2697417259762345,-0.008298802814695066
16221,-1.269741725976758,-0.008298802814695066
16222,-1.2697417259818002,-0.008298802814695066
16223,-1.2697417259938832,-0.008298802814695066
16224,-1.2697417259957415,-0.008298802814695066
16225,-1.2697417260134316,-0.008298802814695066
16226,-1.2697417260723496,-0.008298802814695066
16227,-1.269741726072738,-0.008298802814695066
16228,-1.2697417260769805,-0.008298802814695066
16229,-1.2697417261227981,-0.008298802814695066
16230,-1.2697417261308184,-0.008298802814695066
16231,-1.2697417261559552,-0.008298802814695066
16232,-1.2697417261740715,-0.008298802814695066
16233,-1.269741726180673,-0.008298802814695066
16234,-1.2697417261933857,-0.008298802814695066
16235,-1.2697417262160102,-0.008298802814695066
16236,-1.269741726227143,-0.008298802814695066
16237,-1.2697417262415571,-0.008298802814695066
16238,-1.269741726261898,-0.008298802814695066
16239,-1.269741726303237,-0.008298802814695066
16240,-1.26974172632253,-0.008298802814695066
16241,-1.2697417263536175,-0.008298802814695066
16242,-1.2697417263835429,-0.008298802814695066
16243,-1.2697417263976354,-0.008298802814695066
16244,-1.2697417264111945,-0.008298802814695066
16245,-1.2697417264343025,-0.008298802814695066
16246,-1.269741726485306,-0.008298802814695066
16247,-1.2697417265012032,-0.008298802814695066
16248,-1.269741726528209,-0.008298802814695066
16249,-1.269741726531806,-0.008298802814695066
16250,-1.2697417265332582,-0.008298802814695066
16251,-1.269741726548116,-0.008298802814695066
16252,-1.2697417265593747,-0.008298802814695066
16253,-1.2697417265978956,-0.008298802814695066
16254,-1.2697417266382696,-0.008298802814695066
16255,-1.2697417266385473,-0.008298802814695066
16256,-1.2697417266415831,-0.008298802814695066
16257,-1.2697417266422837,-0.008298802814695066
16258,-1.2697417266479007,-0.008298802814695066
16259,-1.2697417266486197,-0.008298802814695066
16260,-1.2697417266581676,-0.008298802814695066
16261,-1.2697417266652584,-0.008298802814695066
16262,-1.269741726666158,-0.008298802814695066
16263,-1.2697417266948918,-0.008298802814695066
16264,-1.2697417267177151,-0.008298802814695066
16265,-1.2697417267208553,-0.008298802814695066
16266,-1.2697417267319924,-0.008298802814695066
16267,-1.2697417267365256,-0.008298802814695066
16268,-1.2697417267465128,-0.008298802814695066
16269,-1.2697417267749276,-0.008298802814695066
16270,-1.2697417267776954,-0.008298802814695066
16271,-1.2697417268535147,-0.008298802814695066
16272,-1.2697417268598419,-0.008298802814695066
16273,-1.2697417268624738,-0.008298802814695066
16274,-1.26974172689141,-0.008298802814695066
16275,-1.2697417269176732,-0.008298802814695066
16276,-1.2697417269423168,-0.008298802814695066
16277,-1.269741726955399,-0.008298802814695066
16278,-1.2697417269624394,-0.008298802814695066
16279,-1.2697417269636857,-0.008298802814695066
16280,-1.269741727025044,-0.008298802814695066
16281,-1.2697417270303832,-0.008298802814695066
16282,-1.2697417270632658,-0.008298802814695066
16283,-1.2697417270850342,-0.008298802814695066
16284,-1.2697417270982434,-0.008298802814695066
16285,-1.269741727100952,-0.008298802814695066
16286,-1.2697417271395701,-0.008298802814695066
16287,-1.2697417271500988,-0.008298802814695066
16288,-1.269741727170487,-0.008298802814695066
16289,-1.269741727174907,-0.008298802814695066
16290,-1.2697417271773521,-0.008298802814695066
16291,-1.2697417271845781,-0.008298802814695066
16292,-1.269741727184869,-0.008298802814695066
16293,-1.2697417272065152,-0.008298802814695066
16294,-1.2697417272178593,-0.008298802814695066
16295,-1.2697417272206073,-0.008298802814695066
16296,-1.2697417272435056,-0.008298802814695066
16297,-1.2697417272746128,-0.008298802814695066
16298,-1.2697417272891907,-0.008298802814695066
16299,-1.2697417273109135,-0.008298802814695066
16300,-1.2697417273202012,-0.008298802814695066
16301,-1.269741727336211,-0.008298802814695066
16302,-1.2697417273389573,-0.008298802814695066
16303,-1.2697417273506022,-0.008298802814695066
16304,-1.2697417273617306,-0.008298802814695066
16305,-1.2697417273906264,-0.008298802814695066
16306,-1.2697417273909808,-0.008298802814695066
16307,-1.269741727428614,-0.008298802814695066
16308,-1.2697417274438214,-0.008298802814695066
16309,-1.2697417274838183,-0.008298802814695066
16310,-1.2697417274925749,-0.008298802814695066
16311,-1.2697417274942537,-0.008298802814695066
16312,-1.269741727495012,-0.008298802814695066
16313,-1.2697417275068497,-0.008298802814695066
16314,-1.2697417275162908,-0.008298802814695066
16315,-1.2697417275197795,-0.008298802814695066
16316,-1.2697417275420444,-0.008298802814695066
16317,-1.2697417275550138,-0.008298802814695066
16318,-1.2697417275562657,-0.008298802814695066
16319,-1.269741727560906,-0.008298802814695066
16320,-1.2697417275834875,-0.008298802814695066
16321,-1.269741727607133,-0.008298802814695066
16322,-1.2697417276142589,-0.008298802814695066
16323,-1.2697417276406628,-0.008298802814695066
16324,-1.2697417276494258,-0.008298802814695066
16325,-1.2697417276502478,-0.008298802814695066
16326,-1.2697417276662826,-0.008298802814695066
16327,-1.2697417276725156,-0.008298802814695066
16328,-1.269741727680414,-0.008298802814695066
16329,-1.2697417277124325,-0.008298802814695066
16330,-1.2697417277219163,-0.008298802814695066
16331,-1.2697417277233614,-0.008298802814695066
16332,-1.2697417277307468,-0.008298802814695066
16333,-1.2697417277377625,-0.008298802814695066
16334,-1.2697417277402696,-0.008298802814695066
16335,-1.2697417277478207,-0.008298802814695066
16336,-1.269741727751394,-0.008298802814695066
16337,-1.2697417277616867,-0.008298802814695066
16338,-1.2697417277688632,-0.008298802814695066
16339,-1.2697417277815086,-0.008298802814695066
16340,-1.269741727782955,-0.008298802814695066
16341,-1.2697417278185068,-0.008298802814695066
16342,-1.269741727850369,-0.008298802814695066
16343,-1.2697417278517582,-0.008298802814695066
16344,-1.269741727881432,-0.008298802814695066
16345,-1.2697417278863676,-0.008298802814695066
16346,-1.2697417279058012,-0.008298802814695066
16347,-1.269741727949247,-0.008298802814695066
16348,-1.2697417279495342,-0.008298802814695066
16349,-1.2697417279538916,-0.008298802814695066
16350,-1.2697417279620118,-0.008298802814695066
16351,-1.2697417279638301,-0.008298802814695066
16352,-1.2697417279855632,-0.008298802814695066
16353,-1.2697417279897403,-0.008298802814695066
16354,-1.2697417280124033,-0.008298802814695066
16355,-1.2697417280284227,-0.008298802814695066
16356,-1.2697417280345213,-0.008298802814695066
16357,-1.2697417280873016,-0.008298802814695066
16358,-1.2697417280950425,-0.008298802814695066
16359,-1.2697417280960663,-0.008298802814695066
16360,-1.2697417281369396,-0.008298802814695066
16361,-1.2697417281432883,-0.008298802814695066
16362,-1.2697417281498717,-0.008298802814695066
16363,-1.2697417281989698,-0.008298802814695066
16364,-1.2697417282391494,-0.008298802814695066
16365,-1.2697417282485723,-0.008298802814695066
16366,-1.2697417282515986,-0.008298802814695066
16367,-1.269741728259238,-0.008298802814695066
16368,-1.2697417282623573,-0.008298802814695066
16369,-1.2697417282965202,-0.008298802814695066
16370,-1.2697417283248926,-0.008298802814695066
16371,-1.2697417283310806,-0.008298802814695066
16372,-1.2697417283331007,-0.008298802814695066
16373,-1.2697417283347097,-0.008298802814695066
16374,-1.2697417283365064,-0.008298802814695066
16375,-1.2697417283528143,-0.008298802814695066
16376,-1.2697417283868697,-0.008298802814695066
16377,-1.269741728431555,-0.008298802814695066
16378,-1.2697417284483303,-0.008298802814695066
16379,-1.2697417284581234,-0.008298802814695066
16380,-1.2697417284590125,-0.008298802814695066
16381,-1.2697417285196995,-0.008298802814695066
16382,-1.269741728520332,-0.008298802814695066
16383,-1.2697417285209485,-0.008298802814695066
16384,-1.2697417285472574,-0.008298802814695066
16385,-1.2697417285795418,-0.008298802814695066
16386,-1.2697417285841512,-0.008298802814695066
16387,-1.2697417285924435,-0.008298802814695066
16388,-1.2697417286034658,-0.008298802814695066
16389,-1.269741728610368,-0.008298802814695066
16390,-1.2697417286142443,-0.008298802814695066
16391,-1.269741728651565,-0.008298802814695066
16392,-1.2697417286554005,-0.008298802814695066
16393,-1.2697417286646326,-0.008298802814695066
16394,-1.2697417286682398,-0.008298802814695066
16395,-1.269741728688654,-0.008298802814695066
16396,-1.2697417286946298,-0.008298802814695066
16397,-1.269741728698767,-0.008298802814695066
16398,-1.2697417287046975,-0.008298802814695066
16399,-1.2697417287160087,-0.008298802814695066
16400,-1.2697417287191388,-0.008298802814695066
16401,-1.2697417287378905,-0.008298802814695066
16402,-1.2697417287434491,-0.008298802814695066
16403,-1.2697417287516146,-0.008298802814695066
16404,-1.2697417288061683,-0.008298802814695066
16405,-1.269741728817031,-0.008298802814695066
16406,-1.2697417288634276,-0.008298802814695066
16407,-1.269741728874239,-0.008298802814695066
16408,-1.2697417288811814,-0.008298802814695066
16409,-1.2697417288875734,-0.008298802814695066
16410,-1.2697417289052255,-0.008298802814695066
16411,-1.2697417289265687,-0.008298802814695066
16412,-1.2697417289307567,-0.008298802814695066
16413,-1.2697417289344959,-0.008298802814695066
16414,-1.2697417289489668,-0.008298802814695066
16415,-1.2697417289523556,-0.008298802814695066
16416,-1.2697417289628892,-0.008298802814695066
16417,-1.2697417289835418,-0.008298802814695066
16418,-1.2697417290415174,-0.008298802814695066
16419,-1.2697417290502824,-0.008298802814695066
16420,-1.269741729111757,-0.008298802814695066
16421,-1.269741729123776,-0.008298802814695066
16422,-1.2697417291245112,-0.008298802814695066
16423,-1.2697417291336022,-0.008298802814695066
16424,-1.2697417291708986,-0.008298802814695066
16425,-1.269741729219906,-0.008298802814695066
16426,-1.269741729233107,-0.008298802814695066
16427,-1.2697417292637736,-0.008298802814695066
16428,-1.2697417292712505,-0.008298802814695066
16429,-1.2697417292720279,-0.008298802814695066
16430,-1.2697417292776723,-0.008298802814695066
16431,-1.26974172930817,-0.008298802814695066
16432,-1.269741729326808,-0.008298802814695066
16433,-1.2697417293316913,-0.008298802814695066
16434,-1.2697417293371605,-0.008298802814695066
16435,-1.269741729367812,-0.008298802814695066
16436,-1.269741729380254,-0.008298802814695066
16437,-1.269741729389951,-0.008298802814695066
16438,-1.269741729392439,-0.008298802814695066
16439,-1.2697417294049056,-0.008298802814695066
16440,-1.2697417294067173,-0.008298802814695066
16441,-1.2697417294213609,-0.008298802814695066
16442,-1.2697417294351718,-0.008298802814695066
16443,-1.2697417294433222,-0.008298802814695066
16444,-1.2697417294447664,-0.008298802814695066
16445,-1.2697417294524298,-0.008298802814695066
16446,-1.269741729488958,-0.008298802814695066
16447,-1.2697417294890168,-0.008298802814695066
16448,-1.2697417295005613,-0.008298802814695066
16449,-1.2697417295133855,-0.008298802814695066
16450,-1.2697417295267512,-0.008298802814695066
16451,-1.2697417295342543,-0.008298802814695066
16452,-1.2697417295505424,-0.008298802814695066
16453,-1.2697417295593274,-0.008298802814695066
16454,-1.269741729563778,-0.008298802814695066
16455,-1.269741729593072,-0.008298802814695066
16456,-1.2697417296076177,-0.008298802814695066
16457,-1.2697417296397204,-0.008298802814695066
16458,-1.2697417296682072,-0.008298802814695066
16459,-1.2697417296752236,-0.008298802814695066
16460,-1.2697417296770097,-0.008298802814695066
16461,-1.2697417296798064,-0.008298802814695066
16462,-1.2697417296976075,-0.008298802814695066
16463,-1.2697417297210647,-0.008298802814695066
16464,-1.2697417297213505,-0.008298802814695066
16465,-1.2697417297624825,-0.008298802814695066
16466,-1.2697417297996714,-0.008298802814695066
16467,-1.269741729803037,-0.008298802814695066
16468,-1.2697417298037257,-0.008298802814695066
16469,-1.2697417298086808,-0.008298802814695066
16470,-1.2697417298357458,-0.008298802814695066
16471,-1.269741729837428,-0.008298802814695066
16472,-1.269741729848901,-0.008298802814695066
16473,-1.2697417298736233,-0.008298802814695066
16474,-1.269741729878206,-0.008298802814695066
16475,-1.2697417299058402,-0.008298802814695066
16476,-1.269741729907017,-0.008298802814695066
16477,-1.2697417299095308,-0.008298802814695066
16478,-1.269741729942681,-0.008298802814695066
16479,-1.2697417299499416,-0.008298802814695066
16480,-1.2697417299505036,-0.008298802814695066
16481,-1.2697417299623497,-0.008298802814695066
16482,-1.2697417299653855,-0.008298802814695066
16483,-1.2697417299682843,-0.008298802814695066
16484,-1.269741729977593,-0.008298802814695066
16485,-1.2697417299803477,-0.008298802814695066
16486,-1.2697417299951477,-0.008298802814695066
16487,-1.269741729999288,-0.008298802814695066
16488,-1.26974173000359,-0.008298802814695066
16489,-1.2697417300071492,-0.008298802814695066
16490,-1.2697417300350389,-0.008298802814695066
16491,-1.269741730046482,-0.008298802814695066
16492,-1.2697417300477514,-0.008298802814695066
16493,-1.2697417300614087,-0.008298802814695066
16494,-1.2697417301062957,-0.008298802814695066
16495,-1.2697417301075093,-0.008298802814695066
16496,-1.2697417301196565,-0.008298802814695066
16497,-1.2697417301528513,-0.008298802814695066
16498,-1.2697417301708147,-0.008298802814695066
16499,-1.2697417301922886,-0.008298802814695066
16500,-1.269741730193747,-0.008298802814695066
16501,-1.2697417302069776,-0.008298802814695066
16502,-1.2697417302135814,-0.008298802814695066
16503,-1.2697417302240224,-0.008298802814695066
16504,-1.2697417302293785,-0.008298802814695066
16505,-1.2697417302459215,-0.008298802814695066
16506,-1.2697417302663352,-0.008298802814695066
16507,-1.2697417302932634,-0.008298802814695066
16508,-1.2697417303017533,-0.008298802814695066
16509,-1.2697417303071472,-0.008298802814695066
16510,-1.2697417303084162,-0.008298802814695066
16511,-1.2697417303132899,-0.008298802814695066
16512,-1.2697417303217096,-0.008298802814695066
16513,-1.2697417303286032,-0.008298802814695066
16514,-1.2697417303998149,-0.008298802814695066
16515,-1.2697417304022682,-0.008298802814695066
16516,-1.2697417304220207,-0.008298802814695066
16517,-1.2697417304223007,-0.008298802814695066
16518,-1.2697417304515828,-0.008298802814695066
16519,-1.2697417304681473,-0.008298802814695066
16520,-1.269741730479368,-0.008298802814695066
16521,-1.2697417304906236,-0.008298802814695066
16522,-1.2697417305009702,-0.008298802814695066
16523,-1.2697417305812913,-0.008298802814695066
16524,-1.2697417305835772,-0.008298802814695066
16525,-1.269741730584466,-0.008298802814695066
16526,-1.2697417305872554,-0.008298802814695066
16527,-1.269741730589064,-0.008298802814695066
16528,-1.2697417305980545,-0.008298802814695066
16529,-1.2697417306127434,-0.008298802814695066
16530,-1.2697417306165244,-0.008298802814695066
16531,-1.2697417306257597,-0.008298802814695066
16532,-1.2697417306286687,-0.008298802814695066
16533,-1.2697417306386654,-0.008298802814695066
16534,-1.2697417306433731,-0.008298802814695066
16535,-1.2697417306457612,-0.008298802814695066
16536,-1.2697417306505543,-0.008298802814695066
16537,-1.2697417306654148,-0.008298802814695066
16538,-1.269741730682201,-0.008298802814695066
16539,-1.2697417306992795,-0.008298802814695066
16540,-1.2697417307106234,-0.008298802814695066
16541,-1.269741730714518,-0.008298802814695066
16542,-1.2697417307247656,-0.008298802814695066
16543,-1.2697417307295904,-0.008298802814695066
16544,-1.2697417307486631,-0.008298802814695066
16545,-1.2697417307487975,-0.008298802814695066
16546,-1.2697417307564383,-0.008298802814695066
16547,-1.2697417307651309,-0.008298802814695066
16548,-1.269741730776217,-0.008298802814695066
16549,-1.2697417307858028,-0.008298802814695066
16550,-1.2697417308047927,-0.008298802814695066
16551,-1.2697417308157424,-0.008298802814695066
16552,-1.269741730839159,-0.008298802814695066
16553,-1.2697417308482242,-0.008298802814695066
16554,-1.2697417308671843,-0.008298802814695066
16555,-1.2697417308892422,-0.008298802814695066
16556,-1.2697417308920866,-0.008298802814695066
16557,-1.2697417308994117,-0.008298802814695066
16558,-1.26974173092032,-0.008298802814695066
16559,-1.2697417309261567,-0.008298802814695066
16560,-1.2697417309287626,-0.008298802814695066
16561,-1.269741730930857,-0.008298802814695066
16562,-1.2697417309433874,-0.008298802814695066
16563,-1.2697417309436445,-0.008298802814695066
16564,-1.2697417309520878,-0.008298802814695066
16565,-1.2697417309524965,-0.008298802814695066
16566,-1.269741730965675,-0.008298802814695066
16567,-1.269741730969806,-0.008298802814695066
16568,-1.269741730989861,-0.008298802814695066
16569,-1.2697417310085872,-0.008298802814695066
16570,-1.2697417310158436,-0.008298802814695066
16571,-1.2697417310249959,-0.008298802814695066
16572,-1.2697417310273351,-0.008298802814695066
16573,-1.2697417310589056,-0.008298802814695066
16574,-1.2697417310592205,-0.008298802814695066
16575,-1.2697417310792094,-0.008298802814695066
16576,-1.269741731086467,-0.008298802814695066
16577,-1.2697417310977972,-0.008298802814695066
16578,-1.2697417311031658,-0.008298802814695066
16579,-1.2697417311045367,-0.008298802814695066
16580,-1.2697417311059411,-0.008298802814695066
16581,-1.2697417311291108,-0.008298802814695066
16582,-1.269741731133445,-0.008298802814695066
16583,-1.2697417311597476,-0.008298802814695066
16584,-1.2697417311718855,-0.008298802814695066
16585,-1.269741731179181,-0.008298802814695066
16586,-1.2697417311799861,-0.008298802814695066
16587,-1.269741731199419,-0.008298802814695066
16588,-1.269741731200203,-0.008298802814695066
16589,-1.2697417312075776,-0.008298802814695066
16590,-1.269741731231853,-0.008298802814695066
16591,-1.2697417312409063,-0.008298802814695066
16592,-1.2697417312485548,-0.008298802814695066
16593,-1.2697417312534616,-0.008298802814695066
16594,-1.2697417312591586,-0.008298802814695066
16595,-1.2697417312691175,-0.008298802814695066
16596,-1.2697417312753583,-0.008298802814695066
16597,-1.2697417312781303,-0.008298802814695066
16598,-1.2697417312831176,-0.008298802814695066
16599,-1.2697417312838066,-0.008298802814695066
16600,-1.269741731294759,-0.008298802814695066
16601,-1.2697417312970298,-0.008298802814695066
16602,-1.2697417313154142,-0.008298802814695066
16603,-1.2697417313200647,-0.008298802814695066
16604,-1.2697417313577017,-0.008298802814695066
16605,-1.269741731360014,-0.008298802814695066
16606,-1.2697417313770378,-0.008298802814695066
16607,-1.2697417313890593,-0.008298802814695066
16608,-1.2697417314135524,-0.008298802814695066
16609,-1.269741731416683,-0.008298802814695066
16610,-1.269741731422752,-0.008298802814695066
16611,-1.2697417314267523,-0.008298802814695066
16612,-1.2697417314508468,-0.008298802814695066
16613,-1.2697417314541553,-0.008298802814695066
16614,-1.2697417314588957,-0.008298802814695066
16615,-1.2697417314614086,-0.008298802814695066
16616,-1.2697417314619535,-0.008298802814695066
16617,-1.269741731466399,-0.008298802814695066
16618,-1.2697417314691724,-0.008298802814695066
16619,-1.2697417314774346,-0.008298802814695066
16620,-1.2697417314783603,-0.008298802814695066
16621,-1.2697417315079573,-0.008298802814695066
16622,-1.269741731518252,-0.008298802814695066
16623,-1.269741731550742,-0.008298802814695066
16624,-1.2697417315531934,-0.008298802814695066
16625,-1.2697417315541344,-0.008298802814695066
16626,-1.2697417315620563,-0.008298802814695066
16627,-1.2697417315681852,-0.008298802814695066
16628,-1.2697417315784554,-0.008298802814695066
16629,-1.2697417315869879,-0.008298802814695066
16630,-1.2697417315974038,-0.008298802814695066
16631,-1.269741731598201,-0.008298802814695066
16632,-1.2697417316017245,-0.008298802814695066
16633,-1.2697417316062627,-0.008298802814695066
16634,-1.2697417316134072,-0.008298802814695066
16635,-1.2697417316166124,-0.008298802814695066
16636,-1.2697417316317057,-0.008298802814695066
16637,-1.2697417316346165,-0.008298802814695066
16638,-1.2697417316378588,-0.008298802814695066
16639,-1.2697417316416515,-0.008298802814695066
16640,-1.2697417316516324,-0.008298802814695066
16641,-1.2697417316710085,-0.008298802814695066
16642,-1.2697417316870707,-0.008298802814695066
16643,-1.2697417316926138,-0.008298802814695066
16644,-1.2697417316933797,-0.008298802814695066
16645,-1.2697417316955513,-0.008298802814695066
16646,-1.2697417317034936,-0.008298802814695066
16647,-1.2697417317211328,-0.008298802814695066
16648,-1.2697417317342303,-0.008298802814695066
16649,-1.2697417317852213,-0.008298802814695066
16650,-1.2697417317937245,-0.008298802814695066
16651,-1.2697417318011353,-0.008298802814695066
16652,-1.2697417318067055,-0.008298802814695066
16653,-1.269741731814701,-0.008298802814695066
16654,-1.2697417318267594,-0.008298802814695066
16655,-1.2697417318285973,-0.008298802814695066
16656,-1.2697417318395252,-0.008298802814695066
16657,-1.269741731846095,-0.008298802814695066
16658,-1.2697417318636597,-0.008298802814695066
16659,-1.2697417318817579,-0.008298802814695066
16660,-1.2697417318957889,-0.008298802814695066
16661,-1.2697417319056492,-0.008298802814695066
16662,-1.269741731929295,-0.008298802814695066
16663,-1.2697417319536732,-0.008298802814695066
16664,-1.2697417319860975,-0.008298802814695066
16665,-1.2697417319889792,-0.008298802814695066
16666,-1.2697417320104145,-0.008298802814695066
16667,-1.269741732033093,-0.008298802814695066
16668,-1.2697417320333393,-0.008298802814695066
16669,-1.2697417320422326,-0.008298802814695066
16670,-1.2697417320511404,-0.008298802814695066
16671,-1.2697417320597713,-0.008298802814695066
16672,-1.2697417320831375,-0.008298802814695066
16673,-1.2697417320895088,-0.008298802814695066
16674,-1.2697417320974866,-0.008298802814695066
16675,-1.2697417321029474,-0.008298802814695066
16676,-1.2697417321183904,-0.008298802814695066
16677,-1.269741732120586,-0.008298802814695066
16678,-1.2697417321293596,-0.008298802814695066
16679,-1.269741732135036,-0.008298802814695066
16680,-1.2697417321379103,-0.008298802814695066
16681,-1.2697417321554612,-0.008298802814695066
16682,-1.2697417321670286,-0.008298802814695066
16683,-1.2697417321992193,-0.008298802814695066
16684,-1.2697417322019608,-0.008298802814695066
16685,-1.269741732202504,-0.008298802814695066
16686,-1.2697417322033235,-0.008298802814695066
16687,-1.2697417322104543,-0.008298802814695066
16688,-1.269741732215642,-0.008298802814695066
16689,-1.2697417322349214,-0.008298802814695066
16690,-1.2697417322440994,-0.008298802814695066
16691,-1.2697417322489601,-0.008298802814695066
16692,-1.2697417322676223,-0.008298802814695066
16693,-1.2697417322750957,-0.008298802814695066
16694,-1.269741732280382,-0.008298802814695066
16695,-1.2697417322860383,-0.008298802814695066
16696,-1.2697417323175513,-0.008298802814695066
16697,-1.2697417323243476,-0.008298802814695066
16698,-1.269741732334579,-0.008298802814695066
16699,-1.2697417323521611,-0.008298802814695066
16700,-1.2697417323568938,-0.008298802814695066
16701,-1.2697417323761337,-0.008298802814695066
16702,-1.2697417323876161,-0.008298802814695066
16703,-1.2697417324017228,-0.008298802814695066
16704,-1.2697417324081584,-0.008298802814695066
16705,-1.2697417324176674,-0.008298802814695066
16706,-1.2697417324214175,-0.008298802814695066
16707,-1.2697417324310005,-0.008298802814695066
16708,-1.269741732431323,-0.008298802814695066
16709,-1.2697417324349778,-0.008298802814695066
16710,-1.2697417324441524,-0.008298802814695066
16711,-1.2697417324446774,-0.008298802814695066
16712,-1.2697417324458393,-0.008298802814695066
16713,-1.2697417324488969,-0.008298802814695066
16714,-1.2697417324569893,-0.008298802814695066
16715,-1.269741732468899,-0.008298802814695066
16716,-1.2697417324721514,-0.008298802814695066
16717,-1.2697417324791482,-0.008298802814695066
16718,-1.2697417324831184,-0.008298802814695066
16719,-1.2697417325067246,-0.008298802814695066
16720,-1.2697417325193363,-0.008298802814695066
16721,-1.2697417325264744,-0.008298802814695066
16722,-1.2697417325365012,-0.008298802814695066
16723,-1.2697417325417344,-0.008298802814695066
16724,-1.2697417325451017,-0.008298802814695066
16725,-1.2697417325700306,-0.008298802814695066
16726,-1.269741732575482,-0.008298802814695066
16727,-1.269741732593254,-0.008298802814695066
16728,-1.2697417325971072,-0.008298802814695066
16729,-1.2697417325990803,-0.008298802814695066
16730,-1.2697417326039482,-0.008298802814695066
16731,-1.2697417326112612,-0.008298802814695066
16732,-1.2697417326120084,-0.008298802814695066
16733,-1.269741732618666,-0.008298802814695066
16734,-1.2697417326192864,-0.008298802814695066
16735,-1.2697417326492593,-0.008298802814695066
16736,-1.2697417326723417,-0.008298802814695066
16737,-1.2697417326840927,-0.008298802814695066
16738,-1.269741732695552,-0.008298802814695066
16739,-1.2697417327012845,-0.008298802814695066
16740,-1.2697417327042333,-0.008298802814695066
16741,-1.2697417327042964,-0.008298802814695066
16742,-1.2697417327063383,-0.008298802814695066
16743,-1.269741732709249,-0.008298802814695066
16744,-1.269741732714208,-0.008298802814695066
16745,-1.2697417327287166,-0.008298802814695066
16746,-1.2697417327387561,-0.008298802814695066
16747,-1.2697417327388767,-0.008298802814695066
16748,-1.2697417327404712,-0.008298802814695066
16749,-1.2697417327486664,-0.008298802814695066
16750,-1.2697417327727107,-0.008298802814695066
16751,-1.2697417327739895,-0.008298802814695066
16752,-1.2697417327927099,-0.008298802814695066
16753,-1.2697417327949785,-0.008298802814695066
16754,-1.269741732798936,-0.008298802814695066
16755,-1.2697417328009908,-0.008298802814695066
16756,-1.2697417328100138,-0.008298802814695066
16757,-1.2697417328286247,-0.008298802814695066
16758,-1.2697417328287337,-0.008298802814695066
16759,-1.2697417328323295,-0.008298802814695066
16760,-1.2697417328496983,-0.008298802814695066
16761,-1.2697417328568958,-0.008298802814695066
16762,-1.2697417328747864,-0.008298802814695066
16763,-1.2697417328772926,-0.008298802814695066
16764,-1.269741732892685,-0.008298802814695066
16765,-1.2697417329290914,-0.008298802814695066
16766,-1.269741732955036,-0.008298802814695066
16767,-1.2697417329551257,-0.008298802814695066
16768,-1.2697417329964795,-0.008298802814695066
16769,-1.2697417329999472,-0.008298802814695066
16770,-1.2697417330214622,-0.008298802814695066
16771,-1.2697417330219232,-0.008298802814695066
16772,-1.2697417330240492,-0.008298802814695066
16773,-1.2697417330261234,-0.008298802814695066
16774,-1.269741733030783,-0.008298802814695066
16775,-1.26974173303308,-0.008298802814695066
16776,-1.269741733069952,-0.008298802814695066
16777,-1.2697417330795866,-0.008298802814695066
16778,-1.2697417330838476,-0.008298802814695066
16779,-1.2697417330880474,-0.008298802814695066
16780,-1.269741733090312,-0.008298802814695066
16781,-1.2697417330927248,-0.008298802814695066
16782,-1.269741733095243,-0.008298802814695066
16783,-1.2697417331036058,-0.008298802814695066
16784,-1.2697417331299274,-0.008298802814695066
16785,-1.2697417331580196,-0.008298802814695066
16786,-1.2697417331669785,-0.008298802814695066
16787,-1.2697417331867293,-0.008298802814695066
16788,-1.269741733186787,-0.008298802814695066
16789,-1.2697417332008583,-0.008298802814695066
16790,-1.2697417332009546,-0.008298802814695066
16791,-1.2697417332051848,-0.008298802814695066
16792,-1.269741733216064,-0.008298802814695066
16793,-1.2697417332221062,-0.008298802814695066
16794,-1.2697417332282666,-0.008298802814695066
16795,-1.269741733258223,-0.008298802814695066
16796,-1.2697417332597336,-0.008298802814695066
16797,-1.269741733261319,-0.008298802814695066
16798,-1.2697417332669758,-0.008298802814695066
16799,-1.269741733271209,-0.008298802814695066
16800,-1.2697417332762129,-0.008298802814695066
16801,-1.269741733279258,-0.008298802814695066
16802,-1.269741733281574,-0.008298802814695066
16803,-1.2697417332898617,-0.008298802814695066
16804,-1.269741733296991,-0.008298802814695066
16805,-1.269741733326038,-0.008298802814695066
16806,-1.2697417333313286,-0.008298802814695066
16807,-1.26974173334103,-0.008298802814695066
16808,-1.2697417333518661,-0.008298802814695066
16809,-1.269741733367693,-0.008298802814695066
16810,-1.269741733389389,-0.008298802814695066
16811,-1.269741733407165,-0.008298802814695066
16812,-1.2697417334076564,-0.008298802814695066
16813,-1.2697417334126757,-0.008298802814695066
16814,-1.2697417334135739,-0.008298802814695066
16815,-1.2697417334236591,-0.008298802814695066
16816,-1.2697417334348193,-0.008298802814695066
16817,-1.2697417334368417,-0.008298802814695066
16818,-1.2697417334617949,-0.008298802814695066
16819,-1.2697417334749095,-0.008298802814695066
16820,-1.2697417334818768,-0.008298802814695066
16821,-1.2697417335212013,-0.008298802814695066
16822,-1.2697417335279442,-0.008298802814695066
16823,-1.2697417335334094,-0.008298802814695066
16824,-1.2697417335447625,-0.008298802814695066
16825,-1.2697417335746914,-0.008298802814695066
16826,-1.2697417335775885,-0.008298802814695066
16827,-1.2697417336039125,-0.008298802814695066
16828,-1.269741733604588,-0.008298802814695066
16829,-1.2697417336310028,-0.008298802814695066
16830,-1.2697417336420476,-0.008298802814695066
16831,-1.2697417336427674,-0.008298802814695066
16832,-1.2697417336482948,-0.008298802814695066
16833,-1.269741733648487,-0.008298802814695066
16834,-1.2697417336570194,-0.008298802814695066
16835,-1.269741733663778,-0.008298802814695066
16836,-1.2697417336637944,-0.008298802814695066
16837,-1.2697417336727947,-0.008298802814695066
16838,-1.2697417336755774,-0.008298802814695066
16839,-1.269741733686401,-0.008298802814695066
16840,-1.2697417336910095,-0.008298802814695066
16841,-1.2697417337067798,-0.008298802814695066
16842,-1.2697417337153403,-0.008298802814695066
16843,-1.26974173371931,-0.008298802814695066
16844,-1.269741733725672,-0.008298802814695066
16845,-1.2697417337294787,-0.008298802814695066
16846,-1.2697417337426926,-0.008298802814695066
16847,-1.2697417337535744,-0.008298802814695066
16848,-1.2697417337571197,-0.008298802814695066
16849,-1.2697417337612276,-0.008298802814695066
16850,-1.269741733765625,-0.008298802814695066
16851,-1.2697417337671815,-0.008298802814695066
16852,-1.2697417337828711,-0.008298802814695066
16853,-1.2697417337992905,-0.008298802814695066
16854,-1.2697417338311205,-0.008298802814695066
16855,-1.26974173383692,-0.008298802814695066
16856,-1.2697417338414552,-0.008298802814695066
16857,-1.269741733856198,-0.008298802814695066
16858,-1.2697417338661394,-0.008298802814695066
16859,-1.2697417338725085,-0.008298802814695066
16860,-1.2697417338770376,-0.008298802814695066
16861,-1.2697417338792132,-0.008298802814695066
16862,-1.2697417338865282,-0.008298802814695066
16863,-1.2697417338922927,-0.008298802814695066
16864,-1.2697417339150803,-0.008298802814695066
16865,-1.269741733916882,-0.008298802814695066
16866,-1.2697417339210062,-0.008298802814695066
16867,-1.2697417339221517,-0.008298802814695066
16868,-1.2697417339281234,-0.008298802814695066
16869,-1.269741733931701,-0.008298802814695066
16870,-1.2697417339321717,-0.008298802814695066
16871,-1.269741733944433,-0.008298802814695066
16872,-1.2697417339552586,-0.008298802814695066
16873,-1.2697417339648136,-0.008298802814695066
16874,-1.269741733967396,-0.008298802814695066
16875,-1.2697417339734993,-0.008298802814695066
16876,-1.2697417340120127,-0.008298802814695066
16877,-1.2697417340616366,-0.008298802814695066
16878,-1.269741734079856,-0.008298802814695066
16879,-1.269741734080587,-0.008298802814695066
16880,-1.2697417340809705,-0.008298802814695066
16881,-1.2697417340836887,-0.008298802814695066
16882,-1.2697417341055672,-0.008298802814695066
16883,-1.2697417341119857,-0.008298802814695066
16884,-1.2697417341211303,-0.008298802814695066
16885,-1.2697417341271455,-0.008298802814695066
16886,-1.2697417341353954,-0.008298802814695066
16887,-1.269741734141239,-0.008298802814695066
16888,-1.2697417341547017,-0.008298802814695066
16889,-1.269741734161202,-0.008298802814695066
16890,-1.2697417341628603,-0.008298802814695066
16891,-1.2697417341635082,-0.008298802814695066
16892,-1.2697417341652029,-0.008298802814695066
16893,-1.2697417341776231,-0.008298802814695066
16894,-1.2697417341849326,-0.008298802814695066
16895,-1.2697417341919293,-0.008298802814695066
16896,-1.2697417341923258,-0.008298802814695066
16897,-1.2697417341936967,-0.008298802814695066
16898,-1.2697417342068906,-0.008298802814695066
16899,-1.269741734219631,-0.008298802814695066
16900,-1.2697417342311246,-0.008298802814695066
16901,-1.2697417342319106,-0.008298802814695066
16902,-1.2697417342451933,-0.008298802814695066
16903,-1.2697417342565533,-0.008298802814695066
16904,-1.2697417342574484,-0.008298802814695066
16905,-1.2697417342701458,-0.008298802814695066
16906,-1.2697417342817099,-0.008298802814695066
16907,-1.2697417342930901,-0.008298802814695066
16908,-1.2697417343033377,-0.008298802814695066
16909,-1.2697417343186208,-0.008298802814695066
16910,-1.269741734319323,-0.008298802814695066
16911,-1.2697417343209505,-0.008298802814695066
16912,-1.269741734342805,-0.008298802814695066
16913,-1.2697417343484143,-0.008298802814695066
16914,-1.2697417343572794,-0.008298802814695066
16915,-1.2697417343722526,-0.008298802814695066
16916,-1.2697417343749164,-0.008298802814695066
16917,-1.269741734375242,-0.008298802814695066
16918,-1.2697417343756812,-0.008298802814695066
16919,-1.2697417343772128,-0.008298802814695066
16920,-1.2697417343787034,-0.008298802814695066
16921,-1.269741734397301,-0.008298802814695066
16922,-1.2697417344117488,-0.008298802814695066
16923,-1.2697417344267368,-0.008298802814695066
16924,-1.2697417344287416,-0.008298802814695066
16925,-1.2697417344327269,-0.008298802814695066
16926,-1.269741734433612,-0.008298802814695066
16927,-1.269741734435907,-0.008298802814695066
16928,-1.2697417344489355,-0.008298802814695066
16929,-1.2697417344496642,-0.008298802814695066
16930,-1.2697417344518334,-0.008298802814695066
16931,-1.269741734453426,-0.008298802814695066
16932,-1.2697417344536608,-0.008298802814695066
16933,-1.2697417344588953,-0.008298802814695066
16934,-1.269741734466083,-0.008298802814695066
16935,-1.2697417344797457,-0.008298802814695066
16936,-1.269741734485679,-0.008298802814695066
16937,-1.2697417344867714,-0.008298802814695066
16938,-1.269741734492693,-0.008298802814695066
16939,-1.2697417345009632,-0.008298802814695066
16940,-1.2697417345185624,-0.008298802814695066
16941,-1.2697417345283495,-0.008298802814695066
16942,-1.2697417345308148,-0.008298802814695066
16943,-1.2697417345401003,-0.008298802814695066
16944,-1.269741734564433,-0.008298802814695066
16945,-1.2697417345702429,-0.008298802814695066
16946,-1.2697417345901563,-0.008298802814695066
16947,-1.269741734619935,-0.008298802814695066
16948,-1.269741734631539,-0.008298802814695066
16949,-1.2697417346356246,-0.008298802814695066
16950,-1.2697417346501623,-0.008298802814695066
16951,-1.269741734663587,-0.008298802814695066
16952,-1.2697417346678068,-0.008298802814695066
16953,-1.2697417346781463,-0.008298802814695066
16954,-1.2697417346940283,-0.008298802814695066
16955,-1.2697417347018347,-0.008298802814695066
16956,-1.2697417347025064,-0.008298802814695066
16957,-1.2697417347062738,-0.008298802814695066
16958,-1.2697417347179072,-0.008298802814695066
16959,-1.269741734719825,-0.008298802814695066
16960,-1.2697417347504785,-0.008298802814695066
16961,-1.2697417347525572,-0.008298802814695066
16962,-1.2697417347577646,-0.008298802814695066
16963,-1.2697417347598887,-0.008298802814695066
16964,-1.2697417347649043,-0.008298802814695066
16965,-1.2697417347659008,-0.008298802814695066
16966,-1.2697417347663535,-0.008298802814695066
16967,-1.2697417347981454,-0.008298802814695066
16968,-1.269741734828591,-0.008298802814695066
16969,-1.2697417348373152,-0.008298802814695066
16970,-1.2697417348434867,-0.008298802814695066
16971,-1.2697417348496225,-0.008298802814695066
16972,-1.2697417348530895,-0.008298802814695066
16973,-1.2697417348659112,-0.008298802814695066
16974,-1.2697417348739912,-0.008298802814695066
16975,-1.2697417348819802,-0.008298802814695066
16976,-1.2697417348823319,-0.008298802814695066
16977,-1.2697417348963225,-0.008298802814695066
16978,-1.2697417349108406,-0.008298802814695066
16979,-1.2697417349232525,-0.008298802814695066
16980,-1.269741734923844,-0.008298802814695066
16981,-1.2697417349308582,-0.008298802814695066
16982,-1.2697417349356883,-0.008298802814695066
16983,-1.2697417349393858,-0.008298802814695066
16984,-1.2697417349470306,-0.008298802814695066
16985,-1.269741734948705,-0.008298802814695066
16986,-1.2697417349494091,-0.008298802814695066
16987,-1.269741734968011,-0.008298802814695066
16988,-1.269741734972707,-0.008298802814695066
16989,-1.2697417349768774,-0.008298802814695066
16990,-1.2697417349950841,-0.008298802814695066
16991,-1.2697417350026412,-0.008298802814695066
16992,-1.2697417350107838,-0.008298802814695066
16993,-1.2697417350156124,-0.008298802814695066
16994,-1.2697417350193403,-0.008298802814695066
16995,-1.2697417350195983,-0.008298802814695066
16996,-1.2697417350415467,-0.008298802814695066
16997,-1.2697417350457394,-0.008298802814695066
16998,-1.2697417350505864,-0.008298802814695066
16999,-1.2697417350547493,-0.008298802814695066
17000,-1.2697417350581397,-0.008298802814695066
17001,-1.269741735060144,-0.008298802814695066
17002,-1.2697417350608686,-0.008298802814695066
17003,-1.2697417350661933,-0.008298802814695066
17004,-1.2697417350828755,-0.008298802814695066
17005,-1.2697417350951006,-0.008298802814695066
17006,-1.2697417351001956,-0.008298802814695066
17007,-1.2697417351025369,-0.008298802814695066
17008,-1.2697417351051463,-0.008298802814695066
17009,-1.2697417351099711,-0.008298802814695066
17010,-1.2697417351106361,-0.008298802814695066
17011,-1.2697417351200546,-0.008298802814695066
17012,-1.2697417351237468,-0.008298802814695066
17013,-1.2697417351262412,-0.008298802814695066
17014,-1.2697417351362073,-0.008298802814695066
17015,-1.2697417351531155,-0.008298802814695066
17016,-1.2697417351783935,-0.008298802814695066
17017,-1.269741735193613,-0.008298802814695066
17018,-1.2697417351992897,-0.008298802814695066
17019,-1.2697417352111777,-0.008298802814695066
17020,-1.269741735217678,-0.008298802814695066
17021,-1.2697417352192863,-0.008298802814695066
17022,-1.2697417352232656,-0.008298802814695066
17023,-1.2697417352287639,-0.008298802814695066
17024,-1.2697417352294653,-0.008298802814695066
17025,-1.2697417352306923,-0.008298802814695066
17026,-1.2697417352348492,-0.008298802814695066
17027,-1.2697417352365505,-0.008298802814695066
17028,-1.2697417352381277,-0.008298802814695066
17029,-1.2697417352422897,-0.008298802814695066
17030,-1.2697417352426947,-0.008298802814695066
17031,-1.2697417352532274,-0.008298802814695066
17032,-1.269741735259173,-0.008298802814695066
17033,-1.269741735263911,-0.008298802814695066
17034,-1.2697417352645428,-0.008298802814695066
17035,-1.2697417352654643,-0.008298802814695066
17036,-1.2697417352658624,-0.008298802814695066
17037,-1.2697417352733797,-0.008298802814695066
17038,-1.269741735283247,-0.008298802814695066
17039,-1.2697417352892826,-0.008298802814695066
17040,-1.2697417352898859,-0.008298802814695066
17041,-1.2697417352974043,-0.008298802814695066
17042,-1.2697417352993163,-0.008298802814695066
17043,-1.26974173530911,-0.008298802814695066
17044,-1.269741735312911,-0.008298802814695066
17045,-1.269741735314334,-0.008298802814695066
17046,-1.269741735314907,-0.008298802814695066
17047,-1.2697417353164295,-0.008298802814695066
17048,-1.2697417353199112,-0.008298802814695066
17049,-1.2697417353201907,-0.008298802814695066
17050,-1.269741735323694,-0.008298802814695066
17051,-1.2697417353255083,-0.008298802814695066
17052,-1.2697417353315212,-0.008298802814695066
17053,-1.2697417353326812,-0.008298802814695066
17054,-1.2697417353336844,-0.008298802814695066
17055,-1.2697417353363984,-0.008298802814695066
17056,-1.2697417353375509,-0.008298802814695066
17057,-1.2697417353459333,-0.008298802814695066
17058,-1.2697417353485314,-0.008298802814695066
17059,-1.2697417353487017,-0.008298802814695066
17060,-1.2697417353565936,-0.008298802814695066
17061,-1.2697417353716594,-0.008298802814695066
17062,-1.269741735401327,-0.008298802814695066
17063,-1.269741735411312,-0.008298802814695066
17064,-1.2697417354137035,-0.008298802814695066
17065,-1.2697417354141054,-0.008298802814695066
17066,-1.2697417354154406,-0.008298802814695066
17067,-1.2697417354181673,-0.008298802814695066
17068,-1.2697417354189642,-0.008298802814695066
17069,-1.2697417354229135,-0.008298802814695066
17070,-1.2697417354287028,-0.008298802814695066
17071,-1.2697417354361857,-0.008298802814695066
17072,-1.2697417354474552,-0.008298802814695066
17073,-1.2697417354502525,-0.008298802814695066
17074,-1.269741735463601,-0.008298802814695066
17075,-1.2697417354646283,-0.008298802814695066
17076,-1.2697417354657183,-0.008298802814695066
17077,-1.2697417354715848,-0.008298802814695066
17078,-1.2697417354730889,-0.008298802814695066
17079,-1.2697417354753686,-0.008298802814695066
17080,-1.269741735491531,-0.008298802814695066
17081,-1.2697417354915854,-0.008298802814695066
17082,-1.2697417354920382,-0.008298802814695066
17083,-1.2697417354964973,-0.008298802814695066
17084,-1.269741735498936,-0.008298802814695066
17085,-1.2697417355088776,-0.008298802814695066
17086,-1.2697417355287277,-0.008298802814695066
17087,-1.2697417355300438,-0.008298802814695066
17088,-1.2697417355384073,-0.008298802814695066
17089,-1.2697417355477845,-0.008298802814695066
17090,-1.2697417355569516,-0.008298802814695066
17091,-1.2697417355612752,-0.008298802814695066
17092,-1.2697417355634801,-0.008298802814695066
17093,-1.2697417355747371,-0.008298802814695066
17094,-1.269741735585355,-0.008298802814695066
17095,-1.2697417355913088,-0.008298802814695066
17096,-1.269741735600371,-0.008298802814695066
17097,-1.2697417356046727,-0.008298802814695066
17098,-1.2697417356065022,-0.008298802814695066
17099,-1.2697417356096592,-0.008298802814695066
17100,-1.2697417356135583,-0.008298802814695066
17101,-1.2697417356158,-0.008298802814695066
17102,-1.2697417356191516,-0.008298802814695066
17103,-1.2697417356288996,-0.008298802814695066
17104,-1.269741735630701,-0.008298802814695066
17105,-1.2697417356565306,-0.008298802814695066
17106,-1.269741735660972,-0.008298802814695066
17107,-1.2697417356620782,-0.008298802814695066
17108,-1.2697417356668845,-0.008298802814695066
17109,-1.2697417356687994,-0.008298802814695066
17110,-1.2697417356762752,-0.008298802814695066
17111,-1.2697417356807026,-0.008298802814695066
17112,-1.2697417356903822,-0.008298802814695066
17113,-1.2697417356957754,-0.008298802814695066
17114,-1.2697417357024707,-0.008298802814695066
17115,-1.2697417357115444,-0.008298802814695066
17116,-1.2697417357172118,-0.008298802814695066
17117,-1.2697417357433014,-0.008298802814695066
17118,-1.269741735747479,-0.008298802814695066
17119,-1.2697417357538798,-0.008298802814695066
17120,-1.269741735778155,-0.008298802814695066
17121,-1.2697417357810405,-0.008298802814695066
17122,-1.2697417357814318,-0.008298802814695066
17123,-1.2697417357991578,-0.008298802814695066
17124,-1.2697417358000171,-0.008298802814695066
17125,-1.2697417358016898,-0.008298802814695066
17126,-1.2697417358037026,-0.008298802814695066
17127,-1.2697417358041023,-0.008298802814695066
17128,-1.2697417358206613,-0.008298802814695066
17129,-1.2697417358262222,-0.008298802814695066
17130,-1.269741735835411,-0.008298802814695066
17131,-1.269741735838851,-0.008298802814695066
17132,-1.269741735840076,-0.008298802814695066
17133,-1.2697417358423913,-0.008298802814695066
17134,-1.2697417358451535,-0.008298802814695066
17135,-1.2697417358517187,-0.008298802814695066
17136,-1.269741735855754,-0.008298802814695066
17137,-1.2697417358684135,-0.008298802814695066
17138,-1.2697417358822292,-0.008298802814695066
17139,-1.2697417358888305,-0.008298802814695066
17140,-1.2697417358940462,-0.008298802814695066
17141,-1.269741735894529,-0.008298802814695066
17142,-1.2697417358997651,-0.008298802814695066
17143,-1.2697417359006378,-0.008298802814695066
17144,-1.269741735908196,-0.008298802814695066
17145,-1.269741735908322,-0.008298802814695066
17146,-1.2697417359142107,-0.008298802814695066
17147,-1.2697417359180392,-0.008298802814695066
17148,-1.2697417359228753,-0.008298802814695066
17149,-1.2697417359243979,-0.008298802814695066
17150,-1.2697417359358076,-0.008298802814695066
17151,-1.2697417359361975,-0.008298802814695066
17152,-1.2697417359377339,-0.008298802814695066
17153,-1.2697417359404628,-0.008298802814695066
17154,-1.2697417359479966,-0.008298802814695066
17155,-1.269741735952718,-0.008298802814695066
17156,-1.2697417359542942,-0.008298802814695066
17157,-1.2697417359743506,-0.008298802814695066
17158,-1.269741735980043,-0.008298802814695066
17159,-1.2697417359825873,-0.008298802814695066
17160,-1.2697417359840237,-0.008298802814695066
17161,-1.2697417359859984,-0.008298802814695066
17162,-1.2697417359881031,-0.008298802814695066
17163,-1.2697417359986858,-0.008298802814695066
17164,-1.269741735998944,-0.008298802814695066
17165,-1.269741736011247,-0.008298802814695066
17166,-1.2697417360127354,-0.008298802814695066
17167,-1.269741736013277,-0.008298802814695066
17168,-1.2697417360291257,-0.008298802814695066
17169,-1.2697417360341423,-0.008298802814695066
17170,-1.2697417360399594,-0.008298802814695066
17171,-1.269741736041958,-0.008298802814695066
17172,-1.2697417360426129,-0.008298802814695066
17173,-1.269741736044774,-0.008298802814695066
17174,-1.2697417360518544,-0.008298802814695066
17175,-1.2697417360531185,-0.008298802814695066
17176,-1.2697417360675787,-0.008298802814695066
17177,-1.2697417360785137,-0.008298802814695066
17178,-1.2697417360799461,-0.008298802814695066
17179,-1.269741736082719,-0.008298802814695066
17180,-1.269741736083369,-0.008298802814695066
17181,-1.2697417360839895,-0.008298802814695066
17182,-1.2697417360848968,-0.008298802814695066
17183,-1.2697417360897396,-0.008298802814695066
17184,-1.2697417360949084,-0.008298802814695066
17185,-1.269741736097508,-0.008298802814695066
17186,-1.2697417361016337,-0.008298802814695066
17187,-1.2697417361026448,-0.008298802814695066
17188,-1.269741736106549,-0.008298802814695066
17189,-1.269741736115849,-0.008298802814695066
17190,-1.269741736116773,-0.008298802814695066
17191,-1.2697417361223953,-0.008298802814695066
17192,-1.2697417361237826,-0.008298802814695066
17193,-1.2697417361297698,-0.008298802814695066
17194,-1.2697417361303698,-0.008298802814695066
17195,-1.2697417361326435,-0.008298802814695066
17196,-1.2697417361368226,-0.008298802814695066
17197,-1.2697417361440304,-0.008298802814695066
17198,-1.2697417361491685,-0.008298802814695066
17199,-1.2697417361542664,-0.008298802814695066
17200,-1.269741736163156,-0.008298802814695066
17201,-1.2697417361649719,-0.008298802814695066
17202,-1.2697417361658154,-0.008298802814695066
17203,-1.269741736171723,-0.008298802814695066
17204,-1.2697417361721661,-0.008298802814695066
17205,-1.269741736172262,-0.008298802814695066
17206,-1.2697417361751993,-0.008298802814695066
17207,-1.2697417361752104,-0.008298802814695066
17208,-1.2697417361754844,-0.008298802814695066
17209,-1.269741736176504,-0.008298802814695066
17210,-1.269741736179396,-0.008298802814695066
17211,-1.269741736185811,-0.008298802814695066
17212,-1.2697417361872192,-0.008298802814695066
17213,-1.2697417361893655,-0.008298802814695066
17214,-1.2697417361907133,-0.008298802814695066
17215,-1.2697417361946242,-0.008298802814695066
17216,-1.2697417361963392,-0.008298802814695066
17217,-1.2697417361987897,-0.008298802814695066
17218,-1.2697417362034016,-0.008298802814695066
17219,-1.269741736206782,-0.008298802814695066
17220,-1.2697417362141188,-0.008298802814695066
17221,-1.269741736219205,-0.008298802814695066
17222,-1.2697417362281194,-0.008298802814695066
17223,-1.2697417362328898,-0.008298802814695066
17224,-1.269741736240324,-0.008298802814695066
17225,-1.2697417362487715,-0.008298802814695066
17226,-1.2697417362497259,-0.008298802814695066
17227,-1.2697417362505692,-0.008298802814695066
17228,-1.2697417362512082,-0.008298802814695066
17229,-1.2697417362573498,-0.008298802814695066
17230,-1.2697417362573764,-0.008298802814695066
17231,-1.269741736258266,-0.008298802814695066
17232,-1.2697417362611143,-0.008298802814695066
17233,-1.2697417362629548,-0.008298802814695066
17234,-1.2697417362632872,-0.008298802814695066
17235,-1.2697417362712833,-0.008298802814695066
17236,-1.269741736278799,-0.008298802814695066
17237,-1.2697417362791823,-0.008298802814695066
17238,-1.2697417362991958,-0.008298802814695066
17239,-1.2697417363008805,-0.008298802814695066
17240,-1.2697417363083199,-0.008298802814695066
17241,-1.2697417363089323,-0.008298802814695066
17242,-1.2697417363099728,-0.008298802814695066
17243,-1.269741736312484,-0.008298802814695066
17244,-1.2697417363149117,-0.008298802814695066
17245,-1.269741736317034,-0.008298802814695066
17246,-1.2697417363195154,-0.008298802814695066
17247,-1.2697417363205272,-0.008298802814695066
17248,-1.2697417363244068,-0.008298802814695066
17249,-1.2697417363244972,-0.008298802814695066
17250,-1.2697417363279304,-0.008298802814695066
17251,-1.2697417363283476,-0.008298802814695066
17252,-1.2697417363317451,-0.008298802814695066
17253,-1.2697417363487036,-0.008298802814695066
17254,-1.269741736354736,-0.008298802814695066
17255,-1.2697417363559869,-0.008298802814695066
17256,-1.2697417363597985,-0.008298802814695066
17257,-1.2697417363626051,-0.008298802814695066
17258,-1.2697417363794061,-0.008298802814695066
17259,-1.269741736381697,-0.008298802814695066
17260,-1.2697417363854429,-0.008298802814695066
17261,-1.2697417363918642,-0.008298802814695066
17262,-1.2697417363925858,-0.008298802814695066
17263,-1.269741736405192,-0.008298802814695066
17264,-1.269741736405483,-0.008298802814695066
17265,-1.269741736406274,-0.008298802814695066
17266,-1.2697417364075685,-0.008298802814695066
17267,-1.2697417364093069,-0.008298802814695066
17268,-1.269741736410728,-0.008298802814695066
17269,-1.2697417364117154,-0.008298802814695066
17270,-1.269741736416707,-0.008298802814695066
17271,-1.269741736420358,-0.008298802814695066
17272,-1.2697417364320793,-0.008298802814695066
17273,-1.2697417364336183,-0.008298802814695066
17274,-1.2697417364336943,-0.008298802814695066
17275,-1.2697417364365347,-0.008298802814695066
17276,-1.2697417364368588,-0.008298802814695066
17277,-1.2697417364395465,-0.008298802814695066
17278,-1.26974173644186,-0.008298802814695066
17279,-1.269741736442299,-0.008298802814695066
17280,-1.2697417364441366,-0.008298802814695066
17281,-1.2697417364454133,-0.008298802814695066
17282,-1.269741736449402,-0.008298802814695066
17283,-1.2697417364504013,-0.008298802814695066
17284,-1.269741736450442,-0.008298802814695066
17285,-1.2697417364581218,-0.008298802814695066
17286,-1.2697417364660826,-0.008298802814695066
17287,-1.2697417364673123,-0.008298802814695066
17288,-1.2697417364677186,-0.008298802814695066
17289,-1.2697417364749937,-0.008298802814695066
17290,-1.2697417364752435,-0.008298802814695066
17291,-1.2697417364828392,-0.008298802814695066
17292,-1.2697417364834052,-0.008298802814695066
17293,-1.2697417364846777,-0.008298802814695066
17294,-1.2697417364957169,-0.008298802814695066
17295,-1.2697417365038763,-0.008298802814695066
17296,-1.269741736507384,-0.008298802814695066
17297,-1.2697417365088541,-0.008298802814695066
17298,-1.2697417365121613,-0.008298802814695066
17299,-1.269741736528112,-0.008298802814695066
17300,-1.2697417365327344,-0.008298802814695066
17301,-1.2697417365416626,-0.008298802814695066
17302,-1.2697417365462806,-0.008298802814695066
17303,-1.2697417365520458,-0.008298802814695066
17304,-1.2697417365541979,-0.008298802814695066
17305,-1.2697417365562653,-0.008298802814695066
17306,-1.2697417365733366,-0.008298802814695066
17307,-1.2697417365740877,-0.008298802814695066
17308,-1.269741736579435,-0.008298802814695066
17309,-1.2697417365817423,-0.008298802814695066
17310,-1.269741736582088,-0.008298802814695066
17311,-1.2697417365841872,-0.008298802814695066
17312,-1.26974173658527,-0.008298802814695066
17313,-1.2697417365857822,-0.008298802814695066
17314,-1.269741736590401,-0.008298802814695066
17315,-1.2697417365920896,-0.008298802814695066
17316,-1.26974173659642,-0.008298802814695066
17317,-1.2697417365973278,-0.008298802814695066
17318,-1.2697417365975525,-0.008298802814695066
17319,-1.269741736601195,-0.008298802814695066
17320,-1.2697417366080614,-0.008298802814695066
17321,-1.2697417366094184,-0.008298802814695066
17322,-1.2697417366114994,-0.008298802814695066
17323,-1.269741736614954,-0.008298802814695066
17324,-1.2697417366163721,-0.008298802814695066
17325,-1.2697417366185741,-0.008298802814695066
17326,-1.2697417366188661,-0.008298802814695066
17327,-1.2697417366197916,-0.008298802814695066
17328,-1.2697417366221062,-0.008298802814695066
17329,-1.2697417366230561,-0.008298802814695066
17330,-1.2697417366234567,-0.008298802814695066
17331,-1.2697417366246047,-0.008298802814695066
17332,-1.2697417366253958,-0.008298802814695066
17333,-1.2697417366281254,-0.008298802814695066
17334,-1.2697417366363493,-0.008298802814695066
17335,-1.2697417366364259,-0.008298802814695066
17336,-1.26974173663876,-0.008298802814695066
17337,-1.269741736638926,-0.008298802814695066
17338,-1.2697417366493766,-0.008298802814695066
17339,-1.2697417366609398,-0.008298802814695066
17340,-1.26974173666737,-0.008298802814695066
17341,-1.2697417366686872,-0.008298802814695066
17342,-1.2697417366691703,-0.008298802814695066
17343,-1.269741736676209,-0.008298802814695066
17344,-1.2697417366881418,-0.008298802814695066
17345,-1.269741736699206,-0.008298802814695066
17346,-1.2697417366998633,-0.008298802814695066
17347,-1.2697417367025472,-0.008298802814695066
17348,-1.2697417367061274,-0.008298802814695066
17349,-1.269741736709042,-0.008298802814695066
17350,-1.2697417367108441,-0.008298802814695066
17351,-1.2697417367166972,-0.008298802814695066
17352,-1.269741736717172,-0.008298802814695066
17353,-1.269741736722827,-0.008298802814695066
17354,-1.2697417367329324,-0.008298802814695066
17355,-1.2697417367352297,-0.008298802814695066
17356,-1.2697417367387067,-0.008298802814695066
17357,-1.2697417367483115,-0.008298802814695066
17358,-1.2697417367589314,-0.008298802814695066
17359,-1.2697417367606794,-0.008298802814695066
17360,-1.2697417367639434,-0.008298802814695066
17361,-1.2697417367674544,-0.008298802814695066
17362,-1.2697417367686763,-0.008298802814695066
17363,-1.2697417367701147,-0.008298802814695066
17364,-1.2697417367715866,-0.008298802814695066
17365,-1.2697417367743387,-0.008298802814695066
17366,-1.2697417367793242,-0.008298802814695066
17367,-1.2697417367855508,-0.008298802814695066
17368,-1.269741736789745,-0.008298802814695066
17369,-1.269741736794222,-0.008298802814695066
17370,-1.2697417368011576,-0.008298802814695066
17371,-1.2697417368090467,-0.008298802814695066
17372,-1.2697417368127042,-0.008298802814695066
17373,-1.2697417368146358,-0.008298802814695066
17374,-1.2697417368188177,-0.008298802814695066
17375,-1.269741736820798,-0.008298802814695066
17376,-1.2697417368307982,-0.008298802814695066
17377,-1.2697417368311863,-0.008298802814695066
17378,-1.2697417368365425,-0.008298802814695066
17379,-1.26974173684544,-0.008298802814695066
17380,-1.2697417368471662,-0.008298802814695066
17381,-1.2697417368475996,-0.008298802814695066
17382,-1.2697417368483692,-0.008298802814695066
17383,-1.2697417368513106,-0.008298802814695066
17384,-1.2697417368557216,-0.008298802814695066
17385,-1.2697417368588533,-0.008298802814695066
17386,-1.269741736861237,-0.008298802814695066
17387,-1.2697417368638542,-0.008298802814695066
17388,-1.2697417368641515,-0.008298802814695066
17389,-1.2697417368729094,-0.008298802814695066
17390,-1.2697417368752744,-0.008298802814695066
17391,-1.269741736875504,-0.008298802814695066
17392,-1.2697417368858326,-0.008298802814695066
17393,-1.2697417368867308,-0.008298802814695066
17394,-1.2697417368950912,-0.008298802814695066
17395,-1.2697417368995985,-0.008298802814695066
17396,-1.269741736900716,-0.008298802814695066
17397,-1.2697417369052686,-0.008298802814695066
17398,-1.2697417369054917,-0.008298802814695066
17399,-1.269741736906395,-0.008298802814695066
17400,-1.2697417369074648,-0.008298802814695066
17401,-1.2697417369112918,-0.008298802814695066
17402,-1.269741736911637,-0.008298802814695066
17403,-1.2697417369123762,-0.008298802814695066
17404,-1.2697417369221717,-0.008298802814695066
17405,-1.269741736928335,-0.008298802814695066
17406,-1.2697417369285944,-0.008298802814695066
17407,-1.269741736930551,-0.008298802814695066
17408,-1.269741736937943,-0.008298802814695066
17409,-1.2697417369395054,-0.008298802814695066
17410,-1.2697417369466344,-0.008298802814695066
17411,-1.2697417369486252,-0.008298802814695066
17412,-1.2697417369563522,-0.008298802814695066
17413,-1.269741736959944,-0.008298802814695066
17414,-1.269741736961163,-0.008298802814695066
17415,-1.2697417369646131,-0.008298802814695066
17416,-1.2697417369684671,-0.008298802814695066
17417,-1.2697417369688009,-0.008298802814695066
17418,-1.2697417369692228,-0.008298802814695066
17419,-1.2697417369733222,-0.008298802814695066
17420,-1.2697417369759791,-0.008298802814695066
17421,-1.2697417369774375,-0.008298802814695066
17422,-1.269741736977531,-0.008298802814695066
17423,-1.2697417369794384,-0.008298802814695066
17424,-1.2697417369806268,-0.008298802814695066
17425,-1.2697417369863528,-0.008298802814695066
17426,-1.2697417369873154,-0.008298802814695066
17427,-1.2697417369912904,-0.008298802814695066
17428,-1.2697417369959418,-0.008298802814695066
17429,-1.2697417369986768,-0.008298802814695066
17430,-1.269741737002344,-0.008298802814695066
17431,-1.269741737011383,-0.008298802814695066
17432,-1.2697417370131086,-0.008298802814695066
17433,-1.2697417370186397,-0.008298802814695066
17434,-1.2697417370327737,-0.008298802814695066
17435,-1.269741737034237,-0.008298802814695066
17436,-1.2697417370369455,-0.008298802814695066
17437,-1.2697417370418216,-0.008298802814695066
17438,-1.269741737042742,-0.008298802814695066
17439,-1.2697417370455077,-0.008298802814695066
17440,-1.2697417370481705,-0.008298802814695066
17441,-1.2697417370499642,-0.008298802814695066
17442,-1.26974173705517,-0.008298802814695066
17443,-1.2697417370555841,-0.008298802814695066
17444,-1.2697417370599369,-0.008298802814695066
17445,-1.2697417370611228,-0.008298802814695066
17446,-1.269741737061778,-0.008298802814695066
17447,-1.2697417370645474,-0.008298802814695066
17448,-1.2697417370710884,-0.008298802814695066
17449,-1.2697417370716415,-0.008298802814695066
17450,-1.2697417370718276,-0.008298802814695066
17451,-1.2697417370722701,-0.008298802814695066
17452,-1.2697417370798445,-0.008298802814695066
17453,-1.2697417370826003,-0.008298802814695066
17454,-1.269741737087297,-0.008298802814695066
17455,-1.269741737090426,-0.008298802814695066
17456,-1.269741737091489,-0.008298802814695066
17457,-1.2697417370919006,-0.008298802814695066
17458,-1.2697417371027508,-0.008298802814695066
17459,-1.2697417371030022,-0.008298802814695066
17460,-1.2697417371064672,-0.008298802814695066
17461,-1.2697417371162092,-0.008298802814695066
17462,-1.2697417371177688,-0.008298802814695066
17463,-1.2697417371199091,-0.008298802814695066
17464,-1.2697417371224615,-0.008298802814695066
17465,-1.2697417371273303,-0.008298802814695066
17466,-1.269741737128919,-0.008298802814695066
17467,-1.269741737130417,-0.008298802814695066
17468,-1.269741737142016,-0.008298802814695066
17469,-1.2697417371448327,-0.008298802814695066
17470,-1.2697417371450348,-0.008298802814695066
17471,-1.2697417371519646,-0.008298802814695066
17472,-1.2697417371533721,-0.008298802814695066
17473,-1.2697417371608517,-0.008298802814695066
17474,-1.2697417371630983,-0.008298802814695066
17475,-1.269741737169816,-0.008298802814695066
17476,-1.2697417371719373,-0.008298802814695066
17477,-1.2697417371753272,-0.008298802814695066
17478,-1.2697417371765334,-0.008298802814695066
17479,-1.2697417371771205,-0.008298802814695066
17480,-1.2697417371812731,-0.008298802814695066
17481,-1.269741737182353,-0.008298802814695066
17482,-1.2697417371918795,-0.008298802814695066
17483,-1.2697417371978978,-0.008298802814695066
17484,-1.2697417371990691,-0.008298802814695066
17485,-1.2697417372059379,-0.008298802814695066
17486,-1.2697417372062998,-0.008298802814695066
17487,-1.269741737207554,-0.008298802814695066
17488,-1.2697417372078657,-0.008298802814695066
17489,-1.2697417372107465,-0.008298802814695066
17490,-1.269741737211943,-0.008298802814695066
17491,-1.2697417372167514,-0.008298802814695066
17492,-1.269741737226871,-0.008298802814695066
17493,-1.2697417372321311,-0.008298802814695066
17494,-1.2697417372356208,-0.008298802814695066
17495,-1.2697417372398445,-0.008298802814695066
17496,-1.269741737240866,-0.008298802814695066
17497,-1.2697417372445623,-0.008298802814695066
17498,-1.2697417372449062,-0.008298802814695066
17499,-1.269741737247531,-0.008298802814695066
17500,-1.2697417372487325,-0.008298802814695066
17501,-1.269741737251693,-0.008298802814695066
17502,-1.269741737253153,-0.008298802814695066
17503,-1.2697417372537998,-0.008298802814695066
17504,-1.2697417372573536,-0.008298802814695066
17505,-1.2697417372577766,-0.008298802814695066
17506,-1.2697417372627533,-0.008298802814695066
17507,-1.2697417372657658,-0.008298802814695066
17508,-1.2697417372684696,-0.008298802814695066
17509,-1.2697417372685715,-0.008298802814695066
17510,-1.2697417372703237,-0.008298802814695066
17511,-1.2697417372720998,-0.008298802814695066
17512,-1.269741737275442,-0.008298802814695066
17513,-1.2697417372758997,-0.008298802814695066
17514,-1.2697417372771906,-0.008298802814695066
17515,-1.2697417372792772,-0.008298802814695066
17516,-1.2697417372815725,-0.008298802814695066
17517,-1.2697417372937467,-0.008298802814695066
17518,-1.269741737299315,-0.008298802814695066
17519,-1.269741737299841,-0.008298802814695066
17520,-1.2697417373053277,-0.008298802814695066
17521,-1.269741737306339,-0.008298802814695066
17522,-1.2697417373080215,-0.008298802814695066
17523,-1.269741737313332,-0.008298802814695066
17524,-1.2697417373141504,-0.008298802814695066
17525,-1.2697417373150426,-0.008298802814695066
17526,-1.2697417373182724,-0.008298802814695066
17527,-1.2697417373224498,-0.008298802814695066
17528,-1.2697417373236122,-0.008298802814695066
17529,-1.2697417373241449,-0.008298802814695066
17530,-1.2697417373305746,-0.008298802814695066
17531,-1.2697417373307762,-0.008298802814695066
17532,-1.2697417373374544,-0.008298802814695066
17533,-1.2697417373383126,-0.008298802814695066
17534,-1.2697417373421889,-0.008298802814695066
17535,-1.2697417373443947,-0.008298802814695066
17536,-1.2697417373481474,-0.008298802814695066
17537,-1.2697417373529962,-0.008298802814695066
17538,-1.269741737356855,-0.008298802814695066
17539,-1.2697417373572835,-0.008298802814695066
17540,-1.2697417373671485,-0.008298802814695066
17541,-1.2697417373687019,-0.008298802814695066
17542,-1.269741737369472,-0.008298802814695066
17543,-1.26974173737571,-0.008298802814695066
17544,-1.2697417373766133,-0.008298802814695066
17545,-1.2697417373771274,-0.008298802814695066
17546,-1.2697417373848081,-0.008298802814695066
17547,-1.2697417373851465,-0.008298802814695066
17548,-1.2697417373859419,-0.008298802814695066
17549,-1.2697417373859718,-0.008298802814695066
17550,-1.2697417373870052,-0.008298802814695066
17551,-1.2697417373913313,-0.008298802814695066
17552,-1.2697417373933177,-0.008298802814695066
17553,-1.2697417373938973,-0.008298802814695066
17554,-1.2697417373981408,-0.008298802814695066
17555,-1.2697417374090496,-0.008298802814695066
17556,-1.2697417374140592,-0.008298802814695066
17557,-1.2697417374151176,-0.008298802814695066
17558,-1.2697417374155053,-0.008298802814695066
17559,-1.2697417374320965,-0.008298802814695066
17560,-1.2697417374399214,-0.008298802814695066
17561,-1.2697417374405333,-0.008298802814695066
17562,-1.2697417374418654,-0.008298802814695066
17563,-1.2697417374488984,-0.008298802814695066
17564,-1.2697417374503779,-0.008298802814695066
17565,-1.269741737463633,-0.008298802814695066
17566,-1.2697417374642872,-0.008298802814695066
17567,-1.269741737465237,-0.008298802814695066
17568,-1.2697417374724234,-0.008298802814695066
17569,-1.2697417374740498,-0.008298802814695066
17570,-1.2697417374754891,-0.008298802814695066
17571,-1.2697417374758897,-0.008298802814695066
17572,-1.2697417374842592,-0.008298802814695066
17573,-1.26974173748549,-0.008298802814695066
17574,-1.2697417374864304,-0.008298802814695066
17575,-1.2697417374908948,-0.008298802814695066
17576,-1.2697417374964952,-0.008298802814695066
17577,-1.2697417375083062,-0.008298802814695066
17578,-1.2697417375132372,-0.008298802814695066
17579,-1.2697417375146203,-0.008298802814695066
17580,-1.2697417375168427,-0.008298802814695066
17581,-1.2697417375199085,-0.008298802814695066
17582,-1.2697417375251625,-0.008298802814695066
17583,-1.2697417375270321,-0.008298802814695066
17584,-1.2697417375275657,-0.008298802814695066
17585,-1.2697417375279891,-0.008298802814695066
17586,-1.2697417375309643,-0.008298802814695066
17587,-1.2697417375331135,-0.008298802814695066
17588,-1.2697417375349114,-0.008298802814695066
17589,-1.2697417375394844,-0.008298802814695066
17590,-1.269741737544066,-0.008298802814695066
17591,-1.2697417375473292,-0.008298802814695066
17592,-1.2697417375540403,-0.008298802814695066
17593,-1.2697417375588484,-0.008298802814695066
17594,-1.269741737561815,-0.008298802814695066
17595,-1.2697417375654731,-0.008298802814695066
17596,-1.2697417375672102,-0.008298802814695066
17597,-1.2697417375691353,-0.008298802814695066
17598,-1.2697417375692277,-0.008298802814695066
17599,-1.2697417375697424,-0.008298802814695066
17600,-1.2697417375775109,-0.008298802814695066
17601,-1.2697417375779798,-0.008298802814695066
17602,-1.2697417375781463,-0.008298802814695066
17603,-1.2697417375811502,-0.008298802814695066
17604,-1.2697417375835922,-0.008298802814695066
17605,-1.269741737592396,-0.008298802814695066
17606,-1.2697417375932782,-0.008298802814695066
17607,-1.2697417376015667,-0.008298802814695066
17608,-1.2697417376018612,-0.008298802814695066
17609,-1.2697417376036326,-0.008298802814695066
17610,-1.2697417376039222,-0.008298802814695066
17611,-1.2697417376042694,-0.008298802814695066
17612,-1.269741737605613,-0.008298802814695066
17613,-1.2697417376088205,-0.008298802814695066
17614,-1.269741737609046,-0.008298802814695066
17615,-1.2697417376106022,-0.008298802814695066
17616,-1.2697417376107953,-0.008298802814695066
17617,-1.2697417376195848,-0.008298802814695066
17618,-1.2697417376205897,-0.008298802814695066
17619,-1.2697417376272226,-0.008298802814695066
17620,-1.2697417376311,-0.008298802814695066
17621,-1.269741737636863,-0.008298802814695066
17622,-1.269741737641343,-0.008298802814695066
17623,-1.269741737642494,-0.008298802814695066
17624,-1.2697417376437785,-0.008298802814695066
17625,-1.2697417376455131,-0.008298802814695066
17626,-1.2697417376510163,-0.008298802814695066
17627,-1.2697417376524491,-0.008298802814695066
17628,-1.269741737656921,-0.008298802814695066
17629,-1.2697417376577531,-0.008298802814695066
17630,-1.26974173766217,-0.008298802814695066
17631,-1.2697417376693696,-0.008298802814695066
17632,-1.2697417376720073,-0.008298802814695066
17633,-1.2697417376777593,-0.008298802814695066
17634,-1.2697417376788271,-0.008298802814695066
17635,-1.2697417376789346,-0.008298802814695066
17636,-1.2697417376818447,-0.008298802814695066
17637,-1.2697417376886293,-0.008298802814695066
17638,-1.2697417376901499,-0.008298802814695066
17639,-1.2697417376929987,-0.008298802814695066
17640,-1.2697417376969828,-0.008298802814695066
17641,-1.2697417377009395,-0.008298802814695066
17642,-1.269741737701626,-0.008298802814695066
17643,-1.2697417377044142,-0.008298802814695066
17644,-1.269741737706846,-0.008298802814695066
17645,-1.269741737708503,-0.008298802814695066
17646,-1.2697417377149276,-0.008298802814695066
17647,-1.2697417377157798,-0.008298802814695066
17648,-1.2697417377160076,-0.008298802814695066
17649,-1.2697417377171434,-0.008298802814695066
17650,-1.2697417377176756,-0.008298802814695066
17651,-1.2697417377199103,-0.008298802814695066
17652,-1.2697417377228277,-0.008298802814695066
17653,-1.2697417377304765,-0.008298802814695066
17654,-1.2697417377304783,-0.008298802814695066
17655,-1.2697417377321345,-0.008298802814695066
17656,-1.2697417377394544,-0.008298802814695066
17657,-1.269741737739575,-0.008298802814695066
17658,-1.2697417377412679,-0.008298802814695066
17659,-1.2697417377422138,-0.008298802814695066
17660,-1.269741737743317,-0.008298802814695066
17661,-1.269741737747192,-0.008298802814695066
17662,-1.2697417377482267,-0.008298802814695066
17663,-1.2697417377483025,-0.008298802814695066
17664,-1.2697417377493916,-0.008298802814695066
17665,-1.2697417377505973,-0.008298802814695066
17666,-1.2697417377521358,-0.008298802814695066
17667,-1.2697417377548939,-0.008298802814695066
17668,-1.2697417377569948,-0.008298802814695066
17669,-1.2697417377585325,-0.008298802814695066
17670,-1.2697417377597175,-0.008298802814695066
17671,-1.2697417377682223,-0.008298802814695066
17672,-1.2697417377698164,-0.008298802814695066
17673,-1.2697417377713638,-0.008298802814695066
17674,-1.2697417377734699,-0.008298802814695066
17675,-1.2697417377750257,-0.008298802814695066
17676,-1.2697417377802909,-0.008298802814695066
17677,-1.2697417377817395,-0.008298802814695066
17678,-1.2697417377884639,-0.008298802814695066
17679,-1.2697417377923543,-0.008298802814695066
17680,-1.2697417377938012,-0.008298802814695066
17681,-1.2697417377951719,-0.008298802814695066
17682,-1.2697417377966218,-0.008298802814695066
17683,-1.2697417377970115,-0.008298802814695066
17684,-1.2697417378004636,-0.008298802814695066
17685,-1.2697417378009637,-0.008298802814695066
17686,-1.2697417378019864,-0.008298802814695066
17687,-1.2697417378106226,-0.008298802814695066
17688,-1.2697417378110474,-0.008298802814695066
17689,-1.2697417378131435,-0.008298802814695066
17690,-1.2697417378163127,-0.008298802814695066
17691,-1.269741737818883,-0.008298802814695066
17692,-1.2697417378199236,-0.008298802814695066
17693,-1.2697417378223985,-0.008298802814695066
17694,-1.269741737823332,-0.008298802814695066
17695,-1.2697417378238285,-0.008298802814695066
17696,-1.269741737824548,-0.008298802814695066
17697,-1.269741737825685,-0.008298802814695066
17698,-1.2697417378282048,-0.008298802814695066
17699,-1.2697417378298197,-0.008298802814695066
17700,-1.2697417378321683,-0.008298802814695066
17701,-1.2697417378331315,-0.008298802814695066
17702,-1.2697417378369673,-0.008298802814695066
17703,-1.269741737839894,-0.008298802814695066
17704,-1.269741737843741,-0.008298802814695066
17705,-1.2697417378452167,-0.008298802814695066
17706,-1.269741737848006,-0.008298802814695066
17707,-1.2697417378548383,-0.008298802814695066
17708,-1.26974173785593,-0.008298802814695066
17709,-1.269741737857901,-0.008298802814695066
17710,-1.2697417378619442,-0.008298802814695066
17711,-1.2697417378667923,-0.008298802814695066
17712,-1.2697417378670561,-0.008298802814695066
17713,-1.269741737869075,-0.008298802814695066
17714,-1.2697417378696974,-0.008298802814695066
17715,-1.2697417378721485,-0.008298802814695066
17716,-1.269741737873172,-0.008298802814695066
17717,-1.2697417378866604,-0.008298802814695066
17718,-1.2697417378900961,-0.008298802814695066
17719,-1.2697417378915816,-0.008298802814695066
17720,-1.2697417378940146,-0.008298802814695066
17721,-1.269741737895729,-0.008298802814695066
17722,-1.2697417378983957,-0.008298802814695066
17723,-1.2697417378990288,-0.008298802814695066
17724,-1.269741737903485,-0.008298802814695066
17725,-1.2697417379101226,-0.008298802814695066
17726,-1.2697417379112612,-0.008298802814695066
17727,-1.2697417379135627,-0.008298802814695066
17728,-1.2697417379142886,-0.008298802814695066
17729,-1.2697417379172087,-0.008298802814695066
17730,-1.2697417379173117,-0.008298802814695066
17731,-1.269741737923396,-0.008298802814695066
17732,-1.2697417379235534,-0.008298802814695066
17733,-1.2697417379241935,-0.008298802814695066
17734,-1.2697417379261422,-0.008298802814695066
17735,-1.2697417379274851,-0.008298802814695066
17736,-1.2697417379282774,-0.008298802814695066
17737,-1.2697417379285976,-0.008298802814695066
17738,-1.2697417379314322,-0.008298802814695066
17739,-1.2697417379338924,-0.008298802814695066
17740,-1.2697417379388805,-0.008298802814695066
17741,-1.2697417379405915,-0.008298802814695066
17742,-1.2697417379436708,-0.008298802814695066
17743,-1.269741737949913,-0.008298802814695066
17744,-1.269741737954038,-0.008298802814695066
17745,-1.2697417379578768,-0.008298802814695066
17746,-1.2697417379592477,-0.008298802814695066
17747,-1.2697417379635416,-0.008298802814695066
17748,-1.2697417379689842,-0.008298802814695066
17749,-1.2697417379716889,-0.008298802814695066
17750,-1.2697417379768783,-0.008298802814695066
17751,-1.2697417379782787,-0.008298802814695066
17752,-1.2697417379818403,-0.008298802814695066
17753,-1.269741737982045,-0.008298802814695066
17754,-1.2697417379830784,-0.008298802814695066
17755,-1.269741737984249,-0.008298802814695066
17756,-1.2697417379844653,-0.008298802814695066
17757,-1.2697417379850975,-0.008298802814695066
17758,-1.2697417379855929,-0.008298802814695066
17759,-1.2697417379914553,-0.008298802814695066
17760,-1.2697417379941243,-0.008298802814695066
17761,-1.2697417379944222,-0.008298802814695066
17762,-1.2697417379999822,-0.008298802814695066
17763,-1.2697417380020395,-0.008298802814695066
17764,-1.2697417380038152,-0.008298802814695066
17765,-1.269741738007528,-0.008298802814695066
17766,-1.2697417380088585,-0.008298802814695066
17767,-1.2697417380155036,-0.008298802814695066
17768,-1.269741738016092,-0.008298802814695066
17769,-1.2697417380177982,-0.008298802814695066
17770,-1.2697417380180418,-0.008298802814695066
17771,-1.269741738020117,-0.008298802814695066
17772,-1.2697417380230367,-0.008298802814695066
17773,-1.269741738026775,-0.008298802814695066
17774,-1.2697417380268696,-0.008298802814695066
17775,-1.2697417380273939,-0.008298802814695066
17776,-1.2697417380283282,-0.008298802814695066
17777,-1.2697417380296576,-0.008298802814695066
17778,-1.269741738032638,-0.008298802814695066
17779,-1.26974173803806,-0.008298802814695066
17780,-1.2697417380397626,-0.008298802814695066
17781,-1.269741738039863,-0.008298802814695066
17782,-1.269741738042207,-0.008298802814695066
17783,-1.2697417380437177,-0.008298802814695066
17784,-1.269741738050992,-0.008298802814695066
17785,-1.2697417380523408,-0.008298802814695066
17786,-1.2697417380534848,-0.008298802814695066
17787,-1.269741738056492,-0.008298802814695066
17788,-1.2697417380624907,-0.008298802814695066
17789,-1.2697417380651637,-0.008298802814695066
17790,-1.2697417380685587,-0.008298802814695066
17791,-1.269741738071808,-0.008298802814695066
17792,-1.2697417380720006,-0.008298802814695066
17793,-1.269741738072403,-0.008298802814695066
17794,-1.2697417380773555,-0.008298802814695066
17795,-1.2697417380775924,-0.008298802814695066
17796,-1.2697417380779354,-0.008298802814695066
17797,-1.2697417380787774,-0.008298802814695066
17798,-1.2697417380834057,-0.008298802814695066
17799,-1.2697417380846538,-0.008298802814695066
17800,-1.2697417380905598,-0.008298802814695066
17801,-1.2697417380912663,-0.008298802814695066
17802,-1.2697417380938036,-0.008298802814695066
17803,-1.2697417380943044,-0.008298802814695066
17804,-1.2697417380955835,-0.008298802814695066
17805,-1.2697417380962663,-0.008298802814695066
17806,-1.2697417381037948,-0.008298802814695066
17807,-1.269741738105663,-0.008298802814695066
17808,-1.2697417381080358,-0.008298802814695066
17809,-1.2697417381112723,-0.008298802814695066
17810,-1.2697417381130807,-0.008298802814695066
17811,-1.2697417381131033,-0.008298802814695066
17812,-1.269741738121569,-0.008298802814695066
17813,-1.2697417381245093,-0.008298802814695066
17814,-1.2697417381292353,-0.008298802814695066
17815,-1.2697417381302505,-0.008298802814695066
17816,-1.2697417381315748,-0.008298802814695066
17817,-1.269741738131807,-0.008298802814695066
17818,-1.2697417381324918,-0.008298802814695066
17819,-1.2697417381348832,-0.008298802814695066
17820,-1.2697417381359475,-0.008298802814695066
17821,-1.2697417381366538,-0.008298802814695066
17822,-1.2697417381393317,-0.008298802814695066
17823,-1.269741738145634,-0.008298802814695066
17824,-1.2697417381476992,-0.008298802814695066
17825,-1.2697417381507996,-0.008298802814695066
17826,-1.2697417381527107,-0.008298802814695066
17827,-1.2697417381568434,-0.008298802814695066
17828,-1.2697417381628484,-0.008298802814695066
17829,-1.2697417381631502,-0.008298802814695066
17830,-1.2697417381632428,-0.008298802814695066
17831,-1.2697417381656833,-0.008298802814695066
17832,-1.2697417381673708,-0.008298802814695066
17833,-1.2697417381684866,-0.008298802814695066
17834,-1.269741738170461,-0.008298802814695066
17835,-1.2697417381742722,-0.008298802814695066
17836,-1.2697417381748766,-0.008298802814695066
17837,-1.2697417381758254,-0.008298802814695066
17838,-1.2697417381777043,-0.008298802814695066
17839,-1.2697417381852096,-0.008298802814695066
17840,-1.2697417381874927,-0.008298802814695066
17841,-1.269741738188304,-0.008298802814695066
17842,-1.2697417381888798,-0.008298802814695066
17843,-1.2697417381892637,-0.008298802814695066
17844,-1.2697417381929856,-0.008298802814695066
17845,-1.2697417381932514,-0.008298802814695066
17846,-1.2697417381937675,-0.008298802814695066
17847,-1.2697417381941958,-0.008298802814695066
17848,-1.2697417381949614,-0.008298802814695066
17849,-1.2697417381952874,-0.008298802814695066
17850,-1.2697417381970353,-0.008298802814695066
17851,-1.269741738199941,-0.008298802814695066
17852,-1.2697417382010943,-0.008298802814695066
17853,-1.2697417382031282,-0.008298802814695066
17854,-1.2697417382052913,-0.008298802814695066
17855,-1.2697417382062408,-0.008298802814695066
17856,-1.2697417382107785,-0.008298802814695066
17857,-1.2697417382114855,-0.008298802814695066
17858,-1.2697417382116678,-0.008298802814695066
17859,-1.2697417382125509,-0.008298802814695066
17860,-1.2697417382134861,-0.008298802814695066
17861,-1.269741738218166,-0.008298802814695066
17862,-1.2697417382185348,-0.008298802814695066
17863,-1.2697417382192302,-0.008298802814695066
17864,-1.2697417382213907,-0.008298802814695066
17865,-1.2697417382232352,-0.008298802814695066
17866,-1.269741738224178,-0.008298802814695066
17867,-1.26974173822434,-0.008298802814695066
17868,-1.2697417382276661,-0.008298802814695066
17869,-1.269741738228404,-0.008298802814695066
17870,-1.2697417382298863,-0.008298802814695066
17871,-1.2697417382299063,-0.008298802814695066
17872,-1.2697417382303673,-0.008298802814695066
17873,-1.269741738235756,-0.008298802814695066
17874,-1.2697417382363911,-0.008298802814695066
17875,-1.2697417382389342,-0.008298802814695066
17876,-1.2697417382396852,-0.008298802814695066
17877,-1.2697417382420586,-0.008298802814695066
17878,-1.2697417382431158,-0.008298802814695066
17879,-1.2697417382476466,-0.008298802814695066
17880,-1.269741738247775,-0.008298802814695066
17881,-1.269741738248892,-0.008298802814695066
17882,-1.2697417382498362,-0.008298802814695066
17883,-1.2697417382510996,-0.008298802814695066
17884,-1.2697417382516658,-0.008298802814695066
17885,-1.2697417382538303,-0.008298802814695066
17886,-1.2697417382566853,-0.008298802814695066
17887,-1.2697417382579905,-0.008298802814695066
17888,-1.2697417382588196,-0.008298802814695066
17889,-1.2697417382589458,-0.008298802814695066
17890,-1.2697417382592084,-0.008298802814695066
17891,-1.2697417382616925,-0.008298802814695066
17892,-1.2697417382617342,-0.008298802814695066
17893,-1.2697417382617537,-0.008298802814695066
17894,-1.269741738270102,-0.008298802814695066
17895,-1.2697417382731864,-0.008298802814695066
17896,-1.2697417382737943,-0.008298802814695066
17897,-1.2697417382755252,-0.008298802814695066
17898,-1.269741738277506,-0.008298802814695066
17899,-1.2697417382799197,-0.008298802814695066
17900,-1.2697417382815672,-0.008298802814695066
17901,-1.2697417382817926,-0.008298802814695066
17902,-1.2697417382828213,-0.008298802814695066
17903,-1.269741738283369,-0.008298802814695066
17904,-1.2697417382845442,-0.008298802814695066
17905,-1.2697417382855651,-0.008298802814695066
17906,-1.2697417382863214,-0.008298802814695066
17907,-1.2697417382870135,-0.008298802814695066
17908,-1.2697417382876082,-0.008298802814695066
17909,-1.2697417382893166,-0.008298802814695066
17910,-1.269741738291085,-0.008298802814695066
17911,-1.2697417382921805,-0.008298802814695066
17912,-1.2697417382947276,-0.008298802814695066
17913,-1.2697417382977894,-0.008298802814695066
17914,-1.2697417382982386,-0.008298802814695066
17915,-1.269741738298734,-0.008298802814695066
17916,-1.2697417383034384,-0.008298802814695066
17917,-1.2697417383037906,-0.008298802814695066
17918,-1.2697417383063616,-0.008298802814695066
17919,-1.2697417383068426,-0.008298802814695066
17920,-1.269741738306903,-0.008298802814695066
17921,-1.2697417383070952,-0.008298802814695066
17922,-1.269741738308617,-0.008298802814695066
17923,-1.2697417383097118,-0.008298802814695066
17924,-1.269741738310194,-0.008298802814695066
17925,-1.2697417383129244,-0.008298802814695066
17926,-1.2697417383131044,-0.008298802814695066
17927,-1.269741738313198,-0.008298802814695066
17928,-1.2697417383138698,-0.008298802814695066
17929,-1.2697417383146796,-0.008298802814695066
17930,-1.2697417383169687,-0.008298802814695066
17931,-1.2697417383185199,-0.008298802814695066
17932,-1.269741738319813,-0.008298802814695066
17933,-1.269741738322034,-0.008298802814695066
17934,-1.2697417383227756,-0.008298802814695066
17935,-1.2697417383272136,-0.008298802814695066
17936,-1.2697417383291139,-0.008298802814695066
17937,-1.2697417383300764,-0.008298802814695066
17938,-1.2697417383304161,-0.008298802814695066
17939,-1.2697417383327143,-0.008298802814695066
17940,-1.2697417383329823,-0.008298802814695066
17941,-1.2697417383330687,-0.008298802814695066
17942,-1.2697417383331921,-0.008298802814695066
17943,-1.2697417383366407,-0.008298802814695066
17944,-1.2697417383370269,-0.008298802814695066
17945,-1.2697417383379321,-0.008298802814695066
17946,-1.2697417383385496,-0.008298802814695066
17947,-1.2697417383385918,-0.008298802814695066
17948,-1.2697417383493708,-0.008298802814695066
17949,-1.269741738350231,-0.008298802814695066
17950,-1.2697417383506813,-0.008298802814695066
17951,-1.269741738352052,-0.008298802814695066
17952,-1.2697417383558354,-0.008298802814695066
17953,-1.2697417383578289,-0.008298802814695066
17954,-1.2697417383592784,-0.008298802814695066
17955,-1.2697417383597043,-0.008298802814695066
17956,-1.2697417383625278,-0.008298802814695066
17957,-1.2697417383625689,-0.008298802814695066
17958,-1.2697417383630558,-0.008298802814695066
17959,-1.2697417383725906,-0.008298802814695066
17960,-1.269741738374285,-0.008298802814695066
17961,-1.2697417383743368,-0.008298802814695066
17962,-1.2697417383757406,-0.008298802814695066
17963,-1.2697417383762533,-0.008298802814695066
17964,-1.2697417383769516,-0.008298802814695066
17965,-1.2697417383769831,-0.008298802814695066
17966,-1.2697417383771676,-0.008298802814695066
17967,-1.2697417383774394,-0.008298802814695066
17968,-1.269741738378972,-0.008298802814695066
17969,-1.2697417383793814,-0.008298802814695066
17970,-1.269741738380574,-0.008298802814695066
17971,-1.2697417383831255,-0.008298802814695066
17972,-1.2697417383851688,-0.008298802814695066
17973,-1.2697417383853815,-0.008298802814695066
17974,-1.2697417383887943,-0.008298802814695066
17975,-1.2697417383898941,-0.008298802814695066
17976,-1.2697417383960161,-0.008298802814695066
17977,-1.269741738397771,-0.008298802814695066
17978,-1.269741738398603,-0.008298802814695066
17979,-1.2697417384018448,-0.008298802814695066
17980,-1.26974173840272,-0.008298802814695066
17981,-1.2697417384042036,-0.008298802814695066
17982,-1.26974173840421,-0.008298802814695066
17983,-1.2697417384075256,-0.008298802814695066
17984,-1.2697417384166518,-0.008298802814695066
17985,-1.2697417384184495,-0.008298802814695066
17986,-1.269741738419267,-0.008298802814695066
17987,-1.2697417384196672,-0.008298802814695066
17988,-1.269741738419756,-0.008298802814695066
17989,-1.2697417384197967,-0.008298802814695066
17990,-1.2697417384198912,-0.008298802814695066
17991,-1.2697417384221756,-0.008298802814695066
17992,-1.2697417384227938,-0.008298802814695066
17993,-1.2697417384248304,-0.008298802814695066
17994,-1.26974173842736,-0.008298802814695066
17995,-1.2697417384282361,-0.008298802814695066
17996,-1.2697417384284804,-0.008298802814695066
17997,-1.2697417384299596,-0.008298802814695066
17998,-1.2697417384300773,-0.008298802814695066
17999,-1.2697417384306644,-0.008298802814695066
18000,-1.2697417384313483,-0.008298802814695066
18001,-1.269741738431873,-0.008298802814695066
18002,-1.2697417384336078,-0.008298802814695066
18003,-1.2697417384365322,-0.008298802814695066
18004,-1.2697417384419805,-0.008298802814695066
18005,-1.2697417384428555,-0.008298802814695066
18006,-1.2697417384433352,-0.008298802814695066
18007,-1.2697417384474465,-0.008298802814695066
18008,-1.2697417384487486,-0.008298802814695066
18009,-1.2697417384581056,-0.008298802814695066
18010,-1.2697417384586644,-0.008298802814695066
18011,-1.2697417384614342,-0.008298802814695066
18012,-1.2697417384632663,-0.008298802814695066
18013,-1.269741738464518,-0.008298802814695066
18014,-1.26974173846799,-0.008298802814695066
18015,-1.269741738469162,-0.008298802814695066
18016,-1.269741738471351,-0.008298802814695066
18017,-1.269741738471916,-0.008298802814695066
18018,-1.2697417384739107,-0.008298802814695066
18019,-1.2697417384828675,-0.008298802814695066
18020,-1.269741738486283,-0.008298802814695066
18021,-1.2697417384881107,-0.008298802814695066
18022,-1.2697417384885126,-0.008298802814695066
18023,-1.2697417384897518,-0.008298802814695066
18024,-1.269741738490528,-0.008298802814695066
18025,-1.2697417384912382,-0.008298802814695066
18026,-1.2697417384912468,-0.008298802814695066
18027,-1.2697417384913112,-0.008298802814695066
18028,-1.2697417384922502,-0.008298802814695066
18029,-1.2697417384943055,-0.008298802814695066
18030,-1.2697417384981522,-0.008298802814695066
18031,-1.2697417384987377,-0.008298802814695066
18032,-1.2697417385048437,-0.008298802814695066
18033,-1.2697417385052883,-0.008298802814695066
18034,-1.2697417385055993,-0.008298802814695066
18035,-1.2697417385067624,-0.008298802814695066
18036,-1.2697417385078327,-0.008298802814695066
18037,-1.2697417385099712,-0.008298802814695066
18038,-1.2697417385106105,-0.008298802814695066
18039,-1.2697417385139598,-0.008298802814695066
18040,-1.2697417385156813,-0.008298802814695066
18041,-1.2697417385196024,-0.008298802814695066
18042,-1.269741738520228,-0.008298802814695066
18043,-1.2697417385217884,-0.008298802814695066
18044,-1.2697417385221823,-0.008298802814695066
18045,-1.2697417385248086,-0.008298802814695066
18046,-1.2697417385257495,-0.008298802814695066
18047,-1.2697417385270413,-0.008298802814695066
18048,-1.269741738530492,-0.008298802814695066
18049,-1.2697417385339365,-0.008298802814695066
18050,-1.26974173853464,-0.008298802814695066
18051,-1.2697417385356977,-0.008298802814695066
18052,-1.2697417385358514,-0.008298802814695066
18053,-1.269741738536114,-0.008298802814695066
18054,-1.2697417385361618,-0.008298802814695066
18055,-1.2697417385364218,-0.008298802814695066
18056,-1.2697417385376566,-0.008298802814695066
18057,-1.2697417385385428,-0.008298802814695066
18058,-1.2697417385417897,-0.008298802814695066
18059,-1.269741738542728,-0.008298802814695066
18060,-1.269741738543644,-0.008298802814695066
18061,-1.269741738543659,-0.008298802814695066
18062,-1.2697417385438379,-0.008298802814695066
18063,-1.2697417385449745,-0.008298802814695066
18064,-1.2697417385453798,-0.008298802814695066
18065,-1.2697417385460423,-0.008298802814695066
18066,-1.2697417385466863,-0.008298802814695066
18067,-1.2697417385471375,-0.008298802814695066
18068,-1.2697417385504426,-0.008298802814695066
18069,-1.2697417385513958,-0.008298802814695066
18070,-1.2697417385519116,-0.008298802814695066
18071,-1.2697417385543246,-0.008298802814695066
18072,-1.2697417385576966,-0.008298802814695066
18073,-1.2697417385595193,-0.008298802814695066
18074,-1.269741738560396,-0.008298802814695066
18075,-1.2697417385615855,-0.008298802814695066
18076,-1.2697417385616654,-0.008298802814695066
18077,-1.2697417385623995,-0.008298802814695066
18078,-1.269741738562538,-0.008298802814695066
18079,-1.2697417385626766,-0.008298802814695066
18080,-1.269741738564871,-0.008298802814695066
18081,-1.2697417385664902,-0.008298802814695066
18082,-1.2697417385669654,-0.008298802814695066
18083,-1.2697417385670382,-0.008298802814695066
18084,-1.2697417385677348,-0.008298802814695066
18085,-1.2697417385691472,-0.008298802814695066
18086,-1.269741738570749,-0.008298802814695066
18087,-1.2697417385709027,-0.008298802814695066
18088,-1.269741738571452,-0.008298802814695066
18089,-1.2697417385719338,-0.008298802814695066
18090,-1.2697417385724317,-0.008298802814695066
18091,-1.2697417385727081,-0.008298802814695066
18092,-1.2697417385732213,-0.008298802814695066
18093,-1.2697417385739422,-0.008298802814695066
18094,-1.2697417385743777,-0.008298802814695066
18095,-1.2697417385761252,-0.008298802814695066
18096,-1.2697417385787493,-0.008298802814695066
18097,-1.2697417385791807,-0.008298802814695066
18098,-1.2697417385798482,-0.008298802814695066
18099,-1.2697417385817151,-0.008298802814695066
18100,-1.2697417385874419,-0.008298802814695066
18101,-1.2697417385882748,-0.008298802814695066
18102,-1.2697417385886982,-0.008298802814695066
18103,-1.2697417385887737,-0.008298802814695066
18104,-1.2697417385889922,-0.008298802814695066
18105,-1.2697417385893413,-0.008298802814695066
18106,-1.269741738589453,-0.008298802814695066
18107,-1.2697417385895635,-0.008298802814695066
18108,-1.2697417385929626,-0.008298802814695066
18109,-1.2697417386001104,-0.008298802814695066
18110,-1.269741738601819,-0.008298802814695066
18111,-1.2697417386018772,-0.008298802814695066
18112,-1.2697417386030587,-0.008298802814695066
18113,-1.2697417386042429,-0.008298802814695066
18114,-1.2697417386056702,-0.008298802814695066
18115,-1.2697417386061978,-0.008298802814695066
18116,-1.2697417386073504,-0.008298802814695066
18117,-1.2697417386080074,-0.008298802814695066
18118,-1.2697417386103096,-0.008298802814695066
18119,-1.2697417386121952,-0.008298802814695066
18120,-1.2697417386125593,-0.008298802814695066
18121,-1.269741738613303,-0.008298802814695066
18122,-1.2697417386205347,-0.008298802814695066
18123,-1.2697417386253904,-0.008298802814695066
18124,-1.2697417386260137,-0.008298802814695066
18125,-1.26974173862656,-0.008298802814695066
18126,-1.269741738627271,-0.008298802814695066
18127,-1.2697417386275187,-0.008298802814695066
18128,-1.2697417386290768,-0.008298802814695066
18129,-1.2697417386295207,-0.008298802814695066
18130,-1.2697417386300183,-0.008298802814695066
18131,-1.2697417386339096,-0.008298802814695066
18132,-1.2697417386364882,-0.008298802814695066
18133,-1.2697417386400325,-0.008298802814695066
18134,-1.2697417386402279,-0.008298802814695066
18135,-1.2697417386408811,-0.008298802814695066
18136,-1.2697417386435197,-0.008298802814695066
18137,-1.2697417386437575,-0.008298802814695066
18138,-1.269741738643951,-0.008298802814695066
18139,-1.269741738644285,-0.008298802814695066
18140,-1.269741738645392,-0.008298802814695066
18141,-1.2697417386461154,-0.008298802814695066
18142,-1.2697417386465641,-0.008298802814695066
18143,-1.2697417386468546,-0.008298802814695066
18144,-1.2697417386469172,-0.008298802814695066
18145,-1.269741738649513,-0.008298802814695066
18146,-1.2697417386499776,-0.008298802814695066
18147,-1.2697417386527037,-0.008298802814695066
18148,-1.2697417386555792,-0.008298802814695066
18149,-1.269741738657351,-0.008298802814695066
18150,-1.2697417386574816,-0.008298802814695066
18151,-1.269741738658427,-0.008298802814695066
18152,-1.269741738659154,-0.008298802814695066
18153,-1.269741738659158,-0.008298802814695066
18154,-1.269741738660462,-0.008298802814695066
18155,-1.2697417386618801,-0.008298802814695066
18156,-1.2697417386620984,-0.008298802814695066
18157,-1.2697417386637402,-0.008298802814695066
18158,-1.269741738664052,-0.008298802814695066
18159,-1.2697417386690748,-0.008298802814695066
18160,-1.2697417386708412,-0.008298802814695066
18161,-1.269741738672154,-0.008298802814695066
18162,-1.2697417386730074,-0.008298802814695066
18163,-1.269741738674091,-0.008298802814695066
18164,-1.2697417386746004,-0.008298802814695066
18165,-1.2697417386775245,-0.008298802814695066
18166,-1.2697417386791263,-0.008298802814695066
18167,-1.2697417386808123,-0.008298802814695066
18168,-1.2697417386809178,-0.008298802814695066
18169,-1.269741738685547,-0.008298802814695066
18170,-1.2697417386887688,-0.008298802814695066
18171,-1.2697417386930683,-0.008298802814695066
18172,-1.2697417386947798,-0.008298802814695066
18173,-1.2697417386982515,-0.008298802814695066
18174,-1.269741738698885,-0.008298802814695066
18175,-1.2697417387014995,-0.008298802814695066
18176,-1.2697417387030616,-0.008298802814695066
18177,-1.2697417387055159,-0.008298802814695066
18178,-1.2697417387057557,-0.008298802814695066
18179,-1.2697417387073178,-0.008298802814695066
18180,-1.2697417387085215,-0.008298802814695066
18181,-1.269741738712299,-0.008298802814695066
18182,-1.2697417387166476,-0.008298802814695066
18183,-1.2697417387192103,-0.008298802814695066
18184,-1.269741738720531,-0.008298802814695066
18185,-1.2697417387206573,-0.008298802814695066
18186,-1.2697417387207692,-0.008298802814695066
18187,-1.2697417387212193,-0.008298802814695066
18188,-1.2697417387258176,-0.008298802814695066
18189,-1.2697417387258665,-0.008298802814695066
18190,-1.2697417387280372,-0.008298802814695066
18191,-1.2697417387303633,-0.008298802814695066
18192,-1.2697417387307544,-0.008298802814695066
18193,-1.2697417387316279,-0.008298802814695066
18194,-1.2697417387326277,-0.008298802814695066
18195,-1.269741738732675,-0.008298802814695066
18196,-1.2697417387335705,-0.008298802814695066
18197,-1.2697417387354444,-0.008298802814695066
18198,-1.26974173873749,-0.008298802814695066
18199,-1.2697417387385228,-0.008298802814695066
18200,-1.2697417387401937,-0.008298802814695066
18201,-1.2697417387403807,-0.008298802814695066
18202,-1.2697417387423982,-0.008298802814695066
18203,-1.2697417387424932,-0.008298802814695066
18204,-1.2697417387434202,-0.008298802814695066
18205,-1.269741738745013,-0.008298802814695066
18206,-1.269741738746391,-0.008298802814695066
18207,-1.2697417387478285,-0.008298802814695066
18208,-1.2697417387480883,-0.008298802814695066
18209,-1.269741738748899,-0.008298802814695066
18210,-1.2697417387499925,-0.008298802814695066
18211,-1.2697417387500125,-0.008298802814695066
18212,-1.2697417387524372,-0.008298802814695066
18213,-1.2697417387536278,-0.008298802814695066
18214,-1.2697417387545027,-0.008298802814695066
18215,-1.2697417387554264,-0.008298802814695066
18216,-1.269741738755486,-0.008298802814695066
18217,-1.2697417387560948,-0.008298802814695066
18218,-1.2697417387568084,-0.008298802814695066
18219,-1.2697417387580932,-0.008298802814695066
18220,-1.2697417387587724,-0.008298802814695066
18221,-1.2697417387593641,-0.008298802814695066
18222,-1.2697417387595222,-0.008298802814695066
18223,-1.2697417387601884,-0.008298802814695066
18224,-1.269741738763586,-0.008298802814695066
18225,-1.2697417387643628,-0.008298802814695066
18226,-1.2697417387656365,-0.008298802814695066
18227,-1.2697417387659429,-0.008298802814695066
18228,-1.2697417387669379,-0.008298802814695066
18229,-1.269741738767654,-0.008298802814695066
18230,-1.2697417387680177,-0.008298802814695066
18231,-1.2697417387706964,-0.008298802814695066
18232,-1.2697417387727101,-0.008298802814695066
18233,-1.269741738774783,-0.008298802814695066
18234,-1.2697417387749712,-0.008298802814695066
18235,-1.2697417387756438,-0.008298802814695066
18236,-1.269741738775698,-0.008298802814695066
18237,-1.2697417387757282,-0.008298802814695066
18238,-1.2697417387765557,-0.008298802814695066
18239,-1.269741738777245,-0.008298802814695066
18240,-1.269741738779041,-0.008298802814695066
18241,-1.2697417387800356,-0.008298802814695066
18242,-1.2697417387807608,-0.008298802814695066
18243,-1.2697417387834016,-0.008298802814695066
18244,-1.2697417387838807,-0.008298802814695066
18245,-1.2697417387850498,-0.008298802814695066
18246,-1.269741738785148,-0.008298802814695066
18247,-1.2697417387854428,-0.008298802814695066
18248,-1.2697417387854857,-0.008298802814695066
18249,-1.2697417387862473,-0.008298802814695066
18250,-1.2697417387882093,-0.008298802814695066
18251,-1.2697417387886984,-0.008298802814695066
18252,-1.2697417387892689,-0.008298802814695066
18253,-1.269741738789818,-0.008298802814695066
18254,-1.2697417387909637,-0.008298802814695066
18255,-1.2697417387916026,-0.008298802814695066
18256,-1.2697417387923822,-0.008298802814695066
18257,-1.2697417387932934,-0.008298802814695066
18258,-1.2697417387935535,-0.008298802814695066
18259,-1.2697417387939876,-0.008298802814695066
18260,-1.2697417387952912,-0.008298802814695066
18261,-1.2697417387956698,-0.008298802814695066
18262,-1.2697417387976628,-0.008298802814695066
18263,-1.2697417387977497,-0.008298802814695066
18264,-1.2697417388010812,-0.008298802814695066
18265,-1.2697417388011392,-0.008298802814695066
18266,-1.2697417388015784,-0.008298802814695066
18267,-1.2697417388015966,-0.008298802814695066
18268,-1.2697417388026957,-0.008298802814695066
18269,-1.2697417388070538,-0.008298802814695066
18270,-1.2697417388073122,-0.008298802814695066
18271,-1.2697417388078729,-0.008298802814695066
18272,-1.269741738807901,-0.008298802814695066
18273,-1.2697417388082333,-0.008298802814695066
18274,-1.269741738809985,-0.008298802814695066
18275,-1.2697417388103776,-0.008298802814695066
18276,-1.2697417388105734,-0.008298802814695066
18277,-1.2697417388129828,-0.008298802814695066
18278,-1.2697417388134695,-0.008298802814695066
18279,-1.2697417388140948,-0.008298802814695066
18280,-1.2697417388149792,-0.008298802814695066
18281,-1.2697417388151764,-0.008298802814695066
18282,-1.2697417388160994,-0.008298802814695066
18283,-1.2697417388164776,-0.008298802814695066
18284,-1.2697417388176304,-0.008298802814695066
18285,-1.2697417388190282,-0.008298802814695066
18286,-1.2697417388199013,-0.008298802814695066
18287,-1.2697417388205163,-0.008298802814695066
18288,-1.2697417388206063,-0.008298802814695066
18289,-1.2697417388211898,-0.008298802814695066
18290,-1.269741738821923,-0.008298802814695066
18291,-1.2697417388219487,-0.008298802814695066
18292,-1.2697417388220662,-0.008298802814695066
18293,-1.2697417388241488,-0.008298802814695066
18294,-1.2697417388261987,-0.008298802814695066
18295,-1.2697417388265662,-0.008298802814695066
18296,-1.2697417388284271,-0.008298802814695066
18297,-1.2697417388297778,-0.008298802814695066
18298,-1.2697417388320362,-0.008298802814695066
18299,-1.2697417388331482,-0.008298802814695066
18300,-1.2697417388357046,-0.008298802814695066
18301,-1.2697417388362842,-0.008298802814695066
18302,-1.2697417388369843,-0.008298802814695066
18303,-1.269741738838562,-0.008298802814695066
18304,-1.2697417388386896,-0.008298802814695066
18305,-1.2697417388386945,-0.008298802814695066
18306,-1.2697417388439054,-0.008298802814695066
18307,-1.269741738845913,-0.008298802814695066
18308,-1.269741738848496,-0.008298802814695066
18309,-1.2697417388495602,-0.008298802814695066
18310,-1.269741738849682,-0.008298802814695066
18311,-1.2697417388507697,-0.008298802814695066
18312,-1.2697417388518353,-0.008298802814695066
18313,-1.2697417388524443,-0.008298802814695066
18314,-1.2697417388531027,-0.008298802814695066
18315,-1.2697417388539445,-0.008298802814695066
18316,-1.269741738854829,-0.008298802814695066
18317,-1.2697417388550458,-0.008298802814695066
18318,-1.2697417388554881,-0.008298802814695066
18319,-1.2697417388555121,-0.008298802814695066
18320,-1.269741738856704,-0.008298802814695066
18321,-1.2697417388579224,-0.008298802814695066
18322,-1.2697417388593144,-0.008298802814695066
18323,-1.2697417388595726,-0.008298802814695066
18324,-1.2697417388609726,-0.008298802814695066
18325,-1.2697417388624825,-0.008298802814695066
18326,-1.2697417388628167,-0.008298802814695066
18327,-1.2697417388635825,-0.008298802814695066
18328,-1.2697417388638734,-0.008298802814695066
18329,-1.2697417388648415,-0.008298802814695066
18330,-1.2697417388654157,-0.008298802814695066
18331,-1.2697417388669785,-0.008298802814695066
18332,-1.2697417388679457,-0.008298802814695066
18333,-1.2697417388695442,-0.008298802814695066
18334,-1.269741738870162,-0.008298802814695066
18335,-1.2697417388709173,-0.008298802814695066
18336,-1.2697417388727277,-0.008298802814695066
18337,-1.2697417388747254,-0.008298802814695066
18338,-1.2697417388754981,-0.008298802814695066
18339,-1.2697417388765426,-0.008298802814695066
18340,-1.2697417388767616,-0.008298802814695066
18341,-1.2697417388770125,-0.008298802814695066
18342,-1.2697417388772863,-0.008298802814695066
18343,-1.2697417388784116,-0.008298802814695066
18344,-1.2697417388802443,-0.008298802814695066
18345,-1.2697417388829852,-0.008298802814695066
18346,-1.2697417388839272,-0.008298802814695066
18347,-1.2697417388841765,-0.008298802814695066
18348,-1.2697417388844154,-0.008298802814695066
18349,-1.2697417388858412,-0.008298802814695066
18350,-1.2697417388871823,-0.008298802814695066
18351,-1.269741738888382,-0.008298802814695066
18352,-1.2697417388897274,-0.008298802814695066
18353,-1.2697417388899461,-0.008298802814695066
18354,-1.26974173889022,-0.008298802814695066
18355,-1.2697417388902912,-0.008298802814695066
18356,-1.2697417388910213,-0.008298802814695066
18357,-1.269741738891926,-0.008298802814695066
18358,-1.2697417388920447,-0.008298802814695066
18359,-1.2697417388934369,-0.008298802814695066
18360,-1.2697417388942702,-0.008298802814695066
18361,-1.2697417388948529,-0.008298802814695066
18362,-1.2697417388955716,-0.008298802814695066
18363,-1.2697417388970547,-0.008298802814695066
18364,-1.2697417388973924,-0.008298802814695066
18365,-1.2697417388985552,-0.008298802814695066
18366,-1.269741738898668,-0.008298802814695066
18367,-1.2697417388987242,-0.008298802814695066
18368,-1.2697417388988055,-0.008298802814695066
18369,-1.2697417388990058,-0.008298802814695066
18370,-1.2697417388992758,-0.008298802814695066
18371,-1.2697417389016745,-0.008298802814695066
18372,-1.2697417389028265,-0.008298802814695066
18373,-1.2697417389044916,-0.008298802814695066
18374,-1.2697417389048709,-0.008298802814695066
18375,-1.2697417389054164,-0.008298802814695066
18376,-1.2697417389057881,-0.008298802814695066
18377,-1.26974173890605,-0.008298802814695066
18378,-1.269741738906398,-0.008298802814695066
18379,-1.2697417389082053,-0.008298802814695066
18380,-1.269741738911036,-0.008298802814695066
18381,-1.2697417389155143,-0.008298802814695066
18382,-1.269741738915978,-0.008298802814695066
18383,-1.2697417389187184,-0.008298802814695066
18384,-1.2697417389226273,-0.008298802814695066
18385,-1.2697417389229275,-0.008298802814695066
18386,-1.269741738924759,-0.008298802814695066
18387,-1.2697417389250223,-0.008298802814695066
18388,-1.2697417389260182,-0.008298802814695066
18389,-1.2697417389264614,-0.008298802814695066
18390,-1.269741738927173,-0.008298802814695066
18391,-1.2697417389279662,-0.008298802814695066
18392,-1.269741738928099,-0.008298802814695066
18393,-1.269741738928122,-0.008298802814695066
18394,-1.2697417389287904,-0.008298802814695066
18395,-1.2697417389294852,-0.008298802814695066
18396,-1.269741738930522,-0.008298802814695066
18397,-1.2697417389329222,-0.008298802814695066
18398,-1.2697417389357684,-0.008298802814695066
18399,-1.2697417389369587,-0.008298802814695066
18400,-1.2697417389372139,-0.008298802814695066
18401,-1.2697417389373251,-0.008298802814695066
18402,-1.2697417389379053,-0.008298802814695066
18403,-1.269741738938443,-0.008298802814695066
18404,-1.269741738938493,-0.008298802814695066
18405,-1.2697417389403838,-0.008298802814695066
18406,-1.269741738942023,-0.008298802814695066
18407,-1.2697417389428862,-0.008298802814695066
18408,-1.2697417389435777,-0.008298802814695066
18409,-1.269741738943619,-0.008298802814695066
18410,-1.269741738946281,-0.008298802814695066
18411,-1.2697417389464523,-0.008298802814695066
18412,-1.2697417389476915,-0.008298802814695066
18413,-1.269741738947955,-0.008298802814695066
18414,-1.2697417389497676,-0.008298802814695066
18415,-1.2697417389499377,-0.008298802814695066
18416,-1.2697417389505168,-0.008298802814695066
18417,-1.2697417389516634,-0.008298802814695066
18418,-1.2697417389518821,-0.008298802814695066
18419,-1.2697417389522354,-0.008298802814695066
18420,-1.2697417389524432,-0.008298802814695066
18421,-1.2697417389531471,-0.008298802814695066
18422,-1.2697417389536285,-0.008298802814695066
18423,-1.269741738953664,-0.008298802814695066
18424,-1.2697417389538435,-0.008298802814695066
18425,-1.269741738954408,-0.008298802814695066
18426,-1.269741738954956,-0.008298802814695066
18427,-1.2697417389550323,-0.008298802814695066
18428,-1.2697417389568832,-0.008298802814695066
18429,-1.269741738957196,-0.008298802814695066
18430,-1.26974173895736,-0.008298802814695066
18431,-1.2697417389590147,-0.008298802814695066
18432,-1.2697417389611383,-0.008298802814695066
18433,-1.2697417389611547,-0.008298802814695066
18434,-1.269741738961518,-0.008298802814695066
18435,-1.2697417389628531,-0.008298802814695066
18436,-1.2697417389638677,-0.008298802814695066
18437,-1.2697417389641108,-0.008298802814695066
18438,-1.2697417389651156,-0.008298802814695066
18439,-1.2697417389657033,-0.008298802814695066
18440,-1.2697417389659207,-0.008298802814695066
18441,-1.269741738966863,-0.008298802814695066
18442,-1.2697417389675,-0.008298802814695066
18443,-1.2697417389701315,-0.008298802814695066
18444,-1.2697417389702452,-0.008298802814695066
18445,-1.2697417389705516,-0.008298802814695066
18446,-1.2697417389710057,-0.008298802814695066
18447,-1.2697417389715568,-0.008298802814695066
18448,-1.2697417389722145,-0.008298802814695066
18449,-1.2697417389728016,-0.008298802814695066
18450,-1.2697417389730856,-0.008298802814695066
18451,-1.2697417389735766,-0.008298802814695066
18452,-1.2697417389738053,-0.008298802814695066
18453,-1.2697417389746426,-0.008298802814695066
18454,-1.2697417389746712,-0.008298802814695066
18455,-1.269741738975493,-0.008298802814695066
18456,-1.2697417389782708,-0.008298802814695066
18457,-1.269741738979053,-0.008298802814695066
18458,-1.2697417389803158,-0.008298802814695066
18459,-1.2697417389805556,-0.008298802814695066
18460,-1.2697417389847954,-0.008298802814695066
18461,-1.2697417389855887,-0.008298802814695066
18462,-1.2697417389870123,-0.008298802814695066
18463,-1.2697417389871157,-0.008298802814695066
18464,-1.269741738987451,-0.008298802814695066
18465,-1.2697417389891323,-0.008298802814695066
18466,-1.2697417389893386,-0.008298802814695066
18467,-1.2697417389899361,-0.008298802814695066
18468,-1.269741738990208,-0.008298802814695066
18469,-1.269741738991156,-0.008298802814695066
18470,-1.2697417389926282,-0.008298802814695066
18471,-1.2697417389927201,-0.008298802814695066
18472,-1.2697417389931525,-0.008298802814695066
18473,-1.269741738994759,-0.008298802814695066
18474,-1.269741738995665,-0.008298802814695066
18475,-1.2697417389960282,-0.008298802814695066
18476,-1.2697417389969456,-0.008298802814695066
18477,-1.2697417389973393,-0.008298802814695066
18478,-1.2697417389974797,-0.008298802814695066
18479,-1.269741738997744,-0.008298802814695066
18480,-1.2697417389989338,-0.008298802814695066
18481,-1.2697417390002554,-0.008298802814695066
18482,-1.2697417390004746,-0.008298802814695066
18483,-1.2697417390005032,-0.008298802814695066
18484,-1.2697417390005803,-0.008298802814695066
18485,-1.269741739001018,-0.008298802814695066
18486,-1.2697417390028272,-0.008298802814695066
18487,-1.2697417390042334,-0.008298802814695066
18488,-1.2697417390059549,-0.008298802814695066
18489,-1.2697417390074233,-0.008298802814695066
18490,-1.2697417390085135,-0.008298802814695066
18491,-1.2697417390112182,-0.008298802814695066
18492,-1.2697417390113102,-0.008298802814695066
18493,-1.2697417390119679,-0.008298802814695066
18494,-1.2697417390143921,-0.008298802814695066
18495,-1.269741739014746,-0.008298802814695066
18496,-1.2697417390153096,-0.008298802814695066
18497,-1.2697417390154946,-0.008298802814695066
18498,-1.2697417390155756,-0.008298802814695066
18499,-1.2697417390175907,-0.008298802814695066
18500,-1.2697417390182055,-0.008298802814695066
18501,-1.2697417390182688,-0.008298802814695066
18502,-1.2697417390196117,-0.008298802814695066
18503,-1.2697417390196344,-0.008298802814695066
18504,-1.269741739019953,-0.008298802814695066
18505,-1.269741739020054,-0.008298802814695066
18506,-1.2697417390213668,-0.008298802814695066
18507,-1.2697417390217656,-0.008298802814695066
18508,-1.2697417390220527,-0.008298802814695066
18509,-1.269741739023973,-0.008298802814695066
18510,-1.2697417390251173,-0.008298802814695066
18511,-1.2697417390285564,-0.008298802814695066
18512,-1.2697417390285757,-0.008298802814695066
18513,-1.2697417390289782,-0.008298802814695066
18514,-1.2697417390309949,-0.008298802814695066
18515,-1.2697417390314403,-0.008298802814695066
18516,-1.2697417390319452,-0.008298802814695066
18517,-1.2697417390321046,-0.008298802814695066
18518,-1.2697417390332397,-0.008298802814695066
18519,-1.2697417390333623,-0.008298802814695066
18520,-1.2697417390338825,-0.008298802814695066
18521,-1.2697417390342585,-0.008298802814695066
18522,-1.2697417390346777,-0.008298802814695066
18523,-1.2697417390349797,-0.008298802814695066
18524,-1.2697417390349814,-0.008298802814695066
18525,-1.269741739035826,-0.008298802814695066
18526,-1.2697417390367285,-0.008298802814695066
18527,-1.2697417390391106,-0.008298802814695066
18528,-1.2697417390405894,-0.008298802814695066
18529,-1.2697417390408492,-0.008298802814695066
18530,-1.2697417390430137,-0.008298802814695066
18531,-1.2697417390444152,-0.008298802814695066
18532,-1.269741739045354,-0.008298802814695066
18533,-1.2697417390467498,-0.008298802814695066
18534,-1.2697417390470078,-0.008298802814695066
18535,-1.26974173904792,-0.008298802814695066
18536,-1.2697417390481394,-0.008298802814695066
18537,-1.2697417390483232,-0.008298802814695066
18538,-1.2697417390501928,-0.008298802814695066
18539,-1.2697417390502919,-0.008298802814695066
18540,-1.2697417390506882,-0.008298802814695066
18541,-1.2697417390507628,-0.008298802814695066
18542,-1.269741739051042,-0.008298802814695066
18543,-1.2697417390511918,-0.008298802814695066
18544,-1.2697417390512409,-0.008298802814695066
18545,-1.2697417390513404,-0.008298802814695066
18546,-1.2697417390519847,-0.008298802814695066
18547,-1.2697417390523824,-0.008298802814695066
18548,-1.269741739052654,-0.008298802814695066
18549,-1.2697417390530177,-0.008298802814695066
18550,-1.2697417390535497,-0.008298802814695066
18551,-1.269741739053973,-0.008298802814695066
18552,-1.2697417390545391,-0.008298802814695066
18553,-1.2697417390547283,-0.008298802814695066
18554,-1.2697417390548114,-0.008298802814695066
18555,-1.269741739055207,-0.008298802814695066
18556,-1.2697417390562158,-0.008298802814695066
18557,-1.269741739056954,-0.008298802814695066
18558,-1.269741739057007,-0.008298802814695066
18559,-1.2697417390575136,-0.008298802814695066
18560,-1.2697417390575234,-0.008298802814695066
18561,-1.269741739057872,-0.008298802814695066
18562,-1.2697417390593528,-0.008298802814695066
18563,-1.2697417390597783,-0.008298802814695066
18564,-1.2697417390607462,-0.008298802814695066
18565,-1.2697417390607837,-0.008298802814695066
18566,-1.2697417390609909,-0.008298802814695066
18567,-1.2697417390625991,-0.008298802814695066
18568,-1.2697417390626202,-0.008298802814695066
18569,-1.2697417390649708,-0.008298802814695066
18570,-1.2697417390657677,-0.008298802814695066
18571,-1.2697417390661352,-0.008298802814695066
18572,-1.2697417390661951,-0.008298802814695066
18573,-1.2697417390663084,-0.008298802814695066
18574,-1.2697417390678547,-0.008298802814695066
18575,-1.2697417390687997,-0.008298802814695066
18576,-1.2697417390697154,-0.008298802814695066
18577,-1.2697417390700538,-0.008298802814695066
18578,-1.269741739070256,-0.008298802814695066
18579,-1.2697417390702677,-0.008298802814695066
18580,-1.2697417390705255,-0.008298802814695066
18581,-1.2697417390727934,-0.008298802814695066
18582,-1.2697417390737022,-0.008298802814695066
18583,-1.2697417390737822,-0.008298802814695066
18584,-1.2697417390738126,-0.008298802814695066
18585,-1.2697417390742227,-0.008298802814695066
18586,-1.2697417390753845,-0.008298802814695066
18587,-1.2697417390754433,-0.008298802814695066
18588,-1.2697417390756223,-0.008298802814695066
18589,-1.2697417390757015,-0.008298802814695066
18590,-1.2697417390762762,-0.008298802814695066
18591,-1.2697417390771473,-0.008298802814695066
18592,-1.2697417390776837,-0.008298802814695066
18593,-1.2697417390789647,-0.008298802814695066
18594,-1.2697417390792396,-0.008298802814695066
18595,-1.269741739079551,-0.008298802814695066
18596,-1.2697417390801509,-0.008298802814695066
18597,-1.2697417390808565,-0.008298802814695066
18598,-1.269741739082998,-0.008298802814695066
18599,-1.269741739083493,-0.008298802814695066
18600,-1.269741739084458,-0.008298802814695066
18601,-1.2697417390856183,-0.008298802814695066
18602,-1.2697417390856653,-0.008298802814695066
18603,-1.2697417390879477,-0.008298802814695066
18604,-1.2697417390880605,-0.008298802814695066
18605,-1.2697417390881798,-0.008298802814695066
18606,-1.269741739088216,-0.008298802814695066
18607,-1.2697417390886476,-0.008298802814695066
18608,-1.2697417390886985,-0.008298802814695066
18609,-1.269741739089118,-0.008298802814695066
18610,-1.269741739089718,-0.008298802814695066
18611,-1.2697417390905186,-0.008298802814695066
18612,-1.269741739090577,-0.008298802814695066
18613,-1.2697417390918466,-0.008298802814695066
18614,-1.269741739091847,-0.008298802814695066
18615,-1.2697417390927417,-0.008298802814695066
18616,-1.2697417390928116,-0.008298802814695066
18617,-1.2697417390930192,-0.008298802814695066
18618,-1.2697417390937702,-0.008298802814695066
18619,-1.269741739094866,-0.008298802814695066
18620,-1.2697417390964316,-0.008298802814695066
18621,-1.2697417390967334,-0.008298802814695066
18622,-1.269741739097281,-0.008298802814695066
18623,-1.2697417390975458,-0.008298802814695066
18624,-1.2697417390983654,-0.008298802814695066
18625,-1.2697417390987418,-0.008298802814695066
18626,-1.269741739099599,-0.008298802814695066
18627,-1.2697417390996677,-0.008298802814695066
18628,-1.2697417390998273,-0.008298802814695066
18629,-1.2697417391000394,-0.008298802814695066
18630,-1.2697417391004118,-0.008298802814695066
18631,-1.269741739101486,-0.008298802814695066
18632,-1.2697417391017778,-0.008298802814695066
18633,-1.2697417391037162,-0.008298802814695066
18634,-1.2697417391051116,-0.008298802814695066
18635,-1.2697417391054868,-0.008298802814695066
18636,-1.2697417391057537,-0.008298802814695066
18637,-1.2697417391065493,-0.008298802814695066
18638,-1.2697417391066823,-0.008298802814695066
18639,-1.2697417391070407,-0.008298802814695066
18640,-1.26974173910736,-0.008298802814695066
18641,-1.26974173910747,-0.008298802814695066
18642,-1.2697417391074741,-0.008298802814695066
18643,-1.269741739107982,-0.008298802814695066
18644,-1.2697417391082002,-0.008298802814695066
18645,-1.2697417391082504,-0.008298802814695066
18646,-1.2697417391082846,-0.008298802814695066
18647,-1.269741739108574,-0.008298802814695066
18648,-1.2697417391093593,-0.008298802814695066
18649,-1.2697417391105932,-0.008298802814695066
18650,-1.2697417391118928,-0.008298802814695066
18651,-1.2697417391121757,-0.008298802814695066
18652,-1.2697417391122214,-0.008298802814695066
18653,-1.2697417391132138,-0.008298802814695066
18654,-1.2697417391133707,-0.008298802814695066
18655,-1.2697417391139016,-0.008298802814695066
18656,-1.2697417391145933,-0.008298802814695066
18657,-1.269741739115141,-0.008298802814695066
18658,-1.2697417391153332,-0.008298802814695066
18659,-1.2697417391159014,-0.008298802814695066
18660,-1.269741739116374,-0.008298802814695066
18661,-1.2697417391164274,-0.008298802814695066
18662,-1.2697417391166923,-0.008298802814695066
18663,-1.269741739118074,-0.008298802814695066
18664,-1.2697417391209334,-0.008298802814695066
18665,-1.2697417391211228,-0.008298802814695066
18666,-1.2697417391229764,-0.008298802814695066
18667,-1.2697417391229955,-0.008298802814695066
18668,-1.2697417391245365,-0.008298802814695066
18669,-1.2697417391246795,-0.008298802814695066
18670,-1.2697417391262942,-0.008298802814695066
18671,-1.2697417391267063,-0.008298802814695066
18672,-1.2697417391282255,-0.008298802814695066
18673,-1.2697417391283545,-0.008298802814695066
18674,-1.269741739128457,-0.008298802814695066
18675,-1.2697417391286248,-0.008298802814695066
18676,-1.2697417391291006,-0.008298802814695066
18677,-1.2697417391295267,-0.008298802814695066
18678,-1.2697417391299637,-0.008298802814695066
18679,-1.2697417391301098,-0.008298802814695066
18680,-1.2697417391303536,-0.008298802814695066
18681,-1.2697417391307377,-0.008298802814695066
18682,-1.269741739130831,-0.008298802814695066
18683,-1.2697417391319363,-0.008298802814695066
18684,-1.2697417391320578,-0.008298802814695066
18685,-1.2697417391321464,-0.008298802814695066
18686,-1.2697417391325736,-0.008298802814695066
18687,-1.2697417391331065,-0.008298802814695066
18688,-1.2697417391348416,-0.008298802814695066
18689,-1.2697417391351191,-0.008298802814695066
18690,-1.269741739135752,-0.008298802814695066
18691,-1.2697417391364234,-0.008298802814695066
18692,-1.2697417391365193,-0.008298802814695066
18693,-1.269741739136712,-0.008298802814695066
18694,-1.2697417391381414,-0.008298802814695066
18695,-1.2697417391381658,-0.008298802814695066
18696,-1.26974173913823,-0.008298802814695066
18697,-1.2697417391383294,-0.008298802814695066
18698,-1.2697417391388988,-0.008298802814695066
18699,-1.2697417391393784,-0.008298802814695066
18700,-1.2697417391397339,-0.008298802814695066
18701,-1.2697417391400194,-0.008298802814695066
18702,-1.2697417391401724,-0.008298802814695066
18703,-1.2697417391405106,-0.008298802814695066
18704,-1.2697417391413093,-0.008298802814695066
18705,-1.2697417391414942,-0.008298802814695066
18706,-1.2697417391436676,-0.008298802814695066
18707,-1.269741739144005,-0.008298802814695066
18708,-1.2697417391449521,-0.008298802814695066
18709,-1.2697417391449646,-0.008298802814695066
18710,-1.2697417391458554,-0.008298802814695066
18711,-1.269741739146488,-0.008298802814695066
18712,-1.2697417391465202,-0.008298802814695066
18713,-1.269741739147235,-0.008298802814695066
18714,-1.2697417391484878,-0.008298802814695066
18715,-1.2697417391485186,-0.008298802814695066
18716,-1.2697417391501837,-0.008298802814695066
18717,-1.26974173915042,-0.008298802814695066
18718,-1.2697417391515917,-0.008298802814695066
18719,-1.2697417391518067,-0.008298802814695066
18720,-1.2697417391528432,-0.008298802814695066
18721,-1.2697417391530395,-0.008298802814695066
18722,-1.269741739153846,-0.008298802814695066
18723,-1.2697417391543486,-0.008298802814695066
18724,-1.2697417391564665,-0.008298802814695066
18725,-1.2697417391573051,-0.008298802814695066
18726,-1.269741739157804,-0.008298802814695066
18727,-1.2697417391586479,-0.008298802814695066
18728,-1.2697417391592307,-0.008298802814695066
18729,-1.2697417391594685,-0.008298802814695066
18730,-1.269741739159585,-0.008298802814695066
18731,-1.2697417391599064,-0.008298802814695066
18732,-1.269741739160286,-0.008298802814695066
18733,-1.2697417391613186,-0.008298802814695066
18734,-1.2697417391614505,-0.008298802814695066
18735,-1.269741739162627,-0.008298802814695066
18736,-1.2697417391627661,-0.008298802814695066
18737,-1.2697417391633736,-0.008298802814695066
18738,-1.2697417391636794,-0.008298802814695066
18739,-1.2697417391653718,-0.008298802814695066
18740,-1.2697417391654908,-0.008298802814695066
18741,-1.2697417391655692,-0.008298802814695066
18742,-1.2697417391657078,-0.008298802814695066
18743,-1.2697417391663754,-0.008298802814695066
18744,-1.2697417391672943,-0.008298802814695066
18745,-1.2697417391674997,-0.008298802814695066
18746,-1.2697417391675134,-0.008298802814695066
18747,-1.2697417391675196,-0.008298802814695066
18748,-1.2697417391675867,-0.008298802814695066
18749,-1.2697417391678119,-0.008298802814695066
18750,-1.2697417391678618,-0.008298802814695066
18751,-1.2697417391681705,-0.008298802814695066
18752,-1.2697417391698154,-0.008298802814695066
18753,-1.2697417391701389,-0.008298802814695066
18754,-1.269741739170449,-0.008298802814695066
18755,-1.2697417391713939,-0.008298802814695066
18756,-1.2697417391715655,-0.008298802814695066
18757,-1.2697417391730084,-0.008298802814695066
18758,-1.269741739173542,-0.008298802814695066
18759,-1.2697417391756534,-0.008298802814695066
18760,-1.2697417391770038,-0.008298802814695066
18761,-1.2697417391772974,-0.008298802814695066
18762,-1.2697417391788453,-0.008298802814695066
18763,-1.2697417391803945,-0.008298802814695066
18764,-1.2697417391806498,-0.008298802814695066
18765,-1.2697417391806765,-0.008298802814695066
18766,-1.2697417391816752,-0.008298802814695066
18767,-1.2697417391829275,-0.008298802814695066
18768,-1.2697417391833583,-0.008298802814695066
18769,-1.2697417391838488,-0.008298802814695066
18770,-1.2697417391846446,-0.008298802814695066
18771,-1.2697417391850296,-0.008298802814695066
18772,-1.2697417391851182,-0.008298802814695066
18773,-1.269741739185576,-0.008298802814695066
18774,-1.2697417391860104,-0.008298802814695066
18775,-1.2697417391861463,-0.008298802814695066
18776,-1.269741739186165,-0.008298802814695066
18777,-1.2697417391867702,-0.008298802814695066
18778,-1.2697417391871721,-0.008298802814695066
18779,-1.26974173918761,-0.008298802814695066
18780,-1.269741739188424,-0.008298802814695066
18781,-1.2697417391901922,-0.008298802814695066
18782,-1.2697417391903911,-0.008298802814695066
18783,-1.269741739191396,-0.008298802814695066
18784,-1.2697417391915127,-0.008298802814695066
18785,-1.2697417391918862,-0.008298802814695066
18786,-1.2697417391925812,-0.008298802814695066
18787,-1.2697417391932313,-0.008298802814695066
18788,-1.2697417391940902,-0.008298802814695066
18789,-1.2697417391954915,-0.008298802814695066
18790,-1.2697417391964856,-0.008298802814695066
18791,-1.2697417391967567,-0.008298802814695066
18792,-1.2697417391968409,-0.008298802814695066
18793,-1.2697417391971073,-0.008298802814695066
18794,-1.2697417391982324,-0.008298802814695066
18795,-1.2697417391988115,-0.008298802814695066
18796,-1.2697417391998695,-0.008298802814695066
18797,-1.2697417392000816,-0.008298802814695066
18798,-1.269741739200706,-0.008298802814695066
18799,-1.2697417392007404,-0.008298802814695066
18800,-1.2697417392012502,-0.008298802814695066
18801,-1.2697417392014505,-0.008298802814695066
18802,-1.2697417392018335,-0.008298802814695066
18803,-1.2697417392018644,-0.008298802814695066
18804,-1.2697417392020751,-0.008298802814695066
18805,-1.2697417392020816,-0.008298802814695066
18806,-1.2697417392020904,-0.008298802814695066
18807,-1.2697417392023056,-0.008298802814695066
18808,-1.2697417392037664,-0.008298802814695066
18809,-1.2697417392041523,-0.008298802814695066
18810,-1.2697417392047003,-0.008298802814695066
18811,-1.2697417392052563,-0.008298802814695066
18812,-1.269741739205315,-0.008298802814695066
18813,-1.269741739205721,-0.008298802814695066
18814,-1.2697417392057573,-0.008298802814695066
18815,-1.2697417392070687,-0.008298802814695066
18816,-1.2697417392071246,-0.008298802814695066
18817,-1.2697417392072605,-0.008298802814695066
18818,-1.2697417392086288,-0.008298802814695066
18819,-1.269741739210812,-0.008298802814695066
18820,-1.2697417392110684,-0.008298802814695066
18821,-1.2697417392112196,-0.008298802814695066
18822,-1.2697417392114796,-0.008298802814695066
18823,-1.2697417392118435,-0.008298802814695066
18824,-1.2697417392129076,-0.008298802814695066
18825,-1.2697417392130967,-0.008298802814695066
18826,-1.2697417392132384,-0.008298802814695066
18827,-1.269741739214709,-0.008298802814695066
18828,-1.2697417392149672,-0.008298802814695066
18829,-1.2697417392152701,-0.008298802814695066
18830,-1.2697417392152908,-0.008298802814695066
18831,-1.269741739216766,-0.008298802814695066
18832,-1.269741739216891,-0.008298802814695066
18833,-1.2697417392172525,-0.008298802814695066
18834,-1.269741739218401,-0.008298802814695066
18835,-1.269741739218758,-0.008298802814695066
18836,-1.2697417392197305,-0.008298802814695066
18837,-1.269741739220641,-0.008298802814695066
18838,-1.2697417392214356,-0.008298802814695066
18839,-1.26974173922183,-0.008298802814695066
18840,-1.2697417392220076,-0.008298802814695066
18841,-1.2697417392224808,-0.008298802814695066
18842,-1.2697417392233188,-0.008298802814695066
18843,-1.2697417392235275,-0.008298802814695066
18844,-1.2697417392242145,-0.008298802814695066
18845,-1.2697417392248207,-0.008298802814695066
18846,-1.269741739225853,-0.008298802814695066
18847,-1.2697417392262187,-0.008298802814695066
18848,-1.2697417392277914,-0.008298802814695066
18849,-1.2697417392281478,-0.008298802814695066
18850,-1.2697417392284742,-0.008298802814695066
18851,-1.2697417392285528,-0.008298802814695066
18852,-1.2697417392287342,-0.008298802814695066
18853,-1.269741739228776,-0.008298802814695066
18854,-1.2697417392288255,-0.008298802814695066
18855,-1.2697417392290553,-0.008298802814695066
18856,-1.2697417392299841,-0.008298802814695066
18857,-1.2697417392302155,-0.008298802814695066
18858,-1.2697417392306152,-0.008298802814695066
18859,-1.2697417392309216,-0.008298802814695066
18860,-1.269741739231007,-0.008298802814695066
18861,-1.2697417392311672,-0.008298802814695066
18862,-1.2697417392314094,-0.008298802814695066
18863,-1.2697417392319479,-0.008298802814695066
18864,-1.269741739232164,-0.008298802814695066
18865,-1.2697417392328156,-0.008298802814695066
18866,-1.2697417392329604,-0.008298802814695066
18867,-1.2697417392331287,-0.008298802814695066
18868,-1.2697417392331924,-0.008298802814695066
18869,-1.269741739233513,-0.008298802814695066
18870,-1.2697417392335524,-0.008298802814695066
18871,-1.2697417392335566,-0.008298802814695066
18872,-1.2697417392335972,-0.008298802814695066
18873,-1.2697417392336299,-0.008298802814695066
18874,-1.269741739233654,-0.008298802814695066
18875,-1.2697417392336685,-0.008298802814695066
18876,-1.2697417392337973,-0.008298802814695066
18877,-1.2697417392342678,-0.008298802814695066
18878,-1.269741739234273,-0.008298802814695066
18879,-1.269741739234418,-0.008298802814695066
18880,-1.2697417392346733,-0.008298802814695066
18881,-1.2697417392347268,-0.008298802814695066
18882,-1.2697417392353563,-0.008298802814695066
18883,-1.269741739235627,-0.008298802814695066
18884,-1.2697417392359003,-0.008298802814695066
18885,-1.269741739235925,-0.008298802814695066
18886,-1.2697417392381358,-0.008298802814695066
18887,-1.269741739238429,-0.008298802814695066
18888,-1.269741739238436,-0.008298802814695066
18889,-1.269741739238532,-0.008298802814695066
18890,-1.2697417392386599,-0.008298802814695066
18891,-1.2697417392394104,-0.008298802814695066
18892,-1.2697417392394579,-0.008298802814695066
18893,-1.2697417392396895,-0.008298802814695066
18894,-1.2697417392397452,-0.008298802814695066
18895,-1.2697417392401762,-0.008298802814695066
18896,-1.2697417392403112,-0.008298802814695066
18897,-1.269741739240464,-0.008298802814695066
18898,-1.2697417392405814,-0.008298802814695066
18899,-1.2697417392406944,-0.008298802814695066
18900,-1.2697417392410841,-0.008298802814695066
18901,-1.2697417392417225,-0.008298802814695066
18902,-1.2697417392417736,-0.008298802814695066
18903,-1.2697417392418826,-0.008298802814695066
18904,-1.2697417392419892,-0.008298802814695066
18905,-1.2697417392420176,-0.008298802814695066
18906,-1.269741739242098,-0.008298802814695066
18907,-1.2697417392422126,-0.008298802814695066
18908,-1.269741739244255,-0.008298802814695066
18909,-1.2697417392443153,-0.008298802814695066
18910,-1.2697417392461068,-0.008298802814695066
18911,-1.269741739246186,-0.008298802814695066
18912,-1.269741739246232,-0.008298802814695066
18913,-1.2697417392464423,-0.008298802814695066
18914,-1.2697417392465686,-0.008298802814695066
18915,-1.2697417392469195,-0.008298802814695066
18916,-1.2697417392469244,-0.008298802814695066
18917,-1.2697417392469998,-0.008298802814695066
18918,-1.2697417392476922,-0.008298802814695066
18919,-1.269741739247712,-0.008298802814695066
18920,-1.2697417392477317,-0.008298802814695066
18921,-1.2697417392478567,-0.008298802814695066
18922,-1.2697417392481305,-0.008298802814695066
18923,-1.2697417392483006,-0.008298802814695066
18924,-1.2697417392489387,-0.008298802814695066
18925,-1.2697417392498411,-0.008298802814695066
18926,-1.269741739250226,-0.008298802814695066
18927,-1.26974173925028,-0.008298802814695066
18928,-1.2697417392509038,-0.008298802814695066
18929,-1.26974173925091,-0.008298802814695066
18930,-1.2697417392509165,-0.008298802814695066
18931,-1.269741739250927,-0.008298802814695066
18932,-1.2697417392522263,-0.008298802814695066
18933,-1.269741739252266,-0.008298802814695066
18934,-1.269741739253614,-0.008298802814695066
18935,-1.2697417392543522,-0.008298802814695066
18936,-1.2697417392548107,-0.008298802814695066
18937,-1.2697417392549872,-0.008298802814695066
18938,-1.2697417392553063,-0.008298802814695066
18939,-1.2697417392559918,-0.008298802814695066
18940,-1.2697417392574906,-0.008298802814695066
18941,-1.2697417392582384,-0.008298802814695066
18942,-1.2697417392589703,-0.008298802814695066
18943,-1.2697417392591341,-0.008298802814695066
18944,-1.2697417392592003,-0.008298802814695066
18945,-1.269741739259325,-0.008298802814695066
18946,-1.2697417392601726,-0.008298802814695066
18947,-1.2697417392603114,-0.008298802814695066
18948,-1.2697417392604042,-0.008298802814695066
18949,-1.269741739260521,-0.008298802814695066
18950,-1.2697417392609285,-0.008298802814695066
18951,-1.269741739261321,-0.008298802814695066
18952,-1.2697417392613415,-0.008298802814695066
18953,-1.2697417392613595,-0.008298802814695066
18954,-1.269741739261676,-0.008298802814695066
18955,-1.2697417392617227,-0.008298802814695066
18956,-1.2697417392617285,-0.008298802814695066
18957,-1.269741739261876,-0.008298802814695066
18958,-1.2697417392622052,-0.008298802814695066
18959,-1.2697417392625252,-0.008298802814695066
18960,-1.2697417392625583,-0.008298802814695066
18961,-1.2697417392626051,-0.008298802814695066
18962,-1.269741739262693,-0.008298802814695066
18963,-1.2697417392629669,-0.008298802814695066
18964,-1.2697417392630048,-0.008298802814695066
18965,-1.269741739263973,-0.008298802814695066
18966,-1.2697417392643258,-0.008298802814695066
18967,-1.269741739264675,-0.008298802814695066
18968,-1.2697417392649681,-0.008298802814695066
18969,-1.2697417392653345,-0.008298802814695066
18970,-1.2697417392654335,-0.008298802814695066
18971,-1.2697417392655548,-0.008298802814695066
18972,-1.2697417392658688,-0.008298802814695066
18973,-1.269741739266224,-0.008298802814695066
18974,-1.269741739266308,-0.008298802814695066
18975,-1.2697417392664019,-0.008298802814695066
18976,-1.2697417392668147,-0.008298802814695066
18977,-1.2697417392673098,-0.008298802814695066
18978,-1.2697417392676646,-0.008298802814695066
18979,-1.2697417392680603,-0.008298802814695066
18980,-1.269741739268259,-0.008298802814695066
18981,-1.2697417392689085,-0.008298802814695066
18982,-1.2697417392693764,-0.008298802814695066
18983,-1.2697417392695505,-0.008298802814695066
18984,-1.269741739271013,-0.008298802814695066
18985,-1.269741739271447,-0.008298802814695066
18986,-1.269741739272228,-0.008298802814695066
18987,-1.269741739272451,-0.008298802814695066
18988,-1.2697417392731163,-0.008298802814695066
18989,-1.2697417392734767,-0.008298802814695066
18990,-1.2697417392735943,-0.008298802814695066
18991,-1.2697417392739228,-0.008298802814695066
18992,-1.2697417392755554,-0.008298802814695066
18993,-1.2697417392756962,-0.008298802814695066
18994,-1.2697417392757666,-0.008298802814695066
18995,-1.2697417392759147,-0.008298802814695066
18996,-1.2697417392767472,-0.008298802814695066
18997,-1.2697417392767947,-0.008298802814695066
18998,-1.269741739277214,-0.008298802814695066
18999,-1.2697417392772399,-0.008298802814695066
19000,-1.269741739278461,-0.008298802814695066
19001,-1.2697417392784796,-0.008298802814695066
19002,-1.2697417392787684,-0.008298802814695066
19003,-1.2697417392801498,-0.008298802814695066
19004,-1.2697417392801653,-0.008298802814695066
19005,-1.2697417392802306,-0.008298802814695066
19006,-1.2697417392803372,-0.008298802814695066
19007,-1.2697417392803652,-0.008298802814695066
19008,-1.2697417392804506,-0.008298802814695066
19009,-1.269741739280462,-0.008298802814695066
19010,-1.2697417392810695,-0.008298802814695066
19011,-1.2697417392811823,-0.008298802814695066
19012,-1.2697417392815384,-0.008298802814695066
19013,-1.2697417392820949,-0.008298802814695066
19014,-1.2697417392823898,-0.008298802814695066
19015,-1.269741739282401,-0.008298802814695066
19016,-1.2697417392824195,-0.008298802814695066
19017,-1.269741739282512,-0.008298802814695066
19018,-1.269741739282724,-0.008298802814695066
19019,-1.2697417392828616,-0.008298802814695066
19020,-1.2697417392831363,-0.008298802814695066
19021,-1.2697417392832824,-0.008298802814695066
19022,-1.269741739283541,-0.008298802814695066
19023,-1.2697417392835542,-0.008298802814695066
19024,-1.2697417392837935,-0.008298802814695066
19025,-1.26974173928426,-0.008298802814695066
19026,-1.2697417392855745,-0.008298802814695066
19027,-1.2697417392875765,-0.008298802814695066
19028,-1.2697417392879533,-0.008298802814695066
19029,-1.2697417392888464,-0.008298802814695066
19030,-1.2697417392894312,-0.008298802814695066
19031,-1.2697417392897883,-0.008298802814695066
19032,-1.2697417392903652,-0.008298802814695066
19033,-1.2697417392906316,-0.008298802814695066
19034,-1.2697417392916024,-0.008298802814695066
19035,-1.26974173929186,-0.008298802814695066
19036,-1.2697417392920454,-0.008298802814695066
19037,-1.2697417392924022,-0.008298802814695066
19038,-1.269741739292543,-0.008298802814695066
19039,-1.269741739293393,-0.008298802814695066
19040,-1.2697417392938657,-0.008298802814695066
19041,-1.2697417392939143,-0.008298802814695066
19042,-1.2697417392939239,-0.008298802814695066
19043,-1.2697417392941703,-0.008298802814695066
19044,-1.2697417392942358,-0.008298802814695066
19045,-1.269741739294365,-0.008298802814695066
19046,-1.2697417392953403,-0.008298802814695066
19047,-1.2697417392966317,-0.008298802814695066
19048,-1.2697417392970174,-0.008298802814695066
19049,-1.2697417392970398,-0.008298802814695066
19050,-1.2697417392981258,-0.008298802814695066
19051,-1.2697417392984012,-0.008298802814695066
19052,-1.2697417392986696,-0.008298802814695066
19053,-1.2697417392987234,-0.008298802814695066
19054,-1.269741739299122,-0.008298802814695066
19055,-1.2697417393005248,-0.008298802814695066
19056,-1.2697417393010797,-0.008298802814695066
19057,-1.2697417393012815,-0.008298802814695066
19058,-1.269741739301523,-0.008298802814695066
19059,-1.269741739301607,-0.008298802814695066
19060,-1.2697417393018786,-0.008298802814695066
19061,-1.2697417393023325,-0.008298802814695066
19062,-1.2697417393023518,-0.008298802814695066
19063,-1.269741739303157,-0.008298802814695066
19064,-1.269741739303318,-0.008298802814695066
19065,-1.2697417393034605,-0.008298802814695066
19066,-1.2697417393037869,-0.008298802814695066
19067,-1.2697417393039026,-0.008298802814695066
19068,-1.269741739304323,-0.008298802814695066
19069,-1.2697417393052874,-0.008298802814695066
19070,-1.2697417393057526,-0.008298802814695066
19071,-1.2697417393061148,-0.008298802814695066
19072,-1.2697417393074655,-0.008298802814695066
19073,-1.269741739307675,-0.008298802814695066
19074,-1.269741739307769,-0.008298802814695066
19075,-1.2697417393079447,-0.008298802814695066
19076,-1.2697417393083152,-0.008298802814695066
19077,-1.2697417393083783,-0.008298802814695066
19078,-1.2697417393086539,-0.008298802814695066
19079,-1.2697417393095691,-0.008298802814695066
19080,-1.2697417393100883,-0.008298802814695066
19081,-1.2697417393103425,-0.008298802814695066
19082,-1.2697417393107526,-0.008298802814695066
19083,-1.2697417393108696,-0.008298802814695066
19084,-1.2697417393135075,-0.008298802814695066
19085,-1.2697417393136257,-0.008298802814695066
19086,-1.269741739313716,-0.008298802814695066
19087,-1.2697417393137944,-0.008298802814695066
19088,-1.2697417393141626,-0.008298802814695066
19089,-1.2697417393142567,-0.008298802814695066
19090,-1.2697417393149488,-0.008298802814695066
19091,-1.2697417393150758,-0.008298802814695066
19092,-1.269741739315446,-0.008298802814695066
19093,-1.2697417393155022,-0.008298802814695066
19094,-1.2697417393157968,-0.008298802814695066
19095,-1.269741739316188,-0.008298802814695066
19096,-1.2697417393171493,-0.008298802814695066
19097,-1.2697417393177828,-0.008298802814695066
19098,-1.269741739318071,-0.008298802814695066
19099,-1.2697417393183847,-0.008298802814695066
19100,-1.269741739318523,-0.008298802814695066
19101,-1.2697417393187136,-0.008298802814695066
19102,-1.269741739318799,-0.008298802814695066
19103,-1.269741739319089,-0.008298802814695066
19104,-1.2697417393193897,-0.008298802814695066
19105,-1.2697417393206392,-0.008298802814695066
19106,-1.2697417393207995,-0.008298802814695066
19107,-1.26974173932095,-0.008298802814695066
19108,-1.2697417393210184,-0.008298802814695066
19109,-1.2697417393214712,-0.008298802814695066
19110,-1.269741739322415,-0.008298802814695066
19111,-1.2697417393225565,-0.008298802814695066
19112,-1.2697417393229524,-0.008298802814695066
19113,-1.2697417393235593,-0.008298802814695066
19114,-1.2697417393239399,-0.008298802814695066
19115,-1.269741739323993,-0.008298802814695066
19116,-1.2697417393240154,-0.008298802814695066
19117,-1.2697417393241985,-0.008298802814695066
19118,-1.2697417393243677,-0.008298802814695066
19119,-1.2697417393244164,-0.008298802814695066
19120,-1.269741739324528,-0.008298802814695066
19121,-1.2697417393249424,-0.008298802814695066
19122,-1.269741739325592,-0.008298802814695066
19123,-1.2697417393257733,-0.008298802814695066
19124,-1.26974173932766,-0.008298802814695066
19125,-1.2697417393282238,-0.008298802814695066
19126,-1.2697417393284203,-0.008298802814695066
19127,-1.269741739328538,-0.008298802814695066
19128,-1.2697417393288444,-0.008298802814695066
19129,-1.2697417393289343,-0.008298802814695066
19130,-1.2697417393292592,-0.008298802814695066
19131,-1.2697417393297081,-0.008298802814695066
19132,-1.2697417393297987,-0.008298802814695066
19133,-1.2697417393298158,-0.008298802814695066
19134,-1.269741739330045,-0.008298802814695066
19135,-1.2697417393300656,-0.008298802814695066
19136,-1.2697417393301487,-0.008298802814695066
19137,-1.2697417393303092,-0.008298802814695066
19138,-1.269741739330337,-0.008298802814695066
19139,-1.2697417393304102,-0.008298802814695066
19140,-1.2697417393308719,-0.008298802814695066
19141,-1.2697417393312562,-0.008298802814695066
19142,-1.2697417393314059,-0.008298802814695066
19143,-1.2697417393319341,-0.008298802814695066
19144,-1.2697417393321313,-0.008298802814695066
19145,-1.2697417393321948,-0.008298802814695066
19146,-1.2697417393322434,-0.008298802814695066
19147,-1.2697417393326904,-0.008298802814695066
19148,-1.2697417393327077,-0.008298802814695066
19149,-1.2697417393327575,-0.008298802814695066
19150,-1.2697417393337374,-0.008298802814695066
19151,-1.2697417393341581,-0.008298802814695066
19152,-1.2697417393342172,-0.008298802814695066
19153,-1.2697417393342885,-0.008298802814695066
19154,-1.2697417393343784,-0.008298802814695066
19155,-1.2697417393345303,-0.008298802814695066
19156,-1.2697417393346764,-0.008298802814695066
19157,-1.2697417393348795,-0.008298802814695066
19158,-1.26974173933555,-0.008298802814695066
19159,-1.2697417393356067,-0.008298802814695066
19160,-1.269741739336481,-0.008298802814695066
19161,-1.2697417393366055,-0.008298802814695066
19162,-1.2697417393371386,-0.008298802814695066
19163,-1.2697417393373602,-0.008298802814695066
19164,-1.2697417393373787,-0.008298802814695066
19165,-1.2697417393374097,-0.008298802814695066
19166,-1.2697417393376358,-0.008298802814695066
19167,-1.2697417393376929,-0.008298802814695066
19168,-1.2697417393384645,-0.008298802814695066
19169,-1.2697417393385295,-0.008298802814695066
19170,-1.2697417393386286,-0.008298802814695066
19171,-1.2697417393394077,-0.008298802814695066
19172,-1.269741739339445,-0.008298802814695066
19173,-1.2697417393395496,-0.008298802814695066
19174,-1.2697417393399966,-0.008298802814695066
19175,-1.269741739340414,-0.008298802814695066
19176,-1.269741739340532,-0.008298802814695066
19177,-1.2697417393406276,-0.008298802814695066
19178,-1.2697417393408261,-0.008298802814695066
19179,-1.2697417393418895,-0.008298802814695066
19180,-1.269741739341975,-0.008298802814695066
19181,-1.269741739342304,-0.008298802814695066
19182,-1.269741739342326,-0.008298802814695066
19183,-1.2697417393425086,-0.008298802814695066
19184,-1.2697417393427823,-0.008298802814695066
19185,-1.269741739342874,-0.008298802814695066
19186,-1.2697417393434471,-0.008298802814695066
19187,-1.269741739343456,-0.008298802814695066
19188,-1.2697417393435821,-0.008298802814695066
19189,-1.269741739344079,-0.008298802814695066
19190,-1.2697417393441066,-0.008298802814695066
19191,-1.2697417393441275,-0.008298802814695066
19192,-1.2697417393443295,-0.008298802814695066
19193,-1.2697417393445452,-0.008298802814695066
19194,-1.269741739344945,-0.008298802814695066
19195,-1.2697417393456347,-0.008298802814695066
19196,-1.2697417393458559,-0.008298802814695066
19197,-1.2697417393459398,-0.008298802814695066
19198,-1.2697417393459618,-0.008298802814695066
19199,-1.2697417393459924,-0.008298802814695066
19200,-1.2697417393460588,-0.008298802814695066
19201,-1.2697417393462247,-0.008298802814695066
19202,-1.269741739346267,-0.008298802814695066
19203,-1.2697417393463262,-0.008298802814695066
19204,-1.2697417393465187,-0.008298802814695066
19205,-1.2697417393467012,-0.008298802814695066
19206,-1.2697417393469759,-0.008298802814695066
19207,-1.2697417393469994,-0.008298802814695066
19208,-1.2697417393470147,-0.008298802814695066
19209,-1.2697417393471881,-0.008298802814695066
19210,-1.2697417393475494,-0.008298802814695066
19211,-1.26974173934774,-0.008298802814695066
19212,-1.2697417393478196,-0.008298802814695066
19213,-1.2697417393486563,-0.008298802814695066
19214,-1.2697417393488433,-0.008298802814695066
19215,-1.2697417393489894,-0.008298802814695066
19216,-1.2697417393493322,-0.008298802814695066
19217,-1.2697417393494717,-0.008298802814695066
19218,-1.2697417393503363,-0.008298802814695066
19219,-1.2697417393505415,-0.008298802814695066
19220,-1.2697417393506376,-0.008298802814695066
19221,-1.2697417393508272,-0.008298802814695066
19222,-1.2697417393510775,-0.008298802814695066
19223,-1.2697417393516062,-0.008298802814695066
19224,-1.269741739352816,-0.008298802814695066
19225,-1.269741739352982,-0.008298802814695066
19226,-1.2697417393535815,-0.008298802814695066
19227,-1.2697417393536516,-0.008298802814695066
19228,-1.2697417393540604,-0.008298802814695066
19229,-1.2697417393540735,-0.008298802814695066
19230,-1.2697417393541868,-0.008298802814695066
19231,-1.269741739354565,-0.008298802814695066
19232,-1.2697417393545654,-0.008298802814695066
19233,-1.2697417393547938,-0.008298802814695066
19234,-1.269741739354842,-0.008298802814695066
19235,-1.2697417393549908,-0.008298802814695066
19236,-1.269741739355627,-0.008298802814695066
19237,-1.2697417393558719,-0.008298802814695066
19238,-1.2697417393565693,-0.008298802814695066
19239,-1.269741739356744,-0.008298802814695066
19240,-1.2697417393571457,-0.008298802814695066
19241,-1.269741739358209,-0.008298802814695066
19242,-1.2697417393585442,-0.008298802814695066
19243,-1.269741739358574,-0.008298802814695066
19244,-1.2697417393585766,-0.008298802814695066
19245,-1.269741739358873,-0.008298802814695066
19246,-1.2697417393590653,-0.008298802814695066
19247,-1.2697417393591692,-0.008298802814695066
19248,-1.2697417393593493,-0.008298802814695066
19249,-1.2697417393595023,-0.008298802814695066
19250,-1.269741739359621,-0.008298802814695066
19251,-1.269741739359624,-0.008298802814695066
19252,-1.2697417393597754,-0.008298802814695066
19253,-1.2697417393599524,-0.008298802814695066
19254,-1.2697417393600188,-0.008298802814695066
19255,-1.2697417393602943,-0.008298802814695066
19256,-1.2697417393604873,-0.008298802814695066
19257,-1.2697417393605166,-0.008298802814695066
19258,-1.2697417393608148,-0.008298802814695066
19259,-1.269741739361659,-0.008298802814695066
19260,-1.269741739361678,-0.008298802814695066
19261,-1.2697417393623187,-0.008298802814695066
19262,-1.2697417393623625,-0.008298802814695066
19263,-1.269741739362578,-0.008298802814695066
19264,-1.2697417393627304,-0.008298802814695066
19265,-1.269741739363203,-0.008298802814695066
19266,-1.269741739363307,-0.008298802814695066
19267,-1.269741739363573,-0.008298802814695066
19268,-1.2697417393638037,-0.008298802814695066
19269,-1.2697417393638208,-0.008298802814695066
19270,-1.2697417393648966,-0.008298802814695066
19271,-1.2697417393650494,-0.008298802814695066
19272,-1.2697417393653843,-0.008298802814695066
19273,-1.2697417393663981,-0.008298802814695066
19274,-1.2697417393676562,-0.008298802814695066
19275,-1.2697417393676653,-0.008298802814695066
19276,-1.26974173936794,-0.008298802814695066
19277,-1.2697417393679937,-0.008298802814695066
19278,-1.2697417393680728,-0.008298802814695066
19279,-1.26974173936857,-0.008298802814695066
19280,-1.2697417393686354,-0.008298802814695066
19281,-1.2697417393686585,-0.008298802814695066
19282,-1.269741739369064,-0.008298802814695066
19283,-1.2697417393698187,-0.008298802814695066
19284,-1.2697417393704216,-0.008298802814695066
19285,-1.269741739370881,-0.008298802814695066
19286,-1.2697417393709023,-0.008298802814695066
19287,-1.269741739371665,-0.008298802814695066
19288,-1.2697417393719244,-0.008298802814695066
19289,-1.269741739372078,-0.008298802814695066
19290,-1.2697417393720876,-0.008298802814695066
19291,-1.269741739372135,-0.008298802814695066
19292,-1.2697417393724917,-0.008298802814695066
19293,-1.269741739372787,-0.008298802814695066
19294,-1.2697417393730015,-0.008298802814695066
19295,-1.269741739373284,-0.008298802814695066
19296,-1.2697417393733872,-0.008298802814695066
19297,-1.2697417393734538,-0.008298802814695066
19298,-1.2697417393740673,-0.008298802814695066
19299,-1.2697417393742867,-0.008298802814695066
19300,-1.2697417393746118,-0.008298802814695066
19301,-1.2697417393747923,-0.008298802814695066
19302,-1.2697417393748418,-0.008298802814695066
19303,-1.2697417393754251,-0.008298802814695066
19304,-1.2697417393755799,-0.008298802814695066
19305,-1.2697417393758306,-0.008298802814695066
19306,-1.2697417393758883,-0.008298802814695066
19307,-1.2697417393759922,-0.008298802814695066
19308,-1.2697417393769694,-0.008298802814695066
19309,-1.2697417393775294,-0.008298802814695066
19310,-1.269741739377812,-0.008298802814695066
19311,-1.269741739378519,-0.008298802814695066
19312,-1.2697417393785213,-0.008298802814695066
19313,-1.2697417393797683,-0.008298802814695066
19314,-1.2697417393799506,-0.008298802814695066
19315,-1.269741739379996,-0.008298802814695066
19316,-1.2697417393800414,-0.008298802814695066
19317,-1.2697417393802972,-0.008298802814695066
19318,-1.2697417393805015,-0.008298802814695066
19319,-1.2697417393812607,-0.008298802814695066
19320,-1.2697417393815027,-0.008298802814695066
19321,-1.2697417393817294,-0.008298802814695066
19322,-1.2697417393817578,-0.008298802814695066
19323,-1.2697417393820252,-0.008298802814695066
19324,-1.2697417393820278,-0.008298802814695066
19325,-1.2697417393831443,-0.008298802814695066
19326,-1.2697417393831951,-0.008298802814695066
19327,-1.2697417393833998,-0.008298802814695066
19328,-1.26974173938348,-0.008298802814695066
19329,-1.2697417393835684,-0.008298802814695066
19330,-1.2697417393837134,-0.008298802814695066
19331,-1.2697417393838955,-0.008298802814695066
19332,-1.2697417393839667,-0.008298802814695066
19333,-1.2697417393841472,-0.008298802814695066
19334,-1.2697417393845172,-0.008298802814695066
19335,-1.2697417393845425,-0.008298802814695066
19336,-1.2697417393857058,-0.008298802814695066
19337,-1.2697417393858406,-0.008298802814695066
19338,-1.2697417393862662,-0.008298802814695066
19339,-1.2697417393862804,-0.008298802814695066
19340,-1.269741739386539,-0.008298802814695066
19341,-1.2697417393867232,-0.008298802814695066
19342,-1.2697417393870105,-0.008298802814695066
19343,-1.2697417393871853,-0.008298802814695066
19344,-1.2697417393872639,-0.008298802814695066
19345,-1.2697417393874542,-0.008298802814695066
19346,-1.2697417393876258,-0.008298802814695066
19347,-1.269741739387802,-0.008298802814695066
19348,-1.2697417393878963,-0.008298802814695066
19349,-1.2697417393885835,-0.008298802814695066
19350,-1.2697417393889476,-0.008298802814695066
19351,-1.2697417393892239,-0.008298802814695066
19352,-1.2697417393893584,-0.008298802814695066
19353,-1.2697417393894042,-0.008298802814695066
19354,-1.2697417393897505,-0.008298802814695066
19355,-1.2697417393898238,-0.008298802814695066
19356,-1.269741739389839,-0.008298802814695066
19357,-1.2697417393900121,-0.008298802814695066
19358,-1.269741739390323,-0.008298802814695066
19359,-1.2697417393908563,-0.008298802814695066
19360,-1.269741739391549,-0.008298802814695066
19361,-1.2697417393916253,-0.008298802814695066
19362,-1.2697417393920938,-0.008298802814695066
19363,-1.2697417393925092,-0.008298802814695066
19364,-1.2697417393927597,-0.008298802814695066
19365,-1.2697417393930204,-0.008298802814695066
19366,-1.269741739393111,-0.008298802814695066
19367,-1.2697417393932005,-0.008298802814695066
19368,-1.2697417393934674,-0.008298802814695066
19369,-1.2697417393935544,-0.008298802814695066
19370,-1.2697417393938855,-0.008298802814695066
19371,-1.269741739394024,-0.008298802814695066
19372,-1.2697417393940795,-0.008298802814695066
19373,-1.2697417393942658,-0.008298802814695066
19374,-1.2697417393944144,-0.008298802814695066
19375,-1.2697417393947221,-0.008298802814695066
19376,-1.2697417393947472,-0.008298802814695066
19377,-1.2697417393952655,-0.008298802814695066
19378,-1.269741739395665,-0.008298802814695066
19379,-1.2697417393957648,-0.008298802814695066
19380,-1.2697417393962847,-0.008298802814695066
19381,-1.2697417393965622,-0.008298802814695066
19382,-1.2697417393966857,-0.008298802814695066
19383,-1.269741739396975,-0.008298802814695066
19384,-1.2697417393970563,-0.008298802814695066
19385,-1.2697417393972692,-0.008298802814695066
19386,-1.2697417393980777,-0.008298802814695066
19387,-1.2697417393980865,-0.008298802814695066
19388,-1.269741739398424,-0.008298802814695066
19389,-1.2697417393987975,-0.008298802814695066
19390,-1.2697417393989698,-0.008298802814695066
19391,-1.269741739399244,-0.008298802814695066
19392,-1.269741739399333,-0.008298802814695066
19393,-1.2697417393993913,-0.008298802814695066
19394,-1.269741739399597,-0.008298802814695066
19395,-1.269741739399664,-0.008298802814695066
19396,-1.269741739399764,-0.008298802814695066
19397,-1.2697417394000288,-0.008298802814695066
19398,-1.2697417394001214,-0.008298802814695066
19399,-1.269741739400735,-0.008298802814695066
19400,-1.2697417394009853,-0.008298802814695066
19401,-1.269741739401053,-0.008298802814695066
19402,-1.2697417394014585,-0.008298802814695066
19403,-1.2697417394015629,-0.008298802814695066
19404,-1.269741739401657,-0.008298802814695066
19405,-1.2697417394017765,-0.008298802814695066
19406,-1.2697417394017898,-0.008298802814695066
19407,-1.2697417394020443,-0.008298802814695066
19408,-1.269741739402213,-0.008298802814695066
19409,-1.26974173940246,-0.008298802814695066
19410,-1.2697417394024686,-0.008298802814695066
19411,-1.2697417394024892,-0.008298802814695066
19412,-1.269741739402543,-0.008298802814695066
19413,-1.2697417394030455,-0.008298802814695066
19414,-1.2697417394031862,-0.008298802814695066
19415,-1.2697417394031925,-0.008298802814695066
19416,-1.2697417394033539,-0.008298802814695066
19417,-1.2697417394035266,-0.008298802814695066
19418,-1.2697417394037436,-0.008298802814695066
19419,-1.2697417394038848,-0.008298802814695066
19420,-1.269741739403978,-0.008298802814695066
19421,-1.2697417394040678,-0.008298802814695066
19422,-1.2697417394041126,-0.008298802814695066
19423,-1.269741739404429,-0.008298802814695066
19424,-1.2697417394044905,-0.008298802814695066
19425,-1.269741739405035,-0.008298802814695066
19426,-1.2697417394053925,-0.008298802814695066
19427,-1.2697417394055015,-0.008298802814695066
19428,-1.2697417394056578,-0.008298802814695066
19429,-1.2697417394057093,-0.008298802814695066
19430,-1.2697417394057418,-0.008298802814695066
19431,-1.2697417394058168,-0.008298802814695066
19432,-1.2697417394060753,-0.008298802814695066
19433,-1.269741739406197,-0.008298802814695066
19434,-1.2697417394063155,-0.008298802814695066
19435,-1.269741739406347,-0.008298802814695066
19436,-1.2697417394065873,-0.008298802814695066
19437,-1.2697417394066564,-0.008298802814695066
19438,-1.2697417394068236,-0.008298802814695066
19439,-1.2697417394074841,-0.008298802814695066
19440,-1.2697417394075616,-0.008298802814695066
19441,-1.2697417394076815,-0.008298802814695066
19442,-1.2697417394077635,-0.008298802814695066
19443,-1.269741739407804,-0.008298802814695066
19444,-1.269741739407959,-0.008298802814695066
19445,-1.2697417394080994,-0.008298802814695066
19446,-1.2697417394085482,-0.008298802814695066
19447,-1.269741739408569,-0.008298802814695066
19448,-1.2697417394086257,-0.008298802814695066
19449,-1.2697417394087347,-0.008298802814695066
19450,-1.2697417394087926,-0.008298802814695066
19451,-1.2697417394095645,-0.008298802814695066
19452,-1.2697417394099832,-0.008298802814695066
19453,-1.2697417394101491,-0.008298802814695066
19454,-1.26974173941045,-0.008298802814695066
19455,-1.2697417394105108,-0.008298802814695066
19456,-1.2697417394105912,-0.008298802814695066
19457,-1.2697417394106174,-0.008298802814695066
19458,-1.269741739410993,-0.008298802814695066
19459,-1.269741739411412,-0.008298802814695066
19460,-1.2697417394114214,-0.008298802814695066
19461,-1.2697417394114758,-0.008298802814695066
19462,-1.2697417394115347,-0.008298802814695066
19463,-1.2697417394115456,-0.008298802814695066
19464,-1.2697417394117254,-0.008298802814695066
19465,-1.2697417394118915,-0.008298802814695066
19466,-1.269741739411995,-0.008298802814695066
19467,-1.2697417394120918,-0.008298802814695066
19468,-1.2697417394124033,-0.008298802814695066
19469,-1.2697417394124342,-0.008298802814695066
19470,-1.2697417394125279,-0.008298802814695066
19471,-1.2697417394125936,-0.008298802814695066
19472,-1.2697417394127823,-0.008298802814695066
19473,-1.2697417394132593,-0.008298802814695066
19474,-1.2697417394133734,-0.008298802814695066
19475,-1.2697417394134474,-0.008298802814695066
19476,-1.2697417394134494,-0.008298802814695066
19477,-1.269741739413473,-0.008298802814695066
19478,-1.2697417394136004,-0.008298802814695066
19479,-1.2697417394136217,-0.008298802814695066
19480,-1.2697417394136432,-0.008298802814695066
19481,-1.269741739413833,-0.008298802814695066
19482,-1.269741739414166,-0.008298802814695066
19483,-1.269741739414428,-0.008298802814695066
19484,-1.2697417394152422,-0.008298802814695066
19485,-1.2697417394152546,-0.008298802814695066
19486,-1.2697417394153419,-0.008298802814695066
19487,-1.269741739415368,-0.008298802814695066
19488,-1.2697417394155948,-0.008298802814695066
19489,-1.2697417394156707,-0.008298802814695066
19490,-1.2697417394158221,-0.008298802814695066
19491,-1.2697417394158825,-0.008298802814695066
19492,-1.2697417394162012,-0.008298802814695066
19493,-1.269741739416391,-0.008298802814695066
19494,-1.269741739417169,-0.008298802814695066
19495,-1.269741739417428,-0.008298802814695066
19496,-1.2697417394175912,-0.008298802814695066
19497,-1.269741739417654,-0.008298802814695066
19498,-1.2697417394181478,-0.008298802814695066
19499,-1.269741739418204,-0.008298802814695066
19500,-1.269741739418329,-0.008298802814695066
19501,-1.2697417394188337,-0.008298802814695066
19502,-1.2697417394194468,-0.008298802814695066
19503,-1.2697417394195762,-0.008298802814695066
19504,-1.2697417394199135,-0.008298802814695066
19505,-1.2697417394200583,-0.008298802814695066
19506,-1.269741739420467,-0.008298802814695066
19507,-1.2697417394209325,-0.008298802814695066
19508,-1.2697417394210138,-0.008298802814695066
19509,-1.269741739421153,-0.008298802814695066
19510,-1.2697417394213968,-0.008298802814695066
19511,-1.269741739421724,-0.008298802814695066
19512,-1.2697417394218795,-0.008298802814695066
19513,-1.2697417394220802,-0.008298802814695066
19514,-1.269741739422167,-0.008298802814695066
19515,-1.2697417394223627,-0.008298802814695066
19516,-1.2697417394224242,-0.008298802814695066
19517,-1.2697417394224852,-0.008298802814695066
19518,-1.2697417394227717,-0.008298802814695066
19519,-1.2697417394228703,-0.008298802814695066
19520,-1.2697417394228985,-0.008298802814695066
19521,-1.2697417394233068,-0.008298802814695066
19522,-1.2697417394237795,-0.008298802814695066
19523,-1.2697417394239348,-0.008298802814695066
19524,-1.2697417394239725,-0.008298802814695066
19525,-1.2697417394239858,-0.008298802814695066
19526,-1.2697417394244253,-0.008298802814695066
19527,-1.269741739424669,-0.008298802814695066
19528,-1.2697417394248998,-0.008298802814695066
19529,-1.269741739424921,-0.008298802814695066
19530,-1.2697417394252386,-0.008298802814695066
19531,-1.2697417394254618,-0.008298802814695066
19532,-1.2697417394257404,-0.008298802814695066
19533,-1.2697417394258754,-0.008298802814695066
19534,-1.2697417394258939,-0.008298802814695066
19535,-1.2697417394259425,-0.008298802814695066
19536,-1.2697417394262231,-0.008298802814695066
19537,-1.269741739426447,-0.008298802814695066
19538,-1.2697417394267525,-0.008298802814695066
19539,-1.2697417394269648,-0.008298802814695066
19540,-1.269741739426979,-0.008298802814695066
19541,-1.2697417394270512,-0.008298802814695066
19542,-1.2697417394271193,-0.008298802814695066
19543,-1.2697417394271708,-0.008298802814695066
19544,-1.2697417394272368,-0.008298802814695066
19545,-1.2697417394275967,-0.008298802814695066
19546,-1.2697417394276993,-0.008298802814695066
19547,-1.2697417394277877,-0.008298802814695066
19548,-1.269741739428383,-0.008298802814695066
19549,-1.2697417394284047,-0.008298802814695066
19550,-1.2697417394285795,-0.008298802814695066
19551,-1.2697417394286732,-0.008298802814695066
19552,-1.2697417394286847,-0.008298802814695066
19553,-1.2697417394290662,-0.008298802814695066
19554,-1.2697417394293193,-0.008298802814695066
19555,-1.2697417394294068,-0.008298802814695066
19556,-1.269741739429474,-0.008298802814695066
19557,-1.2697417394296449,-0.008298802814695066
19558,-1.269741739429674,-0.008298802814695066
19559,-1.2697417394297705,-0.008298802814695066
19560,-1.2697417394298927,-0.008298802814695066
19561,-1.2697417394302413,-0.008298802814695066
19562,-1.269741739430348,-0.008298802814695066
19563,-1.2697417394305712,-0.008298802814695066
19564,-1.2697417394309545,-0.008298802814695066
19565,-1.2697417394312183,-0.008298802814695066
19566,-1.2697417394314297,-0.008298802814695066
19567,-1.2697417394314496,-0.008298802814695066
19568,-1.2697417394314703,-0.008298802814695066
19569,-1.2697417394318768,-0.008298802814695066
19570,-1.269741739432026,-0.008298802814695066
19571,-1.269741739432122,-0.008298802814695066
19572,-1.2697417394324142,-0.008298802814695066
19573,-1.2697417394325048,-0.008298802814695066
19574,-1.2697417394325687,-0.008298802814695066
19575,-1.2697417394326114,-0.008298802814695066
19576,-1.2697417394326405,-0.008298802814695066
19577,-1.2697417394328,-0.008298802814695066
19578,-1.269741739432957,-0.008298802814695066
19579,-1.2697417394331465,-0.008298802814695066
19580,-1.2697417394331736,-0.008298802814695066
19581,-1.2697417394334085,-0.008298802814695066
19582,-1.269741739433441,-0.008298802814695066
19583,-1.2697417394334936,-0.008298802814695066
19584,-1.2697417394336745,-0.008298802814695066
19585,-1.2697417394338066,-0.008298802814695066
19586,-1.2697417394339823,-0.008298802814695066
19587,-1.2697417394346198,-0.008298802814695066
19588,-1.2697417394348516,-0.008298802814695066
19589,-1.2697417394351929,-0.008298802814695066
19590,-1.2697417394352457,-0.008298802814695066
19591,-1.2697417394355124,-0.008298802814695066
19592,-1.2697417394356676,-0.008298802814695066
19593,-1.2697417394357953,-0.008298802814695066
19594,-1.269741739435983,-0.008298802814695066
19595,-1.2697417394360782,-0.008298802814695066
19596,-1.2697417394361392,-0.008298802814695066
19597,-1.269741739436409,-0.008298802814695066
19598,-1.2697417394364554,-0.008298802814695066
19599,-1.2697417394364947,-0.008298802814695066
19600,-1.2697417394364985,-0.008298802814695066
19601,-1.2697417394367028,-0.008298802814695066
19602,-1.2697417394367747,-0.008298802814695066
19603,-1.2697417394370045,-0.008298802814695066
19604,-1.2697417394370394,-0.008298802814695066
19605,-1.2697417394371957,-0.008298802814695066
19606,-1.2697417394372026,-0.008298802814695066
19607,-1.2697417394372446,-0.008298802814695066
19608,-1.2697417394373653,-0.008298802814695066
19609,-1.269741739437384,-0.008298802814695066
19610,-1.2697417394374617,-0.008298802814695066
19611,-1.2697417394377648,-0.008298802814695066
19612,-1.269741739437848,-0.008298802814695066
19613,-1.269741739437898,-0.008298802814695066
19614,-1.2697417394379693,-0.008298802814695066
19615,-1.269741739438345,-0.008298802814695066
19616,-1.269741739438485,-0.008298802814695066
19617,-1.2697417394386092,-0.008298802814695066
19618,-1.269741739438644,-0.008298802814695066
19619,-1.2697417394386725,-0.008298802814695066
19620,-1.269741739438712,-0.008298802814695066
19621,-1.2697417394388464,-0.008298802814695066
19622,-1.2697417394388544,-0.008298802814695066
19623,-1.2697417394390376,-0.008298802814695066
19624,-1.2697417394391417,-0.008298802814695066
19625,-1.2697417394393389,-0.008298802814695066
19626,-1.2697417394395272,-0.008298802814695066
19627,-1.269741739439552,-0.008298802814695066
19628,-1.269741739439564,-0.008298802814695066
19629,-1.2697417394400756,-0.008298802814695066
19630,-1.2697417394402681,-0.008298802814695066
19631,-1.2697417394403612,-0.008298802814695066
19632,-1.2697417394403656,-0.008298802814695066
19633,-1.2697417394405182,-0.008298802814695066
19634,-1.2697417394406596,-0.008298802814695066
19635,-1.2697417394410593,-0.008298802814695066
19636,-1.2697417394415935,-0.008298802814695066
19637,-1.2697417394422879,-0.008298802814695066
19638,-1.2697417394426103,-0.008298802814695066
19639,-1.2697417394427029,-0.008298802814695066
19640,-1.2697417394427797,-0.008298802814695066
19641,-1.2697417394429602,-0.008298802814695066
19642,-1.2697417394431658,-0.008298802814695066
19643,-1.2697417394431674,-0.008298802814695066
19644,-1.2697417394432038,-0.008298802814695066
19645,-1.2697417394433022,-0.008298802814695066
19646,-1.2697417394433324,-0.008298802814695066
19647,-1.2697417394433477,-0.008298802814695066
19648,-1.2697417394434405,-0.008298802814695066
19649,-1.2697417394442425,-0.008298802814695066
19650,-1.2697417394444548,-0.008298802814695066
19651,-1.2697417394445474,-0.008298802814695066
19652,-1.2697417394446953,-0.008298802814695066
19653,-1.2697417394447046,-0.008298802814695066
19654,-1.269741739444719,-0.008298802814695066
19655,-1.2697417394447696,-0.008298802814695066
19656,-1.2697417394448676,-0.008298802814695066
19657,-1.2697417394452022,-0.008298802814695066
19658,-1.2697417394455228,-0.008298802814695066
19659,-1.2697417394456425,-0.008298802814695066
19660,-1.269741739445844,-0.008298802814695066
19661,-1.269741739445868,-0.008298802814695066
19662,-1.269741739445911,-0.008298802814695066
19663,-1.2697417394462702,-0.008298802814695066
19664,-1.269741739446285,-0.008298802814695066
19665,-1.2697417394465762,-0.008298802814695066
19666,-1.2697417394471082,-0.008298802814695066
19667,-1.2697417394471875,-0.008298802814695066
19668,-1.2697417394472288,-0.008298802814695066
19669,-1.2697417394472854,-0.008298802814695066
19670,-1.269741739447581,-0.008298802814695066
19671,-1.2697417394475998,-0.008298802814695066
19672,-1.2697417394478017,-0.008298802814695066
19673,-1.2697417394478192,-0.008298802814695066
19674,-1.2697417394480666,-0.008298802814695066
19675,-1.2697417394481292,-0.008298802814695066
19676,-1.2697417394485067,-0.008298802814695066
19677,-1.2697417394485881,-0.008298802814695066
19678,-1.2697417394486508,-0.008298802814695066
19679,-1.2697417394486898,-0.008298802814695066
19680,-1.2697417394488368,-0.008298802814695066
19681,-1.2697417394489012,-0.008298802814695066
19682,-1.2697417394493864,-0.008298802814695066
19683,-1.2697417394496178,-0.008298802814695066
19684,-1.2697417394497226,-0.008298802814695066
19685,-1.269741739449931,-0.008298802814695066
19686,-1.2697417394501374,-0.008298802814695066
19687,-1.269741739450664,-0.008298802814695066
19688,-1.2697417394507036,-0.008298802814695066
19689,-1.2697417394508919,-0.008298802814695066
19690,-1.2697417394508952,-0.008298802814695066
19691,-1.26974173945102,-0.008298802814695066
19692,-1.2697417394511334,-0.008298802814695066
19693,-1.2697417394511419,-0.008298802814695066
19694,-1.2697417394512294,-0.008298802814695066
19695,-1.269741739451278,-0.008298802814695066
19696,-1.269741739451329,-0.008298802814695066
19697,-1.26974173945138,-0.008298802814695066
19698,-1.2697417394514519,-0.008298802814695066
19699,-1.269741739451499,-0.008298802814695066
19700,-1.2697417394515544,-0.008298802814695066
19701,-1.2697417394518533,-0.008298802814695066
19702,-1.2697417394518635,-0.008298802814695066
19703,-1.2697417394522112,-0.008298802814695066
19704,-1.269741739452564,-0.008298802814695066
19705,-1.2697417394525736,-0.008298802814695066
19706,-1.2697417394526975,-0.008298802814695066
19707,-1.2697417394529407,-0.008298802814695066
19708,-1.269741739452965,-0.008298802814695066
19709,-1.2697417394530055,-0.008298802814695066
19710,-1.2697417394532389,-0.008298802814695066
19711,-1.269741739453298,-0.008298802814695066
19712,-1.269741739453568,-0.008298802814695066
19713,-1.2697417394535864,-0.008298802814695066
19714,-1.2697417394536321,-0.008298802814695066
19715,-1.2697417394537873,-0.008298802814695066
19716,-1.269741739453932,-0.008298802814695066
19717,-1.2697417394540549,-0.008298802814695066
19718,-1.269741739454156,-0.008298802814695066
19719,-1.2697417394546286,-0.008298802814695066
19720,-1.26974173945465,-0.008298802814695066
19721,-1.269741739454855,-0.008298802814695066
19722,-1.269741739455135,-0.008298802814695066
19723,-1.269741739455182,-0.008298802814695066
19724,-1.2697417394552228,-0.008298802814695066
19725,-1.2697417394555655,-0.008298802814695066
19726,-1.2697417394556345,-0.008298802814695066
19727,-1.269741739455756,-0.008298802814695066
19728,-1.269741739455884,-0.008298802814695066
19729,-1.2697417394563568,-0.008298802814695066
19730,-1.269741739456645,-0.008298802814695066
19731,-1.2697417394566768,-0.008298802814695066
19732,-1.2697417394570718,-0.008298802814695066
19733,-1.2697417394571109,-0.008298802814695066
19734,-1.2697417394572974,-0.008298802814695066
19735,-1.2697417394573118,-0.008298802814695066
19736,-1.2697417394575856,-0.008298802814695066
19737,-1.2697417394577117,-0.008298802814695066
19738,-1.2697417394577803,-0.008298802814695066
19739,-1.2697417394580002,-0.008298802814695066
19740,-1.2697417394582895,-0.008298802814695066
19741,-1.26974173945836,-0.008298802814695066
19742,-1.2697417394586645,-0.008298802814695066
19743,-1.2697417394592407,-0.008298802814695066
19744,-1.2697417394595645,-0.008298802814695066
19745,-1.2697417394596204,-0.008298802814695066
19746,-1.2697417394596449,-0.008298802814695066
19747,-1.2697417394598383,-0.008298802814695066
19748,-1.2697417394598702,-0.008298802814695066
19749,-1.2697417394599781,-0.008298802814695066
19750,-1.2697417394599935,-0.008298802814695066
19751,-1.269741739460074,-0.008298802814695066
19752,-1.269741739460411,-0.008298802814695066
19753,-1.2697417394604376,-0.008298802814695066
19754,-1.2697417394604875,-0.008298802814695066
19755,-1.2697417394604917,-0.008298802814695066
19756,-1.269741739460636,-0.008298802814695066
19757,-1.2697417394608403,-0.008298802814695066
19758,-1.2697417394608683,-0.008298802814695066
19759,-1.2697417394609412,-0.008298802814695066
19760,-1.2697417394610393,-0.008298802814695066
19761,-1.269741739461403,-0.008298802814695066
19762,-1.2697417394617023,-0.008298802814695066
19763,-1.2697417394617045,-0.008298802814695066
19764,-1.269741739461819,-0.008298802814695066
19765,-1.2697417394619464,-0.008298802814695066
19766,-1.269741739462575,-0.008298802814695066
19767,-1.2697417394627075,-0.008298802814695066
19768,-1.2697417394627957,-0.008298802814695066
19769,-1.2697417394629096,-0.008298802814695066
19770,-1.2697417394629218,-0.008298802814695066
19771,-1.269741739462949,-0.008298802814695066
19772,-1.2697417394629735,-0.008298802814695066
19773,-1.2697417394630108,-0.008298802814695066
19774,-1.2697417394630155,-0.008298802814695066
19775,-1.269741739463434,-0.008298802814695066
19776,-1.2697417394634585,-0.008298802814695066
19777,-1.2697417394634938,-0.008298802814695066
19778,-1.2697417394635093,-0.008298802814695066
19779,-1.2697417394635546,-0.008298802814695066
19780,-1.2697417394636172,-0.008298802814695066
19781,-1.2697417394636696,-0.008298802814695066
19782,-1.2697417394640083,-0.008298802814695066
19783,-1.2697417394640984,-0.008298802814695066
19784,-1.2697417394643584,-0.00836824967051658
19785,-1.2697417394643584,-0.008438868645864595
19786,-1.26974173946437,-0.008298802814695066
19787,-1.26974173946447,-0.008298802814695066
19788,-1.2697417394644797,-0.008298802814695066
19789,-1.269741739464589,-0.008298802814695066
19790,-1.269741739464886,-0.008298802814695066
19791,-1.2697417394649566,-0.008298802814695066
19792,-1.2697417394654866,-0.008298802814695066
19793,-1.2697417394655408,-0.008298802814695066
19794,-1.2697417394657102,-0.008298802814695066
19795,-1.2697417394659234,-0.008298802814695066
19796,-1.2697417394659465,-0.008298802814695066
19797,-1.2697417394661252,-0.008298802814695066
19798,-1.2697417394664516,-0.008298802814695066
19799,-1.2697417394664863,-0.008298802814695066
19800,-1.2697417394665138,-0.008298802814695066
19801,-1.2697417394665622,-0.008298802814695066
19802,-1.2697417394666237,-0.008298802814695066
19803,-1.2697417394666486,-0.008298802814695066
19804,-1.2697417394668538,-0.008298802814695066
19805,-1.2697417394672432,-0.008298802814695066
19806,-1.2697417394672996,-0.008298802814695066
19807,-1.2697417394674313,-0.008298802814695066
19808,-1.269741739467514,-0.008298802814695066
19809,-1.2697417394676922,-0.008298802814695066
19810,-1.2697417394678505,-0.008298802814695066
19811,-1.2697417394680095,-0.008298802814695066
19812,-1.2697417394681705,-0.008298802814695066
19813,-1.2697417394682369,-0.008298802814695066
19814,-1.2697417394683856,-0.008298802814695066
19815,-1.2697417394683994,-0.008298802814695066
19816,-1.2697417394684105,-0.008298802814695066
19817,-1.2697417394687398,-0.008298802814695066
19818,-1.2697417394688377,-0.008298802814695066
19819,-1.269741739469302,-0.008298802814695066
19820,-1.2697417394695147,-0.008298802814695066
19821,-1.2697417394695973,-0.008298802814695066
19822,-1.269741739469762,-0.008298802814695066
19823,-1.2697417394697972,-0.008298802814695066
19824,-1.2697417394698882,-0.008298802814695066
19825,-1.2697417394698935,-0.008298802814695066
19826,-1.2697417394699515,-0.008298802814695066
19827,-1.2697417394700412,-0.008298802814695066
19828,-1.2697417394700767,-0.008298802814695066
19829,-1.2697417394700858,-0.008298802814695066
19830,-1.2697417394701536,-0.008298802814695066
19831,-1.2697417394702268,-0.008298802814695066
19832,-1.2697417394702928,-0.008298802814695066
19833,-1.2697417394705481,-0.008298802814695066
19834,-1.2697417394707395,-0.008298802814695066
19835,-1.2697417394708326,-0.008298802814695066
19836,-1.2697417394708643,-0.008298802814695066
19837,-1.269741739471185,-0.008298802814695066
19838,-1.2697417394714252,-0.008298802814695066
19839,-1.2697417394714634,-0.008298802814695066
19840,-1.2697417394720583,-0.008298802814695066
19841,-1.2697417394721924,-0.008298802814695066
19842,-1.26974173947223,-0.008298802814695066
19843,-1.2697417394724018,-0.008298802814695066
19844,-1.2697417394725492,-0.008298802814695066
19845,-1.2697417394727382,-0.008298802814695066
19846,-1.2697417394727477,-0.008298802814695066
19847,-1.2697417394733088,-0.008298802814695066
19848,-1.269741739473394,-0.008298802814695066
19849,-1.2697417394735158,-0.008298802814695066
19850,-1.2697417394738018,-0.008298802814695066
19851,-1.2697417394739827,-0.008298802814695066
19852,-1.269741739474015,-0.008298802814695066
19853,-1.2697417394740844,-0.008298802814695066
19854,-1.2697417394742212,-0.008298802814695066
19855,-1.269741739474251,-0.008298802814695066
19856,-1.2697417394742991,-0.008298802814695066
19857,-1.2697417394743595,-0.008298802814695066
19858,-1.269741739474852,-0.008298802814695066
19859,-1.2697417394748545,-0.008298802814695066
19860,-1.2697417394749417,-0.008298802814695066
19861,-1.2697417394749477,-0.008298802814695066
19862,-1.2697417394750434,-0.008298802814695066
19863,-1.2697417394751,-0.008298802814695066
19864,-1.2697417394751884,-0.008298802814695066
19865,-1.2697417394753132,-0.008298802814695066
19866,-1.2697417394755945,-0.008298802814695066
19867,-1.2697417394756734,-0.008298802814695066
19868,-1.2697417394758173,-0.008298802814695066
19869,-1.2697417394758177,-0.008298802814695066
19870,-1.2697417394759793,-0.008298802814695066
19871,-1.2697417394760189,-0.008298802814695066
19872,-1.2697417394762185,-0.008298802814695066
19873,-1.269741739476747,-0.008298802814695066
19874,-1.269741739476806,-0.008298802814695066
19875,-1.2697417394768853,-0.008298802814695066
19876,-1.2697417394768886,-0.008298802814695066
19877,-1.269741739476916,-0.008298802814695066
19878,-1.2697417394770094,-0.008298802814695066
19879,-1.2697417394771846,-0.008298802814695066
19880,-1.269741739477268,-0.008298802814695066
19881,-1.2697417394776012,-0.008298802814695066
19882,-1.2697417394776584,-0.008298802814695066
19883,-1.2697417394776591,-0.008298802814695066
19884,-1.269741739477664,-0.008298802814695066
19885,-1.269741739477766,-0.008298802814695066
19886,-1.2697417394778299,-0.008298802814695066
19887,-1.2697417394778336,-0.008298802814695066
19888,-1.2697417394779573,-0.008298802814695066
19889,-1.2697417394782056,-0.008298802814695066
19890,-1.2697417394782275,-0.008298802814695066
19891,-1.2697417394783495,-0.008298802814695066
19892,-1.2697417394784494,-0.008298802814695066
19893,-1.2697417394786565,-0.008298802814695066
19894,-1.2697417394788146,-0.008298802814695066
19895,-1.2697417394788213,-0.008298802814695066
19896,-1.26974173947889,-0.008298802814695066
19897,-1.2697417394789006,-0.008298802814695066
19898,-1.2697417394789206,-0.008298802814695066
19899,-1.2697417394789743,-0.008298802814695066
19900,-1.2697417394790464,-0.008298802814695066
19901,-1.2697417394791728,-0.008298802814695066
19902,-1.2697417394794104,-0.008298802814695066
19903,-1.2697417394798438,-0.008298802814695066
19904,-1.2697417394799024,-0.008298802814695066
19905,-1.2697417394802208,-0.008298802814695066
19906,-1.2697417394804311,-0.008298802814695066
19907,-1.2697417394804436,-0.008298802814695066
19908,-1.2697417394804604,-0.008298802814695066
19909,-1.2697417394804678,-0.008298802814695066
19910,-1.2697417394805108,-0.008298802814695066
19911,-1.2697417394805137,-0.008298802814695066
19912,-1.2697417394806818,-0.008298802814695066
19913,-1.26974173948072,-0.008298802814695066
19914,-1.2697417394809962,-0.008298802814695066
19915,-1.269741739481031,-0.008298802814695066
19916,-1.2697417394810668,-0.008298802814695066
19917,-1.2697417394810702,-0.008298802814695066
19918,-1.269741739481241,-0.008298802814695066
19919,-1.2697417394813288,-0.008298802814695066
19920,-1.2697417394814923,-0.008298802814695066
19921,-1.2697417394815016,-0.008298802814695066
19922,-1.2697417394815966,-0.008298802814695066
19923,-1.2697417394815977,-0.008298802814695066
19924,-1.2697417394817085,-0.008298802814695066
19925,-1.2697417394817958,-0.008298802814695066
19926,-1.2697417394819097,-0.008298802814695066
19927,-1.2697417394819352,-0.008298802814695066
19928,-1.269741739482023,-0.008298802814695066
19929,-1.2697417394820318,-0.008298802814695066
19930,-1.2697417394820476,-0.008298802814695066
19931,-1.2697417394820643,-0.008298802814695066
19932,-1.2697417394822217,-0.008298802814695066
19933,-1.2697417394822241,-0.008298802814695066
19934,-1.2697417394822328,-0.008298802814695066
19935,-1.2697417394822599,-0.008298802814695066
19936,-1.2697417394822663,-0.008298802814695066
19937,-1.2697417394826296,-0.008298802814695066
19938,-1.2697417394826918,-0.008298802814695066
19939,-1.2697417394828006,-0.008298802814695066
19940,-1.2697417394828396,-0.008298802814695066
19941,-1.2697417394828803,-0.008298802814695066
19942,-1.269741739483085,-0.008298802814695066
19943,-1.269741739483353,-0.008298802814695066
19944,-1.2697417394833905,-0.008298802814695066
19945,-1.2697417394835426,-0.008298802814695066
19946,-1.269741739483634,-0.008298802814695066
19947,-1.2697417394838033,-0.008298802814695066
19948,-1.2697417394838328,-0.008298802814695066
19949,-1.26974173948395,-0.008298802814695066
19950,-1.2697417394840296,-0.008298802814695066
19951,-1.26974173948404,-0.008298802814695066
19952,-1.2697417394840738,-0.008298802814695066
19953,-1.2697417394841144,-0.008298802814695066
19954,-1.269741739484346,-0.008298802814695066
19955,-1.269741739484405,-0.008298802814695066
19956,-1.2697417394844948,-0.008298802814695066
19957,-1.269741739484779,-0.008298802814695066
19958,-1.2697417394848438,-0.008298802814695066
19959,-1.2697417394852801,-0.008298802814695066
19960,-1.2697417394853847,-0.008298802814695066
19961,-1.2697417394854682,-0.008298802814695066
19962,-1.2697417394856059,-0.008298802814695066
19963,-1.2697417394856616,-0.008298802814695066
19964,-1.2697417394856902,-0.008298802814695066
19965,-1.2697417394857182,-0.008298802814695066
19966,-1.2697417394861703,-0.008298802814695066
19967,-1.2697417394863661,-0.008298802814695066
19968,-1.2697417394863755,-0.008298802814695066
19969,-1.269741739486487,-0.008298802814695066
19970,-1.2697417394865897,-0.008298802814695066
19971,-1.269741739486688,-0.008298802814695066
19972,-1.269741739486695,-0.008298802814695066
19973,-1.2697417394867283,-0.008298802814695066
19974,-1.2697417394867885,-0.008298802814695066
19975,-1.2697417394867927,-0.008298802814695066
19976,-1.2697417394869093,-0.008298802814695066
19977,-1.269741739486931,-0.008298802814695066
19978,-1.2697417394870443,-0.008298802814695066
19979,-1.2697417394870896,-0.008298802814695066
19980,-1.2697417394875354,-0.008298802814695066
19981,-1.2697417394876385,-0.008298802814695066
19982,-1.2697417394877168,-0.008298802814695066
19983,-1.2697417394877286,-0.008298802814695066
19984,-1.2697417394878499,-0.008298802814695066
19985,-1.2697417394878765,-0.008298802814695066
19986,-1.2697417394880839,-0.008298802814695066
19987,-1.269741739488114,-0.008298802814695066
19988,-1.26974173948813,-0.008298802814695066
19989,-1.2697417394884025,-0.008298802814695066
19990,-1.269741739488452,-0.008298802814695066
19991,-1.2697417394884944,-0.008298802814695066
19992,-1.2697417394886956,-0.008298802814695066
19993,-1.2697417394887225,-0.008298802814695066
19994,-1.269741739488812,-0.008298802814695066
19995,-1.2697417394888273,-0.008298802814695066
19996,-1.2697417394888502,-0.008298802814695066
19997,-1.2697417394889587,-0.008298802814695066
19998,-1.2697417394889734,-0.008298802814695066
19999,-1.2697417394889867,-0.008298802814695066
20000,-1.2697417394892214,-0.008298802814695066
